X,Y,Z,Speed,RotW,RotX,RotY,RotZ,HarsherRotW,HarsherRotX,HarsherRotY,HarsherRotZ,TireRot
-148.4431088614162,-11.366468485856988,0.0,8.16399960367214,0.43418028950691223,0.0,0.0,-0.9008259773254395,0.4366453289985657,0.0,0.0,-0.8996337056159973,-0.4123232123066737
-150.4078136517881,-9.820317217842273,0.0,8.16399960367214,0.43414050340652466,0.0,0.0,-0.9008451104164124,0.43662360310554504,0.0,0.0,-0.8996441960334778,-0.0
-152.37465272724302,-8.26939055125957,0.0,8.178567662978853,0.4340655207633972,0.0,0.0,-0.9008811712265015,0.43658149242401123,0.0,0.0,-0.8996646404266357,-0.41305897287771987
-154.34361825022174,-6.713725911719987,0.0,8.193044925928545,0.4339594841003418,0.0,0.0,-0.9009321928024292,0.43652036786079407,0.0,0.0,-0.8996942043304443,-0.0007311748964490272
-156.3147026924195,-5.1533610946702675,0.0,8.207431541430989,0.43382611870765686,0.0,0.0,-0.9009962677955627,0.43644142150878906,0.0,0.0,-0.8997324705123901,-0.4137855696202676
-158.28789883355637,-3.5883342636090236,0.0,8.221727658395974,0.4336687922477722,0.0,0.0,-0.9010718464851379,0.43634581565856934,0.0,0.0,-0.8997787237167358,-0.0014532010057917155
-160.2631997601283,-2.0186839482744787,0.0,8.235933425733279,0.4334905445575714,0.0,0.0,-0.9011574387550354,0.43623480200767517,0.0,0.0,-0.8998324275016785,-0.41450303261710114
-162.24059886413804,-0.44444904280389463,0.0,8.250048992352687,0.43329405784606934,0.0,0.0,-0.9012517333030701,0.43610936403274536,0.0,0.0,-0.899893045425415,-0.0021661084108123285
-164.2200898418076,1.1343311961349294,0.0,8.264074507163972,0.43308183550834656,0.0,0.0,-0.9013534784317017,0.4359705448150635,0.0,0.0,-0.8999601006507874,-0.4152113919510044
-166.20166669227143,2.7176171512399008,0.0,8.278010119076919,0.43285608291625977,0.0,0.0,-0.901461660861969,0.4358193278312683,0.0,0.0,-0.9000331163406372,-0.0028699271942944637
-168.18532371625034,4.305368846498272,0.0,8.291855977001308,0.4326188266277313,0.0,0.0,-0.9015753269195557,0.43565675616264343,0.0,0.0,-0.9001114964485168,-0.4159106777047615
-170.17105551470746,5.897545949137474,0.0,8.305612229846922,0.4323718547821045,0.0,0.0,-0.9016935229301453,0.43548357486724854,0.0,0.0,-0.9001950025558472,-0.0035646874390224403
-172.158856987485,7.494107771602817,0.0,8.31927902652354,0.4321167469024658,0.0,0.0,-0.9018155336380005,0.43530067801475525,0.0,0.0,-0.9002830982208252,-0.4166009199611564
-174.14872333192343,9.095013273561806,0.0,8.332856515940946,0.4318549931049347,0.0,0.0,-0.901940643787384,0.43510884046554565,0.0,0.0,-0.9003754258155823,-0.004250419227780244
-176.14065004146158,10.700221063934752,0.0,8.346344847008918,0.43158799409866333,0.0,0.0,-0.9020681977272034,0.43490880727767944,0.0,0.0,-0.9004716277122498,-0.41728214880297315
-178.1346329042202,12.30968940295151,0.0,8.359744168637238,0.43131691217422485,0.0,0.0,-0.9021975994110107,0.43470141291618347,0.0,0.0,-0.9005712866783142,-0.0049271526433520285
-180.13066800156662,13.923376204233941,0.0,8.37305462973569,0.43104279041290283,0.0,0.0,-0.902328372001648,0.43448740243911743,0.0,0.0,-0.9006741046905518,-0.4179543943129959
-182.12875170666226,15.541239036903905,0.0,8.386276379214047,0.43076661229133606,0.0,0.0,-0.9024600982666016,0.43426722288131714,0.0,0.0,-0.9007798433303833,-0.005594917768521612
-184.12888068299296,17.163235127716437,0.0,8.399409565982095,0.43048930168151855,0.0,0.0,-0.9025922417640686,0.43404170870780945,0.0,0.0,-0.9008880853652954,-0.4186176865740084
-186.13105188288216,18.789321363217994,0.0,8.412454338949615,0.4302115738391876,0.0,0.0,-0.9027245044708252,0.43381133675575256,0.0,0.0,-0.900998592376709,-0.006253744686073148
-188.1352625459869,20.419454291929203,0.0,8.42541084702639,0.4299342632293701,0.0,0.0,-0.9028564691543579,0.43357664346694946,0.0,0.0,-0.9011110663414001,-0.419272055668795
-190.14151019777694,22.05359012655215,0.0,8.438279239122199,0.4296579658985138,0.0,0.0,-0.9029878973960876,0.43333834409713745,0.0,0.0,-0.901225209236145,-0.006903663478790789
-192.14979264799786,23.691684746201723,0.0,8.45105966414682,0.4293832778930664,0.0,0.0,-0.9031184315681458,0.43309685587882996,0.0,0.0,-0.9013407826423645,-0.4199175316801395
-194.16010798911728,25.333693698660834,0.0,8.463752271010039,0.42911073565483093,0.0,0.0,-0.9032478332519531,0.4328526556491852,0.0,0.0,-0.9014576077461243,-0.00754470422945841
-196.1724545947551,26.979572202659167,0.0,8.476357208621632,0.4288407862186432,0.0,0.0,-0.9033759236335754,0.43260616064071655,0.0,0.0,-0.9015754461288452,-0.420554144690826
-198.1868311180976,28.62927515017522,0.0,8.488874625891382,0.42857393622398376,0.0,0.0,-0.9035024642944336,0.4323579967021942,0.0,0.0,-0.9016940593719482,-0.008176897020859886
-200.2032364902958,30.282757108761434,0.0,8.501304671729075,0.4283105134963989,0.0,0.0,-0.903627336025238,0.43210840225219727,0.0,0.0,-0.901813268661499,-0.42118192478363886
-202.22166991884822,31.93997232389188,0.0,8.51364749504448,0.4280509650707245,0.0,0.0,-0.9037503004074097,0.4318579137325287,0.0,0.0,-0.9019328355789185,-0.008800271935779369
-204.24213088596832,33.60087472133265,0.0,8.525903244747393,0.4277955889701843,0.0,0.0,-0.9038711786270142,0.4316070079803467,0.0,0.0,-0.9020525813102722,-0.4218009020413617
-206.2646191469363,35.265417909534214,0.0,8.538072069747585,0.4275446832180023,0.0,0.0,-0.9039899110794067,0.43135595321655273,0.0,0.0,-0.9021722674369812,-0.009414859057001124
-208.28913472843615,36.93355518204575,0.0,8.550154118954842,0.42729848623275757,0.0,0.0,-0.9041063189506531,0.43110495805740356,0.0,0.0,-0.9022918939590454,-0.4224111065467787
-210.31567792687815,38.60523951995114,0.0,8.562149541278938,0.42705729603767395,0.0,0.0,-0.9042203426361084,0.4308546781539917,0.0,0.0,-0.9024111032485962,-0.010020688467309025
-212.34424930670602,40.28042359432625,0.0,8.574058485629662,0.4268212616443634,0.0,0.0,-0.9043318629264832,0.4306051731109619,0.0,0.0,-0.9025298953056335,-0.42301256838267387
-214.37484969868981,41.95905976871728,0.0,8.58588110091679,0.4265906810760498,0.0,0.0,-0.9044407606124878,0.4303569793701172,0.0,0.0,-0.9026479721069336,-0.010617790249487224
-216.40748019820504,43.641100101640006,0.0,8.597617536050105,0.4263657331466675,0.0,0.0,-0.9045469164848328,0.43011006712913513,0.0,0.0,-0.9027653932571411,-0.4236053176318312
-218.442142163497,45.32649634909939,0.0,8.609267939939384,0.42614656686782837,0.0,0.0,-0.9046502709388733,0.4298650622367859,0.0,0.0,-0.9028818011283875,-0.011206194486319487
-220.47883721393168,47.01519996712946,0.0,8.620832461494413,0.4259333610534668,0.0,0.0,-0.9047507643699646,0.429622083902359,0.0,0.0,-0.9029972553253174,-0.4241893843770347
-222.51756722823256,48.70716211435328,0.0,8.632311249624973,0.4257262349128723,0.0,0.0,-0.9048483371734619,0.4293813407421112,0.0,0.0,-0.9031115770339966,-0.011785931260590132
-224.55833434270428,50.40233365456244,0.0,8.64370445324084,0.42552533745765686,0.0,0.0,-0.9049429297447205,0.4291432201862335,0.0,0.0,-0.9032245874404907,-0.4247647987010684
-226.6011409494426,52.100665159316,0.0,8.655012221251804,0.4253308176994324,0.0,0.0,-0.9050344228744507,0.4289078712463379,0.0,0.0,-0.903336226940155,-0.012357030655083256
-228.64598969453155,53.80210691055863,0.0,8.666234702567634,0.42514273524284363,0.0,0.0,-0.9051228761672974,0.4286755621433258,0.0,0.0,-0.9034463763237,-0.4253315906867164
-230.69288347622745,55.506608903257494,0.0,8.677372046098121,0.4249612092971802,0.0,0.0,-0.9052082300186157,0.4284464716911316,0.0,0.0,-0.9035549759864807,-0.012919522752582624
-232.74182544313032,57.21412084805784,0.0,8.68842440075304,0.42478638887405396,0.0,0.0,-0.9052903652191162,0.4282207787036896,0.0,0.0,-0.9036619067192078,-0.4258897904167628
-234.7928189923423,58.92459217395673,0.0,8.699391915442177,0.42461833357810974,0.0,0.0,-0.9053692817687988,0.42799875140190125,0.0,0.0,-0.9037670493125916,-0.013473437635872443
-236.84586776761407,60.637972030994966,0.0,8.710274739075308,0.4244571328163147,0.0,0.0,-0.9054449796676636,0.42778050899505615,0.0,0.0,-0.9038703441619873,-0.4264394279739916
-238.90097565747925,62.3542092929666,0.0,8.721073020562216,0.4243029057979584,0.0,0.0,-0.9055173993110657,0.42756637930870056,0.0,0.0,-0.9039716124534607,-0.014018805387736422
-240.95814679337636,64.0732525601461,0.0,8.73178690881268,0.42415568232536316,0.0,0.0,-0.9055865406990051,0.4273562729358673,0.0,0.0,-0.9040709733963013,-0.42698053344118675
-243.01738554775898,65.7950501620325,0.0,8.742416552736486,0.42401552200317383,0.0,0.0,-0.9056523442268372,0.4271506369113922,0.0,0.0,-0.9041681885719299,-0.01455565609095899
-245.07869653219447,67.51955016011067,0.0,8.752962101243412,0.42388251423835754,0.0,0.0,-0.905714750289917,0.42694953083992004,0.0,0.0,-0.9042632579803467,-0.4275131369011325
-247.14208459545148,69.24670035062913,0.0,8.763423703243237,0.4237566590309143,0.0,0.0,-0.9057737588882446,0.42675307393074036,0.0,0.0,-0.9043561220169067,-0.015084019828323858
-249.207554821576,70.97644826739436,0.0,8.773801507645748,0.42363810539245605,0.0,0.0,-0.9058293104171753,0.4265614151954651,0.0,0.0,-0.9044466614723206,-0.42803726843661294
-251.27511252795534,72.70874118458092,0.0,8.784095663360718,0.4235268235206604,0.0,0.0,-0.9058814644813538,0.42637473344802856,0.0,0.0,-0.9045348167419434,-0.015603926682615232
-253.34476326337386,74.44352611955784,0.0,8.794306319297933,0.4234229326248169,0.0,0.0,-0.9059301614761353,0.4261932671070099,0.0,0.0,-0.9046204686164856,-0.42855295813041167
-255.41651280605473,76.18074983573014,0.0,8.804433624367173,0.4233264625072479,0.0,0.0,-0.905975341796875,0.4260169565677643,0.0,0.0,-0.904703676700592,-0.016115406736617266
-257.4903671616937,77.92035884539601,0.0,8.814477727478218,0.42323753237724304,0.0,0.0,-0.906017005443573,0.42584607005119324,0.0,0.0,-0.9047843217849731,-0.4290602360653129
-259.5663325614816,79.66229941261864,0.0,8.824438777540852,0.4231560528278351,0.0,0.0,-0.9060551524162292,0.42568060755729675,0.0,0.0,-0.9048624038696289,-0.016618490073113945
-261.64441546011636,81.40651755611313,0.0,8.834316923464854,0.4230822026729584,0.0,0.0,-0.906089723110199,0.42552071809768677,0.0,0.0,-0.9049378037452698,-0.4295591323241009
-263.7246225338058,83.1529590521476,0.0,8.844112314160002,0.42301592230796814,0.0,0.0,-0.906120777130127,0.42536661028862,0.0,0.0,-0.905010461807251,-0.01711320677488909
-265.8069606782607,84.90156943745875,0.0,8.85382509853608,0.42295730113983154,0.0,0.0,-0.9061481952667236,0.42521828413009644,0.0,0.0,-0.9050803780555725,-0.43004967698955937
-267.89143700667705,86.6522940121811,0.0,8.863455425502874,0.4229062795639038,0.0,0.0,-0.9061720967292786,0.4250757396221161,0.0,0.0,-0.9051475524902344,-0.01759958692472713
-269.97805884771077,88.40507784279004,0.0,8.873003443970152,0.4228630065917969,0.0,0.0,-0.9061923623085022,0.42493927478790283,0.0,0.0,-0.905211865901947,-0.4305319001444724
-272.06683374344186,90.15986576505838,0.0,8.882469302847706,0.42282751202583313,0.0,0.0,-0.9062089920043945,0.42480894923210144,0.0,0.0,-0.9052733182907104,-0.018077660605411716
-274.15776944733,91.91660238702568,0.0,8.891853151045316,0.4227997958660126,0.0,0.0,-0.9062219858169556,0.424685001373291,0.0,0.0,-0.9053317904472351,-0.4310058318716244
-276.25087392216136,93.67523209198076,0.0,8.901155137472758,0.4227798581123352,0.0,0.0,-0.9062313437461853,0.4245670735836029,0.0,0.0,-0.9053873419761658,-0.018547457899727005
-278.34615533798666,95.43569904145677,0.0,8.910375411039816,0.4227677881717682,0.0,0.0,-0.9062370657920837,0.42445558309555054,0.0,0.0,-0.9054399132728577,-0.431471502253799
-280.4436220700512,97.19794717823841,0.0,8.91951412065627,0.4227635860443115,0.0,0.0,-0.9062390923500061,0.4243505299091339,0.0,0.0,-0.905489444732666,-0.01900900889045709
-282.54328269671544,98.96192022938115,0.0,8.9285714152319,0.4227673411369324,0.0,0.0,-0.9062374234199524,0.4242519736289978,0.0,0.0,-0.9055359363555908,-0.4319289413737803
-284.64514599736907,100.72756170924274,0.0,8.937547443676491,0.42277905344963074,0.0,0.0,-0.9062320590019226,0.42416003346443176,0.0,0.0,-0.9055792689323425,-0.019462343660385906
-286.74922095033565,102.49481492252555,0.0,8.94644235489982,0.42279869318008423,0.0,0.0,-0.906222939491272,0.42407485842704773,0.0,0.0,-0.9056194424629211,-0.43237817931435246
-288.855516730771,104.26362296733079,0.0,8.955256297811673,0.42282629013061523,0.0,0.0,-0.9062101244926453,0.4239964485168457,0.0,0.0,-0.9056564569473267,-0.019907492292297657
-290.96404270855277,106.03392873822324,0.0,8.963989421321825,0.42286190390586853,0.0,0.0,-0.9061934947967529,0.4239247739315033,0.0,0.0,-0.9056903123855591,-0.43281924615829953
-293.0748084461633,107.80567492930706,0.0,8.972641874340061,0.4229056239128113,0.0,0.0,-0.9061731100082397,0.4238601624965668,0.0,0.0,-0.9057208299636841,-0.020344484868976276
-295.18782369656503,109.57880403731187,0.0,8.981213805776157,0.4229573607444763,0.0,0.0,-0.9061489701271057,0.4238024652004242,0.0,0.0,-0.9057480692863464,-0.4332521719884054
-297.3030984010691,111.35325836468915,0.0,8.989705364539898,0.4230171740055084,0.0,0.0,-0.9061210751533508,0.42375171184539795,0.0,0.0,-0.9057720899581909,-0.02077335147320558
-299.42064268719747,113.12898002271855,0.0,8.998116699541066,0.42308515310287476,0.0,0.0,-0.9060893654823303,0.4237079620361328,0.0,0.0,-0.9057928323745728,-0.4336769868874543
-301.54046686653686,114.90591093462385,0.0,9.00644795968944,0.4231612980365753,0.0,0.0,-0.9060537815093994,0.4236713647842407,0.0,0.0,-0.9058102369308472,-0.021194122187769948
-303.6625814325888,116.68399283869849,0.0,9.014699293894802,0.4232456088066101,0.0,0.0,-0.9060143828392029,0.423642098903656,0.0,0.0,-0.9058241844177246,-0.4340937209382302
-305.7869970586105,118.46316729143996,0.0,9.02287085106693,0.4233381450176239,0.0,0.0,-0.9059711694717407,0.42361995577812195,0.0,0.0,-0.9058347940444946,-0.02160682709545314
-307.91372459545175,120.24337567069352,0.0,9.03096278011561,0.4234389066696167,0.0,0.0,-0.9059240221977234,0.4236052930355072,0.0,0.0,-0.9058419466018677,-0.43450240422351705
-310.0427750693854,122.02455917880434,0.0,9.03897522995062,0.4235478639602661,0.0,0.0,-0.9058730006217957,0.4235977232456207,0.0,0.0,-0.9058457612991333,-0.022011496279039422
-312.1741596799311,123.80665884577785,0.0,9.046908349481741,0.4236651062965393,0.0,0.0,-0.9058181643486023,0.42359769344329834,0.0,0.0,-0.9058459997177124,-0.434903066826099
-314.3078897976745,125.58961553244865,0.0,9.054762287618754,0.4237906038761139,0.0,0.0,-0.9057593941688538,0.4236050844192505,0.0,0.0,-0.9058427214622498,-0.02240815982131278
-316.4439769620812,127.37336993365714,0.0,9.062537193271437,0.42392444610595703,0.0,0.0,-0.9056967496871948,0.4236198663711548,0.0,0.0,-0.9058359861373901,-0.4352957388287598
-318.5824328793042,129.1578625814335,0.0,9.070233215349578,0.4240666627883911,0.0,0.0,-0.9056301116943359,0.42364242672920227,0.0,0.0,-0.905825674533844,-0.022796847805057197
-320.72326941998756,130.94303384818951,0.0,9.077850502762953,0.42421719431877136,0.0,0.0,-0.9055594801902771,0.4236725866794586,0.0,0.0,-0.9058117270469666,-0.4356804503142838
-322.8664986170646,132.7288239499171,0.0,9.085389204421343,0.42437613010406494,0.0,0.0,-0.9054849147796631,0.42371031641960144,0.0,0.0,-0.9057942628860474,-0.023177590313056717
-325.01213266355154,134.51517294939413,0.0,9.092849469234531,0.4245434105396271,0.0,0.0,-0.9054064154624939,0.4237557053565979,0.0,0.0,-0.9057732224464417,-0.43605723136545493
-327.16018391033623,136.3020207593963,0.0,9.100231446112296,0.42471909523010254,0.0,0.0,-0.9053239226341248,0.4238088130950928,0.0,0.0,-0.9057484865188599,-0.023550417428095383
-329.31066486396344,138.08930714591617,0.0,9.10753528396442,0.42490318417549133,0.0,0.0,-0.9052374362945557,0.423869788646698,0.0,0.0,-0.905720055103302,-0.43642611206505716
-331.46358818441485,139.87697173138747,0.0,9.114761131700687,0.42509573698043823,0.0,0.0,-0.9051468968391418,0.4239385426044464,0.0,0.0,-0.9056879878044128,-0.023915359232957345
-333.61896668288557,141.66495399791586,0.0,9.12190913823087,0.42529675364494324,0.0,0.0,-0.9050523042678833,0.42401519417762756,0.0,0.0,-0.9056521654129028,-0.4367871224958745
-335.7768133195568,143.4531932905151,0.0,9.128979452464758,0.42550620436668396,0.0,0.0,-0.9049537181854248,0.42409947514533997,0.0,0.0,-0.9056127667427063,-0.024272445810426424
-337.9371412013652,145.2416288203487,0.0,9.135972223312129,0.42572420835494995,0.0,0.0,-0.9048510193824768,0.42419174313545227,0.0,0.0,-0.9055695533752441,-0.43714029274069116
-340.0999635797676,147.0301996679765,0.0,9.142887599682767,0.42595067620277405,0.0,0.0,-0.9047443270683289,0.42429178953170776,0.0,0.0,-0.9055227041244507,-0.024621707243286994
-342.2652938485033,148.8188447866063,0.0,9.149725730486445,0.4261856973171234,0.0,0.0,-0.9046335220336914,0.4244002103805542,0.0,0.0,-0.9054718613624573,-0.437485652882291
-344.43314554135316,150.60750300535022,0.0,9.156486764632946,0.42642927169799805,0.0,0.0,-0.9045185446739197,0.4245162904262543,0.0,0.0,-0.9054173827171326,-0.02496317361432243
-346.6035323298952,152.39611303248512,0.0,9.16317085103206,0.42668139934539795,0.0,0.0,-0.9043994545936584,0.4246405363082886,0.0,0.0,-0.9053590893745422,-0.4378232330034583
-348.77646802125844,154.1846134587178,0.0,9.169778138593559,0.4269421398639679,0.0,0.0,-0.9042761921882629,0.42477285861968994,0.0,0.0,-0.9052969217300415,-0.025296875006317332
-350.95196655587176,155.97294276045304,0.0,9.176308776227227,0.4272114932537079,0.0,0.0,-0.9041487574577332,0.42491328716278076,0.0,0.0,-0.9052309393882751,-0.43815306318697694
-353.1300420052132,157.7610393030667,0.0,9.182762912842845,0.42748937010765076,0.0,0.0,-0.9040172100067139,0.42506176233291626,0.0,0.0,-0.9051610827445984,-0.02562284150205557
-355.3107085695548,159.54884134418106,0.0,9.189140697350192,0.42777594923973083,0.0,0.0,-0.9038813710212708,0.4252186119556427,0.0,0.0,-0.9050872921943665,-0.43847517351563087
-357.49398057570573,161.336287036944,0.0,9.195442278659055,0.42807114124298096,0.0,0.0,-0.9037413597106934,0.42538347840309143,0.0,0.0,-0.9050096273422241,-0.025941103184321412
-359.6798724747544,163.123314433311,0.0,9.201667805679207,0.4283749461174011,0.0,0.0,-0.9035971760749817,0.4255567193031311,0.0,0.0,-0.9049279689788818,-0.4387895940722042
-361.86839883980696,164.90986148732975,0.0,9.207817427320434,0.4286874532699585,0.0,0.0,-0.9034487009048462,0.425738126039505,0.0,0.0,-0.9048423767089844,-0.02625169013589851
-364.05957436372563,166.69586605842733,0.0,9.213891292492516,0.4290086627006531,0.0,0.0,-0.9032959938049316,0.4259277880191803,0.0,0.0,-0.9047528505325317,-0.43909635493948107
-366.25341385686494,168.48126591469978,0.0,9.219889550105233,0.4293385446071625,0.0,0.0,-0.9031389355659485,0.42612582445144653,0.0,0.0,-0.9046592712402344,-0.02655463243957107
-368.4499322448064,170.2659987362033,0.0,9.225812349068367,0.4296771287918091,0.0,0.0,-0.9029776453971863,0.4263322055339813,0.0,0.0,-0.9045616984367371,-0.4393954862002454
-370.6491445660922,172.05000211824776,0.0,9.231659838291694,0.4300244450569153,0.0,0.0,-0.9028120636940002,0.42654675245285034,0.0,0.0,-0.9044601917266846,-0.026849960178123022
-372.8510659699575,173.83321357469114,0.0,9.237432166685004,0.4303804337978363,0.0,0.0,-0.9026421308517456,0.4267694354057312,0.0,0.0,-0.9043547511100769,-0.4396870179372812
-375.05571171406297,175.61557054123602,0.0,9.243129483158073,0.4307452142238617,0.0,0.0,-0.9024677872657776,0.42700058221817017,0.0,0.0,-0.9042451977729797,-0.027137703434338634
-377.2630971622248,177.3970103787264,0.0,9.248751936620682,0.4311187267303467,0.0,0.0,-0.9022891521453857,0.427240252494812,0.0,0.0,-0.9041315317153931,-0.43997098023337256
-379.4732377821456,179.17747037644608,0.0,9.254299675982612,0.43150100111961365,0.0,0.0,-0.9021061062812805,0.4274883568286896,0.0,0.0,-0.9040137529373169,-0.027417892291001722
-381.6861491431445,180.95688775541709,0.0,9.259772850153645,0.4318920373916626,0.0,0.0,-0.9019186496734619,0.42774492502212524,0.0,0.0,-0.9038918614387512,-0.44024740317130356
-383.90184691388646,182.73519967169904,0.0,9.265171608043563,0.4322918653488159,0.0,0.0,-0.9017267227172852,0.4280097782611847,0.0,0.0,-0.9037659168243408,-0.02769055683089655
-386.120346860112,184.5123432196881,0.0,9.270496098562143,0.4327004849910736,0.0,0.0,-0.901530385017395,0.42828312516212463,0.0,0.0,-0.9036358594894409,-0.44051631683385817
-388.34166484236687,186.28825543541654,0.0,9.275746470619167,0.4331178665161133,0.0,0.0,-0.9013295769691467,0.4285649359226227,0.0,0.0,-0.9035016298294067,-0.027955727136806774
-390.5658168137321,188.06287329985156,0.0,9.280922873124421,0.4335440397262573,0.0,0.0,-0.9011242985725403,0.4288552701473236,0.0,0.0,-0.9033632278442383,-0.4407777513038205
-392.792818817554,189.83613374219385,0.0,9.28602545498768,0.43397900462150574,0.0,0.0,-0.9009144902229309,0.42915427684783936,0.0,0.0,-0.903220534324646,-0.02821343329151682
-395.02268698517435,191.60797364317517,0.0,9.291054365118727,0.4344227910041809,0.0,0.0,-0.9007002115249634,0.429461807012558,0.0,0.0,-0.9030736684799194,-0.44103173666397444
-397.2554375336631,193.3783298383557,0.0,9.296009752427345,0.43487533926963806,0.0,0.0,-0.9004814028739929,0.4297778010368347,0.0,0.0,-0.9029226303100586,-0.028463705377810622
-399.49108676354876,195.14713912141906,0.0,9.30089176582331,0.4353368282318115,0.0,0.0,-0.9002580046653748,0.4301024377346039,0.0,0.0,-0.9027672410011292,-0.4412783029971041
-401.72965105655317,196.91433824746724,0.0,9.30570055421641,0.43580710887908936,0.0,0.0,-0.9000300168991089,0.4304356276988983,0.0,0.0,-0.9026076197624207,-0.02870657347847211
-403.97114687332436,198.67986393631313,0.0,9.310436266516419,0.43628597259521484,0.0,0.0,-0.8997975587844849,0.43077754974365234,0.0,0.0,-0.9024436473846436,-0.4415174803859935
-406.21559075117307,200.44365287577145,0.0,9.315099051633123,0.43677327036857605,0.0,0.0,-0.8995606899261475,0.43112799525260925,0.0,0.0,-0.9022753834724426,-0.028942067676285432
-408.46299930180874,202.20564172494784,0.0,9.319689058476301,0.43726858496665955,0.0,0.0,-0.8993195295333862,0.4314870238304138,0.0,0.0,-0.9021028280258179,-0.44174929891342674
-410.71338920907874,203.96576711752553,0.0,9.324206435955732,0.4377714991569519,0.0,0.0,-0.899074375629425,0.4318546950817108,0.0,0.0,-0.9019259214401245,-0.02917021805403447
-412.9667772267078,205.72396566504955,0.0,9.328651332981202,0.43828126788139343,0.0,0.0,-0.8988255262374878,0.43223118782043457,0.0,0.0,-0.9017446041107178,-0.44197378866218784
-415.2231801760404,207.48017396020862,0.0,9.333023898462487,0.43879711627960205,0.0,0.0,-0.8985733985900879,0.432616263628006,0.0,0.0,-0.9015589356422424,-0.029391054694503427
-417.48261494378414,209.23432858011353,0.0,9.33732428130937,0.4393180012702942,0.0,0.0,-0.8983184099197388,0.4330098628997803,0.0,0.0,-0.9013688564300537,-0.44219097971506066
-419.74509847975685,210.9863660895735,0.0,9.341552630431632,0.4398427903652191,0.0,0.0,-0.8980611562728882,0.4334123432636261,0.0,0.0,-0.9011743068695068,-0.02960460768047629
-422.01064779463354,212.73622304436796,0.0,9.345709094739053,0.44036993384361267,0.0,0.0,-0.8978023529052734,0.43382343649864197,0.0,0.0,-0.9009753465652466,-0.4424009021548294
-424.27927995769835,214.48383599451597,0.0,9.349793823141416,0.4408978223800659,0.0,0.0,-0.8975428342819214,0.43424347043037415,0.0,0.0,-0.9007717967033386,-0.02981090709473705
-426.5510120945968,216.22914148754126,0.0,9.353806964548502,0.44142448902130127,0.0,0.0,-0.897283673286438,0.4346717894077301,0.0,0.0,-0.9005639553070068,-0.4426035860642782
-428.8258613850926,217.9720760717339,0.0,9.357748667870089,0.44194793701171875,0.0,0.0,-0.8970257043838501,0.4351092278957367,0.0,0.0,-0.9003514051437378,-0.030009983020069686
-431.10384506082596,219.7125762994072,0.0,9.361619082015963,0.442465603351593,0.0,0.0,-0.8967702388763428,0.4355551302433014,0.0,0.0,-0.9001344442367554,-0.44279906152619103
-433.38498040307576,221.45057873015128,0.0,9.365418355895896,0.4429749846458435,0.0,0.0,-0.8965185880661011,0.43600988388061523,0.0,0.0,-0.8999128937721252,-0.030201865539258244
-435.66928474052384,223.1860199340809,0.0,9.369146638419682,0.44347313046455383,0.0,0.0,-0.8962722420692444,0.43647339940071106,0.0,0.0,-0.8996868133544922,-0.4429873586233519
-437.9567754470237,224.91883649508,0.0,9.372804078497088,0.44395679235458374,0.0,0.0,-0.8960328102111816,0.43694552779197693,0.0,0.0,-0.8994562029838562,-0.030386584735086875
-440.24746994337727,226.6489650170609,0.0,9.376390841424893,0.44442251324653625,0.0,0.0,-0.8958020806312561,0.4374258816242218,0.0,0.0,-0.8992212414741516,-0.4431685082661703
-442.54138203977095,228.37634947270845,0.0,9.37991087957722,0.44486668705940247,0.0,0.0,-0.895581841468811,0.43791213631629944,0.0,0.0,-0.8989830613136292,-0.030564364439749858
-444.83841385134093,230.1011026824269,0.0,9.38337675396015,0.4452855587005615,0.0,0.0,-0.895374059677124,0.4384014308452606,0.0,0.0,-0.8987431526184082,-0.4433435524269243
-447.13835035451143,231.82351485506916,0.0,9.3868022154574,0.4456758499145508,0.0,0.0,-0.895180344581604,0.438890665769577,0.0,0.0,-0.8985029458999634,-0.030737367545671634
-449.4409737316846,233.5438876654776,0.0,9.39020101495267,0.4460344612598419,0.0,0.0,-0.8950022459030151,0.4393765330314636,0.0,0.0,-0.8982642292976379,-0.4435152089670894
-451.7460690565379,235.26252600489553,0.0,9.393586903329663,0.44635868072509766,0.0,0.0,-0.8948412537574768,0.43985670804977417,0.0,0.0,-0.8980280756950378,-0.030908372009156138
-454.0534243093301,236.97973795896016,0.0,9.396973631472084,0.4466460347175598,0.0,0.0,-0.8946986198425293,0.44032832980155945,0.0,0.0,-0.8977959752082825,-0.44368625584296933
-456.3628303875267,238.69583479248277,0.0,9.40037495026364,0.4468943476676941,0.0,0.0,-0.8945753574371338,0.44078871607780457,0.0,0.0,-0.8975692987442017,-0.031080155786507413
-458.67408111173535,240.41113094103585,0.0,9.403804610588036,0.4471017122268677,0.0,0.0,-0.8944725394248962,0.44123566150665283,0.0,0.0,-0.8973491191864014,-0.44385947101086815
-460.98697322693897,242.1259440093623,0.0,9.407276363328984,0.4472661018371582,0.0,0.0,-0.8943912386894226,0.44166702032089233,0.0,0.0,-0.8971365690231323,-0.031255496834030005
-463.30130639901313,243.84059477662552,0.0,9.410803959370174,0.4473860263824463,0.0,0.0,-0.8943321108818054,0.44208070635795593,0.0,0.0,-0.8969326615333557,-0.4440376324270899
-465.61688320651814,245.55540720851715,0.0,9.414401149595326,0.44745996594429016,0.0,0.0,-0.8942959308624268,0.44247445464134216,0.0,0.0,-0.8967385292053223,-0.03143717310802763
-467.93350912775026,247.27070847624182,0.0,9.418081684888135,0.44748654961586,0.0,0.0,-0.8942834138870239,0.44284629821777344,0.0,0.0,-0.8965552449226379,-0.44422351804793875
-470.2509925230407,248.98682898239642,0.0,9.421859316132307,0.4474644958972931,0.0,0.0,-0.8942951560020447,0.4431946873664856,0.0,0.0,-0.8963835835456848,-0.031627962564804046
-472.5691446122883,250.70410239376648,0.0,9.425747794211556,0.4473927319049835,0.0,0.0,-0.8943316340446472,0.4435175359249115,0.0,0.0,-0.8962246179580688,-0.44441990582971896
-474.8877794477112,252.42286568105862,0.0,9.429760870009577,0.44727030396461487,0.0,0.0,-0.8943933248519897,0.44381314516067505,0.0,0.0,-0.8960791826248169,-0.031830643160663696
-477.20671388179966,254.1434591655935,0.0,9.433912294410082,0.4470962882041931,0.0,0.0,-0.8944807052612305,0.4440801441669464,0.0,0.0,-0.8959479331970215,-0.44462957372873435
-479.5257675304572,255.8662265729827,0.0,9.438215818296772,0.4468698501586914,0.0,0.0,-0.8945940136909485,0.44431665539741516,0.0,0.0,-0.8958318829536438,-0.03204799285191068
-481.84476273130844,257.5915150938173,0.0,9.442685192553357,0.4465903341770172,0.0,0.0,-0.8947335481643677,0.44452178478240967,0.0,0.0,-0.8957314491271973,-0.4448552997012891
-484.16352449715595,259.31967545139497,0.0,9.447334168063533,0.44625699520111084,0.0,0.0,-0.8948996663093567,0.44469380378723145,0.0,0.0,-0.8956475257873535,-0.03228278959484887
-486.48188046456306,261.05106197651736,0.0,9.452176495711013,0.4458693265914917,0.0,0.0,-0.8950924277305603,0.4448312222957611,0.0,0.0,-0.8955807685852051,-0.44509986170368715
-488.79966083754226,262.786032689391,0.0,9.4572259263795,0.44542697072029114,0.0,0.0,-0.8953119516372681,0.4449329972267151,0.0,0.0,-0.8955317139625549,-0.03253781134578254
-491.1166983263222,264.5249493886667,0.0,9.462496210952702,0.4449295103549957,0.0,0.0,-0.8955582976341248,0.4449980556964874,0.0,0.0,-0.895500898361206,-0.4453660376922327
-493.4328280811687,266.2681777476584,0.0,9.468001100314321,0.44437679648399353,0.0,0.0,-0.8958314657211304,0.44502490758895874,0.0,0.0,-0.8954890370368958,-0.032815836061015846
-495.7478876212263,268.01608741778045,0.0,9.47375434534806,0.44376856088638306,0.0,0.0,-0.8961314558982849,0.4450124204158783,0.0,0.0,-0.895496666431427,-0.4456566056232296
-498.0617167583569,269.76905213925306,0.0,9.479769696937629,0.44310495257377625,0.0,0.0,-0.8964580297470093,0.44495975971221924,0.0,0.0,-0.8955242037773132,-0.03311964169685261
-500.37415751593204,271.52744985911994,0.0,9.48606090596673,0.4423859417438507,0.0,0.0,-0.8968110084533691,0.44486600160598755,0.0,0.0,-0.8955720067024231,-0.44597434345298215
-502.68505404255114,273.29166285663615,0.0,9.49264172331907,0.44161170721054077,0.0,0.0,-0.8971900939941406,0.44472983479499817,0.0,0.0,-0.8956406712532043,-0.033452006209597096
-504.9942525206402,275.0620778760787,0.0,9.499525899878353,0.44078272581100464,0.0,0.0,-0.8975949287414551,0.4445507824420929,0.0,0.0,-0.8957303166389465,-0.44632202913779445
-507.3016010698924,276.83908626704476,0.0,9.506727186528282,0.43989941477775574,0.0,0.0,-0.8980251550674438,0.44432732462882996,0.0,0.0,-0.895841658115387,-0.033815707555553076
-509.60692419480574,278.6230643881939,0.0,9.514154207485369,0.43896225094795227,0.0,0.0,-0.8984802961349487,0.44405901432037354,0.0,0.0,-0.8959748148918152,-0.44669713120633425
-511.90986143382554,280.4142475057401,0.0,9.521047393722927,0.43797191977500916,0.0,0.0,-0.8989598751068115,0.44374480843544006,0.0,0.0,-0.8961303234100342,-0.034163848274621655
-514.2098059452345,282.21267783333366,0.0,9.526385515070084,0.4369290769100189,0.0,0.0,-0.8994632959365845,0.44338446855545044,0.0,0.0,-0.8963080644607544,-0.4469667332945744
-516.5059069626063,284.0182006258355,0.0,9.529146731230421,0.435838520526886,0.0,0.0,-0.8999984264373779,0.44297683238983154,0.0,0.0,-0.8965085744857788,-0.03430330363625489
-518.7970727599837,285.8304598624387,0.0,9.52830920190751,0.4346967041492462,0.0,0.0,-0.9005555510520935,0.44252121448516846,0.0,0.0,-0.8967320322990417,-0.44692443383382136
-521.0819739738691,287.648893412141,0.0,9.522851086804927,0.4335043430328369,0.0,0.0,-0.901134192943573,0.44201746582984924,0.0,0.0,-0.8969783782958984,-0.03402764125733654
-523.3590472733176,289.4727276942346,0.0,9.51175054562625,0.4322620928287506,0.0,0.0,-0.9017339944839478,0.44146648049354553,0.0,0.0,-0.8972523808479309,-0.44636380044095886
-525.6264993646367,291.30097185345215,0.0,9.49398573807505,0.4309709668159485,0.0,0.0,-0.9023544788360596,0.4408661723136902,0.0,0.0,-0.8975499272346497,-0.033130428754750696
-527.8823113116053,293.1324114775154,0.0,9.468534823854906,0.4296315908432007,0.0,0.0,-0.9029950499534607,0.4402167499065399,0.0,0.0,-0.8978709578514099,-0.4450784007328708
-530.1242431457658,294.965601894085,0.0,9.434375962669392,0.4282449781894684,0.0,0.0,-0.9036552309989929,0.439517617225647,0.0,0.0,-0.8982155323028564,-0.03140523374538129
-532.3498387342244,296.7988610944371,0.0,9.390487314222081,0.42681217193603516,0.0,0.0,-0.904334306716919,0.4387693703174591,0.0,0.0,-0.8985831141471863,-0.44286180232644096
-534.5564308645675,298.63026234256046,0.0,9.335847038216556,0.4253341555595398,0.0,0.0,-0.9050315618515015,0.4379713535308838,0.0,0.0,-0.8989739418029785,-0.028645623846112356
-536.7411464980153,300.4576265407077,0.0,9.269433294356384,0.42381274700164795,0.0,0.0,-0.9057459235191345,0.4371248781681061,0.0,0.0,-0.8993873000144958,-0.43950757283855346
-538.9009121328249,302.2785144356322,0.0,9.190224242345145,0.42224937677383423,0.0,0.0,-0.9064764380455017,0.4362294673919678,0.0,0.0,-0.8998232483863831,-0.0246451666738276
-541.0324592103459,304.09021876372435,0.0,9.097198041886415,0.4206461012363434,0.0,0.0,-0.9072220921516418,0.43528690934181213,0.0,0.0,-0.900280773639679,-0.4348092798860923
-543.1323294860691,305.8897564478492,0.0,8.989332852683768,0.419005423784256,0.0,0.0,-0.9079814553260803,0.43429774045944214,0.0,0.0,-0.9007594585418701,-0.019197429845411118
-545.1968803430425,307.67386103051143,0.0,8.865607115732223,0.41732993721961975,0.0,0.0,-0.9087530970573425,0.4332624673843384,0.0,0.0,-0.9012588262557983,-0.42856050529257994
-547.2226236317276,309.43926752966007,0.0,8.7264395662376,0.4156225621700287,0.0,0.0,-0.9095355272293091,0.43218398094177246,0.0,0.0,-0.9017773270606995,-0.012168765729521025
-549.2073322863931,311.18369079993175,0.0,8.577041829478274,0.41388630867004395,0.0,0.0,-0.910327136516571,0.4310626685619354,0.0,0.0,-0.9023145437240601,-0.42101516505221
-551.150250502756,312.90605747172737,0.0,8.42362124875107,0.4121244549751282,0.0,0.0,-0.911126434803009,0.4299004375934601,0.0,0.0,-0.9028695821762085,-0.004420251551379373
-553.0520701633102,314.6065402372251,0.0,8.272385167352853,0.4103401005268097,0.0,0.0,-0.9119316935539246,0.42869842052459717,0.0,0.0,-0.9034415483474731,-0.41337697912300714
-554.914906749793,316.28659287618905,0.0,8.129540928580454,0.40853583812713623,0.0,0.0,-0.912741482257843,0.4274582266807556,0.0,0.0,-0.9040296077728271,0.0027941039421761626
-556.7422749085886,317.9489857811719,0.0,8.00129587573073,0.40671414136886597,0.0,0.0,-0.9135547280311584,0.4261806011199951,0.0,0.0,-0.9046332836151123,-0.40689995625180897
-558.5390636869706,319.59784195669516,0.0,7.893857352100512,0.40487682819366455,0.0,0.0,-0.9143705368041992,0.4248672127723694,0.0,0.0,-0.9052512645721436,0.00822029200430835
-560.3111089833124,321.23829964042255,0.0,7.81165618882365,0.40302515029907227,0.0,0.0,-0.9151883125305176,0.42351874709129333,0.0,0.0,-0.9058833718299866,-0.4027483823489371
-562.0627787501048,322.87429253645416,0.0,7.748507268267132,0.40115979313850403,0.0,0.0,-0.9160074591636658,0.4221351742744446,0.0,0.0,-0.9065293669700623,0.011409631426354705
-563.7961123047958,324.5076816619619,0.0,7.694299113916641,0.3992815613746643,0.0,0.0,-0.9168277978897095,0.4207172989845276,0.0,0.0,-0.9071885943412781,-0.40001059677567996
-565.5108576926073,326.1381976091644,0.0,7.638913925139029,0.3973909616470337,0.0,0.0,-0.9176490306854248,0.4192659556865692,0.0,0.0,-0.9078606367111206,0.014206863182799734
-567.2045119207907,327.7633820535517,0.0,7.57223390130115,0.39548832178115845,0.0,0.0,-0.9184707999229431,0.4177822470664978,0.0,0.0,-0.908544659614563,-0.39664291880406993
-568.8723624494809,329.37852744192605,0.0,7.484141241769861,0.3935740292072296,0.0,0.0,-0.919292688369751,0.4162677526473999,0.0,0.0,-0.9092398881912231,0.018655987401551666
-570.5078898495292,330.97696964022896,0.0,7.366144738065918,0.3916485011577606,0.0,0.0,-0.9201146960258484,0.4147244691848755,0.0,0.0,-0.909945011138916,-0.39068349942508285
-572.1051228007908,332.5523353521181,0.0,7.2202593048580574,0.3897116482257843,0.0,0.0,-0.9209367036819458,0.4131542444229126,0.0,0.0,-0.9106591939926147,0.026023938573665806
-573.6595476743721,334.099473417725,0.0,7.052674895318695,0.3877624571323395,0.0,0.0,-0.9217591285705566,0.411559134721756,0.0,0.0,-0.9113813042640686,-0.38221964035743833
-575.1680840803488,335.61449609401495,0.0,6.869592082891487,0.38579949736595154,0.0,0.0,-0.9225824475288391,0.4099425971508026,0.0,0.0,-0.9121098518371582,0.03527054526190865
-576.6290578568353,337.0948183180101,0.0,6.677211441020074,0.38381972908973694,0.0,0.0,-0.9234078526496887,0.4083062708377838,0.0,0.0,-0.9128435850143433,-0.37250344632352855
-578.0421744417755,338.53919641009975,0.0,6.481733543148122,0.3818186819553375,0.0,0.0,-0.9242370128631592,0.4066537618637085,0.0,0.0,-0.9135810136795044,0.045143166366552745
-579.4084930720901,339.94776557173145,0.0,6.289358962719271,0.37979015707969666,0.0,0.0,-0.9250724911689758,0.40498673915863037,0.0,0.0,-0.9143213629722595,-0.3627875584230816
-580.7304021043939,341.32207575042736,0.0,6.106288273177171,0.377726286649704,0.0,0.0,-0.9259170889854431,0.40330779552459717,0.0,0.0,-0.9150633811950684,0.05438916078787098
-582.0115955790559,342.665125695655,0.0,5.938722047965479,0.3756166100502014,0.0,0.0,-0.9267749190330505,0.4016188383102417,0.0,0.0,-0.915805995464325,-0.35432461775582447
-583.2570509578413,343.98139530739047,0.0,5.792860860527839,0.37344804406166077,0.0,0.0,-0.9276509284973145,0.3999207019805908,0.0,0.0,-0.9165488481521606,0.061755887426135636
-584.473007420049,345.2768763203407,0.0,5.6749037069524055,0.371204674243927,0.0,0.0,-0.9285508990287781,0.39821505546569824,0.0,0.0,-0.9172912836074829,-0.3483671857570652
-585.6661589929831,346.55825536952455,0.0,5.587363044345611,0.3688666820526123,0.0,0.0,-0.9294821619987488,0.3965020775794983,0.0,0.0,-0.9180330634117126,0.06617713301233741
-586.8411889552252,347.83025442622517,0.0,5.521183708385504,0.3664100766181946,0.0,0.0,-0.9304533004760742,0.394783079624176,0.0,0.0,-0.9187737107276917,-0.3450247950520093
-588.0003237991064,349.0950577818256,0.0,5.465047632630205,0.3638070523738861,0.0,0.0,-0.9314740896224976,0.39305752515792847,0.0,0.0,-0.9195133447647095,0.06901228835351408
-589.1433740915797,350.3522526681446,0.0,5.40763675063784,0.36102503538131714,0.0,0.0,-0.9325559139251709,0.3913264870643616,0.0,0.0,-0.9202514290809631,-0.3421252555574454
-590.2677842025398,351.5987798961987,0.0,5.337675432953837,0.35802727937698364,0.0,0.0,-0.9337108731269836,0.3895908296108246,0.0,0.0,-0.920987606048584,0.07254568823654456
-591.3696929993989,352.83001962683045,0.0,5.248756256671175,0.35477298498153687,0.0,0.0,-0.9349522590637207,0.3878401517868042,0.0,0.0,-0.9217262268066406,-0.3376343880684221
-592.4456788120792,354.04198484219995,0.0,5.143786441324507,0.3512173295021057,0.0,0.0,-0.9362937808036804,0.38604623079299927,0.0,0.0,-0.9224791526794434,0.07784719406213386
-593.4912037247228,355.23179557299335,0.0,5.026724097238563,0.3473191261291504,0.0,0.0,-0.9377468824386597,0.38417506217956543,0.0,0.0,-0.923259973526001,-0.33172214846812187
-594.5018442888633,356.39755388226837,0.0,4.901527334738083,0.3430428206920624,0.0,0.0,-0.9393196702003479,0.3821955621242523,0.0,0.0,-0.9240812659263611,0.08417026287528939
-595.4744871115158,357.53822256543253,0.0,4.7721542641478,0.33835792541503906,0.0,0.0,-0.9410173892974854,0.3800821304321289,0.0,0.0,-0.9249525666236877,-0.32518815500396614
-596.4072931509689,358.6536485689505,0.0,4.642562995792455,0.3332391679286957,0.0,0.0,-0.9428421854972839,0.37781140208244324,0.0,0.0,-0.9258824586868286,0.09071527642858965
-597.2996164090304,359.74459087688814,0.0,4.516711639996776,0.32766497135162354,0.0,0.0,-0.9447938203811646,0.3753622770309448,0.0,0.0,-0.9268780946731567,-0.31883202592337634
-598.1518847446207,360.81273687099934,0.0,4.398501988950081,0.3216175436973572,0.0,0.0,-0.9468695521354675,0.37271609902381897,0.0,0.0,-0.9279453158378601,0.09668546082488741
-598.9652191077679,361.86040394742855,0.0,4.290489729544198,0.31508079171180725,0.0,0.0,-0.9490647912025452,0.3698543906211853,0.0,0.0,-0.9290896058082581,-0.3133768613069176
-599.7410689637522,362.8902239880554,0.0,4.193855608139311,0.30804091691970825,0.0,0.0,-0.9513730406761169,0.36675918102264404,0.0,0.0,-0.9303158521652222,0.10156597200695244
-600.4811153782879,363.905141767339,0.0,4.109718285101178,0.30048465728759766,0.0,0.0,-0.9537864923477173,0.3634142577648163,0.0,0.0,-0.9316275715827942,-0.309127501557517
-601.187186733152,364.90842824771255,0.0,4.039196420795558,0.2923993468284607,0.0,0.0,-0.9562960863113403,0.3598019778728485,0.0,0.0,-0.9330286979675293,0.10512768232541811
-601.8611738283292,365.9036940104687,0.0,3.983408675588217,0.28377342224121094,0.0,0.0,-0.9588912725448608,0.3559061288833618,0.0,0.0,-0.9345217943191528,-0.30630993866825734
-602.5049261469994,366.8948764524461,0.0,3.943368054803355,0.274594247341156,0.0,0.0,-0.9615601301193237,0.35170623660087585,0.0,0.0,-0.9361103773117065,0.10714993590041111
-603.1197857672796,367.88562783111195,0.0,3.9176210871351294,0.2648504376411438,0.0,0.0,-0.9642894268035889,0.3471824824810028,0.0,0.0,-0.9377976059913635,-0.3050095867658217
-603.706214537126,368.87867532042696,0.0,3.902227425292937,0.25453200936317444,0.0,0.0,-0.9670642614364624,0.3423120975494385,0.0,0.0,-0.939586341381073,0.10792739356920872
-604.2638681894625,369.87576662199916,0.0,3.893136986986919,0.24363142251968384,0.0,0.0,-0.9698677659034729,0.3370765149593353,0.0,0.0,-0.9414772987365723,-0.3045504737200632
-604.7917114187461,370.8776403300091,0.0,3.886299689927207,0.23214659094810486,0.0,0.0,-0.9726807475090027,0.33145391941070557,0.0,0.0,-0.9434714317321777,0.10827271160252752
-605.2881556773525,371.8839934669713,0.0,3.877665451823944,0.2200806885957718,0.0,0.0,-0.9754815697669983,0.3254224359989166,0.0,0.0,-0.9455687403678894,-0.3041144010885853
-605.7512197900822,372.8934461194092,0.0,3.8631841903872672,0.20744600892066956,0.0,0.0,-0.9782463312149048,0.31896471977233887,0.0,0.0,-0.9477666020393372,0.10900408844276374
-606.1787999187678,373.9037192807568,0.0,3.8396236305435276,0.19426415860652924,0.0,0.0,-0.9809491038322449,0.3120681643486023,0.0,0.0,-0.9500596523284912,-0.30292447382375
-606.5692277581084,374.9126685310884,0.0,3.807761766449246,0.18056660890579224,0.0,0.0,-0.983562707901001,0.30471664667129517,0.0,0.0,-0.95244300365448,0.11061327349803049
-606.9213711333601,375.91861693108353,0.0,3.7696038504761304,0.16639341413974762,0.0,0.0,-0.9860594272613525,0.2969033718109131,0.0,0.0,-0.9549074172973633,-0.30099730635036026
-607.2345608726475,376.92037204065235,0.0,3.727155448415667,0.15179307758808136,0.0,0.0,-0.988412082195282,0.2886207699775696,0.0,0.0,-0.9574432969093323,0.11275713218795283
-607.50850735273,377.9172440554765,0.0,3.682422126059341,0.13681980967521667,0.0,0.0,-0.9905957579612732,0.27986520528793335,0.0,0.0,-0.9600391387939453,-0.2987380476454953
-607.7432081891096,378.90906490022684,0.0,3.6374094491986395,-0.12153046578168869,0.0,0.0,0.9925875663757324,0.27063509821891785,0.0,0.0,-0.9626818299293518,0.11503049970617008
-607.9388483147336,379.89620808585516,0.0,3.594122983625044,-0.10598590224981308,0.0,0.0,0.9943675994873047,0.26093316078186035,0.0,0.0,-0.9653566479682922,-0.29655186251551574
-608.0956933753316,380.87960920546766,0.0,3.5545682951300415,-0.09024693071842194,0.0,0.0,0.9959193468093872,0.2507612705230713,0.0,0.0,-0.9680487513542175,0.11702821124632176
-608.2139769314884,381.8607870263925,0.0,3.520750949505117,-0.07437250763177872,0.0,0.0,0.9972304701805115,0.24012798070907593,0.0,0.0,-0.9707410335540771,-0.2948439157667822
-608.2937736549219,382.8417394073361,0.0,3.4942299759329454,-0.05841827765107155,0.0,0.0,0.9982921481132507,0.2290567010641098,0.0,0.0,-0.9734129309654236,0.11836765435602739
-608.3351886068284,383.8240229488363,0.0,3.47421993381461,-0.042435526847839355,0.0,0.0,0.9990991353988647,-0.21759071946144104,0.0,0.0,0.9760399460792542,-0.2938333075789875
-608.339185938528,384.8078135146878,0.0,3.4591686157438666,-0.02646581456065178,0.0,0.0,0.9996496438980103,-0.20577658712863922,0.0,0.0,0.9785988330841064,0.1191278219353579
-608.3067823522138,385.7926779697135,0.0,3.447523378487336,-0.010542184114456177,0.0,0.0,0.9999444484710693,-0.19365160167217255,0.0,0.0,0.9810702800750732,-0.29324516428320313
-608.2388762899076,386.77778229544145,0.0,3.4377315788116385,0.005310279317200184,0.0,0.0,0.9999860525131226,-0.18125133216381073,0.0,0.0,0.9834367036819458,0.11962235727251433
-608.1363329391347,387.7618757963656,0.0,3.4282405734833934,0.021072333678603172,0.0,0.0,0.9997780323028564,-0.16860969364643097,0.0,0.0,0.9856828451156616,-0.2927658205797564
-608.0000645248037,388.7432844011161,0.0,3.4174977192692197,0.03673052787780762,0.0,0.0,0.999325156211853,-0.15575897693634033,0.0,0.0,0.9877950549125671,0.12016492566716958
-607.8311060210317,389.7199128604775,0.0,3.4039503729357374,0.052275002002716064,0.0,0.0,0.9986326098442078,-0.14272566139698029,0.0,0.0,0.9897622466087341,-0.29208161116897446
-607.6306861764206,390.6892556347924,0.0,3.3860458912495672,0.06769999861717224,0.0,0.0,0.9977055191993713,-0.12953704595565796,0.0,0.0,0.9915744662284851,0.12106919241899633
-607.4002922524071,391.6484211925717,0.0,3.362249273564549,0.08300195634365082,0.0,0.0,0.996549129486084,-0.11622031033039093,0.0,0.0,0.9932233095169067,-0.2908797617909432
-607.1416322337475,392.59449547064094,0.0,3.332213713744506,0.09817951172590256,0.0,0.0,0.9951685070991516,-0.10279647260904312,0.0,0.0,0.9947022795677185,0.12258613988465505
-606.8564623268765,393.52510504465056,0.0,3.297512790354193,0.11323216557502747,0.0,0.0,0.9935684204101562,-0.08928961306810379,0.0,0.0,0.9960055351257324,-0.2891271899025436
-606.5464883694195,394.43846830489105,0.0,3.259894827661604,0.1281629204750061,0.0,0.0,0.991753101348877,-0.07571664452552795,0.0,0.0,0.9971292614936829,0.12448603699034139
-606.2132831588599,395.33338679524695,0.0,3.2211081499347256,0.1429755985736847,0.0,0.0,0.9897261261940002,-0.06209806352853775,0.0,0.0,0.9980698823928833,-0.2871682667850245
-605.8582103810122,396.20922754229497,0.0,3.182901081441547,0.15767723321914673,0.0,0.0,0.9874906539916992,-0.04844421520829201,0.0,0.0,0.9988257884979248,0.1264156869142393
-605.4823829642706,397.0658357845346,0.0,3.1467952557030188,0.17227484285831451,0.0,0.0,0.9850488305091858,-0.03477044776082039,0.0,0.0,0.9993953108787537,-0.28534474023257356
-605.0867580708921,397.9031990044986,0.0,3.1131661487172617,0.18677815794944763,0.0,0.0,0.982401967048645,-0.021085675805807114,0.0,0.0,0.9997776746749878,0.12811412666099467
-604.6721788550273,398.72133689285295,0.0,3.0820278410634927,0.2011973261833191,0.0,0.0,0.9795506596565247,-0.007396824657917023,0.0,0.0,0.9999727010726929,-0.2837720984318781
-604.2393800145006,399.52029252991645,0.0,3.0533942770694282,0.21554213762283325,0.0,0.0,0.9764944314956665,0.006291345693171024,0.0,0.0,0.9999802708625793,0.12956026625665448
-603.7889930113749,400.30012395962876,0.0,3.0272794010627893,0.22982141375541687,0.0,0.0,0.9732326865196228,0.01997489482164383,0.0,0.0,0.999800443649292,-0.2824531653002297
-603.3215509936119,401.06089606969,0.0,3.0036971573712914,0.2440432459115982,0.0,0.0,0.9697641134262085,0.033651962876319885,0.0,0.0,0.9994336366653442,0.130751288665316
-602.8374934352161,401.80267272986026,0.0,2.9826614903226583,0.25821396708488464,0.0,0.0,0.9660874605178833,0.0473213717341423,0.0,0.0,0.998879611492157,-0.28139075787353107
-602.3371705120269,402.52550914086214,0.0,2.9641863442446064,0.272338330745697,0.0,0.0,0.9622012376785278,0.06098463013768196,0.0,0.0,0.9981386661529541,0.1316843768510762
-601.8208472301526,403.2294443466843,0.0,2.9482856634648553,0.28641772270202637,0.0,0.0,0.95810467004776,0.07464268803596497,0.0,0.0,0.9972102046012878,-0.28058769318768506
-601.2887073239222,403.9144938633013,0.0,2.934973392311126,0.3004513680934906,0.0,0.0,0.9537969827651978,0.0883023664355278,0.0,0.0,0.9960936307907104,0.13235671377803224
-600.7408569401714,404.5806423769231,0.0,2.9242634751111343,0.31443461775779724,0.0,0.0,0.9492789506912231,0.1019647940993309,0.0,0.0,0.9947880506515503,-0.2800467882785946
-600.1773281256762,405.22783646484413,0.0,2.9161698561926013,0.3283599019050598,0.0,0.0,0.944552481174469,0.11563947796821594,0.0,0.0,0.9932911992073059,0.13276548241028138
-599.5980821346105,405.85597729177863,0.0,2.9107064798832476,0.3422156274318695,0.0,0.0,0.9396212697029114,0.12933236360549927,0.0,0.0,0.9916012287139893,-0.2797708601821626
-599.003012573026,406.4649132342361,0.0,2.9078872905107893,0.35598695278167725,0.0,0.0,0.9344906806945801,0.143050417304039,0.0,0.0,0.9897154569625854,0.1329078657119207
-598.3919483975458,407.05443238500925,0.0,2.907726232402948,0.3696554899215698,0.0,0.0,0.9291686415672302,0.15680496394634247,0.0,0.0,0.9876296520233154,-0.2797627259342918
-597.7646567857264,407.62425488919376,0.0,2.910237249887442,0.38319870829582214,0.0,0.0,0.9236655831336975,0.17060013115406036,0.0,0.0,0.9853403568267822,0.13278104664704726
-597.1208497673994,408.1740381320626,0.0,2.9154180329237196,0.3965909481048584,0.0,0.0,0.9179951548576355,0.18443001806735992,0.0,0.0,0.982845664024353,-0.2800243816431947
-596.4602287474886,408.70384584508486,0.0,2.9231177844420304,0.40980657935142517,0.0,0.0,0.9121721982955933,0.19827747344970703,0.0,0.0,0.9801458716392517,0.13239217030773864
-595.7825114577564,409.2142444877437,0.0,2.9331061738295716,0.4228212833404541,0.0,0.0,0.9062128663063049,0.21212626993656158,0.0,0.0,0.9772422313690186,-0.2805288457536766
-595.0874320605008,409.70573931740864,0.0,2.9451521155276947,0.43561387062072754,0.0,0.0,0.900133490562439,0.22595781087875366,0.0,0.0,0.9741370677947998,0.13178378941389404
-594.3747487240322,410.1787492216997,0.0,2.9590245239777526,0.44816529750823975,0.0,0.0,0.8939505815505981,0.23975495994091034,0.0,0.0,0.9708333611488342,-0.2812294724430735
-593.6442513525659,410.6336168600846,0.0,2.974492313621098,0.46045899391174316,0.0,0.0,0.8876807689666748,0.25350135564804077,0.0,0.0,0.9673349261283875,0.13100258791675543
-592.8957689597315,411.0706184528092,0.0,2.991324398899081,0.4724810719490051,0.0,0.0,0.8813405632972717,0.2671816945075989,0.0,0.0,0.9636460542678833,-0.28207957776014336
-592.1291766994509,411.4899732402769,0.0,3.0092896942530563,0.48421937227249146,0.0,0.0,0.8749463558197021,0.2807774543762207,0.0,0.0,0.9597728252410889,0.13009524976756479
-591.3444025607034,411.8918526272774,0.0,3.028157114124373,0.4956642985343933,0.0,0.0,0.8685140609741211,0.29427477717399597,0.0,0.0,0.955720841884613,-0.2830324777536442
-590.5414337261252,412.27638901840635,0.0,3.047695572954386,0.5068075060844421,0.0,0.0,0.8620592355728149,0.30765727162361145,0.0,0.0,0.9514970779418945,0.1291084589175641
-589.7203225884894,412.643684343672,0.0,3.0676739851844452,0.5176432132720947,0.0,0.0,0.8555964827537537,0.32090750336647034,0.0,0.0,0.9471104741096497,-0.284041488472334
-588.8811924138881,412.99381826661335,0.0,3.087861265255904,0.5281674265861511,0.0,0.0,0.8491401076316833,0.33401158452033997,0.0,0.0,0.942568838596344,0.1280888993179954
-588.0242426359335,413.3268560613258,0.0,3.108026327610116,0.5383775234222412,0.0,0.0,0.842703640460968,0.3469559848308563,0.0,0.0,0.9378812313079834,-0.285059925964971
-587.1497537614905,413.64285613959447,0.0,3.12793808668843,0.5482728481292725,0.0,0.0,0.8362994194030762,0.35972777009010315,0.0,0.0,0.9330571293830872,0.1270832549201008
-586.2580918654224,413.9418772049069,0.0,3.1473654569322007,0.5578532218933105,0.0,0.0,0.8299394845962524,0.3723137676715851,0.0,0.0,0.9281067252159119,-0.286041106280313
-585.3497126495574,414.223985006488,0.0,3.1660773527827786,0.5671199560165405,0.0,0.0,0.8236350417137146,0.3847026228904724,0.0,0.0,0.9230404496192932,0.12613820967512215
-584.4251650396106,414.4892586636812,0.0,3.1838426886815157,0.5760747790336609,0.0,0.0,0.8173967003822327,0.3968829810619354,0.0,0.0,0.9178692102432251,-0.28693834546711794
-583.4850942931505,414.7377965290304,0.0,3.200430379069767,0.5847198367118835,0.0,0.0,0.8112350702285767,0.4088451862335205,0.0,0.0,0.9126037359237671,0.12530044753430145
-582.5302445918879,414.9697215573079,0.0,3.215609338388881,0.5930579304695129,0.0,0.0,0.8051596283912659,0.42057958245277405,0.0,0.0,0.9072555899620056,-0.2877049595741439
-581.5614534653242,415.1851877684004,0.0,3.22917377901759,0.6010915637016296,0.0,0.0,0.7991799712181091,0.4320775270462036,0.0,0.0,0.9018365144729614,0.1246153747752757
-580.5794925062064,415.38441490588633,0.0,3.241444962790931,0.6088240742683411,0.0,0.0,0.7933050394058228,0.4433332681655884,0.0,0.0,0.8963568806648254,-0.2883247163303732
-579.5849078256151,415.567705047261,0.0,3.2532424411592933,0.6162585020065308,0.0,0.0,0.787543773651123,0.4543396532535553,0.0,0.0,0.890828549861908,0.1240195425344493
-578.5780017287672,415.735421733021,0.0,3.2654053058642107,0.6233981847763062,0.0,0.0,0.7819043397903442,0.4650905728340149,0.0,0.0,0.8852631449699402,-0.2889390024265811
-577.5588219998675,415.8879694101082,0.0,3.278772648647213,0.6302468776702881,0.0,0.0,0.7763946652412415,0.47558364272117615,0.0,0.0,0.8796705603599548,0.12334442421207542
-576.5271530696002,416.02577469137424,0.0,3.294183561249835,0.6368086338043213,0.0,0.0,0.771021842956543,0.4858151972293854,0.0,0.0,0.8740615248680115,-0.2897173313459055
-575.4825090997354,416.1492694417196,0.0,3.3124771354136047,0.6430880427360535,0.0,0.0,0.765792191028595,0.4957835376262665,0.0,0.0,0.8684461116790771,0.12242050632501636
-574.4241290198613,416.25887568488486,0.0,3.334492462880058,0.649090588092804,0.0,0.0,0.7607109546661377,0.5054883360862732,0.0,0.0,0.8628333806991577,-0.290829216571484
-573.3509735630905,416.35499231980816,0.0,3.3610686353907235,0.6548223495483398,0.0,0.0,0.7557826042175293,0.514930009841919,0.0,0.0,0.8572322130203247,0.1210782753901343
-572.2617243712236,416.4379836424867,0.0,3.393044744687136,0.6602902412414551,0.0,0.0,0.7510101199150085,0.5241094827651978,0.0,0.0,0.8516508340835571,-0.2924441715864543
-571.154785275851,416.50816968898073,0.0,3.431259882510825,0.6655017137527466,0.0,0.0,0.7463958859443665,0.5330286026000977,0.0,0.0,0.8460971713066101,0.11914821792429142
-570.0282859110716,416.5658184484574,0.0,3.4765531406033237,0.670465350151062,0.0,0.0,0.7419404983520508,0.5416886210441589,0.0,0.0,0.8405791521072388,-0.29473170987395425
-568.8800878770301,416.6111400430953,0.0,3.5297636107061674,0.675189733505249,0.0,0.0,0.737643837928772,0.5500933527946472,0.0,0.0,0.8351030945777893,0.11646082044434983
-567.7079613812542,416.6442792045389,0.0,3.5912175658186434,0.6796845197677612,0.0,0.0,0.7335042953491211,0.5582451820373535,0.0,0.0,0.8296759724617004,-0.29783544498064496
-566.5103532995262,416.6653133707054,0.0,3.658941490269169,0.6839593648910522,0.0,0.0,0.729519784450531,0.5661465525627136,0.0,0.0,0.824304461479187,0.11304042021957583
-565.286622912168,416.67429890066296,0.0,3.7303174457244297,0.6880244612693787,0.0,0.0,0.7256871461868286,0.5738004446029663,0.0,0.0,0.8189950585365295,-0.3014402912157591
-564.037063327324,416.6713247539879,0.0,3.802727462018594,0.6918902397155762,0.0,0.0,0.722002387046814,0.5812090039253235,0.0,0.0,0.8137542009353638,0.10938334868956748
-562.7629160772259,416.6565610627341,0.0,3.8735535689858134,0.6955667734146118,0.0,0.0,0.7184611558914185,0.5883740186691284,0.0,0.0,0.8085886836051941,-0.3050173673252146
-561.4663778576054,416.6303015948756,0.0,3.9401777964602585,0.699065089225769,0.0,0.0,0.7150577902793884,0.5952972173690796,0.0,0.0,0.8035054802894592,0.10601848871611066
-560.1505884779026,416.59299856011035,0.0,4.000012067846286,0.702395498752594,0.0,0.0,0.7117865681648254,0.6019785404205322,0.0,0.0,0.7985121011734009,-0.3080393002234988
-558.8191518825437,416.54527032144654,0.0,4.051890097855238,0.7055692672729492,0.0,0.0,0.7086406946182251,0.6084184646606445,0.0,0.0,0.7936160564422607,0.10339838619040598
-557.47545893742,416.48787229949437,0.0,4.096658633976398,0.7085981369018555,0.0,0.0,0.705612063407898,0.6146179437637329,0.0,0.0,0.7888246178627014,-0.31030033740133517
-556.1226240194475,416.4216709249384,0.0,4.135317065879435,0.7114942073822021,0.0,0.0,0.7026917934417725,0.6205767393112183,0.0,0.0,0.7841452360153198,0.10144594013469707
-554.7634746144752,416.3476204708883,0.0,4.168864783234018,0.7142707109451294,0.0,0.0,0.6998693346977234,0.6262988448143005,0.0,0.0,0.7795826196670532,-0.31199466656065755
-553.4004516485281,416.26665737358087,0.0,4.198301175709821,0.7169416546821594,0.0,0.0,0.6971330642700195,0.6317962408065796,0.0,0.0,0.7751340866088867,0.09995925364602015
-552.0349272744207,416.17905790107585,0.0,4.2246256329765135,0.7195194363594055,0.0,0.0,0.694472074508667,0.6370819807052612,0.0,0.0,0.7707955837249756,-0.3133241846044299
-550.6675651275635,416.08475589003353,0.0,4.248837544703767,0.7220155596733093,0.0,0.0,0.6918765306472778,0.642169177532196,0.0,0.0,0.7665624022483826,0.09873642982141134
-549.2986909257758,415.98367008564225,0.0,4.271936300561252,0.7244399189949036,0.0,0.0,0.6893377304077148,0.6470699906349182,0.0,0.0,0.7624300718307495,-0.31449078843561595
-547.9283022110127,415.8756992852769,0.0,4.294921290218638,0.7268013954162598,0.0,0.0,0.6868473887443542,0.6517964601516724,0.0,0.0,0.758393406867981,0.09757557175790699
-546.5560751827431,415.76071499077597,0.0,4.3187919033455975,0.7291079759597778,0.0,0.0,0.6843984127044678,0.656358003616333,0.0,0.0,0.7544490098953247,-0.3156963749571796
-545.1813711668792,415.63855393127716,0.0,4.344547529611804,0.7313664555549622,0.0,0.0,0.6819844841957092,0.6607654094696045,0.0,0.0,0.7505919337272644,0.09627478255254307
-543.8032427108449,415.5090104456321,0.0,4.373187558686921,0.7335830926895142,0.0,0.0,0.6795995831489563,0.6650280356407166,0.0,0.0,0.7468178868293762,-0.31714284107208457
-542.420439303106,415.3718287013098,0.0,4.405711380240627,0.735763669013977,0.0,0.0,0.6772381067276001,0.6691553592681885,0.0,0.0,0.7431221008300781,0.09463216530235594
-541.0314127207818,415.22669471456373,0.0,4.443118383942588,0.7379132509231567,0.0,0.0,0.6748954057693481,0.6731554269790649,0.0,0.0,0.7395005822181702,-0.3190320836832947
-539.6344351144447,415.0732408544909,0.0,4.486044056012904,0.7400366067886353,0.0,0.0,0.6725664138793945,0.677036702632904,0.0,0.0,0.7359488010406494,0.09246420206648137
-538.2281262768972,414.91110211360814,0.0,4.533428882785837,0.742138147354126,0.0,0.0,0.6702467203140259,0.6808079481124878,0.0,0.0,0.7324615120887756,-0.3214252567526348
-536.8115981138682,414.7399424064373,0.0,4.583720227569126,0.7442218661308289,0.0,0.0,0.667932391166687,0.684474527835846,0.0,0.0,0.7290363311767578,0.0899242351582345
-535.3844445272433,414.55946623065154,0.0,4.635365398315071,0.7462910413742065,0.0,0.0,0.6656196713447571,0.6880449056625366,0.0,0.0,0.7256677150726318,-0.32403359870950066
-533.9467317751738,414.3694307217652,0.0,4.68681170297597,0.7483488321304321,0.0,0.0,0.6633051633834839,0.6915253400802612,0.0,0.0,0.7223519086837769,0.08732593694303753
-532.4989893702473,414.1696581295587,0.0,4.736506449504125,0.750397801399231,0.0,0.0,0.6609863638877869,0.69492107629776,0.0,0.0,0.7190857529640198,-0.3265434343927408
-531.0422015840077,413.9600487135459,0.0,4.782896945851827,0.7524402737617493,0.0,0.0,0.6586604118347168,0.6982378363609314,0.0,0.0,0.7158657312393188,0.08498298258204248
-529.5777421504976,413.7405852364877,0.0,4.824620231619251,0.7544776797294617,0.0,0.0,0.6563255786895752,0.7014800310134888,0.0,0.0,0.7126889824867249,-0.3286506710476612
-528.1068781306241,413.51126707878154,0.0,4.861935921082915,0.7565112709999084,0.0,0.0,0.6539804339408875,0.7046529650688171,0.0,0.0,0.7095519304275513,0.08309835180104938
-526.630524537662,413.2720677720884,0.0,4.89592703207775,0.758542001247406,0.0,0.0,0.6516239643096924,0.7077605724334717,0.0,0.0,0.7064521908760071,-0.33036739382517816
-525.1492487323338,413.0229259812267,0.0,4.927683035918269,0.760570228099823,0.0,0.0,0.6492554545402527,0.7108069062232971,0.0,0.0,0.7033869624137878,0.08149451322324539
-523.6632762954345,412.76373653132237,0.0,4.958293403918993,0.7625962495803833,0.0,0.0,0.6468746066093445,0.7137960195541382,0.0,0.0,0.7003535032272339,-0.33191337200703286
-522.1724963574186,412.4943412317242,0.0,4.988847607394433,0.7646199464797974,0.0,0.0,0.6444813013076782,0.7167306542396545,0.0,0.0,0.6973499059677124,0.07995137163357663
-520.6764663452786,412.2145195113305,0.0,5.020435117659111,0.7666410803794861,0.0,0.0,0.6420757174491882,0.7196137309074402,0.0,0.0,0.6943744421005249,-0.3335087008082792
-519.1744161158371,411.9239788655858,0.0,5.054145406027541,0.7686594724655151,0.0,0.0,0.6396579742431641,0.7224486470222473,0.0,0.0,0.6914244890213013,0.07824883181698927
-517.6652514501833,411.6223451009675,0.0,5.09106794381424,0.770675003528595,0.0,0.0,0.63722825050354,0.7252384424209595,0.0,0.0,0.68849778175354,-0.33537347544397106
-516.147556886307,411.30915234828615,0.0,5.132292202333724,0.7726870179176331,0.0,0.0,0.6347872018814087,0.7279850244522095,0.0,0.0,0.6855930089950562,0.0761667985584295
-514.6195978659049,410.9838328015809,0.0,5.1789076529005085,0.774695098400116,0.0,0.0,0.6323349475860596,0.7306920886039734,0.0,0.0,0.6827071905136108,-0.33772779112916224
-513.0793318693972,410.6457082869928,0.0,5.231970774501978,0.7766991853713989,0.0,0.0,0.629871666431427,0.7333613038063049,0.0,0.0,0.679839015007019,0.07348684292199165
-511.5247975180202,410.29406875658714,0.0,5.291214353326351,0.7786989808082581,0.0,0.0,0.6273975968360901,0.7359955310821533,0.0,0.0,0.6769863367080688,-0.3407198910697871
-509.95462167653284,409.92829420032945,0.0,5.354627480015073,0.780694305896759,0.0,0.0,0.6249129772186279,0.7385966777801514,0.0,0.0,0.6741474866867065,0.07028415975589453
-508.36804620626515,409.54788070900065,0.0,5.4200802474436305,0.782684862613678,0.0,0.0,0.6224178075790405,0.7411672472953796,0.0,0.0,0.6713204979896545,-0.34402558639446174
-506.7649208156287,409.1524598519971,0.0,5.4854427484875075,0.7846707105636597,0.0,0.0,0.6199123859405518,0.743708610534668,0.0,0.0,0.6685039401054382,0.06698302333953715
-505.1456972666237,408.7418187928021,0.0,5.548585076022192,0.7866513729095459,0.0,0.0,0.6173970103263855,0.7462224960327148,0.0,0.0,0.6656964421272278,-0.34721459283560746
-503.51131830397736,408.3158929431529,0.0,5.607743868956959,0.788626492023468,0.0,0.0,0.6148722171783447,0.7487101554870605,0.0,0.0,0.662897527217865,0.0639952055145489
-501.8627546731008,407.87465879271974,0.0,5.6627639997440244,0.7905955910682678,0.0,0.0,0.6123383045196533,0.7511724829673767,0.0,0.0,0.6601059436798096,-0.3499933873198027
-500.20104499025393,407.41814320335936,0.0,5.713931285982447,0.7925583124160767,0.0,0.0,0.609795868396759,0.7536104321479797,0.0,0.0,0.6573212742805481,0.06141099913887099
-498.52731334737626,406.94642530861177,0.0,5.761531557043682,0.7945140600204468,0.0,0.0,0.6072455644607544,0.7560247182846069,0.0,0.0,0.654542863368988,-0.3523974414138044
-496.84260714278554,406.45959238111675,0.0,5.8058506422991805,0.7964622974395752,0.0,0.0,0.6046879887580872,0.7584164142608643,0.0,0.0,0.6517701148986816,0.059172661499704404
-495.14788933820137,405.9577350774413,0.0,5.847174371120404,0.7984026074409485,0.0,0.0,0.6021237969398499,0.7607858180999756,0.0,0.0,0.6490029096603394,-0.3544844984249773
-493.4440386394445,405.4409446439967,0.0,5.885788572878806,0.8003345727920532,0.0,0.0,0.5995535850524902,0.763133704662323,0.0,0.0,0.6462404727935791,0.05722244928968406
-491.7318497196262,404.9093100853179,0.0,5.921979076945846,0.8022574782371521,0.0,0.0,0.5969781875610352,0.7654600143432617,0.0,0.0,0.6434832811355591,-0.3563123016606864
-490.01203348573006,404.3629153084477,0.0,5.956031712692981,0.8041709065437317,0.0,0.0,0.5943980813026428,0.7677656412124634,0.0,0.0,0.6407306790351868,0.05550261920144495
-488.28521738939344,403.80183625571055,0.0,5.988232309491662,0.8060743808746338,0.0,0.0,0.5918140411376953,0.7700508236885071,0.0,0.0,0.6379823684692383,-0.3579385944282965
-486.55194578261916,403.22613803675307,0.0,6.018866696713349,0.8079676032066345,0.0,0.0,0.5892267823219299,0.7723154425621033,0.0,0.0,0.6352391242980957,0.05395542792762231
-484.8126803191109,402.6358720693818,0.0,6.048220703729498,0.8098500967025757,0.0,0.0,0.5866368412971497,0.7745603322982788,0.0,0.0,0.6324999332427979,-0.35942112003517274
-483.06780040192,402.0310732374452,0.0,6.07658015991157,0.8117215037345886,0.0,0.0,0.5840446949005127,0.7767851948738098,0.0,0.0,0.6297656297683716,0.05252313216085103
-481.31760367812154,401.4117570727816,0.0,6.104230894631015,0.8135812878608704,0.0,0.0,0.5814509987831116,0.7789903283119202,0.0,0.0,0.6270358562469482,-0.36081762178868004
-479.56230658130045,400.777916967108,0.0,6.131458737259291,0.8154295682907104,0.0,0.0,0.5788562893867493,0.7811760306358337,0.0,0.0,0.6243109107017517,0.05114798859376635
-477.80204492273623,400.1295214186325,0.0,6.158549517167854,0.8172656297683716,0.0,0.0,0.5762611031532288,0.7833425998687744,0.0,0.0,0.621590256690979,-0.3621858429961832
-476.0368745323152,399.4665113171659,0.0,6.185789063728166,0.819089412689209,0.0,0.0,0.5736658573150635,0.7854903340339661,0.0,0.0,0.6188740134239197,0.04977225391900314
-474.26677195038224,398.788797270566,0.0,6.213463206311677,0.8209006190299988,0.0,0.0,0.571071207523346,0.7876193523406982,0.0,0.0,0.6161622405052185,-0.36358352696504737
-472.49163517196854,398.09625697448206,0.0,6.241857774289846,0.8226991295814514,0.0,0.0,0.568477213382721,0.789729654788971,0.0,0.0,0.6134551763534546,0.04833818482919655
-470.7112844450938,397.38873262657876,0.0,6.271258597034128,0.8244847059249878,0.0,0.0,0.5658844113349915,0.7918215394020081,0.0,0.0,0.6107526421546936,-0.36506841700263737
-468.92546774653647,396.66603027277205,0.0,6.301935180548837,0.8262572288513184,0.0,0.0,0.5632930397987366,0.7938946485519409,0.0,0.0,0.6080553531646729,0.04678886242946384
-467.1339264649592,395.92794440052,0.0,6.333927666495189,0.8280166983604431,0.0,0.0,0.5607033371925354,0.7959501147270203,0.0,0.0,0.6053621768951416,-0.36668419912114003
-465.3364434344738,395.1742779286832,0.0,6.3671069459029255,0.8297630548477173,0.0,0.0,0.5581156611442566,0.7979879975318909,0.0,0.0,0.6026734709739685,0.04511314124725496
-463.5328438850785,394.4048440402903,0.0,6.40133995840168,0.8314961791038513,0.0,0.0,0.5555301904678345,0.8000082969665527,0.0,0.0,0.599989116191864,-0.3684131391463297
-461.72299524859216,393.619467557217,0.0,6.436493643621083,0.8332161903381348,0.0,0.0,0.5529469847679138,0.802011251449585,0.0,0.0,0.5973093509674072,0.0433377025998104
-459.9068069418154,392.8179862991682,0.0,6.472434941190764,0.8349230885505676,0.0,0.0,0.5503663420677185,0.8039970993995667,0.0,0.0,0.5946335792541504,-0.37022835619530353
-458.0842301258615,392.00025242694267,0.0,6.509030790740355,0.8366166949272156,0.0,0.0,0.5477884411811829,0.8059660196304321,0.0,0.0,0.5919621586799622,0.04148942737003308
-456.2552574405972,391.1661337696719,0.0,6.546148131899483,0.8382971286773682,0.0,0.0,0.5452131628990173,0.8079182505607605,0.0,0.0,0.5892947912216187,-0.37210296938515847
-454.4199227131396,390.31551513545554,0.0,6.583653904297781,0.8399645090103149,0.0,0.0,0.5426409244537354,0.80985426902771,0.0,0.0,0.5866313576698303,0.03959519644082615
-452.5783006393606,389.44829960455945,0.0,6.6214150475648745,0.8416187763214111,0.0,0.0,0.5400717258453369,0.8117738962173462,0.0,0.0,0.5839719176292419,-0.3740100978329915
-450.730506437373,388.56440980409974,0.0,6.659298501330399,0.8432599902153015,0.0,0.0,0.5375055074691772,0.8136776089668274,0.0,0.0,0.5813162922859192,0.03768189069509259
-448.87669547200136,387.66378916291455,0.0,6.697171205223982,0.8448881506919861,0.0,0.0,0.5349426865577698,0.8155654072761536,0.0,0.0,0.5786646604537964,-0.37592286065589975
-447.0170628492802,386.74640314512254,0.0,6.734900098875252,0.8465033173561096,0.0,0.0,0.532383143901825,0.8174377083778381,0.0,0.0,0.5760168433189392,0.03577639101573554
-445.1518429800596,385.81224046066274,0.0,6.77235212191384,0.8481054306030273,0.0,0.0,0.5298271775245667,0.8192940950393677,0.0,0.0,0.5733736157417297,-0.3778143769709799
-443.28130911187213,384.86131425096005,0.0,6.809394213969382,0.8496946692466736,0.0,0.0,0.5272747278213501,0.8211354613304138,0.0,0.0,0.5707335472106934,0.0339055782856576
-441.4057728282659,383.8936632476885,0.0,6.845893314671498,0.8512709140777588,0.0,0.0,0.5247260332107544,0.822961688041687,0.0,0.0,0.5680970549583435,-0.37965776589532924
-439.5255771711621,382.9093495573355,0.0,6.881739614803499,0.8528344035148621,0.0,0.0,0.5221811532974243,0.8247725963592529,0.0,0.0,0.5654647350311279,0.03209515908707172
-437.64107078388133,381.9084459900068,0.0,6.916916590320261,0.8543850183486938,0.0,0.0,0.519640326499939,0.8265684843063354,0.0,0.0,0.562836229801178,-0.38143438082041825
-435.752601428146,380.89103272381993,0.0,6.951431108820203,0.8559226989746094,0.0,0.0,0.5171036720275879,0.8283493518829346,0.0,0.0,0.5602117776870728,0.030352001587074684
-433.8605159350217,379.8571972120021,0.0,6.985290037901781,0.8574475646018982,0.0,0.0,0.5145711302757263,0.830115795135498,0.0,0.0,0.5575910210609436,-0.3831444277437303
-431.9651601557364,378.80703408624044,0.0,7.018500245163447,0.8589596748352051,0.0,0.0,0.5120429992675781,0.8318673968315125,0.0,0.0,0.5549745559692383,0.028674718392041054
-430.06687891243513,377.7406450564629,0.0,7.051068598203653,0.8604589700698853,0.0,0.0,0.5095194578170776,0.8336042761802673,0.0,0.0,0.5523622035980225,-0.3847892940588922
-428.1660159489301,376.65813880722993,0.0,7.083001964620848,0.861945629119873,0.0,0.0,0.5070005059242249,0.8353265523910522,0.0,0.0,0.5497540235519409,0.02706192210834424
-426.26291388150554,375.5596308909136,0.0,7.114307212013487,0.8634196519851685,0.0,0.0,0.5044863224029541,0.8370347023010254,0.0,0.0,0.547149658203125,-0.38637036715953044
-424.3579141498367,374.44524361783994,0.0,7.144991207980016,0.8648809194564819,0.0,0.0,0.5019769668579102,0.8387284874916077,0.0,0.0,0.544549822807312,0.02551222534235792
-422.45135696807836,373.3151059435661,0.0,7.175060820118894,0.866329550743103,0.0,0.0,0.49947264790534973,0.8404080867767334,0.0,0.0,0.5419541597366333,-0.38788903443927175
-420.54358127618195,372.1693533534647,0.0,7.2045229160285675,0.8677655458450317,0.0,0.0,0.49697357416152954,0.8420733213424683,0.0,0.0,0.5393631458282471,0.024024240700455224
-418.6349246914969,371.00812774478374,0.0,7.23338436330749,0.8691889047622681,0.0,0.0,0.4944799542427063,0.8437244296073914,0.0,0.0,0.536776602268219,-0.38934668329174255
-416.7257234607104,369.8315773063478,0.0,7.2616520295541145,0.8705995082855225,0.0,0.0,0.49199217557907104,0.8453615307807922,0.0,0.0,0.5341945290565491,0.0225965807890095
-414.8163124121809,368.639856396065,0.0,7.28933278236689,0.8719972372055054,0.0,0.0,0.4895106554031372,0.8469847440719604,0.0,0.0,0.5316171050071716,-0.39074470111056964
-412.9070249087187,367.43312541640216,0.0,7.316433489344266,0.8733818531036377,0.0,0.0,0.4870358407497406,0.8485941886901855,0.0,0.0,0.5290442109107971,0.0212278582143946
-410.9981928008674,366.2115506879867,0.0,7.342961018084702,0.8747531771659851,0.0,0.0,0.4845685660839081,0.8501895070075989,0.0,0.0,0.5264765620231628,-0.3920844752893795
-409.0901463807346,364.9753043214923,0.0,7.368922236186644,0.8761107921600342,0.0,0.0,0.48210957646369934,0.8517712354660034,0.0,0.0,0.5239138007164001,0.019916685582983373
-407.18321433642745,363.724564087964,0.0,7.3943240112485435,0.8774542808532715,0.0,0.0,0.47965988516807556,0.8533394932746887,0.0,0.0,0.5213555693626404,-0.3933673932217987
-405.27772370713774,362.45951328773225,0.0,7.4191732108688555,0.8787833452224731,0.0,0.0,0.4772205650806427,0.8548940420150757,0.0,0.0,0.5188024640083313,0.018661675501149444
-403.3739998389294,361.18034061806776,0.0,7.443476702646026,0.8800973892211914,0.0,0.0,0.47479286789894104,0.856435239315033,0.0,0.0,0.516254186630249,-0.39459484230145375
-401.47236634127427,359.8872400397227,0.0,7.467241354178513,0.8813957571983337,0.0,0.0,0.47237831354141235,0.8579628467559814,0.0,0.0,0.5137113928794861,0.017461440575266274
-399.5731450443823,358.5804106425025,0.0,7.490474033064766,0.8826777338981628,0.0,0.0,0.4699784219264984,0.8594774007797241,0.0,0.0,0.5111734867095947,-0.39576820992197165
-397.67665595737384,357.26005651000975,0.0,7.513181606903235,0.8839426040649414,0.0,0.0,0.46759524941444397,0.8609786629676819,0.0,0.0,0.5086408257484436,0.016314593411707323
-395.7832172273366,355.92638658369947,0.0,7.535370943292373,0.8851893544197083,0.0,0.0,0.46523070335388184,0.8624669909477234,0.0,0.0,0.5061130523681641,-0.39688888347697865
-393.89314503091725,354.5796144773659,0.0,7.557049183942801,0.8864169716835022,0.0,0.0,0.4628872573375702,0.86394202709198,0.0,0.0,0.503591001033783,0.015219732772796812
-392.0067511700583,353.21995662287355,0.0,7.578233001867384,0.8876245021820068,0.0,0.0,0.460567444562912,0.8654042482376099,0.0,0.0,0.5010740756988525,-0.39795877327114954
-390.1243399810675,351.847629944222,0.0,7.598950837525942,0.8888106942176819,0.0,0.0,0.45827415585517883,0.8668530583381653,0.0,0.0,0.4985635578632355,0.014173377436505985
-388.2461125270751,350.46285161938204,0.0,7.619231858955855,0.8899742364883423,0.0,0.0,0.45601025223731995,0.8682873845100403,0.0,0.0,0.49606120586395264,-0.3989830672827613
-386.3720117390933,349.065839073157,0.0,7.639105234194503,0.8911142349243164,0.0,0.0,0.4537787437438965,0.8697062730789185,0.0,0.0,0.4935694932937622,0.01316967161637228
-384.5019281114888,347.6568094044819,0.0,7.658600131279264,0.892229437828064,0.0,0.0,0.45158207416534424,0.8711087107658386,0.0,0.0,0.49109017848968506,-0.39996765804461787
-382.6357393339196,346.23597908723167,0.0,7.67774571824752,0.8933190107345581,0.0,0.0,0.4494228661060333,0.8724938035011292,0.0,0.0,0.4886252284049988,0.012202722779591613
-380.7733105450414,344.80356374307365,0.0,7.696571163136647,0.8943821787834167,0.0,0.0,0.4473034143447876,0.8738605380058289,0.0,0.0,0.4861767292022705,-0.40091843808952327
-378.91449457367685,343.3597779239556,0.0,7.7151056339840265,0.8954182267189026,0.0,0.0,0.4452260136604309,0.8752080202102661,0.0,0.0,0.48374679684638977,0.011266638393360284
-377.0591321671082,341.90483490451294,0.0,7.733378298827038,0.8964263796806335,0.0,0.0,0.44319263100624084,0.8765356540679932,0.0,0.0,0.48133695125579834,-0.4018412999502814
-375.2070522061572,340.4389464846604,0.0,7.751418325703062,0.8974060416221619,0.0,0.0,0.44120538234710693,0.8778426051139832,0.0,0.0,0.47894930839538574,0.010355525924874265
-373.3580719067386,338.96232280262603,0.0,7.769254882649475,0.8983568549156189,0.0,0.0,0.4392661452293396,0.8791279196739197,0.0,0.0,0.47658583521842957,-0.40274213615969623
-371.5119970075807,337.4751721586767,0.0,7.786917137703657,0.8992783427238464,0.0,0.0,0.4373767673969269,0.8803910613059998,0.0,0.0,0.47424834966659546,0.009463492841329746
-369.6686219438181,335.9777008497698,0.0,7.8044342589029885,0.9001699686050415,0.0,0.0,0.4355388581752777,0.8816316723823547,0.0,0.0,0.4719381034374237,-0.4036268392505716
-367.8277300061714,334.47011301536156,0.0,7.821835414284851,0.9010313153266907,0.0,0.0,0.4337538778781891,0.8828486204147339,0.0,0.0,0.4696575403213501,0.00858464660992253
-365.9890934854383,332.95261049459504,0.0,7.83914977188662,0.9018622636795044,0.0,0.0,0.4320235550403595,0.8840417861938477,0.0,0.0,0.4674076735973358,-0.4045013017557114
-364.1524738020248,331.4253926950812,0.0,7.856406499745678,0.9026623964309692,0.0,0.0,0.4303491711616516,0.8852103352546692,0.0,0.0,0.4651906192302704,0.007713094697848921
-362.3176216202566,329.88865647348524,0.0,7.8736347658994035,0.9034315347671509,0.0,0.0,0.4287321865558624,0.8863541483879089,0.0,0.0,0.4630076587200165,-0.4053714162079198
-360.48427694720687,328.3425960281215,0.0,7.890863738385177,0.9041693210601807,0.0,0.0,0.4271738529205322,0.8874724507331848,0.0,0.0,0.4608604311943054,0.006842944572304777
-358.65216921578974,326.78740280375996,0.0,7.908122585240374,0.9048758149147034,0.0,0.0,0.42567548155784607,0.8885648846626282,0.0,0.0,0.4587506055831909,-0.4062430751400004
-356.8210173518652,325.22326540884495,0.0,7.925440474502379,0.9055505394935608,0.0,0.0,0.42423826456069946,0.8896309733390808,0.0,0.0,0.45667973160743713,0.005968303700486399
-354.99052982510136,323.65036954532115,0.0,7.94284657420857,0.9061934351921082,0.0,0.0,0.42286333441734314,0.8906703591346741,0.0,0.0,0.45464950799942017,-0.40712217108475757
-353.16040468334523,322.06889795126625,0.0,7.960370052396321,0.9068043828010559,0.0,0.0,0.42155158519744873,0.8916827440261841,0.0,0.0,0.4526606798171997,0.00508327954958987
-351.33032957024506,320.47903035652917,0.0,7.978040077103022,0.9073754549026489,0.0,0.0,0.42030069231987,0.8926678895950317,0.0,0.0,0.4507148265838623,-0.40801459657499495
-349.4999817258678,318.8809434515699,0.0,7.995885816366043,0.9079157710075378,0.0,0.0,0.41911596059799194,0.8936251997947693,0.0,0.0,0.44881370663642883,0.004181979586810991
-347.6690279700522,317.27481086970806,0.0,8.013936438222768,0.9084250926971436,0.0,0.0,0.4179983139038086,0.8945543766021729,0.0,0.0,0.44695886969566345,-0.4089262441435164
-345.83712466822686,315.6608031829811,0.0,8.032221110710575,0.9089030623435974,0.0,0.0,0.41694846749305725,0.8954554796218872,0.0,0.0,0.44515079259872437,0.0032585112793460103
-344.003917679423,314.039087911827,0.0,8.050769001866843,0.9093494415283203,0.0,0.0,0.4159672260284424,0.8963282108306885,0.0,0.0,0.4433908760547638,-0.40986300632312594
-342.16904228619586,312.40982954880565,0.0,8.069609279728953,0.9097639322280884,0.0,0.0,0.41505545377731323,0.8971719741821289,0.0,0.0,0.44168099761009216,0.0023069820943909525
-340.33212310616506,310.77318959658413,0.0,8.088771112334284,0.9101464152336121,0.0,0.0,0.4142138361930847,0.897986888885498,0.0,0.0,0.4400220215320587,-0.41083077564662746
-338.49277398486714,309.129326620416,0.0,8.108283667720217,0.9104964733123779,0.0,0.0,0.4134431779384613,0.8987727761268616,0.0,0.0,0.43841487169265747,0.0013214994991417317
-336.65059786960705,307.47839631535726,0.0,8.128176113924127,0.9108139276504517,0.0,0.0,0.4127442240715027,0.899528980255127,0.0,0.0,0.4368608593940735,-0.4118354446468249
-334.80518666397575,305.82055158847027,0.0,8.148477618983398,0.9110985994338989,0.0,0.0,0.4121174216270447,0.9002557396888733,0.0,0.0,0.4353611171245575,0.00029617096079470606
-332.95612106268726,304.1559426562769,0.0,8.169217350935408,0.9113503098487854,0.0,0.0,0.4115634858608246,0.9009528160095215,0.0,0.0,0.43391668796539307,-0.4128829058565224
-331.1029703663737,302.4847171577401,0.0,8.190424477817537,0.911568820476532,0.0,0.0,0.41108301281929016,0.9016198515892029,0.0,0.0,0.4325290024280548,-0.0007748960534542104
-329.2452922759542,300.80702028305893,0.0,8.21212816766716,0.9117539525032043,0.0,0.0,0.410676509141922,0.9022567272186279,0.0,0.0,0.43119892477989197,-0.4139790518085235
-327.38263266617605,299.1229949185874,0.0,8.23435758852166,0.9119054079055786,0.0,0.0,0.41034451127052307,0.9028633832931519,0.0,0.0,0.4299272894859314,-0.0018975940764088262
-325.5145317168569,297.43278758119743,0.0,8.257113717018207,0.91202312707901,0.0,0.0,0.41008737683296204,0.9034395813941956,0.0,0.0,0.4287150502204895,-0.415128351227541
-323.6405603961818,295.7365818724157,0.0,8.280235234937058,0.9121069312095642,0.0,0.0,0.4099056124687195,0.9039852023124695,0.0,0.0,0.427563339471817,-0.003065347506653826
-321.7603334430846,294.03461064634223,0.0,8.303502864753506,0.9121565818786621,0.0,0.0,0.4097995460033417,0.9045000076293945,0.0,0.0,0.4264732599258423,-0.41630348404655354
-319.8735093896082,292.3271562535047,0.0,8.326697256718182,0.9121719598770142,0.0,0.0,0.4097694456577301,0.9049838781356812,0.0,0.0,0.4254456162452698,-0.00423678144426376
-317.97979070526935,290.6145506628389,0.0,8.349599061081719,0.9121529459953308,0.0,0.0,0.40981554985046387,0.9054365754127502,0.0,0.0,0.42448121309280396,-0.4174601408325907
-316.0789240824498,288.89717547444377,0.0,8.371988928094742,0.9120993614196777,0.0,0.0,0.4099380671977997,0.9058580994606018,0.0,0.0,0.4235808253288269,-0.005367582808557869
-314.17070086540696,287.1754618209932,0.0,8.393647508007875,0.9120110273361206,0.0,0.0,0.4101370871067047,0.9062482118606567,0.0,0.0,0.4227457344532013,-0.41855400850497115
-312.2549576253603,285.44989015577715,0.0,8.41435545107175,0.9118879437446594,0.0,0.0,0.4104125201702118,0.9066067337989807,0.0,0.0,0.4219762682914734,-0.006413438518854564
-310.3315768838675,283.7209899254782,0.0,8.433893407536988,0.9117299318313599,0.0,0.0,0.4107644557952881,0.9069333672523499,0.0,0.0,0.42127376794815063,-0.41954077398301354
-308.40048798639606,281.98933912599006,0.0,8.452042027654228,0.9115370512008667,0.0,0.0,0.41119247674942017,0.9072239995002747,0.0,0.0,0.42063644528388977,-0.0073300354944726975
-306.4616681276042,280.2555637398543,0.0,8.468581961674094,0.9113091826438904,0.0,0.0,0.4116963744163513,0.9074834585189819,0.0,0.0,0.42006802558898926,-0.42037612418603704
-304.5151435293741,278.52033705421985,0.0,8.483293859847208,0.9110464453697205,0.0,0.0,0.4122757315635681,0.9077117443084717,0.0,0.0,0.4195687472820282,-0.008073060654731068
-302.5609907720785,276.78437885861985,0.0,8.495958372424205,0.9107487797737122,0.0,0.0,0.4129299521446228,0.9079082608222961,0.0,0.0,0.419139564037323,-0.4210157460333601
-300.59933827893565,275.0484545223271,0.0,8.506356149655709,0.9104163646697998,0.0,0.0,0.41365838050842285,0.9080729484558105,0.0,0.0,0.41878053545951843,-0.008598200918948362
-298.6303679525764,273.31337395156226,0.0,8.51426784179235,0.910049319267273,0.0,0.0,0.4144602119922638,0.9082053899765015,0.0,0.0,0.41849255561828613,-0.4214153264443016
-296.65431696216103,271.57999042742534,0.0,8.519474099084755,0.9096477031707764,0.0,0.0,0.4153347909450531,0.9083053469657898,0.0,0.0,0.41827592253685,-0.0088611432064436
-294.67147967848996,269.8491993260636,0.0,8.521755571783553,0.9092113971710205,0.0,0.0,0.41628172993659973,0.9083726406097412,0.0,0.0,0.4181307852268219,-0.42153055233818026
-292.6822106937625,268.12193753739234,0.0,8.52088888999563,0.9087401628494263,0.0,0.0,0.41730108857154846,0.9084070324897766,0.0,0.0,0.41805747151374817,-0.008817371398972762
-290.6869493792124,266.3992011641943,0.0,8.516555581383813,0.9082333445549011,0.0,0.0,0.4183935523033142,0.9084082245826721,0.0,0.0,0.4180564284324646,-0.4213116983678864
-288.68624543703464,264.6820631369509,0.0,8.508340581453805,0.9076991081237793,0.0,0.0,0.4195646643638611,0.9083760976791382,0.0,0.0,0.41812747716903687,-0.008402472412608775
-286.6807633572622,262.97167182369446,0.0,8.49582450760241,0.9071264863014221,0.0,0.0,0.4208119809627533,0.9083105325698853,0.0,0.0,0.41827064752578735,-0.4206795734258968
-284.67128611543956,261.2692485640401,0.0,8.478587977226422,0.9065139293670654,0.0,0.0,0.42213866114616394,0.9082112908363342,0.0,0.0,0.418486088514328,-0.007531940575437601
-282.6587190985339,259.5760850159411,0.0,8.456211607722636,0.9058592915534973,0.0,0.0,0.4235486686229706,0.9080784320831299,0.0,0.0,0.4187733829021454,-0.41954945375398844
-280.6440942400657,257.89354032837457,0.0,8.428276016487857,0.9051597714424133,0.0,0.0,0.42504703998565674,0.9079118967056274,0.0,0.0,0.4191320240497589,-0.006121052129236637
-278.6285743418515,256.2230381558284,0.0,8.394361820918872,0.9044122099876404,0.0,0.0,0.4266400933265686,0.9077117443084717,0.0,0.0,0.4195616543292999,-0.4178366155939387
-276.6134575559385,254.5660635333123,0.0,8.354049638412487,0.9036122560501099,0.0,0.0,0.4283352494239807,0.9074777364730835,0.0,0.0,0.42006221413612366,-0.004085083315782834
-274.6001819962862,252.9241596336314,0.0,8.306920086365489,0.9027552008628845,0.0,0.0,0.430141419172287,0.9072102904319763,0.0,0.0,0.42063233256340027,-0.4154563351875247
-272.59033044553047,251.29892443181672,0.0,8.252553782174685,0.9018354415893555,0.0,0.0,0.4320691227912903,0.9069146513938904,0.0,0.0,0.42127370834350586,-0.0013393103768533643
-270.5856351178059,249.6920073049057,0.0,8.190531343236865,0.900846004486084,0.0,0.0,0.4341302216053009,0.9065865874290466,0.0,0.0,0.4219833314418793,-0.41232388877652365
-268.5879824340831,248.10510559864588,0.0,8.120433386948832,0.899779200553894,0.0,0.0,0.4363385736942291,0.906226396560669,0.0,0.0,0.4227597713470459,0.0022009904457745977
-266.5994177618927,246.5399611961717,0.0,8.041840530707377,0.8986259698867798,0.0,0.0,0.4387098550796509,0.9058346748352051,0.0,0.0,0.42360150814056396,-0.40835455260271286
-264.622128455658,244.99834035865356,0.0,7.954420100538796,0.8973761796951294,0.0,0.0,0.4412617087364197,0.905411958694458,0.0,0.0,0.4245070815086365,0.006616163686612053
-262.6582031316474,243.48184279264632,0.0,7.858815799897122,0.8960180878639221,0.0,0.0,0.444013774394989,0.9049575924873352,0.0,0.0,0.4254773259162903,-0.40352605257030505
-260.7094738354701,241.99179131352238,0.0,7.756286561097903,0.8945385813713074,0.0,0.0,0.44698795676231384,0.9044663906097412,0.0,0.0,0.42652297019958496,0.011794408070410989
-258.77751787976837,240.5302585586465,0.0,7.648100929950406,0.8929232954978943,0.0,0.0,0.4502065181732178,0.9039278030395508,0.0,0.0,0.4276652932167053,-0.39806213180527994
-256.86366140896973,239.10109333694228,0.0,7.535527452263893,0.8911594748497009,0.0,0.0,0.45368853211402893,0.903331995010376,0.0,0.0,0.4289242625236511,0.017479937246497435
-254.96894649036392,237.70785935087076,0.0,7.419834673847625,0.8892349004745483,0.0,0.0,0.45744943618774414,0.9026694297790527,0.0,0.0,0.4303186535835266,-0.3922190621882966
-253.09411849973412,236.35355199990948,0.0,7.302291140510878,0.8871387839317322,0.0,0.0,0.4615015685558319,0.901931643486023,0.0,0.0,0.431864470243454,0.02341647933421187
-251.23961669489475,235.0406162744021,0.0,7.1841653980629125,0.8848609924316406,0.0,0.0,0.46585434675216675,0.9011104106903076,0.0,0.0,0.43357664346694946,-0.3862531156000155
-249.405564651974,233.7709728160032,0.0,7.066725992312993,0.8823919892311096,0.0,0.0,0.4705142378807068,0.9001984000205994,0.0,0.0,0.4354685842990875,0.02934776245289472
-247.5917606285797,232.54605118821448,0.0,6.951241469070385,0.8797232508659363,0.0,0.0,0.4754854142665863,0.8991879224777222,0.0,0.0,0.43755215406417847,-0.38042056392109597
-245.797667905216,231.36682945271122,0.0,6.838980374144345,0.8768466711044312,0.0,0.0,0.4807695746421814,0.8980724215507507,0.0,0.0,0.4398380517959595,0.03501751472188663
-244.02240514172556,230.2338792284704,0.0,6.731211253344157,0.8737545013427734,0.0,0.0,0.4863666594028473,0.8968448638916016,0.0,0.0,0.4423365890979767,-0.3749776790321976
-242.264736769274,229.14741551873792,0.0,6.629202652479078,0.8704394698143005,0.0,0.0,0.49227505922317505,0.8954984545707703,0.0,0.0,0.4450567662715912,0.04016946426052698
-240.52307857808188,228.1073596114092,0.0,6.534166401247893,0.8668943047523499,0.0,0.0,0.4984916150569916,0.8940266370773315,0.0,0.0,0.44800683856010437,-0.3701778683639559
-238.79581345658838,227.11357867665686,0.0,6.446105049173534,0.8631119132041931,0.0,0.0,0.5050123333930969,0.8924223780632019,0.0,0.0,0.4511946439743042,0.04461700729458545
-237.08160370093785,226.16608192108643,0.0,6.363862497974867,0.8590853810310364,0.0,0.0,0.5118319392204285,0.8906789422035217,0.0,0.0,0.4546270966529846,-0.36602420416200293
-235.3794112814777,225.26501935399452,0.0,6.286236065542382,0.8548080325126648,0.0,0.0,0.5189440846443176,0.8887893557548523,0.0,0.0,0.4583108127117157,0.04853753418511497
-233.68850587545106,224.4106666835628,0.0,6.212023069766573,0.8502732515335083,0.0,0.0,0.5263412594795227,0.8867464065551758,0.0,0.0,0.46225154399871826,-0.3622760730622146
-232.00847298746632,223.60340456010945,0.0,6.140020828537932,0.8454752564430237,0.0,0.0,0.5340145230293274,0.8845434784889221,0.0,0.0,0.46645358204841614,0.05217401101484431
-230.33922215482716,222.84369260133013,0.0,6.069026659746951,0.8404087424278259,0.0,0.0,0.5419530868530273,0.8821732401847839,0.0,0.0,0.4709210991859436,-0.35869050898186206
-228.68099522720792,222.13203861913414,0.0,5.997837881284131,0.8350695371627808,0.0,0.0,0.5501444339752197,0.8796291947364807,0.0,0.0,0.47565653920173645,0.05576940386650192
-227.03437470098208,221.46896347791127,0.0,5.925251811039957,0.8294546008110046,0.0,0.0,0.5585741400718689,0.8769048452377319,0.0,0.0,0.4806608259677887,-0.3550245458382169
-225.40029207781197,220.85496204837818,0.0,5.850065766904928,0.8235624432563782,0.0,0.0,0.5672256350517273,0.873993992805481,0.0,0.0,0.4859338700771332,0.05956667882281652
-223.78003620500147,220.29046077819257,0.0,5.77107706676953,0.8173933029174805,0.0,0.0,0.5760799050331116,0.8708911538124084,0.0,0.0,0.4914732873439789,-0.3510352175485503
-222.17526154166342,219.7757724788903,0.0,5.687083028524268,0.8109496235847473,0.0,0.0,0.5851158499717712,0.8675913214683533,0.0,0.0,0.4972754716873169,0.06380880196651662
-220.58797624823802,219.31104344373904,0.0,5.596951428377471,0.8042359352111816,0.0,0.0,0.5943099856376648,0.8640905618667603,0.0,0.0,0.503334105014801,-0.3464831165310353
-219.0200785428797,218.89608957057857,0.0,5.501198670237651,0.7972592115402222,0.0,0.0,0.6036369204521179,0.860385537147522,0.0,0.0,0.5096415877342224,0.0686447998523661
-217.47287439803154,218.53030805065347,0.0,5.402005541892885,0.7900288105010986,0.0,0.0,0.6130695939064026,0.8564739227294922,0.0,0.0,0.5161881446838379,-0.34147336257422894
-215.9470402475988,218.2127591652556,0.0,5.301626440774349,0.7825556397438049,0.0,0.0,0.6225805878639221,0.8523539900779724,0.0,0.0,0.522963285446167,0.07371445142400929
-214.44260670154046,217.94225921176465,0.0,5.20231576431324,0.7748523950576782,0.0,0.0,0.6321421265602112,0.8480247259140015,0.0,0.0,0.5299547910690308,-0.3364576718438699
-212.95894263860873,217.71747644631174,0.0,5.10632790994073,0.7669328451156616,0.0,0.0,0.6417271494865417,0.8434857130050659,0.0,0.0,0.5371499061584473,0.07856232285696435
-211.49473971829593,217.53702915824994,0.0,5.0159172750880066,0.7588114738464355,0.0,0.0,0.6513100266456604,0.8387367725372314,0.0,0.0,0.5445356965065002,-0.3318914781644394
-210.04810386485693,217.39959397259386,0.0,4.932975706891844,0.75050288438797,0.0,0.0,0.660866916179657,0.8337780833244324,0.0,0.0,0.5520986318588257,0.08275129094767966
-208.61706865259444,217.30401981917575,0.0,4.857614590177239,0.7420213222503662,0.0,0.0,0.6703761219978333,0.8286100625991821,0.0,0.0,0.5598253607749939,-0.3280853611586514
-207.19975683178072,217.24934567128486,0.0,4.789399647632237,0.7333808541297913,0.0,0.0,0.6798179149627686,0.8232340216636658,0.0,0.0,0.5677012205123901,0.08619649006611418
-205.7943836101888,217.234791111653,0.0,4.727896459745561,0.7245948910713196,0.0,0.0,0.689175009727478,0.8176549673080444,0.0,0.0,0.5757076740264893,-0.3249791395482132
-204.39946940672414,217.2596142417051,0.0,4.672670607005929,0.7156751751899719,0.0,0.0,0.6984331607818604,0.811882495880127,0.0,0.0,0.5838199853897095,0.08898567454791378
-203.01470382761562,217.3225593071321,0.0,4.623287669902056,0.706631600856781,0.0,0.0,0.7075815200805664,0.8059263229370117,0.0,0.0,0.5920150876045227,-0.3224850518156944
-201.64015348601689,217.42234490980906,0.0,4.579313228922667,0.6974712610244751,0.0,0.0,0.7166126370429993,0.7997950315475464,0.0,0.0,0.6002724766731262,0.09120660591050925
-200.27591210300616,217.55787342812863,0.0,4.540312864556477,0.6881988048553467,0.0,0.0,0.7255221605300903,0.7934960722923279,0.0,0.0,0.6085747480392456,-0.32051533644366464
-198.92212004220937,217.72820747685375,0.0,4.505852157292209,0.6788167357444763,0.0,0.0,0.7343076467514038,0.7870354652404785,0.0,0.0,0.6169072389602661,0.09294704567133091
-197.57898103775625,217.93254746908042,0.0,4.475496687618575,0.6693260073661804,0.0,0.0,0.7429687976837158,0.7804182767868042,0.0,0.0,0.6252571940422058,-0.3189822319146933
-196.24677614510188,218.1702102598718,0.0,4.4488120360243,0.6597253680229187,0.0,0.0,0.7515068054199219,0.7736487984657288,0.0,0.0,0.633614182472229,0.09429475534780948
-194.92587511097526,218.4406087366456,0.0,4.425363782998102,0.6500123143196106,0.0,0.0,0.7599236965179443,0.766730010509491,0.0,0.0,0.6419692635536194,-0.31779797671134996
-193.61674542018594,218.7432322137107,0.0,4.4047171777838985,0.6401827335357666,0.0,0.0,0.7682225108146667,0.7596640586853027,0.0,0.0,0.6503152251243591,0.09533751318691067
-192.3199644480454,219.0776260712512,0.0,4.386418810153675,0.6302316784858704,0.0,0.0,0.77640700340271,0.7524522542953491,0.0,0.0,0.6586463451385498,-0.31687381673002557
-191.03623199929228,219.44337036255638,0.0,4.369987025613845,0.6201527118682861,0.0,0.0,0.7844809889793396,0.7450956106185913,0.0,0.0,0.6669572591781616,0.09616740129498288
-189.76637274020345,219.8400602090122,0.0,4.35493781759768,0.609938383102417,0.0,0.0,0.7924486994743347,0.7375937104225159,0.0,0.0,0.6752445697784424,-0.31611375571910816
-188.51133566360235,220.26728687901914,0.0,4.3407871795384505,0.599580705165863,0.0,0.0,0.8003141283988953,0.7299458384513855,0.0,0.0,0.6835047602653503,0.096882079984843
-187.27219134583484,220.72461936778242,0.0,4.327051104869423,0.5890709161758423,0.0,0.0,0.8080812096595764,0.7221502661705017,0.0,0.0,0.691736102104187,-0.3154200145742078
-186.05012704434594,221.21158644496938,0.0,4.313245587023868,0.5783997178077698,0.0,0.0,0.8157532811164856,0.7142051458358765,0.0,0.0,0.6999362707138062,0.09757932836088115
-184.84643968261273,221.72765915189996,0.0,4.298886619435056,0.5675573945045471,0.0,0.0,0.8233335614204407,0.706108033657074,0.0,0.0,0.7081040143966675,-0.3146948141909345
-183.66252677246018,222.27223374392963,0.0,4.283490195536258,0.5565342903137207,0.0,0.0,0.8308243155479431,0.6978555917739868,0.0,0.0,0.7162383794784546,0.09835692552748712
-182.49987533212078,222.8446150870451,0.0,4.266572308760738,0.5453213453292847,0.0,0.0,0.8382267951965332,0.6894447207450867,0.0,0.0,0.7243382334709167,-0.3138403754648981
-181.3600487493161,223.44400059688,0.0,4.247649412355831,0.5339101552963257,0.0,0.0,0.8455409407615662,0.6808724999427795,0.0,0.0,0.7324019074440002,0.09931262736611879
-180.244618832486,224.06949537115761,0.0,4.226440937219028,0.5222935676574707,0.0,0.0,0.8527654409408569,0.6721346378326416,0.0,0.0,0.7404289841651917,-0.3127692403569788
-179.15502037453763,224.72018640742493,0.0,4.203187126219884,0.5104660987854004,0.0,0.0,0.8598976135253906,0.663227379322052,0.0,0.0,0.7484180331230164,0.10048706226506546
-178.0925310712882,225.39516582608664,0.0,4.1782105880280715,0.4984241724014282,0.0,0.0,0.8669331669807434,0.654146671295166,0.0,0.0,0.7563677430152893,-0.31150779903416
-177.0582755001996,226.0935430117503,0.0,4.151833931313259,0.48616597056388855,0.0,0.0,0.8738663196563721,0.6448882222175598,0.0,0.0,0.7642768621444702,0.10181921664460145
-176.05323048668697,226.8144564085701,0.0,4.124379764745121,0.4736924469470978,0.0,0.0,0.8806901574134827,0.6354483366012573,0.0,0.0,0.7721433639526367,-0.3101212249650621
-175.07823178921356,227.55708495058917,0.0,4.096170696993331,0.4610072076320648,0.0,0.0,0.8873962759971619,0.6258220076560974,0.0,0.0,0.7799657583236694,0.103243917036106
-174.13398203206663,228.32065911478907,0.0,4.067529336727562,0.44811686873435974,0.0,0.0,0.8939749002456665,0.6160058975219727,0.0,0.0,0.7877414226531982,-0.3086746916183061
-173.22105981473743,229.10447159095088,0.0,4.038778292617482,0.43503084778785706,0.0,0.0,0.9004155397415161,0.6059948205947876,0.0,0.0,0.7954683899879456,0.1046959899709585
-172.33992992912098,229.90788756855517,0.0,4.010240173332768,0.4217621088027954,0.0,0.0,0.9067063927650452,0.5957849621772766,0.0,0.0,0.8031438589096069,-0.3072333724625125
-171.49095462028137,230.73035464676425,0.0,3.982237587543089,0.4083268940448761,0.0,0.0,0.9128355383872986,0.5853719711303711,0.0,0.0,0.810764729976654,0.1061102619805383
-170.67440583316446,231.57141237909835,0.0,3.95509314391812,0.39474496245384216,0.0,0.0,0.9187904596328735,0.5747513175010681,0.0,0.0,0.8183279633522034,-0.3058624409663019
-169.89047839637,232.43070146969802,0.0,3.9291294511275328,0.3810390532016754,0.0,0.0,0.924558699131012,0.5639188289642334,0.0,0.0,0.8258301019668579,0.10742155959622449
-169.13930410480265,233.30797264310485,0.0,3.9046691178409985,0.3672352433204651,0.0,0.0,0.9301278591156006,0.5528712868690491,0.0,0.0,0.8332666754722595,-0.3046270705982951
-168.42096667565596,234.20309521428277,0.0,3.882034752728189,0.35336241126060486,0.0,0.0,0.9354863166809082,0.5416044592857361,0.0,0.0,0.8406335115432739,0.10856470934939666
-167.7355175666977,235.11606539014525,0.0,3.8615489644587813,0.33945193886756897,0.0,0.0,0.9406232833862305,0.5301212668418884,0.0,0.0,0.8479219675064087,-0.30359243482711284
-167.08294296507913,236.04698517778493,0.0,3.843534361702444,0.3255372643470764,0.0,0.0,0.9455291032791138,0.5184369087219238,0.0,0.0,0.8551160097122192,0.10947453777143387
-166.46256823064866,236.99570933361153,0.0,3.8283101684748972,0.31165042519569397,0.0,0.0,0.9501967430114746,0.5065737962722778,0.0,0.0,0.8621966242790222,-0.30282353617925695
-165.87330489602087,237.96193071587132,0.0,3.816031670715572,0.2978195548057556,0.0,0.0,0.9546221494674683,0.4945533573627472,0.0,0.0,0.8691473603248596,0.11009466392089473
-165.31416194989285,238.94539527950437,0.0,3.8066203153462648,0.2840692400932312,0.0,0.0,0.9588037133216858,0.4823964238166809,0.0,0.0,0.875952959060669,-0.3023482152010091
-164.78425283989728,239.94589478370438,0.0,3.799979629338753,0.2704209089279175,0.0,0.0,0.9627421498298645,0.47012341022491455,0.0,0.0,0.8826006054878235,0.11043005210309226
-164.2827892240461,240.96325816545885,0.0,3.796013139664807,0.25689268112182617,0.0,0.0,0.9664398431777954,0.4577537775039673,0.0,0.0,0.8890789151191711,-0.30214788743969867
-163.80907502227504,241.99734338710098,0.0,3.7946243732961995,0.24349987506866455,0.0,0.0,0.969900906085968,0.44530582427978516,0.0,0.0,0.8953784108161926,0.11050019181867851
-163.36250073903835,243.04802971559351,0.0,3.7957168572047086,0.23025494813919067,0.0,0.0,0.9731302857398987,0.4327963888645172,0.0,0.0,0.9014914631843567,-0.30220306339467384
-162.9425380300385,244.11521039572935,0.0,3.799194118362103,0.21716827154159546,0.0,0.0,0.976134181022644,0.42024216055870056,0.0,0.0,0.9074118733406067,0.110324572568305
-162.54873448821985,245.19878568361628,0.0,3.8049596837401594,0.20424765348434448,0.0,0.0,0.9789193272590637,0.4076592028141022,0.0,0.0,0.9131340980529785,-0.3024942535652827
-162.1807086261201,246.2986562108001,0.0,3.8129170803106485,0.19149896502494812,0.0,0.0,0.9814928770065308,0.395061194896698,0.0,0.0,0.9186546802520752,0.10992268385262371
-161.83814503355453,247.41471665313682,0.0,3.8229698350453463,0.17892608046531677,0.0,0.0,0.9838625192642212,0.38246187567710876,0.0,0.0,0.9239711165428162,-0.3030019684508735
-161.520789691422,248.54684968210623,0.0,3.835021474916026,0.1665312796831131,0.0,0.0,0.9860360622406006,0.3698740303516388,0.0,0.0,0.9290816187858582,0.10931401517228634
-161.22844542416735,249.69492017964717,0.0,3.8489755268944594,0.15431515872478485,0.0,0.0,0.9880215525627136,0.35730865597724915,0.0,0.0,0.9339860677719116,-0.30370671855079434
-160.96096747511567,250.85876970082654,0.0,3.864735517952421,0.1422770470380783,0.0,0.0,0.9898267984390259,0.34477654099464417,0.0,0.0,0.9386845231056213,0.10851805602794481
-160.7182591905221,252.03821117172257,0.0,3.8822049750616854,0.13041484355926514,0.0,0.0,0.9914594292640686,0.33228686451911926,0.0,0.0,0.9431779980659485,-0.30458901436439356
-160.50026779974735,253.23302381282502,0.0,3.9012874251940257,0.11872515827417374,0.0,0.0,0.9929271340370178,0.31984859704971313,0.0,0.0,0.9474682807922363,0.10755429592025084
-160.3069802804863,254.44294828103963,0.0,3.921886395321214,0.10720378905534744,0.0,0.0,0.9942370653152466,0.30746936798095703,0.0,0.0,0.9515575170516968,-0.30562936639101923
-160.13841929944465,255.66768202602145,0.0,3.943905412415024,-0.09584522992372513,0.0,0.0,-0.9953962564468384,0.2951553463935852,0.0,0.0,0.9554488062858582,0.10644222434985642
-159.99463922027434,256.90687485908796,0.0,3.9672480034472315,-0.08464393764734268,0.0,0.0,-0.9964112043380737,0.28291288018226624,0.0,0.0,0.9591451287269592,-0.3068082851300196
-159.87572217194875,258.16012473534136,0.0,3.9918176953896065,-0.07359280437231064,0.0,0.0,-0.9972883462905884,0.27074694633483887,0.0,0.0,0.9626501202583313,0.10520133081741326
-159.7817741720824,259.4269737518931,0.0,4.017518015213925,-0.06268470734357834,0.0,0.0,-0.9980334043502808,0.2586611807346344,0.0,0.0,0.9659677743911743,-0.3081062810807428
-159.71292130097476,260.70690436722526,0.0,4.044252489891963,-0.051912155002355576,0.0,0.0,-0.9986515641212463,0.24665947258472443,0.0,0.0,0.9691018462181091,0.10385110482357293
-159.66930592338815,261.9993358487256,0.0,4.071924646395491,-0.04126761853694916,0.0,0.0,-0.9991480112075806,0.23474442958831787,0.0,0.0,0.9720568060874939,-0.3095038647425371
-159.6510829562533,263.30362095733113,0.0,4.100438011696282,-0.030743392184376717,0.0,0.0,-0.9995272159576416,-0.22291748225688934,0.0,0.0,-0.9748370051383972,0.10241103586898753
-159.6584161816287,264.6190428799579,0.0,4.129696112766108,-0.020332466810941696,0.0,0.0,-0.9997931718826294,-0.2111799567937851,0.0,0.0,-0.977446973323822,-0.3109815466147505
-159.69147460532844,265.9448124220364,0.0,4.159602476576745,-0.010028121061623096,0.0,0.0,-0.99994957447052,-0.1995316445827484,0.0,0.0,-0.9798912405967712,0.10090061345430887
-159.75042886266777,267.2800654739539,0.0,4.190060630099966,0.00017552636563777924,0.0,0.0,-0.9999998807907104,-0.18797242641448975,0.0,0.0,-0.9821741580963135,-0.3125198371967314
-159.8354476737593,268.62386076655986,0.0,4.220974100307545,0.010283390060067177,0.0,0.0,-0.9999470114707947,-0.17650125920772552,0.0,0.0,-0.9843003153800964,0.0993393270801887
-159.94669435172514,269.97517793210704,0.0,4.252246414171256,0.02029917761683464,0.0,0.0,-0.9997938871383667,-0.16511648893356323,0.0,0.0,-0.9862739443778992,-0.3140992469878279
-160.084323368064,271.33291588805525,0.0,4.283781098662872,0.030225243419408798,0.0,0.0,-0.9995430111885071,-0.15381509065628052,0.0,0.0,-0.9880995154380798,0.09774666624727879
-160.2484769802309,272.6958915620747,0.0,4.315481680754166,0.04006195068359375,0.0,0.0,-0.9991971254348755,-0.14259403944015503,0.0,0.0,-0.9897811412811279,-0.3157002864873882
-160.43928192724334,274.06283897733266,0.0,4.347251687416915,0.04980796203017235,0.0,0.0,-0.9987586736679077,-0.13144958019256592,0.0,0.0,-0.9913228154182434,0.09614212045623086
-160.65684619982676,275.4324087177291,0.0,4.378994645622885,0.059459611773490906,0.0,0.0,-0.9982305765151978,-0.12037689983844757,0.0,0.0,-0.9927282333374023,-0.31730346619476046
-160.90125589223786,276.80316779314575,0.0,4.410614082343856,0.06901063024997711,0.0,0.0,-0.9976158142089844,-0.10937074571847916,0.0,0.0,-0.9940009713172913,0.09454517920769706
-161.17257214347302,278.1735999250098,0.0,4.442013524551599,0.07845210283994675,0.0,0.0,-0.9969177842140198,-0.0984250083565712,0.0,0.0,-0.9951444268226624,-0.31888929660929294
-161.4708281760603,279.5421062725058,0.0,4.473096499217887,0.08777204155921936,0.0,0.0,-0.9961405396461487,-0.08753462135791779,0.0,0.0,-0.9961614608764648,0.09297533200232894
-161.7960245296426,280.90701788562603,0.0,4.503766533314495,0.0969550833106041,0.0,0.0,-0.995288610458374,-0.0767003744840622,0.0,0.0,-0.9970541000366211,-0.3204382882303337
-162.14801014547353,282.2672978932338,0.0,4.533947589463823,0.1059839203953743,0.0,0.0,-0.994367778301239,-0.06592940539121628,0.0,0.0,-0.9978242516517639,0.09145103623721135
-162.52642016369182,283.6230330888115,0.0,4.563732922030955,0.11484099924564362,0.0,0.0,-0.9933838248252869,-0.055229343473911285,0.0,0.0,-0.9984736442565918,-0.3219425979559464
-162.9308513761927,284.97448245853604,0.0,4.59329944712308,0.12350883334875107,0.0,0.0,-0.9923434257507324,-0.04460896924138069,0.0,0.0,-0.9990044832229614,0.08995777739417468
-163.36088276378334,286.3219801308091,0.0,4.622824674209717,0.13197018206119537,0.0,0.0,-0.9912535548210144,-0.03407847508788109,0.0,0.0,-0.999419093132019,-0.32343377104113
-163.81607950598763,287.66593322457084,0.0,4.652486112760376,0.14020830392837524,0.0,0.0,-0.9901219606399536,-0.023647841066122055,0.0,0.0,-0.9997202754020691,0.08845972494212115
-164.29599656418796,289.0068200018992,0.0,4.682461272244571,0.1482066810131073,0.0,0.0,-0.9889563322067261,-0.013326391577720642,0.0,0.0,-0.9999111890792847,-0.32494766798477626
-164.8001818159747,290.34518834019764,0.0,4.712927662131819,0.15594911575317383,0.0,0.0,-0.9877650141716003,-0.0031260792165994644,0.0,0.0,-0.9999951124191284,0.08692101838215913
-165.32817871895443,291.6816545391746,0.0,4.744062791891638,0.16342012584209442,0.0,0.0,-0.9865565299987793,0.006942634470760822,0.0,0.0,-0.999975860118866,-0.3265201492857772
-165.87952848222048,293.01690247802,0.0,4.776044170993543,0.17060482501983643,0.0,0.0,-0.9853394031524658,0.016868956387043,0.0,0.0,-0.9998577237129211,0.08530579721539627
-166.45377172319274,294.3516831386794,0.0,4.809049308907045,0.17748910188674927,0.0,0.0,-0.9841226935386658,0.026641078293323517,0.0,0.0,-0.9996450543403625,-0.3281870754430248
-167.05044958657876,295.6868145119471,0.0,4.843255715101661,0.18406005203723907,0.0,0.0,-0.9829149842262268,0.03624807298183441,0.0,0.0,-0.9993427395820618,0.08357820094294091
-167.66910430077874,297.02318190424256,0.0,4.8788408990469065,0.19030600786209106,0.0,0.0,-0.981724739074707,0.04567907378077507,0.0,0.0,-0.9989560842514038,-0.3299843069554109
-168.3092791451336,298.36173866441834,0.0,4.915982370212304,0.19621644914150238,0.0,0.0,-0.9805605411529541,0.0549214631319046,0.0,0.0,-0.998490571975708,0.08170236906590062
-168.97051779897856,299.70350735177675,0.0,4.954857638067357,0.20178274810314178,0.0,0.0,-0.9794301986694336,0.06396510452032089,0.0,0.0,-0.9979520440101624,-0.33194770432182774
-169.65236304049805,301.0495813686723,0.0,4.995644212081585,0.20699743926525116,0.0,0.0,-0.9783413410186768,0.0727984681725502,0.0,0.0,-0.9973465800285339,0.0796424410853841
-170.35435475985423,302.40112708366036,0.0,5.038519601724504,0.21185460686683655,0.0,0.0,-0.9773010611534119,0.08141013234853745,0.0,0.0,-0.9966805577278137,-0.3341131280411671
-171.0760243609692,303.75938109936664,0.0,5.083641163711995,0.21635015308856964,0.0,0.0,-0.9763157367706299,0.08979006856679916,0.0,0.0,-0.995960533618927,0.07736357431833907
-171.81684316026104,305.1255660483727,0.0,5.130837204821867,0.22048115730285645,0.0,0.0,-0.975391149520874,0.09792668372392654,0.0,0.0,-0.9951934814453125,-0.3364967664810596
-172.57617486636175,306.5008244229127,0.0,5.179667880230903,0.22424647212028503,0.0,0.0,-0.9745323657989502,0.10580915957689285,0.0,0.0,-0.9943864345550537,0.07489737859060996
-173.35326424705687,307.88622193231913,0.0,5.229685532169991,0.22764642536640167,0.0,0.0,-0.9737436771392822,0.1134268268942833,0.0,0.0,-0.9935463666915894,-0.33902291051838723
-174.14722813206313,309.28275205261065,0.0,5.280442502870018,0.23068292438983917,0.0,0.0,-0.973028838634491,0.12076867371797562,0.0,0.0,-0.9926806688308716,0.07233389522192163
-174.95704776597532,310.6913396020584,0.0,5.331491134561881,0.23335929214954376,0.0,0.0,-0.9723904132843018,0.12782393395900726,0.0,0.0,-0.9917967915534973,-0.34160112424019845
-175.78156261365055,312.11284327086724,0.0,5.382383769476457,0.2356804758310318,0.0,0.0,-0.971830427646637,0.1345825493335724,0.0,0.0,-0.990902304649353,0.06976356012522594
-176.61946572778376,313.54805702902377,0.0,5.432672749844637,0.23765285313129425,0.0,0.0,-0.9713499546051025,0.1410331279039383,0.0,0.0,-0.9900047779083252,-0.3441409717335409
-177.46930079299088,314.9977103342472,0.0,5.4819104178973115,0.23928460478782654,0.0,0.0,-0.9709492921829224,0.14716500043869019,0.0,0.0,-0.9891119003295898,0.06727680921347468
-178.3294609622587,316.4624670619743,0.0,5.529649115865371,0.24058325588703156,0.0,0.0,-0.9706199765205383,0.15296851098537445,0.0,0.0,-0.9882310032844543,-0.34655201708546307
-179.1981907677886,317.9429250740449,0.0,5.5754486792353735,0.24156318604946136,0.0,0.0,-0.9703726768493652,0.1584390103816986,0.0,0.0,-0.9873687028884888,0.0649636999523634
-180.07371518738117,319.43957569295736,0.0,5.619133386547775,0.24223673343658447,0.0,0.0,-0.970203697681427,0.16358214616775513,0.0,0.0,-0.9865295886993408,-0.3487583154345742
-180.95479102398824,320.9522629464537,0.0,5.660856260401559,0.24261538684368134,0.0,0.0,-0.9701097011566162,0.16840626299381256,0.0,0.0,-0.9857175350189209,0.06285648410116218
-181.8404014221268,322.4805808499258,0.0,5.700790868132877,0.24270881712436676,0.0,0.0,-0.9700875878334045,0.17291884124279022,0.0,0.0,-0.9849359393119812,-0.35077521481494384
-182.7295287053176,324.02416226865137,0.0,5.73911077707789,0.24252547323703766,0.0,0.0,-0.970134437084198,0.1771267205476761,0.0,0.0,-0.9841880202293396,0.06092113516454539
-183.62115492683347,325.58268055464475,0.0,5.775989554572739,0.2420722395181656,0.0,0.0,-0.9702476263046265,0.181037038564682,0.0,0.0,-0.9834762811660767,-0.3526377793348857
-184.5142628690749,327.1558502878748,0.0,5.811600767953584,0.24135485291481018,0.0,0.0,-0.9704248309135437,0.1846553534269333,0.0,0.0,-0.9828033447265625,0.0591225890341997
-185.40783675903745,328.74342802109163,0.0,5.846117984556576,0.24037788808345795,0.0,0.0,-0.9706637859344482,0.1879875361919403,0.0,0.0,-0.982171356678009,-0.3543810731027136
-186.3008626838788,330.34521302625797,0.0,5.879714771717866,0.2391449362039566,0.0,0.0,-0.9709623456001282,0.19103889167308807,0.0,0.0,-0.9815824031829834,0.05742578160181128
-187.19232869153163,331.96104804079505,0.0,5.91256469677361,0.23766149580478668,0.0,0.0,-0.9713305234909058,0.1938142329454422,0.0,0.0,-0.9810381531715393,-0.356040160226741
-188.0812245620657,333.5908200120565,0.0,5.944841327059958,0.2359268218278885,0.0,0.0,-0.9717565178871155,0.1963171809911728,0.0,0.0,-0.98054039478302,0.055795648759066396
-188.96654123606652,335.2344608386324,0.0,5.976718229913065,0.23394207656383514,0.0,0.0,-0.9722388982772827,0.19855207204818726,0.0,0.0,-0.9800902605056763,-0.35765010481528176
-189.84726988667234,336.89194810727645,0.0,6.008368972669085,0.23170754313468933,0.0,0.0,-0.9727760553359985,0.20052212476730347,0.0,0.0,-0.9796891212463379,0.05419712639765123
-190.72240062207266,338.5633058244078,0.0,6.039967122664172,0.22922268509864807,0.0,0.0,-0.9733663201332092,0.20223012566566467,0.0,0.0,-0.9793380498886108,-0.35924597097664984
-191.59092080523592,340.2486051413194,0.0,6.071686247234471,0.22648663818836212,0.0,0.0,-0.9740081429481506,0.20367854833602905,0.0,0.0,-0.979037880897522,0.052595150409252334
-192.45181297736917,341.94796507235793,0.0,6.10369991371614,0.22349783778190613,0.0,0.0,-0.9746993780136108,0.20486967265605927,0.0,0.0,-0.9787893295288086,-0.3608628228191584
-193.3040523711372,343.6615532054962,0.0,6.136181689445331,0.22025439143180847,0.0,0.0,-0.9754383563995361,0.20580479502677917,0.0,0.0,-0.9785931706428528,0.05095465668555582
-194.14660399895948,345.38958640483327,0.0,6.169305141758196,0.21675384044647217,0.0,0.0,-0.9762228727340698,0.20648398995399475,0.0,0.0,-0.9784453511238098,-0.36253572445112126
-194.97841930076208,347.1323315046874,0.0,6.203243837990891,0.2129938006401062,0.0,0.0,-0.97705078125,0.20690959692001343,0.0,0.0,-0.9783537983894348,0.04924058111824792
-195.79843233438274,348.8901059950439,0.0,6.238171345479565,0.20897188782691956,0.0,0.0,-0.9779193997383118,0.20708155632019043,0.0,0.0,-0.978317379951477,-0.36429973998085224
-196.60555549039788,350.663278698214,0.0,6.274261231560376,0.20468580722808838,0.0,0.0,-0.9788259863853455,0.20699937641620636,0.0,0.0,-0.9783350229263306,0.047417859599015066
-197.39867471146252,352.45227043664346,0.0,6.31168706356947,0.2001337707042694,0.0,0.0,-0.9797671437263489,0.20666170120239258,0.0,0.0,-0.9784055352210999,-0.366189933516665
-198.17664389271434,354.2575539815154,0.0,6.350619913566408,0.1953141689300537,0.0,0.0,-0.9807395339012146,0.20606742799282074,0.0,0.0,-0.9785276651382446,0.04545155404361412
-198.9382377714691,356.07955425919573,0.0,6.390879078853159,0.1902259886264801,0.0,0.0,-0.981739342212677,0.2052164375782013,0.0,0.0,-0.9787074327468872,-0.36822322469276353
-199.6820708870967,357.91844373209665,0.0,6.431572057206281,0.1848689466714859,0.0,0.0,-0.982762336730957,0.2041059285402298,0.0,0.0,-0.9789405465126038,0.04339635311668871
-200.40660201889386,359.7741140096597,0.0,6.471720426953685,0.17924359440803528,0.0,0.0,-0.9838039875030518,0.20273323357105255,0.0,0.0,-0.9792265892028809,-0.3702509201345516
-201.1101522344945,361.64617181946295,0.0,6.510345766423279,0.1733517199754715,0.0,0.0,-0.9848593473434448,0.20109602808952332,0.0,0.0,-0.979564905166626,0.04144557839600216
-201.79092571375057,363.5339350285355,0.0,6.546469653942973,0.1671963632106781,0.0,0.0,-0.9859231114387512,0.1991916000843048,0.0,0.0,-0.9799546003341675,-0.3720753588981725
-202.44704669962158,365.43646816856585,0.0,6.5792498754895625,0.16078226268291473,0.0,0.0,-0.9869894981384277,0.19701717793941498,0.0,0.0,-0.9803946614265442,0.03979001165122492
-203.07666550253805,367.3528369699002,0.0,6.608732133693376,0.15411563217639923,0.0,0.0,-0.9880525469779968,0.19457001984119415,0.0,0.0,-0.9808837175369263,-0.37356436183775904
-203.6779947905934,369.2822122880311,0.0,6.635317960406195,0.1472042351961136,0.0,0.0,-0.9891058802604675,0.19184690713882446,0.0,0.0,-0.9814203977584839,0.03844729313037548
-204.24930573378936,371.2238721226532,0.0,6.659409837584181,0.14005789160728455,0.0,0.0,-0.9901430606842041,0.18884453177452087,0.0,0.0,-0.9820029735565186,-0.3747811233113947
-204.78892295922466,373.1772033450502,0.0,6.6814102471834795,0.13268797099590302,0.0,0.0,-0.9911576509475708,0.18556015193462372,0.0,0.0,-0.9826293587684631,0.03733616133243106
-205.29521840439256,375.1417034012456,0.0,6.701721671160247,0.12510770559310913,0.0,0.0,-0.992142915725708,0.18199144303798676,0.0,0.0,-0.9832969307899475,-0.37580695280517085
-205.76660405723683,377.11698198576016,0.0,6.720746591470638,0.11733202636241913,0.0,0.0,-0.9930924773216248,0.17813776433467865,0.0,0.0,-0.9840027093887329,0.0363753067713003
-206.20156282727126,379.10275149659026,0.0,6.7388874900708045,0.10937763005495071,0.0,0.0,-0.9940000772476196,0.1740073263645172,0.0,0.0,-0.9847418069839478,-0.3767231598051793
-206.59926340382717,381.09864892019766,0.0,6.756541044579882,0.10126092284917831,0.0,0.0,-0.9948596954345703,0.1696127951145172,0.0,0.0,-0.985508382320404,0.035483713109225656
-206.95944134891718,383.1042141685223,0.0,6.773929830179193,0.09299706667661667,0.0,0.0,-0.9956662654876709,0.16496562957763672,0.0,0.0,-0.9862971305847168,-0.37760138130009396
-207.2818561185889,385.1189819007175,0.0,6.791076239463638,0.0846000462770462,0.0,0.0,-0.9964148998260498,0.16007766127586365,0.0,0.0,-0.9871025085449219,0.03461773284233449
-207.56627341476948,387.142483143394,0.0,6.807991612781731,-0.07608231157064438,0.0,0.0,0.997101366519928,0.15495942533016205,0.0,0.0,-0.9879190921783447,-0.378455693083836
-207.81246487859286,389.1742454256452,0.0,6.824687290481981,-0.06745567172765732,0.0,0.0,0.9977220296859741,0.14962148666381836,0.0,0.0,-0.9887417554855347,0.03377451679686727
-208.0202077822695,391.21379290558673,0.0,6.8411746129129005,-0.0587310828268528,0.0,0.0,0.9982735514640808,0.1440739631652832,0.0,0.0,-0.9895654916763306,-0.3792883861359026
-208.18928471960427,393.26064648819147,0.0,6.857464920423003,-0.049918025732040405,0.0,0.0,0.9987530708312988,0.13832665979862213,0.0,0.0,-0.9903853535652161,0.032951773993326716
-208.31948329526398,395.3143239342117,0.0,6.873569553360797,-0.04102560505270958,0.0,0.0,0.9991579055786133,0.13238874077796936,0.0,0.0,-0.9911966919898987,-0.3801017514357912
-208.4105958128915,397.37433995997986,0.0,6.8894998520748,-0.03206245228648186,0.0,0.0,0.9994857311248779,0.12626904249191284,0.0,0.0,-0.9919949769973755,0.032147213452215495
-208.46241896215923,399.44020632788926,0.0,6.905267156913518,-0.023036722093820572,0.0,0.0,0.9997344613075256,-0.11997475475072861,0.0,0.0,0.9927759170532227,-0.38089807996299924
-208.4747535048492,401.51143192735736,0.0,6.920882808225464,-0.013956660404801369,0.0,0.0,0.9999024868011475,-0.11351703107357025,0.0,0.0,0.993535041809082,0.03135854419403644
-208.44740396004477,403.5875228460802,0.0,6.936358146359155,-0.004830462392419577,0.0,0.0,0.9999882578849792,-0.10690225660800934,0.0,0.0,0.9942687153816223,-0.3816796626970241
-208.38017828851204,405.6679824313898,0.0,6.951704511663098,0.0043332274071872234,0.0,0.0,0.9999905228614807,-0.10013838112354279,0.0,0.0,0.9949727058410645,0.03058347523929189
-208.27288757634662,407.75231134152824,0.0,6.966933244485807,0.013525198213756084,0.0,0.0,0.999908447265625,-0.09323214739561081,0.0,0.0,0.995643675327301,-0.3824487906173629
-208.12534571795658,409.84000758665974,0.0,6.982055685175791,0.022735795006155968,0.0,0.0,0.9997413754463196,-0.08619069308042526,0.0,0.0,0.996277928352356,0.02981971560848462
-207.93736909844844,411.9305665594399,0.0,6.997083174081563,0.03195446729660034,0.0,0.0,0.9994891881942749,-0.07902111113071442,0.0,0.0,0.9968722462654114,-0.38320775470351304
-207.70877627547816,414.023481054967,0.0,7.012027051551636,0.04116988927125931,0.0,0.0,0.9991520643234253,-0.0717301294207573,0.0,0.0,0.9974234104156494,0.029064974322117354
-207.43938766062644,416.1182412799408,0.0,7.026898657934521,0.050369828939437866,0.0,0.0,0.9987305402755737,-0.06432344764471054,0.0,0.0,0.9979285001754761,-0.3839588459349719
-207.12902520035243,418.21433485085635,0.0,7.041709333578729,0.05954090505838394,0.0,0.0,0.9982256889343262,-0.05680764093995094,0.0,0.0,0.9983846545219421,0.028316960400692703
-206.77751205657665,420.31124678106494,0.0,7.056470418832773,0.06866887956857681,0.0,0.0,0.9976393580436707,-0.049187980592250824,0.0,0.0,0.9987890124320984,-0.38470435529123675
-206.38467228693918,422.40845945652757,0.0,7.071193254045166,0.07773815840482712,0.0,0.0,0.9969736337661743,-0.04147055000066757,0.0,0.0,0.9991392493247986,0.02757338286471317
-205.950330524777,424.5054526000958,0.0,7.08588917956442,0.08673230558633804,0.0,0.0,0.9962315559387207,-0.03366042301058769,0.0,0.0,0.9994328618049622,-0.3854465737518051
-205.47431165885948,426.601703224149,0.0,7.100569535739045,0.0956336036324501,0.0,0.0,0.995416522026062,-0.025763217359781265,0.0,0.0,0.9996676445007324,0.026831950734681587
-204.95644051291615,428.69668557142273,0.0,7.115245662917551,0.10442332923412323,0.0,0.0,0.9945328831672668,-0.01778390258550644,0.0,0.0,0.9998415112495422,-0.38618779229617406
-204.39654152499025,430.7898710438519,0.0,7.129928901448455,0.11308158934116364,0.0,0.0,0.9935856461524963,-0.009727111086249352,0.0,0.0,0.9999523758888245,0.026090373031100567
-203.79443842664534,432.8807281192677,0.0,7.144630591680263,0.12158739566802979,0.0,0.0,0.9925807118415833,-0.001598625909537077,0.0,0.0,0.9999984502792358,-0.38693030190384115
-203.1499539220496,434.96872225576817,0.0,7.159362073961491,0.12991875410079956,0.0,0.0,0.9915246367454529,0.006590111181139946,0.0,0.0,0.9999780058860779,0.025346358774472943
-202.46312268462233,437.0533989940369,0.0,7.17413468864065,0.13805292546749115,0.0,0.0,0.9904248118400574,0.014817765913903713,0.0,0.0,0.9998899102210999,-0.3876763935543037
-201.73508596258134,439.1347324124799,0.0,7.188958213617221,0.14596936106681824,0.0,0.0,0.9892889857292175,0.02306107059121132,0.0,0.0,0.9997337460517883,0.024597695896868332
-200.96735768330848,441.2128357664435,0.0,7.203833143229178,0.1536499261856079,0.0,0.0,0.988125205039978,0.0312977209687233,0.0,0.0,0.9995097517967224,-0.3884276526256147
-200.1614726018837,443.28782303726507,0.0,7.218756556538475,0.16107894480228424,0.0,0.0,0.9869412779808044,0.03950688987970352,0.0,0.0,0.9992189407348633,0.023843988153974538
-199.31898643514774,445.35980889780967,0.0,7.233725527308677,0.1682426780462265,0.0,0.0,0.985745370388031,0.04766881465911865,0.0,0.0,0.9988629221916199,-0.38918366125037235
-198.44147615652864,447.42890874517866,0.0,7.248737129303349,0.17512936890125275,0.0,0.0,0.9845452904701233,0.05576513335108757,0.0,0.0,0.998443603515625,0.023085826437071966
-197.53054028202777,449.49523873273887,0.0,7.263788436286052,0.18172888457775116,0.0,0.0,0.9833486080169678,0.06377806514501572,0.0,0.0,0.9979638457298279,-0.3899438282697008
-196.58779914721705,451.5589158014684,0.0,7.278876522020354,0.18803241848945618,0.0,0.0,0.9821627736091614,0.07169219106435776,0.0,0.0,0.9974265098571777,0.022323801905036467
-195.61489517510162,453.6200577105993,0.0,7.293998460269822,0.1940324753522873,0.0,0.0,0.9809950590133667,0.07949142903089523,0.0,0.0,0.9968352317810059,-0.3907075625247244
-194.6134931346983,455.67878306754807,0.0,7.3091513247980195,0.19972246885299683,0.0,0.0,0.9798524379730225,0.08716168999671936,0.0,0.0,0.9961938261985779,0.021558505716743614
-193.58528039017608,457.73521135712303,0.0,7.32433218936851,0.2050970196723938,0.0,0.0,0.9787415266036987,0.09468989819288254,0.0,0.0,0.9955064058303833,-0.39147427285656733
-192.53196714040814,459.7894629699943,0.0,7.339538127744862,0.21015159785747528,0.0,0.0,0.9776686429977417,0.10206338763237,0.0,0.0,0.9947774410247803,0.020790529031069316
-191.45528664877793,461.8416592304152,0.0,7.354766213690639,0.2148829698562622,0.0,0.0,0.9766396284103394,0.10927087813615799,0.0,0.0,0.994011640548706,-0.3922433681063541
-190.35699546308496,463.8919224231805,0.0,7.370013520969408,0.21928921341896057,0.0,0.0,0.9756596684455872,0.1163015067577362,0.0,0.0,0.9932135343551636,0.020020463006889033
-189.23887362539134,465.9403758198109,0.0,7.385277123344733,0.2233700007200241,0.0,0.0,0.9747335910797119,0.1231452003121376,0.0,0.0,0.9923882484436035,-0.3930142571152089
-188.10272487164983,467.9871437039481,0.0,7.400554094580174,0.22712653875350952,0.0,0.0,0.9738651514053345,0.12979252636432648,0.0,0.0,0.9915408492088318,0.019248898803078895
-186.95037682095207,470.0323513959519,0.0,7.4158415084393035,0.23056156933307648,0.0,0.0,0.9730575680732727,0.13623520731925964,0.0,0.0,0.99067622423172,-0.39378634872425583
-185.78368115423805,472.0761252766794,0.0,7.4311364386856855,0.2336798757314682,0.0,0.0,0.9723135232925415,0.14246436953544617,0.0,0.0,0.9897995591163635,0.018476427578514143
-184.60451378229993,474.1185928104391,0.0,7.446435959082882,0.2364879548549652,0.0,0.0,0.9716343283653259,0.14847300946712494,0.0,0.0,0.9889160990715027,-0.39455905177461925
-183.41477500291924,476.15988256710364,0.0,7.461737143394461,0.23899444937705994,0.0,0.0,0.9710208773612976,0.15425363183021545,0.0,0.0,0.9880309104919434,0.017703640492070738
-182.21638964697135,478.2001242433668,0.0,7.477037065383986,0.24121010303497314,0.0,0.0,0.9704729318618774,0.15979896485805511,0.0,0.0,0.987149178981781,-0.39533177510742357
-181.01130721333305,480.2394486831334,0.0,7.4923327988150215,0.2431478500366211,0.0,0.0,0.9699891805648804,0.16510242223739624,0.0,0.0,0.9862760901451111,0.01693112870262453
-179.80150199242414,482.27798789702626,0.0,7.507621417451137,0.2448231279850006,0.0,0.0,0.9695677161216736,0.1701577752828598,0.0,0.0,0.9854164719581604,-0.3961039275637931
-178.5889731782185,484.31587508099767,0.0,7.522899995055895,0.24625319242477417,0.0,0.0,0.9692054986953735,0.17495912313461304,0.0,0.0,0.9845753908157349,0.01615948336905093
-177.37574496855626,486.3532446340324,0.0,7.538165605392858,0.24745596945285797,0.0,0.0,0.9688919186592102,0.17950022220611572,0.0,0.0,0.9837576150894165,-0.3968749179848518
-176.16386665358962,488.3902321749227,0.0,7.553415322225593,0.24845565855503082,0.0,0.0,0.9686318039894104,0.18377481400966644,0.0,0.0,0.9829680919647217,0.015389295650225898
-174.95541269219152,490.42697455811174,0.0,7.568646219317668,0.24927601218223572,0.0,0.0,0.9684187769889832,0.18777713179588318,0.0,0.0,0.9822114109992981,-0.39764415521172425
-173.75248277616288,492.4636098885798,0.0,7.583855370432645,0.2499428391456604,0.0,0.0,0.9682460427284241,0.19150123000144958,0.0,0.0,0.9814921617507935,0.014621156705025007
-172.55720188206567,494.50027753576734,0.0,7.599039849334087,0.2504841983318329,0.0,0.0,0.9681060910224915,0.1949428915977478,0.0,0.0,0.9808143973350525,-0.3984110480855344
-171.3717203033172,496.5371181465171,0.0,7.614196729785568,0.2509303689002991,0.0,0.0,0.9679909944534302,0.19810989499092102,0.0,0.0,0.9801796078681946,0.013855657692323886
-170.19751265906152,498.57427365702256,0.0,7.629323085550645,0.2513125240802765,0.0,0.0,0.9678925275802612,0.20102746784687042,0.0,0.0,0.9795853495597839,-0.39917500544740697
-169.03343959970834,500.6118873037671,0.0,7.644415990392888,0.2516579031944275,0.0,0.0,0.9678034782409668,0.20372368395328522,0.0,0.0,0.9790281653404236,0.013093389770998498
-167.8777305153911,502.65010363344163,0.0,7.659472518075858,0.25198912620544434,0.0,0.0,0.9677180051803589,0.20622529089450836,0.0,0.0,0.9785042405128479,-0.39993543613846605
-166.72859331396856,504.68906851182504,0.0,7.674489742363121,0.2523241937160492,0.0,0.0,0.9676312804222107,0.20855820178985596,0.0,0.0,0.9780097007751465,0.012334944099924638
-165.584214389403,506.7289291316134,0.0,7.689464737018243,0.2526768147945404,0.0,0.0,0.9675397872924805,0.21074676513671875,0.0,0.0,0.9775404930114746,-0.4006917489998359
-164.44275860164737,508.7698340191852,0.0,7.70439457580479,0.25305646657943726,0.0,0.0,0.9674409031867981,0.2128143310546875,0.0,0.0,0.9770925045013428,0.011580911837977825
-163.30236926818998,510.8119330402864,0.0,7.719276332486327,0.2534688115119934,0.0,0.0,0.9673331379890442,0.21478371322155,0.0,0.0,0.9766615033149719,-0.40144335287264077
-162.16116816740168,512.8553774046233,0.0,7.73410708082642,0.25391581654548645,0.0,0.0,0.967215895652771,0.21667657792568207,0.0,0.0,0.9762433171272278,0.010831884144033743
-161.01725555383015,514.9003196693484,0.0,7.748883894588631,0.2543957829475403,0.0,0.0,0.9670896530151367,0.21851323544979095,0.0,0.0,0.9758338332176208,-0.402189656598005
-159.86871018558938,516.9469137414235,0.0,7.76360384753653,0.254903644323349,0.0,0.0,0.9669556617736816,0.22031141817569733,0.0,0.0,0.9754294753074646,0.010088452176968132
-158.7135900549067,518.9953148788508,0.0,7.778264013433677,0.2554311454296112,0.0,0.0,0.9668161273002625,0.22208040952682495,0.0,0.0,0.9750282764434814,-0.4029300690170528
-157.55047911065944,521.0456796907519,0.0,7.792861466043641,0.2559678256511688,0.0,0.0,0.9666737914085388,0.22381851077079773,0.0,0.0,0.9746307730674744,0.009351207095656788
-156.379479927964,523.0981661362877,0.0,7.807393279129985,0.2565038502216339,0.0,0.0,0.9665313959121704,0.22552324831485748,0.0,0.0,0.9742377400398254,-0.40366399897090854
-155.20096364899177,525.1529335224004,0.0,7.821856526456274,0.2570302486419678,0.0,0.0,0.9663913249969482,0.22719170153141022,0.0,0.0,0.9738500118255615,0.008620740058975562
-154.01530635350673,527.2101425003652,0.0,7.836248281786075,0.25753891468048096,0.0,0.0,0.966255784034729,0.2288213074207306,0.0,0.0,0.9734684228897095,-0.40439085530069646
-152.82288905347698,529.2699550611433,0.0,7.850565618882952,0.2580226957798004,0.0,0.0,0.9661266803741455,0.2304091900587082,0.0,0.0,0.9730937480926514,0.007897642225799917
-151.62409768515099,531.3325345295115,0.0,7.864805611510469,0.2584749162197113,0.0,0.0,0.9660059809684753,0.23195327818393707,0.0,0.0,0.9727268815040588,-0.4051100468475408
-150.41932309856833,533.3980455569703,0.0,7.878965333432195,0.2588896155357361,0.0,0.0,0.9658952951431274,0.23345142602920532,0.0,0.0,0.9723684787750244,0.007182504755005703
-149.2089610444797,535.4666541134043,0.0,7.893041858411692,0.25926142930984497,0.0,0.0,0.9657959938049316,0.23490136861801147,0.0,0.0,0.9720192551612854,-0.40582098245256587
-147.99341215864686,537.538527477491,0.0,7.907032260212528,0.2595854103565216,0.0,0.0,0.9657095670700073,0.23630058765411377,0.0,0.0,0.9716800451278687,0.006475918805468495
-146.77308194349806,539.6138342258389,0.0,7.920933612598263,0.2598572075366974,0.0,0.0,0.9656371474266052,0.23764760792255402,0.0,0.0,0.9713514447212219,-0.4065230709568959
-145.54838074710975,541.692744220847,0.0,7.934742989332469,0.2600727081298828,0.0,0.0,0.9655798673629761,0.23894023895263672,0.0,0.0,0.9710342884063721,0.005778475536064087
-144.31972373949066,543.7754285972718,0.0,7.948457464178706,0.2602282762527466,0.0,0.0,0.9655386805534363,0.24017685651779175,0.0,0.0,0.9707291126251221,-0.4072157212016553
-143.08753088614012,545.8620597474907,0.0,7.962074110900537,0.2603205442428589,0.0,0.0,0.965514600276947,0.24135522544384003,0.0,0.0,0.9704368114471436,0.005090766105668554
-141.8522269188581,547.9528113054457,0.0,7.975590003261536,0.26034659147262573,0.0,0.0,0.9655083417892456,0.24247388541698456,0.0,0.0,0.9701577425003052,-0.4078983420279684
-140.61424130377995,550.0478581292616,0.0,7.989002215025261,0.26030367612838745,0.0,0.0,0.9655205011367798,0.24353185296058655,0.0,0.0,0.9698927402496338,0.004413381673157246
-139.3740082066114,552.1473762825243,0.0,8.002307819955282,0.2601897120475769,0.0,0.0,0.9655517339706421,0.24452714622020721,0.0,0.0,0.9696422815322876,-0.4085703422769594
-138.13196645504155,554.2515430142068,0.0,8.015503891815158,0.26000306010246277,0.0,0.0,0.9656023979187012,0.24545784294605255,0.0,0.0,0.9694070219993591,0.00374691339740596
-136.88855949830847,556.3605367372347,0.0,8.028587504368458,0.25974270701408386,0.0,0.0,0.9656726717948914,0.24632304906845093,0.0,0.0,0.9691876173019409,-0.4092311307897523
-135.64423536389512,558.474537005679,0.0,8.041555731378748,0.25940799713134766,0.0,0.0,0.9657626152038574,0.2471211850643158,0.0,0.0,0.9689843654632568,0.0030919524372902685
-134.39944661133453,560.5937244905646,0.0,8.054405646609592,0.2589990496635437,0.0,0.0,0.965872049331665,0.2478513866662979,0.0,0.0,0.9687979221343994,-0.40988011640747163
-133.15465028309993,562.7182809542869,0.0,8.067134323824552,0.2585166394710541,0.0,0.0,0.9660006165504456,0.24851052463054657,0.0,0.0,0.968624472618103,0.002449089951686134
-131.91030785256066,564.8483892236256,0.0,8.079738836787202,0.2579622268676758,0.0,0.0,0.9661478996276855,0.24909934401512146,0.0,0.0,0.9684697985649109,-0.4105167079712418
-130.66688516898253,566.9842331613434,0.0,8.092216259261098,0.2573378384113312,0.0,0.0,0.9663131237030029,0.24961644411087036,0.0,0.0,0.9683341979980469,0.0018189170994691861
-129.42485239955246,569.1259976363658,0.0,8.104563665009813,0.2566463351249695,0.0,0.0,0.9664954543113708,0.25006023049354553,0.0,0.0,0.9682181477546692,-0.411140314322187
-128.18468396840822,571.2738684925278,0.0,8.116778127796904,0.25589147210121155,0.0,0.0,0.9666936993598938,0.25043028593063354,0.0,0.0,0.9681217074394226,0.0012020250395151089
-126.94685849265538,573.4280325158818,0.0,8.128856721385938,0.2550775408744812,0.0,0.0,0.9669066667556763,0.2507248818874359,0.0,0.0,0.968045175075531,-0.41175034430143115
-125.711858715352,575.5886774005578,0.0,8.140796519540489,0.2542097568511963,0.0,0.0,0.9671328067779541,0.25094324350357056,0.0,0.0,0.9679887890815735,0.0005990049306994205
-124.48017143544536,577.7559917131673,0.0,8.152594596024114,0.2532941401004791,0.0,0.0,0.9673704504966736,0.2510840594768524,0.0,0.0,0.9679527282714844,-0.4123462067500991
-123.25228743464379,579.9301648557439,0.0,8.164248024600374,0.25233757495880127,0.0,0.0,0.9676176905632019,0.25114694237709045,0.0,0.0,0.9679369926452637,1.0447931898416307e-05
-122.02870140120758,582.1113870272131,0.0,8.175753879032845,0.25134772062301636,0.0,0.0,0.9678726196289062,0.25112995505332947,0.0,0.0,0.96794193983078,-0.4129273105093148
-120.80991185064434,584.299849183386,0.0,8.187109233085087,0.25033318996429443,0.0,0.0,0.9681328535079956,0.2510330379009247,0.0,0.0,0.9679675102233887,-0.0005630547980128298
-119.59642104329517,586.4957429954663,0.0,8.198311160520664,0.24930331110954285,0.0,0.0,0.9683959484100342,0.25085604190826416,0.0,0.0,0.9680136442184448,-0.4134930644202025
-118.38872105885352,588.6992535448896,0.0,8.209356754110562,0.24826842546463013,0.0,0.0,0.9686594009399414,0.25060489773750305,0.0,0.0,0.9680785536766052,-0.001120913060128903
-117.18690466554635,590.9103554640773,0.0,8.220244583037283,0.24723878502845764,0.0,0.0,0.9689206480979919,0.2502877414226532,0.0,0.0,0.968160092830658,-0.4140429547700369
-115.99060799192989,593.1287836972792,0.0,8.230975722388218,0.24622367322444916,0.0,0.0,0.9691774249076843,0.2499123215675354,0.0,0.0,0.9682561159133911,-0.0016628897950246024
-114.79943863959069,595.3542584339505,0.0,8.24155149039896,0.24523144960403442,0.0,0.0,0.9694276452064514,0.249487042427063,0.0,0.0,0.9683645367622375,-0.4145770844675491
-113.61300014217075,597.5864979587697,0.0,8.251973205305122,0.24426987767219543,0.0,0.0,0.9696694612503052,0.24901868402957916,0.0,0.0,0.9684834480285645,-0.0021892390327095668
-112.43089204107056,599.8252186954904,0.0,8.2622421853423,0.24334579706192017,0.0,0.0,0.9699013233184814,0.24851414561271667,0.0,0.0,0.9686111211776733,-0.4150957198229622
-111.25270996073994,602.0701352505607,0.0,8.2723597487461,0.24246543645858765,0.0,0.0,0.9701217412948608,0.2479805052280426,0.0,0.0,0.968745768070221,-0.002700227083406448
-110.07804568353772,604.3209604564948,0.0,8.282327213752126,0.24163439869880676,0.0,0.0,0.9703294634819031,0.24742430448532104,0.0,0.0,0.9688857197761536,-0.4155991271464989
-108.90648722414322,606.5774054149861,0.0,8.292145898595978,0.2408578246831894,0.0,0.0,0.9705232977867126,0.24685151875019073,0.0,0.0,0.9690294861793518,-0.003196120257338342
-107.73761890349668,608.8391795397561,0.0,8.301817121513263,0.24014031887054443,0.0,0.0,0.9707022309303284,0.2462674230337143,0.0,0.0,0.9691756963729858,-0.416087572748382
-106.57102142225537,611.1059905991206,0.0,8.311342200739581,0.23948611319065094,0.0,0.0,0.9708653092384338,0.2456778734922409,0.0,0.0,0.9693229794502258,-0.0036771848647281224
-105.40627193374252,613.377544758269,0.0,8.320722454510538,0.23889894783496857,0.0,0.0,0.9710116982460022,0.24508942663669586,0.0,0.0,0.969474732875824,-0.41656132293883436
-104.24294411637467,615.6535466212446,0.0,8.329959201061733,0.23838238418102264,0.0,0.0,0.9711405634880066,0.2445046752691269,0.0,0.0,0.9696200489997864,-0.004143687215798608
-103.08060824554777,617.9336992726137,0.0,8.339053758628774,0.23793946206569672,0.0,0.0,0.9712512493133545,0.24392959475517273,0.0,0.0,0.9697628617286682,-0.41702064402807887
-101.9188312649663,620.217704318816,0.0,8.348007445447262,0.23757295310497284,0.0,0.0,0.9713431000709534,0.24336859583854675,0.0,0.0,0.9699020385742188,-0.0045958936207727286
-100.7571768573979,622.5052619291844,0.0,8.356821579752795,0.2372855693101883,0.0,0.0,0.9714155793190002,0.2428259700536728,0.0,0.0,0.9700365662574768,-0.4174658023263381
-99.59520551483556,624.796070876629,0.0,8.365497479780986,0.23707959055900574,0.0,0.0,0.9714680910110474,0.2423059344291687,0.0,0.0,0.9701654314994812,-0.005034070389873302
-98.4324746080534,627.0898285779696,0.0,8.374036463767432,0.23695719242095947,0.0,0.0,0.9715000987052917,0.24181225895881653,0.0,0.0,0.9702877998352051,-0.4178970641438354
-97.26853845553894,629.3862311339091,0.0,8.382439849947737,0.23692026734352112,0.0,0.0,0.9715110659599304,0.24134886264801025,0.0,0.0,0.9704026579856873,-0.005458483833323036
-96.10294839178354,631.6849733686465,0.0,8.390708956557503,0.2369706779718399,0.0,0.0,0.97150057554245,0.24091972410678864,0.0,0.0,0.9705091714859009,-0.4183146957907933
-94.93525283492122,633.9857488691064,0.0,8.398845101832334,0.23710989952087402,0.0,0.0,0.9714680910110474,0.24052774906158447,0.0,0.0,0.9706065654754639,-0.005869400261344804
-93.76499735369444,636.2882500237868,0.0,8.406849604007837,0.23733948171138763,0.0,0.0,0.971413254737854,0.24017657339572906,0.0,0.0,0.9706940054893494,-0.4187189635774348
-92.59172473373597,638.5921680612157,0.0,8.414723781319607,0.2376607060432434,0.0,0.0,0.9713355302810669,0.2398689091205597,0.0,0.0,0.9707708358764648,-0.00626708598416148
-91.4149750431502,640.8971930880026,0.0,8.422468952003257,0.23807485401630402,0.0,0.0,0.9712345004081726,0.23960772156715393,0.0,0.0,0.970836341381073,-0.41911013381398277
-90.23428569738081,643.20301412648,0.0,8.430086434294378,0.23858290910720825,0.0,0.0,0.9711098074913025,0.23939600586891174,0.0,0.0,0.9708897471427917,-0.006651807311995883
-89.04919152334885,645.5093191519295,0.0,8.437577546428583,0.23918601870536804,0.0,0.0,0.9709608554840088,0.2392365038394928,0.0,0.0,0.9709303975105286,-0.4194884728106598
-87.85922482284994,647.8157951293778,0.0,8.444943606641473,0.23988507688045502,0.0,0.0,0.9707872867584229,0.2391316443681717,0.0,0.0,0.9709576368331909,-0.007023830555071109
-86.66391543519423,650.1221280499595,0.0,8.452185933168654,0.24068091809749603,0.0,0.0,0.9705885648727417,0.23908422887325287,0.0,0.0,0.9709708094596863,-0.41985424687768913
-85.46279079907795,652.4280029668396,0.0,8.45930584424572,0.24157436192035675,0.0,0.0,0.9703641533851624,0.23909583687782288,0.0,0.0,0.9709693193435669,-0.007383422023609809
-84.2553760136722,654.733104030684,0.0,8.46630465810828,0.24256601929664612,0.0,0.0,0.9701136946678162,0.23916937410831451,0.0,0.0,0.9709525108337402,-0.4202077223252932
-83.04119389891636,657.037114524675,0.0,8.473183692991938,0.24365651607513428,0.0,0.0,0.9698365926742554,0.23930703103542328,0.0,0.0,0.970919668674469,-0.0077308480278350244
-81.81976505500545,659.3397168990602,0.0,8.479944267132295,0.24484634399414062,0.0,0.0,0.9695323705673218,0.23951053619384766,0.0,0.0,0.9708702564239502,-0.420549165463695
-80.59060792105505,661.6405928052332,0.0,8.486587698764955,0.24613861739635468,0.0,0.0,0.9692107439041138,0.23978151381015778,0.0,0.0,0.9708037972450256,-0.008066374877969407
-79.35323883293681,663.939423129333,0.0,8.493115306125521,0.24753117561340332,0.0,0.0,0.9688605666160583,0.24012251198291779,0.0,0.0,0.9707194566726685,-0.4208788426031175
-78.10717208026871,666.2358880253591,0.0,8.499528407449596,0.2490243911743164,0.0,0.0,0.9684815406799316,0.2405346930027008,0.0,0.0,0.9706167578697205,-0.00839026888423583
-76.85191996255037,668.5296669477974,0.0,8.505828320972782,0.2506186068058014,0.0,0.0,0.9680731892585754,0.24101991951465607,0.0,0.0,0.9704951047897339,-0.4211970200537834
-75.58699284443287,670.8204386837438,0.0,8.512016364930684,0.25231391191482544,0.0,0.0,0.9676351547241211,0.24157960712909698,0.0,0.0,0.9703539609909058,-0.008702796356857168
-74.31189921011037,673.1078813845241,0.0,8.518093857558904,0.25411027669906616,0.0,0.0,0.9671669006347656,0.24221684038639069,0.0,0.0,0.9701976776123047,-0.42150396412591573
-73.02614571682294,675.3916725968076,0.0,8.524062117093047,0.2560068368911743,0.0,0.0,0.9666682481765747,0.2429315149784088,0.0,0.0,0.9700213074684143,-0.009004223606056294
-71.72923724746279,677.6714892931954,0.0,8.529922461768717,0.2580021619796753,0.0,0.0,0.9661389589309692,0.24372556805610657,0.0,0.0,0.9698243141174316,-0.42179994112973745
-70.42067696226862,679.9470079022943,0.0,8.535676209821505,0.26009389758110046,0.0,0.0,0.9655789732933044,0.2446000576019287,0.0,0.0,0.9696060419082642,-0.00929481694205564
-69.09996634960436,682.217904338255,0.0,8.541324679487031,0.26227867603302,0.0,0.0,0.9649885296821594,0.24555589258670807,0.0,0.0,0.969366192817688,-0.42208521737547117
-67.76660527580584,684.4838540297819,0.0,8.54686918900089,0.2645522654056549,0.0,0.0,0.964368462562561,0.24659433960914612,0.0,0.0,0.9691040515899658,-0.009574842675078854
-66.42009203409143,686.7445319485973,0.0,8.552311056598688,0.2669089734554291,0.0,0.0,0.963719367980957,0.24771648645401,0.0,0.0,0.968819260597229,-0.4223600591733397
-65.05992339252462,688.9996126373642,0.0,8.557651600516024,0.2693420946598053,0.0,0.0,0.9630426168441772,0.24892348051071167,0.0,0.0,0.9685110449790955,-0.009844567115348368
-63.68559464101794,691.2487702370572,0.0,8.562892138988504,0.27184346318244934,0.0,0.0,0.9623398780822754,0.2502165138721466,0.0,0.0,0.968178927898407,-0.42262473283356594
-62.29659963737475,693.4916785137772,0.0,8.568033990251733,0.2744033634662628,0.0,0.0,0.9616132974624634,0.25159603357315063,0.0,0.0,0.9678224325180054,-0.010104256573087222
-60.89243085235313,695.7280108850066,0.0,8.573078472541308,0.27701082825660706,0.0,0.0,0.9608656764030457,0.25306299328804016,0.0,0.0,0.9674408435821533,-0.42287950466637275
-59.4725794137494,697.9574404452968,0.0,8.578026904092836,0.27965348958969116,0.0,0.0,0.9601000547409058,0.2546183168888092,0.0,0.0,0.9670335650444031,-0.010354177358517902
-58.03653514948955,700.1796399913876,0.0,8.58288060314192,0.28231725096702576,0.0,0.0,0.9593203067779541,0.2562619149684906,0.0,0.0,0.9666001200675964,-0.4231246409819831
-56.58378662972284,702.3942820467489,0.0,8.587640887924163,0.2849867641925812,0.0,0.0,0.958530843257904,0.2579951882362366,0.0,0.0,0.9661396145820618,-0.010594595781863503
-55.113821207906696,704.6010388855461,0.0,8.592309076675168,0.2876448929309845,0.0,0.0,0.957736611366272,0.25981831550598145,0.0,0.0,0.9656516313552856,-0.4233604080906197
-53.626125060880035,706.7995825560179,0.0,8.596886487630538,0.29027315974235535,0.0,0.0,0.9569433927536011,0.2617321014404297,0.0,0.0,0.9651352167129517,-0.010825778153346843
-52.12018322791199,708.9895849032689,0.0,8.601374439025877,0.2928512990474701,0.0,0.0,0.9561576843261719,0.2637360394001007,0.0,0.0,0.9645900130271912,-0.42358707230250553
-50.59547964872383,711.1707175914682,0.0,8.605774249096788,0.2953574061393738,0.0,0.0,0.9553865790367126,0.26582685112953186,0.0,0.0,0.9640164375305176,-0.011047990783190853
-49.05154491412602,713.3426765582999,0.0,8.610087172606754,0.29776817560195923,0.0,0.0,0.9546379446983337,0.2679906487464905,0.0,0.0,0.9634175896644592,-0.42380489672220073
-47.48896416776839,715.5056920937221,0.0,8.614295558250054,0.30006086826324463,0.0,0.0,0.9539197683334351,0.2702065110206604,0.0,0.0,0.9627987146377563,-0.011260535512650494
-45.909364502997455,717.660506835006,0.0,8.618336517404302,0.30221492052078247,0.0,0.0,0.9532395601272583,0.2724558711051941,0.0,0.0,0.9621649980545044,-0.42400898556837485
-44.31443455465848,719.807871037764,0.0,8.622140537169743,0.30421191453933716,0.0,0.0,0.9526040554046631,0.2747199535369873,0.0,0.0,0.9615212678909302,-0.011452657723026338
-42.705881983323216,721.9485208299677,0.0,8.625638104646626,0.3060356676578522,0.0,0.0,0.9520198106765747,0.2769816517829895,0.0,0.0,0.9608724117279053,-0.42418563039043955
-41.08543344510763,724.0831782451124,0.0,8.628759706935195,0.30767133831977844,0.0,0.0,0.9514924883842468,0.27922409772872925,0.0,0.0,0.9602234363555908,-0.011610314404267297
-39.454834358473704,726.2125511553359,0.0,8.631435831135693,0.3091057538986206,0.0,0.0,0.9510274529457092,0.28143182396888733,0.0,0.0,0.9595788717269897,-0.42432078817834346
-37.815848467559135,728.3373331042405,0.0,8.633596964348373,0.3103247284889221,0.0,0.0,0.95062255859375,0.28359055519104004,0.0,0.0,0.958943247795105,-0.01171946254632178
-36.17025720171962,730.4582030392573,0.0,8.635173593673478,0.31132104992866516,0.0,0.0,0.9502923488616943,0.2856863737106323,0.0,0.0,0.9583211541175842,-0.4244004159220357
-34.51985883116749,732.5758249434637,0.0,8.636096206211255,0.31208470463752747,0.0,0.0,0.9500399827957153,0.2877059578895569,0.0,0.0,0.9577170014381409,-0.011766059139138751
-32.866467418804454,734.6908473668907,0.0,8.636295289061945,0.31260693073272705,0.0,0.0,0.9498682618141174,0.28963690996170044,0.0,0.0,0.9571349620819092,-0.4244104706114645
-31.211911568612514,736.8039028574633,0.0,8.635701329325801,0.3128795623779297,0.0,0.0,0.9497795104980469,0.29146724939346313,0.0,0.0,0.9565794467926025,-0.0117360611726669
-29.55803297124458,738.9156072918744,0.0,8.634244814103065,0.31289517879486084,0.0,0.0,0.9497756958007812,0.29318591952323914,0.0,0.0,0.9560540914535522,-0.4243369092365788
-27.90668474779967,741.0265591068325,0.0,8.631856230493984,0.31264713406562805,0.0,0.0,0.9498581886291504,0.2947828769683838,0.0,0.0,0.9555631279945374,-0.011615425636854693
-26.259729593106897,743.1373384313159,0.0,8.628466065598804,0.31212925910949707,0.0,0.0,0.9500281810760498,0.2962469458580017,0.0,0.0,0.9551103711128235,-0.4241656887873273
-24.6190377202523,745.2485061206435,0.0,8.624004806517773,0.3113359212875366,0.0,0.0,0.9502862691879272,0.2975698709487915,0.0,0.0,0.9546991586685181,-0.011390109521651148
-22.986484608493644,747.3606026933869,0.0,8.618402940351134,0.3102618455886841,0.0,0.0,0.9506328105926514,0.29874154925346375,0.0,0.0,0.9543332457542419,-0.4238827662536586
-21.363948557180127,749.4741471723636,0.0,8.611590954199137,0.30890578031539917,0.0,0.0,0.9510778188705444,0.299753338098526,0.0,0.0,0.9540160298347473,-0.011046069817004844
-19.753308048771558,751.5896358312045,0.0,8.60349933516202,0.307261198759079,0.0,0.0,0.9516133069992065,0.3005974292755127,0.0,0.0,0.953750491142273,-0.42347409862552143
-18.15643892458607,753.7075408482278,0.0,8.594058570340037,0.3053242564201355,0.0,0.0,0.9522387385368347,0.3012635111808777,0.0,0.0,0.9535354375839233,-0.010569263512864246
-16.575211377449197,755.8283088696306,0.0,8.583199146833433,0.3030918836593628,0.0,0.0,0.9529533982276917,0.3017471730709076,0.0,0.0,0.9533801674842834,-0.42292564289286466
-15.011486766007412,757.952359484298,0.0,8.570851551742452,0.3005616366863251,0.0,0.0,0.9537559747695923,0.3020402491092682,0.0,0.0,0.9532868266105652,-0.009945647599178375
-13.467114256081755,760.0800836128147,0.0,8.556946272167341,0.2977316379547119,0.0,0.0,0.9546444416046143,0.30213621258735657,0.0,0.0,0.9532567262649536,-0.4222233560456368
-11.943927295075548,762.2118418135989,0.0,8.541413795208346,0.29460078477859497,0.0,0.0,0.9556161761283875,0.3020279109477997,0.0,0.0,0.9532912969589233,-0.009161179065895753
-10.443739926125104,764.3479625093855,0.0,8.524184607965713,0.2911688983440399,0.0,0.0,0.9566681385040283,0.3017086684703827,0.0,0.0,0.9533916115760803,-0.4213531950737867
-8.96834294937667,766.4887401376388,0.0,8.505189197539687,0.28743669390678406,0.0,0.0,0.9577966928482056,0.30117228627204895,0.0,0.0,0.9535584449768066,-0.008201814902965121
-7.519499938491371,768.6344332288276,0.0,8.484358051030517,0.2834058105945587,0.0,0.0,0.9589977860450745,0.30041512846946716,0.0,0.0,0.953798234462738,-0.42030111696726297
-6.09894312123247,770.7852624168506,0.0,8.461621655538446,0.27907899022102356,0.0,0.0,0.9602662324905396,0.2994304895401001,0.0,0.0,0.9541087746620178,-0.00705351210033528
-4.708369133749943,772.9414083862903,0.0,8.436910498163718,0.2744598090648651,0.0,0.0,0.9615969657897949,0.29821327328681946,0.0,0.0,0.9544908404350281,-0.4190530787160141
-3.3494346589702895,775.1030097615437,0.0,8.410155066006586,0.2695530652999878,0.0,0.0,0.9629842042922974,0.29675865173339844,0.0,0.0,0.954944908618927,-0.005702227647954916
-2.023751960306809,777.2701609432902,0.0,8.381285846167296,0.26436474919319153,0.0,0.0,0.9644216895103455,0.2950625717639923,0.0,0.0,0.9554710984230042,-0.4175950373099893
-0.7328843227287529,779.4429098981489,0.0,8.350233325746087,0.2589016854763031,0.0,0.0,0.9659027457237244,0.293121337890625,0.0,0.0,0.9560690522193909,-0.004133918535772607
0.5216585859289182,781.6212559077919,0.0,8.316927991843206,0.2531720697879791,0.0,0.0,0.9674204587936401,0.2909315228462219,0.0,0.0,0.9567383527755737,-0.4159129497391368
1.7384254196841606,783.8051472842025,0.0,8.281300331558906,0.2471849024295807,0.0,0.0,0.9689676761627197,0.2884901165962219,0.0,0.0,0.957477867603302,-0.0023345417537372626
2.916027910557231,785.994479058188,0.0,8.243280831996078,0.24095043540000916,0.0,0.0,0.9705367684364319,0.28579452633857727,0.0,0.0,0.9582862854003906,-0.41399277299353937
4.053154169590307,788.1891073942426,0.0,8.202862336245229,0.23447966575622559,0.0,0.0,0.972120463848114,0.28284263610839844,0.0,0.0,0.959162175655365,-0.0002932035845024661
5.148604687691454,790.3889146863376,0.0,8.160284505510589,0.22778482735157013,0.0,0.0,0.9737110733985901,0.2796330451965332,0.0,0.0,0.9601033926010132,-0.4118423775018909
6.201297715236367,792.5938272238518,0.0,8.115848060857385,0.22087877988815308,0.0,0.0,0.9753009080886841,0.2761653661727905,0.0,0.0,0.9611068964004517,0.0019510612969725338
7.2102647397193,794.8038172102042,0.0,8.069853723350858,0.21377520263195038,0.0,0.0,0.9768825769424438,0.27244463562965393,0.0,0.0,0.9621685147285461,-0.40951943116317746
8.174760964287005,797.0186467211764,0.0,8.022602214056239,0.20648795366287231,0.0,0.0,0.978448748588562,0.2684805393218994,0.0,0.0,0.963282585144043,0.004337501160337098
9.094568664471279,799.2371798223855,0.0,7.974394254038756,0.19902953505516052,0.0,0.0,0.9799931049346924,0.26428306102752686,0.0,0.0,0.9644429087638855,-0.40708468570774897
9.9696449563009,801.4581569314621,0.0,7.925530564363645,0.19141104817390442,0.0,0.0,0.9815096259117126,0.2598622739315033,0.0,0.0,0.9656435251235962,0.006805364275241643
10.800011298341492,803.6804284079774,0.0,7.876311866096141,0.18364208936691284,0.0,0.0,0.9829928278923035,0.25522753596305847,0.0,0.0,0.9668789505958557,-0.40459889286595585
11.585745842916268,805.9029574640773,0.0,7.8270388803014725,0.17573118209838867,0.0,0.0,0.984437882900238,0.2503873407840729,0.0,0.0,0.968143880367279,0.009293898911336085
12.3269755443016,808.1248225868702,0.0,7.778012328044876,0.16768574714660645,0.0,0.0,0.9858402013778687,0.2453499138355255,0.0,0.0,0.9694329500198364,-0.40212280436814796
13.023868040670854,810.3452194910891,0.0,7.72953293039158,0.15951207280158997,0.0,0.0,0.9871956706047058,0.24012218415737152,0.0,0.0,0.9707410931587219,0.011742353338270228
13.676623324237925,812.563462620942,0.0,7.681901408406816,0.15121574699878693,0.0,0.0,0.9885004758834839,0.23471134901046753,0.0,0.0,0.9720637202262878,-0.39971717194467504
14.285465211442709,814.7789862201355,0.0,7.635418483155825,0.14280147850513458,0.0,0.0,0.9897510409355164,0.22912396490573883,0.0,0.0,0.9733960032463074,0.01408997582569399
14.850632622119214,816.9913449888012,0.0,7.59038487570384,0.13427335023880005,0.0,0.0,0.9909441471099854,0.2233656346797943,0.0,0.0,0.9747336506843567,-0.3974427473258879
15.37237067341698,819.2002143454818,0.0,7.547101307116086,0.12563510239124298,0.0,0.0,0.9920762777328491,0.21744166314601898,0.0,0.0,0.9760722517967224,0.01627601464325734
15.850921419427001,821.4053894852863,0.0,7.505865691379487,0.11689039319753647,0.0,0.0,0.9931445717811584,0.21135729551315308,0.0,0.0,0.9774078130722046,-0.39536014047050416
16.286508070204825,823.6067499245551,0.0,7.466857539357566,0.10804305225610733,0.0,0.0,0.9941459894180298,0.20511691272258759,0.0,0.0,0.9787364602088928,0.018246123331233155
16.679320870198584,825.804210926838,0.0,7.430096958432485,0.09909733384847641,0.0,0.0,0.9950774908065796,0.19872459769248962,0.0,0.0,0.9800544381141663,-0.39350354547428795
17.029514769928156,827.9977179925978,0.0,7.3955928208931185,0.09005830436944962,0.0,0.0,0.9959362745285034,0.19218426942825317,0.0,0.0,0.981357991695404,0.019988756540292085
17.33720791150437,830.1872446826852,0.0,7.3633539990283285,-0.08093146979808807,0.0,0.0,-0.9967194199562073,0.18549932539463043,0.0,0.0,0.9826435446739197,-0.3918753221477834
17.602480117158578,832.3727904898843,0.0,7.333389365126986,-0.0717250406742096,0.0,0.0,-0.997424304485321,0.1786728799343109,0.0,0.0,0.9839076995849609,0.02150212188884476
17.82537137663867,834.5543787545042,0.0,7.305707791477961,-0.06244688853621483,0.0,0.0,-0.9980481863021851,0.17170770466327667,0.0,0.0,0.9851471185684204,-0.39047726287258017
18.005880329326438,836.7320546199701,0.0,7.280318150370118,-0.053107134997844696,0.0,0.0,-0.9985886812210083,0.16460643708705902,0.0,0.0,0.986358642578125,0.022784426995301477
18.143962736932423,838.9058830243912,0.0,7.257229314092324,-0.04371738061308861,0.0,0.0,-0.9990438222885132,0.1573714315891266,0.0,0.0,0.9875388741493225,-0.38931116003026733
18.239529942616862,841.0759467240754,0.0,7.23645015493345,-0.03429102152585983,0.0,0.0,-0.9994117617607117,0.15000469982624054,0.0,0.0,0.9886845946311951,0.023833879478072917
18.29244731237676,843.2423443449364,0.0,7.21798954518236,-0.024843372404575348,0.0,0.0,-0.9996912479400635,-0.14250798523426056,0.0,0.0,-0.989793062210083,-0.3883788060024345
18.30253265452587,845.4051884577478,0.0,7.201856357127923,-0.015391575172543526,0.0,0.0,-0.999881386756897,-0.1348833441734314,0.0,0.0,-0.9908609390258789,0.02464868695556971
18.2695546130766,847.564603673168,0.0,7.188059463059006,-0.005954744294285774,0.0,0.0,-0.9999820590019226,-0.1271323263645172,0.0,0.0,-0.9918851852416992,-0.387681993170671
18.19323103081147,849.7207247524442,0.0,7.17660773526448,0.0034460583701729774,0.0,0.0,-0.9999939203262329,-0.11925628036260605,0.0,0.0,-0.9928629398345947,0.02522705704620226
18.073227277805287,851.8736947296735,0.0,7.167510046033206,0.01278798095881939,0.0,0.0,-0.9999179840087891,-0.11125651746988297,0.0,0.0,-0.9937912821769714,-0.3872225139165662
17.909154585534157,854.0236625292237,0.0,7.16077356103061,0.022046249359846115,0.0,0.0,-0.9997567534446716,-0.1031341627240181,0.0,0.0,-0.9946670532226562,0.025567283561484855
17.70057016464115,856.1707642165576,0.0,7.156349145303826,0.031194234266877174,0.0,0.0,-0.9995130896568298,-0.09489350020885468,0.0,0.0,-0.9954870343208313,-0.3869990585768296
17.446987950676412,858.3151032557573,0.0,7.154119859439504,0.04020368307828903,0.0,0.0,-0.9991912245750427,-0.08654938638210297,0.0,0.0,-0.9962472319602966,0.02567987375665265
17.148598135819924,860.4569551338195,0.0,7.1539647316725,0.04904636740684509,0.0,0.0,-0.9987963438034058,-0.07812660932540894,0.0,0.0,-0.9969431161880493,-0.38699122384112233
16.806835054267875,862.5969294742102,0.0,7.155762790237671,0.05769689381122589,0.0,0.0,-0.9983339309692383,-0.06964992731809616,0.0,0.0,-0.9975711703300476,0.02558906271800765
16.423227845097617,864.7356356344178,0.0,7.159393063369873,0.06613300740718842,0.0,0.0,-0.9978106021881104,-0.0611434206366539,0.0,0.0,-0.9981287121772766,-0.3871745709690113
15.999275513155386,866.8736446758772,0.0,7.16473457930396,0.07433512061834335,0.0,0.0,-0.9972330927848816,-0.05262930318713188,0.0,0.0,-0.9986138343811035,0.025319289185983085
15.536454315203326,869.0114897106496,0.0,7.171666366274791,0.0822863057255745,0.0,0.0,-0.9966084957122803,-0.04412911459803581,0.0,0.0,-0.9990254640579224,-0.3875246612200634
15.036224726275337,871.1496662316702,0.0,7.180067452517221,0.08997166901826859,0.0,0.0,-0.995944082736969,-0.035663265734910965,0.0,0.0,-0.9993634819984436,0.024894991901011854
14.500037994675017,873.2886324269913,0.0,7.189816866266106,0.09737850725650787,0.0,0.0,-0.9952471852302551,-0.027250705286860466,0.0,0.0,-0.9996282458305359,-0.3880170558538455
13.929342291992203,875.4288094783573,0.0,7.200793635756306,0.10449570417404175,0.0,0.0,-0.9945250153541565,-0.018909312784671783,0.0,0.0,-0.99982088804245,0.02434060960352702
13.325588462606591,877.5705818443665,0.0,7.212876789222671,0.11131369322538376,0.0,0.0,-0.9937849640846252,-0.010656527243554592,0.0,0.0,-0.99994295835495,-0.3886273161299245
12.690235375382368,879.7142975283978,0.0,7.225945354900062,0.11782445013523102,0.0,0.0,-0.9930341839790344,-0.0025081168860197067,0.0,0.0,-0.9999966025352478,0.02368058103396181
12.024754878636564,881.8602683314163,0.0,7.239878361023335,0.12402111291885376,0.0,0.0,-0.9922793507575989,0.005521208047866821,0.0,0.0,-0.9999844431877136,-0.38933100330786763
11.330636357989537,884.0087700896996,0.0,7.254554835827345,0.12989789247512817,0.0,0.0,-0.9915271997451782,0.013417402282357216,0.0,0.0,-0.9999096989631653,0.02293934493274924
10.609390895371742,886.160042897476,0.0,7.269853807546948,0.13544979691505432,0.0,0.0,-0.9907839894294739,0.021167129278182983,0.0,0.0,-0.999775767326355,-0.39010367864724155
9.862555026274434,888.314291314405,0.0,7.285654304417002,0.14067257940769196,0.0,0.0,-0.9900559782981873,0.028758250176906586,0.0,0.0,-0.9995862245559692,0.02214134004032231
9.091694091288284,890.4716845577868,0.0,7.301835354672361,0.14556260406970978,0.0,0.0,-0.9893488883972168,0.03617929294705391,0.0,0.0,-0.999345064163208,-0.39092090340761326
8.298405177074088,892.6323566793474,0.0,7.318275986547883,0.1501166671514511,0.0,0.0,-0.9886682033538818,0.043419644236564636,0.0,0.0,-0.9990566372871399,0.02131100509711409
7.484319641163723,894.7964067264022,0.0,7.334855228278423,0.15433187782764435,0.0,0.0,-0.9880190491676331,0.05046899616718292,0.0,0.0,-0.9987252354621887,-0.3917582388485496
6.651105214383475,896.9638988871814,0.0,7.351452108098838,0.15820592641830444,0.0,0.0,-0.9874061346054077,0.057317815721035004,0.0,0.0,-0.9983555674552917,0.020472778843557804
5.8004676742416805,899.1348626200629,0.0,7.367945654243987,0.16173632442951202,0.0,0.0,-0.986833930015564,0.06395800411701202,0.0,0.0,-0.9979521632194519,-0.3925912462296177
4.934152082322978,901.3092927664487,0.0,7.384214894948721,0.1649208664894104,0.0,0.0,-0.9863067269325256,0.07038065046072006,0.0,0.0,-0.9975199103355408,0.019651100020086354
4.053943578583331,903.4871496470076,0.0,7.4001388584478995,0.16775718331336975,0.0,0.0,-0.9858282804489136,0.07657843828201294,0.0,0.0,-0.9970633387565613,-0.3933954868103843
3.1616677254487824,905.6683591409918,0.0,7.415596572976381,0.17024295032024384,0.0,0.0,-0.9854021072387695,0.08254395425319672,0.0,0.0,-0.9965871572494507,0.018870407367132747
2.2591880059196874,907.8528185062753,0.0,7.430486657370731,0.17237591743469238,0.0,0.0,-0.9850311875343323,0.08827052265405655,0.0,0.0,-0.9960963726043701,-0.39414751127474545
1.348389967120898,910.0404328166877,0.0,7.444831655979667,0.17415358126163483,0.0,0.0,-0.9847184419631958,0.09375162422657013,0.0,0.0,-0.9955954551696777,0.0181459124878936
0.43117390601258854,912.2311290863731,0.0,7.458702429301397,0.17557357251644135,0.0,0.0,-0.9844662547111511,0.09898094087839127,0.0,0.0,-0.9950891733169556,-0.39484805538190354
-0.49054649848788534,914.4248562122654,0.0,7.472169947539454,0.1766325980424881,0.0,0.0,-0.9842714667320251,0.10395299643278122,0.0,0.0,-0.9945819973945618,0.01746573479910285
-1.41484528537642,916.6215848938597,0.0,7.48530518089737,0.1773299127817154,0.0,0.0,-0.9841442704200745,0.10866189002990723,0.0,0.0,-0.994078516960144,-0.3955114510060407
-2.3397850526733954,918.8213075627223,0.0,7.4981790995786755,0.17766337096691132,0.0,0.0,-0.9840843081474304,0.1131017655134201,0.0,0.0,-0.993583083152771,0.01681553688590559
-3.2634175361364424,921.0240383218905,0.0,7.510862673786898,0.1776309758424759,0.0,0.0,-0.9840908050537109,0.11726774275302887,0.0,0.0,-0.9930999875068665,-0.3961520355620115
-4.183783922127617,923.2298128953049,0.0,7.523426873725564,0.1772312968969345,0.0,0.0,-0.9841626882553101,0.12115435302257538,0.0,0.0,-0.9926332831382751,0.016180981333447697
-5.098914891322823,925.4386885874067,0.0,7.535942669598208,0.17646342515945435,0.0,0.0,-0.9842985272407532,0.12475679814815521,0.0,0.0,-0.992186963558197,-0.3967841464646703
-6.006830390037178,927.6507442530318,0.0,7.548481031608361,0.17532691359519958,0.0,0.0,-0.9844963550567627,0.12807008624076843,0.0,0.0,-0.9917647242546082,0.01554773072687432
-6.905539125972723,929.8660802777274,0.0,7.561112929959551,0.17382386326789856,0.0,0.0,-0.9847654104232788,0.13108836114406586,0.0,0.0,-0.9913703203201294,-0.3974221211288718
-7.793037785166901,932.0848185686066,0.0,7.573909334855303,0.17195318639278412,0.0,0.0,-0.9850959777832031,0.13380694389343262,0.0,0.0,-0.9910070300102234,0.014901447651331279
-8.667309966848691,934.3071025558738,0.0,7.586941216499151,0.16971564292907715,0.0,0.0,-0.9854856133460999,0.13622018694877625,0.0,0.0,-0.9906781911849976,-0.39808029696947017
-9.526324832773039,936.533097205142,0.0,7.600279545094627,0.1671120971441269,0.0,0.0,-0.9859318733215332,0.13832244277000427,0.0,0.0,-0.9903868436813354,0.01422779469196378
-10.368035467418414,938.7629890406753,0.0,7.613995290845258,0.16414348781108856,0.0,0.0,-0.9864315390586853,0.1401084065437317,0.0,0.0,-0.9901357889175415,-0.3987730114013202
-11.190376945187323,940.9969861796889,0.0,7.628159423954572,0.16081109642982483,0.0,0.0,-0.986981213092804,0.14157237112522125,0.0,0.0,-0.9899275898933411,0.013512434433917586
-11.991264100451147,943.2353183778611,0.0,7.642842914626105,0.15711599588394165,0.0,0.0,-0.9875768423080444,0.1427079737186432,0.0,0.0,-0.9897645115852356,-0.3995146018392764
-12.768589199658555,945.478237086208,0.0,7.6581167330633795,0.15305976569652557,0.0,0.0,-0.9882142543792725,0.14351102709770203,0.0,0.0,-0.9896484017372131,0.012741029462338016
-13.520323164178238,947.7260129246855,0.0,7.674042991112812,0.1486438512802124,0.0,0.0,-0.9888886213302612,0.14397872984409332,0.0,0.0,-0.989578366279602,-0.4003189583064194
-14.244570316203731,949.978567995955,0.0,7.689428472954143,0.1438693255186081,0.0,0.0,-0.9895948171615601,0.14410929381847382,0.0,0.0,-0.9895592927932739,0.011963984924897031
-14.939138463308725,952.234730363502,0.0,7.700536434104951,0.13873717188835144,0.0,0.0,-0.9903277158737183,0.14390018582344055,0.0,0.0,-0.9895893931388855,-0.40087996644534907
-15.601550321931564,954.4921427236729,0.0,7.703322612591869,0.13324880599975586,0.0,0.0,-0.9910814166069031,0.1433485895395279,0.0,0.0,-0.9896665811538696,0.011823268839699141
-16.229144354203438,956.7472605079234,0.0,7.693742746441515,0.1274065375328064,0.0,0.0,-0.9918496608734131,0.14245426654815674,0.0,0.0,-0.9897962212562561,-0.40039613482159386
-16.81918797360158,958.9953493638927,0.0,7.667752573680525,0.12121404707431793,0.0,0.0,-0.9926255941390991,0.1412164270877838,0.0,0.0,-0.9899741411209106,0.01313590382762797
-17.36900177150363,961.2304820471439,0.0,7.621307832335522,0.11467716842889786,0.0,0.0,-0.9934021234512329,0.1396358460187912,0.0,0.0,-0.9901987314224243,-0.3980504408142705
-17.87609265219819,963.4455348315856,0.0,7.5503644290341825,0.10780450701713562,0.0,0.0,-0.9941715598106384,0.13771526515483856,0.0,0.0,-0.9904680848121643,0.016718903994362322
-18.338461654489755,965.6330174899019,0.0,7.453719740130927,0.10060760378837585,0.0,0.0,-0.9949256777763367,0.13545875251293182,0.0,0.0,-0.9907796382904053,-0.3931693959201667
-18.75521403445537,967.7880261925662,0.0,7.3402363554903,0.09310043603181839,0.0,0.0,-0.9956562519073486,0.13287103176116943,0.0,0.0,-0.9911302924156189,0.02245038806712124
-19.126455119641165,969.9089015678417,0.0,7.221004464616789,0.08529875427484512,0.0,0.0,-0.9963550567626953,0.12995752692222595,0.0,0.0,-0.9915167689323425,-0.3871475832497873
-19.452997354653057,971.9972349888463,0.0,7.107114257014919,0.07721829414367676,0.0,0.0,-0.9970138669013977,0.12672372162342072,0.0,0.0,-0.9919356107711792,0.028202418754084357
-19.73599292046187,974.0574324612787,0.0,7.008147199661476,-0.06887519359588623,0.0,0.0,0.997624933719635,0.12317455559968948,0.0,0.0,-0.992382824420929,-0.38214924701981545
-19.976368875259876,976.0941225300569,0.0,6.924848124624513,-0.060284536331892014,0.0,0.0,0.9981809258460999,0.11931434273719788,0.0,0.0,-0.9928545355796814,0.03240944274585017
-20.174703337041546,978.1112139476228,0.0,6.854754436625812,-0.05146050453186035,0.0,0.0,0.998674750328064,0.11514720320701599,0.0,0.0,-0.993346631526947,-0.3786091617673558
-20.33127922729741,980.1118935657706,0.0,6.7953990242691225,-0.04241696745157242,0.0,0.0,0.9990996718406677,0.11067713052034378,0.0,0.0,-0.9938547015190125,0.035407190844672864
-20.446142455241,982.0986252705327,0.0,6.74431477615819,-0.03316788375377655,0.0,0.0,0.9994494915008545,0.10590828210115433,0.0,0.0,-0.9943742752075195,-0.37602914923650066
-20.519164469316262,984.0731486441364,0.0,6.699034580896762,-0.02372683584690094,0.0,0.0,0.999718189239502,0.10084478557109833,0.0,0.0,-0.9949007034301758,0.03769406939322989
-20.55010931306062,986.0364773611121,0.0,6.657091327088585,-0.01410762220621109,0.0,0.0,0.9999001622200012,-0.09549160301685333,0.0,0.0,0.9954288601875305,-0.37391080308457253
-20.538705259942695,987.9888973245776,0.0,6.616017903337395,-0.004323987290263176,0.0,0.0,0.9999904632568359,-0.08985397964715958,0.0,0.0,0.9959537386894226,0.03976848473419903
-20.484720989239193,989.9299645500836,0.0,6.573347198246954,0.0056098829954862595,0.0,0.0,0.9999841451644897,-0.08393840491771698,0.0,0.0,0.9964698553085327,-0.37175571696889365
-20.388046104438118,991.8585028081277,0.0,6.526612100421003,0.015679609030485153,0.0,0.0,0.9998769164085388,-0.07775242626667023,0.0,0.0,0.9969717264175415,0.04212884321025717
-20.24877557837955,993.7726011650709,0.0,6.473345913199296,0.025870203971862793,0.0,0.0,0.9996652007102966,-0.07130473107099533,0.0,0.0,0.9974536299705505,-0.3690655054930499
-20.067268263640592,995.6698836433404,0.0,6.41200234574466,0.03616657853126526,0.0,0.0,0.9993456602096558,-0.0646057054400444,0.0,0.0,0.9979099631309509,0.045227003182713554
-19.844094071211515,997.5483588878258,0.0,6.34391014500338,0.04655372351408005,0.0,0.0,0.9989156126976013,-0.05766627565026283,0.0,0.0,0.9983351826667786,-0.36562650545561154
-19.57996696760958,999.4065872266538,0.0,6.27095787397561,0.057016924023628235,0.0,0.0,0.9983730316162109,-0.05049825832247734,0.0,0.0,0.9987233877182007,0.04891146131542923
-19.275681435921054,1001.2436825425666,0.0,6.195034095661498,0.06754255294799805,0.0,0.0,0.9977162480354309,-0.043114908039569855,0.0,0.0,0.9990694522857666,-0.36179197119732304
-18.932046597605545,1003.0593142943754,0.0,6.118027373061198,0.0781186893582344,0.0,0.0,0.9969439506530762,-0.03552916646003723,0.0,0.0,0.9993680119514465,0.05280068972958579
-18.54981853268472,1004.8537096661173,0.0,6.041826269174845,0.08873504400253296,0.0,0.0,0.9960551261901855,-0.027755040675401688,0.0,0.0,0.9996141791343689,-0.35794343059700223
-18.129632019639836,1006.6276540602976,0.0,5.968319347002617,0.09938392043113708,0.0,0.0,0.995048999786377,-0.019808465614914894,0.0,0.0,0.9998032450675964,0.05651316054636507
-17.672193548876514,1008.3819180459125,0.0,5.89939516954465,0.11006026715040207,0.0,0.0,0.9939247369766235,-0.01170584000647068,0.0,0.0,0.9999309182167053,-0.3544624115334685
-17.178576194692333,1010.1164451572233,0.0,5.836805385895298,0.12076204270124435,0.0,0.0,0.9926813840866089,-0.0034614093601703644,0.0,0.0,0.9999935626983643,0.05967426073067572
-16.649716926169436,1011.8311760048072,0.0,5.780837255486419,0.13148975372314453,0.0,0.0,0.9913173913955688,0.004913250915706158,0.0,0.0,0.9999874830245972,-0.3516357382804948
-16.086404719616862,1013.5259778630599,0.0,5.730890374603307,0.1422465443611145,0.0,0.0,0.9898311495780945,0.013408934697508812,0.0,0.0,0.9999095797538757,0.062196830472247
-15.48930922230255,1015.2006198123887,0.0,5.686351911366731,0.15303704142570496,0.0,0.0,0.9882203936576843,0.022017503157258034,0.0,0.0,0.9997571110725403,-0.3493863209453142
-14.859007039457035,1016.854755726499,0.0,5.646609033897448,0.16386716067790985,0.0,0.0,0.9864823222160339,0.030734144151210785,0.0,0.0,0.9995272159576416,0.06420404650604916
-14.19600674045659,1018.4879111088322,0.0,5.611048910316222,0.1747446358203888,0.0,0.0,0.9846135973930359,0.03955458477139473,0.0,0.0,0.9992170929908752,-0.34759035510787856
-13.500772737841897,1020.0994735335823,0.0,5.579058708743812,0.1856776475906372,0.0,0.0,0.9826105237007141,0.048476532101631165,0.0,0.0,0.9988240599632263,0.06581971325213049
-12.773748171273041,1021.6886864936341,0.0,5.550025597300985,0.19667507708072662,0.0,0.0,0.9804685115814209,0.05749768391251564,0.0,0.0,0.9983453750610352,-0.3461240363481399
-12.01537690800759,1023.2546464961549,0.0,5.523336744108502,0.2077467441558838,0.0,0.0,0.9781824350357056,0.06661862134933472,0.0,0.0,0.9977782964706421,0.06716763513053875
-11.226124751977792,1024.79630327682,0.0,5.498379317287125,0.21890245378017426,0.0,0.0,0.9757465720176697,0.07583953440189362,0.0,0.0,0.9971197843551636,-0.34486356024605014
-10.406499934980289,1026.3124630261468,0.0,5.474540484957613,0.23015262186527252,0.0,0.0,0.9731543660163879,0.08516354858875275,0.0,0.0,0.9963667988777161,0.06837161656132223
-9.557072945852854,1027.801794536407,0.0,5.451207415240729,0.2415069043636322,0.0,0.0,0.9703989624977112,0.09459090977907181,0.0,0.0,0.9955160021781921,-0.34368512238156107
-8.67849573139484,1029.2628381940256,0.0,5.4277673087979394,0.2529754936695099,0.0,0.0,0.9674725532531738,0.10412581264972687,0.0,0.0,0.9945639371871948,0.06955546032105908
-7.771500776125013,1030.6940477334767,0.0,5.403721675463913,0.26456761360168457,0.0,0.0,0.9643670320510864,0.11377115547657013,0.0,0.0,0.9935067892074585,-0.3424706964556002
-6.836850272904398,1032.0938974760527,0.0,5.37894261021442,0.2762908339500427,0.0,0.0,0.9610739350318909,0.12353064119815826,0.0,0.0,0.9923405647277832,0.07080692826295276
-5.875325832635177,1033.4609057314137,0.0,5.353377173261371,0.28815245628356934,0.0,0.0,0.9575844407081604,0.13340866565704346,0.0,0.0,0.9910609722137451,-0.3411795127711028
-4.88772959719921,1034.7936377332644,0.0,5.32697242481669,0.30015653371810913,0.0,0.0,0.9538899064064026,0.14340806007385254,0.0,0.0,0.9896634817123413,0.07214050141672457
-3.874885301860573,1036.0907087230373,0.0,5.299675425092288,0.31230589747428894,0.0,0.0,0.9499815106391907,0.15353338420391083,0.0,0.0,0.988143265247345,-0.33980087642138557
-2.8376392867047957,1037.3507871698532,0.0,5.271433234300081,0.324601411819458,0.0,0.0,0.9458507895469666,0.16379110515117645,0.0,0.0,0.9864948987960815,0.07356687468905826
-1.7768614566500367,1038.5725981143255,0.0,5.242192912651985,0.3370400369167328,0.0,0.0,0.9414901733398438,0.17418330907821655,0.0,0.0,0.9847131371498108,-0.3383240924997646
-0.6934459051027253,1039.7549269251372,0.0,5.211902870875599,0.34961509704589844,0.0,0.0,0.9368932843208313,0.18471431732177734,0.0,0.0,0.9827921986579895,0.0750966747787748
0.4117157235582507,1040.896650393694,0.0,5.180638614926506,0.3623177707195282,0.0,0.0,0.9320545196533203,0.19538840651512146,0.0,0.0,0.9807259440422058,-0.33674508967405287
1.537787646749218,1041.9967842017807,0.0,5.148705029778104,0.37513548135757446,0.0,0.0,0.9269699454307556,0.20621109008789062,0.0,0.0,0.9785075783729553,0.07670948210950218
2.6840040121503783,1043.0544785771071,0.0,5.116431071110506,0.3880516290664673,0.0,0.0,0.9216374754905701,0.2171817123889923,0.0,0.0,0.97613126039505,-0.33511509176154797
3.8496778259212223,1044.069007035591,0.0,5.084145694603833,0.40104642510414124,0.0,0.0,0.9160576462745667,0.22830335795879364,0.0,0.0,0.9735901355743408,0.07834005668054633
5.034209547793444,1045.0397539581159,0.0,5.052177855938204,0.4140971004962921,0.0,0.0,0.910232663154602,0.23958297073841095,0.0,0.0,0.9708759784698486,-0.3335005544552031
6.237095360217145,1045.966201061516,0.0,5.020856510793739,0.4271770417690277,0.0,0.0,0.9041680097579956,0.2510184943675995,0.0,0.0,0.9679824113845825,0.07992194279895365
7.457935122451327,1046.8479128167346,0.0,4.990510614850554,0.44025668501853943,0.0,0.0,0.8978718519210815,0.2626112699508667,0.0,0.0,0.9649017453193665,-0.33196793344797154
8.696440023987794,1047.684520858472,0.0,4.961469123788772,0.4533056318759918,0.0,0.0,0.891355037689209,0.27436432242393494,0.0,0.0,0.961625874042511,0.08138868477177097
9.952439954980832,1048.475707420343,0.0,4.93406099328851,0.46628910303115845,0.0,0.0,0.884632408618927,0.286275178194046,0.0,0.0,0.9581475257873535,-0.33058368443280683
11.225890614436125,1049.2211878175447,0.0,4.908615179029882,0.47917184233665466,0.0,0.0,0.8777210712432861,0.29833850264549255,0.0,0.0,0.954460084438324,0.08267382690604516
12.516880379136843,1049.9206919866606,0.0,4.8854606366930104,0.49191808700561523,0.0,0.0,0.8706413507461548,0.31054216623306274,0.0,0.0,0.9505596160888672,-0.32941426310266186
13.825458741911305,1050.5742813207464,0.0,4.864926321958012,0.504492461681366,0.0,0.0,0.8634158968925476,0.3228539228439331,0.0,0.0,0.9464487433433533,0.0837109135088229
15.151148361909238,1051.1832611157902,0.0,4.847341190505007,0.5168637037277222,0.0,0.0,0.8560675978660583,0.335236132144928,0.0,0.0,0.9421340227127075,-0.32852612515048984
16.493476228236158,1051.749162758413,0.0,4.833024546365888,0.529007613658905,0.0,0.0,0.8486169576644897,0.34765908122062683,0.0,0.0,0.9376208186149597,0.08443397634413188
17.85206992508153,1052.2734012047108,0.0,4.822060981948908,0.5409041047096252,0.0,0.0,0.8410839438438416,0.36009347438812256,0.0,0.0,0.9329161047935486,-0.3279724097758949
19.226581409658884,1052.7572537420708,0.0,4.814293083835272,0.5525367259979248,0.0,0.0,0.8334882259368896,0.3725103437900543,0.0,0.0,0.9280279278755188,0.08482629443067916
20.61667286646646,1053.201870710652,0.0,4.809552327688914,0.5638949275016785,0.0,0.0,0.8258463144302368,0.38488706946372986,0.0,0.0,0.9229635000228882,-0.327732977647291
22.022006335236526,1053.6082870610921,0.0,4.807670189173773,0.5749702453613281,0.0,0.0,0.8181741833686829,0.397199809551239,0.0,0.0,0.9177319407463074,0.08492135193144384
23.442234047896104,1053.9774333573175,0.0,4.8084781439537885,0.585757851600647,0.0,0.0,0.8104860186576843,0.4094274640083313,0.0,0.0,0.9123426079750061,-0.32777378344426145
24.876989431660945,1054.3101462713685,0.0,4.811807667692899,0.5962549448013306,0.0,0.0,0.8027949929237366,0.421553373336792,0.0,0.0,0.9068034291267395,0.0847531941668423
26.325878742510024,1054.6071786115779,0.0,4.8174902360550425,0.6064621210098267,0.0,0.0,0.7951122522354126,0.4335601031780243,0.0,0.0,0.9011245369911194,-0.32806078184638987
27.788473299910404,1054.8692089201782,0.0,4.825357324704156,0.6163814663887024,0.0,0.0,0.7874475717544556,0.4454328417778015,0.0,0.0,0.8953152298927307,0.08435586645729107
29.26430229981605,1055.096850671421,0.0,4.835240409304177,0.6260160803794861,0.0,0.0,0.7798100709915161,0.45715972781181335,0.0,0.0,0.8893844485282898,-0.3285599275332596
30.75284618866524,1055.2906610965815,0.0,4.846970965519044,0.6353726387023926,0.0,0.0,0.7722054719924927,0.4687298536300659,0.0,0.0,0.8833414316177368,0.08376341412320687
32.25353058636311,1055.4511496578018,0.0,4.860380469012696,0.6444568037986755,0.0,0.0,0.7646404504776001,0.48013508319854736,0.0,0.0,0.8771944642066956,-0.32923717518445417
33.76572075107521,1055.57878618852,0.0,4.875300395449071,0.6532766819000244,0.0,0.0,0.7571190595626831,0.491362988948822,0.0,0.0,0.8709548115730286,0.08300988248500615
35.28871658308471,1055.6740087143314,0.0,4.891562220492108,0.6618402600288391,0.0,0.0,0.7496446371078491,0.5024094581604004,0.0,0.0,0.8646296858787537,-0.330058479479557
36.82174816897491,1055.737230964431,0.0,4.9089974198057424,0.6701571345329285,0.0,0.0,0.7422189116477966,0.5132697224617004,0.0,0.0,0.8582273125648499,0.0821293168631054
38.363971871018094,1055.7688495803795,0.0,4.927437469053915,0.6782361268997192,0.0,0.0,0.7348437309265137,0.5239381194114685,0.0,0.0,0.8517563343048096,-0.33098979509815163
39.914466969842756,1055.769251025737,0.0,4.9467138439005645,0.6860877871513367,0.0,0.0,0.7275185585021973,0.5344136357307434,0.0,0.0,0.845223069190979,0.08115576257792112
41.472232871260616,1055.7388181971894,0.0,4.96665802000963,0.6937214732170105,0.0,0.0,0.7202431559562683,0.544692873954773,0.0,0.0,0.8386355638504028,-0.33199707671982165
43.036186890507786,1055.6779367351144,0.0,4.987101473045044,0.7011474370956421,0.0,0.0,0.713016152381897,0.5547768473625183,0.0,0.0,0.8319991230964661,0.08012326494986993
44.60516262914287,1055.5870010290953,0.0,5.0078756786707475,0.7083755135536194,0.0,0.0,0.7058355808258057,0.564662754535675,0.0,0.0,0.8253216743469238,-0.33304627902415007
46.177908961370775,1055.4664199117444,0.0,5.028812112550679,0.7154149413108826,0.0,0.0,0.6986995339393616,0.5743521451950073,0.0,0.0,0.8186083436012268,0.07906586929936832
47.753089647699895,1055.3166220322742,0.0,5.049742250348777,0.7222745418548584,0.0,0.0,0.6916061639785767,0.5838475227355957,0.0,0.0,0.811863362789154,-0.3341033566907207
49.32928359450689,1055.1380608996328,0.0,5.0704975677289825,0.7289628386497498,0.0,0.0,0.6845530271530151,0.5931477546691895,0.0,0.0,0.8050936460494995,0.07801762094683273
50.90498577831829,1054.9312195836505,0.0,5.090909540355227,0.7354880571365356,0.0,0.0,0.6775375008583069,0.6022605895996094,0.0,0.0,0.7982996106147766,-0.3351342643991169
52.47860885675551,1054.6966150605663,0.0,5.110809643891454,0.7418571710586548,0.0,0.0,0.6705577373504639,0.611185610294342,0.0,0.0,0.7914873361587524,0.0770125652126799
54.04874495705551,1054.4347248914514,0.0,5.130029354001602,0.7480758428573608,0.0,0.0,0.6636131405830383,0.6199275851249695,0.0,0.0,0.7846590280532837,-0.33610495682892244
55.614885675536314,1054.145777233104,0.0,5.148400255568804,0.7541497349739075,0.0,0.0,0.6567023992538452,0.6284952163696289,0.0,0.0,0.7778134942054749,0.07608474190120507
57.176735177817456,1053.8299627026588,0.0,5.165865378533495,0.7600835561752319,0.0,0.0,0.6498252153396606,0.6368891000747681,0.0,0.0,0.770955502986908,-0.33698703374633104
58.73408491032622,1053.4874794446189,0.0,5.182689247984698,0.7658808827400208,0.0,0.0,0.6429823040962219,0.6451154351234436,0.0,0.0,0.7640852332115173,0.07523505152488164
60.28682825842268,1053.118521977226,0.0,5.1991940168194475,0.7715449333190918,0.0,0.0,0.636174738407135,0.6531766653060913,0.0,0.0,0.7572056651115417,-0.33782060792990426
61.83495755661761,1052.7232731347224,0.0,5.215701837934768,0.7770784497261047,0.0,0.0,0.6294035315513611,0.6610763072967529,0.0,0.0,0.7503187656402588,0.07440132318572407
63.37856114594668,1052.301896323419,0.0,5.232534864227697,0.7824836373329163,0.0,0.0,0.6226708292961121,0.6688158512115479,0.0,0.0,0.7434281706809998,-0.33867076077298147
64.91782048021628,1051.8545281003987,0.0,5.25001524859526,0.7877626419067383,0.0,0.0,0.6159785985946655,0.6763976812362671,0.0,0.0,0.7365366220474243,0.07351847549039259
66.45300728160512,1051.3812710806042,0.0,5.268465143934494,0.7929173111915588,0.0,0.0,0.6093289256095886,0.6838274002075195,0.0,0.0,0.729643702507019,-0.33960257366890234
67.98448074499606,1050.8821871755197,0.0,5.288206703142427,0.7979487180709839,0.0,0.0,0.6027249097824097,0.6911059021949768,0.0,0.0,0.7227534055709839,0.07252142704554748
69.51268478939281,1050.357291164629,0.0,5.309562079116093,0.8028584122657776,0.0,0.0,0.5961692929267883,0.6982346773147583,0.0,0.0,0.7158687710762024,-0.3406811280110067
71.03814535386398,1049.806544599357,0.0,5.332853424752519,0.8076472282409668,0.0,0.0,0.5896654725074768,0.7052146196365356,0.0,0.0,0.708993673324585,0.0713450964578492
72.56146773465665,1049.2298500382694,0.0,5.358402892948738,0.8123166561126709,0.0,0.0,0.5832163095474243,0.7120486497879028,0.0,0.0,0.7021299004554749,-0.3419715051926339
74.08333395942441,1048.6270456119512,0.0,5.38653263660178,0.8168678283691406,0.0,0.0,0.5768246650695801,0.7187398672103882,0.0,0.0,0.6952789425849915,0.06992440233395814
75.60450019393834,1047.997899916187,0.0,5.417564808608679,0.8213014006614685,0.0,0.0,0.5704941749572754,0.7252894639968872,0.0,0.0,0.6884438395500183,-0.3435387866071237
77.1257923501148,1047.34210803603,0.0,5.451814997432401,0.825619101524353,0.0,0.0,0.5642275810241699,0.7317010164260864,0.0,0.0,0.6816255450248718,0.06819459481760853
78.64800772201104,1046.659331070363,0.0,5.48925196906512,0.829821765422821,0.0,0.0,0.5580282211303711,0.7379747629165649,0.0,0.0,0.6748281717300415,-0.3454295427501904
80.17177481631305,1045.949265871754,0.0,5.529332349510372,0.8339110612869263,0.0,0.0,0.5518986582756042,0.7441128492355347,0.0,0.0,0.668053925037384,0.06617033317895948
81.69754702484934,1045.2116636398825,0.0,5.571471553966341,0.837888240814209,0.0,0.0,0.5458418130874634,0.7501177787780762,0.0,0.0,0.6613042950630188,-0.34755778539948173
83.22560785931151,1044.446343324569,0.0,5.615084997631208,0.841754674911499,0.0,0.0,0.5398604273796082,0.7559885382652283,0.0,0.0,0.6545849442481995,0.06396763400396616
84.75607614706755,1043.6532045324996,0.0,5.659588095703145,0.8455117344856262,0.0,0.0,0.53395676612854,0.7617300748825073,0.0,0.0,0.647894561290741,-0.3498054166152361
86.28891118954715,1042.8322399185984,0.0,5.704396263380338,0.84916090965271,0.0,0.0,0.5281339883804321,0.7673419713973999,0.0,0.0,0.6412380933761597,0.0617045952323908
87.82391788023119,1041.983547030758,0.0,5.748924915860969,0.8527035713195801,0.0,0.0,0.5223948359489441,0.7728257179260254,0.0,0.0,0.63461834192276,-0.3520543384576923
89.36075177519128,1041.1073395661213,0.0,5.7925894683432135,0.856141209602356,0.0,0.0,0.5167417526245117,0.77818363904953,0.0,0.0,0.6280368566513062,0.059499314803994674
90.89892410537554,1040.2039579884045,0.0,5.834805336025257,0.8594752550125122,0.0,0.0,0.511177122592926,0.7834152579307556,0.0,0.0,0.6214986443519592,-0.35418645298708845
92.43780671645827,1039.2738794489203,0.0,5.87498793410528,0.862707257270813,0.0,0.0,0.5057034492492676,0.7885230779647827,0.0,0.0,0.6150051355361938,0.057469890658538914
93.97663691906655,1038.317726949072,0.0,5.912552677781457,0.8658387660980225,0.0,0.0,0.5003229975700378,0.7935085892677307,0.0,0.0,0.6085591316223145,-0.356083662263663
95.51452416014448,1037.3362764310195,0.0,5.9469224715418525,0.8688709735870361,0.0,0.0,0.4950384795665741,0.7983708381652832,0.0,0.0,0.6021660566329956,0.05573404248882197
97.05054940120118,1036.3304012220644,0.0,5.977890462849345,0.8718056082725525,0.0,0.0,0.48985201120376587,0.8031118512153625,0.0,0.0,0.595828115940094,-0.35764770222868786
98.58390201120434,1035.3009805916315,0.0,6.005782291453744,0.8746439218521118,0.0,0.0,0.4847658574581146,0.8077325820922852,0.0,0.0,0.5895489454269409,0.054325364276478605
100.11388718259066,1034.2488721104894,0.0,6.030964885681462,0.8773874640464783,0.0,0.0,0.4797824025154114,0.8122328519821167,0.0,0.0,0.5833332538604736,-0.35891955042200696
101.63992260036224,1033.1748805673456,0.0,6.053805173858905,0.880037784576416,0.0,0.0,0.47490352392196655,0.8166149854660034,0.0,0.0,0.5771827697753906,0.05317181436852697
103.16153515950751,1032.0797788503046,0.0,6.07467008431248,0.8825963735580444,0.0,0.0,0.4701312780380249,0.820880115032196,0.0,0.0,0.5711007714271545,-0.3599733337782482
104.67835774337914,1030.9643069365202,0.0,6.093926545368597,0.885064423084259,0.0,0.0,0.4654681086540222,0.8250297904014587,0.0,0.0,0.5650893449783325,0.05219926583033929
106.19012607367326,1029.829165332565,0.0,6.111941485353663,0.8874436020851135,0.0,0.0,0.46091580390930176,0.8290648460388184,0.0,0.0,0.5591526031494141,-0.36088317923203944
107.6966756407785,1028.6750089922896,0.0,6.129081832594085,0.8897353410720825,0.0,0.0,0.45647627115249634,0.8329863548278809,0.0,0.0,0.5532935261726379,0.051333591727287686
109.19793872155898,1027.5024417332322,0.0,6.145714515416271,0.8919409513473511,0.0,0.0,0.45215144753456116,0.8367961645126343,0.0,0.0,0.5475145578384399,-0.3617232137180085
110.69394149005167,1026.3120111688563,0.0,6.162206462146632,0.8940621018409729,0.0,0.0,0.44794267416000366,0.8404954075813293,0.0,0.0,0.5418186187744141,0.050500665124744215
112.1848012251336,1025.1042041707435,0.0,6.17892460111157,0.8961002826690674,0.0,0.0,0.4438513517379761,0.8440865278244019,0.0,0.0,0.5362069010734558,-0.3625675641707831
113.67072361793839,1023.8794428724889,0.0,6.196235860637495,0.89805668592453,0.0,0.0,0.43987929821014404,0.8475698828697205,0.0,0.0,0.530683696269989,0.049626359088081384
115.15200018067418,1022.6380812253291,0.0,6.214507169050816,0.899932861328125,0.0,0.0,0.4360279440879822,0.8509472608566284,0.0,0.0,0.5252512097358704,-0.36349035752499126
116.62900575752553,1021.3804021145806,0.0,6.23410545467794,0.9017304182052612,0.0,0.0,0.4322982430458069,0.8542212247848511,0.0,0.0,0.5199097990989685,0.04863654668267109
118.10219505314474,1020.1066159903235,0.0,6.255393027728877,0.903450608253479,0.0,0.0,0.428691565990448,0.8573924899101257,0.0,0.0,0.51466304063797,-0.3645654874770588
119.57205120302424,1018.8169026304355,0.0,6.278521519769443,0.905095100402832,0.0,0.0,0.4252086281776428,0.8604631423950195,0.0,0.0,0.5095126032829285,0.04746844102405667
121.0390170279051,1017.5114727074433,0.0,6.303349361395785,0.9066653251647949,0.0,0.0,0.4218501150608063,0.8634349703788757,0.0,0.0,0.5044600367546082,-0.36581941887232866
122.50349134765402,1016.1905754493832,0.0,6.329713293325832,0.9081629514694214,0.0,0.0,0.41861623525619507,0.866309642791748,0.0,0.0,0.49950724840164185,0.04613692931041796
123.96583040924412,1014.8545017296382,0.0,6.357450056277524,0.9095896482467651,0.0,0.0,0.41550740599632263,0.8690888285636902,0.0,0.0,0.4946559965610504,-0.3672202654860505
125.42634927547067,1013.5035869380931,0.0,6.386396390968789,0.9109469056129456,0.0,0.0,0.4125233590602875,0.8717743158340454,0.0,0.0,0.4899076223373413,0.04467499321489954
126.88532317491456,1012.1382136300217,0.0,6.416389038117561,0.9122365713119507,0.0,0.0,0.4096635580062866,0.8743675947189331,0.0,0.0,0.48526403307914734,-0.36873504564507936
128.34298881324827,1010.7588139478264,0.0,6.447264738441777,0.9134606719017029,0.0,0.0,0.4069267511367798,0.876870334148407,0.0,0.0,0.4807266891002655,0.043115614410646264
129.79954564557804,1009.3658718095802,0.0,6.478860232659364,0.914621114730835,0.0,0.0,0.4043116867542267,0.8792842626571655,0.0,0.0,0.4762972295284271,-0.3703307776762707
131.25515710914615,1007.9599248573107,0.0,6.511012261488261,0.9157199859619141,0.0,0.0,0.40181660652160645,0.8816106915473938,0.0,0.0,0.4719771444797516,0.041491774570803
132.70995181537464,1006.5415661570639,0.0,6.543557565646397,0.9167592525482178,0.0,0.0,0.3994397819042206,0.8838510513305664,0.0,0.0,0.46776846051216125,-0.37197447990647964
134.16402469992772,1005.1114456420188,0.0,6.57633288585171,0.9177412390708923,0.0,0.0,0.3971785008907318,0.886006772518158,0.0,0.0,0.4636721611022949,0.03983645536851449
135.6174381291768,1003.6702712893318,0.0,6.609174962822129,0.9186681509017944,0.0,0.0,0.39502987265586853,0.8880792856216431,0.0,0.0,0.4596900939941406,-0.37363317066256135
137.07022296120996,1002.2188100208961,0.0,6.6419205372755945,0.9195423126220703,0.0,0.0,0.3929905593395233,0.8900699019432068,0.0,0.0,0.4558238387107849,0.038182638476925324
138.5223795593007,1000.7578883178898,0.0,6.674406349930031,0.9203663468360901,0.0,0.0,0.3910566568374634,0.8919798135757446,0.0,0.0,0.45207479596138,-0.3752738682713713
139.97387875556552,999.2883925388116,0.0,6.706469141503376,0.9211429953575134,0.0,0.0,0.3892236649990082,0.8938102126121521,0.0,0.0,0.44844508171081543,0.03656330556918064
141.42466462856044,997.8112670256386,0.0,6.737954342120561,0.921875,0.0,0.0,0.38748693466186523,0.8955622315406799,0.0,0.0,0.44493579864501953,-0.37686402991870394
142.87466963258652,996.3274991146036,0.0,6.76877439724176,0.9225652813911438,0.0,0.0,0.38584065437316895,0.8972377181053162,0.0,0.0,0.44154733419418335,0.03500673712871605
144.3238284020651,994.8380676819262,0.0,6.798872918529492,0.9232168793678284,0.0,0.0,0.3842788636684418,0.8988395929336548,0.0,0.0,0.43827730417251587,-0.3783841572564682
145.77216176375376,993.3433976059265,0.0,6.828193690556849,0.923832893371582,0.0,0.0,0.3827955722808838,0.900371789932251,0.0,0.0,0.43512099981307983,0.03352589005662732
147.21975324908968,991.8435128593845,0.0,6.85668049789693,0.9244159460067749,0.0,0.0,0.38138547539711,0.9018383622169495,0.0,0.0,0.4320732653141022,-0.3798228848999066
148.6666876745705,990.3384359930383,0.0,6.884277125122821,0.9249681234359741,0.0,0.0,0.38004425168037415,0.9032419919967651,0.0,0.0,0.4291311800479889,0.03213212100481466
150.1130497384861,988.8281969925741,0.0,6.910927356807625,0.9254837036132812,0.0,0.0,0.37876442074775696,0.9045862555503845,0.0,0.0,0.42629027366638184,-0.38116885619711893
151.55892390378148,987.3128334560492,0.0,6.936574977524429,0.9259738326072693,0.0,0.0,0.37754637002944946,0.9058740139007568,0.0,0.0,0.42354685068130493,0.03083678662517808
153.0043942270729,985.7923907999337,0.0,6.96116377184633,0.9264398813247681,0.0,0.0,0.37638673186302185,0.9071080684661865,0.0,0.0,0.4208974540233612,-0.3824107144962048
154.44954413285024,984.2669224941653,0.0,6.9846375243464225,0.9268829822540283,0.0,0.0,0.3752827048301697,0.9082908630371094,0.0,0.0,0.4183390140533447,0.02965124356961779
155.8944561320133,982.7364903265494,0.0,7.006940019597802,0.9273042678833008,0.0,0.0,0.37423175573349,0.9094247221946716,0.0,0.0,0.41586828231811523,-0.3835371031452643
157.33921148400847,981.2011646967702,0.0,7.028015042173559,0.9277046918869019,0.0,0.0,0.3732316792011261,0.9105120897293091,0.0,0.0,0.4134822189807892,0.028586848490034067
158.78388980196212,979.6610249402,0.0,7.047806376646791,0.9280848503112793,0.0,0.0,0.3722808361053467,0.9115546345710754,0.0,0.0,0.41117891669273376,-0.38453666549239723
160.22856860034113,978.1161596816236,0.0,7.06625780759059,0.9284456968307495,0.0,0.0,0.3713773787021637,0.9125543832778931,0.0,0.0,0.4089554250240326,0.02765495803832707
161.6733227848191,976.5666672189108,0.0,7.083313119578054,0.9287877082824707,0.0,0.0,0.3705197870731354,0.9135129451751709,0.0,0.0,0.40680959820747375,-0.3853980448857035
163.11822408418357,975.0126559365772,0.0,7.0989160971822765,0.9291115403175354,0.0,0.0,0.36970680952072144,0.9144324064254761,0.0,0.0,0.4047386348247528,0.026866928866396633
164.56334042428426,973.4542447490965,0.0,7.113010524976347,0.929417610168457,0.0,0.0,0.36893752217292786,0.9153141975402832,0.0,0.0,0.40274038910865784,-0.38610988467328283
166.00873524419274,971.8915635737125,0.0,7.125540187533362,0.9297063946723938,0.0,0.0,0.36821091175079346,0.916159451007843,0.0,0.0,0.4008139371871948,0.02623411762614336
167.45446694341618,970.3247536279084,0.0,7.136449800353986,0.9299781918525696,0.0,0.0,0.36752626299858093,0.9169697165489197,0.0,0.0,0.39895668625831604,-0.38666087521977893
168.9006269148147,968.7539257335228,0.0,7.145876038808035,0.9302332997322083,0.0,0.0,0.36688295006752014,0.9177462458610535,0.0,0.0,0.39716699719429016,0.02575804497694889
170.3474246282453,967.1790668012283,0.0,7.154381245637964,0.9304720759391785,0.0,0.0,0.36628031730651855,0.9184902310371399,0.0,0.0,0.39544349908828735,-0.3870904311202804
171.79519818034706,965.6000266702521,0.0,7.1625849552265475,0.9306946992874146,0.0,0.0,0.3657180070877075,0.9192029237747192,0.0,0.0,0.3937842547893524,0.025343716209848766
173.2444137519414,964.0165172113368,0.0,7.171106701956549,0.9309014678001404,0.0,0.0,0.3651953637599945,0.9198853373527527,0.0,0.0,0.3921876549720764,-0.38752082236927043
174.69566558742716,962.4281111547477,0.0,7.1805660202107395,0.9310925006866455,0.0,0.0,0.36471205949783325,0.9205380082130432,0.0,0.0,0.39065343141555786,0.024865972863677532
176.1496765006503,960.8342406406397,0.0,7.191582444371886,0.9312681555747986,0.0,0.0,0.36426761746406555,0.9211621284484863,0.0,0.0,0.3891793191432953,-0.38807720742791424
177.60729891251606,959.2341954879732,0.0,7.204775508743044,0.9314285516738892,0.0,0.0,0.36386147141456604,0.9217587113380432,0.0,0.0,0.3877641260623932,0.02419965648129585
179.06948586783798,957.6271547825754,0.0,7.2206139218831025,0.931573748588562,0.0,0.0,0.3634938597679138,0.9223282933235168,0.0,0.0,0.3864072263240814,-0.38887712728347273
180.5371735050482,956.0123164512179,0.0,7.238977661911499,0.9317041039466858,0.0,0.0,0.3631638288497925,0.9228718876838684,0.0,0.0,0.385107159614563,0.02327219486370008
182.01125323158644,954.3889289203387,0.0,7.2596030798935045,0.9318199753761292,0.0,0.0,0.3628706932067871,0.9233898520469666,0.0,0.0,0.3838634788990021,-0.3899188150603417
183.49257272468057,952.7562910816952,0.0,7.282226526894401,0.9319218993186951,0.0,0.0,0.362612783908844,0.9238831400871277,0.0,0.0,0.3826744258403778,0.022129596530321483
184.98193672323524,951.1137523682632,0.0,7.30658435397946,0.9320110082626343,0.0,0.0,0.3623875677585602,0.9243527054786682,0.0,0.0,0.3815390169620514,-0.3911490083474659
186.48010760758828,949.4607129430415,0.0,7.3324129122139645,0.9320886135101318,0.0,0.0,0.36219164729118347,0.9247984886169434,0.0,0.0,0.3804573118686676,0.02082512389221519
187.98780398259404,947.7966259689979,0.0,7.359439874963753,0.9321565628051758,0.0,0.0,0.36201998591423035,0.9252215623855591,0.0,0.0,0.3794271647930145,-0.3925140064661421
189.50562415597807,946.1210826668374,0.0,7.387020524877515,0.9322174787521362,0.0,0.0,0.3618662357330322,0.9256221652030945,0.0,0.0,0.3784486651420593,0.019432161775358503
191.0339404235932,944.4339294336417,0.0,7.414005084914401,0.932274341583252,0.0,0.0,0.36172258853912354,0.9260006546974182,0.0,0.0,0.3775216341018677,-0.3938768630336616
192.57288766712293,942.7352803891312,0.0,7.439207791727074,0.932330846786499,0.0,0.0,0.3615795373916626,0.9263581037521362,0.0,0.0,0.376643568277359,0.018159297794920537
194.122358169913,941.025522428846,0.0,7.461442881968192,0.9323909878730774,0.0,0.0,0.3614267408847809,0.9266943335533142,0.0,0.0,0.3758155405521393,-0.39499984738927363
195.68199529022502,939.3053208902375,0.0,7.479524592290418,0.9324595332145691,0.0,0.0,0.3612518012523651,0.9270101189613342,0.0,0.0,0.3750361204147339,0.01724608010187878
197.2511859860694,937.5756258281527,0.0,7.492267159346412,0.9325417876243591,0.0,0.0,0.3610408902168274,0.9273057579994202,0.0,0.0,0.3743046522140503,-0.3956434113820006
198.82905220066826,935.8376788858343,0.0,7.498484819788833,0.9326436519622803,0.0,0.0,0.3607787787914276,0.9275816082954407,0.0,0.0,0.3736203908920288,0.016932056847211108
200.41444113618496,934.0930207353081,0.0,7.496991810270342,0.9327714443206787,0.0,0.0,0.36044859886169434,0.9278338551521301,0.0,0.0,0.3729814887046814,-0.39556800686086474
202.00591446568643,932.3434990468256,0.0,7.4866023674436,0.9329325556755066,0.0,0.0,0.360030859708786,0.9280679821968079,0.0,0.0,0.372388631105423,0.017456776181895062
203.60173655926044,930.5912769309468,0.0,7.466130727961264,0.9331347942352295,0.0,0.0,0.359504371881485,0.9282843470573425,0.0,0.0,0.3718412220478058,-0.3945340856748882
205.19986182967645,928.8388417789444,0.0,7.434391128476,0.9333869218826294,0.0,0.0,0.35884514451026917,0.9284834265708923,0.0,0.0,0.37133774161338806,0.019059786256908406
206.7979260590245,927.0890092397234,0.0,7.390219582106141,0.9336984157562256,0.0,0.0,0.35802674293518066,0.928665041923523,0.0,0.0,0.3708787262439728,-0.39230319949459225
208.3933940152683,925.344756091249,0.0,7.3331917812781136,0.9340798854827881,0.0,0.0,0.3570190370082855,0.9288306832313538,0.0,0.0,0.370460569858551,0.02193997821791982
209.98374885411454,923.6090090494599,0.0,7.263786659343702,0.9345512390136719,0.0,0.0,0.3557916581630707,0.928986668586731,0.0,0.0,0.3700667917728424,-0.38879789030598555
211.56566432739885,921.8846313171227,0.0,7.182538048238778,0.9351183176040649,0.0,0.0,0.35430559515953064,0.9291464686393738,0.0,0.0,0.3696628212928772,0.026043443425239177
213.1321920602868,920.1744214591531,0.0,7.089979779899214,0.9357921481132507,0.0,0.0,0.35252752900123596,0.929324746131897,0.0,0.0,0.36921072006225586,-0.3841232302888358
214.67576897108853,918.4811117068558,0.0,6.986645686260888,0.9365817904472351,0.0,0.0,0.3504291772842407,0.9295340776443481,0.0,0.0,0.3686775863170624,0.03126233704333642
216.18938773254985,916.8073657125797,0.0,6.873069599259674,0.9374938607215881,0.0,0.0,0.3479856848716736,0.9297912120819092,0.0,0.0,0.36803433299064636,-0.37838706427867347
217.66664903806006,915.1557757826604,0.0,6.74978535083143,0.9385331869125366,0.0,0.0,0.3451758027076721,0.9301019906997681,0.0,0.0,0.36725327372550964,0.037488814236682044
219.1018019248134,913.5288596222896,0.0,6.617326772912064,0.9397027492523193,0.0,0.0,0.3419814109802246,0.9304758906364441,0.0,0.0,0.36630961298942566,-0.3716972371110287
220.48977620945823,911.9290522591158,0.0,6.476245354190684,0.941003680229187,0.0,0.0,0.33838745951652527,0.9309210181236267,0.0,0.0,0.3651811480522156,0.04461413841452949
221.82632020262244,910.3585586282236,0.0,6.327668201451838,0.9424353241920471,0.0,0.0,0.3343812823295593,0.9314435720443726,0.0,0.0,0.3638501465320587,-0.36419334050805663
223.1081377619201,908.8191733815324,0.0,6.17341173137846,0.9439954161643982,0.0,0.0,0.32995277643203735,0.9320488572120667,0.0,0.0,0.3623000979423523,0.05240486922631621
224.33286329136638,907.3122585951987,0.0,6.015332987597162,0.9456802010536194,0.0,0.0,0.32509371638298035,0.9327415823936462,0.0,0.0,0.36051592230796814,-0.3562095655696072
225.4990115486896,905.8387314499762,0.0,5.855289013734555,0.9474843144416809,0.0,0.0,0.3197982907295227,0.9335252046585083,0.0,0.0,0.3584849238395691,0.06048789820927619
226.60591397765526,904.3990520744779,0.0,5.695136853417256,0.9494013786315918,0.0,0.0,0.31406211853027344,0.9344015121459961,0.0,0.0,0.3561972975730896,-0.3481210726242891
227.65364434797436,902.993211683159,0.0,5.536733550271874,0.9514235854148865,0.0,0.0,0.3078824281692505,0.9353721737861633,0.0,0.0,0.35364264249801636,0.06848806503480054
228.64293630254204,901.6207211138576,0.0,5.381936147925007,0.9535419344902039,0.0,0.0,0.3012580871582031,0.9364374876022339,0.0,0.0,0.35081401467323303,-0.34030302200070994
229.57509513752566,900.2805998391201,0.0,5.232601690003302,0.9557467103004456,0.0,0.0,0.2941890060901642,0.9375976324081421,0.0,0.0,0.34770339727401733,0.07603020937428051
230.4519057873746,898.9713654917233,0.0,5.090587220133356,0.9580269455909729,0.0,0.0,0.28667640686035156,0.9388514757156372,0.0,0.0,0.34430524706840515,-0.3331305740274803
231.2755379413892,897.6910248996979,0.0,4.957745951128212,0.9603713750839233,0.0,0.0,0.27872195839881897,0.9401977062225342,0.0,0.0,0.34061336517333984,0.08273936437454033
232.04833765456945,896.4372522506003,0.0,4.835209001259613,0.9627677202224731,0.0,0.0,0.2703284025192261,0.9416342377662659,0.0,0.0,0.3366232216358185,-0.32694183918563186
232.7725197529174,895.2077930497483,0.0,4.722538520835735,0.9652032852172852,0.0,0.0,0.26149967312812805,0.9431588649749756,0.0,0.0,0.3323292136192322,0.08842979267877657
233.45012024109954,894.0005209458631,0.0,4.619090746646,0.9676640033721924,0.0,0.0,0.2522413432598114,0.9447688460350037,0.0,0.0,0.32772552967071533,-0.3217172041255442
234.0829899720828,892.813441588436,0.0,4.524221915479835,0.9701357483863831,0.0,0.0,0.24256139993667603,0.9464607834815979,0.0,0.0,0.32280781865119934,0.09322114778817883
234.6727927269698,891.6446963683354,0.0,4.437288264126657,0.972603440284729,0.0,0.0,0.23246972262859344,0.9482313990592957,0.0,0.0,0.3175700306892395,-0.3173266156733635
235.22100707313922,890.492566047972,0.0,4.3576460293758865,0.9750511050224304,0.0,0.0,0.22197964787483215,0.9500761032104492,0.0,0.0,0.3120088279247284,0.09724348287660159
235.7289314882685,889.3554742897531,0.0,4.284651448016958,0.9774625897407532,0.0,0.0,0.21110770106315613,0.9519906044006348,0.0,0.0,0.30611854791641235,-0.3136400206552358
236.19769233840717,888.2319910931944,0.0,4.2176607568392885,0.9798212647438049,0.0,0.0,0.19987443089485168,0.9539698958396912,0.0,0.0,0.2998943030834198,0.10062685111789799
236.62825438192144,887.1208361520239,0.0,4.156030192632302,0.9821104407310486,0.0,0.0,0.18830415606498718,0.9560078978538513,0.0,0.0,0.2933334708213806,-0.3105273658973071
237.02143353953068,886.0208821429978,0.0,4.099115992185417,0.9843137264251709,0.0,0.0,0.17642547190189362,0.9580985307693481,0.0,0.0,0.2864316701889038,0.10350130568592245
237.37791172527497,884.9311579579286,0.0,4.046274392288059,0.986414909362793,0.0,0.0,0.1642712950706482,0.960235059261322,0.0,0.0,0.27918606996536255,-0.3078585982257234
237.6982535753304,883.85085188976,0.0,3.996861629729651,0.9883989095687866,0.0,0.0,0.15187887847423553,0.962410032749176,0.0,0.0,0.2715947926044464,0.10599689975452894
237.98292611197846,882.7793101057384,0.0,3.950251150995962,0.990251362323761,0.0,0.0,0.13929018378257751,0.9646152853965759,0.0,0.0,0.2636561691761017,-0.3055045336432139
238.23233087955117,881.7159816627856,0.0,3.9060291658597985,0.991959810256958,0.0,0.0,0.12655121088027954,0.9668423533439636,0.0,0.0,0.2553691565990448,0.10823033334726448
238.44682332487585,880.6603812117485,0.0,3.863925432485102,0.9935134649276733,0.0,0.0,0.11371228098869324,0.969081699848175,0.0,0.0,0.24673548340797424,-0.30337808246267367
238.6267198506957,879.6120895455014,0.0,3.823672400250801,0.9949037432670593,0.0,0.0,0.10082613676786423,0.9713234305381775,0.0,0.0,0.2377578616142273,0.11026331477323928
238.7723053556216,878.570754867517,0.0,3.78500251853582,0.9961246848106384,0.0,0.0,0.08794942498207092,0.9735571146011353,0.0,0.0,0.228439599275589,-0.30142505813363424
238.88384145783596,877.5360938895858,0.0,3.747648837910534,0.9971725940704346,0.0,0.0,0.07514131814241409,0.9757704734802246,0.0,0.0,0.21879294514656067,0.11214986429976889
238.9616003897143,876.5078678792248,0.0,3.711439694362796,0.9980469942092896,0.0,0.0,0.06246266886591911,0.9779463410377502,0.0,0.0,0.20885299146175385,-0.29959631351001115
239.0066538811263,875.4858691973661,0.0,3.6764020487766134,0.9987503886222839,0.0,0.0,0.04997175186872482,0.9800660610198975,0.0,0.0,0.19866859912872314,0.11391944235967716
239.02100142379015,874.4699211223481,0.0,3.642587697568286,0.9992881417274475,0.0,0.0,0.03771960362792015,0.9821131229400635,0.0,0.0,0.18828904628753662,-0.29788851799443905
239.0065931984251,873.4598265448806,0.0,3.6100484371541324,0.9996681809425354,0.0,0.0,0.025749705731868744,0.9840733408927917,0.0,0.0,0.17776042222976685,0.11556283935029096
238.9652708201276,872.4553648310754,0.0,3.5788360639504573,0.9999004006385803,0.0,0.0,0.014098623767495155,0.9859350919723511,0.0,0.0,0.16712674498558044,-0.29631213550940494
238.89877159938231,871.4562920199362,0.0,3.549002374373578,0.9999958276748657,0.0,0.0,0.0027971481904387474,0.9876888394355774,0.0,0.0,0.15642903745174408,0.11706959134912323
238.80873282705429,870.4623410229618,0.0,3.520599164839805,0.9999668002128601,0.0,0.0,-0.008129246532917023,0.9893276691436768,0.0,0.0,0.1457051783800125,-0.2948776299773962
238.69669607861843,869.4732218253077,0.0,3.493678231765451,0.9998257160186768,0.0,0.0,-0.01866043731570244,0.990846574306488,0.0,0.0,0.1349901407957077,0.11842923443368658
238.5641115342385,868.4886216879866,0.0,3.4682913715668287,0.9995856881141663,0.0,0.0,-0.028779830783605576,0.9922420978546143,0.0,0.0,0.1243177056312561,-0.29359546532090014
238.41234231269397,867.5082053507,0.0,3.444490380660249,0.9992594718933105,0.0,0.0,-0.03847508877515793,0.993512749671936,0.0,0.0,0.11371803283691406,0.11963130468149363
238.2426688185644,866.5316152349291,0.0,3.422327055462025,0.9988598227500916,0.0,0.0,-0.047737006098032,0.9946584701538086,0.0,0.0,0.10321810841560364,-0.292476105462404
238.05629310352606,865.5584716470153,0.0,3.4018531923884683,0.9983991384506226,0.0,0.0,-0.056559111922979355,0.9956803917884827,0.0,0.0,0.09284334629774094,0.12066533817005712
237.85434324409638,864.5883729810312,0.0,3.3831205878558936,0.9978892803192139,0.0,0.0,-0.06493695825338364,0.9965810775756836,0.0,0.0,0.08261644840240479,-0.2915300143243952
237.63787773968025,863.6208959213176,0.0,3.366181038280609,0.9973414540290833,0.0,0.0,-0.07286837697029114,0.9973639249801636,0.0,0.0,0.07255764305591583,0.12152087097688971
237.40788993633782,862.6555956446575,0.0,3.351086340078931,0.9967663884162903,0.0,0.0,-0.08035276085138321,0.9980329871177673,0.0,0.0,0.06268631666898727,-0.2907676558293609
237.1653124833071,861.6920060221258,0.0,3.3378882896671698,0.9961740374565125,0.0,0.0,-0.08739061653614044,0.9985933303833008,0.0,0.0,0.05301816016435623,0.12218743917950387
236.91102183098835,860.7296398207728,0.0,3.326638683461637,0.9955737590789795,0.0,0.0,-0.09398369491100311,0.9990501999855042,0.0,0.0,0.043568599969148636,-0.29019949389978855
236.64584278082677,859.7679889053568,0.0,3.317389317878645,0.9949740171432495,0.0,0.0,-0.10013416409492493,0.999409556388855,0.0,0.0,0.03435097634792328,0.12265457885541253
236.37055309934004,858.8065244404673,0.0,3.3101919893345064,0.9943826794624329,0.0,0.0,-0.10584462434053421,0.9996776580810547,0.0,0.0,0.025376396253705025,-0.2898359924581654
236.08588821041488,857.8446970934697,0.0,3.305098494245534,0.9938072562217712,0.0,0.0,-0.11111772805452347,0.999860942363739,0.0,0.0,0.016655968502163887,0.1229118260821283
235.79254598197517,856.8819372388166,0.0,3.3021606290280427,0.9932542443275452,0.0,0.0,-0.11595654487609863,0.9999662041664124,0.0,0.0,0.008199052885174751,-0.28968761542697896
235.49119162518275,855.9176551643742,0.0,3.301430190098339,0.9927297830581665,0.0,0.0,-0.12036366015672684,0.9999998211860657,0.0,0.0,1.2798700481653214e-05,0.12294871693716386
235.18246272651717,854.9512412805434,0.0,3.3029589738727396,0.9922394752502441,0.0,0.0,-0.12434154748916626,0.9999686479568481,0.0,0.0,-0.007894698530435562,-0.2897648267287164
234.86697601615583,853.9820711487005,0.0,3.3067823595880164,0.9917879104614258,0.0,0.0,-0.12789221107959747,0.9998793601989746,0.0,0.0,-0.015516968443989754,0.12275561664851356
234.5453431993493,853.009536773528,0.0,3.3128300906791366,0.991379976272583,0.0,0.0,-0.13101769983768463,0.9997386932373047,0.0,0.0,-0.022848498076200485,-0.2900702676929144
234.21818143087592,852.0330594139668,0.0,3.3209900773567473,0.9910191297531128,0.0,0.0,-0.13371938467025757,0.9995531439781189,0.0,0.0,-0.02988317608833313,0.12234349610924031
233.88611963920707,851.0520901893461,0.0,3.3311501255559297,0.9907088279724121,0.0,0.0,-0.13599953055381775,0.9993292689323425,0.0,0.0,-0.036616627126932144,-0.2905834014403479
233.54980447109057,850.0661106295046,0.0,3.34319804121177,0.9904516339302063,0.0,0.0,-0.13785995543003082,0.9990731477737427,0.0,0.0,-0.04304342344403267,0.12173501552056151
233.20990588317798,849.0746332013084,0.0,3.357021630259346,0.9902498126029968,0.0,0.0,-0.13930273056030273,0.998790979385376,0.0,0.0,-0.04915861785411835,-0.29128156250335674
232.86712239294806,848.0772018131456,0.0,3.372508698633744,0.9900997877120972,0.0,0.0,-0.14033013582229614,0.9984885454177856,0.0,0.0,-0.05495966970920563,0.12095284035013734
232.5221859967253,847.073392298672,0.0,3.389547052270045,0.9900109767913818,0.0,0.0,-0.1409464031457901,0.9981716871261597,0.0,0.0,-0.060441434383392334,-0.292142085414281
232.17586675841025,846.0628128807721,0.0,3.408024497103332,0.9899816513061523,0.0,0.0,-0.1411549597978592,0.9978460669517517,0.0,0.0,-0.06559934467077255,0.12001963606562785
231.82897706862533,845.0451046164136,0.0,3.427828839068689,0.9900097846984863,0.0,0.0,-0.14096036553382874,0.9975167512893677,0.0,0.0,-0.07042954862117767,-0.2931423047054606
231.4823755703131,844.0199418228116,0.0,3.448847884101195,0.9900928735733032,0.0,0.0,-0.14036783576011658,0.9971891045570374,0.0,0.0,-0.07492582499980927,0.11895806813469317
231.1369707434209,842.9870324850482,0.0,3.4709694381359375,0.9902279376983643,0.0,0.0,-0.13938412070274353,0.9968679547309875,0.0,0.0,-0.07908384501934052,-0.29425955490923544
230.79372413813817,841.9461186450644,0.0,3.494081307107995,0.9904211163520813,0.0,0.0,-0.13801848888397217,0.9965579509735107,0.0,0.0,-0.0828993022441864,0.11779080202499326
230.45365324325098,840.8969767717207,0.0,3.518071296952459,0.9906635284423828,0.0,0.0,-0.13627947866916656,0.9962634444236755,0.0,0.0,-0.0863664373755455,-0.29547117055794575
230.11783397350956,839.8394181113831,0.0,3.542827213604399,0.9909515976905823,0.0,0.0,-0.13417811691761017,0.9959887266159058,0.0,0.0,-0.0894785225391388,0.11654050320418824
229.78740275751213,838.7732890183462,0.0,3.568236862998904,0.9912813901901245,0.0,0.0,-0.1317274570465088,0.9957379102706909,0.0,0.0,-0.09222857654094696,-0.29675448618393085
229.46355820545907,837.6984712641683,0.0,3.594188051071056,0.991648256778717,0.0,0.0,-0.12894268333911896,0.9955143928527832,0.0,0.0,-0.09461081027984619,0.11522983713993812
229.1475623342654,836.614882324881,0.0,3.6205685837559387,0.9920473098754883,0.0,0.0,-0.12584088742733002,0.9953216314315796,0.0,0.0,-0.09661723673343658,-0.298086836319531
228.84074132592454,835.5224756448549,0.0,3.6472662669886327,0.9924731850624084,0.0,0.0,-0.12244167923927307,0.9951624870300293,0.0,0.0,-0.09824222326278687,0.11388146929990306
228.54448502648253,834.4212408745589,0.0,3.6741689114750162,0.9929200410842896,0.0,0.0,-0.118767149746418,0.9950385689735413,0.0,0.0,-0.09948886185884476,-0.2994455557380352
228.25992460020524,833.3111962475552,0.0,3.701190447682881,0.9933821558952332,0.0,0.0,-0.11484137922525406,0.9949497580528259,0.0,0.0,-0.10037335753440857,0.11251674524900082
227.9874093197992,832.1923625420716,0.0,3.728332097498252,0.9938541054725647,0.0,0.0,-0.11068596690893173,0.994892418384552,0.0,0.0,-0.10091238468885422,-0.3008163461327509
227.7271634064171,831.0647576892152,0.0,3.7556132965240026,0.994330644607544,0.0,0.0,-0.10632085055112839,0.9948709011077881,0.0,0.0,-0.1011214330792427,0.11113890691436693
227.47941090068304,829.9283968412724,0.0,3.783053480363001,0.9948075413703918,0.0,0.0,-0.10176406800746918,0.9948817491531372,0.0,0.0,-0.1010153740644455,-0.3022022140034074
227.24437598224895,828.7832924471647,0.0,3.810672084618116,0.9952804446220398,0.0,0.0,-0.09703169018030167,0.9949215054512024,0.0,0.0,-0.1006087213754654,0.10974402791158339
227.02228328972384,827.6294543353832,0.0,3.838488544892219,0.9957455396652222,0.0,0.0,-0.09213882684707642,0.9949918389320374,0.0,0.0,-0.09991465508937836,-0.30360708573442274
226.81335824075506,826.4668898047162,0.0,3.8665222967881787,0.9961991310119629,0.0,0.0,-0.08709883689880371,0.9950889945030212,0.0,0.0,-0.09894640743732452,0.10832818185623189
226.61782735204733,825.2956037231304,0.0,3.894792775908869,0.9966381788253784,0.0,0.0,-0.08192401379346848,0.9952108860015869,0.0,0.0,-0.09771618992090225,-0.30503488771021514
226.43591855910142,824.1155986351371,0.0,3.9233194178571558,0.9970596432685852,0.0,0.0,-0.07662558555603027,0.995355486869812,0.0,0.0,-0.09623540937900543,0.10688744236389416
226.26786153546053,822.9268748780081,0.0,3.952121658235909,0.9974607825279236,0.0,0.0,-0.0712139904499054,0.9955205321311951,0.0,0.0,-0.09451527148485184,-0.30648954631520264
226.11388801124832,821.7294307072204,0.0,3.9812189326480016,0.9978392720222473,0.0,0.0,-0.0656983032822609,0.995703935623169,0.0,0.0,-0.09256681799888611,0.10541788305015207
225.97423209078508,820.5232624315113,0.0,4.0106306766963105,0.9981929063796997,0.0,0.0,-0.060087040066719055,0.9959033727645874,0.0,0.0,-0.09039976447820663,-0.30797498793380407
225.84913056906436,819.3083645579428,0.0,4.040376325983688,0.9985195994377136,0.0,0.0,-0.05438851937651634,0.9961163401603699,0.0,0.0,-0.08802410960197449,0.1039155775305875
225.73882324686966,818.0847299473986,0.0,4.070475316113015,0.9988176226615906,0.0,0.0,-0.04860983416438103,0.9963406920433044,0.0,0.0,-0.08544886112213135,-0.3094951389504367
225.6435532443086,816.8523499809381,0.0,4.10094708268716,0.9990853071212769,0.0,0.0,-0.04275848716497421,0.9965742826461792,0.0,0.0,-0.08268237859010696,0.10237659942078214
225.5635673125353,815.6112147374636,0.0,4.1318110613089924,0.9993209838867188,0.0,0.0,-0.03684140741825104,0.9968147873878479,0.0,0.0,-0.07973353564739227,-0.3110539257495192
225.49911614720904,814.3613132670007,0.0,4.163086408263211,0.999523401260376,0.0,0.0,-0.03086552582681179,0.9970599412918091,0.0,0.0,-0.07661005854606628,0.10079703644329643
225.45045495081928,813.1026418759541,0.0,4.194765330282239,0.9996914267539978,0.0,0.0,-0.024837829172611237,0.9973074197769165,0.0,0.0,-0.07331983745098114,-0.3126538713060358
225.41784349132033,811.8352190025442,0.0,4.226791024050715,0.9998238682746887,0.0,0.0,-0.01876523159444332,0.9975550174713135,0.0,0.0,-0.06987015902996063,0.0991795771620603
225.40154492991124,810.5590868994157,0.0,4.25910149380485,0.9999198317527771,0.0,0.0,-0.012655055150389671,0.9978009462356567,0.0,0.0,-0.06626766920089722,-0.3142857132128103
225.40182453123654,809.2743117357558,0.0,4.29163474378086,0.9999786615371704,0.0,0.0,-0.006514962762594223,0.9980428814888,0.0,0.0,-0.06251943856477737,0.09753648372892848
225.41894836723552,807.9809836778179,0.0,4.324328778214956,0.9999998211860657,0.0,0.0,-0.00035295262932777405,0.9982789158821106,0.0,0.0,-0.058631498366594315,-0.31593692707311816
225.45318201544453,806.6792169466012,0.0,4.357121601343357,0.9999828934669495,0.0,0.0,0.005822408013045788,0.998507022857666,0.0,0.0,-0.05461077392101288,0.09588028054062539
225.50478925272188,805.3691498514162,0.0,4.389951217402273,0.999927818775177,0.0,0.0,0.012002179399132729,0.998725414276123,0.0,0.0,-0.05046260729432106,-0.31759498849023515
225.57403074551934,804.0509447980394,0.0,4.422755630627922,0.9998346567153931,0.0,0.0,0.018176544457674026,0.9989321231842041,0.0,0.0,-0.04619307070970535,0.09422349199387547
225.66116273797172,802.7247882701458,0.0,4.455472845256512,0.9997037649154663,0.0,0.0,0.024335160851478577,0.9991253018379211,0.0,0.0,-0.04180753976106644,-0.31924737306743667
225.7664357392205,801.390890782694,0.0,4.488040865524263,0.9995356798171997,0.0,0.0,0.030466951429843903,0.9993033409118652,0.0,0.0,-0.03731151670217514,0.0925786424854032
225.890093211515,800.0494868059357,0.0,4.520397695667387,0.9993313550949097,0.0,0.0,0.0365598127245903,0.9994645714759827,0.0,0.0,-0.032710000872612,-0.3208815564079985
226.03237026076508,798.7008346587354,0.0,4.552481339922097,0.9990921020507812,0.0,0.0,0.04260099679231644,0.9996073246002197,0.0,0.0,-0.028008047491312027,0.09095825641193298
226.19349233133144,797.3452163698931,0.0,4.584229802524617,0.9988193511962891,0.0,0.0,0.04857661947607994,0.9997302889823914,0.0,0.0,-0.02321154624223709,-0.3224850141151965
226.3736739055421,795.9829375051527,0.0,4.615581087711144,0.9985151290893555,0.0,0.0,0.05447186902165413,0.9998317360877991,0.0,0.0,-0.0183279886841774,0.08937485817018923
226.57303277864474,794.6142523820092,0.0,4.646512952393377,0.9981818795204163,0.0,0.0,0.060271210968494415,0.9999103546142578,0.0,0.0,-0.013371438719332218,-0.32404722950318804
226.7913602545023,793.2391293069754,0.0,4.677207983200669,0.997822105884552,0.0,0.0,0.06595982611179352,0.9999648928642273,0.0,0.0,-0.008355829864740372,0.08782460408901283
227.0283621242334,791.8574025898231,0.0,4.707914549865098,0.9974387884140015,0.0,0.0,0.0715237557888031,0.9999942779541016,0.0,0.0,-0.003294232301414013,-0.3255980662034117
227.28373510696844,790.4688257517678,0.0,4.738881052846588,0.9970348477363586,0.0,0.0,0.07694971561431885,0.999998152256012,0.0,0.0,0.0018003203440457582,0.0862606392919679
227.5571706090077,789.0730718879852,0.0,4.770355892605068,0.996613621711731,0.0,0.0,0.0822250247001648,0.9999759197235107,0.0,0.0,0.006914382800459862,-0.3271877045750522
227.8483580294122,787.6697338619322,0.0,4.802587469600463,0.9961785078048706,0.0,0.0,0.08733776211738586,0.9999274015426636,0.0,0.0,0.012035857886075974,0.08463278186795811
228.15698759025574,786.2583243235858,0.0,4.835824184292699,0.9957331418991089,0.0,0.0,0.09227685630321503,0.99985271692276,0.0,0.0,0.017152976244688034,-0.32886632652920555
228.48275266967536,784.838275543346,0.0,4.870314437141702,0.9952811002731323,0.0,0.0,0.0970316082239151,0.9997522234916687,0.0,0.0,0.02225358411669731,0.0828908499058873
228.82535161513576,783.4089390528054,0.0,4.906306628607401,0.9948259592056274,0.0,0.0,0.10159207880496979,0.9996264576911926,0.0,0.0,0.027326134964823723,-0.3306841139769681
229.18448901295562,781.9695850827908,0.0,4.944049159149719,0.9943715333938599,0.0,0.0,0.10594864189624786,0.9994761347770691,0.0,0.0,0.03235935419797897,0.0809846614946591
229.5598763881057,780.5194017880989,0.0,4.983790429228583,0.9939212799072266,0.0,0.0,0.11009249091148376,0.999302327632904,0.0,0.0,0.037342317402362823,-0.332691248829436
229.95123230554356,779.0574942471035,0.0,5.025778839303921,0.9934789538383484,0.0,0.0,0.1140153631567955,0.999106228351593,0.0,0.0,0.04226517304778099,0.07886403472317738
230.35828184088624,777.5828832229407,0.0,5.070262789835659,0.9930480122566223,0.0,0.0,0.1177091896533966,0.9988892078399658,0.0,0.0,0.04711730778217316,-0.3349379129977056
230.7807553722854,776.0945037119213,0.0,5.117490541462283,0.9926320910453796,0.0,0.0,0.12116643041372299,0.9986526966094971,0.0,0.0,0.05188916623592377,0.07647879474203473
231.2183695781632,774.5912612203898,0.0,5.167510873093378,0.9922345280647278,0.0,0.0,0.12438010424375534,0.9983984231948853,0.0,0.0,0.05657034367322922,-0.3374641923730134
231.67077054025418,773.0722037245453,0.0,5.219775282835,0.9918584823608398,0.0,0.0,0.12734416127204895,0.9981282949447632,0.0,0.0,0.06115170568227768,0.07383917808841745
232.13751362102786,771.5365526637441,0.0,5.273623957907612,0.991506814956665,0.0,0.0,0.13005387783050537,0.9978442788124084,0.0,0.0,0.06562381237745285,-0.3401838224271857
232.61805342092552,769.9837020540742,0.0,5.328397085531632,0.9911821484565735,0.0,0.0,0.132505863904953,0.9975484609603882,0.0,0.0,0.06997695565223694,0.07107285851144673
233.1117351076574,768.4132181344933,0.0,5.383434852927527,0.9908865690231323,0.0,0.0,0.13469871878623962,0.9972431063652039,0.0,0.0,0.07420241832733154,-0.34296350764920064
233.6177872293263,766.8248395858537,0.0,5.4380774473157425,0.99062180519104,0.0,0.0,0.13663269579410553,0.9969304203987122,0.0,0.0,0.07829109579324722,0.06831313152214297
234.1353161340903,765.2184783644824,0.0,5.491665055916732,0.9903889894485474,0.0,0.0,0.1383102536201477,0.9966129660606384,0.0,0.0,0.08223368227481842,-0.3456699525280385
234.66330212553453,763.5942211918602,0.0,5.543537865950937,0.9901887774467468,0.0,0.0,0.13973641395568848,0.9962931871414185,0.0,0.0,0.0860217809677124,0.06569329263152651
235.20059752119022,761.9523316289559,0.0,5.593036443348014,0.990014910697937,0.0,0.0,0.1409176141023636,0.9959735870361328,0.0,0.0,0.08964622020721436,-0.348169880679406
235.74594842137213,760.2931869140114,0.0,5.639725710728411,0.9898760318756104,0.0,0.0,0.1418650895357132,0.9956567883491516,0.0,0.0,0.09309842437505722,0.06333524882443581
236.2980558402276,758.6171029194567,0.0,5.683773095943603,0.9897701144218445,0.0,0.0,0.14259172976016998,0.9953454732894897,0.0,0.0,0.09636999666690826,-0.3503944960943147
236.85558993529037,756.9243054774541,0.0,5.725446121686457,0.9896947145462036,0.0,0.0,0.14311306178569794,0.9950422048568726,0.0,0.0,0.09945284575223923,0.0612305505545947
237.41719419548713,755.2149307870757,0.0,5.765012310649845,0.989646852016449,0.0,0.0,0.14344781637191772,0.9947495460510254,0.0,0.0,0.10233944654464722,-0.35239278846620303
237.981489018451,753.4890255860456,0.0,5.802739185526631,0.9896231293678284,0.0,0.0,0.14361794292926788,0.9944698214530945,0.0,0.0,0.10502157360315323,0.05932515283354489
238.54707462704295,751.746547073368,0.0,5.838894269009687,0.9896197319030762,0.0,0.0,0.14364847540855408,0.994205892086029,0.0,0.0,0.10749200731515884,-0.35421880278352913
239.1125332794568,749.9873625702517,0.0,5.8737450837918805,0.9896323084831238,0.0,0.0,0.14356768131256104,0.9939598441123962,0.0,0.0,0.10974337160587311,0.057565010672828154
239.67643073111347,748.2112489076479,0.0,5.907559152566079,0.9896562695503235,0.0,0.0,0.1434071958065033,0.9937341213226318,0.0,0.0,0.11176866292953491,-0.3559265840347513
240.23731690968634,746.4178915293958,0.0,5.940603998025153,0.9896864891052246,0.0,0.0,0.1432020664215088,0.993530809879303,0.0,0.0,0.11356178671121597,0.05589607908398603
240.7937257670357,744.606883300387,0.0,5.97314714286197,0.9897174835205078,0.0,0.0,0.1429908573627472,0.9933508038520813,0.0,0.0,0.11512564867734909,-0.35757017720832796
241.34430719353213,742.7778050286771,0.0,6.005456109769399,0.9897433519363403,0.0,0.0,0.14281512796878815,0.9931924343109131,0.0,0.0,0.11648288369178772,0.05426431307856033
241.88925549446995,740.9311180437884,0.0,6.037765887807293,0.9897582530975342,0.0,0.0,0.14271582663059235,0.9930530190467834,0.0,0.0,0.1176653802394867,-0.35920198417993876
242.42978808715586,739.067946682912,0.0,6.070022808075378,0.9897567629814148,0.0,0.0,0.14273002743721008,0.9929294586181641,0.0,0.0,0.11870338767766953,0.05263517569128329
242.9671647646879,737.1895280584022,0.0,6.1020222117405885,0.9897337555885315,0.0,0.0,0.14289185404777527,0.9928187727928162,0.0,0.0,0.11962562799453735,-0.3608181156781817
243.50267206134143,735.2972032115861,0.0,6.133558119890082,0.9896844029426575,0.0,0.0,0.14323265850543976,0.9927180409431458,0.0,0.0,0.12045969069004059,0.05104245305747046
244.0376236695841,733.392417489803,0.0,6.1644245536110205,0.9896038770675659,0.0,0.0,0.14378127455711365,0.9926241040229797,0.0,0.0,0.12123189866542816,-0.36237702647216846
244.57336011327274,731.4767202518952,0.0,6.194415533990563,0.9894874691963196,0.0,0.0,0.14456450939178467,0.9925340414047241,0.0,0.0,0.12196765094995499,0.04952775707870566
245.11124765172454,729.5517638792933,0.0,6.223325082115868,0.9893302321434021,0.0,0.0,0.14560744166374207,0.9924448132514954,0.0,0.0,0.1226913258433342,-0.36383710466031516
245.6526763907054,727.6193020710672,0.0,6.250947219074097,0.9891363382339478,0.0,0.0,0.14693470299243927,0.9923535585403442,0.0,0.0,0.12342686951160431,0.048132699656572964
246.19905757828536,725.6811874030333,0.0,6.277075965952411,0.9888942837715149,0.0,0.0,0.1485672891139984,0.9922575950622559,0.0,0.0,0.12419651448726654,-0.3651567383410382
246.75182006597578,723.7393681332412,0.0,6.301505343837973,0.9885995388031006,0.0,0.0,0.15052595734596252,0.9921538233757019,0.0,0.0,0.12502194941043854,0.046898892692655736
247.3124059186069,721.7958842388927,0.0,6.324029373817934,0.9882471561431885,0.0,0.0,0.15283037722110748,0.992039680480957,0.0,0.0,0.12592488527297974,-0.3662943156127534
247.88226516001507,719.8528626730291,0.0,6.344442076979464,0.987831711769104,0.0,0.0,0.15549930930137634,0.9919121265411377,0.0,0.0,0.12692619860172272,0.04586794808853811
248.4628496458091,717.9125118330918,0.0,6.362537474409717,0.9873473644256592,0.0,0.0,0.15855026245117188,0.9917681813240051,0.0,0.0,0.1280462145805359,-0.3672082245738773
249.05560605925837,715.977115237795,0.0,6.378109587195854,0.9867877960205078,0.0,0.0,0.16200032830238342,0.9916048645973206,0.0,0.0,0.12930426001548767,0.0450814777458039
249.66196803170817,714.049024413568,0.0,6.390952436425039,0.9861461520195007,0.0,0.0,0.16586527228355408,0.99141925573349,0.0,0.0,0.13072024285793304,-0.367856853322826
250.28334739485967,712.130650997191,0.0,6.400860043184426,0.9854146242141724,0.0,0.0,0.17015990614891052,0.9912079572677612,0.0,0.0,0.13231295347213745,0.0445810935660369
250.92112457875248,710.2244580671227,0.0,6.407626428561178,0.9845849275588989,0.0,0.0,0.17489829659461975,0.9909676313400269,0.0,0.0,0.134100541472435,-0.3681985899580156
251.57663817634221,708.3329507223763,0.0,6.411045613642457,0.9836483597755432,0.0,0.0,0.18009275197982788,0.9906948804855347,0.0,0.0,0.13610124588012695,0.04440840745082075
252.25117370316516,706.458665934665,0.0,6.410911619515421,0.9825952649116516,0.0,0.0,0.18575412034988403,0.9903857707977295,0.0,0.0,0.13833259046077728,-0.3681918225778622
252.94595281856704,704.6041584917136,0.0,6.4070296341553545,0.9814154505729675,0.0,0.0,0.19189079105854034,0.9900362491607666,0.0,0.0,0.14081229269504547,0.04460446731749079
253.662143156899,702.7719337151937,0.0,6.399401457506995,0.9800984859466553,0.0,0.0,0.19850842654705048,0.9896419644355774,0.0,0.0,0.14355677366256714,-0.3678065611309754
254.4008687091732,700.9643917453143,0.0,6.388196922298637,0.9786335229873657,0.0,0.0,0.205609530210495,0.9891983866691589,0.0,0.0,0.14658229053020477,0.04517035293407451
255.16320469261382,699.1838208139179,0.0,6.373591268066291,0.9770094752311707,0.0,0.0,0.21319341659545898,0.9887004494667053,0.0,0.0,0.1499042958021164,-0.3670689018263114
255.9501726720042,697.4323928392458,0.0,6.3557597343459635,0.9752154350280762,0.0,0.0,0.22125554084777832,0.9881427884101868,0.0,0.0,0.15353766083717346,0.04607093544520213
256.7627365032996,695.7121597630932,0.0,6.334877560673667,0.9732405543327332,0.0,0.0,0.22978705167770386,0.9875194430351257,0.0,0.0,0.1574973464012146,-0.3660142465903368
257.6017991033566,694.0250506338209,0.0,6.311119986585411,0.9710745811462402,0.0,0.0,0.23877499997615814,0.9868242144584656,0.0,0.0,0.1617966890335083,0.047270812924406935
258.4682000440255,692.3728694336427,0.0,6.284662251617206,0.9687080383300781,0.0,0.0,0.24820199608802795,0.9860504865646362,0.0,0.0,0.166446715593338,-0.3646779973495184
259.3627139636599,690.7572936439327,0.0,6.255679595305061,0.966132402420044,0.0,0.0,0.25804603099823,0.9851911664009094,0.0,0.0,0.17145976424217224,0.04873458344522241
260.286049784347,689.1798735379739,0.0,6.224347257184988,0.9633406400680542,0.0,0.0,0.2682805359363556,0.9842386245727539,0.0,0.0,0.17684581875801086,-0.3630955560303228
261.2388507188229,687.6420321866866,0.0,6.190840476792994,0.9603273272514343,0.0,0.0,0.27887433767318726,0.9831849336624146,0.0,0.0,0.1826130747795105,0.050426845081181726
262.2216950471674,686.145066159357,0.0,6.155334493665093,0.9570891261100769,0.0,0.0,0.2897927463054657,0.9820218086242676,0.0,0.0,0.18876805901527405,-0.36130232455921674
263.23509763993167,684.6901468982966,0.0,6.118004547337293,0.9536248445510864,0.0,0.0,0.3009967803955078,0.9807404279708862,0.0,0.0,0.1953163594007492,0.05231219590581809
264.27951220138044,683.278322743661,0.0,6.079025877345601,0.949935793876648,0.0,0.0,0.3124443292617798,0.9793318510055542,0.0,0.0,0.20226114988327026,-0.35933370486266664
265.3553342039988,681.9105215823893,0.0,6.038573723226033,0.9460259079933167,0.0,0.0,0.32409027218818665,0.9777868390083313,0.0,0.0,0.2096027135848999,0.05435523399266495
266.46290448332655,680.5875540933383,0.0,5.996823324514594,0.9419018030166626,0.0,0.0,0.3358876407146454,0.9760963320732117,0.0,0.0,0.2173393815755844,-0.3572250988671394
267.6025134605716,679.3101175592063,0.0,5.953949920747299,0.937573254108429,0.0,0.0,0.34778738021850586,0.9742540121078491,0.0,0.0,0.22545456886291504,0.056520557415255634
268.774131736397,678.0786751470971,0.0,5.910128751460142,0.933052122592926,0.0,0.0,0.3597409427165985,0.972257673740387,0.0,0.0,0.23391352593898773,-0.3550119084991012
269.9761490788407,676.892882032667,0.0,5.865538982001896,0.9283511638641357,0.0,0.0,0.3717041313648224,0.9701070785522461,0.0,0.0,0.2426779568195343,0.05877256597375291
271.2064749266165,675.7520685845739,0.0,5.820433489274228,0.9234833121299744,0.0,0.0,0.38363826274871826,0.9678026437759399,0.0,0.0,0.2517106533050537,-0.3527338533108351
272.4631321533446,674.655496478595,0.0,5.775130679880579,0.9184615015983582,0.0,0.0,0.395510196685791,0.9653455018997192,0.0,0.0,0.2609754800796509,0.06106058665019981
273.74426784417983,673.6023684996034,0.0,5.729951242762632,0.9132980108261108,0.0,0.0,0.40729156136512756,0.9627365469932556,0.0,0.0,0.27044108510017395,-0.35045206355740344
275.048161835247,672.5918383318078,0.0,5.685215866862062,0.9080053567886353,0.0,0.0,0.41895824670791626,0.9599780440330505,0.0,0.0,0.2800752520561218,0.06331994906942051
276.3732341909026,671.6230201643247,0.0,5.641245241120541,0.9025948643684387,0.0,0.0,0.430490642786026,0.9570720791816711,0.0,0.0,0.2898498773574829,-0.3482313248835892
277.7180516701282,670.694998114952,0.0,5.598360054479749,0.8970779180526733,0.0,0.0,0.4418722093105316,0.9540217518806458,0.0,0.0,0.299736887216568,0.06548586758663222
279.0813332345933,669.8068354789631,0.0,5.556880995881364,0.8914648294448853,0.0,0.0,0.4530896246433258,0.9508303999900818,0.0,0.0,0.30971160531044006,-0.34613642293417585
280.4619546512507,668.9575838137177,0.0,5.517128754267062,0.885765552520752,0.0,0.0,0.46413275599479675,0.9475012421607971,0.0,0.0,0.31975170969963074,0.06749355655705153
281.85895224173476,668.1462918739159,0.0,5.479424018578517,0.879988968372345,0.0,0.0,0.47499388456344604,0.9440382122993469,0.0,0.0,0.32983580231666565,-0.3442321433539463
283.2715258293828,667.372014416408,0.0,5.444087477757408,0.8741434812545776,0.0,0.0,0.4856674075126648,0.940445065498352,0.0,0.0,0.3399454355239868,0.06927823033589542
284.6990409324162,666.6338208975906,0.0,5.411439820745413,0.8682373762130737,0.0,0.0,0.4961487650871277,0.9367262721061707,0.0,0.0,0.3500623404979706,-0.34258327178768394
286.14103024870997,665.930804090575,0.0,5.3818017364842055,0.862278163433075,0.0,0.0,0.5064346790313721,0.9328857660293579,0.0,0.0,0.3601721227169037,0.07077510327838066
287.5971944736777,665.2620886535336,0.0,5.355493913915464,0.8562740087509155,0.0,0.0,0.516521692276001,0.928928017616272,0.0,0.0,0.370260089635849,-0.34125459388017176
289.0674024880999,664.6268396848634,0.0,5.332837041980864,0.8502333164215088,0.0,0.0,0.5264058709144592,0.9248573780059814,0.0,0.0,0.3803137540817261,0.07191938973972412
290.5516909472295,664.024271305098,0.0,5.314151809622083,0.8441656231880188,0.0,0.0,0.5360822677612305,0.9206780195236206,0.0,0.0,0.39032256603240967,-0.34031089527619296
292.05026193781515,663.4536558103753,0.0,5.299754130032913,0.8380812406539917,0.0,0.0,0.5455453991889954,0.9163936376571655,0.0,0.0,0.4002780616283417,0.07264654527453068
293.56341209906896,662.9143561691446,0.0,5.289719129890143,0.8319916129112244,0.0,0.0,0.5547881722450256,0.9120084047317505,0.0,0.0,0.4101712703704834,-0.33980407708716415
295.0914253202892,662.4058605414846,0.0,5.283772889486389,0.8259103298187256,0.0,0.0,0.5638015866279602,0.9075259566307068,0.0,0.0,0.4199957847595215,0.07294686044643744
296.6345538222834,661.9277768191102,0.0,5.281614121311297,0.8198522925376892,0.0,0.0,0.5725750923156738,0.9029496312141418,0.0,0.0,0.42974618077278137,-0.3396950483914524
298.1930076746282,661.4798241432242,0.0,5.2829415378545255,0.8138353228569031,0.0,0.0,0.5810956954956055,0.898283064365387,0.0,0.0,0.4394172132015228,0.07287981920688047
299.76694509741145,661.0618245402471,0.0,5.287453851605726,0.8078794479370117,0.0,0.0,0.5893478393554688,0.8935288786888123,0.0,0.0,0.4490056037902832,-0.3399229430253515
301.3564635021326,660.6736946369194,0.0,5.294849775054551,0.8020069599151611,0.0,0.0,0.5973145961761475,0.8886906504631042,0.0,0.0,0.4585071802139282,0.07250628771956608
302.9615912362571,660.3154374192644,0.0,5.304828020690659,0.7962435483932495,0.0,0.0,0.6049761772155762,0.8837704062461853,0.0,0.0,0.46792060136795044,-0.3404268948251549
304.582280004844,659.9871340030015,0.0,5.317087301003696,0.7906176447868347,0.0,0.0,0.6123100519180298,0.8787704706192017,0.0,0.0,0.47724446654319763,0.07188713214820064
306.2183979508048,659.6889353860768,0.0,5.33132632848332,0.7851611375808716,0.0,0.0,0.6192914247512817,0.8736933469772339,0.0,0.0,0.486476868391037,-0.3411460376271562
307.8697233826463,659.4210541571537,0.0,5.347243815619185,0.7799091339111328,0.0,0.0,0.6258926391601562,0.8685412406921387,0.0,0.0,0.49561673402786255,0.07108321865649025
309.5359391450675,659.1837561370916,0.0,5.364538474900942,0.7749001979827881,0.0,0.0,0.632083535194397,0.8633154630661011,0.0,0.0,0.504664421081543,-0.34201950526764896
311.2166276335004,658.9773519336741,0.0,5.382909018818247,0.7701764702796936,0.0,0.0,0.6378309726715088,0.8580224514007568,0.0,0.0,0.5136119723320007,0.07015541340814152
312.9112664586342,658.8021235686423,0.0,5.402054159860753,0.7657839059829712,0.0,0.0,0.6430982351303101,0.8526824116706848,0.0,0.0,0.5224294066429138,-0.34298643158292696
314.61922477107595,658.6566206320009,0.0,5.421672610518115,0.7617689371109009,0.0,0.0,0.6478489637374878,0.8473254442214966,0.0,0.0,0.5310738682746887,0.06916458256686059
316.3397726266554,658.5374441045403,0.0,5.441502130338707,0.758175253868103,0.0,0.0,0.6520509123802185,0.8419821262359619,0.0,0.0,0.5395054221153259,-0.3439879224829569
318.0721284117045,658.4410224485633,0.0,5.461436487696457,0.7550438046455383,0.0,0.0,0.6556743383407593,0.8366849422454834,0.0,0.0,0.5476844310760498,0.06815779684172169
319.8154703298066,658.3637028984114,0.0,5.481408408370857,0.7524117827415466,0.0,0.0,0.6586930751800537,0.8314641118049622,0.0,0.0,0.5555785298347473,-0.3449966053453003
321.5689358521036,658.3017491116427,0.0,5.501350618141397,0.7503134608268738,0.0,0.0,0.6610822081565857,0.8263516426086426,0.0,0.0,0.563154399394989,0.06715061453007826
323.33162132861383,658.2513395242612,0.0,5.521195842787579,0.7487788796424866,0.0,0.0,0.6628198027610779,0.821378231048584,0.0,0.0,0.5703838467597961,-0.3459988894183398
325.102581764782,658.2085664284482,0.0,5.540876808088884,0.7478333711624146,0.0,0.0,0.6638864874839783,0.8165752291679382,0.0,0.0,0.577238917350769,0.06615662638354763
326.88083076749245,658.1694357913071,0.0,5.560326239824807,0.7474962472915649,0.0,0.0,0.6642643213272095,0.8119733333587646,0.0,0.0,0.5836945176124573,-0.346981183950457
328.6653406647624,658.1298678329977,0.0,5.57947686377484,0.7477825284004211,0.0,0.0,0.6639408469200134,0.8076030015945435,0.0,0.0,0.5897265076637268,0.06518942315374793
330.4550428032463,658.0856983823078,0.0,5.59826140571848,0.7486940622329712,0.0,0.0,0.6629000902175903,0.803493857383728,0.0,0.0,0.5953130125999451,-0.3479298981900348
332.24882802756315,658.032681027193,0.0,5.616612591435215,0.750245213508606,0.0,0.0,0.661146879196167,0.7996758818626404,0.0,0.0,0.6004318594932556,0.06426259559229663
334.0455473453085,657.9664900770783,0.0,5.634463146704539,0.7524216771125793,0.0,0.0,0.6586712598800659,0.7961780428886414,0.0,0.0,0.6050623655319214,-0.3488314413854552
335.84401278137756,657.8827243527994,0.0,5.651745797305944,0.7552092671394348,0.0,0.0,0.6554750800132751,0.7930296063423157,0.0,0.0,0.609183132648468,0.06338973445081153
337.64299842499054,657.7769118189188,0.0,5.6683932690189245,0.7585861682891846,0.0,0.0,0.6515656113624573,0.7902575731277466,0.0,0.0,0.6127748489379883,-0.34967222278510063
339.44124167248987,657.644515071813,0.0,5.68433828762297,0.7625226378440857,0.0,0.0,0.6469557285308838,0.7878897190093994,0.0,0.0,0.6158164143562317,0.06258443048091022
341.23744466863104,657.4809376953722,0.0,5.699513578897574,0.7669813632965088,0.0,0.0,0.6416645646095276,0.7859513759613037,0.0,0.0,0.6182884573936462,-0.3504386516373533
343.03027594868456,657.2815314943929,0.0,5.713851868622228,0.771917998790741,0.0,0.0,0.6357182860374451,0.7844674587249756,0.0,0.0,0.6201701164245605,0.061860274434210494
344.81837228321353,657.041604613756,0.0,5.727285882576426,0.7772813439369202,0.0,0.0,0.6291499733924866,0.7834606766700745,0.0,0.0,0.6214413642883301,-0.3511171371905957
346.6003407268926,656.7564305493033,0.0,5.7397483465396615,0.7830151915550232,0.0,0.0,0.6220000386238098,0.782952070236206,0.0,0.0,0.6220821142196655,0.061230857062329946
348.374760872184,656.4212580539038,0.0,5.751171986291423,0.7890585660934448,0.0,0.0,0.614315927028656,0.7829601168632507,0.0,0.0,0.6220719814300537,-0.3516940886932099
350.14018718341094,656.0313219692569,0.0,5.761489119257061,0.7953469157218933,0.0,0.0,0.6061527729034424,0.783499002456665,0.0,0.0,0.6213931441307068,0.060709789740833076
351.8951204383857,655.5818635271752,0.0,5.770528973789035,0.8018139600753784,0.0,0.0,0.5975723266601562,0.7845757007598877,0.0,0.0,0.6200330853462219,-0.35215064700290555
353.63794023951243,655.0681728929159,0.0,5.777882077305019,0.8083921670913696,0.0,0.0,0.588642954826355,0.7861700057983398,0.0,0.0,0.6180102825164795,0.060338420876389465
355.3669029744916,654.4873350716385,0.0,5.783105267308006,0.8150166273117065,0.0,0.0,0.5794364213943481,0.7882309556007385,0.0,0.0,0.6153795719146729,-0.3524144444778039
357.08015144452077,653.8415857923164,0.0,5.785755381300982,0.8216322660446167,0.0,0.0,0.5700169801712036,0.7907052040100098,0.0,0.0,0.6121971011161804,0.060204576735330084
358.775725716124,653.1342528975459,0.0,5.785389256786934,0.8281935453414917,0.0,0.0,0.5604413747787476,0.7935416102409363,0.0,0.0,0.6085160374641418,-0.3523959533407308
360.4515751682992,652.3688524096397,0.0,5.781563731268854,0.8346641659736633,0.0,0.0,0.5507586002349854,0.7966914176940918,0.0,0.0,0.6043862700462341,0.060397785094829126
362.1055716923124,651.5490933137592,0.0,5.773835642249726,0.8410153985023499,0.0,0.0,0.5410104990005493,0.8001109957695007,0.0,0.0,0.5998519659042358,-0.35200564581451227
363.7355239851956,650.6788786631364,0.0,5.761761827232545,0.8472256660461426,0.0,0.0,0.5312325358390808,0.8037585616111755,0.0,0.0,0.594955563545227,0.061007573732060505
365.33919285985866,649.7623030248195,0.0,5.744899123720292,0.8532788753509521,0.0,0.0,0.5214542150497437,0.8075950741767883,0.0,0.0,0.5897372961044312,-0.35115399412197423
366.91430747482565,648.8036463184691,0.0,5.722804369215962,0.8591641187667847,0.0,0.0,0.5116996765136719,0.8115853071212769,0.0,0.0,0.5842339396476746,0.06212347042419836
368.4585823649787,647.807364139675,0.0,5.69503440122254,0.8648746609687805,0.0,0.0,0.5019874572753906,0.8156970739364624,0.0,0.0,0.5784792900085449,-0.3497514704859428
369.9697361554559,646.7780739869078,0.0,5.661149924457675,0.8704072833061218,0.0,0.0,0.49233198165893555,0.8199014663696289,0.0,0.0,0.5725047588348389,0.06383480763454508
371.4456651191595,645.7204247429229,0.0,5.621308827619994,0.8757617473602295,0.0,0.0,0.48274314403533936,0.8241720795631409,0.0,0.0,0.5663395524024963,-0.3477392938779791
372.8847641959266,644.638817637164,0.0,5.5769057980466545,0.8809403777122498,0.0,0.0,0.4732268452644348,0.8284862041473389,0.0,0.0,0.5600097179412842,0.06607738488572379
374.2859400937243,643.5373107118166,0.0,5.529488990912262,0.8859474658966064,0.0,0.0,0.46378517150878906,0.8328226804733276,0.0,0.0,0.5535401105880737,-0.3453445056388683
375.64857889467385,642.4195627049005,0.0,5.480606561391417,0.8907889127731323,0.0,0.0,0.4544169008731842,0.8371639251708984,0.0,0.0,0.5469523072242737,0.06854619445748361
376.97251043700214,641.2887896294366,0.0,5.431806664658727,0.8954720497131348,0.0,0.0,0.44511741399765015,0.8414945602416992,0.0,0.0,0.540265679359436,-0.3428798643897425
378.2579697689738,640.1477334658057,0.0,5.384637455888795,0.9000046849250793,0.0,0.0,0.4358798861503601,0.8458011150360107,0.0,0.0,0.5334985256195068,0.07092847772869226
379.50555590327144,638.9986422975487,0.0,5.340647090250384,0.9043956398963928,0.0,0.0,0.42669451236724854,0.8500741720199585,0.0,0.0,0.526663064956665,-0.3406581287514389
380.7161222192232,637.8433204115755,0.0,5.301082922665249,0.9086539149284363,0.0,0.0,0.4175496995449066,0.8543086051940918,0.0,0.0,0.5197662711143494,0.0729266680107698
381.89068915642906,636.6827126977637,0.0,5.265998795607025,0.9127882719039917,0.0,0.0,0.40843257308006287,0.858503520488739,0.0,0.0,0.5128076076507568,-0.3388862031424377
383.03054778911684,635.5164344617873,0.0,5.235152576100217,0.9168065190315247,0.0,0.0,0.3993311822414398,0.8626587986946106,0.0,0.0,0.5057863593101501,0.07448455788485103
384.13689474332045,634.3439655126999,0.0,5.208302131169301,0.9207152128219604,0.0,0.0,0.39023467898368835,0.8667741417884827,0.0,0.0,0.49870073795318604,-0.33753012006511873
385.2107941062611,633.1647975928462,0.0,5.18520532783877,0.9245200157165527,0.0,0.0,0.38113290071487427,0.8708492517471313,0.0,0.0,0.49155014753341675,0.07565106310356473
386.25318382466213,631.9784388332622,0.0,5.1656200331331075,0.9282258152961731,0.0,0.0,0.3720165193080902,0.8748847246170044,0.0,0.0,0.48433125019073486,-0.336540963766853
387.26488199777526,630.784417969582,0.0,5.149304114076807,0.931836724281311,0.0,0.0,0.36287710070610046,0.878879725933075,0.0,0.0,0.47704339027404785,0.0764750994195395
388.2465930886586,629.5822883401504,0.0,5.1360154376943505,0.9353559613227844,0.0,0.0,0.35370713472366333,0.8828341960906982,0.0,0.0,0.46968480944633484,-0.33586981849501174
389.1989140763195,628.3716316856649,0.0,5.125511871010232,0.9387860298156738,0.0,0.0,0.3444996774196625,0.8867476582527161,0.0,0.0,0.462253600358963,0.07700558258540408
390.12234057030093,627.1520617674562,0.0,5.117551281048939,0.9421293139457703,0.0,0.0,0.3352486491203308,0.890620231628418,0.0,0.0,0.45474785566329956,-0.33546776849696663
391.0172729081326,625.9232278194298,0.0,5.111891534834956,0.9453870058059692,0.0,0.0,0.32594889402389526,0.8944511413574219,0.0,0.0,0.44716566801071167,0.07729142835378705
391.8840222548314,624.684817846722,0.0,5.108290499392774,0.9485601782798767,0.0,0.0,0.3165957033634186,0.898240327835083,0.0,0.0,0.43950456380844116,-0.33528589802008874
392.72281672227246,623.4365617823021,0.0,5.106506041746879,0.9516492486000061,0.0,0.0,0.30718570947647095,0.9019870758056641,0.0,0.0,0.43176308274269104,0.07738155247731704
393.53380752481803,622.1782345110206,0.0,5.106296028921761,0.9546542167663574,0.0,0.0,0.2977157533168793,0.9056903719902039,0.0,0.0,0.42393994331359863,-0.33527529131174943
394.3170751860459,620.9096587690135,0.0,5.10741832794191,0.9575748443603516,0.0,0.0,0.2881837785243988,0.9093496799468994,0.0,0.0,0.41603273153305054,0.07732487070862265
395.0726358097928,619.6307079248779,0.0,5.10963080583181,0.9604102969169617,0.0,0.0,0.27858853340148926,0.9129642248153687,0.0,0.0,0.40803980827331543,-0.3353870326193201
395.80044742701335,618.341308647658,0.0,5.112691329615952,0.9631596803665161,0.0,0.0,0.2689291536808014,0.9165326952934265,0.0,0.0,0.3999599814414978,0.07717029880033266
396.50041642814284,617.0414434654057,0.0,5.116357766318826,0.9658218622207642,0.0,0.0,0.25920575857162476,0.9200541377067566,0.0,0.0,0.391791433095932,-0.33557220619017236
397.17240408876336,615.7311532169407,0.0,5.120387982964916,0.968395471572876,0.0,0.0,0.24941878020763397,0.9235265254974365,0.0,0.0,0.3835344910621643,0.07696675250507562
397.8162331943929,614.4105393983497,0.0,5.124539846578712,0.970879077911377,0.0,0.0,0.23956936597824097,0.9269492030143738,0.0,0.0,0.3751865327358246,-0.33578189627167726
398.4316947681449,613.0797664048586,0.0,5.128571224184705,0.9732710719108582,0.0,0.0,0.22965842485427856,0.9303202033042908,0.0,0.0,0.36674776673316956,0.07676314757548008
399.0185549028522,611.7390636678497,0.0,5.132239982807377,0.9755699634552002,0.0,0.0,0.2196880280971527,0.9336378574371338,0.0,0.0,0.35821789503097534,-0.33596718711120616
399.5765616970095,610.388727686088,0.0,5.135303989471223,0.9777742028236389,0.0,0.0,0.20965996384620667,0.9368999600410461,0.0,0.0,0.3495970070362091,0.07660839976417472
400.10545229155406,609.0291239495912,0.0,5.1375211112007255,0.9798822402954102,0.0,0.0,0.19957634806632996,0.9401047229766846,0.0,0.0,0.34088513255119324,-0.33607916295613055
400.604960002086,607.660688754087,0.0,5.1386492150203775,0.9818922281265259,0.0,0.0,0.18943975865840912,0.9432496428489685,0.0,0.0,0.332083523273468,0.07655142482378824
401.07482153862225,606.2839309035919,0.0,5.138446167954663,0.9838027954101562,0.0,0.0,0.17925386130809784,0.9463330507278442,0.0,0.0,0.3231922686100006,-0.33606890805382167
401.514784302384,604.8994332983693,0.0,5.136669837028074,0.9856120347976685,0.0,0.0,0.16902320086956024,0.9493517279624939,0.0,0.0,0.31421446800231934,0.07664113850694926
401.9246137464296,603.5078544053436,0.0,5.133078089265097,0.987318217754364,0.0,0.0,0.15875336527824402,0.9523037672042847,0.0,0.0,0.3051508069038391,-0.3358875066516511
402.304100784178,602.1099296079784,0.0,5.127428791690219,0.9889196157455444,0.0,0.0,0.14845134317874908,0.9551866054534912,0.0,0.0,0.2960037589073181,0.0769264565662865
402.65306922700506,600.7064724326735,0.0,5.11947981132793,0.990414559841156,0.0,0.0,0.13812607526779175,0.9579970836639404,0.0,0.0,0.28677743673324585,-0.33548604299699003
402.9713832291559,599.298375648873,0.0,5.108989015202719,0.9918012619018555,0.0,0.0,0.12778827548027039,0.9607326984405518,0.0,0.0,0.27747485041618347,0.07745629475442845
403.258954715188,597.8866122403308,0.0,5.095714270339073,0.9930785298347473,0.0,0.0,0.11745109409093857,0.9633910059928894,0.0,0.0,0.2680995762348175,-0.3348156013372099
403.5157507620562,596.4722362453278,0.0,5.079413443761479,0.9942449927330017,0.0,0.0,0.10712933540344238,0.9659692049026489,0.0,0.0,0.2586565613746643,0.07827956882400389
403.7418020108461,595.0563760298432,0.0,5.059870906501301,0.9952996969223022,0.0,0.0,0.09684115648269653,0.9684649705886841,0.0,0.0,0.2491493970155716,-0.33382860450588775
403.9372401446185,593.6399905390109,0.0,5.037737382961986,0.9962425231933594,0.0,0.0,0.08660644292831421,0.9708755016326904,0.0,0.0,0.23958435654640198,0.07939742354821172
404.1023098610052,592.2235699550871,0.0,5.014702395832428,0.9970735907554626,0.0,0.0,0.07644742727279663,0.973198652267456,0.0,0.0,0.22996602952480316,-0.33266522131752624
404.2373206345639,590.8071068617955,0.0,4.992516817443852,0.9977937936782837,0.0,0.0,0.06638792157173157,0.9754322171211243,0.0,0.0,0.22030015289783478,0.08051790730521047
404.3425952619726,589.3900853652725,0.0,4.972931520127482,0.9984050989151001,0.0,0.0,0.05645303055644035,0.9775744676589966,0.0,0.0,0.21059024333953857,-0.33167606488740653
404.41841842900755,587.971471095535,0.0,4.957697376214553,0.9989103078842163,0.0,0.0,0.04666829854249954,0.9796237945556641,0.0,0.0,0.2008412927389145,0.08128730851293414
404.46498495556784,586.549709638729,0.0,4.948538830194785,0.9993129372596741,0.0,0.0,0.03705952689051628,0.9815790057182312,0.0,0.0,0.19105681777000427,-0.3312135120581253
404.4823480691516,585.1229612680569,0.0,4.946339471535211,0.9996174573898315,0.0,0.0,0.02765282616019249,0.9834389090538025,0.0,0.0,0.18124035000801086,0.08139838723311468
404.47039759049017,583.6893866238598,0.0,4.950987695577048,0.9998291730880737,0.0,0.0,0.018474144861102104,0.985201358795166,0.0,0.0,0.17140105366706848,-0.3314482708481171
404.42893755382704,582.2471660218491,0.0,4.962314326944789,0.9999542832374573,0.0,0.0,0.009548998437821865,0.9868627786636353,0.0,0.0,0.16156063973903656,0.08082633514383492
404.3584973132653,580.794502160811,0.0,4.980150190262925,0.999999463558197,0.0,0.0,0.0008995216339826584,0.9884196519851685,0.0,0.0,0.1517450213432312,-0.3323490720258008
404.2600508498927,579.3296226950177,0.0,5.004326110155945,0.9999720454216003,0.0,0.0,-0.007456381805241108,0.9898696541786194,0.0,0.0,0.14197909832000732,0.07960532908863188
404.1344858918602,577.8507826953482,0.0,5.0346729112483395,0.9998795986175537,0.0,0.0,-0.015505154617130756,0.9912115931510925,0.0,0.0,0.1322861760854721,-0.3338817387476389
403.98261887967976,576.3562952983195,0.0,5.070925629640572,0.9997298121452332,0.0,0.0,-0.023236822336912155,0.9924452304840088,0.0,0.0,0.12268902361392975,0.07777438371528678
403.80524106245304,574.8447186070414,0.0,5.112197527256852,0.9995301961898804,0.0,0.0,-0.030645273625850677,0.9935712814331055,0.0,0.0,0.11320877820253372,-0.3359661780211884
403.60316476920826,573.3149350023026,0.0,5.157353657806042,0.9992879629135132,0.0,0.0,-0.03772687166929245,0.9945913553237915,0.0,0.0,0.10386628657579422,0.0754937710612873
403.3772615051923,571.7661577661657,0.0,5.205258426847933,0.9990100860595703,0.0,0.0,-0.044481005519628525,0.9955077767372131,0.0,0.0,0.09467972815036774,-0.33838561080108187
403.12849594449773,570.1979371695587,0.0,5.254776239942305,0.9987031817436218,0.0,0.0,-0.05090959742665291,0.9963236451148987,0.0,0.0,0.08566884696483612,0.07299287141005639
402.85795563856357,568.6101662049465,0.0,5.304771502648952,0.9983732104301453,0.0,0.0,-0.05701637268066406,0.9970425367355347,0.0,0.0,0.07685115933418274,-0.3409106240690944
402.566876162044,567.0030859424369,0.0,5.354108620527659,0.9980255961418152,0.0,0.0,-0.06280756741762161,0.9976686835289001,0.0,0.0,0.06824301183223724,0.07050109777981867
402.25666050555316,565.3772904773016,0.0,5.40165199913821,0.9976654052734375,0.0,0.0,-0.06829115003347397,0.998207151889801,0.0,0.0,0.059853773564100266,-0.34331180480700096
401.9286065678705,563.7337314289545,0.0,5.446266044040396,0.997296929359436,0.0,0.0,-0.07347635179758072,0.9986633658409119,0.0,0.0,0.051683973520994186,0.06824786318879916
401.5834788454611,562.0737219460375,0.0,5.486815160794012,0.9969241619110107,0.0,0.0,-0.07837118208408356,0.9990431070327759,0.0,0.0,0.043735310435295105,-0.3453597399965775
401.22208973495003,560.3989401095497,0.0,5.522163952401217,0.9965507388114929,0.0,0.0,-0.08298297226428986,0.9993513822555542,0.0,0.0,0.036008015275001526,0.06646257068338474
400.84537790628764,558.7112834786902,0.0,5.551664402371414,0.9961802959442139,0.0,0.0,-0.08731797337532043,0.9995936155319214,0.0,0.0,0.028503254055976868,-0.346849661712244
400.45429970656414,557.0124011115162,0.0,5.576204961090731,0.9958158731460571,0.0,0.0,-0.09138122946023941,0.999774694442749,0.0,0.0,0.021221507340669632,0.06522314852584349
400.04979024154534,555.3035966696698,0.0,5.596976097456169,0.9954602122306824,0.0,0.0,-0.09517756849527359,0.9998995661735535,0.0,0.0,0.014163194224238396,-0.3478987090034278
399.63274523852914,553.5858233003089,0.0,5.615168280364731,0.995116114616394,0.0,0.0,-0.09871067106723785,0.9999729990959167,0.0,0.0,0.007328462321311235,0.06430435140924945
399.20400525500304,551.8596790792047,0.0,5.631971978713417,0.9947859048843384,0.0,0.0,-0.10198389738798141,0.9999996423721313,0.0,0.0,0.0007185125723481178,-0.3487473806371998
398.764342351797,550.1254030462474,0.0,5.648577661399231,0.9944720268249512,0.0,0.0,-0.1050000935792923,0.9999837875366211,0.0,0.0,-0.005666985176503658,0.06346568056653157
398.3144493147442,548.3828718550845,0.0,5.666175797319173,0.9941765666007996,0.0,0.0,-0.10776182264089584,0.9999299645423889,0.0,0.0,-0.011827891692519188,-0.3496361753806312
397.8549314858639,546.6315970519378,0.0,5.6859568553702475,0.9939013719558716,0.0,0.0,-0.11027107387781143,0.99984210729599,0.0,0.0,-0.017764151096343994,0.06246663723061874
397.3863012539637,544.870722994858,0.0,5.709111304449454,0.9936482310295105,0.0,0.0,-0.1125292107462883,0.9997243285179138,0.0,0.0,-0.023475762456655502,-0.3508055920007932
396.90897525553316,543.0990254238569,0.0,5.736829613453799,0.9934186935424805,0.0,0.0,-0.11453763395547867,0.9995803833007812,0.0,0.0,-0.028963163495063782,0.061066722634439685
396.4232751077593,541.3149134649368,0.0,5.770293295800191,0.9932142496109009,0.0,0.0,-0.116297148168087,0.9994140863418579,0.0,0.0,-0.03422627970576286,-0.35249567696778267
395.929495150156,539.5166649242237,0.0,5.8099237948795395,0.993036150932312,0.0,0.0,-0.11780811846256256,0.9992287755012512,0.0,0.0,-0.03926559537649155,0.05906518227689689
395.4280246208035,537.702839521376,0.0,5.854814583748894,0.9928783178329468,0.0,0.0,-0.11906959861516953,0.9990279078483582,0.0,0.0,-0.04408097267150879,-0.354762888526841
394.91937142382216,535.8723238708432,0.0,5.903925391882857,0.9927523732185364,0.0,0.0,-0.1200823038816452,0.9988148212432861,0.0,0.0,-0.048671502619981766,0.056584838431747275
394.4041727296503,534.024334680793,0.0,5.956215948756032,0.992658257484436,0.0,0.0,-0.1208454966545105,0.9985924959182739,0.0,0.0,-0.053037382662296295,-0.357403825742658
393.8832033784836,532.1584214301663,0.0,6.010645983843021,0.9925957918167114,0.0,0.0,-0.12135816365480423,0.9983639121055603,0.0,0.0,-0.05717739462852478,0.05383584676068731
393.35738196604035,530.2744684969373,0.0,6.06617522661844,0.9925647974014282,0.0,0.0,-0.12161935120820999,0.9981319904327393,0.0,0.0,-0.06109127774834633,-0.36020833295353777
392.82777446462586,528.3726967034254,0.0,6.121763406556864,0.9925649166107178,0.0,0.0,-0.12162786722183228,0.99789959192276,0.0,0.0,-0.06477698683738708,0.051028362925413295
392.29559521522236,526.4536642395013,0.0,6.176370253132905,0.9925957322120667,0.0,0.0,-0.12138257920742035,0.9976691007614136,0.0,0.0,-0.06823347508907318,-0.36296625449778225
391.76220511844474,524.5182669217861,0.0,6.228955495821172,0.9926565289497375,0.0,0.0,-0.12088284641504288,0.9974433183670044,0.0,0.0,-0.07145904004573822,0.04837254258762208
391.2291068540632,522.5677377465657,0.0,6.278478864096258,0.9927465319633484,0.0,0.0,-0.12012793123722076,0.9972244501113892,0.0,0.0,-0.07445094734430313,-0.3654674347136957
390.69793446695286,520.6036363813861,0.0,6.323930084868169,0.9928646683692932,0.0,0.0,-0.11911789327859879,0.9970148205757141,0.0,0.0,-0.07720738649368286,0.04607702638702049
390.17038501092844,518.6276307901817,0.0,6.364996200195782,0.9930097460746765,0.0,0.0,-0.1178530678153038,0.9968165755271912,0.0,0.0,-0.07972606271505356,-0.367541480942363
389.6481524838041,516.6412776508083,0.0,6.402065688799565,0.9931926727294922,0.0,0.0,-0.11633609980344772,0.9966318011283875,0.0,0.0,-0.08200395107269287,0.044204829992889993
389.1329204698501,514.6460113721039,0.0,6.435557851146904,0.9934014081954956,0.0,0.0,-0.11456768959760666,0.996462345123291,0.0,0.0,-0.0840383991599083,-0.3692330042932387
388.62635844949324,512.6431429319515,0.0,6.46589198770518,0.9936345815658569,0.0,0.0,-0.1125507801771164,0.9963099360466003,0.0,0.0,-0.0858263447880745,0.04267280289398717
388.1301192078707,510.6338589760603,0.0,6.493487398941775,0.9938903450965881,0.0,0.0,-0.11028917878866196,0.9961763024330139,0.0,0.0,-0.08736419677734375,-0.3706267119314505
387.645837393443,508.61922119094237,0.0,6.518763385324069,0.9941664338111877,0.0,0.0,-0.1077878475189209,0.9960627555847168,0.0,0.0,-0.08864894509315491,0.04139623792518443
387.17512926967913,506.6001659624399,0.0,6.542139247319447,0.9944605827331543,0.0,0.0,-0.10505276918411255,0.9959708452224731,0.0,0.0,-0.08967632055282593,-0.37180731102212616
386.7195936961135,504.57750432938,0.0,6.564034285395293,0.9947701096534729,0.0,0.0,-0.10209141671657562,0.9959015846252441,0.0,0.0,-0.09044311940670013,0.04029042792135379
386.2808141354134,502.55192216006,0.0,6.584867800018982,0.9950921535491943,0.0,0.0,-0.09891248494386673,0.9958528876304626,0.0,0.0,-0.09095072001218796,-0.37285950873039325
385.8601124273117,500.5238949920669,0.0,6.6050590916579015,0.9954237341880798,0.0,0.0,-0.09552536904811859,0.9958291053771973,0.0,0.0,-0.09120550006628036,0.039270665717367925
385.45807129295963,498.4935233813731,0.0,6.625027371692278,0.9957619309425354,0.0,0.0,-0.09193896502256393,0.99582839012146,0.0,0.0,-0.09121479094028473,-0.37386800772202844
385.0751287081016,496.4607640265519,0.0,6.645094000807958,0.9961039423942566,0.0,0.0,-0.08816128224134445,0.9958490133285522,0.0,0.0,-0.09098510444164276,0.038257199600414404
384.7117272396838,494.4255619097424,0.0,6.66529562571066,0.9964471459388733,0.0,0.0,-0.08419928699731827,0.9958893060684204,0.0,0.0,-0.09052176028490067,-0.37488829180802347
384.36831727638037,492.38786606742394,0.0,6.685617395972412,0.9967886805534363,0.0,0.0,-0.08005931973457336,0.995952308177948,0.0,0.0,-0.08983203023672104,0.037230847566992575
384.04535689251907,490.3476295356628,0.0,6.706044461165264,0.997126042842865,0.0,0.0,-0.07574699074029922,0.9960344433784485,0.0,0.0,-0.08892069011926651,-0.3759199617672584
383.7433117019301,488.30480929644153,0.0,6.7265619708612565,0.997456431388855,0.0,0.0,-0.07126773148775101,0.9961348176002502,0.0,0.0,-0.08779343962669373,0.03619460970355859
383.4626547015094,486.2593662250991,0.0,6.747155074632429,0.9977772831916809,0.0,0.0,-0.0666259229183197,0.9962522387504578,0.0,0.0,-0.08645466715097427,-0.37696001751327723
383.20386610428596,484.21126503890457,0.0,6.767808922050824,0.9980863332748413,0.0,0.0,-0.06182615086436272,0.9963855147361755,0.0,0.0,-0.08490892499685287,0.035151486096568985
382.9674331617877,482.16047424680573,0.0,6.7885086626884785,0.9983809590339661,0.0,0.0,-0.05687224864959717,0.996533215045929,0.0,0.0,-0.0831603854894638,-0.37800545895962345
382.7538499754981,480.1069661003725,0.0,6.809239446117439,0.9986586570739746,0.0,0.0,-0.05176776647567749,0.996694028377533,0.0,0.0,-0.08121325075626373,0.03410447683248008
382.56361729719805,478.0507165459807,0.0,6.829986421909744,0.9989169836044312,0.0,0.0,-0.04651782289147377,0.9968664050102234,0.0,0.0,-0.0790720209479332,-0.3790532860198409
382.39724231798857,475.99170517825866,0.0,6.850734739637434,0.9991536736488342,0.0,0.0,-0.04112282022833824,0.9970487952232361,0.0,0.0,-0.07673992961645126,0.0330565819977483
382.25523844579413,473.9299151948411,0.0,6.871469548872549,0.999366283416748,0.0,0.0,-0.035587333142757416,0.9972397089004517,0.0,0.0,-0.07422012090682983,-0.3801004986074729
382.1381250711465,471.8653333524623,0.0,6.892175999187134,0.9995521903038025,0.0,0.0,-0.02991466037929058,0.9974374771118164,0.0,0.0,-0.07151566445827484,0.03201080167882986
382.0464273210521,469.79794992442083,0.0,6.912839240153224,0.9997091293334961,0.0,0.0,-0.024107983335852623,0.9976403117179871,0.0,0.0,-0.06863071024417877,-0.3811440966360634
381.98067580075224,467.7277586594646,0.0,6.933444421342867,0.9998347759246826,0.0,0.0,-0.01817016676068306,0.9978464245796204,0.0,0.0,-0.0655679777264595,0.030970135962181233
381.9414063231856,465.65475674212223,0.0,6.9539766923281,0.9999265670776367,0.0,0.0,-0.012104358524084091,0.9980539083480835,0.0,0.0,-0.062331490218639374,-0.38218108001915596
381.92915962596805,463.578944754524,0.0,6.974421202680964,0.9999824166297913,0.0,0.0,-0.005913842003792524,0.9982610940933228,0.0,0.0,-0.05892254039645195,0.0299375849342588
381.9444810757121,461.500326639754,0.0,6.9947631019735,0.9999998807907104,0.0,0.0,0.00039808452129364014,0.9984660148620605,0.0,0.0,-0.05534426122903824,-0.3832084486702941
381.9879203595086,459.41890966676834,0.0,7.0149875397777475,0.999976634979248,0.0,0.0,0.006827692035585642,0.9986666440963745,0.0,0.0,-0.051599808037281036,0.028916148681518983
382.0600311634037,457.33470439692246,0.0,7.035079665665757,0.9999105930328369,0.0,0.0,0.01337098702788353,0.9988609552383423,0.0,0.0,-0.047692131251096725,-0.38422320250302183
382.16137083770764,455.24772465214136,0.0,7.055024629209554,0.9997995495796204,0.0,0.0,0.020023295655846596,0.9990469813346863,0.0,0.0,-0.04362452030181885,0.027908827290418103
382.2925000489777,453.1579874847842,0.0,7.074807579981189,0.9996414184570312,0.0,0.0,0.026779230684041977,0.9992226362228394,0.0,0.0,-0.039399318397045135,-0.3852223414308822
382.45398241852877,451.06551314922825,0.0,7.0944136675527005,0.9994342923164368,0.0,0.0,0.0336327850818634,0.9993858337402344,0.0,0.0,-0.03501961752772331,0.026918620847412478
382.64638414732804,448.9703250752234,0.0,7.113828041496133,0.9991765022277832,0.0,0.0,0.04057702049612999,0.9995344281196594,0.0,0.0,-0.03048824705183506,-0.38620286536741916
382.8702736271408,446.872449843053,0.0,7.13303585138352,0.9988663792610168,0.0,0.0,0.047604262828826904,0.9996662735939026,0.0,0.0,-0.025808073580265045,0.02594852943895859
383.12622103780257,444.7719171605386,0.0,7.152022246786908,0.9985026717185974,0.0,0.0,0.05470586568117142,0.9997793436050415,0.0,0.0,-0.020982153713703156,-0.38716177422617615
383.4147979305018,442.66875984192995,0.0,7.170772377278339,0.9980841875076294,0.0,0.0,0.06187230721116066,0.9998713731765747,0.0,0.0,-0.01601354032754898,0.02500155315151259
383.7365767969666,440.56301378872007,0.0,7.189271392429851,0.9976100921630859,0.0,0.0,0.0690934807062149,0.9999401569366455,0.0,0.0,-0.01090594008564949,-0.38809606792069695
384.09213062446065,438.45471797241845,0.0,7.2075044418134855,0.997080385684967,0.0,0.0,0.07635815441608429,0.9999836683273315,0.0,0.0,-0.005663169082254171,0.024080692071531018
384.4820324364998,436.3439144193258,0.0,7.2254566750012845,0.996494710445404,0.0,0.0,0.08365476131439209,0.9999996423721313,0.0,0.0,-0.00028767436742782593,-0.38900274636452514
384.9068548192193,434.230648197344,0.0,7.243113241565289,0.9958534836769104,0.0,0.0,0.09097063541412354,0.9999860525131226,0.0,0.0,0.005216231569647789,0.02318894628547019
385.36716943332544,432.11496740485484,0.0,7.26045929107754,0.9951574802398682,0.0,0.0,0.09829264879226685,0.9999408721923828,0.0,0.0,0.010844550095498562,-0.3898788094712045
385.863546511583,429.996923161708,0.0,7.2774799731100765,0.9944078922271729,0.0,0.0,0.10560701787471771,0.9998619556427002,0.0,0.0,0.016594192013144493,0.022329315879786538
386.39655434180037,427.8765696023498,0.0,7.2941604372349405,0.9936063885688782,0.0,0.0,0.11289958655834198,0.9997473955154419,0.0,0.0,0.022460218518972397,-0.39072125715427847
386.96675903318703,425.7539627969932,0.0,7.310489534587354,0.9927549958229065,0.0,0.0,0.12015555053949356,0.9995952248573303,0.0,0.0,0.028438426554203033,0.021504613993301003
387.57472559988867,423.629155544795,0.0,7.326474092325468,0.9918564558029175,0.0,0.0,0.12735997140407562,0.9994035959243774,0.0,0.0,0.034523431211709976,-0.39152855805014286
388.22101293198557,421.50219784985114,0.0,7.342126386710889,0.9909138679504395,0.0,0.0,0.134497731924057,0.9991709589958191,0.0,0.0,0.04070320352911949,0.02071409407484548
388.9056911671673,419.37331377375745,0.0,7.357458695218922,0.9899304509162903,0.0,0.0,0.14155398309230804,0.9988963603973389,0.0,0.0,0.046961404383182526,-0.39230291706570014
389.6279576964258,417.24304216663717,0.0,7.372483295324854,0.9889100193977356,0.0,0.0,0.14851593971252441,0.998579204082489,0.0,0.0,0.05328164994716644,0.019955275887677204
390.3869044210037,415.1119557594667,0.0,7.387212464503989,0.9878559112548828,0.0,0.0,0.155372753739357,0.9982191324234009,0.0,0.0,0.05964839458465576,-0.39304681449898976
391.18160621819743,412.9806288633719,0.0,7.401658480231624,0.9867717623710632,0.0,0.0,0.1621151566505432,0.9978160858154297,0.0,0.0,0.06604813784360886,0.01922567913375628
392.0111215613985,410.84963724451524,0.0,7.4158336199830535,0.9856612682342529,0.0,0.0,0.16873562335968018,0.9973704218864441,0.0,0.0,0.07246767729520798,-0.39376273064805184
392.8744931194902,408.71955800897,0.0,7.429750161233583,0.9845278263092041,0.0,0.0,0.1752278357744217,0.9968826174736023,0.0,0.0,0.07889532297849655,0.018522823515042586
393.7707483350723,406.5909694977654,0.0,7.443420381458504,0.983374834060669,0.0,0.0,0.18158645927906036,0.9963534474372864,0.0,0.0,0.08531881123781204,-0.39445314581092655
394.69889998099785,404.46445119228747,0.0,7.456856558133113,0.9822056889533997,0.0,0.0,0.18780753016471863,0.9957837462425232,0.0,0.0,0.09172835201025009,0.017844228733496614
395.6579466947246,402.340583630211,0.0,7.470070968732712,0.9810234904289246,0.0,0.0,0.19388800859451294,0.9951748251914978,0.0,0.0,0.09811421483755112,-0.3951205402856538
396.64687349001093,400.21994833212887,0.0,7.483075890732596,0.979831337928772,0.0,0.0,0.19982554018497467,0.9945279359817505,0.0,0.0,0.10446757078170776,0.0171874144910783
397.6646522454885,398.1031277390485,0.0,7.495883601608064,0.9786320924758911,0.0,0.0,0.20561853051185608,0.9938445687294006,0.0,0.0,0.1107809990644455,-0.3957673943702734
398.7102421696717,395.9907051609109,0.0,7.508506378834413,0.9774285554885864,0.0,0.0,0.21126562356948853,0.9931261539459229,0.0,0.0,0.11704637855291367,0.016549900489747527
399.782590241976,393.8832647362864,0.0,7.520956499886941,0.9762234687805176,0.0,0.0,0.21676570177078247,0.9923744201660156,0.0,0.0,0.12325741350650787,-0.3963961883628253
400.88063162932747,391.7813914034016,0.0,7.533246242240942,0.9750197529792786,0.0,0.0,0.22211745381355286,0.9915910959243774,0.0,0.0,0.12940791249275208,0.015929206431464615
402.00329007796796,389.68567088263563,0.0,7.5453878833717205,0.9738202095031738,0.0,0.0,0.22731903195381165,0.9907781481742859,0.0,0.0,0.13549195230007172,-0.3970094025613495
403.14947828006245,387.59668967063817,0.0,7.557393700754569,0.9726278781890869,0.0,0.0,0.23236781358718872,0.9899373054504395,0.0,0.0,0.1415049284696579,0.015322852018189448
404.31809821473934,385.5150350461956,0.0,7.569275971864786,0.9714460372924805,0.0,0.0,0.23726028203964233,0.9890702962875366,0.0,0.0,0.14744296669960022,-0.3976095172638857
405.50804146319115,383.4412950879967,0.0,7.5810469741776725,0.970278263092041,0.0,0.0,0.24199146032333374,0.9881793260574341,0.0,0.0,0.1533009260892868,0.014728356951882071
406.7181894974881,381.3760587044171,0.0,7.592718985168523,0.9691286683082581,0.0,0.0,0.2465549260377884,0.9872661828994751,0.0,0.0,0.1590755581855774,-0.39819901276847414
407.9474139427522,379.3199156754643,0.0,7.6043042823126346,0.9680017232894897,0.0,0.0,0.2509429454803467,0.986332893371582,0.0,0.0,0.16476331651210785,0.014143240934502754
409.1945768123606,377.2734567070058,0.0,7.615815143085305,0.966902494430542,0.0,0.0,0.25514551997184753,0.9853813648223877,0.0,0.0,0.17036160826683044,-0.3987803693731545
410.4585307158419,375.2372734974157,0.0,7.627263844961835,0.9658366441726685,0.0,0.0,0.2591509521007538,0.9844135642051697,0.0,0.0,0.1758679300546646,0.013565023668011322
411.73811903914486,373.21195881676255,0.0,7.6386626654175185,0.9648105502128601,0.0,0.0,0.26294517517089844,0.9834312200546265,0.0,0.0,0.18128034472465515,-0.3993560673759668
413.0321760969625,371.19810659866357,0.0,7.650023881927654,0.9638314247131348,0.0,0.0,0.26651209592819214,0.9824362993240356,0.0,0.0,0.1865970343351364,0.012991224854368155
414.3395272567892,369.1963120449441,0.0,7.66135977196754,0.9629069566726685,0.0,0.0,0.26983267068862915,0.98143070936203,0.0,0.0,0.1918160617351532,-0.39992858707495094
415.658989034413,367.20717174321135,0.0,7.672682613012475,0.962046205997467,0.0,0.0,0.272885799407959,0.9804161787033081,0.0,0.0,0.19693595170974731,0.012419364195533078
416.9893691605212,365.2312837974876,0.0,7.684004682537754,0.9612585306167603,0.0,0.0,0.27564767003059387,0.9793944954872131,0.0,0.0,0.20195600390434265,-0.4005004087681469
418.32946661812383,363.2692479720199,0.0,7.695338258018675,0.9605543613433838,0.0,0.0,0.2780916690826416,0.9783673286437988,0.0,0.0,0.20687474310398102,0.011846961393466304
419.6780716504789,361.32166584840695,0.0,7.706695616930541,0.9599447846412659,0.0,0.0,0.2801889181137085,0.9773367047309875,0.0,0.0,0.2116902619600296,-0.40107401275359467
421.0339657392205,359.38914099616636,0.0,7.718089036748643,0.9594414830207825,0.0,0.0,0.2819078266620636,0.9763065576553345,0.0,0.0,0.21639133989810944,0.011271536150127881
422.39579517416945,357.4717709442866,0.0,7.729530794948283,0.9590483903884888,0.0,0.0,0.2832126021385193,0.9752844572067261,0.0,0.0,0.22095228731632233,-0.40165187932933405
423.7616145062793,355.5673224549101,0.0,7.741021977415578,0.9587898850440979,0.0,0.0,0.28407642245292664,0.9742788076400757,0.0,0.0,0.2253454178571701,0.010691173399254406
425.1292766919392,353.6728989635903,0.0,7.752460823309419,0.9586732387542725,0.0,0.0,0.2844710648059845,0.9732983112335205,0.0,0.0,0.22954332828521729,-0.402229598818922
426.49658802845283,351.78561530527656,0.0,7.7636902194517425,0.9587036967277527,0.0,0.0,0.284371942281723,0.9723519682884216,0.0,0.0,0.23351964354515076,0.010124032179945175
427.8613087139284,349.9025974531485,0.0,7.774552518614023,0.9588846564292908,0.0,0.0,0.2837580740451813,0.9714490175247192,0.0,0.0,0.2372482270002365,-0.402778199786714
429.2211541529847,348.02098298918753,0.0,7.784890073567714,0.9592173099517822,0.0,0.0,0.2826126217842102,0.9705983400344849,0.0,0.0,0.24070467054843903,0.009601933444910227
430.5737969334352,346.13792250100505,0.0,7.794545237084293,0.9597153663635254,0.0,0.0,0.28092753887176514,0.9698089957237244,0.0,0.0,0.24386560916900635,-0.4032658343077533
431.91686947925183,344.2505819129171,0.0,7.803360361935214,0.9603692889213562,0.0,0.0,0.2786928713321686,0.9690898656845093,0.0,0.0,0.246707946062088,0.009156725119106202
433.24796738407184,342.35614575800525,0.0,7.811177800891947,0.961175799369812,0.0,0.0,0.2759057283401489,0.9684491157531738,0.0,0.0,0.2492114156484604,-0.4036606544570833
434.5646534281779,340.45182139624217,0.0,7.817839906725958,0.9621294140815735,0.0,0.0,0.2725675702095032,0.967894971370697,0.0,0.0,0.2513549327850342,0.008820255127489518
435.8644622802725,338.534844181704,0.0,7.823189032208712,0.9632225036621094,0.0,0.0,0.26868417859077454,0.9674347043037415,0.0,0.0,0.2531207203865051,-0.4039308123097477
437.14490588344785,336.60248357944914,0.0,7.827067530111675,0.9644453525543213,0.0,0.0,0.2642649710178375,0.967074990272522,0.0,0.0,0.2544916272163391,0.00862437139501665
438.40347952257827,334.65205022976625,0.0,7.829317753206312,0.9657866954803467,0.0,0.0,0.25932320952415466,0.9668216109275818,0.0,0.0,0.2554524540901184,-0.40404445994078997
439.63766856786816,332.6809039542637,0.0,7.829782054264086,0.9672335982322693,0.0,0.0,0.2538757026195526,0.9666768312454224,0.0,0.0,0.2559882700443268,0.008600921846644238
440.84495625270296,330.68646207861104,0.0,7.82830518842972,0.9687723517417908,0.0,0.0,0.24794155359268188,0.9666502475738525,0.0,0.0,0.2560887932777405,-0.40396987075723617
442.0228376113295,328.66619889675826,0.0,7.824771716794324,0.9703881740570068,0.0,0.0,0.24154233932495117,0.9667404890060425,0.0,0.0,0.25574374198913574,0.008779380010048132
443.1688320476138,326.61764693193345,0.0,7.81909894530979,0.972065806388855,0.0,0.0,0.23470109701156616,0.9669516086578369,0.0,0.0,0.25494569540023804,-0.40368336714690617
444.2804910398723,324.5384064980083,0.0,7.811205153182386,0.9737901091575623,0.0,0.0,0.22744223475456238,0.9672824144363403,0.0,0.0,0.2536890506744385,0.009178056380119037
445.3554059821751,322.42615592098497,0.0,7.801008619618386,0.9755460023880005,0.0,0.0,0.21979016065597534,0.9677317142486572,0.0,0.0,0.2519708573818207,-0.40316839070427996
446.391216299235,320.27866215350554,0.0,7.788427623824051,0.9773188233375549,0.0,0.0,0.21176885068416595,0.9682968854904175,0.0,0.0,0.24979117512702942,0.009813460208115798
447.38561781507906,318.0937917563304,0.0,7.773380445005664,0.9790946841239929,0.0,0.0,0.20340116322040558,0.9689740538597107,0.0,0.0,0.24715229868888855,-0.4024084321780988
448.3363713537108,315.8695222180293,0.0,7.755785362369484,0.9808604717254639,0.0,0.0,0.1947084367275238,0.9697560667991638,0.0,0.0,0.24406707286834717,0.010702100745296594
449.2413115479411,313.6045763742137,0.0,7.735560655121791,0.9826040863990784,0.0,0.0,0.18570947647094727,0.9706317782402039,0.0,0.0,0.2405618131160736,-0.40138698231710424
450.09835722285,311.3025317390067,0.0,7.712637482212526,0.9843147993087769,0.0,0.0,0.17641830444335938,0.9715898633003235,0.0,0.0,0.2366633415222168,0.01185983675081509
450.90554122422486,308.9691129639924,0.0,7.687154005546964,0.9859828352928162,0.0,0.0,0.16684415936470032,0.9726196527481079,0.0,0.0,0.23239539563655853,-0.4000999380410658
451.6610284427301,306.60992198935946,0.0,7.6594153750665335,0.9875994324684143,0.0,0.0,0.15699227154254913,0.9737116098403931,0.0,0.0,0.22777730226516724,0.013260777684170166
452.3631120015351,304.2304046175334,0.0,7.6297315015312055,0.989156186580658,0.0,0.0,0.14686481654644012,0.9748570322990417,0.0,0.0,0.2228247970342636,-0.39860075250897853
453.0102075584914,301.83583329998606,0.0,7.598412295700962,0.9906449913978577,0.0,0.0,0.13646200299263,0.9760476350784302,0.0,0.0,0.21755078434944153,0.014842555756404696
453.60084633541607,299.43129292844657,0.0,7.565767668335772,0.9920575618743896,0.0,0.0,0.12578248977661133,0.9772762060165405,0.0,0.0,0.21196410059928894,-0.396952033955181
454.1336669189993,297.0216695763554,0.0,7.532107530195614,0.9933854937553406,0.0,0.0,0.11482512205839157,0.9785356521606445,0.0,0.0,0.20607224106788635,0.016542562733180333
454.60740587913557,294.6116421256587,0.0,7.497741792040463,0.994620144367218,0.0,0.0,0.10358843952417374,0.979819655418396,0.0,0.0,0.19987912476062775,-0.39521639061401176
455.0208872506355,292.20567670568323,0.0,7.462980364630297,0.9957520961761475,0.0,0.0,0.0920737236738205,0.9811218976974487,0.0,0.0,0.19338580965995789,0.018298190380158397
455.37301092331296,289.8080238649472,0.0,7.428133158725082,0.9967718720436096,0.0,0.0,0.08028392493724823,0.9824369549751282,0.0,0.0,0.1865907907485962,-0.39345643071980896
455.6627399833834,287.422718393197,0.0,7.393510085084804,0.9976696968078613,0.0,0.0,0.06822545826435089,0.9837588667869568,0.0,0.0,0.1794913411140442,0.02004683046300071
455.88908704598475,285.05358170975194,0.0,7.359421054469434,0.9984356164932251,0.0,0.0,0.05590954050421715,0.98508220911026,0.0,0.0,0.17208077013492584,-0.39173476250691147
456.0510996144542,282.7042267352655,0.0,7.326175977638946,0.9990596771240234,0.0,0.0,0.043352752923965454,0.9864012598991394,0.0,0.0,0.16435137391090393,0.021725874747368756
456.14784449679576,280.3780651672857,0.0,7.294084765353319,0.999532163143158,0.0,0.0,0.030577708035707474,0.9877104163169861,0.0,0.0,0.15629129111766815,-0.3901139942096576
456.17839130357305,278.07831708540215,0.0,7.263457328372525,0.9998446702957153,0.0,0.0,0.017614349722862244,0.989003598690033,0.0,0.0,0.14788752794265747,0.023272714998924027
456.1417950442833,275.8080228193181,0.0,7.23460357745654,0.9999897480010986,0.0,0.0,0.0045000724494457245,0.990273654460907,0.0,0.0,0.13912971317768097,-0.38865673406238566
456.03709293325716,273.57003842955817,0.0,7.207833423365341,0.9999617338180542,0.0,0.0,-0.00871952809393406,0.9915103912353516,0.0,0.0,0.13002361357212067,0.024624742983328063
455.86448382321726,271.36557623696245,0.0,7.1834567768589,0.9997578859329224,0.0,0.0,-0.021994564682245255,0.992701530456543,0.0,0.0,0.12059295177459717,-0.38742559029943413
455.62615049179317,269.193191952883,0.0,7.161766670961152,0.9993773698806763,0.0,0.0,-0.03527698293328285,0.9938350319862366,0.0,0.0,0.11086487770080566,0.025720202877153764
455.32434819677013,267.0512240728349,0.0,7.142800659824966,0.9988218545913696,0.0,0.0,-0.048521582037210464,0.994899570941925,0.0,0.0,0.10086659342050552,-0.3864677109491217
454.9612135470587,264.938106457521,0.0,7.12639811594871,0.9980953931808472,0.0,0.0,-0.06168605387210846,0.9958847165107727,0.0,0.0,0.09062531590461731,0.026548614184035313
454.53877903274935,262.8523646226725,0.0,7.112393225715522,0.997203528881073,0.0,0.0,-0.07473111152648926,0.9967809319496155,0.0,0.0,0.08016933500766754,-0.38576039326057676
454.058986627095,260.79261072033046,0.0,7.100620175508536,0.9961536526679993,0.0,0.0,-0.08762039244174957,0.99757981300354,0.0,0.0,0.06952700018882751,0.02714321267933756
453.5237006008438,258.7575387978191,0.0,7.090913151710887,0.9949549436569214,0.0,0.0,-0.10032081604003906,0.9982739090919495,0.0,0.0,0.058726128190755844,-0.38527013953342276
452.9347195841699,256.7459203215623,0.0,7.083106340705708,0.9936172962188721,0.0,0.0,-0.1128019317984581,0.9988569021224976,0.0,0.0,0.047794729471206665,0.027537496063437528
452.293787906793,254.75659995455612,0.0,7.0770339288761335,0.9921519756317139,0.0,0.0,-0.125036358833313,0.9993237853050232,0.0,0.0,0.03676079213619232,-0.3849634520672826
451.60260624254545,252.78849157785424,0.0,7.072530102605299,0.9905709028244019,0.0,0.0,-0.13699975609779358,0.999670684337616,0.0,0.0,0.025651613250374794,0.02776496203671197
450.86284158065035,250.84057454786983,0.0,7.069429048276339,0.9888866543769836,0.0,0.0,-0.14867056906223297,0.9998947978019714,0.0,0.0,0.014493094757199287,-0.3848068331617796
450.07613654228606,248.9118901826119,0.0,7.067564952272385,0.9871121644973755,0.0,0.0,-0.160029336810112,0.9999943971633911,0.0,0.0,0.0033121956512331963,0.02785910829953797
449.2441180576446,247.00153847118554,0.0,7.066772000976578,0.9852606058120728,0.0,0.0,-0.1710595339536667,0.999968945980072,0.0,0.0,-0.007866146974265575,-0.38476678511653684
448.36840541563083,245.10867500201098,0.0,7.066884380772045,0.9833452701568604,0.0,0.0,-0.18174678087234497,0.9998190999031067,0.0,0.0,-0.019018635153770447,0.027853432552292168
447.45061769559004,243.23250810620107,0.0,7.067736278041926,0.9813794493675232,0.0,0.0,-0.19207903742790222,0.9995461702346802,0.0,0.0,-0.030120978131890297,-0.38480981023117733
446.49238058799455,241.3722962134473,0.0,7.069161879169352,0.979375958442688,0.0,0.0,-0.20204606652259827,0.9991528391838074,0.0,0.0,-0.041151706129312515,0.027781432495351532
445.49533163610926,239.5273436590525,0.0,7.071002142189798,0.9773476719856262,0.0,0.0,-0.21163994073867798,0.9986423850059509,0.0,0.0,-0.052088797092437744,-0.38490275280796754
444.461111156594,237.69697337478362,0.0,7.073195631339714,0.9753066301345825,0.0,0.0,-0.22085481882095337,0.9980188608169556,0.0,0.0,-0.06291297823190689,0.02767065021505266
443.39135347957614,235.88050718158934,0.0,7.075754191117018,0.9732645750045776,0.0,0.0,-0.2296866476535797,0.9972872734069824,0.0,0.0,-0.0736050009727478,-0.3850319729987404
442.2876872519586,234.0772651546243,0.0,7.078691446822351,0.9712323546409607,0.0,0.0,-0.2381335198879242,0.9964531660079956,0.0,0.0,-0.0841473713517189,0.027522303967308592
441.15173602758927,232.28656544147853,0.0,7.082021023756358,0.969219982624054,0.0,0.0,-0.24619561433792114,0.9955224394798279,0.0,0.0,-0.09452392905950546,-0.3852001334499529
439.98511890825773,230.50772406285094,0.0,7.085756547219679,0.9672369360923767,0.0,0.0,-0.2538745701313019,0.9945015907287598,0.0,0.0,-0.10471943020820618,0.02733364116613074
438.7894512359296,228.74005469554044,0.0,7.0899116425129565,0.9652915000915527,0.0,0.0,-0.26117411255836487,0.9933978319168091,0.0,0.0,-0.1147191971540451,-0.3854099867475932
437.56634533667307,226.98286843760226,0.0,7.094499934936833,0.963391125202179,0.0,0.0,-0.26809927821159363,0.9922181367874146,0.0,0.0,-0.12451053410768509,0.027101909225530907
436.31741131678405,225.23547355550022,0.0,7.0995350497919505,0.9615421295166016,0.0,0.0,-0.27465686202049255,0.9909701943397522,0.0,0.0,-0.13408105075359344,-0.3856642854776496
435.0442579116739,223.49717521307457,0.0,7.105030612378953,0.9597498774528503,0.0,0.0,-0.2808552086353302,0.989661693572998,0.0,0.0,-0.1434200555086136,0.026824355559520674
433.74849338813584,221.76727518211794,0.0,7.1110002479984775,0.958018958568573,0.0,0.0,-0.2867041528224945,0.9883005619049072,0.0,0.0,-0.15251751244068146,-0.3859657822261104
432.43172650066396,220.04507153433437,0.0,7.117457581951172,0.9563525319099426,0.0,0.0,-0.2922147214412689,0.9868947863578796,0.0,0.0,-0.16136398911476135,0.026498227582111844
431.0955675025681,218.32985831444154,0.0,7.124416239537675,0.9547529220581055,0.0,0.0,-0.29739952087402344,0.9854521751403809,0.0,0.0,-0.16995175182819366,-0.38631722957896414
429.741629212674,216.62092519413966,0.0,7.1318898460586295,0.9532214999198914,0.0,0.0,-0.3022722601890564,0.9839810132980347,0.0,0.0,-0.17827296257019043,0.026120772707316164
428.3715281384855,214.9175571066692,0.0,7.1398920268146755,0.9517584443092346,0.0,0.0,-0.3068479299545288,0.9824889302253723,0.0,0.0,-0.18632063269615173,-0.38672138012219875
426.98688585283276,213.21903410071764,0.0,7.148435398978158,0.950363039970398,0.0,0.0,-0.3111429810523987,0.980984091758728,0.0,0.0,-0.19408853352069855,0.02568928926471603
425.58933329228717,211.52463461198352,0.0,7.157517003321691,0.9490333795547485,0.0,0.0,-0.31517520546913147,0.9794737100601196,0.0,0.0,-0.20157185196876526,-0.3871800470082357
424.18051456586784,209.83363786137298,0.0,7.1671216332521395,0.9477670192718506,0.0,0.0,-0.31896334886550903,0.9779648780822754,0.0,0.0,-0.2087695598602295,0.025204206944996366
422.76197463087624,208.14536070074345,0.0,7.177233751944863,0.9465601444244385,0.0,0.0,-0.32252728939056396,0.9764618277549744,0.0,0.0,-0.2156902551651001,-0.38769076007352476
421.3342697594856,206.4594489817443,0.0,7.1878378225752195,0.9454089403152466,0.0,0.0,-0.3258858919143677,0.9749676585197449,0.0,0.0,-0.22234667837619781,0.024668647822251033
419.89744077342453,204.7757224687616,0.0,7.198918308318575,0.9443102478981018,0.0,0.0,-0.32905611395835876,0.9734852313995361,0.0,0.0,-0.22874990105628967,-0.38825038056561334
418.4515268135109,203.09400647315525,0.0,7.210459672350289,0.9432604312896729,0.0,0.0,-0.33205318450927734,0.9720168113708496,0.0,0.0,-0.23491135239601135,0.02408575064893209
416.9965699457778,201.41413029558953,0.0,7.222446377845718,0.9422567486763,0.0,0.0,-0.33489087224006653,0.9705643057823181,0.0,0.0,-0.24084176123142242,-0.38885576973204916
415.5326153349146,199.73592712146308,0.0,7.234862887980225,0.9412962198257446,0.0,0.0,-0.3375813364982605,0.9691298604011536,0.0,0.0,-0.24655047059059143,0.023458654177492377
414.05971141351074,198.05923391861916,0.0,7.247693665929176,0.9403764009475708,0.0,0.0,-0.3401356041431427,0.967714786529541,0.0,0.0,-0.2520473003387451,-0.38950378882038
412.5779100471095,196.38389133731908,0.0,7.2609231748679255,0.9394946694374084,0.0,0.0,-0.34256356954574585,0.9663204550743103,0.0,0.0,-0.2573409974575043,0.022790497160383782
411.0872666950776,194.7097436124771,0.0,7.274535877971838,0.9386488795280457,0.0,0.0,-0.34487417340278625,0.9649479389190674,0.0,0.0,-0.2624402940273285,-0.39019129907815336
409.5878405672859,193.03663846815328,0.0,7.288516238416274,0.9378371834754944,0.0,0.0,-0.34707531332969666,0.9635984301567078,0.0,0.0,-0.2673529386520386,0.0220844183500587
408.0796947765931,191.36442702430296,0.0,7.302848719376591,0.9370578527450562,0.0,0.0,-0.34917423129081726,0.962272584438324,0.0,0.0,-0.2720865309238434,-0.39091516175291685
406.5628964871166,189.69296370579386,0.0,7.317517784028156,0.9363089799880981,0.0,0.0,-0.35117730498313904,0.9609708786010742,0.0,0.0,-0.2766486704349518,0.02134355649896963
405.037517058267,188.02210615369012,0.0,7.332507895546325,0.9355891942977905,0.0,0.0,-0.3530902862548828,0.9596940875053406,0.0,0.0,-0.28104594349861145,-0.3916722380922183
403.50363218452054,186.35171513882153,0.0,7.3478035171064615,0.934897243976593,0.0,0.0,-0.3549184203147888,0.9584425091743469,0.0,0.0,-0.28528502583503723,0.020571050359568743
401.96132203089746,184.68165447765136,0.0,7.3633891118839285,0.9342318177223206,0.0,0.0,-0.35666629672050476,0.9572164416313171,0.0,0.0,-0.2893722355365753,-0.3924593893436055
400.41067136410527,183.01179095045885,0.0,7.37924914305408,0.9335918426513672,0.0,0.0,-0.35833805799484253,0.9560162425041199,0.0,0.0,-0.2933131456375122,0.0197700386843086
398.8517696793033,181.3419942218554,0.0,7.395368073792284,0.9329763650894165,0.0,0.0,-0.35993748903274536,0.9548419117927551,0.0,0.0,-0.2971135079860687,-0.39327347675462593
397.28471132244454,179.6721367636666,0.0,7.411730367273897,0.9323844313621521,0.0,0.0,-0.3614678382873535,0.9536938071250916,0.0,0.0,-0.300778329372406,0.018943660225641257
395.70959560813384,178.00209378019252,0.0,7.428320486674283,0.9318153858184814,0.0,0.0,-0.3629322350025177,0.95257169008255,0.0,0.0,-0.30431312322616577,-0.3941113615728273
394.1265269329543,176.33174313589186,0.0,7.445122895168802,0.931268572807312,0.0,0.0,-0.36433327198028564,0.951475977897644,0.0,0.0,-0.307722270488739,0.018095053736019107
392.5356148841887,174.66096528550517,0.0,7.462122055932814,0.9307432174682617,0.0,0.0,-0.365673303604126,0.9504062533378601,0.0,0.0,-0.3110101521015167,-0.3949699050457572
390.93697434387934,172.98964320666414,0.0,7.479302432141686,0.9302309155464172,0.0,0.0,-0.3669513165950775,0.9493626356124878,0.0,0.0,-0.31418150663375854,0.01722735796789432
389.33072558815144,171.3176623350151,0.0,7.4966484869707655,0.9297406077384949,0.0,0.0,-0.36817288398742676,0.9483451843261719,0.0,0.0,-0.3172396123409271,-0.39584596842096326
387.7169943817263,169.64491050189906,0.0,7.514144683595425,0.9292717576026917,0.0,0.0,-0.36933964490890503,0.9473535418510437,0.0,0.0,-0.3201887905597687,0.01634371167371962
386.095912067548,167.9712778746266,0.0,7.531775485191022,0.928823709487915,0.0,0.0,-0.37045302987098694,0.9463877081871033,0.0,0.0,-0.3230324387550354,-0.39673641294599343
384.46761565144385,166.29665689939205,0.0,7.549525354932916,0.9283961057662964,0.0,0.0,-0.37151429057121277,0.9454475045204163,0.0,0.0,-0.3257739543914795,0.015447253605947231
382.8322478817339,164.62094224686942,0.0,7.567378755996469,0.9279885292053223,0.0,0.0,-0.37252452969551086,0.9445327520370483,0.0,0.0,-0.3284166753292084,-0.39763809986839516
381.1899573237029,162.94403076053595,0.0,7.585320151557045,0.927600622177124,0.0,0.0,-0.3734848201274872,0.9436432719230652,0.0,0.0,-0.33096370100975037,0.014541122517029215
379.54089842884866,161.265821407772,0.0,7.6033340047900015,0.9272321462631226,0.0,0.0,-0.3743959069252014,0.9427791237831116,0.0,0.0,-0.33341750502586365,-0.39854789043571615
377.88523159881277,159.58621523378542,0.0,7.621404778870701,0.926882803440094,0.0,0.0,-0.3752586245536804,0.9419398307800293,0.0,0.0,-0.3357812464237213,0.013628457159418073
376.2231232439008,157.90511531840832,0.0,7.639516936974501,0.926552414894104,0.0,0.0,-0.37607353925704956,0.9411253929138184,0.0,0.0,-0.3380574882030487,-0.399462645895504
374.55474583610146,156.22242673582252,0.0,7.657654942276767,0.926240861415863,0.0,0.0,-0.3768412172794342,0.9403355717658997,0.0,0.0,-0.34024813771247864,0.012712396285566308
372.88027795650123,154.53805651725966,0.0,7.675803257952858,0.925947904586792,0.0,0.0,-0.37756213545799255,0.9395701885223389,0.0,0.0,-0.3423561155796051,-0.40037922749530663
371.199904337003,152.8519136167342,0.0,7.693946347178136,0.9256736040115356,0.0,0.0,-0.37823668122291565,0.9388290047645569,0.0,0.0,-0.34438323974609375,0.011796078647926034
369.5138158962463,151.16390887986083,0.0,7.712068673127963,0.9254177808761597,0.0,0.0,-0.3788652718067169,0.9381119012832642,0.0,0.0,-0.3463318645954132,-0.40129449648267157
367.8222097696326,149.47395501581175,0.0,7.730154698977694,0.9251804351806641,0.0,0.0,-0.3794480562210083,0.9374189376831055,0.0,0.0,-0.3482031226158142,0.010882642998949643
366.1252893333485,147.7819665724651,0.0,7.748188887902697,0.924961507320404,0.0,0.0,-0.3799852430820465,0.9367496967315674,0.0,0.0,-0.3499995470046997,-0.4022053141051465
364.4232642222982,146.08785991480775,0.0,7.766155703078327,0.9247610569000244,0.0,0.0,-0.38047707080841064,0.9361040592193604,0.0,0.0,-0.351722776889801,0.009975228091089583
362.71635034183066,144.39155320663755,0.0,7.784039607679951,0.9245790243148804,0.0,0.0,-0.3809235692024231,0.9354819059371948,0.0,0.0,-0.35337427258491516,-0.403108541610279
361.00476987317666,142.69296639563257,0.0,7.801825064882929,0.9244154095649719,0.0,0.0,-0.381324827671051,0.9348832368850708,0.0,0.0,-0.3549553453922272,0.00907697267679769
359.2887512724783,140.99202120182852,0.0,7.819496537862618,0.9242702722549438,0.0,0.0,-0.381680965423584,0.9343075752258301,0.0,0.0,-0.35646751523017883,-0.4040010402456168
357.56852926332846,139.28864110957304,0.0,7.83703848979438,0.9241435527801514,0.0,0.0,-0.3819919526576996,0.933755099773407,0.0,0.0,-0.3579123616218567,0.008191015508526911
355.84434482271297,137.58275136300335,0.0,7.854435383853576,0.9240354299545288,0.0,0.0,-0.3822576403617859,0.9332257509231567,0.0,0.0,-0.3592904806137085,-0.4048796712587075
354.1164451602594,135.87427896510317,0.0,7.871671683215568,0.923945963382721,0.0,0.0,-0.3824779689311981,0.9327191114425659,0.0,0.0,-0.3606036603450775,0.007320495338729305
352.3850836907002,134.16315268039364,0.0,7.8887318510557165,0.9238752126693726,0.0,0.0,-0.3826529383659363,0.9322351217269897,0.0,0.0,-0.36185285449028015,-0.4057412958970988
350.6505199994567,132.4493030413099,0.0,7.905600350549386,0.9238231778144836,0.0,0.0,-0.38278234004974365,0.9317737817764282,0.0,0.0,-0.3630390465259552,0.006468550919857097
348.9130198012514,130.7326623583162,0.0,7.922261644871933,0.9237899780273438,0.0,0.0,-0.3828660547733307,0.9313350915908813,0.0,0.0,-0.36416319012641907,-0.40658277540833854
347.17285489165874,129.0131647338056,0.0,7.938700197198717,0.9237756133079529,0.0,0.0,-0.38290390372276306,0.9309189915657043,0.0,0.0,-0.36522573232650757,0.005638321004362956
345.43030309151374,127.29074607983965,0.0,7.954900470705103,0.9237802624702454,0.0,0.0,-0.38289564847946167,0.9305252432823181,0.0,0.0,-0.3662278652191162,-0.40740097103997414
343.68564818408936,125.56534413977062,0.0,7.970846928566449,0.923803985118866,0.0,0.0,-0.3828410506248474,0.9301537275314331,0.0,0.0,-0.3671702742576599,0.004832944344698942
341.93917984497006,123.83689851379582,0.0,7.986524033958124,0.9238468408584595,0.0,0.0,-0.38273993134498596,0.9298045635223389,0.0,0.0,-0.3680538535118103,-0.40819274403955363
340.1911935645369,122.10535068848279,0.0,8.001916250055475,0.9239088892936707,0.0,0.0,-0.3825920820236206,0.9294775724411011,0.0,0.0,-0.3688788414001465,0.004055559693317556
338.4419905630028,120.37064407031569,0.0,8.017008040033875,0.9239901900291443,0.0,0.0,-0.38239723443984985,0.929172694683075,0.0,0.0,-0.369646281003952,-0.40895495565462436
336.6918776979189,118.63272402329244,0.0,8.031783867068677,0.9240907430648804,0.0,0.0,-0.38215509057044983,0.9288898706436157,0.0,0.0,-0.3703562319278717,0.00330930580267097
334.94116736410336,116.89153791062317,0.0,8.046228194335251,0.9242107272148132,0.0,0.0,-0.3818655014038086,0.92862468957901,0.0,0.0,-0.3710079491138458,-0.4096844671327341
333.1901773859139,115.14703514054861,0.0,8.06032548500895,0.9243499636650085,0.0,0.0,-0.381528377532959,0.9283824563026428,0.0,0.0,-0.37160375714302063,0.002597321425211463
331.4392309018345,113.39916721632889,0.0,8.074060202265136,0.9245085120201111,0.0,0.0,-0.3811437487602234,0.9281629920005798,0.0,0.0,-0.37214395403862,-0.4103781397214304
329.68865624131064,111.64788779041977,0.0,8.087416809279175,0.9246861338615417,0.0,0.0,-0.3807118237018585,0.9279661774635315,0.0,0.0,-0.3726288378238678,0.0019227453133913164
327.9387867937966,109.89315272286572,0.0,8.10037976922642,0.9248825311660767,0.0,0.0,-0.3802330791950226,0.9277918934822083,0.0,0.0,-0.3730587959289551,-0.41103283466826096
326.1899608699827,108.134920143938,0.0,8.112933545282239,0.9250974059104919,0.0,0.0,-0.37970808148384094,0.9276400208473206,0.0,0.0,-0.37343403697013855,0.0012887162196630886
324.44252155516824,106.37315052103368,0.0,8.125062600621991,0.9253303408622742,0.0,0.0,-0.3791377544403076,0.9275103807449341,0.0,0.0,-0.37375491857528687,-0.4116454132207737
322.6968165547579,104.60780672985258,0.0,8.136751398421033,0.9255807399749756,0.0,0.0,-0.3785231113433838,0.9274030923843384,0.0,0.0,-0.374021053314209,0.0006983728964791158
320.9531980318675,102.83885412986791,0.0,8.147984401854728,0.9258480072021484,0.0,0.0,-0.37786558270454407,0.9273178577423096,0.0,0.0,-0.3742331266403198,-0.41221273662651586
319.212022437028,101.0662606440973,0.0,8.158746074098444,0.9261312484741211,0.0,0.0,-0.3771670162677765,0.9272544384002686,0.0,0.0,-0.37439149618148804,0.00015485409629145686
317.47365032999096,99.28999684318312,0.0,8.169020878327531,0.9264296293258667,0.0,0.0,-0.37642931938171387,0.9272129535675049,0.0,0.0,-0.3744957745075226,-0.41273166613303547
315.7384461936342,97.51003603377715,0.0,8.178793277717357,0.9267420768737793,0.0,0.0,-0.3756549060344696,0.9271934628486633,0.0,0.0,-0.3745458424091339,-0.00033870142844721896
314.006778239992,95.72635435123493,0.0,8.188047735443282,0.9270673394203186,0.0,0.0,-0.3748466372489929,0.92719566822052,0.0,0.0,-0.3745422661304474,-0.4131990629878802
312.27901820842607,93.93893085660366,0.0,8.196768714680667,0.9274041652679443,0.0,0.0,-0.37400755286216736,0.927219569683075,0.0,0.0,-0.3744848072528839,-0.0007791549252847974
310.55554115597346,92.14774763789939,0.0,8.204940678604867,0.9277510046958923,0.0,0.0,-0.37314122915267944,0.9272650480270386,0.0,0.0,-0.37437349557876587,-0.41361178843859736
308.83672523991083,90.35278991565038,0.0,8.21254809039125,0.9281061887741089,0.0,0.0,-0.37225162982940674,0.9273319840431213,0.0,0.0,-0.3742084205150604,-0.0011633676417687755
307.12295149258625,88.5540461526881,0.0,8.219575413215178,0.9284679889678955,0.0,0.0,-0.3713431656360626,0.9274203181266785,0.0,0.0,-0.3739895224571228,-0.4139667037327352
305.4146035885806,86.75150816815984,0.0,8.226007110252008,0.9288343787193298,0.0,0.0,-0.3704206943511963,0.9275293350219727,0.0,0.0,-0.3737184405326843,-0.0014882008254469836
303.7120167370871,84.94517440806074,0.0,8.231827665148728,0.9292033314704895,0.0,0.0,-0.3694893717765808,0.9276576638221741,0.0,0.0,-0.3733982741832733,-0.41426067115176146
302.01512166287506,83.13506210081685,0.0,8.237064745163398,0.9295728802680969,0.0,0.0,-0.3685542643070221,0.9278033375740051,0.0,0.0,-0.3730338513851166,-0.001752699816086889
300.32362619903114,81.3211647509476,0.0,8.2418803012295,0.9299411773681641,0.0,0.0,-0.36761996150016785,0.9279648065567017,0.0,0.0,-0.37262892723083496,-0.41450388105408986
298.63719604238275,79.50343468695719,0.0,8.24646231008875,0.9303066730499268,0.0,0.0,-0.36669063568115234,0.9281403422355652,0.0,0.0,-0.37218767404556274,-0.0019841144049379533
296.95545665102924,77.68178270442962,0.0,8.25099874848286,0.9306678771972656,0.0,0.0,-0.3657701015472412,0.9283284544944763,0.0,0.0,-0.37171363830566406,-0.4147329941042974
295.2779939262904,75.85607774351759,0.0,8.255677593153555,0.9310234189033508,0.0,0.0,-0.3648618161678314,0.9285275936126709,0.0,0.0,-0.37121066451072693,-0.002220419691336628
293.6043547610393,74.02614653353173,0.0,8.260686820842547,0.9313721656799316,0.0,0.0,-0.3639690577983856,0.9287364482879639,0.0,0.0,-0.37068212032318115,-0.4149859854017213
291.93404745393343,72.19177320444584,0.0,8.266214408291555,0.9317129254341125,0.0,0.0,-0.3630948066711426,0.9289534687995911,0.0,0.0,-0.37013179063796997,-0.0024995907746198087
290.26654198909887,70.3526988650816,0.0,8.27244833224229,0.9320448040962219,0.0,0.0,-0.36224165558815,0.9291775226593018,0.0,0.0,-0.369562566280365,-0.41530083004569784
288.60127018077156,68.50862114763753,0.0,8.279576569436477,0.9323669075965881,0.0,0.0,-0.36141204833984375,0.9294121265411377,0.0,0.0,-0.36897921562194824,-0.002859602754124224
286.9376256822905,66.65919371812421,0.0,8.287787096615828,0.9326784014701843,0.0,0.0,-0.3606083393096924,0.929651141166687,0.0,0.0,-0.36838290095329285,-0.415715503135564
285.2749638586682,64.80402575215153,0.0,8.297267890522054,0.9329785704612732,0.0,0.0,-0.3598324656486511,0.929893434047699,0.0,0.0,-0.36777639389038086,-0.0033384307291861592
283.6126015217249,62.94268137537783,0.0,8.308206927896883,0.9332666993141174,0.0,0.0,-0.3590863049030304,0.9301379323005676,0.0,0.0,-0.36716267466545105,-0.41626797977065644
281.9498165264648,61.07467906777802,0.0,8.320792185482027,0.9335423707962036,0.0,0.0,-0.35837146639823914,0.9303838014602661,0.0,0.0,-0.3665439188480377,-0.003974049799142898
280.28584722700685,59.199491030726925,0.0,8.335211640019205,0.9338049292564392,0.0,0.0,-0.3576894998550415,0.9306298494338989,0.0,0.0,-0.3659229576587677,-0.41699623505031186
278.61989178993025,57.31654251569767,0.0,8.351653268250127,0.9340540766716003,0.0,0.0,-0.3570416271686554,0.9308753609657288,0.0,0.0,-0.36530178785324097,-0.004804435063330892
276.9511073624033,55.42521111319383,0.0,8.370305046916513,0.9342893958091736,0.0,0.0,-0.35642898082733154,0.9311193227767944,0.0,0.0,-0.36468279361724854,-0.4179382440738667
275.2786102637337,53.524827333452585,0.0,8.391349072830792,0.9345104694366455,0.0,0.0,-0.3558526635169983,0.9313566088676453,0.0,0.0,-0.364066481590271,-0.005867264654961124
273.6015667005379,51.61477855134206,0.0,8.41450663091375,0.9347171187400818,0.0,0.0,-0.3553134799003601,0.9315956830978394,0.0,0.0,-0.3634583652019501,-0.41910781771442024
271.9193480414927,49.69468814317347,0.0,8.438714554736434,0.9349091649055481,0.0,0.0,-0.3548121452331543,0.931826651096344,0.0,0.0,-0.362856924533844,-0.007089887070248102
270.2315455788261,47.76443561167634,0.0,8.462833270298809,0.9350863695144653,0.0,0.0,-0.3543492257595062,0.9320534467697144,0.0,0.0,-0.3622657060623169,-0.42032593466201496
268.53797090261776,45.82415969457922,0.0,8.485723203600855,0.935248613357544,0.0,0.0,-0.3539251685142517,0.9322754144668579,0.0,0.0,-0.3616868257522583,-0.008245944307725184
266.83865714126136,43.87426170615671,0.0,8.506244780642545,0.9353958368301392,0.0,0.0,-0.353540301322937,0.9324918985366821,0.0,0.0,-0.36112186312675476,-0.42136237794694875
265.13386108299306,41.91540911225175,0.0,8.523258427423851,0.935528039932251,0.0,0.0,-0.35319483280181885,0.9327023029327393,0.0,0.0,-0.36057233810424805,-0.009105219397690156
263.42406618926464,39.94853933542274,0.0,8.535624569944748,0.9356451034545898,0.0,0.0,-0.35288891196250916,0.9329058527946472,0.0,0.0,-0.36004042625427246,-0.4219869305995193
261.7099865041699,37.97486378245487,0.0,8.542203634205215,0.9357471466064453,0.0,0.0,-0.35262247920036316,0.9331023097038269,0.0,0.0,-0.35952699184417725,-0.00943749537044103
259.99257145503657,35.995872081428125,0.0,8.541856046205224,0.9358340501785278,0.0,0.0,-0.35239577293395996,0.933290958404541,0.0,0.0,-0.35903385281562805,-0.4219693756500248
258.2730115277199,34.013336509899105,0.0,8.533442231944752,0.9359056949615479,0.0,0.0,-0.3522094488143921,0.9334713220596313,0.0,0.0,-0.35856229066848755,-0.009012555256275812
256.55274478611665,32.02931658954471,0.0,8.515822617423769,0.9359615445137024,0.0,0.0,-0.35206472873687744,0.9336429834365845,0.0,0.0,-0.35811343789100647,-0.421079496128763
254.8334641889859,30.04616381581375,0.0,8.487857628642255,0.9360008835792542,0.0,0.0,-0.3519637882709503,0.9338054656982422,0.0,0.0,-0.3576885163784027,-0.007600182085492291
253.11712554572338,28.0665263768542,0.0,8.448408147269767,0.9360225200653076,0.0,0.0,-0.3519096374511719,0.9339584708213806,0.0,0.0,-0.3572884798049927,-0.4190870980796474
251.4058594462872,26.093242470819625,0.0,8.396809060505696,0.9360247850418091,0.0,0.0,-0.35190659761428833,0.9341017007827759,0.0,0.0,-0.3569142520427704,-0.00499416760245841
249.70169805635678,24.1290200310906,0.0,8.333765770501392,0.936005711555481,0.0,0.0,-0.35196009278297424,0.9342347979545593,0.0,0.0,-0.3565666377544403,-0.41590309353397553
248.00652698162276,22.1763767596186,0.0,8.260229930461659,0.9359625577926636,0.0,0.0,-0.35207703709602356,0.9343575835227966,0.0,0.0,-0.3562462627887726,-0.0012802362873203799
246.32208597900825,20.237637362715613,0.0,8.17715319359129,0.9358921647071838,0.0,0.0,-0.35226574540138245,0.9344698190689087,0.0,0.0,-0.3559536039829254,-0.4117072987425427
244.64996873219607,18.314930564650517,0.0,8.085487213095082,0.9357907176017761,0.0,0.0,-0.352536141872406,0.934571385383606,0.0,0.0,-0.3556891679763794,0.0033493586872355707
242.99162173268363,16.410185928894755,0.0,7.986183642177834,0.935653567314148,0.0,0.0,-0.352899968624115,0.9346622228622437,0.0,0.0,-0.3554530441761017,-0.4066919668780352
241.34834231889945,14.525130517583973,0.0,7.880194134044343,0.9354753494262695,0.0,0.0,-0.35337066650390625,0.9347422122955322,0.0,0.0,-0.3552455008029938,0.008702364148522934
239.7212759350919,12.661285419977533,0.0,7.76847034189941,0.935249924659729,0.0,0.0,-0.3539637327194214,0.9348113536834717,0.0,0.0,-0.35506653785705566,-0.40104935111313955
238.1114126787533,10.819962180403618,0.0,7.651963918947794,0.9349700808525085,0.0,0.0,-0.3546968698501587,0.9348697066307068,0.0,0.0,-0.3549160659313202,0.014586526923857035
236.51958321026552,9.002259155364325,0.0,7.53162651839436,0.9346274733543396,0.0,0.0,-0.355589896440506,0.9349173307418823,0.0,0.0,-0.3547937870025635,-0.3949717046205418
234.94645410134413,7.209057828189527,0.0,7.408409793443872,0.9342126846313477,0.0,0.0,-0.3566651940345764,0.9349543452262878,0.0,0.0,-0.3546994924545288,0.020809593840548313
233.39252269974116,5.441019107846257,0.0,7.283265397301128,0.9337242841720581,0.0,0.0,-0.3579515218734741,0.9349809288978577,0.0,0.0,-0.3546326756477356,-0.3886512805729285
231.85811158665425,3.698579636274731,0.0,7.157144983170925,0.9331422448158264,0.0,0.0,-0.35947394371032715,0.9349966049194336,0.0,0.0,-0.35459449887275696,0.027179311725912092
230.34336270049482,1.9819481259670333,0.0,7.031000204258065,0.9324530363082886,0.0,0.0,-0.361264169216156,0.9349966049194336,0.0,0.0,-0.3545975983142853,-0.38228033214298607
228.8481737061482,0.29175018724525625,0.0,6.90578259733771,0.9316418170928955,0.0,0.0,-0.3633563220500946,0.9349694848060608,0.0,0.0,-0.3546718955039978,0.03350343328754618
227.3720113115342,-1.36841333771254,0.0,6.782248227173991,0.9306938648223877,0.0,0.0,-0.3657812774181366,0.9349027276039124,0.0,0.0,-0.3548496663570404,-0.3760412225387578
225.9142639053181,-2.9943885810429407,0.0,6.660558189331773,0.9295960068702698,0.0,0.0,-0.3685658872127533,0.9347848892211914,0.0,0.0,-0.3551596999168396,0.0396493947947289
224.4743601581993,-4.582522984304065,0.0,6.540760791014032,0.9283350706100464,0.0,0.0,-0.3717329204082489,0.9346052408218384,0.0,0.0,-0.355628103017807,-0.36999084888634665
223.05176446327664,-6.129631122050201,0.0,6.4229043394237495,0.9268987774848938,0.0,0.0,-0.3753020465373993,0.9343590140342712,0.0,0.0,-0.3562803566455841,0.045601740834642135
221.64597251936195,-7.632961349829708,0.0,6.307037141763899,0.9252746105194092,0.0,0.0,-0.3792901933193207,0.934033989906311,0.0,0.0,-0.3571367561817169,-0.3641389702166572
220.2565070972336,-9.090163739386101,0.0,6.1932075052374564,0.923450231552124,0.0,0.0,-0.3837118446826935,0.9336218237876892,0.0,0.0,-0.35821741819381714,0.05135071237638161
218.8829139864235,-10.499259287439154,0.0,6.081463737047405,0.9214131236076355,0.0,0.0,-0.3885793089866638,0.9331146478652954,0.0,0.0,-0.3595407009124756,-0.358495345560594
217.52475811973042,-11.858610381714216,0.0,5.9718541443967155,0.9191504120826721,0.0,0.0,-0.3939027190208435,0.9325045943260193,0.0,0.0,-0.36112338304519653,0.05688655038904267
216.1816198722952,-13.16689250525866,0.0,5.86442703448837,0.9166487455368042,0.0,0.0,-0.3996903896331787,0.9317843317985535,0.0,0.0,-0.3629811406135559,-0.3530697339490614
214.85309153171653,-14.42306715757776,0.0,5.759230714525343,0.9138946533203125,0.0,0.0,-0.40594884753227234,0.9309462308883667,0.0,0.0,-0.3651285171508789,0.0621994958417208
213.53877393534202,-15.626355968730198,0.0,5.656313491710612,0.9108739495277405,0.0,0.0,-0.41268277168273926,0.9299825429916382,0.0,0.0,-0.36757880449295044,-0.3478718944129638
212.23827327054877,-16.776215980224418,0.0,5.5557236732471305,0.9075720310211182,0.0,0.0,-0.419894814491272,0.9288854598999023,0.0,0.0,-0.3703449070453644,0.06727978970351273
210.95119803350934,-17.872316064381142,0.0,5.457509566337924,0.9039742350578308,0.0,0.0,-0.4275853931903839,0.9276471138000488,0.0,0.0,-0.37343811988830566,-0.34291158598320587
209.67715614165562,-18.914514451732302,0.0,5.361719478185948,0.9000660181045532,0.0,0.0,-0.43575236201286316,0.9262593388557434,0.0,0.0,-0.3768692910671234,0.07211767294351157
208.41575219475357,-19.9028373340636,0.0,5.268401715994177,0.8958327174186707,0.0,0.0,-0.44439026713371277,0.9247136116027832,0.0,0.0,-0.38064804673194885,-0.3381985676906922
207.1665848792432,-20.83745850881497,0.0,5.177604586965588,0.8912607431411743,0.0,0.0,-0.4534902572631836,0.923001229763031,0.0,0.0,-0.38478317856788635,0.07670338653081404
205.9292445102423,-21.718680028770848,0.0,5.089376398303159,0.886337161064148,0.0,0.0,-0.4630395770072937,0.9211131930351257,0.0,0.0,-0.3892824649810791,-0.3337425985663271
204.70331070535983,-22.54691381928147,0.0,5.003765457209867,0.881050705909729,0.0,0.0,-0.4730210304260254,0.9190402626991272,0.0,0.0,-0.39415258169174194,0.08102717143451565
203.48835018423816,-23.322664223647816,0.0,4.92082007088869,0.8753920197486877,0.0,0.0,-0.4834131598472595,0.9167727828025818,0.0,0.0,-0.3993992805480957,-0.3295534376410151
202.28391468752693,-24.046511435773347,0.0,4.840588546542604,0.8693539500236511,0.0,0.0,-0.49418947100639343,0.9143009781837463,0.0,0.0,-0.4050266742706299,0.08507926862371185
201.08953900876733,-24.719095777748024,0.0,4.763119191374588,0.8629324436187744,0.0,0.0,-0.5053188800811768,0.911614716053009,0.0,0.0,-0.4110378324985504,-0.32564084394566073
199.90473913248078,-25.341102778641137,0.0,4.688460312587615,0.8561266660690308,0.0,0.0,-0.5167655944824219,0.9087039232254028,0.0,0.0,-0.4174341559410095,0.08884991906749834
198.72901047155037,-25.913249009477443,0.0,4.616660217384669,0.8489396572113037,0.0,0.0,-0.528489351272583,0.9055584073066711,0.0,0.0,-0.4242151975631714,-0.3220145765111685
197.56182619680547,-26.436268628108515,0.0,4.547767212968723,0.8413784503936768,0.0,0.0,-0.5404459238052368,0.9021679162979126,0.0,0.0,-0.4313792288303375,0.09232936373497039
196.4026356515427,-26.910900586488488,0.0,4.481829606542755,0.8334546089172363,0.0,0.0,-0.5525878071784973,0.8985225558280945,0.0,0.0,-0.43892231583595276,-0.31868439436844287
195.25086284354055,-27.337876451698747,0.0,4.41889570530974,0.825183629989624,0.0,0.0,-0.5648642778396606,0.8946123123168945,0.0,0.0,-0.4468386769294739,0.09550784359522368
194.10590500696244,-27.71790879093364,0.0,4.359013816472658,0.8165861368179321,0.0,0.0,-0.5772232413291931,0.8904279470443726,0.0,0.0,-0.4551202058792114,-0.31566005654838825
192.9671312263729,-28.0516800695528,0.0,4.302232247234487,0.8076868057250977,0.0,0.0,-0.589611291885376,0.8859606981277466,0.0,0.0,-0.4637567400932312,0.09837559961735357
191.83388111493232,-28.339832010209506,0.0,4.248599304798202,0.7985144853591919,0.0,0.0,-0.60197514295578,0.8812024593353271,0.0,0.0,-0.47273585200309753,-0.31295132208190923
190.70546353867428,-28.582955359972537,0.0,4.198163296366769,0.7891016602516174,0.0,0.0,-0.6142622232437134,0.8761472702026367,0.0,0.0,-0.48204076290130615,0.10092287277045625
189.5811553808402,-28.781580015847844,0.0,4.15097252914319,0.7794841527938843,0.0,0.0,-0.6264215707778931,0.8707968592643738,0.0,0.0,-0.49164053797721863,-0.3105679499999103
188.46035496335975,-28.936483018882107,0.0,4.107075310330429,0.7696996927261353,0.0,0.0,-0.6384057998657227,0.8651638031005859,0.0,0.0,-0.501487135887146,0.103139904023626
187.3429828136836,-29.049504698480696,0.0,4.066519879293155,0.7597840428352356,0.0,0.0,-0.6501750946044922,0.8592631816864014,0.0,0.0,-0.5115317702293396,-0.3085196959071187
186.22902955592386,-29.122580771909007,0.0,4.029298477889108,0.7497706413269043,0.0,0.0,-0.6616974472999573,0.8531099557876587,0.0,0.0,-0.5217293500900269,0.1050197727814062
185.11846953950806,-29.15746940906394,0.0,3.9952459741459028,0.7396898865699768,0.0,0.0,-0.6729476451873779,0.8467192649841309,0.0,0.0,-0.5320382714271545,-0.3067998724857447
184.0112764347817,-29.155768077759202,0.0,3.964169793817846,0.7295695543289185,0.0,0.0,-0.6839064359664917,0.8401061296463013,0.0,0.0,-0.542420506477356,0.10658927683837874
182.9074305427415,-29.118930355561574,0.0,3.9358773626592445,0.7194345593452454,0.0,0.0,-0.6945598721504211,0.8332856297492981,0.0,0.0,-0.5528412461280823,-0.30537096182116885
181.80692534401348,-29.048281638161452,0.0,3.9101761064244016,0.7093075513839722,0.0,0.0,-0.7048987746238708,0.82627272605896,0.0,0.0,-0.5632688999176025,0.10788732008256272
180.70977334283407,-28.94503383710845,0.0,3.8868734508676233,0.6992083191871643,0.0,0.0,-0.7149176001548767,0.8190820813179016,0.0,0.0,-0.5736751556396484,-0.30419406002537197
179.61601125450562,-28.81029914990071,0.0,3.8657768217432187,0.6891542673110962,0.0,0.0,-0.7246143221855164,0.8117280602455139,0.0,0.0,-0.5840344429016113,0.1089528064019771
178.52570457825712,-28.645102976283898,0.0,3.8466936448054874,0.6791603565216064,0.0,0.0,-0.7339896559715271,0.8042248487472534,0.0,0.0,-0.5943241715431213,-0.303230263210335
177.43895159152456,-28.45039604614602,0.0,3.82943134580874,0.6692392230033875,0.0,0.0,-0.7430467009544373,0.7965861558914185,0.0,0.0,-0.6045241355895996,0.1098246396846411
176.35588679641538,-28.227065816558078,0.0,3.8137973505072806,0.6594014763832092,0.0,0.0,-0.7517906427383423,0.788825273513794,0.0,0.0,-0.6146167516708374,-0.3024406674880391
175.2766838444424,-27.975947188269377,0.0,3.799599084655415,0.6496556997299194,0.0,0.0,-0.760228157043457,0.7809551954269409,0.0,0.0,-0.6245864033699036,0.11054172381857372
174.20155796150172,-27.697832585294755,0.0,3.786643974007447,0.6400085687637329,0.0,0.0,-0.7683672904968262,0.7729880809783936,0.0,0.0,-0.6344199180603027,-0.30178636897046496
173.13076789152308,-27.393481435110697,0.0,3.7747394443176865,0.6304650902748108,0.0,0.0,-0.7762171626091003,0.7649360299110413,0.0,0.0,-0.6441057920455933,0.11114296269179394
172.06461737417746,-27.06362908137894,0.0,3.763692921340435,0.6210286021232605,0.0,0.0,-0.7837875485420227,0.7568102478981018,0.0,0.0,-0.653634250164032,-0.30122846376959367
171.00345616951637,-26.70899515603672,0.0,3.7533118308299964,0.6117008924484253,0.0,0.0,-0.7910888195037842,0.74862140417099,0.0,0.0,-0.6629973649978638,0.11166726019232112
169.947680640375,-26.330291433001058,0.0,3.743403598540685,0.6024825572967529,0.0,0.0,-0.7981317639350891,0.7403796911239624,0.0,0.0,-0.6721885204315186,-0.3007280479974062
168.8977339018437,-25.92822918163989,0.0,3.7337756502267987,0.5933728218078613,0.0,0.0,-0.8049274682998657,0.7320948243141174,0.0,0.0,-0.6812023520469666,0.11215352020817396
167.85410554604258,-25.50352603453897,0.0,3.724235411642646,0.5843701958656311,0.0,0.0,-0.8114868998527527,0.7237756848335266,0.0,0.0,-0.6900349855422974,-0.30024621776588334
166.81733094982349,-25.05691238093586,0.0,3.714590308542533,0.5754721760749817,0.0,0.0,-0.8178210258483887,0.7154309153556824,0.0,0.0,-0.6986832022666931,0.11264064662737158
165.7879888514716,-24.58913667839177,0.0,3.7046525341994894,0.5666758418083191,0.0,0.0,-0.8239405155181885,0.7070682048797607,0.0,0.0,-0.707145094871521,-0.29974430997078017
164.7666365873029,-24.100939784657534,0.0,3.694463851521958,0.5579778552055359,0.0,0.0,-0.8298556804656982,0.6986947059631348,0.0,0.0,-0.7154197096824646,0.11315522656058027
163.7537205340308,-23.59300742051188,0.0,3.684392699881419,0.5493746399879456,0.0,0.0,-0.8355759382247925,0.6903173327445984,0.0,0.0,-0.723506510257721,-0.2992356659485307
162.74957223160925,-23.065956087575632,0.0,3.674832468346023,0.5408627390861511,0.0,0.0,-0.8411107063293457,0.6819416880607605,0.0,0.0,-0.7314063310623169,0.11363806653711539
161.754412286996,-22.52032282729327,0.0,3.666176545983926,0.5324388146400452,0.0,0.0,-0.8464683294296265,0.6735730171203613,0.0,0.0,-0.7391204833984375,-0.2987984981524652
160.76835506935,-21.956555872740093,0.0,3.6588183218632793,0.5240998268127441,0.0,0.0,-0.8516566753387451,0.6652159690856934,0.0,0.0,-0.7466508150100708,0.11400969401795613
159.79141419088543,-21.37500616296312,0.0,3.653151185052236,0.5158434510231018,0.0,0.0,-0.8566827774047852,0.6568739414215088,0.0,0.0,-0.7540002465248108,-0.2985122791216044
158.8235087748967,-20.77591968623664,0.0,3.6495685246189478,0.5076677203178406,0.0,0.0,-0.8615527749061584,0.6485501527786255,0.0,0.0,-0.761171817779541,0.11419063646408179
157.86447052161807,-20.159430617130567,0.0,3.648463729631569,0.4995719790458679,0.0,0.0,-0.8662722110748291,0.6402468681335449,0.0,0.0,-0.768169105052948,-0.2984564813949691
156.9140524692466,-19.52555580733781,0.0,3.650226808980391,0.49155646562576294,0.0,0.0,-0.8708456158638,0.6319653987884521,0.0,0.0,-0.7749965190887451,0.11410159205252512
155.97197746232672,-18.874217475572763,0.0,3.655092631849474,0.4836227297782898,0.0,0.0,-0.8752765655517578,0.6237067580223083,0.0,0.0,-0.7816582918167114,-0.29870223002472074
155.03800041149023,-18.205281967907975,0.0,3.6630796160333112,0.4757736623287201,0.0,0.0,-0.8795678019523621,0.6154705286026001,0.0,0.0,-0.7881597876548767,0.11369820901293734
154.11191707340296,-17.518566507002276,0.0,3.674190108862064,0.46801409125328064,0.0,0.0,-0.883721113204956,0.6072564125061035,0.0,0.0,-0.7945058345794678,-0.2992633660261729
153.19356872310746,-16.813843208295133,0.0,3.6884264576659,0.4603504240512848,0.0,0.0,-0.8877372741699219,0.5990625023841858,0.0,0.0,-0.8007022142410278,0.11297920149759208
152.2828469889021,-16.090843066453402,0.0,3.705791009774973,0.45279133319854736,0.0,0.0,-0.8916164636611938,0.5908869504928589,0.0,0.0,-0.8067543506622314,-0.3001403636074392
151.37969887674396,-15.349259938639184,0.0,3.726286112519449,0.44534748792648315,0.0,0.0,-0.8953577280044556,0.5827272534370422,0.0,0.0,-0.8126677870750427,0.11194409529837612
150.48413201163814,-14.588754551646673,0.0,3.7499141132294893,0.4380319118499756,0.0,0.0,-0.8989595174789429,0.5745840668678284,0.0,0.0,-0.8184454441070557,-0.30133369697663315
149.59609386849857,-13.80895856053866,0.0,3.7766773592352587,0.4308595657348633,0.0,0.0,-0.9024189114570618,0.5664645433425903,0.0,0.0,-0.8240860104560852,0.11059241620717564
148.7148780522286,-13.009478687078378,0.0,3.806578197866918,0.42384588718414307,0.0,0.0,-0.9057343006134033,0.5583769679069519,0.0,0.0,-0.8295872211456299,-0.30284384034186845
147.83955716957823,-12.189900967011573,0.0,3.8396189764546285,0.41700583696365356,0.0,0.0,-0.9089037775993347,0.5503307580947876,0.0,0.0,-0.8349466919898987,0.10892369001587712
146.96922205596232,-11.349795136107318,0.0,3.875802042328555,0.4103541374206543,0.0,0.0,-0.9119262099266052,0.5423345565795898,0.0,0.0,-0.8401626348495483,-0.3046712679112587
146.10297823489952,-10.48871956764362,0.0,3.9151280188110364,0.40390539169311523,0.0,0.0,-0.9148007035255432,0.5343974828720093,0.0,0.0,-0.8452333211898804,0.106937529587469
145.2399610716238,-9.606246313300517,0.0,3.9575072799838646,0.39767390489578247,0.0,0.0,-0.9175268411636353,0.5265289545059204,0.0,0.0,-0.8501572012901306,-0.3068116346371591
144.37935817259023,-8.70199759115905,0.0,4.002717413278677,0.3916739225387573,0.0,0.0,-0.9201041460037231,0.5187382102012634,0.0,0.0,-0.8549330830574036,0.10465418952207445
143.52040368422436,-7.775656421680942,0.0,4.050525374915729,0.3859196603298187,0.0,0.0,-0.9225324392318726,0.5110348463058472,0.0,0.0,-0.8595598936080933,-0.30922617815418196
142.66237036425576,-6.826974779677248,0.0,4.100698121115273,0.3804253339767456,0.0,0.0,-0.9248116612434387,0.50342857837677,0.0,0.0,-0.8640367388725281,0.10212021244128941
141.80456183517967,-5.855781542872137,0.0,4.153002608097569,0.375204861164093,0.0,0.0,-0.926941990852356,0.495929479598999,0.0,0.0,-0.8683626651763916,-0.31186781891086357
140.94630503216595,-4.861990222260176,0.0,4.207205792082863,0.3702714145183563,0.0,0.0,-0.9289236068725586,0.4885476231575012,0.0,0.0,-0.8725371360778809,0.09938267789657754
140.08694286536937,-3.845606451435155,0.0,4.263074629291418,0.3656374514102936,0.0,0.0,-0.9307572841644287,0.48129361867904663,0.0,0.0,-0.8765593767166138,-0.31468947735574004
139.22582712387418,-2.8067352045142915,0.0,4.320376075943481,0.36131414771080017,0.0,0.0,-0.9324439764022827,0.47417834401130676,0.0,0.0,-0.8804287314414978,0.09648866543940263
138.3623116553296,-1.7455877051579813,0.0,4.37887708825931,0.3573114275932312,0.0,0.0,-0.9339852333068848,0.4672127664089203,0.0,0.0,-0.8841449022293091,-0.31764407393734756
137.4957458617038,-0.6624879825366996,0.0,4.438344622459173,0.35363757610321045,0.0,0.0,-0.9353824853897095,0.4604082405567169,0.0,0.0,-0.8877072334289551,0.09348525462122773
136.62546855748832,0.44212097599710987,0.0,4.498545634763297,0.35029909014701843,0.0,0.0,-0.936637818813324,0.45377659797668457,0.0,0.0,-0.8911154866218567,-0.3206845291042225
135.7508022420379,1.5676715313342005,0.0,4.55924708139195,0.34730061888694763,0.0,0.0,-0.9377537369728088,0.4473298490047455,0.0,0.0,-0.8943688869476318,0.09041952499351799
134.8710478425147,2.713466218879054,0.0,4.620215918565382,0.3446446359157562,0.0,0.0,-0.9387331604957581,0.4410804510116577,0.0,0.0,-0.8974674344062805,-0.32376376330490086
133.9854799880879,3.8786731596855484,0.0,4.681219102503853,0.3423313796520233,0.0,0.0,-0.9395791292190552,0.4350407123565674,0.0,0.0,-0.9004106521606445,0.08733855610773658
133.09334287954124,5.062322125052988,0.0,4.742023589427616,0.34035879373550415,0.0,0.0,-0.9402954578399658,0.4292238652706146,0.0,0.0,-0.9031981229782104,-0.32683469698791917
132.1938468212307,6.263301325993076,0.0,4.802396335556923,0.3387220799922943,0.0,0.0,-0.9408863186836243,0.4236432909965515,0.0,0.0,-0.9058290123939514,0.08428942751534732
131.28616548435826,7.48035500096773,0.0,4.8621042971120305,0.3374108374118805,0.0,0.0,-0.9413480758666992,0.4183124899864197,0.0,0.0,-0.9083030819892883,-0.3298502506018135
130.36943397174605,8.712081876413379,0.0,4.920914430313192,0.33641907572746277,0.0,0.0,-0.9416986107826233,0.41324564814567566,0.0,0.0,-0.9106195569038391,0.0813192187678139
129.44274775461986,9.956934574782181,0.0,4.978593691380662,0.33573272824287415,0.0,0.0,-0.9419423937797546,0.4084571301937103,0.0,0.0,-0.9127774238586426,-0.3327633445951201
128.50516255135793,11.213220044032276,0.0,5.034909036534694,0.3353344798088074,0.0,0.0,-0.9420849084854126,0.40396156907081604,0.0,0.0,-0.9147758483886719,0.07847500941660018
127.5556952166054,12.479101080717314,0.0,5.089627421995544,0.3352036774158478,0.0,0.0,-0.9421327114105225,0.3997739255428314,0.0,0.0,-0.9166136980056763,-0.33552689941637515
126.59332570663086,13.75259901593074,0.0,5.142515803983467,0.33531612157821655,0.0,0.0,-0.9420939087867737,0.3959078788757324,0.0,0.0,-0.9182901382446289,0.07580387901316976
125.6170001832046,15.031597629379734,0.0,5.193341138718712,0.33564379811286926,0.0,0.0,-0.9419777989387512,0.39236685633659363,0.0,0.0,-0.9198086857795715,-0.3380938355141148
124.62584824634423,16.314091362173674,0.0,5.24187038242154,0.33615559339523315,0.0,0.0,-0.9417949318885803,0.38913658261299133,0.0,0.0,-0.921180009841919,0.07335290710898651
123.62008278356733,17.59921248658285,0.0,5.287870491312203,0.33682185411453247,0.0,0.0,-0.9415556192398071,0.38619834184646606,0.0,0.0,-0.9224157333374023,-0.34041707333687554
122.60031675264965,18.88645150682353,0.0,5.331108421619149,0.3376154601573944,0.0,0.0,-0.9412691593170166,0.3835340142250061,0.0,0.0,-0.9235267043113708,0.07116917325510036
121.56721536262192,20.175296634176785,0.0,5.371430363162764,0.3385116159915924,0.0,0.0,-0.9409443736076355,0.3811257779598236,0.0,0.0,-0.9245232343673706,-0.3424535350309975
120.52143533628826,21.465307722581866,0.0,5.40899498761669,0.33948761224746704,0.0,0.0,-0.9405892491340637,0.3789563477039337,0.0,0.0,-0.9254145622253418,0.06927196999985163
119.46360822841928,22.756131887446774,0.0,5.444037989583276,0.34052276611328125,0.0,0.0,-0.940211296081543,0.3770091235637665,0.0,0.0,-0.9262096285820007,-0.3442233836151686
118.39433842663546,24.047500470212217,0.0,5.476795063664896,0.3415980339050293,0.0,0.0,-0.9398173689842224,0.375267893075943,0.0,0.0,-0.9269165396690369,0.0676175723189617
117.31420124257166,25.339226153012444,0.0,5.5075019044639175,0.3426959812641144,0.0,0.0,-0.9394139051437378,0.37371689081192017,0.0,0.0,-0.9275429248809814,-0.3457742341605737
116.22374110662734,26.63120024416045,0.0,5.53639420658271,0.34380072355270386,0.0,0.0,-0.9390067458152771,0.372341126203537,0.0,0.0,-0.9280960559844971,0.0661583651412449
115.12346987818628,27.923390152977763,0.0,5.563707664623636,0.3449007570743561,0.0,0.0,-0.9386100769042969,0.3711256980895996,0.0,0.0,-0.9285827279090881,-0.34715370173839827
114.01386528189332,29.215837070462012,0.0,5.589677973189066,0.34597599506378174,0.0,0.0,-0.9382108449935913,0.37005680799484253,0.0,0.0,-0.9290091395378113,0.06484673339551611
112.89536947939749,30.508653870465885,0.0,5.614540826881362,0.34701767563819885,0.0,0.0,-0.9378233551979065,0.3691207468509674,0.0,0.0,-0.9293814897537231,-0.34840940141982735
111.76838778492561,31.802023244450144,0.0,5.638531920302897,0.3480144441127777,0.0,0.0,-0.937451958656311,0.36830446124076843,0.0,0.0,-0.9297052621841431,0.0636350620105901
110.63328753215045,33.0961960814708,0.0,5.661886948056032,0.348955899477005,0.0,0.0,-0.9371007680892944,0.36759525537490845,0.0,0.0,-0.9299858808517456,-0.34958894827604625
109.49039709903782,34.3914901039086,0.0,5.684841604743139,0.3498324155807495,0.0,0.0,-0.9367734789848328,0.3669796586036682,0.0,0.0,-0.9302244782447815,0.062475735915281716
108.34000509675771,35.6882887684934,0.0,5.7076315849665775,0.350635290145874,0.0,0.0,-0.9364736080169678,0.36644789576530457,0.0,0.0,-0.9304309487342834,-0.35073995737824015
107.18235972824787,36.98704044150931,0.0,5.730492583328721,0.35135695338249207,0.0,0.0,-0.9362040758132935,0.36598876118659973,0.0,0.0,-0.9306095242500305,0.061321140038405775
106.01766832172918,38.288257856588096,0.0,5.753660294431932,0.351991206407547,0.0,0.0,-0.9359673261642456,0.3655913770198822,0.0,0.0,-0.9307643175125122,-0.3519100437975943
104.84609704428614,39.592517863326854,0.0,5.777370412878581,0.3525334596633911,0.0,0.0,-0.9357651472091675,0.3652454614639282,0.0,0.0,-0.9308992624282837,0.060123659308777055
103.66777080064458,40.90046147500217,0.0,5.801858633271031,0.35298091173171997,0.0,0.0,-0.9355987310409546,0.36494094133377075,0.0,0.0,-0.9310181736946106,-0.3531468226052938
102.48277332250737,42.2127942238967,0.0,5.827360649806829,0.3533325791358948,0.0,0.0,-0.9354684352874756,0.36466842889785767,0.0,0.0,-0.9311246871948242,0.05883567867565598
101.29115902726727,43.53027404559589,0.0,5.854055323452993,0.35358965396881104,0.0,0.0,-0.935373842716217,0.3644186556339264,0.0,0.0,-0.9312223792076111,-0.3544950384460091
100.0929972151763,44.8536640570526,0.0,5.881907169874918,0.35375547409057617,0.0,0.0,-0.9353137016296387,0.36418265104293823,0.0,0.0,-0.9313147068023682,0.05742901976545772
98.88838312398836,46.183722375453,0.0,5.910830181827112,0.3538356125354767,0.0,0.0,-0.935285747051239,0.3639521598815918,0.0,0.0,-0.9314047694206238,-0.3559557966254129
97.67743867778893,47.52120324970014,0.0,5.940738352064104,0.35383814573287964,0.0,0.0,-0.9352869987487793,0.36371880769729614,0.0,0.0,-0.9314959049224854,0.055918506117124844
96.4603131821538,48.86685810514633,0.0,5.971545673340415,0.35377365350723267,0.0,0.0,-0.9353132843971252,0.36347484588623047,0.0,0.0,-0.9315910339355469,-0.35751172194239833
95.23718396396045,50.22143649879173,0.0,6.0031661384105774,0.3536550998687744,0.0,0.0,-0.93535977602005,0.36321261525154114,0.0,0.0,-0.9316931366920471,0.05432151293176313
94.00825695393644,51.58568698181847,0.0,6.035513740029106,0.35349810123443604,0.0,0.0,-0.935420572757721,0.3629249036312103,0.0,0.0,-0.931804895401001,-0.3591454391958594
92.77376720983169,52.96035786598123,0.0,6.068502470950527,0.3533209562301636,0.0,0.0,-0.935488760471344,0.3626045286655426,0.0,0.0,-0.9319290518760681,0.052655415410479245
91.53397937789819,54.34619789008502,0.0,6.102046323929364,0.3531445264816284,0.0,0.0,-0.9355565309524536,0.36224469542503357,0.0,0.0,-0.9320681691169739,-0.3608395731846895
90.28918809018082,55.74395678251214,0.0,6.136059291720141,0.3529924154281616,0.0,0.0,-0.9356150031089783,0.36183860898017883,0.0,0.0,-0.932224690914154,0.050937588754379426
89.03971829498657,57.15438571549538,0.0,6.170455367077382,0.35289090871810913,0.0,0.0,-0.93565434217453,0.36138013005256653,0.0,0.0,-0.9324008226394653,-0.36257674870778256
87.78592551773386,58.57823764665561,0.0,6.205148542755606,0.3528689444065094,0.0,0.0,-0.9356635808944702,0.36086326837539673,0.0,0.0,-0.9325987100601196,0.04918540816457012
86.52819604929579,60.016267543108434,0.0,6.240052811509343,0.3529582917690277,0.0,0.0,-0.935630738735199,0.3602871894836426,0.0,0.0,-0.9328185319900513,-0.36433959056403187
85.26692549090865,61.46920230504185,0.0,6.27508216609311,0.35319334268569946,0.0,0.0,-0.9355425834655762,0.3596680462360382,0.0,0.0,-0.9330596327781677,0.04741624884215767
84.00183734549827,62.9367872510157,0.0,6.310150599261436,0.35360854864120483,0.0,0.0,-0.9353855848312378,0.3590294420719147,0.0,0.0,-0.9333075881004333,-0.3661107235523312
82.73181761880774,64.41755459724249,0.0,6.345172103768843,0.3542351722717285,0.0,0.0,-0.9351470470428467,0.35839641094207764,0.0,0.0,-0.933552622795105,0.04564748598824819
81.4556807547965,65.9098950609585,0.0,6.380060672369851,0.35510140657424927,0.0,0.0,-0.9348152279853821,0.35779115557670593,0.0,0.0,-0.9337813258171082,-0.36787277247157396
80.17222041288333,67.41212103928625,0.0,6.414715247234781,0.35623252391815186,0.0,0.0,-0.9343789219856262,0.35723912715911865,0.0,0.0,-0.9339901208877563,0.043897254934463836
78.88025379654565,68.9224143809831,0.0,6.448813140161725,0.35765552520751953,0.0,0.0,-0.9338386654853821,0.3567626476287842,0.0,0.0,-0.9341707229614258,-0.3695948882759651
77.57865642796708,70.4387874445844,0.0,6.4818628595637575,0.3593873977661133,0.0,0.0,-0.9331763982772827,0.35638338327407837,0.0,0.0,-0.934315025806427,0.042228077186886426
76.26636550289089,71.95908453272979,0.0,6.51336867481035,0.36144599318504333,0.0,0.0,-0.9323832988739014,0.3561224043369293,0.0,0.0,-0.9344149827957153,-0.371186091066197
74.94238399501879,73.480986433608,0.0,6.542834855270998,0.3638468384742737,0.0,0.0,-0.9314508438110352,0.3559998571872711,0.0,0.0,-0.9344627261161804,0.040739886254530455
73.60578640337224,75.00201714092415,0.0,6.569765670315192,0.36660298705101013,0.0,0.0,-0.9303709864616394,0.3560352325439453,0.0,0.0,-0.9344503879547119,-0.3725462332401462
72.25572617963921,76.51955280371051,0.0,6.593665389312418,0.36972516775131226,0.0,0.0,-0.9291358590126038,0.3562473654747009,0.0,0.0,-0.9343701004981995,0.03953282973951905
70.89144486155293,78.03083294316443,0.0,6.614038281632167,0.37322163581848145,0.0,0.0,-0.9277378916740417,0.3566540777683258,0.0,0.0,-0.9342140555381775,-0.37357516719568906
69.5122829247324,79.53297395604231,0.0,6.630388616643926,0.37709829211235046,0.0,0.0,-0.9261696934700012,0.3572744131088257,0.0,0.0,-0.9339792132377625,0.03870705524397561
68.11769234916588,81.02298490293134,0.0,6.6422206637171834,0.38135868310928345,0.0,0.0,-0.9244242310523987,0.3581240177154541,0.0,0.0,-0.933655858039856,-0.37417274533070205
66.70725087760204,82.49778555502674,0.0,6.649038692221428,0.38600394129753113,0.0,0.0,-0.9224947094917297,0.359218567609787,0.0,0.0,-0.9332370758056641,0.03836271037002387
65.28067792161218,83.95422664485608,0.0,6.650346971526146,0.39103251695632935,0.0,0.0,-0.920374870300293,0.3605727553367615,0.0,0.0,-0.9327163696289062,-0.3742388200430615
63.837852047048216,85.38911223481311,0.0,6.645649771000831,0.39644020795822144,0.0,0.0,-0.9180588126182556,0.3622003197669983,0.0,0.0,-0.9320870041847229,0.038599942719787284
62.37882994410657,86.79922408255253,0.0,6.634451360014965,0.402220219373703,0.0,0.0,-0.9155415892601013,0.36411356925964355,0.0,0.0,-0.9313424825668335,-0.3736732437306441
60.90386675841189,88.18134784435004,0.0,6.6162560079380395,0.40836289525032043,0.0,0.0,-0.9128185510635376,0.36632347106933594,0.0,0.0,-0.9304766654968262,0.03951889989538959
59.41343762854679,89.53230091675795,0.0,6.590567984139542,0.41485607624053955,0.0,0.0,-0.9098861217498779,0.3688392639160156,0.0,0.0,-0.9294832944869995,-0.37237586879132606
57.9082602425542,90.84896167347635,0.0,6.556891557988963,0.42168503999710083,0.0,0.0,-0.9067416787147522,0.3716686964035034,0.0,0.0,-0.9283565878868103,0.04121972949895425
56.38930747793337,92.12830865583162,0.0,6.514776584344508,0.42883267998695374,0.0,0.0,-0.9033833146095276,0.3748173713684082,0.0,0.0,-0.9270907640457153,-0.3702488499203941
54.85775441573894,93.36751081535702,0.0,6.464091056263648,0.4362798035144806,0.0,0.0,-0.8998106122016907,0.3782886862754822,0.0,0.0,-0.9256805181503296,0.04377960465455327
53.314962146866854,94.56397478380772,0.0,6.404838531065793,0.44400522112846375,0.0,0.0,-0.8960238695144653,0.38208410143852234,0.0,0.0,-0.9241211414337158,-0.3672562981427246
51.762490644418904,95.71536255562683,0.0,6.337023068604512,0.45198601484298706,0.0,0.0,-0.8920247554779053,0.3862025737762451,0.0,0.0,-0.9224082231521606,0.047204628011183636
50.20211035856171,96.81960725412034,0.0,6.260648728733422,0.46019816398620605,0.0,0.0,-0.8878159523010254,0.3906407058238983,0.0,0.0,-0.9205380082130432,-0.36339900825024535
48.635812279677566,97.87492689703309,0.0,6.175719571306087,0.4686165153980255,0.0,0.0,-0.8834015130996704,0.3953925371170044,0.0,0.0,-0.91850745677948,0.051493979396402545
47.065775477937265,98.87986145343201,0.0,6.0823965509847335,0.4772152006626129,0.0,0.0,-0.8787863254547119,0.4004499316215515,0.0,0.0,-0.9163143038749695,-0.3586857243956315
45.49410997993597,99.83343097627485,0.0,5.981821729870462,0.48596838116645813,0.0,0.0,-0.8739763498306274,0.4058022201061249,0.0,0.0,-0.9139569997787476,0.056573515816315256
43.92273221819996,100.73516500008799,0.0,5.875515650334141,0.4948505163192749,0.0,0.0,-0.8689780831336975,0.4114370048046112,0.0,0.0,-0.9114345908164978,-0.3533167304796557
42.35333012540038,101.58505931015284,0.0,5.764999659695872,0.5038371682167053,0.0,0.0,-0.8637986183166504,0.41733959317207336,0.0,0.0,-0.9087473154067993,0.062155131505116756
40.78732545110897,102.38352847911831,0.0,5.651795105275754,0.5129052996635437,0.0,0.0,-0.8584450483322144,0.4234941601753235,0.0,0.0,-0.9058958888053894,-0.3475993287412659
39.22583375659705,103.13135517507394,0.0,5.537423334393891,0.5220340490341187,0.0,0.0,-0.8529244661331177,0.4298827350139618,0.0,0.0,-0.9028820395469666,0.06793148356985734
37.66962588781979,103.82963665529047,0.0,5.423405694370383,0.5312048196792603,0.0,0.0,-0.8472433090209961,0.43648236989974976,0.0,0.0,-0.8997102975845337,-0.341840862073412
36.11988824090756,104.47962935195605,0.0,5.311263532525332,0.5404021739959717,0.0,0.0,-0.8414067625999451,0.44326773285865784,0.0,0.0,-0.896386981010437,0.0735952291175872
34.579098460627385,105.08257784628891,0.0,5.20251819617884,0.5496142506599426,0.0,0.0,-0.8354184627532959,0.4502161741256714,0.0,0.0,-0.8929175734519958,-0.3363486733690438
33.04920391457718,105.63988115437205,0.0,5.098691032651009,0.5588325262069702,0.0,0.0,-0.829280436038971,0.45730820298194885,0.0,0.0,-0.889306366443634,0.07883902525535652
31.531342028857573,106.1530655744688,0.0,5.001303389261937,0.5680513381958008,0.0,0.0,-0.8229929804801941,0.4645276367664337,0.0,0.0,-0.8855569362640381,-0.3314301055211109
30.02586242242348,106.62371800390466,0.0,4.911846551387971,0.577267587184906,0.0,0.0,-0.8165549039840698,0.4718606770038605,0.0,0.0,-0.8816715478897095,0.08335704737020325
28.532648441987952,107.05333898670595,0.0,4.83083901500149,0.5864803791046143,0.0,0.0,-0.8099632859230042,0.4792962670326233,0.0,0.0,-0.8776516914367676,-0.3273388158046219
27.051514628167386,107.44322099911163,0.0,4.757638492969128,0.5956904888153076,0.0,0.0,-0.8032139539718628,0.486825555562973,0.0,0.0,-0.8734977841377258,0.08705404343244372
25.582272255412732,107.79445439682907,0.0,4.691534669159156,0.604900062084198,0.0,0.0,-0.7963013052940369,0.49444153904914856,0.0,0.0,-0.8692095875740051,-0.32400023884452234
24.12476765885575,108.10794227025916,0.0,4.631817227439829,0.6141120791435242,0.0,0.0,-0.7892186641693115,0.502138614654541,0.0,0.0,-0.8647859692573547,0.09007007584251081
22.67891462994383,108.38441685532246,0.0,4.577775851679445,0.6233304738998413,0.0,0.0,-0.7819583415985107,0.5099127888679504,0.0,0.0,-0.8602249622344971,-0.3212708764323818
21.244721504637344,108.62445739963376,0.0,4.5287002257462605,0.6325592994689941,0.0,0.0,-0.7745116949081421,0.5177615880966187,0.0,0.0,-0.855523943901062,0.09254864280883329
19.822313462226557,108.82850941682192,0.0,4.483880033508543,0.641802966594696,0.0,0.0,-0.7668694853782654,0.5256833434104919,0.0,0.0,-0.8506793975830078,-0.31900723035976974
18.411950463065146,108.99690528520844,0.0,4.4426049588345595,0.6510654091835022,0.0,0.0,-0.7590214610099792,0.5336772203445435,0.0,0.0,-0.8456873893737793,0.09463324253984251
17.01404117854321,109.12988616159218,0.0,4.404164685592584,0.6603500843048096,0.0,0.0,-0.750957727432251,0.5417428016662598,0.0,0.0,-0.8405435085296631,-0.3170658024182559
15.62915320527084,109.22762518719396,0.0,4.367848897650886,0.6696595549583435,0.0,0.0,-0.7426681518554688,0.5498808026313782,0.0,0.0,-0.8352423906326294,0.09646737324396876
14.258019806908901,109.29025196140861,0.0,4.332947278877731,0.6789947748184204,0.0,0.0,-0.7341428995132446,0.5580917000770569,0.0,0.0,-0.8297786116600037,-0.3153030943994097
12.901543390633035,109.31787825033041,0.0,4.2987495131413915,0.6883556842803955,0.0,0.0,-0.7253732085227966,0.5663763880729675,0.0,0.0,-0.824146032333374,0.09819453312964244
11.560795083360851,109.31062486631885,0.0,4.264547888042336,0.6977397203445435,0.0,0.0,-0.7163511514663696,0.5747357606887817,0.0,0.0,-0.8183384537696838,-0.3135757395964271
10.236933253761563,109.26864601032352,0.0,4.229887669127,0.7071428298950195,0.0,0.0,-0.7070704698562622,0.5831705331802368,0.0,0.0,-0.8123492002487183,0.09994504923647762
8.931057431588949,109.19213727457566,0.0,4.194775161042977,0.7165586948394775,0.0,0.0,-0.6975265741348267,0.5916814208030701,0.0,0.0,-0.8061714172363281,-0.31180238060228455
7.6441932569124145,109.08133359444159,0.0,4.159265643879105,0.7259790897369385,0.0,0.0,-0.6877167224884033,0.6002683639526367,0.0,0.0,-0.799798309803009,0.10173845919424895
6.377293160555942,108.9365065833809,0.0,4.123414397724227,0.7353935241699219,0.0,0.0,-0.6776402592658997,0.6089314222335815,0.0,0.0,-0.7932226061820984,-0.30999171160456346
5.1312372843505845,108.7579617721244,0.0,4.087276702667181,0.7447900772094727,0.0,0.0,-0.6672988533973694,0.6176699995994568,0.0,0.0,-0.7864370942115784,0.10356359530824122
3.9068346279790283,108.54603576118465,0.0,4.050907838796808,0.7541546821594238,0.0,0.0,-0.6566967368125916,0.6264829635620117,0.0,0.0,-0.7794348001480103,-0.308154900297979
2.7048244091532947,108.30109329564887,0.0,4.0143630862019455,0.7634721994400024,0.0,0.0,-0.6458405256271362,0.6353686451911926,0.0,0.0,-0.7722086906433105,0.10540928988373932
1.5258776238953513,108.02352427099655,0.0,3.977697724971435,0.7727260589599609,0.0,0.0,-0.6347395181655884,0.6443244218826294,0.0,0.0,-0.7647519707679749,-0.3063031143772461
0.3705987938001881,107.71374067844303,0.0,3.9409670351941073,0.7818986177444458,0.0,0.0,-0.6234055161476135,0.6533471941947937,0.0,0.0,-0.7570580840110779,0.10726437522602858
-0.7604721126874918,107.37217349802249,0.0,3.904226296958819,0.790971577167511,0.0,0.0,-0.611852765083313,0.6624329686164856,0.0,0.0,-0.7491208910942078,-0.30444752153708005
-1.8668575977231294,106.99926954730387,0.0,3.8675307903544014,0.7999265193939209,0.0,0.0,-0.6000980138778687,0.6715764999389648,0.0,0.0,-0.7409348487854004,0.10911768364039312
-2.9481404026886007,106.59548829327818,0.0,3.8309357954696956,0.8087445497512817,0.0,0.0,-0.5881599187850952,0.6807718873023987,0.0,0.0,-0.7324950695037842,-0.30259928947219594
-4.0039611401174655,106.16129863456084,0.0,3.7944965923935396,0.8174076080322266,0.0,0.0,-0.5760594010353088,0.6900092363357544,0.0,0.0,-0.7238000631332397,0.11095804743211818
-5.03401580062634,105.69719147899406,0.0,3.7582684612147736,0.8258980512619019,0.0,0.0,-0.5638190507888794,0.6992698907852173,0.0,0.0,-0.7148572206497192,-0.30076958587730873
-6.038053146144572,105.20421900141511,0.0,3.722306682022237,0.8342005014419556,0.0,0.0,-0.5514609813690186,0.7085290551185608,0.0,0.0,-0.7056811451911926,0.11277429890648868
-7.0158720002021155,104.68409065986495,0.0,3.68666653490477,0.8423026204109192,0.0,0.0,-0.5390044450759888,0.7177641987800598,0.0,0.0,-0.6962857842445374,-0.2989695784471336
-7.9673184455315464,104.1384844967399,0.0,3.6514032999512116,0.8501956462860107,0.0,0.0,-0.5264662504196167,0.7269548773765564,0.0,0.0,-0.6866849064826965,0.1145552703687896
-8.892282938627542,103.56900151504134,0.0,3.6165722572504038,0.8578733801841736,0.0,0.0,-0.5138605833053589,0.7360828518867493,0.0,0.0,-0.6768913269042969,-0.29721043487638577
-9.790697350293962,102.97716581642423,0.0,3.5822286868830884,0.8653316497802734,0.0,0.0,-0.5011993050575256,0.7451317310333252,0.0,0.0,-0.6669171452522278,0.11628979412471463
-10.662531929282316,102.3644249194764,0.0,3.548427822571795,0.8725680112838745,0.0,0.0,-0.4884920120239258,0.7540870904922485,0.0,0.0,-0.6567743420600891,-0.2955033205172295
-11.507792183497639,101.73215025996944,0.0,3.515224742673185,0.8795821666717529,0.0,0.0,-0.4757464826107025,0.7629361748695374,0.0,0.0,-0.6464737057685852,0.11796671735191713
-12.326515743856882,101.08163782229032,0.0,3.482674493032982,0.8863744735717773,0.0,0.0,-0.4629683494567871,0.7716681957244873,0.0,0.0,-0.6360251307487488,-0.29385936851519906
-13.118769192088095,100.41410890222797,0.0,3.4508321194969107,0.892946720123291,0.0,0.0,-0.4501616954803467,0.7802733182907104,0.0,0.0,-0.6254384517669678,0.11957491803555709
-13.884644849406886,99.73071099550955,0.0,3.4197526679106955,0.8993014097213745,0.0,0.0,-0.43732893466949463,0.7887434363365173,0.0,0.0,-0.6147221922874451,-0.29228969924316794
-14.624257530573253,99.0325188020202,0.0,3.3894911841200606,0.9054412841796875,0.0,0.0,-0.4244711101055145,0.7970715165138245,0.0,0.0,-0.6038846373558044,0.12110327580276084
-15.337741266988182,98.32053533619533,0.0,3.3601027139707305,0.9113697409629822,0.0,0.0,-0.41158828139305115,0.8052517771720886,0.0,0.0,-0.5929327011108398,-0.29080543307400986
-16.02524600159956,97.59569313467057,0.0,3.3316423033084215,0.9170900583267212,0.0,0.0,-0.3986797332763672,0.8132794499397278,0.0,0.0,-0.5818731188774109,0.12254067028065527
-16.686934257496944,96.85885555288309,0.0,3.304164997978872,0.9226056337356567,0.0,0.0,-0.3857441842556,0.821150541305542,0.0,0.0,-0.5707114338874817,-0.2894176903805983
-17.32297778114435,96.11081814296195,0.0,3.2777258438277994,0.9279196858406067,0.0,0.0,-0.3727801740169525,0.8288619518280029,0.0,0.0,-0.5594530701637268,0.123875981096366
-17.933554160246043,95.35231010591994,0.0,3.2523798867009286,0.9330348968505859,0.0,0.0,-0.3597860336303711,0.8364112377166748,0.0,0.0,-0.5481022000312805,-0.28813759153580687
-18.518843415278052,94.58399581184314,0.0,3.2281821724439825,0.9379537105560303,0.0,0.0,-0.34676048159599304,0.8437968492507935,0.0,0.0,-0.5366625189781189,0.12509808787701987
-19.079024562711062,93.80647638250842,0.0,3.205187746902686,0.9426782727241516,0.0,0.0,-0.33370280265808105,0.8510175943374634,0.0,0.0,-0.5251370668411255,-0.28697625691250905
-19.61427214694805,93.0202913315839,0.0,3.183451655922763,0.9472101926803589,0.0,0.0,-0.3206130266189575,0.8580727577209473,0.0,0.0,-0.5135279297828674,0.12619587024974327
-20.124752736941648,92.22592025836262,0.0,3.163028945349938,0.9515505433082581,0.0,0.0,-0.3074922263622284,0.8649619817733765,0.0,0.0,-0.5018371939659119,-0.28594480688357854
-20.610621382407377,91.42378459175511,0.0,3.1439746610299335,0.9556998610496521,0.0,0.0,-0.2943427562713623,0.8716853260993958,0.0,0.0,-0.49006563425064087,0.1271582078416627
-21.07201802344994,90.6142493821052,0.0,3.1263438488084767,0.9596583247184753,0.0,0.0,-0.2811684012413025,0.8782431483268738,0.0,0.0,-0.47821399569511414,-0.2850543618218888
-21.509063846309807,89.7976251392401,0.0,3.1101915545312897,0.9634257555007935,0.0,0.0,-0.26797470450401306,0.8846359252929688,0.0,0.0,-0.4662821590900421,0.1279739802799045
-21.921857576788945,88.97416971605912,0.0,3.0955728240440963,0.9670018553733826,0.0,0.0,-0.25476887822151184,0.890864372253418,0.0,0.0,-0.4542692303657532,-0.28431604210031336
-22.31047170174924,88.14409023787191,0.0,3.0825427031926225,0.9703857898712158,0.0,0.0,-0.24156008660793304,0.8969292044639587,0.0,0.0,-0.4421738386154175,0.12863206719159506
-22.6749486078682,87.30754507865682,0.0,3.071156237822591,0.9735767841339111,0.0,0.0,-0.22835926711559296,0.9028313159942627,0.0,0.0,-0.42999446392059326,-0.2837409680917259
-23.01529662559326,86.46464588641231,0.0,3.0614684737797266,0.9765744209289551,0.0,0.0,-0.2151791751384735,0.9085714817047119,0.0,0.0,-0.41772887110710144,0.12912134820386093
-23.331485964969204,85.61545966078799,0.0,3.0535344569097544,0.9793782234191895,0.0,0.0,-0.20203420519828796,0.9141498804092407,0.0,0.0,-0.4053756296634674,-0.28334026016900005
-23.623444880868046,84.76001091627862,0.0,3.0474092330583953,0.9819884300231934,0.0,0.0,-0.1889401078224182,0.9195640087127686,0.0,0.0,-0.39293965697288513,0.12943070294382858
-23.89122835490366,83.89829812242711,0.0,3.0431478480713774,0.9844054579734802,0.0,0.0,-0.175913006067276,0.9248080253601074,0.0,0.0,-0.3804335594177246,-0.28312503870500927
-24.135291682224466,83.03031886247197,0.0,3.0408053477944224,0.9866312146186829,0.0,0.0,-0.16296659409999847,0.9298768043518066,0.0,0.0,-0.3678703308105469,0.12954901103862432
-24.35610655778608,82.1560409496526,0.0,3.040436778073255,0.9886687397956848,0.0,0.0,-0.1501118689775467,0.9347662925720215,0.0,0.0,-0.35526251792907715,-0.2831064240726271
-24.55408753986998,81.27539919911938,0.0,3.0420971847536005,0.9905213713645935,0.0,0.0,-0.1373569667339325,0.9394732713699341,0.0,0.0,-0.34262171387672424,0.12946515211537454
-24.729591646096758,80.38829923016658,0.0,3.045838594804623,0.9921934008598328,0.0,0.0,-0.12470709532499313,0.9439951777458191,0.0,0.0,-0.3299587368965149,-0.2832953841762141
-24.882908379714408,79.49468241394874,0.0,3.051502267107279,0.9936894178390503,0.0,0.0,-0.11216595768928528,0.9483304619789124,0.0,0.0,-0.31728383898735046,0.12917910805968483
-25.014253634899347,78.59463223188438,0.0,3.0585844840216643,0.9950141906738281,0.0,0.0,-0.09973201155662537,0.9524781107902527,0.0,0.0,-0.30460646748542786,-0.2836530718991628
-25.12378828598059,77.68838997339378,0.0,3.0665496073563046,0.9961727261543274,0.0,0.0,-0.08740473538637161,0.9564377665519714,0.0,0.0,-0.29193568229675293,0.12877682910338983
-25.211638335503984,76.77635987604681,0.0,3.0748619989197237,0.9971697330474854,0.0,0.0,-0.07518110424280167,0.9602094888687134,0.0,0.0,-0.27928000688552856,-0.284072889654891
-25.277914452419136,75.85911290620332,0.0,3.0829860205204467,0.9980098009109497,0.0,0.0,-0.06305751949548721,0.963793933391571,0.0,0.0,-0.2666475176811218,0.1283665249821412
-25.32273090247301,74.93738915823343,0.0,3.0903860339669995,0.9986969828605652,0.0,0.0,-0.05103030055761337,0.9671919941902161,0.0,0.0,-0.25404593348503113,-0.2844466277077472
-25.34622384908275,74.01209884605674,0.0,3.0965264010679063,0.9992352724075317,0.0,0.0,-0.03909629210829735,0.9704049229621887,0.0,0.0,-0.24148249626159668,0.1280564054315903
-25.34856898194452,73.0843218615652,0.0,3.1008714836316926,0.9996283650398254,0.0,0.0,-0.027253180742263794,0.9734345078468323,0.0,0.0,-0.22896483540534973,-0.28466607632207985
-25.32999841244291,72.15530588056735,0.0,3.1028856434668817,0.9998796582221985,0.0,0.0,-0.015499996952712536,0.97628253698349,0.0,0.0,-0.21649955213069916,0.12795468018738887
-25.290814500838778,71.22642053542073,0.0,3.102175109665508,0.9999924898147583,0.0,0.0,-0.0038373563438653946,0.9789513349533081,0.0,0.0,-0.20409303903579712,-0.28463019077655594
-25.231369905030338,70.29874530160478,0.0,3.099708263133332,0.9999699592590332,0.0,0.0,0.00773247005417943,0.9814434051513672,0.0,0.0,-0.1917511224746704,0.12807926839608463
-25.15201202866592,69.3728398515776,0.0,3.0972127709105397,0.9998154044151306,0.0,0.0,0.019206052646040916,0.9837616682052612,0.0,0.0,-0.17947855591773987,-0.28450415581580885
-25.053026593776732,68.44874363740674,0.0,3.096424526546078,0.9995322823524475,0.0,0.0,0.030579060316085815,0.9859093427658081,0.0,0.0,-0.16727882623672485,0.1281190787175221
-24.934583812872223,67.5259825706596,0.0,3.0990794235888903,0.9991239309310913,0.0,0.0,0.04184652119874954,0.9878900647163391,0.0,0.0,-0.15515413880348206,-0.2846382415250418
-24.796686928319055,66.60358035779932,0.0,3.106913355587925,0.9985942840576172,0.0,0.0,0.05300325155258179,0.989707350730896,0.0,0.0,-0.14310485124588013,0.1277234255862577
-24.639122731270625,65.68007460116294,0.0,3.1216622160921217,0.9979469776153564,0.0,0.0,0.06404414772987366,0.9913650751113892,0.0,0.0,-0.1311296820640564,-0.28538313346969824
-24.46141352506917,64.75353792025739,0.0,3.1450618986504275,0.9971861243247986,0.0,0.0,0.07496451586484909,0.9928670525550842,0.0,0.0,-0.1192254051566124,0.12654162343684836
-24.262769881462702,63.8216045497417,0.0,3.1788482968117844,0.9963157176971436,0.0,0.0,0.08576023578643799,0.994217038154602,0.0,0.0,-0.1073879599571228,-0.2870895172152213
-24.04204345399086,62.881406541334954,0.0,3.2247573041251387,0.9953398704528809,0.0,0.0,0.09642825275659561,0.99541836977005,0.0,0.0,-0.09561335295438766,0.12422298670385068
-23.797690175939632,61.92933435993385,0.0,3.284381192474161,0.9942624568939209,0.0,0.0,0.1069672554731369,0.9964742660522461,0.0,0.0,-0.08389733731746674,-0.2901008247075962
-23.528001165986876,60.96227656515748,0.0,3.3559999017429636,0.9930872321128845,0.0,0.0,0.11737750470638275,0.9973874688148499,0.0,0.0,-0.07223530113697052,0.12060588017512328
-23.23145130283134,59.97865460095695,0.0,3.4345760133081034,0.991817831993103,0.0,0.0,0.12765978276729584,0.9981606006622314,0.0,0.0,-0.06062345206737518,-0.294069315190684
-22.9068649467469,58.978423426710805,0.0,3.5149274815785376,0.9904577732086182,0.0,0.0,0.1378145068883896,0.998795747756958,0.0,0.0,-0.049059413373470306,0.11654772521197002
-22.553573997458795,57.963026163683224,0.0,3.5918722609632217,0.9890108108520508,0.0,0.0,0.1478411704301834,0.9992949962615967,0.0,0.0,-0.037542764097452164,-0.29795541515960744
-22.171576647148463,56.93534406385406,0.0,3.6602307685784536,0.9874807596206665,0.0,0.0,0.15773767232894897,0.9996599555015564,0.0,0.0,-0.02607523463666439,0.11309527533241281
-21.761526349013188,55.89923038004862,0.0,3.7163101538037324,0.9858717918395996,0.0,0.0,0.16750021278858185,0.9998925924301147,0.0,0.0,-0.014660888351500034,-0.3007877073427023
-21.324363119056812,54.85836510399764,0.0,3.7604211252314617,0.9841883182525635,0.0,0.0,0.1771237850189209,0.9999945759773254,0.0,0.0,-0.0033055171370506287,0.11086744849262853
-20.86121546769911,53.81607092913865,0.0,3.7935414671678998,0.9824352264404297,0.0,0.0,0.18660274147987366,0.9999681711196899,0.0,0.0,0.007983626797795296,-0.3024604518849467
-20.373363718387477,52.77531956140283,0.0,3.8166489639192998,0.9806174635887146,0.0,0.0,0.19593127071857452,0.9998157024383545,0.0,0.0,0.01919824257493019,0.1097004032021538
-19.86220215281398,51.73873900422087,0.0,3.8307213997919174,0.9787400960922241,0.0,0.0,0.20510368049144745,0.9995399117469788,0.0,0.0,0.03032941371202469,-0.3031711809694223
-19.329200874735438,50.70862166421375,0.0,3.8367365590920097,0.9768084287643433,0.0,0.0,0.21411478519439697,0.9991438984870911,0.0,0.0,0.04136764630675316,0.10939660727790668
-18.775868142173053,49.68693313422224,0.0,3.83567222612583,0.9748274683952332,0.0,0.0,0.22296008467674255,0.9986311197280884,0.0,0.0,0.05230352282524109,-0.30311742677921116
-18.20371378277385,48.67532152117451,0.0,3.828506185199631,0.972802460193634,0.0,0.0,0.23163601756095886,0.9980053305625916,0.0,0.0,0.06312759220600128,0.10975852853680554
-17.614214181057594,47.67512719788495,0.0,3.816216220619675,0.9707381725311279,0.0,0.0,0.24013987183570862,0.9972707033157349,0.0,0.0,0.07383058220148087,-0.30249672149739515
-17.008779210463608,46.687392870380044,0.0,3.799780116692214,0.9686394929885864,0.0,0.0,0.24847006797790527,0.9964315891265869,0.0,0.0,0.08440394699573517,0.11058863479576819
-16.388721378440195,45.71287386581302,0.0,3.7801756577235026,0.9665107727050781,0.0,0.0,0.2566259801387787,0.9954925775527954,0.0,0.0,0.09483958035707474,-0.3015065973070562
-15.755227359851414,44.75204856051634,0.0,3.7583806280197987,0.964356005191803,0.0,0.0,0.2646079659461975,0.9944584965705872,0.0,0.0,0.10513019561767578,0.11168939387171284
-15.109332012979367,43.805128883256344,0.0,3.7353728118873564,0.9621791243553162,0.0,0.0,0.2724171280860901,0.9933342933654785,0.0,0.0,0.11526922881603241,-0.30034458639127626
-14.451894903445416,42.87207084533932,0.0,3.712129993632431,0.9599838256835938,0.0,0.0,0.2800552248954773,0.9921250939369202,0.0,0.0,0.1252509206533432,0.11286327358155754
-13.783579304302815,41.9525850668091,0.0,3.6896299575612774,0.9577732682228088,0.0,0.0,0.28752440214157104,0.9908360242843628,0.0,0.0,0.1350705623626709,-0.29920822093313715
-13.104833595157888,41.04614728661543,0.0,3.6688504879801522,0.9555505514144897,0.0,0.0,0.2948269844055176,0.9894720911979675,0.0,0.0,0.1447242647409439,0.11391274174222038
-12.415874949087742,40.1520088642107,0.0,3.65076936919531,0.9533187747001648,0.0,0.0,0.30196529626846313,0.9880383610725403,0.0,0.0,0.15420909225940704,-0.2982950331157209
-11.716675173080805,39.269207300622426,0.0,3.6363643855130063,0.9510809779167175,0.0,0.0,0.30894166231155396,0.9865396618843079,0.0,0.0,0.16352303326129913,0.11464026617061959
-11.006948555378798,38.39657682852894,0.0,3.626613321239497,0.9488396048545837,0.0,0.0,0.31575819849967957,0.9849807620048523,0.0,0.0,0.172665074467659,-0.2978025551221093
-10.286141571288683,37.53275914327381,0.0,3.622493960681037,0.946597695350647,0.0,0.0,0.3224170207977295,0.9833661317825317,0.0,0.0,0.18163491785526276,0.1148483146836731
-9.553424307725933,36.67621437009067,0.0,3.624984088143882,0.9443576335906982,0.0,0.0,0.32892006635665894,0.9817002415657043,0.0,0.0,0.1904333233833313,-0.2979283191353843
-8.807683486069319,35.825232387044046,0.0,3.635061487934288,0.9421221613883972,0.0,0.0,0.335269570350647,0.9799869656562805,0.0,0.0,0.1990618109703064,0.11433935509829907
-8.047516993312819,34.977944648411174,0.0,3.6537039443585098,0.9398933053016663,0.0,0.0,0.3414677083492279,0.9782302379608154,0.0,0.0,0.20752260088920593,-0.2988698573386278
-7.271229873700964,34.132336679470605,0.0,3.6818892417228026,0.9376734495162964,0.0,0.0,0.34751713275909424,0.9764334559440613,0.0,0.0,0.21581874787807465,0.11291585523141556
-6.4768317881090285,33.28626144100422,0.0,3.720595164333422,0.9354644417762756,0.0,0.0,0.3534206449985504,0.9745997190475464,0.0,0.0,0.22395391762256622,-0.3008247019149217
-5.662036017950892,32.437453790454164,0.0,3.7707994964966374,0.9332677125930786,0.0,0.0,0.35918140411376953,0.9727319478988647,0.0,0.0,0.2319323867559433,0.11038028289994004
-4.8242601762781785,31.58354629669205,0.0,3.8334800225186783,0.9310846924781799,0.0,0.0,0.3648030161857605,0.9708324670791626,0.0,0.0,0.23975902795791626,-0.303990385047348
-3.960628893562867,30.72208669705307,0.0,3.909614526705813,0.9289164543151855,0.0,0.0,0.37028926610946655,0.9689034819602966,0.0,0.0,0.2474391609430313,0.10653510592079177
-3.067978872485668,29.85055731887936,0.0,4.000180793364298,0.9267638921737671,0.0,0.0,0.37564417719841003,0.9669467806816101,0.0,0.0,0.25497835874557495,-0.30856443891898866
-2.1429674371833727,28.966491936441546,0.0,4.105712218368244,0.9246277809143066,0.0,0.0,0.3808717727661133,0.964963972568512,0.0,0.0,0.2623823881149292,0.10120523597109754
-1.1830387778523477,28.06837396043965,0.0,4.222580071873615,0.9225088953971863,0.0,0.0,0.3859756886959076,0.9629565477371216,0.0,0.0,0.2696567177772522,-0.3144668557626943
-0.1870050489749854,27.1560735376238,0.0,4.344881079643419,0.9204082489013672,0.0,0.0,0.3909585773944855,0.9609257578849792,0.0,0.0,0.27680644392967224,0.09502841739686504
0.8450503312544513,26.23063774184413,0.0,4.466688869667065,0.9183272123336792,0.0,0.0,0.3958217203617096,0.9588729739189148,0.0,0.0,0.2838357985019684,-0.3206187643497471
1.9119876971132403,25.293985303999055,0.0,4.582077069933964,0.9162682294845581,0.0,0.0,0.40056493878364563,0.9567998647689819,0.0,0.0,0.2907474935054779,0.08920073051469843
3.0112565595898695,24.349061844800342,0.0,4.685119308433529,0.9142339825630188,0.0,0.0,0.40518614649772644,0.9547085762023926,0.0,0.0,0.29754263162612915,-0.32582291780932104
4.13879053952428,23.399801053216287,0.0,4.769896706415994,0.9122284054756165,0.0,0.0,0.40968167781829834,0.9526015520095825,0.0,0.0,0.3042207360267639,0.08491904374790721
5.289594368699673,22.45053231538141,0.0,4.833153608127096,0.9102557301521301,0.0,0.0,0.41404610872268677,0.9504818916320801,0.0,0.0,0.31078001856803894,-0.3290177108250333
6.459306318973364,21.5046828790634,0.0,4.878218748598752,0.9083211421966553,0.0,0.0,0.4182731509208679,0.9483526945114136,0.0,0.0,0.31721779704093933,0.08264302655236905
7.644475983288657,20.564644836009233,0.0,4.90942067243841,0.9064299464225769,0.0,0.0,0.42235589027404785,0.9462176561355591,0.0,0.0,0.32353076338768005,-0.3305935655644099
8.842606760599129,19.63184152813781,0.0,4.931087924253518,0.9045875668525696,0.0,0.0,0.42628729343414307,0.9440804123878479,0.0,0.0,0.32971543073654175,0.08154872090514134
10.052195611209276,18.706788538893047,0.0,4.947549048651527,0.9027998447418213,0.0,0.0,0.43006059527397156,0.9419446587562561,0.0,0.0,0.3357682228088379,-0.33142493548350127
11.272769352558374,17.789148097268484,0.0,4.96313259023988,0.9010719656944275,0.0,0.0,0.43366923928260803,0.9398142695426941,0.0,0.0,0.34168586134910583,0.08076167335017403
12.504917091036551,16.8777762435545,0.0,4.98216709362603,0.8994092345237732,0.0,0.0,0.4371073544025421,0.9376929402351379,0.0,0.0,0.3474651277065277,-0.33238627403835735
13.750318633800807,15.970762485930292,0.0,5.008981103417433,0.8978164196014404,0.0,0.0,0.4403696656227112,0.9355843663215637,0.0,0.0,0.35310330986976624,0.07940743043141629
15.011637230780549,15.065555736044452,0.0,5.047377576705982,0.8962982892990112,0.0,0.0,0.44345149397850037,0.9334921836853027,0.0,0.0,0.3585978150367737,-0.33432548986101135
16.291461573729695,14.159740882252471,0.0,5.096886552797284,0.8948590755462646,0.0,0.0,0.4463486075401306,0.9314199686050415,0.0,0.0,0.3639461398124695,0.07690697709347177
17.59177053129919,13.251386317187425,0.0,5.154959597030897,0.8935030102729797,0.0,0.0,0.4490569829940796,0.9293714165687561,0.0,0.0,0.3691457509994507,-0.337258471893012
18.913909060026143,12.339015586382912,0.0,5.219034414326085,0.8922341465950012,0.0,0.0,0.4515727758407593,0.9273503422737122,0.0,0.0,0.37419402599334717,0.07367087520987636
20.258569586400366,11.421580436161594,0.0,5.2865487096021155,0.8910564184188843,0.0,0.0,0.4538922607898712,0.9253606200218201,0.0,0.0,0.37908804416656494,-0.3406682847857408
21.625775489474073,10.498437967392942,0.0,5.354940187778259,0.8899736404418945,0.0,0.0,0.45601174235343933,0.9234060645103455,0.0,0.0,0.38382455706596375,0.07021676015047523
23.01486685102763,9.569332237053436,0.0,5.421646553773776,0.8889894485473633,0.0,0.0,0.4579275846481323,0.9214907884597778,0.0,0.0,0.3884001672267914,-0.34403729316935283
24.42448871316948,8.634380756709575,0.0,5.484105512507936,0.8881072402000427,0.0,0.0,0.45963621139526367,0.919619083404541,0.0,0.0,0.3928111493587494,0.06706226728511366
25.852582126859705,7.694066390532949,0.0,5.539754768900006,0.8873302936553955,0.0,0.0,0.46113428473472595,0.9177954196929932,0.0,0.0,0.397053599357605,-0.3468478616740029
27.29645368763192,6.749185941061053,0.0,5.586323400180033,0.8866615295410156,0.0,0.0,0.462418794631958,0.9160240292549133,0.0,0.0,0.4011234939098358,0.06471031621036483
28.75337335244174,5.80046522771031,0.0,5.623852246422821,0.8860977292060852,0.0,0.0,0.4634840190410614,0.9143093228340149,0.0,0.0,0.4050167500972748,-0.3487432579488911
30.22086757043539,4.848386755232954,0.0,5.653483660269978,0.885649561882019,0.0,0.0,0.4643322229385376,0.912655770778656,0.0,0.0,0.4087293744087219,0.06321378015747808
31.69673046210979,3.8932024636022122,0.0,5.676366755489377,0.8853179216384888,0.0,0.0,0.4649614691734314,0.911067545413971,0.0,0.0,0.41225743293762207,-0.3498989698286587
33.17903206840857,2.9349453238393965,0.0,5.693650645848896,0.8851032853126526,0.0,0.0,0.4653703570365906,0.9095489382743835,0.0,0.0,0.41559723019599915,0.062340856401946754
34.66612528999211,1.9734384404844953,0.0,5.706484445116411,0.885005533695221,0.0,0.0,0.4655582010746002,0.908103883266449,0.0,0.0,0.4187451899051666,-0.3505471415088362
36.15665142941722,1.0083015266113797,0.0,5.716017267059796,0.8850241899490356,0.0,0.0,0.46552497148513794,0.9067363739013672,0.0,0.0,0.4216979444026947,0.06185940074824048
37.649544276156696,0.03895466182589846,0.0,5.723398225446928,0.8851581811904907,0.0,0.0,0.4652712345123291,0.9054502844810486,0.0,0.0,0.42445242404937744,-0.350919917184954
39.144032695486146,-0.9353807229336653,0.0,5.72977643404568,0.8854061365127563,0.0,0.0,0.46479833126068115,0.9042490720748901,0.0,0.0,0.4270055890083313,0.06153726900082884
40.63964169711092,-1.915683668094851,0.0,5.736301006623929,0.8857660889625549,0.0,0.0,0.46410810947418213,0.903136134147644,0.0,0.0,0.42935460805892944,-0.35124944105254247
42.1361919678392,-2.903138339749151,0.0,5.744121056949549,0.8862357139587402,0.0,0.0,0.46320298314094543,0.9021145701408386,0.0,0.0,0.4314967691898346,0.06114231696418143
43.63379785465344,-3.8991415413111223,0.0,5.754385698790417,0.8868123292922974,0.0,0.0,0.4620857834815979,0.9011873006820679,0.0,0.0,0.4334299564361572,-0.3517678573071318
45.13286377180776,-4.905313088184482,0.0,5.768244045914405,0.887503445148468,0.0,0.0,0.46076521277427673,0.9003559350967407,0.0,0.0,0.4351543188095093,0.06044240044276794
46.63402576950553,-5.923341281797919,0.0,5.786788288856029,0.8882972598075867,0.0,0.0,0.45924001932144165,0.8996204137802124,0.0,0.0,0.4366731345653534,-0.35270443523347644
48.13782421423841,-6.9544686558289674,0.0,5.8102206391674205,0.8891909122467041,0.0,0.0,0.457512766122818,0.8989801406860352,0.0,0.0,0.4379896819591522,0.059258948406839096
49.64461447937497,-7.9997755332879095,0.0,5.838038101384569,0.8901823163032532,0.0,0.0,0.4555853009223938,0.8984348773956299,0.0,0.0,0.4391070008277893,-0.3541093575676759
51.15458383650923,-9.06028108971361,0.0,5.869718339656438,0.891269326210022,0.0,0.0,0.4534585177898407,0.8979843854904175,0.0,0.0,0.44002750515937805,0.05765893637290631
52.66774817659698,-10.136940771449707,0.0,5.904739018131989,0.8924503922462463,0.0,0.0,0.45113277435302734,0.8976283669471741,0.0,0.0,0.4407532811164856,-0.35587807870280475
54.183949597065755,-11.23064346985584,0.0,5.942577800960191,0.8937236070632935,0.0,0.0,0.44860753417015076,0.8973637223243713,0.0,0.0,0.44128426909446716,0.05574788673511838
55.70285488549096,-12.342208429115004,0.0,5.982712352290004,0.8950875997543335,0.0,0.0,0.44588181376457214,0.8971952199935913,0.0,0.0,0.44162407517433167,-0.3579050762447145
57.22395493881817,-13.472381865496237,0.0,6.024620336270391,0.8965408802032471,0.0,0.0,0.44295406341552734,0.8971218466758728,0.0,0.0,0.4417729675769806,0.05363132188762404
58.74656516385192,-14.62183327655466,0.0,6.067779417050319,0.8980820775032043,0.0,0.0,0.4398222863674164,0.8971428871154785,0.0,0.0,0.44173067808151245,-0.3600848277992563
60.26982690977903,-15.791151419798966,0.0,6.111667258778748,0.8997097015380859,0.0,0.0,0.43648403882980347,0.8972576260566711,0.0,0.0,0.4414966404438019,0.051414764224572085
61.79270998677799,-16.980839941820978,0.0,6.155761525604644,0.9014224410057068,0.0,0.0,0.43293672800064087,0.8974653482437134,0.0,0.0,0.44106996059417725,-0.3623118109722814
63.314016326296354,-18.191312640828613,0.0,6.199539881676969,0.9032186269760132,0.0,0.0,0.4291773736476898,0.8977697491645813,0.0,0.0,0.44045156240463257,0.0492037361401112
64.8323848381921,-19.422888347892698,0.0,6.2424799911446875,0.905096709728241,0.0,0.0,0.4252029061317444,0.8981686234474182,0.0,0.0,0.43963903188705444,-0.36448050336964083
66.34629751766593,-20.675785415102535,0.0,6.284059518156776,0.9070547819137573,0.0,0.0,0.42101019620895386,0.8986620903015137,0.0,0.0,0.438630610704422,0.04710376002838951
67.85408685062437,-21.950115802194095,0.0,6.323756126862173,0.9090907573699951,0.0,0.0,0.41659611463546753,0.8992502093315125,0.0,0.0,0.4374246597290039,-0.3664853825971861
69.35394455975369,-23.24587875709261,0.0,6.361047481409855,0.9112023115158081,0.0,0.0,0.41195762157440186,0.8999330997467041,0.0,0.0,0.43601885437965393,0.04522035828355708
70.84393172511479,-24.56295409023309,0.0,6.395411245948783,0.9133867621421814,0.0,0.0,0.4070916175842285,0.9007108807563782,0.0,0.0,0.4344109296798706,-0.36822092626076836
72.32199548013112,-25.901099792999624,0.0,6.426347748448516,0.9156412482261658,0.0,0.0,0.40199530124664307,0.9015832543373108,0.0,0.0,0.4325982630252838,0.04365790866235841
73.78601894753892,-27.259979925252303,0.0,6.453523260951942,0.9179624915122986,0.0,0.0,0.39666593074798584,0.9025501608848572,0.0,0.0,0.43057820200920105,-0.36959342689225444
75.23384869469875,-28.639174802052885,0.0,6.476677827698228,0.920347273349762,0.0,0.0,0.39110106229782104,0.9036110043525696,0.0,0.0,0.42834797501564026,0.04248848609941469
76.6633054951415,-30.03817613645135,0.0,6.495551828150059,0.922791600227356,0.0,0.0,0.3852982819080353,0.9047655463218689,0.0,0.0,0.4259045422077179,-0.37054665923830654
78.07219570993657,-31.456381959324442,0.0,6.509885641770126,0.9252914786338806,0.0,0.0,0.3792555034160614,0.9060128927230835,0.0,0.0,0.4232451319694519,0.04176455611860325
79.45832333061763,-32.89309140348415,0.0,6.519419648021114,0.9278425574302673,0.0,0.0,0.3729708790779114,0.9073522090911865,0.0,0.0,0.4203668236732483,-0.3710281747055282
80.81950263753222,-34.34749937350275,0.0,6.523894226365715,0.9304401874542236,0.0,0.0,0.36644288897514343,0.9087821841239929,0.0,0.0,0.4172666668891907,0.04153856731332034
82.15357141769543,-35.818691125717564,0.0,6.523049756266618,0.9330790638923645,0.0,0.0,0.35967034101486206,0.9103015065193176,0.0,0.0,0.41394203901290894,-0.37098552470052326
83.45840467595947,-37.30563678599729,0.0,6.516626617186509,0.9357538223266602,0.0,0.0,0.35265272855758667,0.9119082093238831,0.0,0.0,0.41039055585861206,0.04186296827696223
84.73192876263806,-38.80718583608863,0.0,6.504365188588077,0.9384588599205017,0.0,0.0,0.3453901708126068,0.9136003851890564,0.0,0.0,0.4066101312637329,-0.3703662606298954
85.9721358296823,-40.32206160269038,0.0,6.486005849934012,0.9411877393722534,0.0,0.0,0.33788347244262695,0.9153753519058228,0.0,0.0,0.4025987386703491,0.04279020760292518
87.17709851613841,-41.848855786786714,0.0,6.461288980687001,0.9439337253570557,0.0,0.0,0.33013445138931274,0.9172301888465881,0.0,0.0,0.39835524559020996,-0.36911793390024844
88.3449847520472,-43.386023074253,0.0,6.429954960309734,0.946689784526825,0.0,0.0,0.3221462070941925,0.9191613793373108,0.0,0.0,0.3938787877559662,0.044372733884605275
89.47407255817377,-44.931875872223976,0.0,6.391744168264888,0.9494482278823853,0.0,0.0,0.3139232099056244,0.921165406703949,0.0,0.0,0.38916918635368347,-0.36718809591818546
90.56276470714701,-46.48457921925258,0.0,6.346396984015173,0.9522010684013367,0.0,0.0,0.3054715394973755,0.9232378602027893,0.0,0.0,0.3842269778251648,0.04666299571539895
91.60963461556584,-48.04219384305638,0.0,6.293846323209846,0.9549398422241211,0.0,0.0,0.2967989444732666,0.9253740310668945,0.0,0.0,0.3790534436702728,-0.36453402214013864
92.6136496456733,-49.60301540764419,0.0,6.2353800667161385,0.9576559066772461,0.0,0.0,0.28791487216949463,0.9275689721107483,0.0,0.0,0.37365034222602844,0.04961583695245492
93.57423105041983,-51.16574037673968,0.0,6.17286777153213,0.9603403806686401,0.0,0.0,0.27883008122444153,0.9298171997070312,0.0,0.0,0.36802005767822266,-0.3613768355146837
94.49120672355869,-52.72949308333135,0.0,6.108181231966377,0.962984561920166,0.0,0.0,0.26955658197402954,0.9321131706237793,0.0,0.0,0.362165629863739,0.052882833900220194
95.36476072018783,-54.29385257007462,0.0,6.043192242327445,0.9655798077583313,0.0,0.0,0.2601070702075958,0.9344509840011597,0.0,0.0,0.35609015822410583,-0.35809456331069717
96.19538033953583,-55.85887961012348,0.0,5.979772596923899,0.9681179523468018,0.0,0.0,0.2504947781562805,0.9368249177932739,0.0,0.0,0.34979695081710815,0.05608584629433866
96.9838010717787,-57.42514382834423,0.0,5.919794090064303,0.9705913662910461,0.0,0.0,0.24073295295238495,0.9392291903495789,0.0,0.0,0.3432893753051758,-0.35506534579253574
97.73093440062785,-58.99371809978935,0.0,5.865006515187674,0.9729929566383362,0.0,0.0,0.2308344841003418,0.941657543182373,0.0,0.0,0.3365708887577057,0.05885289553053202
98.43761329509618,-60.565747565083655,0.0,5.815479641566293,0.9753164052963257,0.0,0.0,0.2208116501569748,0.9441044926643372,0.0,0.0,0.32964497804641724,-0.3525639885389306
99.10444765225196,-62.142115383913676,0.0,5.77006053564103,0.9775558710098267,0.0,0.0,0.21067602932453156,0.9465636610984802,0.0,0.0,0.3225155174732208,0.06114678976918164
99.73185151425832,-63.72341898958666,0.0,5.727568631845604,0.9797061681747437,0.0,0.0,0.20043864846229553,0.9490291476249695,0.0,0.0,0.3151865005493164,-0.35041793279168687
100.32007550540598,-65.30995347683884,0.0,5.686823364613729,0.981762707233429,0.0,0.0,0.19010964035987854,0.9514949917793274,0.0,0.0,0.30766239762306213,0.06320463154856926
100.86924072115994,-66.90169482446862,0.0,5.646644168379128,0.9837215542793274,0.0,0.0,0.17969852685928345,0.953954815864563,0.0,0.0,0.29994842410087585,-0.348388680456606
101.37937402800611,-68.49828294568617,0.0,5.605850477575515,0.985579252243042,0.0,0.0,0.1692138910293579,0.9564024806022644,0.0,0.0,0.29205021262168884,0.0652649189628931
101.85044469049488,-70.09900458138463,0.0,5.563261726636608,0.9873325824737549,0.0,0.0,0.15866345167160034,0.958831250667572,0.0,0.0,0.2839750051498413,-0.34623773343948944
102.28240219009798,-71.70277582178895,0.0,5.5176973499961255,0.988979160785675,0.0,0.0,0.14805400371551514,0.9612340927124023,0.0,0.0,0.27573224902153015,0.06756615010635181
102.6752206501171,-73.30780085218399,0.0,5.468058576383931,0.990516722202301,0.0,0.0,0.1373913586139679,0.9636035561561584,0.0,0.0,0.2673337161540985,-0.3437307246711968
103.02900366708822,-74.91122595642935,0.0,5.414341349854073,0.9919435381889343,0.0,0.0,0.12667983770370483,0.9659328460693359,0.0,0.0,0.2587912976741791,0.07027914134523355
103.3440290257919,-76.51027643220776,0.0,5.357322794835458,0.9932580590248108,0.0,0.0,0.11592250317335129,0.9682157039642334,0.0,0.0,0.25011518597602844,-0.34085099967025667
103.62072468518882,-78.10247698421577,0.0,5.297796876134642,0.9944592118263245,0.0,0.0,0.10512148588895798,0.9704465270042419,0.0,0.0,0.2413148730993271,0.07328550087557778
103.85964263934694,-79.68566497281657,0.0,5.236557558558192,0.9955458045005798,0.0,0.0,0.09427762031555176,0.9726202487945557,0.0,0.0,0.23239891231060028,-0.3377581048431632
104.06143220113067,-81.25800013478965,0.0,5.174398806912661,0.9965167045593262,0.0,0.0,0.08339109271764755,0.9747323393821716,0.0,0.0,0.22337470948696136,0.07642483176676618
104.22681286436327,-82.8179709858462,0.0,5.112114586004614,0.9973710775375366,0.0,0.0,0.07246113568544388,0.9767787456512451,0.0,0.0,0.21424920856952667,-0.3346124371205345
104.35654687608502,-84.36439813046465,0.0,5.050498860640609,0.9981077909469604,0.0,0.0,0.06148659810423851,0.9787557721138,0.0,0.0,0.20502831041812897,0.07953673708818054
104.45141162238417,-85.89643471100607,0.0,4.990345595627205,0.9987257122993469,0.0,0.0,0.05046535283327103,0.9806602597236633,0.0,0.0,0.19571669399738312,-0.33157439343298883
104.5121718992783,-87.41356422534841,0.0,4.932448755770963,0.9992235898971558,0.0,0.0,0.03939494863152504,0.9824889898300171,0.0,0.0,0.18631885945796967,0.08246081990920281
104.53955210451211,-88.9155959311019,0.0,4.877602305878444,0.9996001720428467,0.0,0.0,0.028272351250052452,0.9842397570610046,0.0,0.0,0.17683757841587067,-0.32880437071114443
104.5342083543351,-90.40265753869775,0.0,4.826598599083297,0.9998537302017212,0.0,0.0,0.017094116657972336,0.9859098792076111,0.0,0.0,0.1672752946615219,0.08503676469683649
104.49670398374842,-91.87509135453129,0.0,4.779921482845262,0.9999827146530151,0.0,0.0,0.005856378003954887,0.9874973893165588,0.0,0.0,0.15763351321220398,-0.32644694059811236
104.42750392445096,-93.33323713969342,0.0,4.737382104711287,0.9999850392341614,0.0,0.0,-0.005444730166345835,0.989000141620636,0.0,0.0,0.1479128748178482,0.08718521813794636
104.3269818397071,-94.77739556829549,0.0,4.698702963699343,0.9998584985733032,0.0,0.0,-0.016812633723020554,0.9904161691665649,0.0,0.0,0.13811330497264862,-0.32449344862781215
104.1954281102685,-96.2078202152844,0.0,4.663606558827405,0.9996007680892944,0.0,0.0,-0.028250396251678467,0.9917435646057129,0.0,0.0,0.1282345950603485,0.08895776383854928
104.03305788864924,-97.62471069217678,0.0,4.631815389113442,0.9992091655731201,0.0,0.0,-0.039760176092386246,0.9929805397987366,0.0,0.0,0.11827537417411804,-0.3228878339957938
103.84001923562009,-99.02820684887881,0.0,4.603051953575427,0.9986810684204102,0.0,0.0,-0.05134313181042671,0.9941251277923584,0.0,0.0,0.10823430120944977,0.09041046260309546
103.61640135423245,-100.41838397198138,0.0,4.577038751231326,0.9980135560035706,0.0,0.0,-0.06299924105405807,0.995175302028656,0.0,0.0,0.0981094166636467,-0.32157403589760686
103.36224293751607,-101.79524892078726,0.0,4.553498281099124,0.997204065322876,0.0,0.0,-0.07472722232341766,0.9961291551589966,0.0,0.0,0.08789852261543274,0.09159937523603495
103.07754064626907,-103.15873715180828,0.0,4.532153042196786,0.9962497353553772,0.0,0.0,-0.08652427047491074,0.9969844222068787,0.0,0.0,0.0775991678237915,-0.32049599352880187
102.76225773309248,-104.50871059072107,0.0,4.512725533542284,0.995148241519928,0.0,0.0,-0.0983862355351448,0.9977388381958008,0.0,0.0,0.06720863282680511,0.09258056254181785
102.41633282804641,-105.8449563178282,0.0,4.49493825415359,0.993897557258606,0.0,0.0,-0.11030735075473785,0.9983897805213928,0.0,0.0,0.05672450363636017,-0.31959764608492847
102.03968890004836,-107.16718603894913,0.0,4.478513703048678,0.9924956560134888,0.0,0.0,-0.12228024750947952,0.9989347457885742,0.0,0.0,0.04614417999982834,0.0934100853248942
101.63224240640193,-108.47503631849449,0.0,4.463174379245518,0.9909412264823914,0.0,0.0,-0.13429605960845947,0.9993708729743958,0.0,0.0,0.03546503931283951,-0.3188229327615365
101.19391264066975,-109.76806955519359,0.0,4.448642781762081,0.989233672618866,0.0,0.0,-0.14634445309638977,0.9996951818466187,0.0,0.0,0.02468452975153923,0.09414400438971421
100.72463128648322,-111.04577568366858,0.0,4.434641409616343,0.987372875213623,0.0,0.0,-0.15841346979141235,0.9999046325683594,0.0,0.0,0.013800790533423424,-0.31811579275417595
100.22435218183543,-112.30757458674967,0.0,4.420892761826272,0.9853594303131104,0.0,0.0,-0.17048971354961395,0.9999960064888,0.0,0.0,0.0028121555224061012,0.09483838054072788
99.69306129494231,-113.55281920413196,0.0,4.407119337409842,0.983194887638092,0.0,0.0,-0.18255861103534698,0.9999657273292542,0.0,0.0,-0.008283022791147232,-0.31742016525839667
99.13078690888113,-114.78079932273054,0.0,4.393043635385025,0.9808817505836487,0.0,0.0,-0.1946040838956833,0.9998100996017456,0.0,0.0,-0.01948539726436138,0.09554927458238532
98.53761000793038,-115.99074603289885,0.0,4.378388154769794,0.9784234166145325,0.0,0.0,-0.20660892128944397,0.999525785446167,0.0,0.0,-0.03079225867986679,-0.3166799894697486
97.91368519247327,-117.18184002762916,0.0,4.36287539458212,0.9758244156837463,0.0,0.0,-0.21855491399765015,0.9991095066070557,0.0,0.0,-0.042190805077552795,0.09633274731913652
97.25967310841652,-118.35337138814415,0.0,4.346303104125766,0.9730899930000305,0.0,0.0,-0.23042434453964233,0.9985591173171997,0.0,0.0,-0.053661078214645386,-0.31584300510326613
96.57681833091748,-119.50491290186784,0.0,4.328936432985082,0.9702255725860596,0.0,0.0,-0.24220211803913116,0.9978732466697693,0.0,0.0,-0.06518367677927017,0.09720985192220138
95.86633696647577,-120.63618615417585,0.0,4.31121972125563,0.9672365188598633,0.0,0.0,-0.2538759112358093,0.9970510005950928,0.0,0.0,-0.07674038410186768,-0.31494822168258674
95.12935646432335,-121.74704035198577,0.0,4.293597675496385,0.9641283750534058,0.0,0.0,-0.2654355466365814,0.9960924386978149,0.0,0.0,-0.08831481635570526,0.09809985423327436
94.36690054592793,-122.83744406445628,0.0,4.276515002266317,0.9609062671661377,0.0,0.0,-0.2768728733062744,0.9949981570243835,0.0,0.0,-0.09989107400178909,-0.31408546040834084
93.5798754967899,-123.90747650065639,0.0,4.2604164081244065,0.9575754404067993,0.0,0.0,-0.28818172216415405,0.9937692880630493,0.0,0.0,-0.11145542562007904,0.09891291454347181
92.76905777529821,-124.95731833219614,0.0,4.2457465996296255,0.9541407823562622,0.0,0.0,-0.29935726523399353,0.9924070835113525,0.0,0.0,-0.12299550324678421,-0.3133445609894125
91.93508288682048,-125.98724206079164,0.0,4.232950283340949,0.9506069421768188,0.0,0.0,-0.3103961944580078,0.990913450717926,0.0,0.0,-0.13449989259243011,0.09955919314391004
91.07843546712034,-126.99760192151616,0.0,4.222472165817349,0.9469783306121826,0.0,0.0,-0.32129642367362976,0.9892905354499817,0.0,0.0,-0.14595887064933777,-0.3128153631346852
90.19944051757282,-127.9888233020912,0.0,4.2147569536178,0.9432589411735535,0.0,0.0,-0.33205729722976685,0.987540602684021,0.0,0.0,-0.1573636829853058,0.09994885032570541
89.29825573545264,-128.96139164703462,0.0,4.210249353301277,0.9394522309303284,0.0,0.0,-0.34267911314964294,0.985666036605835,0.0,0.0,-0.16870756447315216,-0.31258770655304263
88.37486488584433,-129.91584080274882,0.0,4.209394071426753,0.9355613589286804,0.0,0.0,-0.3531636893749237,0.9836692214012146,0.0,0.0,-0.1799848973751068,0.0999920463799743
87.42907216743713,-130.85274074576063,0.0,4.212635814553203,0.9315885901451111,0.0,0.0,-0.3635137677192688,0.98155277967453,0.0,0.0,-0.19119060039520264,-0.31275143095336844
86.46049753275267,-131.77268462120279,0.0,4.220419289239601,0.9275357127189636,0.0,0.0,-0.3737340271472931,0.9793189764022827,0.0,0.0,-0.20232190191745758,0.09959894159783306
85.4685729342324,-132.67627500229202,0.0,4.233189202044919,0.9234035611152649,0.0,0.0,-0.38383010029792786,0.9769699573516846,0.0,0.0,-0.21337643265724182,-0.3133963760445462
84.45254087057349,-133.56410807484838,0.0,4.251384501214077,0.9191920161247253,0.0,0.0,-0.3938091993331909,0.9745078086853027,0.0,0.0,-0.22435301542282104,0.09867998709434025
83.41159680612955,-134.43663974063625,0.0,4.274857173462303,0.9149000644683838,0.0,0.0,-0.40367984771728516,0.9719342589378357,0.0,0.0,-0.23525211215019226,-0.3145818645419313
82.34517219185193,-135.29396976081128,0.0,4.30237398192758,0.9105258584022522,0.0,0.0,-0.41345149278640747,0.9692509174346924,0.0,0.0,-0.2460741251707077,0.09729024929306362
81.25299816151693,-136.1358440116108,0.0,4.332584319431492,0.9060665965080261,0.0,0.0,-0.42313453555107117,0.9664591550827026,0.0,0.0,-0.25682002305984497,-0.31610763916334095
80.13513906425831,-136.96168415502186,0.0,4.3641375787956225,0.901518702507019,0.0,0.0,-0.4327397048473358,0.9635602235794067,0.0,0.0,-0.26749148964881897,0.09569665033527922
78.99202304074717,-137.77061961639794,0.0,4.395683152841555,0.8968777656555176,0.0,0.0,-0.4422779977321625,0.9605549573898315,0.0,0.0,-0.278090238571167,-0.3177008499737416
77.82446953203275,-138.5615220242549,0.0,4.425870434390877,0.8921390771865845,0.0,0.0,-0.45176056027412415,0.9574441909790039,0.0,0.0,-0.28861841559410095,0.09417204015602057
76.633713537373,-139.3330421991101,0.0,4.4533488162651755,0.8872970342636108,0.0,0.0,-0.46119803190231323,0.9542287588119507,0.0,0.0,-0.29907771944999695,-0.31908864703810014
75.42142638890712,-140.08364969833374,0.0,4.4767676912860255,0.8823461532592773,0.0,0.0,-0.4706006944179535,0.9509091377258301,0.0,0.0,-0.30946996808052063,0.09298926869032109
74.18973278763391,-140.81167483214418,0.0,4.494776452275014,0.877280592918396,0.0,0.0,-0.47997769713401794,0.9474862217903137,0.0,0.0,-0.31979629397392273,-0.3199981804213824
72.9412237650808,-141.5153530071271,0.0,4.506024787809703,0.8720949292182922,0.0,0.0,-0.48933666944503784,0.943960428237915,0.0,0.0,-0.330058217048645,0.09242117093604388
71.67873337569925,-142.19299251919344,0.0,4.509987607600371,0.866783857345581,0.0,0.0,-0.49868398904800415,0.9403325319290161,0.0,0.0,-0.3402564525604248,-0.32019832283505245
70.40458659084072,-142.84336852837734,0.0,4.50876783291536,0.86134272813797,0.0,0.0,-0.5080243945121765,0.9366026520729065,0.0,0.0,-0.3503926396369934,0.09248277571811506
69.1204107857138,-143.46573590432052,0.0,4.5049903723806475,0.8557670712471008,0.0,0.0,-0.5173614025115967,0.9327713251113892,0.0,0.0,-0.3604681193828583,-0.32000754199996595
67.82709707090727,-144.05975214518327,0.0,4.5012801346222,0.8500527739524841,0.0,0.0,-0.5266973972320557,0.9288381338119507,0.0,0.0,-0.3704855144023895,0.09267016146349122
66.52476940230751,-144.6253967246509,0.0,4.500262028265986,0.8441963195800781,0.0,0.0,-0.5360340476036072,0.9248021841049194,0.0,0.0,-0.38044795393943787,-0.3199561224870259
65.21276144225205,-145.1628868700038,0.0,4.504560961937977,0.8381940722465515,0.0,0.0,-0.5453718900680542,0.9206622838973999,0.0,0.0,-0.3903598189353943,0.09245304360126946
63.88960106761467,-145.67258942199882,0.0,4.516801844264142,0.8320428729057312,0.0,0.0,-0.554711103439331,0.9164160490036011,0.0,0.0,-0.4002267122268677,-0.3205743488671352
62.553148850639516,-146.1548769712956,0.0,4.539113454916545,0.8257395625114441,0.0,0.0,-0.5640514492988586,0.9120603799819946,0.0,0.0,-0.4100555181503296,0.09132619457842084
61.20143989220291,-146.60977387892984,0.0,4.570792432190038,0.8192812204360962,0.0,0.0,-0.5733916163444519,0.9075915813446045,0.0,0.0,-0.4198538064956665,-0.32217429721428137
59.83300545529487,-147.0368774405935,0.0,4.610132028487309,0.8126660585403442,0.0,0.0,-0.5827295780181885,0.9030044674873352,0.0,0.0,-0.4296308755874634,0.08933934628057894
58.446899171474364,-147.4354041095408,0.0,4.655424321284155,0.805892825126648,0.0,0.0,-0.5920612812042236,0.8982932567596436,0.0,0.0,-0.43939608335494995,-0.3244617867494756
57.04271850252324,-147.80423879454824,0.0,4.704961388056374,0.7989622950553894,0.0,0.0,-0.6013810634613037,0.8934515714645386,0.0,0.0,-0.449159175157547,0.08683747422137594
55.620621669426896,-148.14198773285526,0.0,4.757035306279768,0.7918769121170044,0.0,0.0,-0.6106807589530945,0.8884721994400024,0.0,0.0,-0.45893001556396484,-0.327091782619344
54.181339784804806,-148.44703547297823,0.0,4.809938153430132,0.7846416234970093,0.0,0.0,-0.6199496984481812,0.8833478093147278,0.0,0.0,-0.4687178432941437,0.08416561325418584
52.72618368508212,-148.71760649304184,0.0,4.861962219606513,0.7772640585899353,0.0,0.0,-0.629174530506134,0.8780731558799744,0.0,0.0,-0.47852617502212524,-0.3297192607090602
51.25672075647883,-148.95210281056515,0.0,4.911790368447396,0.7697547078132629,0.0,0.0,-0.6383395791053772,0.8726475238800049,0.0,0.0,-0.4883503317832947,0.08164904008040386
49.77394294121821,-149.14977727064388,0.0,4.9593046073217915,0.7621253728866577,0.0,0.0,-0.6474291682243347,0.8670718669891357,0.0,0.0,-0.49818262457847595,-0.3321189697431206
48.278690835215706,-149.31014085162417,0.0,5.004616311909798,0.7543883919715881,0.0,0.0,-0.6564281582832336,0.8613477945327759,0.0,0.0,-0.5080152750015259,0.07936057015171671
46.77177872404393,-149.43280426552047,0.0,5.047836857891513,0.7465565204620361,0.0,0.0,-0.6653218865394592,0.855477511882782,0.0,0.0,-0.5178396701812744,-0.334301825600783
45.253994192288246,-149.51747293236136,0.0,5.089077620947038,0.7386431097984314,0.0,0.0,-0.6740965843200684,0.8494641184806824,0.0,0.0,-0.5276460647583008,0.07727770333073053
43.72609775985819,-149.56394187485182,0.0,5.128449976756468,0.7306618690490723,0.0,0.0,-0.6827392578125,0.8433113694190979,0.0,0.0,-0.5374249815940857,-0.33629032841944106
42.18882254929342,-149.57209056503285,0.0,5.166065300999903,0.7226267457008362,0.0,0.0,-0.6912381052970886,0.8370235562324524,0.0,0.0,-0.5471665263175964,0.07537793948005206
40.642873987846656,-149.5418777527095,0.0,5.202034969357438,0.7145519256591797,0.0,0.0,-0.6995821595191956,0.8306060433387756,0.0,0.0,-0.5568602681159973,-0.33810697833648834
39.088929547882245,-149.47333630354862,0.0,5.236470357509176,0.7064511775970459,0.0,0.0,-0.7077615261077881,0.8240644931793213,0.0,0.0,-0.5664957165718079,0.07363877846228756
37.52763852889413,-149.36656807293042,0.0,5.269482841135212,0.6983384490013123,0.0,0.0,-0.7157674431800842,0.817405641078949,0.0,0.0,-0.5760622024536133,-0.3397742754893185
35.959621884221065,-149.22173883988125,0.0,5.3011837959156445,0.6902274489402771,0.0,0.0,-0.7235924005508423,0.810636043548584,0.0,0.0,-0.5855499505996704,0.0720377201400435
34.38547209533181,-149.03907332371972,0.0,5.331684597530572,0.682131290435791,0.0,0.0,-0.7312297224998474,0.8037633895874023,0.0,0.0,-0.5949486494064331,-0.3413147200153249
32.80575309636729,-148.8188503044321,0.0,5.361096621660092,0.6740629076957703,0.0,0.0,-0.7386739253997803,0.7967955470085144,0.0,0.0,-0.6042484641075134,0.07055226437592632
31.22100025144482,-148.56139786625275,0.0,5.3895312439843055,0.6660346984863281,0.0,0.0,-0.745920717716217,0.7897407412528992,0.0,0.0,-0.6134402751922607,-0.34275081205190133
29.631720387078243,-148.2670887824683,0.0,5.417099840183305,0.6580585837364197,0.0,0.0,-0.752966582775116,0.7826075553894043,0.0,0.0,-0.6225148439407349,0.06915991103254249
28.038391881942758,-147.93633605810382,0.0,5.443913785937194,0.6501458883285522,0.0,0.0,-0.7598092555999756,0.775404691696167,0.0,0.0,-0.6314641237258911,-0.3441050517364412
26.441464816083293,-147.5695886458736,0.0,5.470084456926069,0.6423072814941406,0.0,0.0,-0.766447126865387,0.7681412100791931,0.0,0.0,-0.6402800679206848,0.06783815997249826
24.84136118158983,-147.16732734961403,0.0,5.495723228830035,0.6345527172088623,0.0,0.0,-0.7728794813156128,0.7608259916305542,0.0,0.0,-0.6489555835723877,-0.34539993920633844
23.238475156691734,-146.73006092834373,0.0,5.520941477329176,0.6268916726112366,0.0,0.0,-0.7791063785552979,0.7534682750701904,0.0,0.0,-0.6574838757514954,0.06656451105840028
21.633173516530732,-146.2583224348501,0.0,5.545850331184459,0.6193326711654663,0.0,0.0,-0.7851285934448242,0.7460774183273315,0.0,0.0,-0.6658589243888855,-0.3466579621283224
20.025802827643094,-145.75266796893982,0.0,5.570537352643112,0.6118836998939514,0.0,0.0,-0.7909475564956665,0.7386623024940491,0.0,0.0,-0.6740753650665283,0.06531769179281172
18.4167020711898,-145.21367833728817,0.0,5.595047387766272,0.604552149772644,0.0,0.0,-0.7965654134750366,0.7312319278717041,0.0,0.0,-0.6821287274360657,-0.34789584269009816
16.806204128796153,-144.64195827993626,0.0,5.619420775702706,0.5973448157310486,0.0,0.0,-0.801984429359436,0.7237950563430786,0.0,0.0,-0.6900147795677185,0.06408671260410292
15.1946359831481,-144.03813543918244,0.0,5.64369785560118,0.5902674794197083,0.0,0.0,-0.8072075247764587,0.7163605690002441,0.0,0.0,-0.6977299451828003,-0.3491219578364857
13.582318944408094,-143.40285941785044,0.0,5.667918966610463,0.5833256244659424,0.0,0.0,-0.8122381567955017,0.708936870098114,0.0,0.0,-0.7052715420722961,0.06286342416929064
11.96956890317118,-142.7368009303446,0.0,5.692124447879322,0.5765241384506226,0.0,0.0,-0.817080020904541,0.7015324831008911,0.0,0.0,-0.712637186050415,-0.35034445689046845
10.356696610667756,-142.04065104983854,0.0,5.7163546385565205,0.5698666572570801,0.0,0.0,-0.8217369914054871,0.6941551566123962,0.0,0.0,-0.7198252081871033,0.061639677165391704
8.744007986955,-141.31512055491862,0.0,5.740649877790827,0.5633566379547119,0.0,0.0,-0.8262135982513428,0.6868126392364502,0.0,0.0,-0.7268343567848206,-0.3515714891750294
7.131804457835811,-140.5609393789731,0.0,5.765050504731009,0.5569966435432434,0.0,0.0,-0.8305145502090454,0.6795125007629395,0.0,0.0,-0.73366379737854,0.06040732226942286
5.52038332129097,-139.77885616562685,0.0,5.789596858525833,0.550788402557373,0.0,0.0,-0.8346447348594666,0.6722619533538818,0.0,0.0,-0.7403131723403931,-0.3528112040131518
3.910038144207468,-138.9696379335243,0.0,5.814329278324067,0.5447332262992859,0.0,0.0,-0.8386093378067017,0.6650679707527161,0.0,0.0,-0.746782660484314,0.05915821015840095
2.3010591902413315,-138.13406985380328,0.0,5.839288103274473,0.5388314723968506,0.0,0.0,-0.8424134850502014,0.6579371094703674,0.0,0.0,-0.7530727982521057,-0.35407175072781877
0.6937338796693711,-137.2729551436491,0.0,5.864513672525825,0.5330830216407776,0.0,0.0,-0.8460627794265747,0.6508755087852478,0.0,0.0,-0.7591843605041504,0.05788419150934282
-0.9116527178691731,-136.38711507938473,0.0,5.890046325226886,0.5274872779846191,0.0,0.0,-0.8495628237724304,0.6438890695571899,0.0,0.0,-0.7651186585426331,-0.3553612786420138
-2.514817356804812,-135.47738913263987,0.0,5.915926400526421,0.5220428109169006,0.0,0.0,-0.8529191613197327,0.6369836926460266,0.0,0.0,-0.7708770632743835,0.056577116999265264
-4.1154780542536,-134.54463523325003,0.0,5.942194237573204,0.5167478322982788,0.0,0.0,-0.8561375141143799,0.6301643252372742,0.0,0.0,-0.7764614224433899,-0.35668793707872004
-5.713353492785337,-133.5897301626546,0.0,5.968890175515994,0.5115998983383179,0.0,0.0,-0.8592236042022705,0.6234363317489624,0.0,0.0,-0.7818737626075745,0.05522883730518502
-7.308162386250784,-132.61357008171453,0.0,5.996054553503557,0.5065962672233582,0.0,0.0,-0.8621832132339478,0.6168044209480286,0.0,0.0,-0.7871161103248596,-0.35805987536092015
-8.899622807518703,-131.61707119703,0.0,6.023727710684663,0.5017337203025818,0.0,0.0,-0.8650220632553101,0.6102731227874756,0.0,0.0,-0.7921907305717468,0.053831203104118985
-10.487451476910593,-130.6011705700247,0.0,6.051949986208081,0.49700844287872314,0.0,0.0,-0.8677456974983215,0.6038466095924377,0.0,0.0,-0.7971001267433167,-0.3594852428115978
-12.071363010049398,-129.56682707327124,0.0,6.080761719222573,0.49241629242897034,0.0,0.0,-0.8703597784042358,0.5975287556648254,0.0,0.0,-0.8018470406532288,0.05237606507308401
-13.651067897527033,-128.515023322884,0.0,6.110198487626162,0.48795291781425476,0.0,0.0,-0.8728699088096619,0.5913233160972595,0.0,0.0,-0.8064342737197876,-0.3609719482865265
-15.226258850157196,-127.44677578753114,0.0,6.140245518120786,0.4836135506629944,0.0,0.0,-0.875281572341919,0.5852321982383728,0.0,0.0,-0.8108655214309692,0.050858538280426246
-16.7966662977936,-126.3630359326397,0.0,6.170857778720509,0.47939324378967285,0.0,0.0,-0.8776001334190369,0.579254150390625,0.0,0.0,-0.8151467442512512,-0.3625180220541893
-18.362431680161812,-125.26406860369408,0.0,6.201989824322485,0.4752874970436096,0.0,0.0,-0.8798303604125977,0.5733870267868042,0.0,0.0,-0.8192844390869141,0.04928621274497291
-19.923868435517516,-124.14985332332382,0.0,6.233596209823865,0.4712927043437958,0.0,0.0,-0.8819767236709595,0.5676289200782776,0.0,0.0,-0.8232843279838562,-0.3641143041502186
-21.481286394020973,-123.02037961440935,0.0,6.265631490121802,0.4674057364463806,0.0,0.0,-0.8840427398681641,0.5619782209396362,0.0,0.0,-0.8271517753601074,0.047668269295582155
-23.03499200946068,-121.87564852549082,0.0,6.298050220113446,0.46362417936325073,0.0,0.0,-0.8860317468643188,0.5564333200454712,0.0,0.0,-0.8308919072151184,-0.36575161374575615
-24.585289150306913,-120.71567316147784,0.0,6.33080695469595,0.4599461257457733,0.0,0.0,-0.8879465460777283,0.5509929656982422,0.0,0.0,-0.834509551525116,0.04601388876111223
-26.13247986168891,-119.54047920000089,0.0,6.363856248766464,0.45637017488479614,0.0,0.0,-0.8897897601127625,0.5456559658050537,0.0,0.0,-0.8380089402198792,-0.3674207700119437
-27.67686509703282,-118.35010539274413,0.0,6.3971526572221435,0.4528954327106476,0.0,0.0,-0.8915635943412781,0.540421187877655,0.0,0.0,-0.841394305229187,0.044332251970421344
-29.218745418006556,-117.14460405106144,0.0,6.430650734960136,0.44952112436294556,0.0,0.0,-0.8932694792747498,0.5352877974510193,0.0,0.0,-0.8446694016456604,-0.36911259211992314
-30.758421661357655,-115.9240415151269,0.0,6.464305036877597,0.4462472200393677,0.0,0.0,-0.8949095010757446,0.5302553176879883,0.0,0.0,-0.8478377461433411,0.04263253975236769
-32.29619557116235,-114.68849860583175,0.0,6.498070117871684,0.44307374954223633,0.0,0.0,-0.8964849710464478,0.5253230333328247,0.0,0.0,-0.8509026765823364,-0.3708178992408366
-33.83237039494293,-113.43807105860428,0.0,6.531900532839535,0.44000110030174255,0.0,0.0,-0.8979971408843994,0.5204906463623047,0.0,0.0,-0.8538671731948853,0.04092393293580954
-35.36725144206252,-112.1728699382923,0.0,6.565750836678306,0.43702980875968933,0.0,0.0,-0.8994469046592712,0.5157578587532043,0.0,0.0,-0.8567340970039368,-0.37252751054582495
-36.901146602756874,-110.89302203421902,0.0,6.599575584285151,0.4341607093811035,0.0,0.0,-0.9008352160453796,0.511124849319458,0.0,0.0,-0.8595062494277954,0.039215612349605244
-38.43436682612512,-109.59867023449516,0.0,6.633329330557222,0.4313948452472687,0.0,0.0,-0.9021630883216858,0.5065914392471313,0.0,0.0,-0.8621859550476074,-0.3742322452060306
-39.96722655536813,-108.28997387864823,0.0,6.666966630391673,0.42873328924179077,0.0,0.0,-0.9034309387207031,0.5021580457687378,0.0,0.0,-0.8647755980491638,0.037516758822612795
-41.500044118538035,-106.96710908760757,0.0,6.700442038685649,0.4261772930622101,0.0,0.0,-0.904639482498169,0.49782484769821167,0.0,0.0,-0.8672772645950317,-0.37592292239259506
-43.033142073041624,-105.63026907007298,0.0,6.73371011033631,0.42372825741767883,0.0,0.0,-0.9057891368865967,0.49359241127967834,0.0,0.0,-0.8696930408477783,0.0358365531836905
-44.566847502133975,-104.27966440427647,0.0,6.7667254002408,0.4213876724243164,0.0,0.0,-0.9068804383277893,0.489461213350296,0.0,0.0,-0.8720247745513916,-0.3775903612766602
-46.101492261629616,-102.91552329414448,0.0,6.799442463296279,0.4191569983959198,0.0,0.0,-0.9079136252403259,0.485431969165802,0.0,0.0,-0.8742741942405701,0.034184176261696675
-47.63741317506261,-101.53809179886441,0.0,6.831815854399891,0.41703781485557556,0.0,0.0,-0.9088890552520752,0.4815053641796112,0.0,0.0,-0.8764429092407227,-0.3792253810293679
-49.17495217554227,-100.14763403485648,0.0,6.863800128448794,0.4150316119194031,0.0,0.0,-0.9098068475723267,0.4776822030544281,0.0,0.0,-0.8785324692726135,0.032568808885489464
-50.71445639256969,-98.74443234915802,0.0,6.895349840340134,0.41314005851745605,0.0,0.0,-0.9106673002243042,0.4739634394645691,0.0,0.0,-0.8805441856384277,-0.38081880082185987
-52.25627818210236,-97.328787463242,0.0,6.926419544971069,0.41136467456817627,0.0,0.0,-0.9114706516265869,0.4703499376773834,0.0,0.0,-0.8824796080589294,0.03099963188392707
-53.80077509819698,-95.90101858629933,0.0,6.956963797238747,0.4097069501876831,0.0,0.0,-0.9122170209884644,0.4668429493904114,0.0,0.0,-0.8843399286270142,-0.3823614398252779
-55.34830980460167,-94.46146349703609,0.0,6.98693715204032,0.40816813707351685,0.0,0.0,-0.9129065871238708,0.46344342827796936,0.0,0.0,-0.8861262798309326,0.029485826085867806
-56.899249924721246,-93.01047859306048,0.0,7.0162941642729395,0.40674930810928345,0.0,0.0,-0.9135396480560303,0.46015244722366333,0.0,0.0,-0.887839674949646,-0.3838441172107637
-58.453967828441876,-91.54843890696093,0.0,7.044989388833758,0.4054511487483978,0.0,0.0,-0.9141165018081665,0.45697128772735596,0.0,0.0,-0.889481246471405,0.028036572320169928
-60.012840354365565,-90.07573808821631,0.0,7.072977380619935,0.40427112579345703,0.0,0.0,-0.9146308302879333,0.45390111207962036,0.0,0.0,-0.8910518884658813,-0.3852576521494596
-61.57624846610095,-88.59278835009953,0.0,7.10021269452861,0.4032132029533386,0.0,0.0,-0.9150919914245605,0.4509430527687073,0.0,0.0,-0.8925524950027466,0.026661051415691472
-63.14457684131844,-87.10002038080451,0.0,7.126649885456937,0.40227675437927246,0.0,0.0,-0.915500283241272,0.44809842109680176,0.0,0.0,-0.8939840793609619,-0.38659286381250646
-64.71821339239725,-85.59788321805233,0.0,7.15224350830207,0.40146076679229736,0.0,0.0,-0.9158562421798706,0.445368230342865,0.0,0.0,-0.8953472971916199,0.025368444201290807
-66.29754871759128,-84.08684408649137,0.0,7.17694811796116,0.4007638096809387,0.0,0.0,-0.9161605834960938,0.4427538216114044,0.0,0.0,-0.8966430425643921,-0.3878405713710464
-67.88297548174538,-82.56738819727374,0.0,7.200718269331363,0.40018388628959656,0.0,0.0,-0.9164141416549683,0.44025641679763794,0.0,0.0,-0.8978719115257263,0.024167931505826024
-69.47488772574063,-81.04001850923156,0.0,7.223508517309824,0.3997184932231903,0.0,0.0,-0.9166179895401001,0.43787720799446106,0.0,0.0,-0.8990345597267151,-0.3889915939962212
-71.07368010394927,-79.50525545117421,0.0,7.245273416793701,0.3993646502494812,0.0,0.0,-0.9167734384536743,0.4356173276901245,0.0,0.0,-0.9001317620277405,0.02306869415815549
-72.67974704915841,-77.96363660486638,0.0,7.265967522680144,0.3991188108921051,0.0,0.0,-0.9168819785118103,0.43347781896591187,0.0,0.0,-0.9011639952659607,-0.39003675085917283
-74.29348186454227,-76.41571634835405,0.0,7.285545389866302,0.3989769220352173,0.0,0.0,-0.9169453382492065,0.43145978450775146,0.0,0.0,-0.9021319150924683,0.022079912987137407
-75.91527574244392,-74.86206545936949,0.0,7.303961573249328,0.39893436431884766,0.0,0.0,-0.9169654250144958,0.4295642673969269,0.0,0.0,-0.9030360579490662,-0.39096686113104284
-77.54552270520162,-73.30326495263753,0.0,7.32119751015564,0.39898595213890076,0.0,0.0,-0.9169443249702454,0.42779216170310974,0.0,0.0,-0.9038769006729126,0.021209411123182254
-79.18464596925658,-71.7398794993312,0.0,7.337357029578937,0.3991260230541229,0.0,0.0,-0.9168844819068909,0.42614448070526123,0.0,0.0,-0.9046549797058105,-0.39178299847565384
-80.83310522392883,-70.17244943616562,0.0,7.3525787735084,0.39934828877449036,0.0,0.0,-0.9167885780334473,0.42462119460105896,0.0,0.0,-0.905370831489563,0.020440636177249838
-82.49139555043296,-68.6014902564992,0.0,7.367001386390802,0.39964601397514343,0.0,0.0,-0.9166593551635742,0.4232199192047119,0.0,0.0,-0.9060266017913818,-0.39251141326769434
-84.15978485797558,-67.02749219475642,0.0,7.380763512672914,0.40001222491264343,0.0,0.0,-0.9164997935295105,0.42193543910980225,0.0,0.0,-0.906625509262085,0.019745579294314863
-85.83793542626252,-65.450919905376,0.0,7.394003796801514,0.40044063329696655,0.0,0.0,-0.916312575340271,0.42076191306114197,0.0,0.0,-0.9071707129478455,-0.39318011448631046
-87.525441547983,-63.87221223782048,0.0,7.406860883223375,0.4009256362915039,0.0,0.0,-0.9161000847816467,0.419694185256958,0.0,0.0,-0.9076651930809021,0.019096231495230875
-89.22192430192871,-62.29178210903852,0.0,7.419473416385276,0.40146222710609436,0.0,0.0,-0.9158644080162048,0.41872721910476685,0.0,0.0,-0.9081116914749146,-0.3938171111106488
-90.9270322372686,-60.7100164746661,0.0,7.43198004073398,0.4020460247993469,0.0,0.0,-0.9156073331832886,0.41785621643066406,0.0,0.0,-0.9085128307342529,0.018464583800851864
-92.64044196162482,-59.12727640019605,0.0,7.444519400716268,0.4026730954647064,0.0,0.0,-0.9153305888175964,0.4170767068862915,0.0,0.0,-0.9088709354400635,-0.39445041211985526
-94.36185863170866,-57.543897233296484,0.0,7.457230140778915,0.40334007143974304,0.0,0.0,-0.915035605430603,0.41638442873954773,0.0,0.0,-0.9091883897781372,0.01782262723203132
-96.09101634532732,-55.960188878490854,0.0,7.470250905368695,0.40404391288757324,0.0,0.0,-0.9147235751152039,0.4157736301422119,0.0,0.0,-0.9094631671905518,-0.39510802649307647
-97.82767843362126,-54.376436175451666,0.0,7.483720338932379,0.40478193759918213,0.0,0.0,-0.9143955707550049,0.4152427911758423,0.0,0.0,-0.9097023606300354,0.017142352809623007
-99.57163765238992,-52.79289938224764,0.0,7.497777085916747,0.40555185079574585,0.0,0.0,-0.9140526056289673,0.41478800773620605,0.0,0.0,-0.9099075794219971,-0.3958179632094587
-101.32271627130483,-51.2098147650296,0.0,7.512559790768565,0.40635162591934204,0.0,0.0,-0.9136954545974731,0.41440609097480774,0.0,0.0,-0.9100802540779114,0.016395751554480698
-103.08076605974688,-49.627395295791246,0.0,7.528207097934615,0.407179594039917,0.0,0.0,-0.9133248329162598,0.4140937030315399,0.0,0.0,-0.9102217555046082,-0.3966082312481481
-104.84566816785775,-48.045831460072606,0.0,7.544857651861666,0.40803423523902893,0.0,0.0,-0.9129413366317749,0.41384783387184143,0.0,0.0,-0.9103333950042725,0.01555481448745788
-106.617332901241,-46.46529217671715,0.0,7.562650096996495,0.4089142680168152,0.0,0.0,-0.912545382976532,0.4136655330657959,0.0,0.0,-0.9104164838790894,-0.39750683958829097
-108.39569938753964,-44.88592583208998,0.0,7.581723077785877,0.4098186790943146,0.0,0.0,-0.9121374487876892,0.4135442078113556,0.0,0.0,-0.91047203540802,0.014591532629408321
-110.18073513285687,-43.307861431510766,0.0,7.602215238676583,0.41074660420417786,0.0,0.0,-0.9117177724838257,0.4134815037250519,0.0,0.0,-0.9105010628700256,-0.3985417972090337
-111.97243546570327,-41.73120987102794,0.0,7.62426522411539,0.4116567075252533,0.0,0.0,-0.9113054275512695,0.413474977016449,0.0,0.0,-0.9105045795440674,0.01347789700118579
-113.7708035824865,-40.156082182846134,0.0,7.647929691624082,0.4125516414642334,0.0,0.0,-0.9108992218971252,0.41352254152297974,0.0,0.0,-0.9104834794998169,-0.39973697233573535
-115.5757663826163,-38.582663163302,0.0,7.672911032846924,0.41343384981155396,0.0,0.0,-0.9104979634284973,0.4136222004890442,0.0,0.0,-0.910438597202301,0.012216213101042206
-117.38715105439135,-37.01123033504001,0.0,7.6988159738459,0.41430556774139404,0.0,0.0,-0.9101006984710693,0.4137721061706543,0.0,0.0,-0.9103707075119019,-0.4010453026892189
-119.204684402293,-35.44215270717763,0.0,7.7252512391743915,0.4151689112186432,0.0,0.0,-0.9097064137458801,0.41397061944007874,0.0,0.0,-0.9102804660797119,0.010881098690512292
-121.0279924710186,-33.87588921888478,0.0,7.751823553385788,0.4160257577896118,0.0,0.0,-0.9093142747879028,0.41421619057655334,0.0,0.0,-0.9101684093475342,-0.40238733876050153
-122.85660047292059,-32.31298685870561,0.0,7.778139641033458,0.4168778359889984,0.0,0.0,-0.9089233875274658,0.4145074188709259,0.0,0.0,-0.9100351929664612,0.009552003354771355
-124.68993302617032,-30.754078452033873,0.0,7.803806226670794,0.4177267849445343,0.0,0.0,-0.9085330963134766,0.41484296321868896,0.0,0.0,-0.9098814129829407,-0.4036836309644074
-126.52731471092022,-29.19988010989876,0.0,7.828430034851178,0.4185740649700165,0.0,0.0,-0.9081426858901978,0.4152216613292694,0.0,0.0,-0.9097074270248413,0.008308376678994422
-128.36797095037753,-27.65118833327672,0.0,7.851617790127988,0.4194210171699524,0.0,0.0,-0.9077515006065369,0.4156424403190613,0.0,0.0,-0.9095136523246765,-0.4048547297157615
-130.21102922297578,-26.108876768571214,0.0,7.872976217054612,0.4202689230442047,0.0,0.0,-0.9073588848114014,0.4161042273044586,0.0,0.0,-0.9093004465103149,0.007229668248356802
-132.05552061079317,-24.573892611642158,0.0,7.892112040184434,0.42111894488334656,0.0,0.0,-0.9069643616676331,0.4166061282157898,0.0,0.0,-0.90906822681427,-0.4058211854293888
-133.90038168795917,-23.04725265987703,0.0,7.908631984070831,0.42197221517562866,0.0,0.0,-0.906567394733429,0.41714733839035034,0.0,0.0,-0.9088172316551208,0.0063953276480336885
-135.74445675103118,-21.530039014257014,0.0,7.9221427732671925,0.42282959818840027,0.0,0.0,-0.9061675071716309,0.4177291691303253,0.0,0.0,-0.9085519909858704,-0.40650354852011406
-137.58650039123958,-20.023394436163663,0.0,7.932251132326894,0.4236920177936554,0.0,0.0,-0.9057642221450806,0.418349027633667,0.0,0.0,-0.9082686901092529,0.005884804463200222
-139.42518040602107,-18.528517366852483,0.0,7.9385637858033276,0.4245602786540985,0.0,0.0,-0.9053571224212646,0.4190062880516052,0.0,0.0,-0.9079673886299133,-0.4068223694027622
-141.25908104447356,-17.04665662101624,0.0,7.940687458249868,0.4254351258277893,0.0,0.0,-0.9049459099769592,0.4197005331516266,0.0,0.0,-0.9076482057571411,0.005777548279031486
-143.08670657821287,-15.579105769722336,0.0,7.938228874219901,0.42631736397743225,0.0,0.0,-0.9045301675796509,0.4204312860965729,0.0,0.0,-0.9073113799095154,-0.40669819849215777
-144.90648518561756,-14.127197232210694,0.0,7.93079475826681,0.42720723152160645,0.0,0.0,-0.9041097164154053,0.42117348313331604,0.0,0.0,-0.9069684147834778,0.006153008680702787
-146.716773133645,-12.69229610055462,0.0,7.917991834943978,0.5263832211494446,0.0,0.0,-0.8502060174942017,0.4719855785369873,0.0,0.0,-0.8815948963165283,-0.40605158620312587
