X,Y,Z,Speed,RotW,RotX,RotY,RotZ,HarsherRotW,HarsherRotX,HarsherRotY,HarsherRotZ,TireRot
-148.44310980579345,-11.366469552564462,0.0,8.081523569511004,0.4296407103538513,0.0,0.0,-0.9029999375343323,0.43046659231185913,0.0,0.0,-0.9026064872741699,-0.4081577560359093
-150.37233570301893,-9.804246934502144,0.0,8.081523569511004,0.4296274483203888,0.0,0.0,-0.9030061960220337,0.4304593801498413,0.0,0.0,-0.9026099443435669,-0.0
-152.3049605210484,-8.238226043277601,0.0,8.097093967462857,0.4296024441719055,0.0,0.0,-0.9030181169509888,0.43044519424438477,0.0,0.0,-0.9026167392730713,-0.40894413977085137
-154.24102511898485,-6.668385547090678,0.0,8.112817897450018,0.4295671284198761,0.0,0.0,-0.9030349254608154,0.43042466044425964,0.0,0.0,-0.9026265144348145,-0.0007941378781394226
-156.1805664269628,-5.094707421009064,0.0,8.128678710299981,0.4295227527618408,0.0,0.0,-0.9030559659004211,0.4303980767726898,0.0,0.0,-0.9026391506195068,-0.4097451909248899
-158.12361745060286,-3.5171769575701424,0.0,8.144659756840257,0.4294704794883728,0.0,0.0,-0.9030807614326477,0.43036597967147827,0.0,0.0,-0.9026544094085693,-0.0016012614407796
-160.07020727530846,-1.9357827770523888,0.0,8.160744387898346,0.4294113516807556,0.0,0.0,-0.9031088948249817,0.4303288161754608,0.0,0.0,-0.9026720523834229,-0.4105575460288338
-162.02036107040274,-0.3505168374118877,0.0,8.176915954301741,0.4293462634086609,0.0,0.0,-0.9031397700309753,0.43028682470321655,0.0,0.0,-0.9026920795440674,-0.0024180072187288126
-163.9741000931037,1.2386255561205994,0.0,8.193157806877949,0.42927607893943787,0.0,0.0,-0.9031731486320496,0.4302402436733246,0.0,0.0,-0.9027142524719238,-0.41137784161349084
-165.93144169233435,2.831645741786979,0.0,8.209453296454459,0.42920157313346863,0.0,0.0,-0.9032085537910461,0.4301896393299103,0.0,0.0,-0.9027383327484131,-0.0032410117427949525
-167.89239931236622,4.428541692398558,0.0,8.225785773858778,0.4291233420372009,0.0,0.0,-0.9032456874847412,0.4301353096961975,0.0,0.0,-0.9027642011642456,-0.41220271420966853
-169.8569824962943,6.029308006787442,0.0,8.242138589918412,0.42904210090637207,0.0,0.0,-0.9032842516899109,0.43007752299308777,0.0,0.0,-0.9027916789054871,-0.004066911543786578
-171.82519688933897,7.633935901618007,0.0,8.25849509546085,0.42895835638046265,0.0,0.0,-0.9033239483833313,0.43001651763916016,0.0,0.0,-0.9028206467628479,-0.4130288003481755
-173.79704424197428,9.242413203564041,0.0,8.274838641313597,0.42887258529663086,0.0,0.0,-0.9033646583557129,0.4299526810646057,0.0,0.0,-0.9028509855270386,-0.0048923431525111916
-175.77252241287928,10.854724341857201,0.0,8.291152578304152,0.4287852644920349,0.0,0.0,-0.903406023979187,0.42988625168800354,0.0,0.0,-0.9028825759887695,-0.41385273655981963
-177.75162537170854,12.470850341212621,0.0,8.307420257260015,0.42869678139686584,0.0,0.0,-0.9034479856491089,0.42981719970703125,0.0,0.0,-0.9029154181480408,-0.005713943099777075
-179.73434320168082,14.09076881513759,0.0,8.323625029008685,0.4286075234413147,0.0,0.0,-0.9034903049468994,0.429746150970459,0.0,0.0,-0.9029491543769836,-0.41467115937540905
-181.7206621019828,15.714453959629319,0.0,8.339750244377663,0.42851781845092773,0.0,0.0,-0.9035328030586243,0.4296732246875763,0.0,0.0,-0.9029837846755981,-0.006528347916392119
-183.7105643899831,17.34187654726775,0.0,8.355779254194449,0.42842796444892883,0.0,0.0,-0.9035753607749939,0.4295986592769623,0.0,0.0,-0.9030191898345947,-0.41548070532575176
-185.70402850325704,18.97300392170964,0.0,8.371695409286543,0.4283382296562195,0.0,0.0,-0.9036179184913635,0.4295225143432617,0.0,0.0,-0.9030553102493286,-0.007332194133164549
-187.7010290014162,20.60779999258996,0.0,8.387482060481442,0.42824888229370117,0.0,0.0,-0.903660237789154,0.4294450879096985,0.0,0.0,-0.903092086315155,-0.41627801094165573
-189.70153656774212,22.246225230836746,0.0,8.40312255860665,0.4281601309776306,0.0,0.0,-0.9037022590637207,0.4293665885925293,0.0,0.0,-0.9031293392181396,-0.008122118280902368
-191.70551801062047,23.888236664405543,0.0,8.418600254489665,0.4280721843242645,0.0,0.0,-0.9037439227104187,0.4292871952056885,0.0,0.0,-0.9031670093536377,-0.41705971275392917
-193.71293626477248,25.53378787443956,0.0,8.433898498957989,0.42798522114753723,0.0,0.0,-0.9037851095199585,0.42920711636543274,0.0,0.0,-0.9032049775123596,-0.008894756890413691
-195.72375039228194,27.18282899186149,0.0,8.449000642839115,0.42789942026138306,0.0,0.0,-0.9038257598876953,0.4291263520717621,0.0,0.0,-0.9032433032989502,-0.41782244729338
-197.737915583414,28.835306694403087,0.0,8.463890036960553,0.42781490087509155,0.0,0.0,-0.9038657546043396,0.4290452301502228,0.0,0.0,-0.9032817482948303,-0.00964674649250652
-199.7553831572241,30.49116420407829,0.0,8.478550032149794,0.42773184180259705,0.0,0.0,-0.9039050936698914,0.42896395921707153,0.0,0.0,-0.9033203125,-0.4185628510908164
-201.77610056195326,32.150341285105696,0.0,8.49296397923434,0.4276503920555115,0.0,0.0,-0.903943657875061,0.4288824796676636,0.0,0.0,-0.9033589959144592,-0.01037472361798858
-203.8000113904638,33.81277425481899,0.0,8.507115293166226,0.4275705814361572,0.0,0.0,-0.9039813876152039,0.428801029920578,0.0,0.0,-0.9033976197242737,-0.4192775639156592
-205.82705713701998,35.47839742636656,0.0,8.520994774276035,0.427492618560791,0.0,0.0,-0.9040182828903198,0.42871975898742676,0.0,0.0,-0.9034361839294434,-0.011075707512423427
-207.8571805613045,37.14714587646826,0.0,8.53460736967633,0.42741653323173523,0.0,0.0,-0.9040542840957642,0.4286387860774994,0.0,0.0,-0.9034745693206787,-0.4199650687338558
-209.89032606622817,38.81895576329293,0.0,8.547959624732059,0.4273424446582794,0.0,0.0,-0.9040892720222473,0.4285581707954407,0.0,0.0,-0.9035127758979797,-0.01175006382836935
-211.92643969550937,40.49376433203307,0.0,8.561058084808181,0.42727038264274597,0.0,0.0,-0.9041233658790588,0.42847809195518494,0.0,0.0,-0.9035506844520569,-0.4206266071215387
-213.96546913131246,42.171509920359675,0.0,8.57390929526965,0.42720040678977966,0.0,0.0,-0.9041563868522644,0.42839857935905457,0.0,0.0,-0.9035884141921997,-0.012399114861776861
-216.0073636919435,43.85213196375388,0.0,8.586519801481419,0.42713263630867004,0.0,0.0,-0.9041883945465088,0.4283198118209839,0.0,0.0,-0.9036257266998291,-0.4212635013746584
-218.0520743296084,45.535571000712665,0.0,8.598896148808448,0.4270671010017395,0.0,0.0,-0.9042193293571472,0.4282418489456177,0.0,0.0,-0.9036626815795898,-0.013024182908596582
-220.09955362823106,47.221768677825764,0.0,8.611044882615682,0.4270039200782776,0.0,0.0,-0.9042491316795349,0.4281647503376007,0.0,0.0,-0.9036992192268372,-0.4218770737891651
-222.1497558013358,48.91066775472065,0.0,8.622972548268086,0.4269430935382843,0.0,0.0,-0.9042778611183167,0.4280887842178345,0.0,0.0,-0.9037352204322815,-0.013626590264778637
-224.2026366899935,50.60221210887338,0.0,8.634685691130604,0.42688465118408203,0.0,0.0,-0.9043054580688477,0.4280138909816742,0.0,0.0,-0.9037706851959229,-0.4224686466610095
-226.25815376083335,52.29634674028232,0.0,8.6461908565682,0.42682868242263794,0.0,0.0,-0.9043319225311279,0.4279402792453766,0.0,0.0,-0.9038055539131165,-0.014207659226273373
-228.31626610412138,53.99301777600235,0.0,8.657494589945825,0.4267752170562744,0.0,0.0,-0.9043571352958679,0.4278678297996521,0.0,0.0,-0.9038398265838623,-0.42303954228614205
-230.37693443190597,55.692172474536946,0.0,8.66860343662843,0.42672428488731384,0.0,0.0,-0.9043811559677124,0.42779678106307983,0.0,0.0,-0.9038734436035156,-0.014768712089031188
-232.44012107623334,57.39375923008611,0.0,8.679523941980975,0.4266759157180786,0.0,0.0,-0.9044039845466614,0.42772719264030457,0.0,0.0,-0.9039064049720764,-0.423591082960513
-234.5057899874319,59.09772757664745,0.0,8.690262651368412,0.4266301989555359,0.0,0.0,-0.9044256210327148,0.4276590347290039,0.0,0.0,-0.9039386510848999,-0.015311071149002764
-236.5739067324681,60.80402819196839,0.0,8.700826110155694,0.4265870749950409,0.0,0.0,-0.9044459462165833,0.4275924563407898,0.0,0.0,-0.9039701223373413,-0.42412459098007266
-238.64443849337326,62.512612901347204,0.0,8.71122086370778,0.4265466034412384,0.0,0.0,-0.9044650197029114,0.42752745747566223,0.0,0.0,-0.9040008783340454,-0.015836058702138445
-240.7173540657444,64.22343468128106,0.0,8.721453457389623,0.4265088438987732,0.0,0.0,-0.9044828414916992,0.427464097738266,0.0,0.0,-0.9040308594703674,-0.4246413886407718
-242.79262385731792,65.9364476629588,0.0,8.73153043656617,0.4264737665653229,0.0,0.0,-0.904499351978302,0.42740267515182495,0.0,0.0,-0.9040599465370178,-0.016344997044388243
-244.87021988661775,67.65160713559634,0.0,8.74145834660239,0.42644140124320984,0.0,0.0,-0.9045146703720093,0.4273429811000824,0.0,0.0,-0.9040881395339966,-0.4251427982385607
-246.95011578167993,69.36886954961345,0.0,8.751243732863227,0.42641180753707886,0.0,0.0,-0.9045286774635315,0.4272851049900055,0.0,0.0,-0.9041154980659485,-0.016839208471703226
-249.0322867788523,71.08819251964917,0.0,8.760893140713636,0.42638498544692993,0.0,0.0,-0.9045413136482239,0.4272291362285614,0.0,0.0,-0.9041419625282288,-0.4256301420693895
-251.11670972167207,72.80953482741482,0.0,8.77041311551857,0.42636096477508545,0.0,0.0,-0.9045526385307312,0.42717504501342773,0.0,0.0,-0.9041675329208374,-0.01732001528003324
-253.20336305982107,74.53285642438253,0.0,8.779810202642995,0.4263397753238678,0.0,0.0,-0.9045626521110535,0.4271230399608612,0.0,0.0,-0.9041920900344849,-0.4261047424292089
-255.29222684815963,76.25811843430755,0.0,8.789090947451854,0.4263213574886322,0.0,0.0,-0.9045713543891907,0.42707300186157227,0.0,0.0,-0.9042157530784607,-0.017788739765329076
-257.3832827458398,77.98528315558283,0.0,8.798261895310107,0.4263058304786682,0.0,0.0,-0.904578685760498,0.4270251989364624,0.0,0.0,-0.9042384028434753,-0.4265679216139692
-259.4765140154989,79.7143140634246,0.0,8.807329591582707,0.42629319429397583,0.0,0.0,-0.9045846462249756,0.426979660987854,0.0,0.0,-0.9042599201202393,-0.018246704223541244
-261.5719055225338,81.44517581188643,0.0,8.816300581634605,0.42628341913223267,0.0,0.0,-0.9045892357826233,0.42693617939949036,0.0,0.0,-0.9042804837226868,-0.4270210019196206
-263.6694437344566,83.17783423570145,0.0,8.825181410830762,0.4262765049934387,0.0,0.0,-0.9045925140380859,0.42689499258995056,0.0,0.0,-0.9042999148368835,-0.018695230950619868
-265.76911672033265,84.91225635195055,0.0,8.833978624536131,0.42627251148223877,0.0,0.0,-0.9045944213867188,0.426856130361557,0.0,0.0,-0.9043182730674744,-0.427465305642114
-267.8709141503013,86.6484103615551,0.0,8.84269876811566,0.4262714087963104,0.0,0.0,-0.9045949578285217,0.4268193244934082,0.0,0.0,-0.9043356776237488,-0.019135642242515294
-269.9748272951803,88.3862656505932,0.0,8.851348386934312,0.4262732267379761,0.0,0.0,-0.9045941233634949,0.4267849028110504,0.0,0.0,-0.9043519496917725,-0.4279021550773994
-272.08084902615445,90.12579279143783,0.0,8.859934026357038,0.4262780249118805,0.0,0.0,-0.9045919179916382,0.42675283551216125,0.0,0.0,-0.9043670892715454,-0.0195692603951782
-274.1889738145479,91.86696354371539,0.0,8.868462231748792,0.4262857735157013,0.0,0.0,-0.9045882821083069,0.4267232120037079,0.0,0.0,-0.9043810963630676,-0.42833287252142743
-276.2991977316842,93.6097508550838,0.0,8.87693954847453,0.4262964725494385,0.0,0.0,-0.904583215713501,0.42669612169265747,0.0,0.0,-0.9043939113616943,-0.019997407704558934
-278.411518448829,95.35412886182827,0.0,8.885372521899203,0.4263101816177368,0.0,0.0,-0.9045767784118652,0.42667150497436523,0.0,0.0,-0.9044055342674255,-0.4287587802701483
-280.52593514696207,97.10007281474705,0.0,8.893767317740622,0.4263268709182739,0.0,0.0,-0.9045689105987549,0.4266492426395416,0.0,0.0,-0.904416024684906,-0.020421387292509308
-282.64244750082344,98.84755824055796,0.0,8.902125828298512,0.4263465404510498,0.0,0.0,-0.9045596122741699,0.42662954330444336,0.0,0.0,-0.9044253826141357,-0.4291809272680216
-284.76105503871355,100.59656041389094,0.0,8.910447253873222,0.426369309425354,0.0,0.0,-0.9045488834381104,0.42661234736442566,0.0,0.0,-0.90443354845047,-0.020841661311434057
-286.88175713221545,102.34705434957986,0.0,8.918730752732248,0.426395058631897,0.0,0.0,-0.9045367240905762,0.4265976846218109,0.0,0.0,-0.9044405221939087,-0.4295992857962552
-289.00455299589424,104.09901480323438,0.0,8.926975483143092,0.4264238178730011,0.0,0.0,-0.9045231342315674,0.42658573389053345,0.0,0.0,-0.9044461846351624,-0.02125806183723422
-291.1294416869844,105.85241627184062,0.0,8.935180603373267,0.42645561695098877,0.0,0.0,-0.9045081734657288,0.4265763461589813,0.0,0.0,-0.9044506549835205,-0.4300136858078803
-293.2564221050632,107.60723299439019,0.0,8.943345271690267,0.4264904856681824,0.0,0.0,-0.9044917225837708,0.4265696406364441,0.0,0.0,-0.9044538736343384,-0.021670418822941295
-295.3854929917105,109.36343895253789,0.0,8.9514686463616,0.42652836441993713,0.0,0.0,-0.9044738411903381,0.4265655279159546,0.0,0.0,-0.904455840587616,-0.4304239572559273
-297.51665293015475,111.12100787128854,0.0,8.959549885654761,0.4265693128108978,0.0,0.0,-0.9044545292854309,0.4265640676021576,0.0,0.0,-0.9044565558433533,-0.022078562221585885
-299.64990034490654,112.87991321971278,0.0,8.967588147837253,0.42661333084106445,0.0,0.0,-0.9044337868690491,0.42656537890434265,0.0,0.0,-0.9044559597969055,-0.43082993009342685
-301.7852335013768,114.64012821169162,0.0,8.975582591176586,0.4266603887081146,0.0,0.0,-0.9044116139411926,0.4265693128108978,0.0,0.0,-0.9044541120529175,-0.02248232198619865
-303.9226505054817,116.40162580669065,0.0,8.983532373940253,0.4267105460166931,0.0,0.0,-0.9043879508972168,0.4265761971473694,0.0,0.0,-0.9044508934020996,-0.43123143427341004
-306.06214930323495,118.1643787105636,0.0,8.99143665439577,0.4267638325691223,0.0,0.0,-0.9043627977371216,0.42658567428588867,0.0,0.0,-0.9044464230537415,-0.02288152806981064
-308.2037276803244,119.92835937638534,0.0,8.999294590810624,0.4268202483654022,0.0,0.0,-0.904336154460907,0.4265979826450348,0.0,0.0,-0.9044406414031982,-0.4316282997489077
-310.347383261676,121.69354000531435,0.0,9.007105341452329,0.42687979340553284,0.0,0.0,-0.904308021068573,0.42661306262016296,0.0,0.0,-0.90443354845047,-0.023276010425452298
-312.49311351100334,123.45989254748548,0.0,9.01486806458838,0.42694246768951416,0.0,0.0,-0.9042784571647644,0.42663097381591797,0.0,0.0,-0.9044251441955566,-0.43202035647295073
-314.6409157303425,125.22738870293188,0.0,9.022581918486283,0.4270082414150238,0.0,0.0,-0.9042473435401917,0.42665180563926697,0.0,0.0,-0.9044153094291687,-0.023665599006154503
-316.79078705957414,126.99599992253758,0.0,9.030246061413541,0.42707720398902893,0.0,0.0,-0.9042147397994995,0.42667537927627563,0.0,0.0,-0.9044041633605957,-0.43240743439856977
-318.94272447593033,128.7656974090198,0.0,9.037859651637653,0.42714932560920715,0.0,0.0,-0.904180645942688,0.4267018735408783,0.0,0.0,-0.9043917059898376,-0.024050123764948028
-321.09672479348734,130.53645211794142,0.0,9.045421847426125,0.42722460627555847,0.0,0.0,-0.9041450619697571,0.4267314076423645,0.0,0.0,-0.9043777585029602,-0.43278936347879565
-323.25278466264444,132.30823475875445,0.0,9.052931807046459,0.4273030757904053,0.0,0.0,-0.9041079878807068,0.42676377296447754,0.0,0.0,-0.9043624997138977,-0.024429414654863868
-325.4109005695886,134.0810157958729,0.0,9.060388688766157,0.4273846745491028,0.0,0.0,-0.9040693640708923,0.42679890990257263,0.0,0.0,-0.9043459296226501,-0.43316597366665915
-327.5710688357442,135.85476544977723,0.0,9.067791650852723,0.42746949195861816,0.0,0.0,-0.9040292501449585,0.4268370568752289,0.0,0.0,-0.9043278694152832,-0.02480330162893285
-329.73328561720854,137.62945369814855,0.0,9.075139851573649,0.42755746841430664,0.0,0.0,-0.9039875864982605,0.4268783926963806,0.0,0.0,-0.9043083786964417,-0.4335370949151908
-331.8975469041733,139.4050502770343,0.0,9.082432449196455,0.4276486933231354,0.0,0.0,-0.9039444327354431,0.426922470331192,0.0,0.0,-0.904287576675415,-0.02517161464018569
-334.0638485203307,141.18152468204428,0.0,9.089668601988631,0.4277431070804596,0.0,0.0,-0.9038997888565063,0.4269694685935974,0.0,0.0,-0.9042653441429138,-0.43390255717742193
-336.23218612226646,142.95884616957798,0.0,9.09684746821768,0.4278407096862793,0.0,0.0,-0.9038535356521606,0.4270196855068207,0.0,0.0,-0.9042416214942932,-0.025534183641652775
-338.4025551988368,144.7369837580826,0.0,9.10396820615111,0.4279415011405945,0.0,0.0,-0.9038057923316956,0.42707282304763794,0.0,0.0,-0.9042165279388428,-0.4342621904063831
-340.57495107053126,146.5159062293423,0.0,9.111029974056423,0.4280455708503723,0.0,0.0,-0.9037564992904663,0.4271289110183716,0.0,0.0,-0.9041900038719177,-0.02589083858636554
-342.7493688888211,148.29558212979876,0.0,9.118031930201118,0.428152859210968,0.0,0.0,-0.9037056565284729,0.4271879494190216,0.0,0.0,-0.9041620492935181,-0.43461582455510506
-344.92580363549337,150.07597977190298,0.0,9.1249732328527,0.42826342582702637,0.0,0.0,-0.9036532044410706,0.4272499680519104,0.0,0.0,-0.9041327238082886,-0.026241409427354534
-347.10425012196924,151.85706723549825,0.0,9.131853040278667,0.4283772110939026,0.0,0.0,-0.903599202632904,0.4273151159286499,0.0,0.0,-0.9041019082069397,-0.43496328957661856
-349.284702988608,153.6388123692347,0.0,9.138670510746522,0.4284942150115967,0.0,0.0,-0.9035437107086182,0.4273833632469177,0.0,0.0,-0.9040696024894714,-0.0265857261176502
-351.4671567039967,155.42118279201532,0.0,9.145424802523774,0.4286145567893982,0.0,0.0,-0.9034866094589233,0.4274546504020691,0.0,0.0,-0.9040358662605286,-0.43530441542395454
-353.65160556422484,157.20414589447367,0.0,9.152115073877921,0.4287381172180176,0.0,0.0,-0.9034279584884644,0.427528977394104,0.0,0.0,-0.9040006995201111,-0.02692361861028386
-355.83804369214374,158.9876688404828,0.0,9.158740483076468,0.4288649559020996,0.0,0.0,-0.9033676981925964,0.4276062548160553,0.0,0.0,-0.903964102268219,-0.4356390320501438
-358.02646503661106,160.7717185686964,0.0,9.165300188386912,0.42899513244628906,0.0,0.0,-0.9033058285713196,0.42768681049346924,0.0,0.0,-0.9039259552955627,-0.02725491685828607
-360.2168633717211,162.55626179412124,0.0,9.171793348076761,0.4291285276412964,0.0,0.0,-0.9032424092292786,0.42777058482170105,0.0,0.0,-0.9038862586021423,-0.435966969408217
-362.4092322960198,164.3412650097217,0.0,9.178219120413514,0.42926523089408875,0.0,0.0,-0.9031773805618286,0.42785748839378357,0.0,0.0,-0.9038450717926025,-0.02757945081468771
-364.60356523170447,166.12669448805605,0.0,9.184576663664675,0.4294052720069885,0.0,0.0,-0.9031107425689697,0.4279474914073944,0.0,0.0,-0.9038023948669434,-0.43628805745120497
-366.799855423809,167.91251628294438,0.0,9.190865136097749,0.4295486509799957,0.0,0.0,-0.9030424952507019,0.42804059386253357,0.0,0.0,-0.9037582278251648,-0.027897050432519666
-368.99809593937385,169.69869623116904,0.0,9.197083695980231,0.42969536781311035,0.0,0.0,-0.9029726982116699,0.4281369745731354,0.0,0.0,-0.9037125110626221,-0.43660212613213845
-371.19827966660097,171.4851999542062,0.0,9.20323150157963,0.4298454225063324,0.0,0.0,-0.9029012322425842,0.4282365143299103,0.0,0.0,-0.90366530418396,-0.02820754566481254
-373.40039931399457,173.27199285999038,0.0,9.209307711163447,0.42999881505966187,0.0,0.0,-0.9028281569480896,0.4283391237258911,0.0,0.0,-0.9036165475845337,-0.4369090054040484
-375.60444740948526,175.0590401447102,0.0,9.215311482999185,0.43015551567077637,0.0,0.0,-0.902753472328186,0.42844510078430176,0.0,0.0,-0.9035661816596985,-0.028510766464597326
-377.81041629954075,176.84630679463663,0.0,9.221241975354342,0.4303155541419983,0.0,0.0,-0.9026771783828735,0.4285542368888855,0.0,0.0,-0.9035143852233887,-0.4372085252199654
-380.01829814826027,178.63375758798307,0.0,9.227098346496428,0.43047887086868286,0.0,0.0,-0.9025992751121521,0.42866647243499756,0.0,0.0,-0.9034610390663147,-0.028806542784904632
-382.22808493645493,180.4213570967978,0.0,9.23287975469294,0.43064555525779724,0.0,0.0,-0.9025196433067322,0.42878177762031555,0.0,0.0,-0.9034062623977661,-0.4375005155329206
-384.43976846071223,182.20906968888826,0.0,9.23858535821138,0.43081560730934143,0.0,0.0,-0.9024384617805481,0.4289005994796753,0.0,0.0,-0.903349757194519,-0.02909470457876523
-386.65334033244625,183.99685952977757,0.0,9.244214315319255,0.43098899722099304,0.0,0.0,-0.9023556113243103,0.42902249097824097,0.0,0.0,-0.9032917618751526,-0.4377848062959446
-388.86879197693224,185.78469058469324,0.0,9.249765784284063,0.43116578459739685,0.0,0.0,-0.9022710919380188,0.4291476309299469,0.0,0.0,-0.903232216835022,-0.029375081799210112
-391.08611463232626,187.5725266205879,0.0,9.255238923373307,0.43134593963623047,0.0,0.0,-0.9021849036216736,0.4292758107185364,0.0,0.0,-0.9031712412834167,-0.438061227462068
-393.3052993486697,189.3603312081919,0.0,9.260632890854492,0.4315294921398163,0.0,0.0,-0.9020971059799194,0.42940735816955566,0.0,0.0,-0.9031085968017578,-0.02964750439926994
-395.5263369868793,191.14806772409864,0.0,9.265946844995119,0.4317163825035095,0.0,0.0,-0.9020076394081116,0.42954230308532715,0.0,0.0,-0.9030442833900452,-0.4383296089843219
-397.74921821772153,192.93569935288156,0.0,9.271179944062691,0.43190670013427734,0.0,0.0,-0.9019164443016052,0.4296804666519165,0.0,0.0,-0.9029783606529236,-0.0299118023319756
-399.973933520772,194.72318908924314,0.0,9.27633134632471,0.4321003556251526,0.0,0.0,-0.9018236398696899,0.4298219382762909,0.0,0.0,-0.9029108881950378,-0.43858978081573696
-402.20047318336026,196.510499740196,0.0,9.281400210048677,0.4322974383831024,0.0,0.0,-0.9017291069030762,0.42996662855148315,0.0,0.0,-0.9028418064117432,-0.030167805550357807
-404.42882729949895,198.29759392727632,0.0,9.2863856935021,0.43249794840812683,0.0,0.0,-0.9016328454017639,0.43011465668678284,0.0,0.0,-0.9027711153030396,-0.4388415729093441
-406.65898576879914,200.084434088789,0.0,9.291286954952472,0.43270182609558105,0.0,0.0,-0.9015349745750427,0.43026578426361084,0.0,0.0,-0.9026989936828613,-0.030415344007447442
-408.8909382953689,201.87098248208468,0.0,9.296103152667305,0.4329090714454651,0.0,0.0,-0.901435375213623,0.4304202198982239,0.0,0.0,-0.9026252031326294,-0.439084815218174
-411.124674386699,203.65720118586887,0.0,9.300833444914096,0.4331197738647461,0.0,0.0,-0.9013340473175049,0.4305781424045563,0.0,0.0,-0.9025497436523438,-0.03065424765627528
-413.36018335253164,205.44305210254288,0.0,9.305476989960345,0.4333339035511017,0.0,0.0,-0.901231050491333,0.43073955178260803,0.0,0.0,-0.9024725556373596,-0.43931933769525733
-415.5974543037163,207.22849696057636,0.0,9.310032946073562,0.4335514307022095,0.0,0.0,-0.9011263251304626,0.43090423941612244,0.0,0.0,-0.9023937582969666,-0.03088434644987209
-417.83647615104906,209.0134973169122,0.0,9.314500471521246,0.43377241492271423,0.0,0.0,-0.9010199308395386,0.4310719668865204,0.0,0.0,-0.9023134708404541,-0.43954497029362516
-420.0772376040982,210.7980145594022,0.0,9.318878724570897,0.4339967668056488,0.0,0.0,-0.900911808013916,0.4312431216239929,0.0,0.0,-0.9022314548492432,-0.03110547034126865
-422.3197271700142,212.58200990927526,0.0,9.32316686349002,0.43422451615333557,0.0,0.0,-0.900801956653595,0.4314177334308624,0.0,0.0,-0.9021477699279785,-0.43976154296630804
-424.56393315232583,214.36544442363646,0.0,9.327364046546117,0.43445587158203125,0.0,0.0,-0.9006903171539307,0.43159547448158264,0.0,0.0,-0.9020625352859497,-0.031317449283495835
-426.80984364972056,216.14827899799792,0.0,9.331469432006692,0.4346906244754791,0.0,0.0,-0.9005769491195679,0.431776762008667,0.0,0.0,-0.9019755721092224,-0.4399688856663371
-429.0574465548111,217.93047436884112,0.0,9.335482178139245,0.4349288046360016,0.0,0.0,-0.9004618525505066,0.4319614768028259,0.0,0.0,-0.9018869400024414,-0.03152011322958437
-431.3067295528873,219.71199111621044,0.0,9.339401443211276,0.4351702928543091,0.0,0.0,-0.9003450870513916,0.43214932084083557,0.0,0.0,-0.9017966985702515,-0.4401668283467427
-433.5576801206523,221.49278966633744,0.0,9.343226385490292,0.435415118932724,0.0,0.0,-0.9002265930175781,0.4323406219482422,0.0,0.0,-0.9017047882080078,-0.03171329213256496
-435.8102855249457,223.27283029429708,0.0,9.346956163243794,0.4356631636619568,0.0,0.0,-0.9001064896583557,0.43253520131111145,0.0,0.0,-0.9016112685203552,-0.44035520096055597
-438.0645328214514,225.0520731266945,0.0,9.350589934739288,0.43591415882110596,0.0,0.0,-0.8999848961830139,0.4327332675457001,0.0,0.0,-0.9015159606933594,-0.031896815945468615
-440.32040885339137,226.83047814438243,0.0,9.354126858244273,0.43616774678230286,0.0,0.0,-0.8998619318008423,0.4329347014427185,0.0,0.0,-0.9014189839363098,-0.44053383346080777
-442.57790025020427,228.60800518520986,0.0,9.357566092026252,0.43642348051071167,0.0,0.0,-0.8997378349304199,0.4331393241882324,0.0,0.0,-0.9013204574584961,-0.03207051462132615
-444.8369934262107,230.38461394680115,0.0,9.360906794352722,0.43668076395988464,0.0,0.0,-0.8996129035949707,0.43334755301475525,0.0,0.0,-0.9012200832366943,-0.4407025558005285
-447.0976745792638,232.16026398936543,0.0,9.364148123491193,0.436939001083374,0.0,0.0,-0.8994874358177185,0.4335591495037079,0.0,0.0,-0.9011180996894836,-0.03223421811316807
-449.35992968938575,233.93491473853675,0.0,9.367289237709166,0.43719741702079773,0.0,0.0,-0.899361789226532,0.4337741434574127,0.0,0.0,-0.9010143280029297,-0.44086119793274936
-451.6237445173897,235.70852548824428,0.0,9.370329295274141,0.4374549090862274,0.0,0.0,-0.8992365002632141,0.43399250507354736,0.0,0.0,-0.900908887386322,-0.03238775637402541
-453.8891046034888,237.48105540361286,0.0,9.373267454453625,0.43771037459373474,0.0,0.0,-0.8991121053695679,0.4342142343521118,0.0,0.0,-0.9008017778396606,-0.4410095898105011
-456.1559952658895,239.25246352389274,0.0,9.376102873515112,0.43796253204345703,0.0,0.0,-0.8989892601966858,0.43443945050239563,0.0,0.0,-0.9006929397583008,-0.03253095935692879
-458.4244015993727,241.0227087654202,0.0,9.378834710726112,0.4382099509239197,0.0,0.0,-0.8988686800003052,0.43466800451278687,0.0,0.0,-0.9005823731422424,-0.4411475613868142
-460.69430847386,242.7917499246068,0.0,9.381462124354126,0.43845105171203613,0.0,0.0,-0.8987510800361633,0.4348999559879303,0.0,0.0,-0.9004701375961304,-0.03266365701490931
-462.9657005329669,244.5595456809588,0.0,9.383984272666654,0.4386838972568512,0.0,0.0,-0.8986375331878662,0.43513524532318115,0.0,0.0,-0.9003561735153198,-0.44127494261471967
-465.23856291846226,246.32605516393346,0.0,9.386403311232549,0.43890658020973206,0.0,0.0,-0.8985288739204407,0.4353741705417633,0.0,0.0,-0.9002403616905212,-0.03278583067985347
-467.5128889592621,248.09124391674374,0.0,9.388753130787586,0.43911686539649963,0.0,0.0,-0.8984261751174927,0.43561649322509766,0.0,0.0,-0.9001227617263794,-0.4413936203700246
-469.7886848136212,249.85508744967862,0.0,9.391086710909047,0.4393123686313629,0.0,0.0,-0.8983307480812073,0.4358620345592499,0.0,0.0,-0.9000035524368286,-0.03290368826174539
-472.06596861674154,251.61757347160292,0.0,9.39345729249239,0.43949049711227417,0.0,0.0,-0.89824378490448,0.43610909581184387,0.0,0.0,-0.8998835682868958,-0.44151334671261766
-474.3447248744883,253.37881008761835,0.0,9.395918116433078,0.43964868783950806,0.0,0.0,-0.8981665372848511,0.43635597825050354,0.0,0.0,-0.8997635841369629,-0.033027972299153996
-476.62488395644675,255.1390744562394,0.0,9.398522423626577,0.43978461623191833,0.0,0.0,-0.8981001377105713,0.4366002082824707,0.0,0.0,-0.8996447920799255,-0.44164487737895597
-478.90638382477266,256.89866636691966,0.0,9.401323454968354,0.4398961663246155,0.0,0.0,-0.8980457186698914,0.4368399381637573,0.0,0.0,-0.8995281457901001,-0.033169438528536654
-481.1891752245989,258.6578959383461,0.0,9.404374451353876,0.4399813413619995,0.0,0.0,-0.8980042338371277,0.4370731711387634,0.0,0.0,-0.8994146585464478,-0.44179896810549746
-483.4732216717087,260.4170836588617,0.0,9.407728653678594,0.4400383532047272,0.0,0.0,-0.8979765176773071,0.43729808926582336,0.0,0.0,-0.8993052244186401,-0.033338842686350734
-485.75849943077776,262.1765604494716,0.0,9.411439302837985,0.4400657117366791,0.0,0.0,-0.8979633450508118,0.4375128448009491,0.0,0.0,-0.8992007374763489,-0.44198637462869905
-488.04499748415554,263.9366677494951,0.0,9.415559639727508,0.4400620460510254,0.0,0.0,-0.8979653120040894,0.4377160370349884,0.0,0.0,-0.8991019129753113,-0.03354694050905388
-490.33271749115454,265.6977576249522,0.0,9.42014290524263,0.4400259852409363,0.0,0.0,-0.8979831337928772,0.4379056394100189,0.0,0.0,-0.899009644985199,-0.4422178526850183
-492.62167373780585,267.4601928997793,0.0,9.425242340278809,0.43995654582977295,0.0,0.0,-0.8980172872543335,0.4380805790424347,0.0,0.0,-0.8989245891571045,-0.03380448773310335
-494.91189307703297,269.2243473099944,0.0,9.430911185731514,0.43985265493392944,0.0,0.0,-0.8980682492256165,0.43823912739753723,0.0,0.0,-0.8988475203514099,-0.4425041580109125
-497.20341485918914,270.990605680953,0.0,9.437202682496212,0.43971356749534607,0.0,0.0,-0.8981363773345947,0.43838030099868774,0.0,0.0,-0.8987789750099182,-0.03412224009495679
-499.49629085288706,272.7593641278594,0.0,9.44417007146836,0.43953850865364075,0.0,0.0,-0.898222029209137,0.43850263953208923,0.0,0.0,-0.8987196087837219,-0.44285604634283915
-501.79058515604606,274.53103027972793,0.0,9.451866593543421,0.43932682275772095,0.0,0.0,-0.8983254432678223,0.43860480189323425,0.0,0.0,-0.8986700773239136,-0.03451095333107096
-504.08637409706216,276.3060235270165,0.0,9.460345489616868,0.4390780031681061,0.0,0.0,-0.8984468579292297,0.43868550658226013,0.0,0.0,-0.8986310958862305,-0.4432842734172557
-506.3837461259996,278.0847752931917,0.0,9.469660000584163,0.4387916922569275,0.0,0.0,-0.8985863924026489,0.43874379992485046,0.0,0.0,-0.8986030220985413,-0.03498138317790406
-508.6828016956785,279.8677293305161,0.0,9.479863367340762,0.4384675920009613,0.0,0.0,-0.8987441658973694,0.4387786090373993,0.0,0.0,-0.8985864520072937,-0.44379959497061927
-510.98365313253,281.6553420403928,0.0,9.491008830782139,0.4381054937839508,0.0,0.0,-0.8989201784133911,0.43878883123397827,0.0,0.0,-0.898581862449646,-0.035544285371912954
-513.2864244970588,283.4480828186382,0.0,9.503149631803753,0.437705397605896,0.0,0.0,-0.8991143703460693,0.43877339363098145,0.0,0.0,-0.8985897898674011,-0.4444127667393877
-515.5912514337443,285.2464344261056,0.0,9.516339011301069,0.4372672140598297,0.0,0.0,-0.899326741695404,0.43873172998428345,0.0,0.0,-0.8986104726791382,-0.03621041564955518
-517.8982328041853,287.05085563199845,0.0,9.530431007392579,0.4367910325527191,0.0,0.0,-0.8995571732521057,0.4386623501777649,0.0,0.0,-0.8986446857452393,-0.4451244837137064
-520.2072169803896,288.86161342763825,0.0,9.544396094063085,0.4362770617008209,0.0,0.0,-0.89980548620224,0.4385647177696228,0.0,0.0,-0.8986925482749939,-0.03691572305715651
-522.5177433829643,290.6787344660849,0.0,9.556959855558992,0.4357255697250366,0.0,0.0,-0.9000715017318726,0.4384380578994751,0.0,0.0,-0.8987544775009155,-0.44575901712259053
-524.8290436073631,292.50200209495966,0.0,9.5668478670993,0.4351367950439453,0.0,0.0,-0.9003549218177795,0.43828126788139343,0.0,0.0,-0.8988309502601624,-0.03741511757939431
-527.1400427889666,294.330952823983,0.0,9.572785703903012,0.4345112442970276,0.0,0.0,-0.9006555080413818,0.4380941390991211,0.0,0.0,-0.8989220857620239,-0.44605890787025276
-529.4493612039093,296.16487222820075,0.0,9.573498941189126,0.4338493347167969,0.0,0.0,-0.9009729027748108,0.4378758668899536,0.0,0.0,-0.8990281224250793,-0.03745113966455155
-531.7553161022371,298.0027902958248,0.0,9.56771315417665,0.43315160274505615,0.0,0.0,-0.9013068079948425,0.4376256763935089,0.0,0.0,-0.899149477481842,-0.4457666964049762
-534.055923766829,299.84347623742997,0.0,9.554153918084578,0.4324187934398651,0.0,0.0,-0.9016567468643188,0.4373430013656616,0.0,0.0,-0.8992863893508911,-0.03676632976091154
-536.3489017876974,301.68543278260313,0.0,9.531546808131914,0.4316515624523163,0.0,0.0,-0.9020223021507263,0.4370279908180237,0.0,0.0,-0.8994386792182922,-0.4446249231750437
-538.6316715368471,303.5268900010258,0.0,9.498617399537657,0.43085095286369324,0.0,0.0,-0.9024028182029724,0.43667981028556824,0.0,0.0,-0.8996066451072693,-0.03510322831675716
-540.9013610718503,305.3657988987329,0.0,9.454092301281555,0.43001788854599,0.0,0.0,-0.9027978777885437,0.4362986087799072,0.0,0.0,-0.8997902274131775,-0.442376180838877
-543.1549366497167,307.19992944561795,0.0,9.397235111857484,0.4291535019874573,0.0,0.0,-0.9032067656517029,0.43588414788246155,0.0,0.0,-0.8999894261360168,-0.03223165309331916
-545.3895434126366,309.0271426601976,0.0,9.328723360948723,0.42825862765312195,0.0,0.0,-0.903628945350647,0.4354366958141327,0.0,0.0,-0.900204062461853,-0.43891599139904064
-547.6025605579218,310.8454356384599,0.0,9.249464546430492,0.4273334741592407,0.0,0.0,-0.9040643572807312,0.4349561333656311,0.0,0.0,-0.900434136390686,-0.028228682663105353
-549.7916009883177,312.65294260924895,0.0,9.160366166178028,0.42637744545936584,0.0,0.0,-0.9045130014419556,0.4344431459903717,0.0,0.0,-0.9006792306900024,-0.4344160732044718
-551.9545107478056,314.44793650280855,0.0,9.062335718066539,0.42538905143737793,0.0,0.0,-0.9049755334854126,0.43389788269996643,0.0,0.0,-0.9009391665458679,-0.02327764993020187
-554.0893682549715,316.22883100223055,0.0,8.956280699971263,0.42436549067497253,0.0,0.0,-0.905453085899353,0.43332281708717346,0.0,0.0,-0.9012181758880615,-0.4290597591592558
-556.194483348115,317.9941830426602,0.0,8.843108609767413,0.4233063757419586,0.0,0.0,-0.9059559106826782,0.4327166974544525,0.0,0.0,-0.9015113115310669,-0.017561887798694276
-558.2683953616622,319.7426950460307,0.0,8.723723593499837,0.4222016930580139,0.0,0.0,-0.9064770936965942,0.4320802092552185,0.0,0.0,-0.9018182754516602,-0.4230302128831157
-560.3098282274113,321.47318110322607,0.0,8.59884592827822,0.42104434967041016,0.0,0.0,-0.9070199728012085,0.43141409754753113,0.0,0.0,-0.9021387696266174,-0.011254935009723632
-562.317624096018,323.18451400690645,0.0,8.468920389130492,0.4198254644870758,0.0,0.0,-0.9075886011123657,0.4307195544242859,0.0,0.0,-0.9024720788002014,-0.41646831696656383
-564.2907372314397,324.87562256554213,0.0,8.334369127983026,0.41853445768356323,0.0,0.0,-0.908187747001648,0.429996520280838,0.0,0.0,-0.9028182029724121,-0.0044594167699525955
-566.2282332174859,326.5454936062129,0.0,8.195614296762193,0.4171585738658905,0.0,0.0,-0.9088230133056641,0.42924681305885315,0.0,0.0,-0.9031760692596436,-0.4094604972079359
-568.1292880961556,328.1931741377506,0.0,8.053078047394362,0.41568318009376526,0.0,0.0,-0.9095008373260498,0.42847123742103577,0.0,0.0,-0.9035453796386719,0.0027393837031702284
-569.9931874466786,329.8177736526207,0.0,7.907182531805914,0.41409099102020264,0.0,0.0,-0.9102284908294678,0.4276711344718933,0.0,0.0,-0.903925359249115,-0.40209203682468103
-571.819325414301,331.41846654567274,0.0,7.758349901923224,0.41236215829849243,0.0,0.0,-0.9110143184661865,0.42684730887413025,0.0,0.0,-0.9043156504631042,0.010256183192195012
-573.6072036978741,332.9944946278657,0.0,7.607002309672656,0.4104740023612976,0.0,0.0,-0.9118676781654358,0.42600110173225403,0.0,0.0,-0.9047152996063232,-0.3944482190342483
-575.3564305052397,334.5451697132636,0.0,7.453561906980588,0.4084002375602722,0.0,0.0,-0.9127992391586304,0.4251333475112915,0.0,0.0,-0.9051240086555481,0.01800569847967315
-577.0667193551056,336.06987614165485,0.0,7.298450289992457,0.4061109721660614,0.0,0.0,-0.9138206839561462,0.42424651980400085,0.0,0.0,-0.9055407643318176,-0.38661429898434263
-578.7378317202676,337.5680228546145,0.0,7.141848372995792,0.4035721719264984,0.0,0.0,-0.9149453043937683,0.4233381152153015,0.0,0.0,-0.9059662818908691,0.0259148862067774
-580.3694326295931,339.0389151127608,0.0,6.983321461180829,0.4007449746131897,0.0,0.0,-0.9161876440048218,0.42239153385162354,0.0,0.0,-0.9064085483551025,-0.37860788929671824
-581.9603727141382,340.4820662679446,0.0,6.822337836085401,0.3975875675678253,0.0,0.0,-0.9175626039505005,0.42136645317077637,0.0,0.0,-0.9068860411643982,0.0340453723227081
-583.5064478687827,341.89826998362224,0.0,6.658365779247337,0.39406293630599976,0.0,0.0,-0.91908198595047,0.42022114992141724,0.0,0.0,-0.9074177145957947,-0.3703264722846948
-585.0030504303753,343.2883291157759,0.0,6.490873572204467,0.3901415765285492,0.0,0.0,-0.9207536578178406,0.41891929507255554,0.0,0.0,-0.9080198407173157,0.04250457469861063
-586.4461080450109,344.6526050109886,0.0,6.319329496494623,0.385799765586853,0.0,0.0,-0.9225815534591675,0.41742822527885437,0.0,0.0,-0.9087066650390625,-0.36166263007712696
-587.832070265173,345.991023125563,0.0,6.143201833655627,0.381019651889801,0.0,0.0,-0.9245660901069641,0.41572245955467224,0.0,0.0,-0.9094886779785156,0.051399911205630644
-589.1578963335429,347.30307820953504,0.0,5.96195886522531,0.3757891058921814,0.0,0.0,-0.9267045259475708,0.41377875208854675,0.0,0.0,-0.9103749394416809,-0.35250894480286854
-590.4211159978514,348.5879144768405,0.0,5.775404117779603,0.3701011538505554,0.0,0.0,-0.9289909601211548,0.4115789234638214,0.0,0.0,-0.9113718271255493,0.060821868147333036
-591.6204170397959,349.84498203236626,0.0,5.586196664622712,0.363954097032547,0.0,0.0,-0.9314165115356445,0.4091091752052307,0.0,0.0,-0.9124833345413208,-0.34295301282524776
-592.7558591142671,351.0744188931824,0.0,5.3984398746905695,0.3573506474494934,0.0,0.0,-0.9339699745178223,0.4063597321510315,0.0,0.0,-0.9137111902236938,0.07030453430552208
-593.8287410422114,352.2771316273827,0.0,5.216248298532877,0.3502977788448334,0.0,0.0,-0.9366379976272583,0.40332090854644775,0.0,0.0,-0.9150567054748535,-0.3337514180698088
-594.8414511620268,353.4548795801184,0.0,5.043736486699331,0.3428061306476593,0.0,0.0,-0.9394057989120483,0.3999863564968109,0.0,0.0,-0.9165194630622864,0.07901725207489313
-595.7973006767032,354.6103529262022,0.0,4.884978363743972,0.33488866686820984,0.0,0.0,-0.9422574639320374,0.3963530957698822,0.0,0.0,-0.9180967807769775,-0.3257333310518614
-596.6999787894111,355.7467708209699,0.0,4.742013598373245,0.32656052708625793,0.0,0.0,-0.9451760649681091,0.3924153745174408,0.0,0.0,-0.919786810874939,0.0862376947703844
-597.5529075395172,356.86721954165614,0.0,4.61394108452881,0.3178389370441437,0.0,0.0,-0.9481444358825684,0.38817161321640015,0.0,0.0,-0.9215858578681946,-0.31926502227183945
-598.3591782193619,357.9746029051731,0.0,4.4996300313267925,0.3087424635887146,0.0,0.0,-0.9511454701423645,0.38361817598342896,0.0,0.0,-0.923490583896637,0.09201098028563784
-599.1215434251673,359.0716419614802,0.0,4.397949647883296,0.2992914021015167,0.0,0.0,-0.954161524772644,0.378754585981369,0.0,0.0,-0.9254960417747498,-0.3141296493706528
-599.8424164569415,360.16087140805513,0.0,4.307769143314436,0.2895072102546692,0.0,0.0,-0.9571755528450012,0.37357866764068604,0.0,0.0,-0.9275974631309509,0.09656555122345906
-600.5238768322653,361.24463328846946,0.0,4.227957726736322,0.2794126570224762,0.0,0.0,-0.9601708650588989,0.3680892884731293,0.0,0.0,-0.9297895431518555,-0.3100987697454955
-601.1676809779701,362.3250683941462,0.0,4.157384607265065,0.2690315246582031,0.0,0.0,-0.9631310701370239,0.3622860312461853,0.0,0.0,-0.9320660829544067,0.1001298501866538
-601.7752774056669,363.4041056728141,0.0,4.09491899401678,0.2583881616592407,0.0,0.0,-0.9660409092903137,0.3561679720878601,0.0,0.0,-0.9344210624694824,-0.3069439407935619
-602.3478258689114,364.48344985648646,0.0,4.039430096107573,0.24750739336013794,0.0,0.0,-0.9688857793807983,0.34973710775375366,0.0,0.0,-0.9368469715118408,0.10293231977802794
-602.8862201473808,365.56456745301045,0.0,3.989787122653562,0.23641473054885864,0.0,0.0,-0.9716520309448242,0.34299328923225403,0.0,0.0,-0.9393370151519775,-0.30443671991204624
-603.3911142117092,366.6486711959944,0.0,3.944859282770853,0.22513580322265625,0.0,0.0,-0.9743271470069885,0.3359389305114746,0.0,0.0,-0.9418829679489136,0.10520140260038699
-603.8629515955238,367.7367030161881,0.0,3.903515785575559,0.21369606256484985,0.0,0.0,-0.9768999218940735,0.32857733964920044,0.0,0.0,-0.9444763660430908,-0.30234866449814246
-604.3019979321591,368.8293158152741,0.0,3.86462666071894,0.20212073624134064,0.0,0.0,-0.9793604016304016,0.32091256976127625,0.0,0.0,-0.9471081495285034,0.10716549981536774
-604.7084046916762,369.92693364197083,0.0,3.827338920970883,0.1904343217611313,0.0,0.0,-0.9816997647285461,0.312951922416687,0.0,0.0,-0.9497683048248291,-0.3004654453189477
-605.0823030788301,371.0299287936552,0.0,3.7914780300281046,0.17866109311580658,0.0,0.0,-0.9839105010032654,0.3047145903110504,0.0,0.0,-0.95244300365448,0.10897665592358888
-605.4240166879442,372.1380171375625,0.0,3.7569714176452655,0.166822150349617,0.0,0.0,-0.9859868288040161,0.2962287366390228,0.0,0.0,-0.9551163911819458,-0.2987226871177942
-605.7342185404223,373.24976153090904,0.0,3.7237465135770282,0.15493366122245789,0.0,0.0,-0.9879247546195984,0.28751808404922485,0.0,0.0,-0.9577746987342834,0.11065468138158066
-606.0135818038952,374.3636742356208,0.0,3.6917307475780547,0.14300715923309326,0.0,0.0,-0.9897215366363525,0.2786046266555786,0.0,0.0,-0.9604053497314453,-0.2971057292390582
-606.2627407107962,375.4783408891817,0.0,3.660851549403008,0.13105104863643646,0.0,0.0,-0.9913755059242249,0.26950785517692566,0.0,0.0,-0.9629976749420166,0.1122142368449669
-606.4822933500715,376.59241298092235,0.0,3.6310363488065494,0.11906946450471878,0.0,0.0,-0.9928857684135437,0.2602432072162628,0.0,0.0,-0.9655426144599915,-0.29559991102711586
-606.6728044410913,377.7046010281589,0.0,3.602212575543341,-0.10706426203250885,0.0,0.0,0.9942519068717957,0.25082671642303467,0.0,0.0,-0.9680314660072327,0.11366998296937136
-606.834808091161,378.81366841384977,0.0,3.5743076593680447,-0.0950344130396843,0.0,0.0,0.9954738616943359,0.24127168953418732,0.0,0.0,-0.9704570770263672,-0.29419057182634334
-606.9688105379788,379.9184258504529,0.0,3.5472490300353248,-0.08297619968652725,0.0,0.0,0.9965513944625854,0.23158717155456543,0.0,0.0,-0.9728136658668518,0.11503658041041784
-607.0752928783107,381.01772643741026,0.0,3.5209641172998407,-0.07088329643011093,0.0,0.0,0.9974845051765442,0.22177962958812714,0.0,0.0,-0.9750962853431702,-0.29286305098111687
-607.154713784044,382.11046128219493,0.0,3.495380350916254,-0.05874938517808914,0.0,0.0,0.9982725977897644,0.21185828745365143,0.0,0.0,-0.9772998094558716,0.11632868982373032
-607.2075122066398,383.19555565710067,0.0,3.47042516063923,-0.04656617343425751,0.0,0.0,0.9989150762557983,0.20182572305202484,0.0,0.0,-0.9794209599494934,-0.2916026878358126
-607.2341100708484,384.2719656659912,0.0,3.446025976223429,-0.034323930740356445,0.0,0.0,0.9994106292724609,-0.19168618321418762,0.0,0.0,0.9814558029174805,0.11756097186493236
-607.2349149583548,385.338675397017,0.0,3.422110227423513,-0.02201167494058609,0.0,0.0,0.9997576475143433,-0.18144381046295166,0.0,0.0,0.9834009408950806,-0.29039482173480674
-607.2103227818155,386.39469453890064,0.0,3.398605343994144,-0.009616980329155922,0.0,0.0,0.9999536275863647,-0.17109794914722443,0.0,0.0,0.9852536916732788,0.11874808718964794
-607.1607204494978,387.4390564397633,0.0,3.3754387556899843,0.002871876582503319,0.0,0.0,0.999995768070221,-0.16064804792404175,0.0,0.0,0.9870113134384155,-0.2892247920224754
-607.0864885204863,388.47081658865443,0.0,3.352537892265696,0.015468677505850792,0.0,0.0,0.999880313873291,-0.150095596909523,0.0,0.0,0.9886711835861206,0.11990469645350088
-606.9880038501241,389.48905150091815,0.0,3.3298301834759414,0.028186656534671783,0.0,0.0,0.9996026754379272,-0.1394367814064026,0.0,0.0,0.9902307391166687,-0.28807793804319487
-606.8656422250587,390.49285798933795,0.0,3.3072430590753816,0.04104062169790268,0.0,0.0,0.9991574883460999,-0.1286666989326477,0.0,0.0,0.9916875958442688,0.121045460312115
-606.7197809869331,391.48135280361174,0.0,3.284703948818681,0.054044242948293686,0.0,0.0,0.998538613319397,-0.11778224259614944,0.0,0.0,0.9930391907691956,-0.28693959914134126
-606.550801643419,392.4536726211564,0.0,3.2621402824605,0.06721141934394836,0.0,0.0,0.9977388381958008,-0.10678153485059738,0.0,0.0,0.9942822456359863,0.122185039421114
-606.3590924649174,393.4089743725058,0.0,3.239479489755501,0.08055637776851654,0.0,0.0,0.9967500567436218,-0.095656618475914,0.0,0.0,0.995414137840271,-0.2857951146612908
-606.1450510648721,394.3464358846801,0.0,3.216649000458346,0.0940927267074585,0.0,0.0,0.9955634474754333,-0.08440225571393967,0.0,0.0,0.9964315891265869,0.12333809443612184
-605.9090869612363,395.26525682585,0.0,3.193576244323696,0.10783180594444275,0.0,0.0,0.9941692352294922,-0.0730137974023819,0.0,0.0,0.9973307847976685,-0.28462982394741965
-605.6516241162099,396.16465993441983,0.0,3.1701886511062165,0.12178376317024231,0.0,0.0,0.9925566911697388,-0.06148085370659828,0.0,0.0,0.9981081485748291,0.12451928601276227
-605.3731016330755,397.0438979827573,0.0,3.1464333732474907,0.13595691323280334,0.0,0.0,0.9907147884368896,-0.04979991912841797,0.0,0.0,0.9987591505050659,-0.28343006243940316
-605.0739601500734,397.90229720522865,0.0,3.122412171032324,0.1503554880619049,0.0,0.0,0.9886320233345032,-0.03796283155679703,0.0,0.0,0.9992791414260864,0.12573247804383123
-604.7546302001297,398.73927447499176,0.0,3.0982997194098463,0.16498225927352905,0.0,0.0,0.9862964749336243,-0.025963544845581055,0.0,0.0,0.9996628761291504,-0.28221226185240933
-604.4155256975108,399.55433279274405,0.0,3.0742711223462265,0.1798332780599594,0.0,0.0,0.9836970567703247,-0.013793868944048882,0.0,0.0,0.9999048709869385,0.12694604355209488
-604.0570375194656,400.34705600926344,0.0,3.0505014838076403,0.1949026882648468,0.0,0.0,0.9808225631713867,-0.001447443850338459,0.0,0.0,0.999998927116394,-0.2810117750575313
-603.6795271529879,401.1171029433951,0.0,3.027165907760256,0.21017786860466003,0.0,0.0,0.9776630997657776,0.011081456206738949,0.0,0.0,0.9999386072158813,0.1281246079989325
-603.283320407431,401.8642009314259,0.0,3.004439498170247,0.22564254701137543,0.0,0.0,0.9742100238800049,0.023802056908607483,0.0,0.0,0.9997166991233826,-0.2798639765933894
-602.8687011909359,402.58813883984783,0.0,2.9824973590037827,0.24127395451068878,0.0,0.0,0.9704568386077881,0.03672012314200401,0.0,0.0,0.9993256330490112,0.1292327968457236
-602.4359053457694,403.28875956876175,0.0,2.961514594227034,0.25704425573349,0.0,0.0,0.9663994312286377,0.049840863794088364,0.0,0.0,0.9987572431564331,-0.2788042409986041
-601.9851145347191,403.96595206765943,0.0,2.941666307806175,0.2729201316833496,0.0,0.0,0.9620364308357239,0.06317000836133957,0.0,0.0,0.9980029463768005,0.13023523555384783
-601.5164501676472,404.61964287905516,0.0,2.9231276037073752,0.2888633608818054,0.0,0.0,0.9573700428009033,0.07671184837818146,0.0,0.0,0.9970534443855286,-0.27786794281179605
-601.0299673541898,405.2497872184659,0.0,2.906073585896806,0.3048313558101654,0.0,0.0,0.9524062275886536,0.09046943485736847,0.0,0.0,0.9958992600440979,0.13109654958468464
-600.5256488653806,405.8563595915442,0.0,2.8906793583406394,0.3207765221595764,0.0,0.0,0.9471548795700073,0.10444632172584534,0.0,0.0,0.9945305585861206,-0.2770904565715856
-600.0033990836952,406.43934394079713,0.0,2.8771200250050457,0.3366488814353943,0.0,0.0,0.9416302442550659,0.11864617466926575,0.0,0.0,0.9929366707801819,0.1317813643996136
-599.4630383677925,406.99872285669534,0.0,2.8655683465684616,0.3523963391780853,0.0,0.0,0.9358508586883545,0.1330614686012268,0.0,0.0,0.9911077618598938,-0.2765070384687278
-598.9043231841613,407.53446176540933,0.0,2.856100283772368,0.3679637908935547,0.0,0.0,0.9298399686813354,0.14766773581504822,0.0,0.0,0.989037036895752,0.1322595493893153
-598.3272226784469,408.0469437164913,0.0,2.848662647312903,0.38329988718032837,0.0,0.0,0.9236237406730652,0.16242529451847076,0.0,0.0,0.9867208003997803,-0.2761314002637043
-597.7319911771727,408.53709214507745,0.0,2.8431932654955303,0.3983593285083771,0.0,0.0,0.9172292351722717,0.1772940754890442,0.0,0.0,0.9841578602790833,0.1325357807942331
-597.1188588422358,409.00579613498945,0.0,2.8396299666257128,0.41310298442840576,0.0,0.0,0.9106840491294861,0.19223299622535706,0.0,0.0,0.9813492298126221,-0.27595143567431957
-596.4880156400666,409.45387568285764,0.0,2.8379105790089145,0.42749860882759094,0.0,0.0,0.9040157794952393,0.20720519125461578,0.0,0.0,0.9782973527908325,0.13262261855265722
-595.8396169582528,409.8820870595709,0.0,2.8379729309505985,0.441519170999527,0.0,0.0,0.8972516655921936,0.2221716046333313,0.0,0.0,0.9750074744224548,-0.2759545847622834
-595.17378895576,410.2911279233469,0.0,2.8397548507562282,0.45514315366744995,0.0,0.0,0.8904180526733398,0.23710207641124725,0.0,0.0,0.9714846611022949,0.13253262260287793
-594.4906336704967,410.68164220704364,0.0,2.8431941667312683,0.46835359930992126,0.0,0.0,0.8835409283638,0.2519603669643402,0.0,0.0,0.9677374362945557,-0.27612828758930563
-593.7902339056365,411.05422480027454,0.0,2.848228707181181,0.4811377227306366,0.0,0.0,0.8766447305679321,0.26671725511550903,0.0,0.0,0.9637748003005981,0.13227835288318537
-593.0726579139083,411.4094260449147,0.0,2.8547963004114294,0.49348706007003784,0.0,0.0,0.869752824306488,0.28134283423423767,0.0,0.0,0.9596073031425476,-0.27645998421709594
-592.3379638969498,411.74775606070733,0.0,2.862834774727477,0.5053963661193848,0.0,0.0,0.8628870844841003,0.2958107888698578,0.0,0.0,0.9552464485168457,0.13187236933186983
-591.5862043348151,412.06968891588065,0.0,2.872281958434789,0.5168631672859192,0.0,0.0,0.8560678362846375,0.3100990653038025,0.0,0.0,0.9507040977478027,-0.2769371147073642
-590.8174301587997,412.37566665595847,0.0,2.8830756798388273,0.527887761592865,0.0,0.0,0.8493139147758484,0.3241842985153198,0.0,0.0,0.9459938406944275,0.13132723188722142
-590.0316947789045,412.66610320229876,0.0,2.8951537672450542,0.5384728312492371,0.0,0.0,0.8426426649093628,0.3380471467971802,0.0,0.0,0.9411290287971497,-0.2775471191218201
-589.2290579755035,412.9413881303025,0.0,2.908454048958935,0.5486224889755249,0.0,0.0,0.8360700011253357,0.3516698479652405,0.0,0.0,0.9361239671707153,0.13065550048753047
-588.409589663083,413.2018903357175,0.0,2.922914353285934,0.5583423376083374,0.0,0.0,0.8296104669570923,0.3650391399860382,0.0,0.0,0.930992066860199,-0.2782774375221736
-587.5733735323076,413.4479615959892,0.0,2.9384725085315115,0.5676394104957581,0.0,0.0,0.8232771158218384,0.3781397342681885,0.0,0.0,0.9257484078407288,0.12986973507108718
-586.720510575107,413.6799400322076,0.0,2.955066343001135,0.5765217542648315,0.0,0.0,0.81708163022995,0.3909611999988556,0.0,0.0,0.9204069972038269,-0.2791155099701344
-585.8511224959941,413.89815347584346,0.0,2.972633685000263,0.5849981307983398,0.0,0.0,0.8110344409942627,0.4034935235977173,0.0,0.0,0.9149823188781738,0.12898249557618174
-584.9653550113925,414.1029227431652,0.0,2.9911123628343637,0.5930783152580261,0.0,0.0,0.8051445484161377,0.4157291352748871,0.0,0.0,0.9094882607460022,-0.2800487765274122
-584.0633810373877,414.294564818979,0.0,3.0104402048088965,0.6007719039916992,0.0,0.0,0.7994201183319092,0.4276595711708069,0.0,0.0,0.9039396047592163,0.12800634194110433
-583.1454037650044,414.47339595013625,0.0,3.030555039229328,0.6080901622772217,0.0,0.0,0.7938675284385681,0.439279705286026,0.0,0.0,0.8983500599861145,-0.2810646772557168
-582.2116596208723,414.6397346481089,0.0,3.0513946944011208,0.6150445342063904,0.0,0.0,0.78849196434021,0.4505871534347534,0.0,0.0,0.8927321434020996,0.12695383410414507
-581.2624211099445,414.79390459882893,0.0,3.072896998629737,0.6216465830802917,0.0,0.0,0.7832975387573242,0.4615780711174011,0.0,0.0,0.8870992660522461,-0.28215065221675806
-580.2979995358208,414.936237476955,0.0,3.0949997802206397,0.6279085874557495,0.0,0.0,0.7782868146896362,0.4722512364387512,0.0,0.0,0.8814636468887329,0.12583753200359443
-579.3187475931467,415.06707566072873,0.0,3.1176408674792975,0.6338430643081665,0.0,0.0,0.7734614610671997,0.48260432481765747,0.0,0.0,0.8758381009101868,-0.28329414147224585
-578.3250618255693,415.1867748426524,0.0,3.1407580887111664,0.6394632458686829,0.0,0.0,0.7688215374946594,0.49263814091682434,0.0,0.0,0.8702338337898254,0.12466999557774253
-577.3173849417934,415.2957065303344,0.0,3.164289272221716,0.6447826027870178,0.0,0.0,0.7643658518791199,0.5023525357246399,0.0,0.0,0.8646624684333801,-0.2844825850838898
-576.296207981405,415.3942604310253,0.0,3.188172246316405,0.649814784526825,0.0,0.0,0.7600924372673035,0.5117488503456116,0.0,0.0,0.8591346144676208,0.12346378476487946
-575.2620723213373,415.4828467126048,0.0,3.2123448393006986,0.6545736193656921,0.0,0.0,0.7559982538223267,0.5208285450935364,0.0,0.0,0.8536608815193176,-0.2857034231133996
-574.2155715131262,415.56189813307486,0.0,3.2367448794800633,0.6590734124183655,0.0,0.0,0.7520785331726074,0.5295943021774292,0.0,0.0,0.8482506275177002,0.12223145950329539
-573.1573529404469,415.63187202997585,0.0,3.2613101951599566,0.6633289456367493,0.0,0.0,0.7483277916908264,0.5380479693412781,0.0,0.0,0.842913806438446,-0.28694409562248513
-572.0881192858532,415.69325216057246,0.0,3.285978614645848,0.6673550605773926,0.0,0.0,0.7447395324707031,0.5461910367012024,0.0,0.0,0.8376601338386536,0.12098557973128071
-571.0086297951509,415.74655038315166,0.0,3.310687966243197,0.671167254447937,0.0,0.0,0.7413057684898376,0.5540286898612976,0.0,0.0,0.8324970006942749,-0.2881920426728563
-569.919701327423,415.7923081693493,0.0,3.3353760782574664,0.674781084060669,0.0,0.0,0.738017737865448,0.561562180519104,0.0,0.0,0.8274340033531189,0.1197387053871257
-568.8221925045314,415.8310984745247,0.0,3.360031827566016,0.6782124638557434,0.0,0.0,0.7348655462265015,0.5687945485115051,0.0,0.0,0.8224790692329407,-0.28943728253692447
-567.7169335376435,415.86352828811806,0.0,3.384861069346524,0.6814782023429871,0.0,0.0,0.7318381667137146,0.5757306218147278,0.0,0.0,0.8176388144493103,0.118484703276999
-566.6047063946818,415.8902360748355,0.0,3.4101272969383425,0.684594988822937,0.0,0.0,0.7289234399795532,0.5823807716369629,0.0,0.0,0.8129156231880188,-0.29071335463752135
-565.4859532291732,415.91164878461115,0.0,3.4360940041306582,0.6875795722007751,0.0,0.0,0.7261087894439697,0.5887613892555237,0.0,0.0,0.8083064556121826,0.11717325341880125
-564.3604658442391,415.9277232050922,0.0,3.463024684712662,0.6904470324516296,0.0,0.0,0.7233827114105225,0.5948874354362488,0.0,0.0,0.8038085103034973,-0.2920734900204508
-563.2278847121951,415.93835440660285,0.0,3.4911828324735414,0.6932103037834167,0.0,0.0,0.7207350134849548,0.6007747054100037,0.0,0.0,0.7994179129600525,0.11575112474400934
-562.0877679025048,415.9434297304226,0.0,3.5208319412024855,0.695881724357605,0.0,0.0,0.718156099319458,0.606436550617218,0.0,0.0,0.7951314449310303,-0.2935709197542359
-560.9395918827145,415.9428265969061,0.0,3.5522355046886838,0.6984717845916748,0.0,0.0,0.7156372666358948,0.6118865609169006,0.0,0.0,0.7909451723098755,0.11416508618410035
-559.7827523305514,415.9364102776911,0.0,3.585657016721325,0.7009900212287903,0.0,0.0,0.7131708264350891,0.6171371340751648,0.0,0.0,0.7868552207946777,-0.29525887490739955
-558.61656495904,415.924031626597,0.0,3.621359971089598,0.7034450769424438,0.0,0.0,0.7107494473457336,0.622200608253479,0.0,0.0,0.7828575372695923,0.11236190667055118
-557.4402663567674,415.9055247630003,0.0,3.659607861582693,0.705844521522522,0.0,0.0,0.7083666920661926,0.6270878911018372,0.0,0.0,0.7789482474327087,-0.297190586548465
-556.2530148456844,415.8807047007135,0.0,3.7006641819897954,0.7081954479217529,0.0,0.0,0.7060163617134094,0.6318097114562988,0.0,0.0,0.7751232981681824,0.11028835513483895
-555.0538913590702,415.8493649146859,0.0,3.7447924261000964,0.710503876209259,0.0,0.0,0.7036932110786438,0.6363767385482788,0.0,0.0,0.7713781595230103,-0.29941928574595494
-553.8419003424802,415.811274837193,0.0,3.792256087702789,0.712775707244873,0.0,0.0,0.701391875743866,0.6407977342605591,0.0,0.0,0.7677095532417297,0.10789120050844034
-552.6159706812327,415.7661772746226,0.0,3.8433186588985846,0.7150163054466248,0.0,0.0,0.6991075277328491,0.6450820565223694,0.0,0.0,0.7641130685806274,-0.30199820348311635
-551.3750510980159,415.71378998061425,0.0,3.897946681993597,0.7172304391860962,0.0,0.0,0.6968358755111694,0.6492382287979126,0.0,0.0,0.760584831237793,0.1051322094430357
-550.1184672183474,415.65382348430023,0.0,3.954981899573768,0.7194226980209351,0.0,0.0,0.6945722699165344,0.653274416923523,0.0,0.0,0.7571209669113159,-0.3048787700275694
-548.8460023775814,415.58599544034865,0.0,4.012999777238283,0.7215973138809204,0.0,0.0,0.6923126578330994,0.6571990251541138,0.0,0.0,0.7537169456481934,0.1022020136013935
-547.557893123577,415.51004288977407,0.0,4.070575780586333,0.7237580418586731,0.0,0.0,0.6900535821914673,0.6610181331634521,0.0,0.0,0.7503697276115417,-0.30778664898454167
-546.2548245978413,415.42573488668927,0.0,4.126285375217095,0.7259078025817871,0.0,0.0,0.6877917647361755,0.6647387146949768,0.0,0.0,0.7470757365226746,0.09938839771095101
-544.9379258050058,415.33288546399507,0.0,4.178704030674834,0.7280492782592773,0.0,0.0,0.6855245232582092,0.6683670878410339,0.0,0.0,0.7438313961029053,-0.3104340558258416
-543.6086326607051,415.23135639857554,0.0,4.226827811445856,0.7301845550537109,0.0,0.0,0.6832496523857117,0.671908438205719,0.0,0.0,0.7406339645385742,0.09695790373261653
-542.2681900712569,415.1210246670219,0.0,4.271229923343261,0.7323150634765625,0.0,0.0,0.6809656620025635,0.675369381904602,0.0,0.0,0.7374793887138367,-0.31267658672975096
-540.9175380399577,415.00176718534726,0.0,4.312853174300214,0.7344419360160828,0.0,0.0,0.6786713004112244,0.6787530779838562,0.0,0.0,0.7343662977218628,0.0948557193408513
-539.5573146789059,414.8734525664788,0.0,4.352640372249873,0.7365655899047852,0.0,0.0,0.6763657927513123,0.6820654273033142,0.0,0.0,0.7312909960746765,-0.31468604117165294
-538.1878592683266,414.73593272238054,0.0,4.391534325125409,0.7386866807937622,0.0,0.0,0.6740486025810242,0.6853092908859253,0.0,0.0,0.7282519936561584,0.09289137828653127
-536.8092153500169,414.5890343457093,0.0,4.430477840859988,0.7408053278923035,0.0,0.0,0.671719491481781,0.6884894967079163,0.0,0.0,0.7252460718154907,-0.31665288540067205
-535.4211338465676,414.4325502921743,0.0,4.47041372738677,0.7429214715957642,0.0,0.0,0.6693781018257141,0.6916098594665527,0.0,0.0,0.7222709655761719,0.09087441432053214
-534.0230762027962,414.2662308716224,0.0,4.5122847926389245,0.7450355291366577,0.0,0.0,0.6670243740081787,0.6946743726730347,0.0,0.0,0.7193241119384766,-0.3187675856659324
-532.6142175503181,414.08977504335564,0.0,4.5570338445496095,0.747147262096405,0.0,0.0,0.6646581292152405,0.6976861357688904,0.0,0.0,0.7164032459259033,0.0886143611937299
-531.1934499003977,413.90282149931886,0.0,4.6056036910519955,0.7492570877075195,0.0,0.0,0.6622790098190308,0.7006482481956482,0.0,0.0,0.7135065793991089,-0.32122060821655796
-529.7593853741389,413.7049396076118,0.0,4.658937140079248,0.7513651847839355,0.0,0.0,0.6598862409591675,0.7035638093948364,0.0,0.0,0.7106318473815918,0.08592075265700003
-528.3103594826686,413.4956201783185,0.0,4.717976999564527,0.7534722089767456,0.0,0.0,0.6574794054031372,0.7064366340637207,0.0,0.0,0.707775890827179,-0.3242024193016731
-526.8444344732276,413.274266003951,0.0,4.783666077441002,0.7555785775184631,0.0,0.0,0.6550577282905579,0.709269642829895,0.0,0.0,0.7049369215965271,0.08260312246121843
-525.3594027599938,413.0401821179192,0.0,4.856947181641832,0.757685124874115,0.0,0.0,0.6526199579238892,0.712066650390625,0.0,0.0,0.7021113634109497,-0.32790348517040185
-523.8528884790518,412.79258214803406,0.0,4.938441443254969,0.7597928047180176,0.0,0.0,0.6501650214195251,0.7148293256759644,0.0,0.0,0.6992985606193542,0.07848725066257517
-522.3238152957256,412.53083685572375,0.0,5.02395007401886,0.761902391910553,0.0,0.0,0.6476916670799255,0.7175612449645996,0.0,0.0,0.6964950561523438,-0.3322221028857499
-520.7735182464355,412.25471910813684,0.0,5.105560482447109,0.7640146017074585,0.0,0.0,0.6451987624168396,0.7202642560005188,0.0,0.0,0.6936995983123779,0.07436551286316867
-519.205744465311,411.9644883493875,0.0,5.175264408518159,0.766129732131958,0.0,0.0,0.6426858305931091,0.7229397296905518,0.0,0.0,0.6909109950065613,-0.33574250319236865
-517.6259855778861,411.6608473067604,0.0,5.227168967403559,0.7682475447654724,0.0,0.0,0.6401528120040894,0.7255902886390686,0.0,0.0,0.688126802444458,0.07174407049521925
-516.0391386495437,411.3445325588952,0.0,5.26307701943652,0.7703670859336853,0.0,0.0,0.6376004815101624,0.7282153367996216,0.0,0.0,0.6853481531143188,-0.33755604117383137
-514.4489869610453,411.0161866194136,0.0,5.286540963070264,0.7724872827529907,0.0,0.0,0.6350300908088684,0.7308163642883301,0.0,0.0,0.6825738549232483,0.07055902283694937
-512.8582129146482,410.67632200277114,0.0,5.301113196758003,0.7746067643165588,0.0,0.0,0.6324429512023926,0.7333937287330627,0.0,0.0,0.6798038482666016,-0.33829201257220204
-511.2684109669674,410.32528504906037,0.0,5.31034611895296,0.7767241597175598,0.0,0.0,0.6298406720161438,0.7359474897384644,0.0,0.0,0.677038311958313,0.07009271363518382
-509.68010042405814,409.96321996322877,0.0,5.317792128108356,0.7788381576538086,0.0,0.0,0.627224862575531,0.7384784817695618,0.0,0.0,0.6742766499519348,-0.3386680736406563
-508.0927380015668,409.5900333384471,0.0,5.327003622677406,0.7809469699859619,0.0,0.0,0.6245971322059631,0.7409859299659729,0.0,0.0,0.6715201735496521,0.06962748663674695
-506.50473011560666,409.2053592580877,0.0,5.341533001113331,0.7830496430397034,0.0,0.0,0.6219589710235596,0.7434712648391724,0.0,0.0,0.6687675714492798,-0.3394018806323697
-504.9134449281546,408.8085249061085,0.0,5.364932661869349,0.7851452231407166,0.0,0.0,0.6193114519119263,0.745935320854187,0.0,0.0,0.666018009185791,0.0684456855884632
-503.3152525977797,408.3985238424828,0.0,5.4006590120473295,0.7872329950332642,0.0,0.0,0.6166555285453796,0.7483788728713989,0.0,0.0,0.6632710099220276,-0.3412062417524697
-501.70642987558637,407.97422151320865,0.0,5.449140042715245,0.7893126010894775,0.0,0.0,0.613991379737854,0.7508024573326111,0.0,0.0,0.6605263352394104,0.06599714868604317
-500.08421163101264,407.5346395078334,0.0,5.507234161114552,0.7913838624954224,0.0,0.0,0.6113194823265076,0.7532072067260742,0.0,0.0,0.657782793045044,-0.34414028813627306
-498.4468402977939,407.0790029523047,0.0,5.571594631640718,0.7934466004371643,0.0,0.0,0.6086398363113403,0.7555944323539734,0.0,0.0,0.655039370059967,0.06274661987159041
-496.7935544304224,406.60677302399534,0.0,5.638874718689191,0.7955006957054138,0.0,0.0,0.6059525609016418,0.7579648494720459,0.0,0.0,0.6522951126098633,-0.34753827233064044
-495.1245772079179,406.11767977100754,0.0,5.705727724869263,0.7975459694862366,0.0,0.0,0.6032580733299255,0.7603190541267395,0.0,0.0,0.6495496034622192,0.059370205418051436
-493.4409103182823,405.61169609792563,0.0,5.769474487993655,0.7995823621749878,0.0,0.0,0.6005563735961914,0.7626577019691467,0.0,0.0,0.6468021273612976,-0.35075780582177135
-491.74363604266813,405.08884988026443,0.0,5.829803967355772,0.801609218120575,0.0,0.0,0.5978482961654663,0.7649814486503601,0.0,0.0,0.6440521478652954,0.05632326201592425
-490.033763838043,404.5491787278643,0.0,5.886930018119346,0.8036262392997742,0.0,0.0,0.5951342582702637,0.7672902941703796,0.0,0.0,0.6412997245788574,-0.3536429599007397
-488.3122310229895,403.9927281051994,0.0,5.941066495448083,0.8056327700614929,0.0,0.0,0.5924150943756104,0.7695849537849426,0.0,0.0,0.6385441422462463,0.05358909649427085
-486.5799034849735,403.41954938244976,0.0,5.992427254505704,0.8076283931732178,0.0,0.0,0.5896915793418884,0.7718650698661804,0.0,0.0,0.6357861161231995,-0.3562369376309225
-484.83757640424477,402.829697829993,0.0,6.041226150455936,0.8096123337745667,0.0,0.0,0.5869647860527039,0.7741308808326721,0.0,0.0,0.6330252289772034,0.051124505789713615
-483.0859749898841,402.22323056805214,0.0,6.087677038462488,0.8115841150283813,0.0,0.0,0.5842353105545044,0.7763825058937073,0.0,0.0,0.6302616596221924,-0.3585829420756978
-481.3257552238595,401.60020448233075,0.0,6.131993773689078,0.8135432004928589,0.0,0.0,0.5815041661262512,0.7786200046539307,0.0,0.0,0.6274954080581665,0.04888628683887569
-479.5575046092883,400.96067411558323,0.0,6.1743902112994355,0.8154889345169067,0.0,0.0,0.5787724852561951,0.7808425426483154,0.0,0.0,0.6247277855873108,-0.3607241762984431
-477.78174291942133,400.3046895442243,0.0,6.215080206457266,0.8174206614494324,0.0,0.0,0.5760411024093628,0.7830506563186646,0.0,0.0,0.6219578981399536,0.04683123657837923
-475.9989229441813,399.63229424824743,0.0,6.254277614326297,0.8193379640579224,0.0,0.0,0.5733107328414917,0.7852436900138855,0.0,0.0,0.6191868185997009,-0.3627038433625356
-474.2094312322172,398.9435229822673,0.0,6.292196287121456,0.821240246295929,0.0,0.0,0.570582389831543,0.7874212861061096,0.0,0.0,0.6164150834083557,0.0449161520937752
-472.41359816001847,398.23840335554604,0.0,6.329017137353955,0.8231271505355835,0.0,0.0,0.5678568482398987,0.7895832657814026,0.0,0.0,0.6136431097984314,-0.36456348226316687
-470.6117317359305,397.51696713419307,0.0,6.3648065478909155,0.8249983787536621,0.0,0.0,0.5651348233222961,0.7917296886444092,0.0,0.0,0.6108711361885071,0.04310860610706002
-468.80415321549054,396.77925245738123,0.0,6.3996060259090015,0.8268535733222961,0.0,0.0,0.5624170303344727,0.793860673904419,0.0,0.0,0.6080994009971619,-0.36632103165801966
-466.9912059407179,396.0253033997313,0.0,6.433457078584885,0.8286922574043274,0.0,0.0,0.5597043633460999,0.7959752082824707,0.0,0.0,0.6053289771080017,0.0413989569820154
-465.1732221075621,395.25516953093,0.0,6.466401213095226,0.8305142521858215,0.0,0.0,0.5569972991943359,0.7980737686157227,0.0,0.0,0.602559506893158,-0.36798487683530967
-463.3505205748898,394.4689054736229,0.0,6.498479936616699,0.8323191404342651,0.0,0.0,0.554296612739563,0.8001559376716614,0.0,0.0,0.5997916460037231,0.03977881943042583
-461.5234069618327,393.66657046058094,0.0,6.529734756325972,0.8341066241264343,0.0,0.0,0.5516030788421631,0.802221953868866,0.0,0.0,0.597025454044342,-0.36956340308325264
-459.6921737485718,392.8482278920993,0.0,6.5602071793997085,0.8358765840530396,0.0,0.0,0.548917293548584,0.8042712807655334,0.0,0.0,0.5942618250846863,0.03823980816407546
-457.85710038048745,392.01394489454043,0.0,6.5899387130145834,0.8376286029815674,0.0,0.0,0.5462401509284973,0.8063037991523743,0.0,0.0,0.5915012955665588,-0.3710649956900645
-456.01845337559894,391.1637918808974,0.0,6.618970864347257,0.839362382888794,0.0,0.0,0.5435721278190613,0.8083193302154541,0.0,0.0,0.588744044303894,0.03677353789474852
-454.17648643523063,390.2978421142095,0.0,6.6473451405744015,0.8410779237747192,0.0,0.0,0.5409137606620789,0.8103176355361938,0.0,0.0,0.5859906077384949,-0.3724980399439607
-452.3314405578391,389.4161712746244,0.0,6.675103048872684,0.8427749276161194,0.0,0.0,0.5382658243179321,0.8122985363006592,0.0,0.0,0.5832415223121643,0.03537162333422922
-450.48354415594366,388.5188570308654,0.0,6.702286096418771,0.8444533348083496,0.0,0.0,0.5356289148330688,0.8142620325088501,0.0,0.0,0.5804973840713501,-0.373870921133157
-448.63301317610586,387.60597861682425,0.0,6.72893579038933,0.8461129069328308,0.0,0.0,0.5330033898353577,0.816207766532898,0.0,0.0,0.5777584314346313,0.034025679194301994
-446.7800512219124,386.6776164139648,0.0,6.755093637961035,0.8477535247802734,0.0,0.0,0.5303900241851807,0.8181355595588684,0.0,0.0,0.5750253796577454,-0.37519202454586936
-444.924849679912,385.7338515401912,0.0,6.780801146310545,0.8493751883506775,0.0,0.0,0.527789294719696,0.820045530796051,0.0,0.0,0.5722984671592712,0.03272732018675095
-443.0675878484714,384.7747654457993,0.0,6.806099822614534,0.8509777188301086,0.0,0.0,0.525201678276062,0.8219373226165771,0.0,0.0,0.5695780515670776,-0.37646973547031326
-441.20843306951457,383.80043951710195,0.0,6.831031174049668,0.8525609374046326,0.0,0.0,0.5226277709007263,0.8238109350204468,0.0,0.0,0.5668649077415466,0.03146816102336031
-439.34754086311665,382.81095468828954,0.0,6.855636707792612,0.8541247844696045,0.0,0.0,0.5200679302215576,0.8256658315658569,0.0,0.0,0.5641597509384155,-0.3777124391947043
-437.4850550649294,381.8063910620561,0.0,6.87995793102004,0.8556694388389587,0.0,0.0,0.5175226926803589,0.8275021910667419,0.0,0.0,0.5614625811576843,0.030239816415914444
-435.6211079664189,380.7868275395011,0.0,6.904036350908614,0.857194721698761,0.0,0.0,0.514992356300354,0.8293198943138123,0.0,0.0,0.5587740540504456,-0.3789285210072586
-433.75582045790566,379.75234145978834,0.0,6.927913474635007,0.8587006330490112,0.0,0.0,0.5124773979187012,0.8311187624931335,0.0,0.0,0.5560948848724365,0.029033901076197632
-431.88930217439776,378.70300825002187,0.0,6.9516308093758825,0.8601872324943542,0.0,0.0,0.5099782347679138,0.8328988552093506,0.0,0.0,0.5534251928329468,-0.3801263661961917
-430.02165164421734,377.6389010857789,0.0,6.975229862307909,0.8616544604301453,0.0,0.0,0.5074952244758606,0.834659993648529,0.0,0.0,0.5507655143737793,0.02784202971599431
-428.15295644042726,376.5600905627217,0.0,6.998752140607757,0.863102376461029,0.0,0.0,0.5050289034843445,0.8364020586013794,0.0,0.0,0.5481162667274475,-0.38131436004971936
-426.283293335065,375.4666443796875,0.0,7.022239151452092,0.8645309805870056,0.0,0.0,0.5025794506072998,0.8381248712539673,0.0,0.0,0.545478343963623,0.02665581704708847
-424.41272845620796,374.35862703364984,0.0,7.045732402017585,0.8659403920173645,0.0,0.0,0.50014728307724,0.839828610420227,0.0,0.0,0.5428513884544373,-0.38250088785605735
-422.54131744788856,373.23609952692016,0.0,7.0692733994809,0.8673305511474609,0.0,0.0,0.497732549905777,0.8415133953094482,0.0,0.0,0.5402359962463379,0.02546687778126444
-420.66910563289366,372.0991190869561,0.0,7.092903651018705,0.868701696395874,0.0,0.0,0.49533572793006897,0.843178927898407,0.0,0.0,0.5376327633857727,-0.38369433490342125
-418.79612817848437,370.94773889912756,0.0,7.1166646638076685,0.8700536489486694,0.0,0.0,0.4929569363594055,0.8448255062103271,0.0,0.0,0.5350416898727417,0.024266826630306715
-416.9224102650819,369.7820078527855,0.0,7.140597945024462,0.8713867664337158,0.0,0.0,0.4905966520309448,0.8464524745941162,0.0,0.0,0.5324640870094299,-0.38490308648002697
-415.0479673400378,368.6019703529418,0.0,7.1647446876865235,0.8727009296417236,0.0,0.0,0.4882550537586212,0.8480603098869324,0.0,0.0,0.5298994183540344,0.023047294172626798
-413.1728119032457,367.40767033175547,0.0,7.189120696431731,0.8739964962005615,0.0,0.0,0.48593229055404663,0.8496490716934204,0.0,0.0,0.5273481607437134,-0.38613419803281523
-411.2969649185012,366.1991585600232,0.0,7.213698117088127,0.8752731680870056,0.0,0.0,0.48362860083580017,0.851218581199646,0.0,0.0,0.5248109698295593,0.02180601030109164
-409.42045683104516,364.9764936505852,0.0,7.23844478711327,0.8765314221382141,0.0,0.0,0.4813443422317505,0.8527688980102539,0.0,0.0,0.5222879648208618,-0.3873840298522669
-407.5433274506773,363.73974235220726,0.0,7.2633285439647155,0.8777713179588318,0.0,0.0,0.4790797233581543,0.8543000817298889,0.0,0.0,0.5197798013687134,0.020549254904554004
-405.6656258326092,362.48897983389185,0.0,7.2883172251000286,0.8789928555488586,0.0,0.0,0.476834774017334,0.8558123707771301,0.0,0.0,0.5172860622406006,-0.38864608445506044
-403.78741015601355,361.2242899593502,0.0,7.313378667976771,0.8801961541175842,0.0,0.0,0.4746098518371582,0.8573057651519775,0.0,0.0,0.5148072242736816,0.019283525466334606
-401.9087476002319,359.94576555135416,0.0,7.338480710052493,0.8813813328742981,0.0,0.0,0.47240516543388367,0.858780026435852,0.0,0.0,0.5123441815376282,-0.3899138643578746
-400.02971421860786,358.65350864567665,0.0,7.3635911887847625,0.8825485706329346,0.0,0.0,0.4702209532260895,0.8602355122566223,0.0,0.0,0.5098967552185059,0.01801531946975532
-398.15039480991305,357.34763073431463,0.0,7.3886779416311335,0.8836979269981384,0.0,0.0,0.4680573046207428,0.8616721630096436,0.0,0.0,0.5074651837348938,-0.3911808720773883
-396.2708827873406,356.02825299768426,0.0,7.41370880604917,0.8848295211791992,0.0,0.0,0.46591445803642273,0.8630900382995605,0.0,0.0,0.5050498247146606,0.016751134398137246
-394.3912800450426,354.6955065254653,0.0,7.438651619496428,0.8859435319900513,0.0,0.0,0.463792622089386,0.8644891381263733,0.0,0.0,0.5026513934135437,-0.39244061013028003
-392.51169682219097,353.34953252576815,0.0,7.463474219430468,0.8870399594306946,0.0,0.0,0.46169203519821167,0.8658696413040161,0.0,0.0,0.5002695918083191,0.015497467734801873
-390.6322515645506,351.9904825222904,0.0,7.488144443308849,0.8881191611289978,0.0,0.0,0.45961278676986694,0.8672318458557129,0.0,0.0,0.49790453910827637,-0.39368658103322857
-388.75307078355,350.6185185391229,0.0,7.512630128589131,0.8891810774803162,0.0,0.0,0.45755523443222046,0.8685753345489502,0.0,0.0,0.49555718898773193,0.014260816963070466
-386.87428891284463,349.2338132728663,0.0,7.536899112728875,0.8902257084846497,0.0,0.0,0.45551955699920654,0.8699005842208862,0.0,0.0,0.49322709441185,-0.3949122873029126
-384.99604816237274,347.83655025171515,0.0,7.560919233185638,0.8912530541419983,0.0,0.0,0.45350614190101624,0.871207594871521,0.0,0.0,0.4909147620201111,0.013047679566264236
-383.118498369903,346.4269239811639,0.0,7.584658327416979,0.8922631740570068,0.0,0.0,0.4515153467655182,0.8724964261054993,0.0,0.0,0.48862043023109436,-0.3961112314560106
-381.2417968500833,345.0051400759953,0.0,7.608084232880459,0.8932561874389648,0.0,0.0,0.449547678232193,0.8737671971321106,0.0,0.0,0.4863443374633789,0.011864553027704672
-379.3661082410017,343.57141537820905,0.0,7.631164787033637,0.8942318558692932,0.0,0.0,0.44760364294052124,0.875019907951355,0.0,0.0,0.48408693075180054,-0.3972769160092015
-377.4916043482773,342.1259780605544,0.0,7.653867827334074,0.8951901197433472,0.0,0.0,0.445684015750885,0.8762545585632324,0.0,0.0,0.48184821009635925,0.010717934830712927
-375.6184639867021,340.6690677153354,0.0,7.676161191239329,0.8961308002471924,0.0,0.0,0.4437895119190216,0.8774717450141907,0.0,0.0,0.4796280562877655,-0.3984028434791639
-373.74687281946024,339.20093542816306,0.0,7.698012716206957,0.8970537185668945,0.0,0.0,0.44192108511924744,0.8786710500717163,0.0,0.0,0.4774273633956909,0.009614322458610491
-371.87702319495673,337.721843836337,0.0,7.719390239694523,0.897958517074585,0.0,0.0,0.4400797486305237,0.8798526525497437,0.0,0.0,0.4752463102340698,-0.39948251638257626
-370.00911398129614,336.2320671715497,0.0,7.7402615991595844,0.8988448977470398,0.0,0.0,0.43826666474342346,0.8810165524482727,0.0,0.0,0.4730851352214813,0.008560213394718463
-368.1433503984481,334.73189128661403,0.0,7.760594632059702,0.8997122645378113,0.0,0.0,0.43648308515548706,0.8821633458137512,0.0,0.0,0.47094330191612244,-0.40050943723611754
-366.2799438481539,333.22161366592917,0.0,7.780357175852429,0.9005603790283203,0.0,0.0,0.43473055958747864,0.8832926750183105,0.0,0.0,0.46882182359695435,0.007562105122358498
-364.419111741625,331.70154341941657,0.0,7.799517067995337,0.9013885855674744,0.0,0.0,0.4330107569694519,0.8844047784805298,0.0,0.0,0.46672046184539795,-0.4014771085564664
-362.5610773250943,330.1720012596641,0.0,7.818042145945972,0.9021962881088257,0.0,0.0,0.4313255548477173,0.8854995369911194,0.0,0.0,0.46463993191719055,0.0066264951248516946
-360.70606950328636,328.63331946204386,0.0,7.835900247161903,0.9029827117919922,0.0,0.0,0.4296768009662628,0.8865773677825928,0.0,0.0,0.46258020401000977,-0.40237903286030136
-358.85431969804483,327.08583932244,0.0,7.853071799121063,0.9037470817565918,0.0,0.0,0.42806679010391235,0.8876381516456604,0.0,0.0,0.46054136753082275,0.005759245025904247
-357.00604424643114,325.529896612842,0.0,7.869609360369649,0.9044885039329529,0.0,0.0,0.4264979362487793,0.8886813521385193,0.0,0.0,0.45852503180503845,-0.4032142632263916
-355.1613243583752,323.9657873294126,0.0,7.8855911322284715,0.9052061438560486,0.0,0.0,0.42497265338897705,0.8897064328193665,0.0,0.0,0.4565325975418091,0.004952084831014225
-353.3199663762892,322.3937319693548,0.0,7.901095346864555,0.905899167060852,0.0,0.0,0.42349329590797424,0.8907127976417542,0.0,0.0,0.45456597208976746,-0.4039973043696281
-351.48171890754526,320.81392981152106,0.0,7.916200236444939,0.906566858291626,0.0,0.0,0.4220620095729828,0.8916996717453003,0.0,0.0,0.45262694358825684,0.004189211619883726
-349.6463068060639,319.2265670571778,0.0,7.930984033136659,0.9072085618972778,0.0,0.0,0.42068102955818176,0.892666220664978,0.0,0.0,0.4507175385951996,-0.40474396076819985
-347.81343162168577,317.63181655046725,0.0,7.945524969106755,0.9078236818313599,0.0,0.0,0.4193522334098816,0.8936120867729187,0.0,0.0,0.4488394260406494,0.0034548209143233644
-345.98277199551177,316.02983751901945,0.0,7.959901276522256,0.9084033966064453,0.0,0.0,0.4180736243724823,0.8945366144180298,0.0,0.0,0.44699397683143616,-0.40547003690029587
-344.15398400037606,314.42077533505903,0.0,7.974191187550206,0.9089570045471191,0.0,0.0,0.41685131192207336,0.895439088344574,0.0,0.0,0.44518324732780457,0.0027331082361440884
-342.3267014256733,312.80476129732386,0.0,7.98847293435763,0.9094837307929993,0.0,0.0,0.4156869947910309,0.8963191509246826,0.0,0.0,0.4434087872505188,-0.40619133724410517
-340.5005360057752,311.18191243409575,0.0,8.002824749111571,0.9099830389022827,0.0,0.0,0.41458210349082947,0.8971760869026184,0.0,0.0,0.44167229533195496,0.0020082691071571235
-338.67507759131365,309.5523313276233,0.0,8.017324863979065,0.9104543924331665,0.0,0.0,0.4135379195213318,0.898009717464447,0.0,0.0,0.43997499346733093,-0.40692366627781695
-336.8498942626003,307.9161059602116,0.0,8.032051511127143,0.9108973741531372,0.0,0.0,0.4125557839870453,0.8988192081451416,0.0,0.0,0.4383189082145691,0.001264499049173362
-335.02453238445844,306.2733095822419,0.0,8.047082922722842,0.9113113880157471,0.0,0.0,0.4116368889808655,0.8996044397354126,0.0,0.0,0.43670520186424255,-0.4076828284796199
-333.1985166017264,304.6240006023853,0.0,8.062497330933201,0.911696195602417,0.0,0.0,0.4107823371887207,0.9003650546073914,0.0,0.0,0.4351349174976349,0.0004859935840036411
-331.37134977466144,302.96822250027793,0.0,8.078372967925254,0.9120513796806335,0.0,0.0,0.40999311208724976,0.9011004567146301,0.0,0.0,0.43361008167266846,-0.4084846283277033
-329.542512853437,301.30600376193064,0.0,8.094788065866034,0.9123765826225281,0.0,0.0,0.40927016735076904,0.9018104076385498,0.0,0.0,0.4321315884590149,-0.00034305176654081393
-327.7114646908727,299.6373578381613,0.0,8.11182085692258,0.9126715660095215,0.0,0.0,0.4086143970489502,0.9024945497512817,0.0,0.0,0.4307008385658264,-0.4093448703002562
-325.8776417924707,297.9622831263541,0.0,8.129549573261928,0.9129359722137451,0.0,0.0,0.40802666544914246,0.9031524658203125,0.0,0.0,0.4293193817138672,-0.0012384414806492217
-324.04045800275344,296.28076297587256,0.0,8.148052447051112,0.9131694436073303,0.0,0.0,0.40750789642333984,0.9037840366363525,0.0,0.0,0.4279884994029999,-0.4102793588754675
-322.19930412681094,294.59276571747927,0.0,8.167407710457166,0.9133716225624084,0.0,0.0,0.40705907344818115,0.9043889045715332,0.0,0.0,0.4267088770866394,-0.0022159800365105786
-320.3535474858573,292.89824471715303,0.0,8.187693595647126,0.913541853427887,0.0,0.0,0.406681627035141,0.9049666523933411,0.0,0.0,0.42548221349716187,-0.4113038985315261
-318.50253140548085,291.19713845472376,0.0,8.208988334788032,0.9136796593666077,0.0,0.0,0.4063769578933716,0.9055172204971313,0.0,0.0,0.42430922389030457,-0.0032914719123138814
-316.64557463514205,289.489370627795,0.0,8.231370160046916,0.9137843251228333,0.0,0.0,0.40614670515060425,0.9060402512550354,0.0,0.0,0.42319121956825256,-0.41243429374662127
-314.78197069732585,287.7748502814689,0.0,8.254917303590815,0.9138547778129578,0.0,0.0,0.4059930443763733,0.9065353274345398,0.0,0.0,0.4221295118331909,-0.004480721586248182
-312.91100396126325,286.05348741662044,0.0,8.279633708204054,0.9138901233673096,0.0,0.0,0.4059182107448578,0.9070023894309998,0.0,0.0,0.42112496495246887,-0.41368259700991616
-311.032125433411,284.3253555144931,0.0,8.304743804298356,0.9138890504837036,0.0,0.0,0.40592485666275024,0.9074411988258362,0.0,0.0,0.4201785922050476,-0.005748908257677543
-309.14505901194764,282.590789411212,0.0,8.329006364150814,0.9138501882553101,0.0,0.0,0.4060160517692566,0.9078515768051147,0.0,0.0,0.41929107904434204,-0.4149079788206464
-307.24980515287655,280.85038754593415,0.0,8.351173913295588,0.91377192735672,0.0,0.0,0.40619510412216187,0.908233106136322,0.0,0.0,0.4184640049934387,-0.006868481446807517
-305.3466441635355,279.10501252798707,0.0,8.369998977266857,0.9136525392532349,0.0,0.0,0.4064657986164093,0.9085856676101685,0.0,0.0,0.4176980257034302,-0.4158587396272761
-303.4361405464317,277.3557913114455,0.0,8.384234081598782,0.9134899377822876,0.0,0.0,0.40683233737945557,0.9089092016220093,0.0,0.0,0.41699352860450745,-0.0075874261100361
-301.51914839805835,275.60411497024853,0.0,8.392631751825537,0.9132817387580872,0.0,0.0,0.4072994291782379,0.9091991186141968,0.0,0.0,0.4163496494293213,-0.4162828643862031
-299.5968178555049,273.8516380696128,0.0,8.393944513481292,0.913025438785553,0.0,0.0,0.40787211060523987,0.9094605445861816,0.0,0.0,0.4157695472240448,-0.007653727203761118
-297.6706025685806,272.1002776333923,0.0,8.386924892100211,0.9127182960510254,0.0,0.0,0.408555805683136,0.9096933603286743,0.0,0.0,0.41525352001190186,-0.4159283380538253
-295.7422680832235,270.35221164554906,0.0,8.37032573229042,0.9123570322990417,0.0,0.0,0.40935665369033813,0.9098973870277405,0.0,0.0,0.4148019850254059,-0.006815385799226192
-293.8138051777002,268.6097906052959,0.0,8.343314682838445,0.9119383096694946,0.0,0.0,0.4102811813354492,0.9100720286369324,0.0,0.0,0.4144161641597748,-0.41456414363705885
-291.8871525626073,266.87528266873517,0.0,8.306289211005232,0.9114581942558289,0.0,0.0,0.4113365113735199,0.9102148413658142,0.0,0.0,0.4141012728214264,-0.004945412474316513
-289.96414742021926,265.15128990306806,0.0,8.25987363600575,0.9109216928482056,0.0,0.0,0.4125339388847351,0.9103220105171204,0.0,0.0,0.4138657748699188,-0.412219922677489
-288.0465272681314,263.4411530618481,0.0,8.204692277054969,0.9103168249130249,0.0,0.0,0.41387540102005005,0.9103894829750061,0.0,0.0,0.41371840238571167,-0.002158475153569983
-286.13593112230626,261.7481124833153,0.0,8.141369453367853,0.9096409678459167,0.0,0.0,0.4153657555580139,0.9104137420654297,0.0,0.0,0.41366660594940186,-0.40902180026904883
-284.23389996854075,260.07519041908284,0.0,8.07052948415937,0.9088916778564453,0.0,0.0,0.41700848937034607,0.9103914499282837,0.0,0.0,0.4137171506881714,0.001419301069080614
-282.34187655987483,258.4251802357591,0.0,7.992796688644491,0.9080668687820435,0.0,0.0,0.41880595684051514,0.910319447517395,0.0,0.0,0.4138762950897217,-0.40509590150567104
-280.4612045650032,256.80063810475986,0.0,7.908795386038176,0.9071649312973022,0.0,0.0,0.4207596182823181,0.9101951122283936,0.0,0.0,0.4141491949558258,0.005661791099702607
-278.5931270993032,255.2038771189266,0.0,7.819149895555396,0.9061844348907471,0.0,0.0,0.42287009954452515,0.9100158214569092,0.0,0.0,0.41454023122787476,-0.4005683514812882
-276.7387846756312,253.63696374860132,0.0,7.724484536411124,0.9051241278648376,0.0,0.0,0.4251372516155243,0.9097792506217957,0.0,0.0,0.41505348682403564,0.010442869844362823
-274.8992126165709,252.10171652765058,0.0,7.625423627820313,0.903982937335968,0.0,0.0,0.4275602400302887,0.9094884395599365,0.0,0.0,0.41569411754608154,-0.39556527528983315
-273.075337973319,250.59970684158222,0.0,7.522591488997948,0.9027599096298218,0.0,0.0,0.43013787269592285,0.9091379642486572,0.0,0.0,0.41646358370780945,0.015636412209128703
-271.267975998914,249.13226167529737,0.0,7.416612439158987,0.901454508304596,0.0,0.0,0.43286827206611633,0.9087264537811279,0.0,0.0,0.41736385226249695,-0.39021279802523917
-269.4778262250383,247.70046816709163,0.0,7.30811079751839,0.9000658988952637,0.0,0.0,0.43574923276901245,0.9082527756690979,0.0,0.0,0.4183962643146515,0.021116293100068018
-267.7054681922142,246.30517980814517,0.0,7.197710883291141,0.8985936045646667,0.0,0.0,0.43877819180488586,0.9077159762382507,0.0,0.0,0.4195620119571686,-0.3846370447814388
-265.951356882882,244.9470241227863,0.0,7.086037015692191,0.897037148475647,0.0,0.0,0.4419521689414978,0.90711510181427,0.0,0.0,0.42086169123649597,0.02675638742324732
-264.2158179056569,243.62641166412612,0.0,6.973713513936522,0.8953962326049805,0.0,0.0,0.445267915725708,0.9064494371414185,0.0,0.0,0.4222954213619232,-0.37896414065236456
-262.4990424770362,242.34354616205323,0.0,6.861364697239096,0.8936705589294434,0.0,0.0,0.4487215578556061,0.9057185649871826,0.0,0.0,0.42386263608932495,0.032430570084733434
-260.8010822440382,241.09843566588154,0.0,6.74961488481487,0.89186030626297,0.0,0.0,0.45230916142463684,0.9049217700958252,0.0,0.0,0.42556270956993103,-0.3733202107319491
-259.1218439877359,239.8909045319438,0.0,6.639088395878827,0.8899657726287842,0.0,0.0,0.45602601766586304,0.9040586948394775,0.0,0.0,0.4273945987224579,0.03801271599059425
-257.4610842434696,238.72060611693894,0.0,6.5304095496459205,0.8879871368408203,0.0,0.0,0.4598671793937683,0.9031290411949158,0.0,0.0,0.4293568730354309,-0.3678313801141256
-255.81840386871824,237.58703605065955,0.0,6.424202665331131,0.8859251141548157,0.0,0.0,0.4638274610042572,0.9021323919296265,0.0,0.0,0.43144816160202026,0.04337670004689681
-254.19324258425195,236.4895459766551,0.0,6.32109206214942,0.8837802410125732,0.0,0.0,0.46790143847465515,0.9010686874389648,0.0,0.0,0.4336663484573364,-0.3626237738928271
-252.58487350831325,235.42735766624642,0.0,6.221702059315747,0.8815531134605408,0.0,0.0,0.4720842242240906,0.8999373912811279,0.0,0.0,0.43600994348526,0.04839639715970856
-250.99239769722968,234.39957742990796,0.0,6.126656976045093,0.8792439103126526,0.0,0.0,0.47637128829956055,0.898738443851471,0.0,0.0,0.43847671151161194,-0.357823517161986
-249.4147386991008,233.40521077023135,0.0,6.0365811315524205,0.8768525719642639,0.0,0.0,0.480758935213089,0.8974716663360596,0.0,0.0,0.4410645365715027,0.0529456822350961
-247.85063712004762,232.44317724232994,0.0,5.952098845052689,0.8743782043457031,0.0,0.0,0.48524460196495056,0.8961367011070251,0.0,0.0,0.4437713325023651,-0.3535567350155349
-246.29864519500467,231.51232551052584,0.0,5.873834435760876,0.8718194961547852,0.0,0.0,0.48982691764831543,0.8947330117225647,0.0,0.0,0.44659534096717834,0.0568984301791271
-244.75712134719367,230.61144861439595,0.0,5.802412222891941,0.869174063205719,0.0,0.0,0.494505912065506,0.8932600021362305,0.0,0.0,0.44953474402427673,-0.34994955254740695
-243.22422471225937,229.73929948268787,0.0,5.738456525660859,0.8664387464523315,0.0,0.0,0.4992830157279968,0.8917170763015747,0.0,0.0,0.4525880515575409,0.060128515897868606
-241.6979095945652,228.89460676022594,0.0,5.682591663282596,0.8636093139648438,0.0,0.0,0.5041614174842834,0.8901036381721497,0.0,0.0,0.45575347542762756,-0.34712809485153506
-240.17592743200314,228.0760950776907,0.0,5.635413826853129,0.8606800436973572,0.0,0.0,0.5091459155082703,0.8884186744689941,0.0,0.0,0.4590299129486084,0.06251123490945787
-238.65633351189518,227.28276473605445,0.0,5.595637900349343,0.8576442003250122,0.0,0.0,0.5142433047294617,0.8866612315177917,0.0,0.0,0.4624159336090088,-0.34511920967457616
-237.13832600376782,226.51428888162357,0.0,5.558945600329952,0.8544934391975403,0.0,0.0,0.5194618701934814,0.8848303556442261,0.0,0.0,0.4659099578857422,0.0643643813750836
-235.62235357396577,225.77097688698655,0.0,5.520743537405456,0.8512187004089355,0.0,0.0,0.524810791015625,0.8829253315925598,0.0,0.0,0.46951040625572205,-0.34318981255717734
-234.11015026059653,225.05369179011927,0.0,5.47643832218635,0.847809910774231,0.0,0.0,0.530299961566925,0.8809459209442139,0.0,0.0,0.4732142686843872,0.0666020185073617
-232.60477114763347,224.3637636209035,0.0,5.421436565283135,0.8442564010620117,0.0,0.0,0.5359392762184143,0.8788920640945435,0.0,0.0,0.4770180881023407,-0.340411946046914
-231.11026590710324,223.7027421827035,0.0,5.352439746013825,0.8405473232269287,0.0,0.0,0.5417380332946777,0.8767644166946411,0.0,0.0,0.480917751789093,0.07008670634924608
-229.62985853443928,223.0715580164994,0.0,5.27270665361226,0.8366714715957642,0.0,0.0,0.547704815864563,0.874563455581665,0.0,0.0,0.48490890860557556,-0.33638502218824906
-228.16533569136396,222.47034573140792,0.0,5.187566863031223,0.832617461681366,0.0,0.0,0.553848147392273,0.8722899556159973,0.0,0.0,0.48898687958717346,0.07438669577253076
-226.7170047430366,221.89854547628343,0.0,5.102350744669478,0.8283731937408447,0.0,0.0,0.5601763129234314,0.8699421882629395,0.0,0.0,0.4931517243385315,-0.3320811778265448
-225.28365219223892,221.35507277646352,0.0,5.022388668925788,0.8239257335662842,0.0,0.0,0.5666974186897278,0.8675118088722229,0.0,0.0,0.49741482734680176,0.07842518444645452
-223.86250247912102,220.83928160296605,0.0,4.953011006198933,0.819262683391571,0.0,0.0,0.5734179615974426,0.8649861216545105,0.0,0.0,0.5017942786216736,-0.32857725546660266
-222.44947479037182,220.35086145625712,0.0,4.898518584234928,0.8143731951713562,0.0,0.0,0.5803412199020386,0.8623527884483337,0.0,0.0,0.5063065886497498,0.08117732696988914
-221.04079368462098,219.88978249417713,0.0,4.857558645201623,0.8092472553253174,0.0,0.0,0.5874680280685425,0.8595995306968689,0.0,0.0,0.5109672546386719,-0.3265085716770418
-219.63356316989626,219.45646655000215,0.0,4.826847944763081,0.8038760423660278,0.0,0.0,0.5947966575622559,0.856713593006134,0.0,0.0,0.5157913565635681,0.08272837244658315
-218.22579172782486,219.05174424724137,0.0,4.803101578243691,0.7982522249221802,0.0,0.0,0.6023231148719788,0.8536825776100159,0.0,0.0,0.520792543888092,-0.3253092602366685
-216.81641708411584,218.6767935828318,0.0,4.783034640967861,0.7923697829246521,0.0,0.0,0.6100409030914307,0.8504941463470459,0.0,0.0,0.5259835720062256,0.08374185412718058
-215.4053314058771,218.33306038182425,0.0,4.763362228259983,0.7862242460250854,0.0,0.0,0.6179410219192505,0.847136378288269,0.0,0.0,0.5313748121261597,-0.3243157040393009
-213.99326321893108,218.02213093425266,0.0,4.741281012604046,0.7798130512237549,0.0,0.0,0.6260121464729309,0.8435973525047302,0.0,0.0,0.5369754433631897,0.08485706703909654
-212.5810824332022,217.74550272114166,0.0,4.716377113113412,0.7731354832649231,0.0,0.0,0.6342405676841736,0.8398663401603699,0.0,0.0,0.5427924990653992,-0.3230579313377537
-211.1695806093157,217.50452616374147,0.0,4.688976352620166,0.7661921977996826,0.0,0.0,0.6426112055778503,0.8359333872795105,0.0,0.0,0.5488303899765015,0.08624094383168468
-209.7594684580385,217.30040863372687,0.0,4.659404774926239,0.758985161781311,0.0,0.0,0.651107668876648,0.8317920565605164,0.0,0.0,0.5550869703292847,-0.3215644173128078
-208.35147597114235,217.1341501493451,0.0,4.627988423833563,0.7515174150466919,0.0,0.0,0.6597130298614502,0.8274428844451904,0.0,0.0,0.5615494847297668,0.08782762823030466
-206.94725368805197,217.00593204775288,0.0,4.5950533431440626,0.7437912225723267,0.0,0.0,0.668411910533905,0.8228893876075745,0.0,0.0,0.5682013034820557,-0.31990102939919673
-205.5488880322093,216.9154569558823,0.0,4.560925576659668,0.735806941986084,0.0,0.0,0.6771911978721619,0.8181335926055908,0.0,0.0,0.5750277638435364,0.08955125280022364
-204.15830500387398,216.86236691421288,0.0,4.52593116818231,0.7275638580322266,0.0,0.0,0.6860397458076477,0.8131774663925171,0.0,0.0,0.5820153951644897,-0.31813363503165343
-202.77726011057925,216.8462614155313,0.0,4.490396161513915,0.719059944152832,0.0,0.0,0.6949478387832642,0.8080218434333801,0.0,0.0,0.5891521573066711,0.09134595010670826
-201.40733711885832,216.8667108602921,0.0,4.454646600456414,0.710291862487793,0.0,0.0,0.7039070725440979,0.8026668429374695,0.0,0.0,0.5964271426200867,-0.316328101644911
-200.04994851640348,216.92327020188253,0.0,4.419008528811736,0.7012553811073303,0.0,0.0,0.7129099369049072,0.7971124053001404,0.0,0.0,0.6038305163383484,0.09314585271502537
-198.70633759411078,217.01549275067822,0.0,4.383807990381811,0.6919460296630859,0.0,0.0,0.7219491600990295,0.7913568615913391,0.0,0.0,0.6113539934158325,-0.3145502966737027
-197.3775820585604,217.1429441128934,0.0,4.3493710289685685,0.6823586821556091,0.0,0.0,0.7310174703598022,0.7853990197181702,0.0,0.0,0.618989109992981,0.0948850931904417
-196.06459908903744,217.30521624807363,0.0,4.316023688373934,0.6724886298179626,0.0,0.0,0.7401074767112732,0.7792365550994873,0.0,0.0,0.6267292499542236,-0.3128660875527616
-194.76815175908206,217.50194163760227,0.0,4.284092012399841,0.662331223487854,0.0,0.0,0.7492111921310425,0.7728665471076965,0.0,0.0,0.6345679759979248,0.09649780409822414
-193.48885675073097,217.73280756579513,0.0,4.253902044848217,0.6518834233283997,0.0,0.0,0.7583192586898804,0.7662853002548218,0.0,0.0,0.6424999833106995,-0.31134134171682093
-192.22719329993217,217.99757052499078,0.0,4.225779829520992,0.6411433815956116,0.0,0.0,0.7674212455749512,0.7594887018203735,0.0,0.0,0.6505200862884521,0.09791811800363953
-190.98351332406463,218.296070766497,0.0,4.200051410220093,0.6301106214523315,0.0,0.0,0.7765054702758789,0.7524715662002563,0.0,0.0,0.6586242318153381,-0.3100419266006139
-189.75805269696173,218.62824703031347,0.0,4.1770428307474505,0.6187869906425476,0.0,0.0,0.7855587005615234,0.7452287077903748,0.0,0.0,0.6668084263801575,0.0990801674719548
-188.5509437107725,218.99415147983257,0.0,4.157079935960924,0.6071763634681702,0.0,0.0,0.7945669889450073,0.7377541661262512,0.0,0.0,0.6750689148902893,-0.3090336995911934
-187.36228738805977,219.39394415223944,0.0,4.140282583631317,0.5952847599983215,0.0,0.0,0.8035145998001099,0.7300413250923157,0.0,0.0,0.6834025382995605,0.0999285185997128
-186.19233203451788,219.82783448700144,0.0,4.12617537739362,0.5831210017204285,0.0,0.0,0.8123851418495178,0.7220826148986816,0.0,0.0,0.6918063759803772,-0.3083212144276734
-185.04150237577437,220.29604978893616,0.0,4.1141760284835085,0.5706967115402222,0.0,0.0,0.8211607336997986,0.7138711810112,0.0,0.0,0.7002765536308289,0.10053454632244571
-183.91039471802097,220.79881134913742,0.0,4.103702248136653,0.5580264925956726,0.0,0.0,0.8298229575157166,0.7053992748260498,0.0,0.0,0.7088096141815186,-0.30779223562227664
-182.7997696832361,221.33631010861984,0.0,4.094171747588727,0.5451281070709229,0.0,0.0,0.8383525609970093,0.6966596245765686,0.0,0.0,0.7174013257026672,0.10101588473395712
-181.71054254915597,221.908681816767,0.0,4.085002238075407,0.5320227742195129,0.0,0.0,0.8467298746109009,0.6876446604728699,0.0,0.0,0.7260469198226929,-0.30732912908119986
-180.64377122190325,222.51598165768658,0.0,4.075611430832363,0.5187349319458008,0.0,0.0,0.8549350500106812,0.6783477663993835,0.0,0.0,0.7347404360771179,0.10149016792805024
-179.60064187434722,223.15815834076324,0.0,4.06541703709527,0.5052922368049622,0.0,0.0,0.8629481792449951,0.6687632203102112,0.0,0.0,0.7434750199317932,-0.3068142607106396
-178.58245229572967,223.8350276770445,0.0,4.053836768099801,0.4917256236076355,0.0,0.0,0.8707500696182251,0.6588852405548096,0.0,0.0,0.7522429823875427,0.10207502999852844
-177.59059301776924,224.54624569056216,0.0,4.040288335081632,0.47806909680366516,0.0,0.0,0.8783221244812012,0.6487119793891907,0.0,0.0,0.7610335350036621,-0.30612999641679267
-176.62652464546557,225.29128267774652,0.0,4.02419648367863,0.4643595814704895,0.0,0.0,0.8856465816497803,0.6382505297660828,0.0,0.0,0.7698282599449158,0.10288774976635678
-175.69154634337892,226.0692519157195,0.0,4.005373062777535,0.45063549280166626,0.0,0.0,0.8927078247070312,0.6275246739387512,0.0,0.0,0.7785961627960205,-0.305179318593505
-174.78617076433372,226.87812793288114,0.0,3.984210648224237,0.43693259358406067,0.0,0.0,0.8994941115379333,0.6165633797645569,0.0,0.0,0.787304699420929,0.10395655858217992
-173.91055671659228,227.71557968957825,0.0,3.9611495831718084,0.4232819080352783,0.0,0.0,0.9059979915618896,0.6053940653800964,0.0,0.0,0.7959253191947937,-0.3040146183383319
-173.0647203907939,228.57936143697242,0.0,3.9366302107733273,0.4097099304199219,0.0,0.0,0.9122158288955688,0.5940433740615845,0.0,0.0,0.8044324517250061,0.10519491072351736
-172.24854918193307,229.46733589786834,0.0,3.9110928741818634,0.3962394595146179,0.0,0.0,0.9181472063064575,0.5825373530387878,0.0,0.0,0.812803328037262,-0.3027248538640155
-171.46181543947247,230.37749460711234,0.0,3.884977916550491,0.3828890025615692,0.0,0.0,0.9237943291664124,0.5709006190299988,0.0,0.0,0.8210186958312988,0.10651384797762703
-170.70419019563099,231.30797562889072,0.0,3.858725681032285,0.36967363953590393,0.0,0.0,0.9291616082191467,0.5591555833816528,0.0,0.0,0.8290623426437378,-0.30139898338329796
-169.9752568478309,232.25707873335764,0.0,3.8327765107803176,0.3566048741340637,0.0,0.0,0.9342553019523621,0.5473248362541199,0.0,0.0,0.8369199633598328,0.10782441213176677
-169.27452478178517,233.22327813006737,0.0,3.807570748947663,0.3436910808086395,0.0,0.0,0.9390828013420105,0.5354276299476624,0.0,0.0,0.844580888748169,-0.3001259651089215
-168.60144293274178,234.20523286550892,0.0,3.783548738687397,0.3309376537799835,0.0,0.0,0.9436526894569397,0.5234832763671875,0.0,0.0,0.8520357012748718,0.10903764497319438
-167.95541329392884,235.20179499683823,0.0,3.7611508231525907,0.3183472454547882,0.0,0.0,0.9479741454124451,0.5115085244178772,0.0,0.0,0.8592780232429504,-0.29899475725362823
-167.33580439326695,236.21201565382236,0.0,3.740817345496317,0.30591997504234314,0.0,0.0,0.9520571827888489,0.49951842427253723,0.0,0.0,0.8663031458854675,0.11006458828916779
-166.7419647719093,237.23514909619996,0.0,3.722988648871653,0.2936537265777588,0.0,0.0,0.9559117555618286,0.4875265657901764,0.0,0.0,0.8731079697608948,-0.2980943180301604
-166.17323651112883,238.27065486423896,0.0,3.70810507643167,0.281544029712677,0.0,0.0,0.9595481753349304,0.47554463148117065,0.0,0.0,0.8796913623809814,0.11081628386694473
-165.62896958238127,239.31819669128413,0.0,3.6966020122296204,0.2695848047733307,0.0,0.0,0.9629765152931213,0.46358272433280945,0.0,0.0,0.8860532641410828,-0.297513355191673
-165.10857106490985,240.3775665246077,0.0,3.688657203271095,0.25776785612106323,0.0,0.0,0.9662067294120789,0.4516496956348419,0.0,0.0,0.8921951055526733,0.111217536844648
-164.61156092798328,241.4485664790143,0.0,3.6840704580872563,0.24608390033245087,0.0,0.0,0.9692484140396118,0.4397519528865814,0.0,0.0,0.8981189727783203,-0.2972817013945094
-164.13757029354315,242.53098604866284,0.0,3.6826114528796157,0.23452222347259521,0.0,0.0,0.9721106886863708,0.4278956353664398,0.0,0.0,0.9038278460502625,0.111291223976347
-163.68633507831376,243.62458888109504,0.0,3.6840498638496886,0.22307145595550537,0.0,0.0,0.9748019576072693,0.41608473658561707,0.0,0.0,0.9093255400657654,-0.29735434841319996
-163.25768969306412,244.72910067989574,0.0,3.6881553671989913,0.2117195725440979,0.0,0.0,0.9773303270339966,0.40432208776474,0.0,0.0,0.9146164655685425,0.11108387532234185
-162.85156076438398,245.84419816906689,0.0,3.694697639129038,0.2004542201757431,0.0,0.0,0.979702889919281,0.3926090896129608,0.0,0.0,0.9197052121162415,-0.29768476618744477
-162.46796084603866,246.96949906801441,0.0,3.703446355841342,0.1892630159854889,0.0,0.0,0.9819262623786926,0.3809461295604706,0.0,0.0,0.924596905708313,0.11064202094293255
-162.10698208881269,248.10455304043865,0.0,3.71417119353742,0.17813383042812347,0.0,0.0,0.9840061068534851,0.36933329701423645,0.0,0.0,0.9292966723442078,-0.29822642465694366
-161.76878983972773,249.24883359347777,0.0,3.726641828418786,0.16705504059791565,0.0,0.0,0.9859474301338196,0.35776805877685547,0.0,0.0,0.9338101148605347,0.11001219089841913
-161.4536161436325,250.40173091518125,0.0,3.7406279366869546,0.1560157835483551,0.0,0.0,0.9877543449401855,0.34624814987182617,0.0,0.0,0.9381426572799683,-0.2989327937613966
-161.1617531223994,251.56254564886262,0.0,3.7558991945434403,0.1450066715478897,0.0,0.0,0.9894304275512695,0.3347698748111725,0.0,0.0,0.9422996640205383,0.10924091524910165
-160.89354620932642,252.7304836120798,0.0,3.7722252781897594,0.13401949405670166,0.0,0.0,0.9909785389900208,0.3233284056186676,0.0,0.0,0.9462866187095642,-0.29975734344050364
-160.64938721883334,253.90465147593827,0.0,3.7893758638274253,0.12304810434579849,0.0,0.0,0.9924005270004272,0.3119172751903534,0.0,0.0,0.95010906457901,0.10837472405528015
-160.42970723415706,255.0840534271157,0.0,3.8071206276579543,0.11208891123533249,0.0,0.0,0.993698000907898,0.3005305528640747,0.0,0.0,0.9537720084190369,-0.3006535436339647
-160.23496929849142,256.2675888404176,0.0,3.82522924588286,0.10114096850156784,0.0,0.0,0.9948718547821045,0.28916043043136597,0.0,0.0,0.9572805166244507,0.1074601473772546
-160.06566089789322,257.45405099381287,0.0,3.8434713947036547,-0.09020687639713287,0.0,0.0,-0.9959228038787842,0.27779892086982727,0.0,0.0,0.9606390595436096,-0.30157486428147956
-159.92228492313242,258.6421333372773,0.0,3.861632317092796,-0.07929150760173798,0.0,0.0,-0.9968512058258057,0.26644188165664673,0.0,0.0,0.9638507962226868,0.1065429290747727
-159.8051703019548,259.83089289730066,0.0,3.8797675622075762,-0.06840388476848602,0.0,0.0,-0.9976574778556824,0.2550893723964691,0.0,0.0,0.9669172763824463,-0.302490785751923
-159.71424109903964,261.02031579859226,0.0,3.8981617077097312,-0.057553891092538834,0.0,0.0,-0.9983422160148621,0.24374307692050934,0.0,0.0,0.9698395729064941,0.10561393182718912
-159.64935858668935,262.2105940951034,0.0,3.9171065713678486,-0.0467519536614418,0.0,0.0,-0.9989063739776611,0.232404425740242,0.0,0.0,0.9726189970970154,-0.3034475970477875
-159.61038400363657,263.40200764010996,0.0,3.9368939709505075,-0.036009281873703,0.0,0.0,-0.9993512630462646,0.22107721865177155,0.0,0.0,0.975256085395813,0.10461456821190329
-159.59718733285777,264.5949224558108,0.0,3.957815724226281,-0.025337496772408485,0.0,0.0,-0.9996787309646606,-0.20976413786411285,0.0,0.0,-0.9777517318725586,-0.3045042512536347
-159.60965562484063,265.7897891881967,0.0,3.980163648963755,-0.014748229645192623,0.0,0.0,-0.9998910427093506,-0.19846946001052856,0.0,0.0,-0.980106770992279,0.10348588514435414
-159.64770086106637,266.987141648196,0.0,4.004229562931509,-0.004253324121236801,0.0,0.0,-0.999990701675415,-0.18719786405563354,0.0,0.0,-0.9823219776153564,-0.30571970145402627
-159.71126735356347,268.18759543989864,0.0,4.030305283898116,0.006135299801826477,0.0,0.0,-0.9999809861183167,-0.17595383524894714,0.0,0.0,-0.9843981266021729,0.10216892953998002
-159.80033867647543,269.39184667666086,0.0,4.058682629632165,0.016406208276748657,0.0,0.0,-0.9998652338981628,-0.16474232077598572,0.0,0.0,-0.986336350440979,-0.30715290073352375
-159.91494387798215,270.60066844086526,0.0,4.089645468689543,0.026548214256763458,0.0,0.0,-0.999647319316864,-0.15356867015361786,0.0,0.0,-0.9881377816200256,0.10060514978960744
-160.0551517445486,271.81481844188534,0.0,4.1231671070521365,0.03655048459768295,0.0,0.0,-0.9993315935134888,-0.14243850111961365,0.0,0.0,-0.9898035526275635,-0.30884591277203854
-160.2210496936684,273.0349213273346,0.0,4.158816527536388,0.04640238732099533,0.0,0.0,-0.9989226460456848,-0.1313580870628357,0.0,0.0,-0.9913349151611328,0.09880467400757453
-160.41272699669503,274.2614636491073,0.0,4.1961356015075,0.05609407275915146,0.0,0.0,-0.9984253644943237,-0.12033393234014511,0.0,0.0,-0.992733359336853,-0.31073071448775125
-160.63025907990684,275.494796782663,0.0,4.234666200330663,0.06561565399169922,0.0,0.0,-0.9978448152542114,-0.10937248170375824,0.0,0.0,-0.9940007328987122,0.09685868416802079
-160.87369240770337,276.7351397368786,0.0,4.27395019537107,0.07495786994695663,0.0,0.0,-0.997186541557312,-0.09848111122846603,0.0,0.0,-0.9951388835906982,-0.31271475464130716
-161.14302998118518,277.98258184819844,0.0,4.313529457993921,0.08411171287298203,0.0,0.0,-0.9964562654495239,-0.08766771107912064,0.0,0.0,-0.9961497187614441,0.09485973151030105
-161.43821750093917,279.23708534992466,0.0,4.352945859564413,0.09306886792182922,0.0,0.0,-0.995659589767456,-0.07693969458341599,0.0,0.0,-0.9970356822013855,-0.3147054819933522
-161.75913025616475,280.4984878050068,0.0,4.39174127144773,0.10182102024555206,0.0,0.0,-0.994802713394165,-0.06630538403987885,0.0,0.0,-0.9977993369102478,0.09290036727376991
-162.1055608132228,281.7665043886594,0.0,4.42945756500908,0.1103605329990387,0.0,0.0,-0.9938916563987732,-0.055773500353097916,0.0,0.0,-0.9984433650970459,-0.31661034530453147
-162.47721334855964,283.0407491679031,0.0,4.465703875146393,0.11868009716272354,0.0,0.0,-0.9929325580596924,-0.04535277560353279,0.0,0.0,-0.9989709258079529,0.09106974554966313
-162.8737391418802,284.3208758692966,0.0,4.500579250606694,0.1267728954553604,0.0,0.0,-0.9919318556785583,-0.0350513756275177,0.0,0.0,-0.999385416507721,-0.3183717279035365
-163.29476073205106,285.60663860317186,0.0,4.534399532718131,0.13463270664215088,0.0,0.0,-0.9908956289291382,-0.02487841621041298,0.0,0.0,-0.9996904134750366,0.08936165049352993
-163.7398803683158,286.8978905863562,0.0,4.5674815270639275,0.1422535926103592,0.0,0.0,-0.9898303151130676,-0.014842582866549492,0.0,0.0,-0.9998896718025208,-0.3200425356987788
-164.20868780201732,288.1945826985299,0.0,4.600142039227296,0.14963044226169586,0.0,0.0,-0.9887419939041138,-0.004952903836965561,0.0,0.0,-0.9999875426292419,0.08771212967719819
-164.70076743913512,289.49676215854106,0.0,4.632697874791452,0.15675880014896393,0.0,0.0,-0.987636923789978,0.004783153533935547,0.0,0.0,-0.9999882578849792,-0.32168676981818056
-165.21570480589426,290.80457132960794,0.0,4.6654658393396184,0.16363461315631866,0.0,0.0,-0.9865210056304932,0.014356880448758602,0.0,0.0,-0.9998967051506042,0.08605718197274528
-165.7530922834017,292.1182466616461,0.0,4.698762738455009,0.1702544391155243,0.0,0.0,-0.9854000210762024,0.023760292679071426,0.0,0.0,-0.9997174739837646,-0.32336843138966487
-166.3125340697395,293.43811777850556,0.0,4.732905377720835,0.17661549150943756,0.0,0.0,-0.9842798709869385,0.03298623487353325,0.0,0.0,-0.9994556307792664,0.08433280625224898
-166.8936503291392,294.7646067176877,0.0,4.7682105627203235,0.18271540105342865,0.0,0.0,-0.9831657409667969,0.042027704417705536,0.0,0.0,-0.9991161823272705,-0.32515152154115423
-167.49608048772726,296.0982273301415,0.0,4.8049950990366845,0.18855226039886475,0.0,0.0,-0.9820629954338074,0.05087842047214508,0.0,0.0,-0.9987046122550964,0.08247500138778635
-168.11948265750814,297.4395655148147,0.0,4.843505906412199,0.1941247135400772,0.0,0.0,-0.9809767603874207,0.059533555060625076,0.0,0.0,-0.9982261657714844,-0.3270965118126449
-168.76359137540305,298.7891973682614,0.0,4.883693639365248,0.1994313895702362,0.0,0.0,-0.9799116849899292,0.06798946857452393,0.0,0.0,-0.9976859092712402,0.08044531790530912
-169.4281902822394,300.1476684329907,0.0,4.925430458572462,0.20447081327438354,0.0,0.0,-0.978872537612915,0.07624320685863495,0.0,0.0,-0.997089147567749,-0.3292044319746254
-170.1130283516201,301.5154947735583,0.0,4.968588524172586,0.20924127101898193,0.0,0.0,-0.9778639674186707,0.08429138362407684,0.0,0.0,-0.9964410662651062,0.07826561762247458
-170.81781262935587,302.8931640162178,0.0,5.013039996304362,0.21374084055423737,0.0,0.0,-0.9768903255462646,0.09213051199913025,0.0,0.0,-0.9957468509674072,-0.33144945581966456
-171.54220357211238,304.28113634972084,0.0,5.058657035106544,0.21796740591526031,0.0,0.0,-0.9759560823440552,0.09975752234458923,0.0,0.0,-0.995011568069458,0.07596172677387958
-172.2858105544517,305.67984548452046,0.0,5.1053118007178755,0.22191858291625977,0.0,0.0,-0.975065290927887,0.10716891288757324,0.0,0.0,-0.9942406415939331,-0.33380575711316623
-173.04818755729025,307.08969956716396,0.0,5.152876453277098,0.22559182345867157,0.0,0.0,-0.97422194480896,0.1143612414598465,0.0,0.0,-0.9934390783309937,0.0735594715941209
-173.8288290527354,308.51108204623216,0.0,5.201223152922967,0.22898420691490173,0.0,0.0,-0.9734300374984741,0.12133198976516724,0.0,0.0,-0.992611825466156,-0.33624750962053335
-174.62716610206573,309.9443524857793,0.0,5.2502240597942205,0.23209263384342194,0.0,0.0,-0.9726936221122742,0.1280779391527176,0.0,0.0,-0.9917639493942261,0.07108467831779497
-175.4425626852994,311.38984732185617,0.0,5.299751334029606,0.234913632273674,0.0,0.0,-0.9720162153244019,0.1345953345298767,0.0,0.0,-0.990900456905365,-0.338748887107169
-176.27431228232047,312.84788055736095,0.0,5.349677135767877,0.23744338750839233,0.0,0.0,-0.9714013934135437,0.14088106155395508,0.0,0.0,-0.9900262355804443,0.06856317317949845
-177.12163472691861,314.3187443901572,0.0,5.399873625147774,0.23967790603637695,0.0,0.0,-0.9708524346351624,0.146931454539299,0.0,0.0,-0.9891464114189148,-0.3412840633384769
-177.98367335632102,315.80270976913573,0.0,5.450212962308037,0.2416127473115921,0.0,0.0,-0.97037273645401,0.15274325013160706,0.0,0.0,-0.9882656931877136,0.06602078241382853
-178.8594924798541,317.30002687266403,0.0,5.500567307387427,0.2432432472705841,0.0,0.0,-0.9699652194976807,0.1583126187324524,0.0,0.0,-0.9873889088630676,-0.34382721207986017
-179.74807519125602,318.8109255036829,0.0,5.55080882052468,0.24456225335597992,0.0,0.0,-0.9696248769760132,0.16363632678985596,0.0,0.0,-0.9865205883979797,0.06348333225538139
-180.64832154986493,320.335615395566,0.0,5.600809661858546,0.24556753039360046,0.0,0.0,-0.9693666100502014,0.16871026158332825,0.0,0.0,-0.9856654405593872,-0.34635250709672205
-181.55904715641475,321.87428642275466,0.0,5.650441991527764,0.24625292420387268,0.0,0.0,-0.9691916704177856,0.17353054881095886,0.0,0.0,-0.9848282933235168,0.06097664893875421
-182.47898214947884,323.4271087101294,0.0,5.699577969671091,0.2466118484735489,0.0,0.0,-0.9691011309623718,0.17809273302555084,0.0,0.0,-0.9840134978294373,-0.34883412215446585
-183.40677064870417,324.99423263507776,0.0,5.748089756427268,0.24663753807544708,0.0,0.0,-0.9690958857536316,0.18239282071590424,0.0,0.0,-0.9832255244255066,0.058526558698543285
-184.34097008673257,326.5757877256998,0.0,5.795845883747151,0.24632301926612854,0.0,0.0,-0.9691765904426575,0.18642619252204895,0.0,0.0,-0.9824687242507935,-0.3512460477766822
-185.28004264678282,328.1718671104282,0.0,5.842658859232523,0.2456616312265396,0.0,0.0,-0.969343364238739,0.19018834829330444,0.0,0.0,-0.9817473292350769,0.05616226700736293
-186.22234942566888,329.78251499222523,0.0,5.888297157395854,0.24464690685272217,0.0,0.0,-0.9695960879325867,0.19367417693138123,0.0,0.0,-0.981065571308136,-0.3535510123303858
-187.16615244031578,331.40772556934746,0.0,5.932528066507123,0.24327543377876282,0.0,0.0,-0.969944179058075,0.1968788206577301,0.0,0.0,-0.9804274439811707,0.05392838270881395
-188.1096177999012,333.04744204746345,0.0,5.975118874836327,0.24154087901115417,0.0,0.0,-0.9703800082206726,0.19979697465896606,0.0,0.0,-0.9798369407653809,-0.3557020632561032
-189.0508199597831,334.70155553238646,0.0,6.015837311303744,0.23943939805030823,0.0,0.0,-0.9709025621414185,0.20242273807525635,0.0,0.0,-0.9792978167533875,0.051871896018540364
-189.98776225211498,336.36993099814816,0.0,6.054550582983789,0.23696842789649963,0.0,0.0,-0.9715102910995483,0.20475128293037415,0.0,0.0,-0.978813648223877,-0.3576572789975196
-190.91841628353043,338.05246812907444,0.0,6.0913508985060325,0.23412667214870453,0.0,0.0,-0.9722003936767578,0.2067762315273285,0.0,0.0,-0.9783878326416016,0.05001329422448769
-191.8407298512453,339.74910919472154,0.0,6.126361389479678,0.2309144288301468,0.0,0.0,-0.9729694128036499,0.20849139988422394,0.0,0.0,-0.9780237078666687,-0.3594254856123502
-192.75262962143975,341.45983852806603,0.0,6.159705187513904,0.2273339033126831,0.0,0.0,-0.9738130569458008,0.20989084243774414,0.0,0.0,-0.9777243137359619,0.04832926402073895
-193.65202344784313,343.1846820907573,0.0,6.1915054242179055,0.22338905930519104,0.0,0.0,-0.9747262597084045,0.21096806228160858,0.0,0.0,-0.9774924516677856,-0.3610315581731584
-194.53680230789027,344.92370713047103,0.0,6.221885231200874,0.2190859615802765,0.0,0.0,-0.9757030606269836,0.21171610057353973,0.0,0.0,-0.97733074426651,0.04679493033473048
-195.40484183557513,346.67702193501896,0.0,6.250967740072003,0.21443301439285278,0.0,0.0,-0.9767366051673889,0.2121274769306183,0.0,0.0,-0.9772397875785828,-0.36250037175250843
-196.2540034317345,348.44477568749573,0.0,6.278876082440475,0.20944100618362427,0.0,0.0,-0.9778195023536682,0.2121962159872055,0.0,0.0,-0.9772249460220337,0.045385418093898566
-197.08213493396363,350.2271584264421,0.0,6.305733389915489,0.20412321388721466,0.0,0.0,-0.9789437055587769,0.2119145691394806,0.0,0.0,-0.9772853255271912,-0.36385680142296367
-197.8870708296623,352.0244011146937,0.0,6.331662794106235,0.19849549233913422,0.0,0.0,-0.9801005125045776,0.21127468347549438,0.0,0.0,-0.9774197936058044,0.04407585222567906
-198.66663199685135,353.83677582035676,0.0,6.356787426621899,0.19257649779319763,0.0,0.0,-0.9812809228897095,0.21027013659477234,0.0,0.0,-0.9776370525360107,-0.3651257222570881
-199.4186249583638,355.6645960131304,0.0,6.381230419071676,0.18638752400875092,0.0,0.0,-0.9824753403663635,0.2088954597711563,0.0,0.0,-0.977932333946228,0.042841357657508516
-200.14084471038453,357.5082138930725,0.0,6.405110925931516,0.179952934384346,0.0,0.0,-0.9836745262145996,0.20715712010860443,0.0,0.0,-0.9783024787902832,-0.3663318084621305
-200.83167574545945,359.3677422603877,0.0,6.428489109857898,0.17329800128936768,0.0,0.0,-0.9848688244819641,0.2050718516111374,0.0,0.0,-0.9787421226501465,0.04166064129759017
-201.49072090486732,361.2427692879158,0.0,6.45137998490667,0.1664462387561798,0.0,0.0,-0.9860500693321228,0.2026577591896057,0.0,0.0,-0.9792453050613403,-0.3674879132625735
-202.1177416040858,363.13281351242705,0.0,6.473797418868784,0.15941885113716125,0.0,0.0,-0.9872106313705444,0.1999317854642868,0.0,0.0,-0.9798058867454529,0.04052844766314001
-202.71251285546347,365.03738625848604,0.0,6.4957552795351745,0.1522352397441864,0.0,0.0,-0.9883440136909485,0.1969098001718521,0.0,0.0,-0.9804180264472961,-0.3685968961245124
-203.2748228926116,366.9559919417967,0.0,6.517267434696789,0.14491301774978638,0.0,0.0,-0.9894442558288574,0.1936071813106537,0.0,0.0,-0.9810757637023926,0.03944197518023013
-203.80447279258863,368.8881283656542,0.0,6.538347752144569,0.13746803998947144,0.0,0.0,-0.9905060529708862,0.19003862142562866,0.0,0.0,-0.9817735552787781,-0.369661558621875
-204.30127609623003,370.83328701002597,0.0,6.559010099669459,0.12991493940353394,0.0,0.0,-0.9915250539779663,0.1862185150384903,0.0,0.0,-0.9825056195259094,0.03839842227493262
-204.76505842695923,372.7909533127822,0.0,6.579268345062396,0.12226678431034088,0.0,0.0,-0.9924970865249634,0.18215972185134888,0.0,0.0,-0.9832664132118225,-0.370684702328589
-205.19565710841115,374.760606942634,0.0,6.599136356114337,0.11453554779291153,0.0,0.0,-0.9934189319610596,0.17787523567676544,0.0,0.0,-0.9840507507324219,0.03739498737331948
-205.59292078118207,376.7417220633243,0.0,6.618628000616214,0.10673198103904724,0.0,0.0,-0.9942876100540161,0.17337720096111298,0.0,0.0,-0.9848533868789673,-0.3716691288185828
-205.95670901901673,378.73376758866186,0.0,6.637757146358969,0.09886603057384491,0.0,0.0,-0.9951005578041077,0.16867676377296448,0.0,0.0,-0.9856694936752319,0.03642886890146313
-206.28689194472602,380.7362074279701,0.0,6.656537661133554,0.09094646573066711,0.0,0.0,-0.9958555698394775,0.16378545761108398,0.0,0.0,-0.9864943027496338,-0.37261763966578404
-206.5833498461239,382.74850072156323,0.0,6.674983412730905,0.08298113942146301,0.0,0.0,-0.9965508580207825,0.1587139368057251,0.0,0.0,-0.9873230457305908,0.03549726528543534
-206.84597279225858,384.7701020658562,0.0,6.693108268941968,0.07497800141572952,0.0,0.0,-0.9971849322319031,0.15347212553024292,0.0,0.0,-0.9881515502929688,-0.37353303644412056
-207.07466025020628,386.8004617277397,0.0,6.710926097557682,-0.06694267690181732,0.0,0.0,0.9977566003799438,0.14806966483592987,0.0,0.0,-0.9889756441116333,0.03459737495130838
-207.2693207026834,388.8390258478523,0.0,6.728450766368999,-0.058880794793367386,0.0,0.0,0.9982647895812988,0.1425156146287918,0.0,0.0,-0.9897913932800293,-0.3744181207275204
-207.42987126672412,390.8852366324043,0.0,6.745696143166855,-0.05079776421189308,0.0,0.0,0.9987087249755859,0.13681864738464355,0.0,0.0,-0.9905951023101807,0.03372639632515401
-207.55623731366464,392.93853253321026,0.0,6.762676095742193,-0.04269811138510704,0.0,0.0,0.9990877509117126,0.13098709285259247,0.0,0.0,-0.9913831949234009,-0.37527569408991124
-207.6483520906593,394.9983484156018,0.0,6.779404491885959,-0.034586090594530106,0.0,0.0,0.9994016289710999,0.12502877414226532,0.0,0.0,-0.9921523332595825,0.032881527833044655
-207.70615634395256,397.0641157139021,0.0,6.795895199389099,-0.02646518126130104,0.0,0.0,0.9996496438980103,0.11895111203193665,0.0,0.0,-0.9928993582725525,-0.3761085581052213
-207.72959794411622,399.1352625741485,0.0,6.812162086042549,-0.01833849772810936,0.0,0.0,0.9998317956924438,-0.11276119947433472,0.0,0.0,0.9936214089393616,0.0320599679010522
-207.71863151345644,401.211213983768,0.0,6.828219019637258,-0.010208633728325367,0.0,0.0,0.9999479055404663,-0.10646606236696243,0.0,0.0,0.9943156242370605,-0.3769195143473783
-207.6732180557851,403.2913918879065,0.0,6.844079867964164,-0.002077908255159855,0.0,0.0,0.9999977946281433,-0.10007188469171524,0.0,0.0,0.9949795603752136,0.031258914955248795
-207.59332458874272,405.375215292132,0.0,6.859758498814216,0.006051773205399513,0.0,0.0,0.9999816417694092,-0.09358454495668411,0.0,0.0,0.995610773563385,-0.3777113643903102
-207.4789237788518,407.46210035122886,0.0,6.875268779978351,0.014178729616105556,0.0,0.0,0.9998993277549744,-0.0870099812746048,0.0,0.0,0.9962069392204285,0.03047556742170665
-207.32999357947313,409.55146044381456,0.0,6.890624579247519,0.022301193326711655,0.0,0.0,0.9997511506080627,-0.08035357296466827,0.0,0.0,0.9967659711837769,-0.37848690980794497
-207.1465168718283,411.6427062325158,0.0,6.90583976441266,0.030417338013648987,0.0,0.0,0.9995371103286743,-0.07362032681703568,0.0,0.0,0.9972858428955078,0.02970712372649753
-206.92848110924638,413.7352457094379,0.0,6.920928203264713,0.03852512687444687,0.0,0.0,0.9992573857307434,-0.06681494414806366,0.0,0.0,0.9977650046348572,-0.3792489521742103
-206.67587796478472,415.8284842266793,0.0,6.935903763594628,0.04662201553583145,0.0,0.0,0.9989123940467834,-0.0599420927464962,0.0,0.0,0.9982014894485474,0.028950782295693755
-206.3887029823683,417.92182451163274,0.0,6.950780313193344,0.05470512807369232,0.0,0.0,0.9985023736953735,-0.053005650639534,0.0,0.0,0.9985938668251038,-0.3800002930630344
-206.06695523158393,420.01466666683496,0.0,6.9655717198518055,0.06277071684598923,0.0,0.0,0.9980277419090271,-0.04600983113050461,0.0,0.0,0.9989405870437622,0.028203741555367423
-205.71063696626098,422.1064081541111,0.0,6.980291851360956,0.07081443071365356,0.0,0.0,0.997489333152771,-0.03895801305770874,0.0,0.0,0.999240517616272,-0.380743734048345
-205.31975328696447,424.19644376277967,0.0,6.994954575511737,0.07883112877607346,0.0,0.0,0.996887743473053,-0.03185385465621948,0.0,0.0,0.9994921684265137,0.02746319993159063
-204.8943118075192,426.2841655616716,0.0,7.009573760095092,0.08681447803974152,0.0,0.0,0.9962243437767029,-0.024700278416275978,0.0,0.0,0.9996944665908813,-0.38148207670407003
-204.43432232568034,428.3689628347274,0.0,7.024163272901968,0.09475726634263992,0.0,0.0,0.9955002069473267,-0.01750047691166401,0.0,0.0,0.9998464584350586,0.026726355850435313
-203.93979649805854,430.4502219999336,0.0,7.0387369817233045,0.1026512086391449,0.0,0.0,0.9947172403335571,-0.010256621986627579,0.0,0.0,0.9999470710754395,-0.3822181226041375
-203.4107475194043,432.52732651135597,0.0,7.053308754350046,0.11048668622970581,0.0,0.0,0.9938774704933167,-0.0029713683761656284,0.0,0.0,0.999995231628418,0.025990407737973564
-202.84718980635228,434.59965674403327,0.0,7.067892458573131,0.11825312674045563,0.0,0.0,0.9929834008216858,0.004353055730462074,0.0,0.0,0.9999901652336121,-0.3829546733224751
-202.24913868571903,436.6665898614858,0.0,7.082501962183512,0.12593843042850494,0.0,0.0,0.9920380115509033,0.011714614927768707,0.0,0.0,0.9999309778213501,0.025252554020277596
-201.61661008744719,438.72749966559707,0.0,7.097151132972123,0.13352924585342407,0.0,0.0,0.9910447597503662,0.019111568108201027,0.0,0.0,0.9998169541358948,-0.3836945304330111
-200.94962024228275,440.78175642861856,0.0,7.111853838729912,0.14101092517375946,0.0,0.0,0.9900078773498535,0.026542190462350845,0.0,0.0,0.999647319316864,0.024509993123419616
-200.24818538427007,442.8287267070494,0.0,7.126623947247823,0.14836736023426056,0.0,0.0,0.9889321327209473,0.034003980457782745,0.0,0.0,0.9994213581085205,-0.3844404955096733
-199.51232176601857,444.8677734684055,0.0,7.141475326316795,0.15558108687400818,0.0,0.0,0.9878228902816772,0.04148879647254944,0.0,0.0,0.9991387128829956,0.023759923473471556
-198.74228848555634,446.89851746022686,0.0,7.156421843727775,0.16263392567634583,0.0,0.0,0.9866862297058105,0.048981040716171265,0.0,0.0,0.9987995028495789,-0.38519537012638944
-197.93902908811086,448.92131219660314,0.0,7.171476771441661,0.1695091724395752,0.0,0.0,0.985528290271759,0.05646447092294693,0.0,0.0,0.998404324054718,0.022999573588931788
-197.10361737856132,450.93664441838877,0.0,7.186645368975625,0.17619186639785767,0.0,0.0,0.984355628490448,0.06392326951026917,0.0,0.0,0.9979545474052429,-0.38596146091093303
-196.23714119628525,452.94500657857384,0.0,7.201927159316533,0.18266835808753967,0.0,0.0,0.9831742644309998,0.07134249806404114,0.0,0.0,0.997451663017273,0.02222776599595666
-195.3407027209955,454.9468969277674,0.0,7.2173215407952,0.1889266073703766,0.0,0.0,0.9819909334182739,0.07870770990848541,0.0,0.0,0.9968975186347961,-0.38673895492500715
-194.41541876660293,456.94281963564566,0.0,7.232827911742447,0.1949557065963745,0.0,0.0,0.9808118343353271,0.08600480109453201,0.0,0.0,0.9962944984436035,0.021444615948115864
-193.46242107624528,458.933284912879,0.0,7.248445670489078,0.20074589550495148,0.0,0.0,0.9796431064605713,0.09322092682123184,0.0,0.0,0.9956452250480652,-0.3875277306192814
-192.48285661848996,460.9188091335486,0.0,7.264174215365912,0.20628847181797028,0.0,0.0,0.9784910082817078,0.1003432646393776,0.0,0.0,0.9949526190757751,0.020650244994740385
-191.47788788472036,462.8999149580472,0.0,7.280012944703767,0.2115757018327713,0.0,0.0,0.9773613810539246,0.10735964775085449,0.0,0.0,0.9942200183868408,-0.38832766644442557
-190.44869318771313,464.87713145647393,0.0,7.295961256833452,0.21660099923610687,0.0,0.0,0.9762600064277649,0.1142590269446373,0.0,0.0,0.9934508204460144,0.019844774685160327
-189.39646696141205,466.85099423252524,0.0,7.312018550085781,0.22135862708091736,0.0,0.0,0.9751921892166138,0.12103046476840973,0.0,0.0,0.9926486015319824,-0.38913864085110883
-188.32242006190702,468.8220455478818,0.0,7.32818422279157,0.22584417462348938,0.0,0.0,0.9741632342338562,0.12766340374946594,0.0,0.0,0.9918174147605896,0.019028326568706344
-187.22778006962568,470.7908344470972,0.0,7.344457673281637,0.23005411028862,0.0,0.0,0.9731775522232056,0.13414861261844635,0.0,0.0,0.9909611344337463,-0.3899605322900011
-186.11379159274097,472.75791688298835,0.0,7.360838299886789,0.23398631811141968,0.0,0.0,0.9722397923469543,0.14047656953334808,0.0,0.0,0.9900838732719421,0.01820102219470876
-184.98171657180228,474.7238558425328,0.0,7.377325500937848,0.23763982951641083,0.0,0.0,0.9713531732559204,0.14663857221603394,0.0,0.0,0.9891899824142456,-0.39079321921177174
-183.83283458559674,476.6892214732716,0.0,7.393918674765623,0.24101513624191284,0.0,0.0,0.9705212116241455,0.15262648463249207,0.0,0.0,0.9882837533950806,0.017362983112497843
-182.66844315824156,478.65459121022366,0.0,7.4106172197009315,0.24411368370056152,0.0,0.0,0.969746470451355,0.158432736992836,0.0,0.0,0.9873695969581604,-0.3916365800670903
-181.48985806751693,480.6205499033108,0.0,7.427420534074581,0.24693836271762848,0.0,0.0,0.9690311551094055,0.16404956579208374,0.0,0.0,0.9864519834518433,0.016514330871404415
-180.29841365443963,482.587689945295,0.0,7.444328016217392,0.2494933009147644,0.0,0.0,0.9683765172958374,0.16947048902511597,0.0,0.0,0.9855350852012634,-0.3924904933066263
-179.09546313408353,484.55661140023096,0.0,7.461339064460181,0.2517840266227722,0.0,0.0,0.9677834510803223,0.17468877136707306,0.0,0.0,0.9846234321594238,0.015655187020758576
-177.88237890764916,486.5279221324354,0.0,7.478453077133755,0.25381723046302795,0.0,0.0,0.967252254486084,0.17969825863838196,0.0,0.0,0.9837214946746826,-0.39335483738104926
-176.6605528757858,488.5022379359717,0.0,7.4956694525689365,0.25560128688812256,0.0,0.0,0.9667824506759644,0.18449315428733826,0.0,0.0,0.9828335642814636,0.014785673109890873
-175.43139675316849,490.4801826646535,0.0,7.512987589096532,0.2571457624435425,0.0,0.0,0.9663726687431335,0.18906770646572113,0.0,0.0,0.9819638729095459,-0.39422949074102887
-174.19634238433161,492.4623883625686,0.0,7.530406885047358,0.25845956802368164,0.0,0.0,0.9660134315490723,0.19341661036014557,0.0,0.0,0.981116533279419,0.013905910688132017
-172.9568420607623,494.4494953951198,0.0,7.547926738752233,0.25955823063850403,0.0,0.0,0.965713620185852,0.19753487408161163,0.0,0.0,0.9802956581115723,-0.39511433183723466
-171.71436883925284,496.44215258058847,0.0,7.565546548541967,0.26045548915863037,0.0,0.0,0.9654693603515625,0.20141692459583282,0.0,0.0,0.9795054793357849,0.013016021304812109
-170.47041686151462,498.4410173222166,0.0,7.583265712747374,0.26116666197776794,0.0,0.0,0.965276300907135,0.20505939424037933,0.0,0.0,0.9787494540214539,-0.39600923912033603
-169.2265016750542,500.4467557408115,0.0,7.601083629699275,0.26170870661735535,0.0,0.0,0.9651297330856323,0.2084638476371765,0.0,0.0,0.9780300855636597,0.012116126509261527
-167.9839222832435,502.45993819231535,0.0,7.618999697336709,0.26209959387779236,0.0,0.0,0.9650245904922485,0.21164138615131378,0.0,0.0,0.9773473739624023,-0.3969140910212165
-166.7429254391554,504.48067045688515,0.0,7.637007722683356,0.26235613226890564,0.0,0.0,0.9649561643600464,0.2146042138338089,0.0,0.0,0.9767011404037476,0.011206630279632868
-165.5034643885563,506.5089202520649,0.0,7.655081850322561,0.2624935209751129,0.0,0.0,0.964920163154602,0.21736444532871246,0.0,0.0,0.9760906100273132,-0.39782692575046924
-164.26549648605683,508.5446464314554,0.0,7.67319190468177,0.26252543926239014,0.0,0.0,0.9649127721786499,0.21993327140808105,0.0,0.0,0.9755149483680725,0.010291981069571798
-163.02898311363592,510.58779892899236,0.0,7.691307710188427,0.2624642252922058,0.0,0.0,0.9649306535720825,0.22232134640216827,0.0,0.0,0.9749734401702881,-0.39874186542252266
-161.79388958801422,512.6383187005702,0.0,7.709399091269975,0.2623208463191986,0.0,0.0,0.9649706482887268,0.22453837096691132,0.0,0.0,0.9744651317596436,0.009378274954342125
-160.56018507149204,514.6961376694532,0.0,7.727435872353864,0.2621054947376251,0.0,0.0,0.9650299549102783,0.22659501433372498,0.0,0.0,0.9739888906478882,-0.399652813962113
-159.3278424863131,516.761178675556,0.0,7.745387877867531,0.26182693243026733,0.0,0.0,0.9651060700416565,0.22849926352500916,0.0,0.0,0.9735439419746399,0.008471608009207432
-158.09683843263295,518.8333554286551,0.0,7.763224932238421,0.261493444442749,0.0,0.0,0.9651967287063599,0.2302602082490921,0.0,0.0,0.9731289148330688,-0.4005536752939762
-156.86715311015996,520.9125724656066,0.0,7.7809168598939795,0.2611123025417328,0.0,0.0,0.9652999639511108,0.23188601434230804,0.0,0.0,0.9727427959442139,0.007578076309431747
-155.63877024354653,522.9987251116443,0.0,7.7984334852616515,0.2606900930404663,0.0,0.0,0.9654139876365662,0.23338434100151062,0.0,0.0,0.9723843932151794,-0.4014383533428485
-154.41167701160444,525.0916994458315,0.0,7.815744632768879,0.2602327764034271,0.0,0.0,0.9655371904373169,0.23476290702819824,0.0,0.0,0.9720525741577148,0.006703775930278877
-153.18586398042427,527.1913722707332,0.0,7.8328201268431075,0.259745717048645,0.0,0.0,0.9656679630279541,0.23602783679962158,0.0,0.0,0.9717461466789246,-0.4023007520334661
-151.96132504047284,529.2976110863882,0.0,7.849629791911784,0.25923386216163635,0.0,0.0,0.9658051133155823,0.2371867597103119,0.0,0.0,0.9714639782905579,0.00585480294701235
-150.73805734774854,531.4102740686504,0.0,7.8661434524023495,0.2587015926837921,0.0,0.0,0.9659473896026611,0.23824575543403625,0.0,0.0,0.9712047576904297,-0.40313477529056535
-149.51606126907018,533.5292100519664,0.0,7.882330932742242,0.25815290212631226,0.0,0.0,0.9660936594009399,0.23921068012714386,0.0,0.0,0.9709675312042236,0.0050372534348965825
-148.29534033157847,535.6542585166601,0.0,7.89816205735892,0.25759121775627136,0.0,0.0,0.9662429690361023,0.24008703231811523,0.0,0.0,0.9707511067390442,-0.40393432703888243
-147.0759011765219,537.7852495807952,0.0,7.913606650679819,0.2570197880268097,0.0,0.0,0.9663946032524109,0.24088041484355927,0.0,0.0,0.970554530620575,0.00425722346919466
-145.85775351740588,539.9220039966685,0.0,7.928634537132379,0.2564416229724884,0.0,0.0,0.9665476679801941,0.24159584939479828,0.0,0.0,0.97037672996521,-0.4046933112031532
-144.6409101025741,542.0643331520093,0.0,7.943215541144053,0.2558593153953552,0.0,0.0,0.9667015075683594,0.2422374039888382,0.0,0.0,0.970212459564209,0.0035208091251707763
-143.42538668229543,544.2120390759318,0.0,7.957319487142279,0.25527524948120117,0.0,0.0,0.9668554663658142,0.24281081557273865,0.0,0.0,0.9700659513473511,-0.4054056317081141
-142.21120198042118,546.3649144497024,0.0,7.970916199554505,0.2546915113925934,0.0,0.0,0.9670089483261108,0.24332059919834137,0.0,0.0,0.9699358940124512,0.002834106478088627
-140.99837754206078,548.5227428515943,0.0,7.9839763506764,0.2541101276874542,0.0,0.0,0.9671615362167358,0.24377106130123138,0.0,0.0,0.9698211550712585,-0.406065235300129
-139.78693339754912,550.6853065001933,0.0,7.996499158082934,0.2535328269004822,0.0,0.0,0.967312753200531,0.24416545033454895,0.0,0.0,0.9697209000587463,0.00220164145755658
-138.5768828685181,552.852395698055,0.0,8.008518551054308,0.25296133756637573,0.0,0.0,0.9674621224403381,0.24450835585594177,0.0,0.0,0.9696338772773743,-0.40667227534918826
-137.36823236443698,555.023809473186,0.0,8.02007055483214,0.25239697098731995,0.0,0.0,0.9676093459129333,0.24480298161506653,0.0,0.0,0.9695593118667603,0.0016182069233226515
-136.16098149446628,557.199355649836,0.0,8.031191194658032,0.25184112787246704,0.0,0.0,0.967754065990448,0.24505268037319183,0.0,0.0,0.9694962501525879,-0.4072339238252434
-134.95512317480683,559.3788509144314,0.0,8.04191649577361,0.25129497051239014,0.0,0.0,0.9678959846496582,0.24526073038578033,0.0,0.0,0.9694437980651855,0.0010765250487985156
-133.75064373145116,561.5621208765641,0.0,8.052282483420472,0.25075963139533997,0.0,0.0,0.9680348634719849,0.24543029069900513,0.0,0.0,0.9694012403488159,-0.40775745855488293
-132.5475229982495,563.7490001249679,0.0,8.062325182840238,0.25023606419563293,0.0,0.0,0.9681704044342041,0.24556443095207214,0.0,0.0,0.9693677425384521,0.0005693180073961246
-131.34573441020964,565.9393322784123,0.0,8.07208061927452,0.24972516298294067,0.0,0.0,0.9683024287223816,0.2456657588481903,0.0,0.0,0.9693425893783569,-0.4082501573646951
-130.14524509195923,568.1329700314486,0.0,8.081584817964925,0.24922771751880646,0.0,0.0,0.968430757522583,0.24573707580566406,0.0,0.0,0.9693250060081482,8.930797252720835e-05
-128.9460159412973,570.3297751949577,0.0,8.090873804153073,0.24874451756477356,0.0,0.0,0.968555212020874,0.245780348777771,0.0,0.0,0.9693145751953125,-0.4087192980812683
-127.74800170777814,572.5296187314327,0.0,8.09998360308057,0.2482762336730957,0.0,0.0,0.9686756730079651,0.24579863250255585,0.0,0.0,0.969310462474823,-0.0003707828823968362
-126.55115106626164,574.7323807849568,0.0,8.108950239989028,0.24782341718673706,0.0,0.0,0.9687919616699219,0.24579401314258575,0.0,0.0,0.9693121314048767,-0.4091721585311904
-125.35540668538194,576.9379507058206,0.0,8.117809740120062,0.24738678336143494,0.0,0.0,0.9689038991928101,0.24576839804649353,0.0,0.0,0.9693191051483154,-0.0008182323839642791
-124.16070529087929,579.1462270697332,0.0,8.126598128715283,0.24696677923202515,0.0,0.0,0.9690114259719849,0.24572427570819855,0.0,0.0,0.9693307280540466,-0.40961601654105
-122.96697772375,581.3571176915863,0.0,8.135351431016302,0.24656394124031067,0.0,0.0,0.9691144227981567,0.2456635981798172,0.0,0.0,0.9693465232849121,-0.0012603183587631683
-121.77414899316763,583.5705396337246,0.0,8.144105672264729,0.24617862701416016,0.0,0.0,0.9692127704620361,0.24558822810649872,0.0,0.0,0.9693659543991089,-0.4100581499374353
-120.5821383251382,585.7864192068131,0.0,8.15289687082957,0.2458113729953766,0.0,0.0,0.9693064093589783,0.2454998642206192,0.0,0.0,0.9693886637687683,-0.0017043182862803707
-119.39086074063766,588.0046891048571,0.0,8.16175051415012,0.24546246230602264,0.0,0.0,0.9693952798843384,0.2454000860452652,0.0,0.0,0.969414234161377,-0.4105053036404933
-118.20023170517008,590.2252797654462,0.0,8.170660326288456,0.2451322227716446,0.0,0.0,0.9694793224334717,0.24529072642326355,0.0,0.0,0.9694421291351318,-0.002154308798317517
-117.01016798127455,592.4481177417724,0.0,8.179614066488066,0.24482087790966034,0.0,0.0,0.9695584774017334,0.24517333507537842,0.0,0.0,0.9694720506668091,-0.4109575127414838
-115.82058760838561,594.6731256976134,0.0,8.188599493992445,0.24452881515026093,0.0,0.0,0.9696326851844788,0.24504919350147247,0.0,0.0,0.96950364112854,-0.0026081182682356485
-114.63140988449078,596.9002224041968,0.0,8.197604368045083,0.24425633251667023,0.0,0.0,0.969701886177063,0.24491962790489197,0.0,0.0,0.969536542892456,-0.41141230436030385
-113.44255534959976,599.1293227389705,0.0,8.206616447889482,0.24400374293327332,0.0,0.0,0.9697660207748413,0.2447861284017563,0.0,0.0,0.9695703983306885,-0.0030632738159325767
-112.25394577103702,601.3603376862877,0.0,8.215623492769135,0.24377132952213287,0.0,0.0,0.9698249697685242,0.24465017020702362,0.0,0.0,0.9696048498153687,-0.411867205616852
-111.06550413057474,603.5931743400254,0.0,8.224613261927525,0.24355946481227875,0.0,0.0,0.9698787331581116,0.24451306462287903,0.0,0.0,0.9696395397186279,-0.003517302561305835
-109.87715461341962,605.827735908145,0.0,8.233573514608155,0.24336861073970795,0.0,0.0,0.9699271321296692,0.24437567591667175,0.0,0.0,0.969674289226532,-0.4123197436310252
-108.68882259906695,608.0639217192188,0.0,8.24249201005452,0.24319936335086823,0.0,0.0,0.9699701070785522,0.24423901736736298,0.0,0.0,0.9697088003158569,-0.003967731624253512
-107.5004346540392,610.3016272309277,0.0,8.251356507510106,0.24305231869220734,0.0,0.0,0.9700074791908264,0.24410445988178253,0.0,0.0,0.9697427749633789,-0.41276744552272154
-106.3119185265212,612.540744040552,0.0,8.260154766218415,0.24292847514152527,0.0,0.0,0.9700389504432678,0.24397282302379608,0.0,0.0,0.9697760343551636,-0.004412088124673141
-105.12320314290805,614.7811598974645,0.0,8.268874545422939,0.2428288757801056,0.0,0.0,0.9700643420219421,0.24384522438049316,0.0,0.0,0.9698082804679871,-0.4132078384118389
-103.93421860628007,617.022758717641,0.0,8.277503604367164,0.24275460839271545,0.0,0.0,0.9700833559036255,0.24372237920761108,0.0,0.0,0.969839334487915,-0.004847899182462256
-102.74489619681805,619.2654206002046,0.0,8.286029702294591,0.2427072525024414,0.0,0.0,0.9700956344604492,0.24360546469688416,0.0,0.0,0.9698688387870789,-0.4136384494182747
-101.55516837417366,621.5090218460126,0.0,8.294440598448718,0.24268850684165955,0.0,0.0,0.9701006412506104,0.24349503219127655,0.0,0.0,0.9698967337608337,-0.005272691917519112
-100.36496878180955,623.7534349782999,0.0,8.302724052073026,0.2427002638578415,0.0,0.0,0.9700980186462402,0.24339181184768677,0.0,0.0,0.9699227809906006,-0.41405680566192665
-99.17423225331967,625.9985287653936,0.0,8.31086782241102,0.2427445948123932,0.0,0.0,0.9700872302055359,0.2432967722415924,0.0,0.0,0.9699468016624451,-0.005683993449740965
-97.98289482074574,628.2441682455075,0.0,8.31885966870619,0.24282406270503998,0.0,0.0,0.97006756067276,0.24321043491363525,0.0,0.0,0.9699686169624329,-0.4144604342626929
-96.79089372489992,630.4902147536261,0.0,8.326687350202027,0.24294133484363556,0.0,0.0,0.9700383543968201,0.2431340366601944,0.0,0.0,0.9699879288673401,-0.006079330899025626
-95.59816742770687,632.7365259504933,0.0,8.334338626142028,0.24309924244880676,0.0,0.0,0.9699988961219788,0.24306771159172058,0.0,0.0,0.9700047373771667,-0.4148468623404707
-94.40465562657651,634.982955853707,0.0,8.34180125576969,0.2433011382818222,0.0,0.0,0.9699483513832092,0.24301224946975708,0.0,0.0,0.9700188040733337,-0.006456231385271183
-93.21029927081563,637.2293548709379,0.0,8.3490629983285,0.24355050921440125,0.0,0.0,0.9698856472969055,0.24296869337558746,0.0,0.0,0.970029890537262,-0.41521361701515813
-92.01504058009128,639.4755698352693,0.0,8.356111613061953,0.24385109543800354,0.0,0.0,0.9698099493980408,0.24293774366378784,0.0,0.0,0.9700378179550171,-0.006812222028374837
-90.81881995286813,641.7214446036821,0.0,8.362934859213546,0.24420692026615143,0.0,0.0,0.9697200655937195,0.24292202293872833,0.0,0.0,0.9700419306755066,-0.4155582254066527
-89.62140077634936,643.9668517048592,0.0,8.369520590791037,0.2446221113204956,0.0,0.0,0.9696148037910461,0.24292539060115814,0.0,0.0,0.9700412750244141,-0.007144834734308769
-88.42227415117927,646.2117112075086,0.0,8.37586346663511,0.2451002448797226,0.0,0.0,0.9694932699203491,0.24295204877853394,0.0,0.0,0.9700347781181335,-0.41587857267150485
-87.2209051086775,648.4559490924285,0.0,8.381969392388797,0.24564455449581146,0.0,0.0,0.9693544507026672,0.24300517141819,0.0,0.0,0.9700216054916382,-0.0074532148228788064
-86.01675535307083,650.6994934287392,0.0,8.38784532777921,0.2462579607963562,0.0,0.0,0.9691975116729736,0.24308885633945465,0.0,0.0,0.9700007438659668,-0.41617533708516213
-84.80928340637472,652.942274366405,0.0,8.39349823253345,0.24694298207759857,0.0,0.0,0.9690215587615967,0.24320578575134277,0.0,0.0,0.9699714183807373,-0.007738715062991897
-83.59794474681081,655.184224128657,0.0,8.398935066378613,0.24770191311836243,0.0,0.0,0.9688258171081543,0.2433595210313797,0.0,0.0,0.9699327945709229,-0.41644992465309966
-82.38219194070021,657.4252770043198,0.0,8.404162789041804,0.2485366016626358,0.0,0.0,0.968609631061554,0.24355323612689972,0.0,0.0,0.969883918762207,-0.008002741460122698
-81.1614747677781,659.6653693400391,0.0,8.409188360250125,0.24944880604743958,0.0,0.0,0.9683722257614136,0.24378915131092072,0.0,0.0,0.9698241949081421,-0.4167037413807927
-79.93524033987471,661.9044395324166,0.0,8.414018739730679,0.2504398822784424,0.0,0.0,0.9681130647659302,0.24407023191452026,0.0,0.0,0.969752848148346,-0.008246700019746644
-78.70293321291169,664.1424280200504,0.0,8.418660887210569,0.2515111565589905,0.0,0.0,0.9678314924240112,0.24439935386180878,0.0,0.0,0.9696690440177917,-0.4169381932737164
-77.46399549216892,666.3792772754805,0.0,8.4231217624169,0.2526634633541107,0.0,0.0,0.9675269722938538,0.2447786033153534,0.0,0.0,0.969572126865387,-0.008471996747339117
-76.21786693077534,668.6149317970446,0.0,8.427408325076765,0.25390002131462097,0.0,0.0,0.9672083854675293,0.24520963430404663,0.0,0.0,0.9694616198539734,-0.417154686337346
-74.9639850213829,670.8493381006408,0.0,8.431527534917274,0.25521838665008545,0.0,0.0,0.9668655395507812,0.24569547176361084,0.0,0.0,0.9693365097045898,-0.008680037648374939
-73.70178508098404,673.0824447114006,0.0,8.435486351665526,0.25661832094192505,0.0,0.0,0.9664983749389648,0.24623748660087585,0.0,0.0,0.9691963791847229,-0.41735462657715666
-72.43070032883625,675.3142021552751,0.0,8.439291735048627,0.25809887051582336,0.0,0.0,0.9661068320274353,0.24683761596679688,0.0,0.0,0.96904057264328,-0.00887222872832949
-71.15016195745933,677.5445629505288,0.0,8.442950644793674,0.25965821743011475,0.0,0.0,0.965691089630127,0.24749846756458282,0.0,0.0,0.9688735604286194,-0.4175394199986237
-69.8595991966735,679.7734815991506,0.0,8.446470040627776,0.26129406690597534,0.0,0.0,0.9652514457702637,0.24822118878364563,0.0,0.0,0.9686901569366455,-0.009049975992678094
-68.55843937064802,682.000914578174,0.0,8.449856882278029,0.26300305128097534,0.0,0.0,0.9647887945175171,0.2490067034959793,0.0,0.0,0.9684898853302002,-0.4177104726072223
-67.24610794793311,684.2268203309146,0.0,8.453118129471537,0.26478078961372375,0.0,0.0,0.9643036723136902,0.2498563677072525,0.0,0.0,0.9682722091674805,-0.009214685446895687
-65.92202858444797,686.4511592581215,0.0,8.456260741935408,0.2666221559047699,0.0,0.0,0.9637970924377441,0.2507714033126831,0.0,0.0,0.9680366516113281,-0.41786919040842796
-64.58562315940262,688.6738937090455,0.0,8.459291679396737,0.2685210704803467,0.0,0.0,0.9632705450057983,0.2517528235912323,0.0,0.0,0.9677828550338745,-0.009367763096457704
-63.236311804128256,690.8949879724222,0.0,8.462217901582624,0.2704704999923706,0.0,0.0,0.9627255201339722,0.2528015375137329,0.0,0.0,0.9675102829933167,-0.4180169794077152
-61.87351292379791,693.1144082673737,0.0,8.46504636822018,0.2724624574184418,0.0,0.0,0.9621641039848328,0.25391799211502075,0.0,0.0,0.9672186970710754,-0.009510614946839357
-60.4966432120165,695.3321227342275,0.0,8.467784039036502,0.2744879126548767,0.0,0.0,0.9615886211395264,0.2551029920578003,0.0,0.0,0.9669075012207031,-0.4181552456105597
-59.1051176582609,697.5481014252547,0.0,8.470437873758694,0.2765369117259979,0.0,0.0,0.9610016942024231,0.2563575208187103,0.0,0.0,0.9665762782096863,-0.009644647003515694
-57.698349548155264,699.7623162953242,0.0,8.473014832113861,0.2785985469818115,0.0,0.0,0.9604063630104065,0.2576819956302643,0.0,0.0,0.9662246108055115,-0.4182853950224369
-56.275750456563294,701.9747411924825,0.0,8.475521873829098,0.2806607782840729,0.0,0.0,0.9598059058189392,0.25907617807388306,0.0,0.0,0.9658521413803101,-0.009771265271961982
-54.836730233483514,704.1853518484455,0.0,8.477965958631513,0.2827107012271881,0.0,0.0,0.9592043161392212,0.2605409324169159,0.0,0.0,0.9654585123062134,-0.41840883364882153
-53.38069698273283,706.3941258690179,0.0,8.480354046248207,0.2847343683242798,0.0,0.0,0.9586057066917419,0.2620752155780792,0.0,0.0,0.9650434851646423,-0.009891875757653545
-51.90705703340542,708.6010427244275,0.0,8.482693096406283,0.2867169976234436,0.0,0.0,0.9580147862434387,0.2636757493019104,0.0,0.0,0.9646077752113342,-0.41852696749518903
-50.41536508365301,710.8060837395847,0.0,8.48499006883284,0.28864285349845886,0.0,0.0,0.9574363827705383,0.2653302848339081,0.0,0.0,0.9641543030738831,-0.010007884466065486
-48.9064003983946,713.0092337207268,0.0,8.487258231018242,0.2904970943927765,0.0,0.0,0.9568753838539124,0.2670254707336426,0.0,0.0,0.9636864066123962,-0.4186415211409164
-47.38152910650291,715.210498014326,0.0,8.489576752398314,0.29226672649383545,0.0,0.0,0.9563363790512085,0.2687484323978424,0.0,0.0,0.9632077217102051,-0.010124981505463038
-45.84210175012113,717.4099125475594,0.0,8.492064040273496,0.2939400374889374,0.0,0.0,0.955823540687561,0.2704874277114868,0.0,0.0,0.962721049785614,-0.4187671417406731
-44.289448376499514,719.6075437880951,0.0,8.494839023187518,0.2955065965652466,0.0,0.0,0.9553404450416565,0.2722303569316864,0.0,0.0,0.96222984790802,-0.010265132157686374
-42.72487807183943,721.803488566965,0.0,8.498020629684103,0.29695701599121094,0.0,0.0,0.9548906087875366,0.2739667296409607,0.0,0.0,0.9617370367050171,-0.4189278289374703
-41.149678788264666,723.9978739000122,0.0,8.501727788306974,0.2982804477214813,0.0,0.0,0.9544689059257507,0.27568718791007996,0.0,0.0,0.9612453579902649,-0.010452362391164705
-39.56511746459825,726.1908568078521,0.0,8.506079427599856,0.299472838640213,0.0,0.0,0.9540889859199524,0.27738186717033386,0.0,0.0,0.9607577919960022,-0.41914760869973705
-37.97244044185232,728.3826241342637,0.0,8.511194476106475,0.3005272448062897,0.0,0.0,0.9537531733512878,0.27904218435287476,0.0,0.0,0.9602770805358887,-0.010710698174327293
-36.37287417464568,730.5733923629156,0.0,8.517191862370552,0.30143746733665466,0.0,0.0,0.9534635543823242,0.28065961599349976,0.0,0.0,0.9598056674003601,-0.41945050699590264
-34.76762624016371,732.7634074323005,0.0,8.52419051493582,0.30219766497612,0.0,0.0,0.9532220959663391,0.2822273075580597,0.0,0.0,0.9593459963798523,-0.01106416547560335
-33.15788880496854,734.9529416167541,0.0,8.532297930083077,0.30280229449272156,0.0,0.0,0.9530305862426758,0.2837366759777069,0.0,0.0,0.9589008688926697,-0.4198599724073803
-31.544889369738133,737.1422267259968,0.0,8.541361503247176,0.3032459020614624,0.0,0.0,0.9528907537460327,0.2851807177066803,0.0,0.0,0.9584726095199585,-0.011521921696012405
-29.92994138955218,739.3313881768562,0.0,8.550970097738212,0.3035229444503784,0.0,0.0,0.9528042674064636,0.2865532636642456,0.0,0.0,0.9580632448196411,-0.42034525495743263
-28.314447503017632,741.5204427670202,0.0,8.560701458351204,0.30362772941589355,0.0,0.0,0.9527727365493774,0.28784775733947754,0.0,0.0,0.9576752185821533,-0.012013404555254403
-26.699899620373618,743.7092993133797,0.0,8.570133329881177,0.3035544157028198,0.0,0.0,0.9527978301048279,0.2890574336051941,0.0,0.0,0.9573108553886414,-0.4208216121054111
-25.08787795374128,745.8977592968375,0.0,8.578843457123147,0.30329659581184387,0.0,0.0,0.9528811573982239,0.2901771068572998,0.0,0.0,0.9569721817970276,-0.012453309971515558
-23.48004898171555,748.0855175134704,0.0,8.586409584872142,0.30284759402275085,0.0,0.0,0.9530243873596191,0.2912001311779022,0.0,0.0,0.9566614031791687,-0.42120373976950165
-21.87816234189324,750.2721627316848,0.0,8.592409457923178,0.3022000789642334,0.0,0.0,0.9532291889190674,0.292121559381485,0.0,0.0,0.9563804864883423,-0.012756333862982083
-20.28404664743127,752.4571783547854,0.0,8.596420821071282,0.30134639143943787,0.0,0.0,0.9534971117973328,0.2929350435733795,0.0,0.0,0.9561316967010498,-0.4214063338678907
-18.699604227326926,754.6399430881431,0.0,8.598021419111474,0.3002781569957733,0.0,0.0,0.9538298845291138,0.2936360239982605,0.0,0.0,0.955916702747345,-0.012837172147840248
-17.12680479483267,756.8197316098974,0.0,8.59678899683877,0.29898932576179504,0.0,0.0,0.954238772392273,0.29421818256378174,0.0,0.0,0.9557340145111084,-0.4213440903187643
-15.567678054227878,758.9957152438927,0.0,8.592301299048199,0.29746800661087036,0.0,0.0,0.9547175168991089,0.2946780025959015,0.0,0.0,0.9555902481079102,-0.012610520744275988
-14.024305263085182,761.1669626332981,0.0,8.584136070534777,0.29570409655570984,0.0,0.0,0.9552680253982544,0.2950098514556885,0.0,0.0,0.9554869532585144,-0.4209317050403087
-12.498809775168604,763.3324404130997,0.0,8.571871056093531,0.29368674755096436,0.0,0.0,0.9558922648429871,0.2952093183994293,0.0,0.0,0.9554252624511719,-0.011991075570475684
-10.99334659815599,765.4910138794071,0.0,8.555084000519471,0.29140493273735046,0.0,0.0,0.9565920829772949,0.29527097940444946,0.0,0.0,0.9554065465927124,-0.42008387395070973
-9.510091010482236,767.6414476532402,0.0,8.533352648607634,0.2888469099998474,0.0,0.0,0.9573690295219421,0.2951899766921997,0.0,0.0,0.9554318785667419,-0.010893532544625273
-8.051225495289872,769.7824075140231,0.0,8.506259427620702,0.2860007882118225,0.0,0.0,0.9582242369651794,0.29496148228645325,0.0,0.0,0.9555021524429321,-0.4187155294564202
-6.618871198500545,771.9125441788158,0.0,8.47371770752601,0.2828541100025177,0.0,0.0,0.9591586589813232,0.29457613825798035,0.0,0.0,0.9556198120117188,-0.009250011327721686
-5.215019451890883,774.0309664524125,0.0,8.4361848399955,0.27939504384994507,0.0,0.0,0.960172712802887,0.2940194308757782,0.0,0.0,0.955788254737854,-0.4168199300861924
-3.8416087019221474,776.1382056789735,0.0,8.394168794140462,0.27561336755752563,0.0,0.0,0.9612656831741333,0.2932783365249634,0.0,0.0,0.956017017364502,-0.0071279888097904864
-2.5004316117695415,778.2351863935952,0.0,8.3481775390722,0.27150121331214905,0.0,0.0,0.962435781955719,0.2923383116722107,0.0,0.0,0.956305742263794,-0.4144971394261792
-1.1931070694632417,780.3228956988091,0.0,8.298719043901997,0.26705288887023926,0.0,0.0,0.9636800289154053,0.2911869287490845,0.0,0.0,0.9566579461097717,-0.004630085013315577
0.0789169784939913,782.4023770422818,0.0,8.246301277741146,0.26226484775543213,0.0,0.0,0.9649944305419922,0.2898135483264923,0.0,0.0,0.9570756554603577,-0.4118497774988635
1.3143592387032408,784.4747259537311,0.0,8.191432209700947,0.2571355104446411,0.0,0.0,0.9663740992546082,0.28820744156837463,0.0,0.0,0.9575612545013428,-0.001858919960780303
2.5120993945198524,786.5410876789388,0.0,8.134619808892682,0.2516658902168274,0.0,0.0,0.9678130149841309,0.286359965801239,0.0,0.0,0.9581160545349121,-0.40898046432672885
3.6711711128058986,788.6026566396229,0.0,8.07637204442765,0.24585933983325958,0.0,0.0,0.9693044424057007,0.2842629551887512,0.0,0.0,0.9587409496307373,0.0010828863253324328
4.7907538070325435,790.6606776412225,0.0,8.01719688541715,0.23972178995609283,0.0,0.0,0.9708407521247864,0.28191056847572327,0.0,0.0,0.9594358801841736,-0.40599181993225913
5.8701632303116265,792.7164487463702,0.0,7.957602300972458,0.23326145112514496,0.0,0.0,0.9724133610725403,0.2792969048023224,0.0,0.0,0.9602004289627075,0.004092713822539007
6.908840970437855,794.771325729838,0.0,7.89809626020488,0.2264891266822815,0.0,0.0,0.974013090133667,0.27641764283180237,0.0,0.0,0.9610336422920227,-0.40298646433793694
7.906342915740492,796.8267280310185,0.0,7.839186732225705,0.2194175273180008,0.0,0.0,0.9756304621696472,0.2732696533203125,0.0,0.0,0.9619339108467102,0.007067942508355907
8.862326755548631,798.8841461224563,0.0,7.78138168614623,0.21206137537956238,0.0,0.0,0.9772558808326721,0.26985102891921997,0.0,0.0,0.9628987908363342,-0.4000670175662463
9.776538572420877,800.9451502174949,0.0,7.725189091077738,0.20443671941757202,0.0,0.0,0.9788793325424194,0.26616087555885315,0.0,0.0,0.9639256596565247,0.009905952360299952
10.648798575038931,803.0114002466761,0.0,7.671116916131529,0.1965607851743698,0.0,0.0,0.9804912209510803,0.2621996998786926,0.0,0.0,0.9650110006332397,-0.3973360996396701
11.478986010879236,805.0846570410288,0.0,7.619673130418899,0.18845123052597046,0.0,0.0,0.9820822477340698,0.25796860456466675,0.0,0.0,0.9661509394645691,0.012504123355887298
12.26702328651184,807.166794670811,0.0,7.5713657030511285,0.1801259070634842,0.0,0.0,0.9836432933807373,0.25346967577934265,0.0,0.0,0.9673412442207336,-0.3948963305806918
13.012859310669986,809.2598139004388,0.0,7.526702603139521,0.17160223424434662,0.0,0.0,0.9851660132408142,0.24870580434799194,0.0,0.0,0.9685772061347961,0.014759835472635152
13.716452061142746,811.365856734338,0.0,7.486191799795367,0.16289690136909485,0.0,0.0,0.9866428375244141,0.24368129670619965,0.0,0.0,0.9698536396026611,-0.39285033041179507
14.37775036108438,813.4872220441376,0.0,7.450341262129956,0.1540255844593048,0.0,0.0,0.9880666136741638,0.2384009212255478,0.0,0.0,0.9711652398109436,0.016570468688059947
14.996674790755899,815.6263821312416,0.0,7.4196584292077015,0.14500251412391663,0.0,0.0,0.9894311428070068,0.23287011682987213,0.0,0.0,0.9725063443183899,-0.3913006923854186
15.57306819763911,817.7858848450901,0.0,7.39425716012825,0.13584044575691223,0.0,0.0,0.9907305240631104,0.22709527611732483,0.0,0.0,0.9738712310791016,0.017853361065810036
16.106610136171856,819.9680396669096,0.0,7.373160448776831,0.12655048072338104,0.0,0.0,0.9919600486755371,0.22108352184295654,0.0,0.0,0.9752535820007324,-0.3902352019131247
16.596826454212337,822.1748497513529,0.0,7.355203846708089,0.11714211851358414,0.0,0.0,0.9931150078773499,0.21484443545341492,0.0,0.0,0.976647138595581,0.018760260160190945
17.043118165203825,824.4079518480354,0.0,7.339222905476662,0.10762300342321396,0.0,0.0,0.9941916465759277,0.2083921581506729,0.0,0.0,0.9780442714691162,-0.38942808366911325
17.444792512999506,826.6664616673578,0.0,7.324053176637198,0.09799910336732864,0.0,0.0,0.9951863884925842,0.20174290239810944,0.0,0.0,0.979437530040741,0.019526408081375957
17.801096268913025,828.945977280425,0.0,7.308530710525466,0.0882747545838356,0.0,0.0,0.9960960745811462,0.19490955770015717,0.0,0.0,0.9808202981948853,-0.38864412073417726
18.111264762470338,831.24163357288,0.0,7.291836211544484,-0.07845360785722733,0.0,0.0,-0.9969176650047302,0.18790222704410553,0.0,0.0,0.982187032699585,0.02036956459556699
18.374579668857944,833.5486517372162,0.0,7.274096365468358,-0.06853951513767242,0.0,0.0,-0.997648298740387,0.18072809278964996,0.0,0.0,0.9835324883460999,-0.3877481689121507
18.590370484911258,835.8623982352317,0.0,7.255598725372727,-0.05853768810629845,0.0,0.0,-0.9982850551605225,0.17339184880256653,0.0,0.0,0.9848523736000061,0.02130378884282108
18.75800615201764,838.1783918268627,0.0,7.2366308443332255,-0.048455022275447845,0.0,0.0,-0.998825192451477,0.1658954918384552,0.0,0.0,0.9861428737640381,-0.3867901951222769
18.876886147629374,840.4923079944376,0.0,7.2174802754254905,-0.038301143795251846,0.0,0.0,-0.9992660284042358,0.15823867917060852,0.0,0.0,0.9874005317687988,0.02227098929270671
18.94643105984941,842.7999808055555,0.0,7.198434571725157,-0.028089094907045364,0.0,0.0,-0.9996051788330078,0.15041810274124146,0.0,0.0,0.9886221289634705,-0.3858282908949874
18.966072657362343,845.0974022601245,0.0,7.179781286307865,-0.017835982143878937,0.0,0.0,-0.9998407363891602,-0.1424304097890854,0.0,0.0,-0.9898045063018799,0.0232130744147922
18.935243464306886,847.3807191673529,0.0,7.16180797224925,-0.007563821040093899,0.0,0.0,-0.9999712109565735,-0.1342676281929016,0.0,0.0,-0.9909448027610779,-0.3849205477607139
18.853365846526113,849.6462275966287,0.0,7.144802182624948,0.002700062468647957,0.0,0.0,-0.9999961256980896,-0.12592193484306335,0.0,0.0,-0.9920398592948914,0.024071952678645814
18.719840611996453,851.8903649423211,0.0,7.129051470510599,0.012922449968755245,0.0,0.0,-0.9999161958694458,-0.11739511787891388,0.0,0.0,-0.9930849671363831,-0.38412505724988816
18.534459435352197,854.1104452903344,0.0,7.114843388981834,0.023065106943249702,0.0,0.0,-0.9997336268424988,-0.108706533908844,0.0,0.0,-0.9940736889839172,0.024789532553835925
18.298828521046463,856.30717040254,0.0,7.1024654911142955,0.033090800046920776,0.0,0.0,-0.9994519948959351,-0.09988024830818176,0.0,0.0,-0.9949992895126343,-0.3834999108929418
18.014987703038724,858.4822070800088,0.0,7.092195736455885,0.042964790016412735,0.0,0.0,-0.999076247215271,-0.09094055742025375,0.0,0.0,-0.9958561658859253,0.02530820703153347
17.684898131471815,860.6372190462502,0.0,7.084123320653322,0.05265481397509575,0.0,0.0,-0.9986124634742737,-0.08191175758838654,0.0,0.0,-0.9966394305229187,-0.38309221312513553
17.31045493669987,862.773816829376,0.0,7.078164855459283,0.062131285667419434,0.0,0.0,-0.9980676770210266,-0.0728176087141037,0.0,0.0,-0.9973450899124146,0.025609139617090937
16.89349601531857,864.8935596717712,0.0,7.07423060324874,0.07136677950620651,0.0,0.0,-0.9974498748779297,-0.06368213891983032,0.0,0.0,-0.9979700446128845,-0.3828935135185424
16.435810202084383,866.9979592075808,0.0,7.072230826396664,0.08033628016710281,0.0,0.0,-0.9967676401138306,-0.05452867969870567,0.0,0.0,-0.9985120296478271,0.02571013844800385
15.939145033990894,869.088482943794,0.0,7.072075787278032,0.08901689946651459,0.0,0.0,-0.9960299730300903,-0.04538063332438469,0.0,0.0,-0.9989696145057678,-0.38288568326002564
15.405214122325106,871.1665575520822,0.0,7.073675748267813,0.09738792479038239,0.0,0.0,-0.9952463507652283,-0.03626006841659546,0.0,0.0,-0.9993423223495483,0.025629332337408883
14.835704146530233,873.233571977578,0.0,7.07694097174098,0.10543037950992584,0.0,0.0,-0.9944265484809875,-0.027189146727323532,0.0,0.0,-0.9996302127838135,-0.38305059353644827
14.232281481807169,875.290880369899,0.0,7.081781720072503,0.11312755197286606,0.0,0.0,-0.9935803413391113,-0.018189094960689545,0.0,0.0,-0.9998344779014587,0.025384850098443046
13.5965984705983,877.3398048408377,0.0,7.088108255637358,0.12046391516923904,0.0,0.0,-0.9927176237106323,-0.00928123202174902,0.0,0.0,-0.9999567866325378,-0.38337011553467326
12.93029934640124,879.3816380523683,0.0,7.095830840810516,0.12742601335048676,0.0,0.0,-0.9918480515480042,-0.00048490334302186966,0.0,0.0,-0.9999997615814209,0.02499482054424318
12.23502581676535,881.4176456378322,0.0,7.104859737966945,0.134001687169075,0.0,0.0,-0.9909811019897461,0.008181016892194748,0.0,0.0,-0.9999663829803467,-0.3838261204415636
11.512422310817284,883.4490684584785,0.0,7.115105209481621,0.14018011093139648,0.0,0.0,-0.9901258945465088,0.016697611659765244,0.0,0.0,-0.999860405921936,0.024477372487946403
10.764140895254586,885.4771246968467,0.0,7.126477517729516,0.14595189690589905,0.0,0.0,-0.9892915487289429,0.025047428905963898,0.0,0.0,-0.9996860027313232,-0.38440047944398253
9.991845861421696,887.5030117878811,0.0,7.138886925085601,0.1513093113899231,0.0,0.0,-0.9884863495826721,0.03321345895528793,0.0,0.0,-0.9994480609893799,0.023850634742689558
9.197217984856911,889.5279081880681,0.0,7.152243693924849,0.1562458723783493,0.0,0.0,-0.9877181053161621,0.041180212050676346,0.0,0.0,-0.9991515874862671,-0.385075063728793
8.381958457552962,891.552974982373,0.0,7.166458086622234,0.16075676679611206,0.0,0.0,-0.9869940280914307,0.04893210157752037,0.0,0.0,-0.9988019466400146,0.023132736121609487
7.547792492126085,893.5793573282523,0.0,7.181440365552724,0.16483855247497559,0.0,0.0,-0.9863204956054688,0.05645481497049332,0.0,0.0,-0.9984050393104553,-0.3858317444828582
6.696472596123654,895.6081857355749,0.0,7.197100793091295,0.16848920285701752,0.0,0.0,-0.9857034683227539,0.0637349858880043,0.0,0.0,-0.9979667663574219,0.02234180543784331
5.829781513822841,897.6405771808953,0.0,7.213349631612917,0.1717079132795334,0.0,0.0,-0.9851478338241577,0.07075881958007812,0.0,0.0,-0.9974932670593262,-0.3866523928930411
4.949534832092265,899.6776360541485,0.0,7.230097143492561,0.17449530959129333,0.0,0.0,-0.984657883644104,0.07751427590847015,0.0,0.0,-0.996990978717804,0.021495971504527922
4.057583246189237,901.720454935528,0.0,7.247253591105204,0.17685356736183167,0.0,0.0,-0.9842370748519897,0.0839899480342865,0.0,0.0,-0.996466338634491,-0.38751888014620484
3.1558144807602675,903.7701152000552,0.0,7.264729236825811,0.17878590524196625,0.0,0.0,-0.9838879704475403,0.09017501771450043,0.0,0.0,-0.9959256052970886,0.020613363134800278
2.246154860796849,905.827687447101,0.0,7.282434343029361,0.18029695749282837,0.0,0.0,-0.9836121797561646,0.0960589200258255,0.0,0.0,-0.995375394821167,-0.3884130774292124
1.3305705268780965,907.8942317519579,0.0,7.300279172090821,0.18139144778251648,0.0,0.0,-0.9834052324295044,0.10163218528032303,0.0,0.0,-0.9948217868804932,0.019712109141797163
0.41106828869847023,909.9707977364278,0.0,7.318173986385166,0.18207816779613495,0.0,0.0,-0.9832766056060791,0.10688529908657074,0.0,0.0,-0.9942711591720581,-0.3893168559289268
-0.5103038893558471,912.0584244552938,0.0,7.33602904828737,0.1823647916316986,0.0,0.0,-0.9832237958908081,0.11180950701236725,0.0,0.0,-0.9937294721603394,0.01881033833865564
-1.4314567769578388,914.1581400955178,0.0,7.353754620172402,0.18226031959056854,0.0,0.0,-0.9832438230514526,0.11639703065156937,0.0,0.0,-0.9932025671005249,-0.39021208683221126
-2.3502601473433686,916.2709614850116,0.0,7.3712609644152325,0.18177467584609985,0.0,0.0,-0.9833332300186157,0.12063946574926376,0.0,0.0,-0.992696225643158,0.017926179538512665
-3.264543433934278,918.397893407874,0.0,7.3884583433908375,0.18091902136802673,0.0,0.0,-0.9834882020950317,0.12453031539916992,0.0,0.0,-0.9922155737876892,-0.3910806413259287
-4.172096780302847,920.5399277231061,0.0,7.405257019474188,0.17970559000968933,0.0,0.0,-0.9837046265602112,0.12806719541549683,0.0,0.0,-0.9917652010917664,0.017077761554505022
-5.07072941095326,922.697928106438,0.0,7.421567255040255,0.17814955115318298,0.0,0.0,-0.9839906692504883,0.13125452399253845,0.0,0.0,-0.9913484454154968,-0.39190439059694215
-5.958719769498353,924.8717295243998,0.0,7.437299235395114,0.17626136541366577,0.0,0.0,-0.9843330383300781,0.134099543094635,0.0,0.0,-0.9909676313400269,0.01628321709213837
-6.834579395815753,927.0605975294121,0.0,7.452330212416833,0.17405177652835846,0.0,0.0,-0.9847280979156494,0.13660961389541626,0.0,0.0,-0.990624725818634,-0.39266353085056427
-7.6967874550037845,929.2637207935197,0.0,7.466453387468825,0.1715298444032669,0.0,0.0,-0.9851721525192261,0.13879144191741943,0.0,0.0,-0.9903214573860168,0.01556992542284591
-8.543790603654715,931.4802109487257,0.0,7.479448746879446,0.1687033623456955,0.0,0.0,-0.9856614470481873,0.14065077900886536,0.0,0.0,-0.9900591373443604,-0.39331986213392905
-9.374007342615032,933.7091020048555,0.0,7.491096276977048,0.16557906568050385,0.0,0.0,-0.9861922264099121,0.14219260215759277,0.0,0.0,-0.9898388385772705,0.014981666327007481
-10.185832992165093,935.9493500428212,0.0,7.5011759640899855,0.16216258704662323,0.0,0.0,-0.9867606163024902,0.1434221714735031,0.0,0.0,-0.9896613359451294,-0.3938289372406431
-10.97764529015504,938.1998331867138,0.0,7.5094677945466115,0.15845899283885956,0.0,0.0,-0.987362802028656,0.1443435549736023,0.0,0.0,-0.9895274639129639,0.014562887011016268
-11.747810610930413,940.4593518574433,0.0,7.515751754675277,0.1544722616672516,0.0,0.0,-0.9879950284957886,0.14495988190174103,0.0,0.0,-0.9894336462020874,-0.394146308964313
-12.494690799793267,942.7266293097526,0.0,7.519807830804335,0.15020599961280823,0.0,0.0,-0.9886530637741089,0.14527557790279388,0.0,0.0,-0.9893865585327148,0.014358034681265786
-13.216650614285923,945.000312453374,0.0,7.521416009262138,0.1456635296344757,0.0,0.0,-0.989332914352417,0.14529313147068024,0.0,0.0,-0.9893841743469238,-0.3942275300985455
-13.912065759748376,947.2789729578788,0.0,7.520356276377042,0.14084778726100922,0.0,0.0,-0.9900302290916443,0.14501501619815826,0.0,0.0,-0.9894244074821472,0.014411556544149495
-14.579331502401509,949.5611086393599,0.0,7.516408618477396,0.13576138019561768,0.0,0.0,-0.9907407164573669,0.1444430947303772,0.0,0.0,-0.9895050525665283,-0.39402815343694725
-15.216871838643634,951.84514512554,0.0,7.509353021891555,0.13040690124034882,0.0,0.0,-0.9914599061012268,0.1435798555612564,0.0,0.0,-0.9896315336227417,0.014767899806060636
-15.82314919433756,954.1294377941701,0.0,7.4989694729478735,0.12478688359260559,0.0,0.0,-0.9921830296516418,0.14242662489414215,0.0,0.0,-0.9897988438606262,-0.3935037317731249
-16.396674622612895,956.4122739777165,0.0,7.485037957974699,0.11890379339456558,0.0,0.0,-0.99290531873703,0.14098447561264038,0.0,0.0,-0.9900059700012207,0.015471511673392668
-16.936018463130722,958.6918754253004,0.0,7.46733846330039,0.11276023834943771,0.0,0.0,-0.993621826171875,0.13925494253635406,0.0,0.0,-0.9902512431144714,-0.3926098179006851
-17.43982141987463,960.966401010704,0.0,7.4456509752533,0.10635875165462494,0.0,0.0,-0.9943274259567261,0.13723894953727722,0.0,0.0,-0.9905332326889038,0.016566839352538665
-17.906806008360252,963.233949672958,0.0,7.419755480161773,0.09970198571681976,0.0,0.0,-0.9950169920921326,0.13493712246418,0.0,0.0,-0.9908499121665955,-0.39130196461323424
-18.335788316718485,965.4925635736067,0.0,7.389431964354171,0.0927928239107132,0.0,0.0,-0.9956851601600647,0.13235053420066833,0.0,0.0,-0.9911991953849792,0.01809833004989231
-18.725690018435557,967.7402314522321,0.0,7.354460414158844,0.08563391864299774,0.0,0.0,-0.9963263273239136,0.1294802576303482,0.0,0.0,-0.9915785789489746,-0.38953572470437936
-19.07555056765132,969.974892159196,0.0,7.314620815904143,0.07822847366333008,0.0,0.0,-0.9969351291656494,0.1263275295495987,0.0,0.0,-0.9919854998588562,0.020110430971846893
-19.38453950086467,972.1944383418662,0.0,7.269693155918422,0.07057993113994598,0.0,0.0,-0.9975059032440186,0.1228935495018959,0.0,0.0,-0.9924170970916748,-0.3872666509677268
-19.65196876170587,974.3967202578356,0.0,7.219457420530034,-0.06269039213657379,0.0,0.0,0.998032808303833,0.11917990446090698,0.0,0.0,-0.9928702116012573,0.02264758932479577
-19.877304958153744,976.5795496858424,0.0,7.16369359606734,-0.054564472287893295,0.0,0.0,0.9985100626945496,0.11518862098455429,0.0,0.0,-0.9933413863182068,-0.38445029619688365
-20.060181454248585,978.7407039022752,0.0,7.102181668858675,-0.046206023544073105,0.0,0.0,0.9989317655563354,0.11092226952314377,0.0,0.0,-0.9938271045684814,0.025754252315132453
-20.20041019102908,980.8779296883383,0.0,7.034701625232404,-0.03761988505721092,0.0,0.0,0.9992918968200684,0.10638374835252762,0.0,0.0,-0.9943233132362366,-0.38104221318545584
-20.297993124158484,982.9889473301508,0.0,6.961033451516885,-0.028811413794755936,0.0,0.0,0.9995846748352051,0.10157684236764908,0.0,0.0,-0.9948259592056274,0.029474867149249573
-20.35313315856643,985.071454571324,0.0,6.8809571340404565,-0.019787020981311798,0.0,0.0,0.9998039603233337,-0.0965142548084259,0.0,0.0,0.9953300356864929,-0.3769979547270504
-20.3662443919758,987.1231467112098,0.0,6.79430649052803,-0.010554222390055656,0.0,0.0,0.9999440312385559,-0.09118387848138809,0.0,0.0,0.9958326816558838,0.03385116227613982
-20.337952361664314,989.1420336219702,0.0,6.701957367600764,-0.0011219754815101624,0.0,0.0,0.9999991059303284,-0.08560032397508621,0.0,0.0,0.9963282346725464,-0.37233385760951176
-20.269055723425865,991.1267218778812,0.0,6.605729103168762,0.008499644696712494,0.0,0.0,0.999963641166687,-0.07976989448070526,0.0,0.0,0.996812105178833,0.03871117563129145
-20.160468777297776,993.0764188683063,0.0,6.507475098033581,0.018299132585525513,0.0,0.0,0.999832272529602,-0.0736994817852974,0.0,0.0,0.9972794055938721,-0.3673715341178359
-20.01316174090707,994.9909249490818,0.0,6.409048752996786,0.028263835236430168,0.0,0.0,0.9996002912521362,-0.06739617139101028,0.0,0.0,0.9977253079414368,0.043682203158402266
-19.828099666156994,996.8706241490072,0.0,6.312303468859908,0.03837992250919342,0.0,0.0,0.9992630481719971,-0.060867298394441605,0.0,0.0,0.9981448650360107,-0.3624854086563774
-19.606180405289827,998.7164736131112,0.0,6.219092646424511,0.048633038997650146,0.0,0.0,0.9988165497779846,-0.0541200116276741,0.0,0.0,0.9985335469245911,0.04838982045311924
-19.348171895463135,1000.5299919388432,0.0,6.131269686492148,0.0590081661939621,0.0,0.0,0.9982572793960571,-0.04716184362769127,0.0,0.0,0.9988865256309509,-0.35804990562949035
-19.054648873007423,1002.3132465262096,0.0,6.050687989864382,0.06949081271886826,0.0,0.0,0.9975824356079102,-0.03999919444322586,0.0,0.0,0.9991990923881531,0.052459603111087216
-18.72592895103903,1004.0688400188517,0.0,5.979200957342743,0.08006680756807327,0.0,0.0,0.9967893362045288,-0.0326383002102375,0.0,0.0,0.999466598033905,-0.3544394494415288
-18.36200940503826,1005.7998886196241,0.0,5.918637181985729,0.09072311967611313,0.0,0.0,0.9958759546279907,-0.02508554235100746,0.0,0.0,0.9996846914291382,0.055518379644269755
-17.96260042360258,1007.5096050820362,0.0,5.8694430229496355,0.10144836455583572,0.0,0.0,0.9948406219482422,-0.01734573394060135,0.0,0.0,0.9998491406440735,-0.3519548959548574
-17.52726624823325,1009.200688051553,0.0,5.829981324579297,0.11223229020833969,0.0,0.0,0.9936818480491638,-0.009423786774277687,0.0,0.0,0.9999552369117737,0.057511394713478825
-17.055487304055873,1010.8752779280168,0.0,5.798442421015483,0.1230667382478714,0.0,0.0,0.9923982620239258,-0.001324766781181097,0.0,0.0,0.9999987483024597,-0.3503620220374931
-16.54671467769443,1012.5349646318148,0.0,5.773016646398946,0.1339453160762787,0.0,0.0,0.9909886121749878,0.0069465721026062965,0.0,0.0,0.9999755024909973,0.05879552474461708
-16.000426224681554,1014.1807965342045,0.0,5.751894334870441,0.14486216008663177,0.0,0.0,0.9894517064094543,0.015385299921035767,0.0,0.0,0.9998812079429626,-0.3492952386269626
-15.416184599876932,1015.8132905668027,0.0,5.733265820570722,0.15581440925598145,0.0,0.0,0.9877862930297852,0.023985687643289566,0.0,0.0,0.9997119903564453,0.059736358800158484
-14.793697420973583,1017.4324435223723,0.0,5.715321437640551,0.1667996048927307,0.0,0.0,0.9859907627105713,0.032741524279117584,0.0,0.0,0.9994635581970215,-0.34838895666079234
-14.132879671771448,1019.0377445470881,0.0,5.696251520220676,0.17781823873519897,0.0,0.0,0.9840633273124695,0.041646189987659454,0.0,0.0,0.9991322159767151,0.0606994859425764
-13.433918329025214,1020.628188803601,0.0,5.674246402451854,0.18887247145175934,0.0,0.0,0.9820016026496887,0.05069146305322647,0.0,0.0,0.9987142086029053,-0.3472775870765084
-12.69734600236147,1022.2022791298377,0.0,5.647496418474845,0.19996614754199982,0.0,0.0,0.9798027873039246,0.0598682202398777,0.0,0.0,0.9982061386108398,0.06205049523434453
-11.924522239635408,1023.7572619078176,0.0,5.614191902430406,0.21110424399375916,0.0,0.0,0.9774635434150696,0.06916730105876923,0.0,0.0,0.9976049065589905,-0.34559554081163774
-11.117906961113054,1025.2887586177774,0.0,5.57256369999007,0.22229331731796265,0.0,0.0,0.974979817867279,0.07858199626207352,0.0,0.0,0.9969074130058289,0.06415292970102815
-10.280266991243467,1026.7923789382519,0.0,5.522324057105876,0.233539417386055,0.0,0.0,0.9723473191261292,0.08810421824455261,0.0,0.0,0.9961110949516296,-0.3430581851104158
-9.414312467399178,1028.2643667845155,0.0,5.465057210098957,0.24484920501708984,0.0,0.0,0.9695612192153931,0.09772860258817673,0.0,0.0,0.995212972164154,0.0670451947013776
-8.522611617939601,1029.7016343356422,0.0,5.40246736833201,0.2562284469604492,0.0,0.0,0.9666162729263306,0.10745008289813995,0.0,0.0,0.9942103028297424,-0.33989708199087304
-7.607525759590438,1031.1017513055726,0.0,5.336258741167759,0.26768288016319275,0.0,0.0,0.9635071158409119,0.11726576834917068,0.0,0.0,0.9931004643440247,0.07038906476017814
-6.671148663188427,1032.4629236401329,0.0,5.268135537968927,0.27921679615974426,0.0,0.0,0.9602281451225281,0.12717144191265106,0.0,0.0,0.9918805956840515,-0.3364565161727502
-5.715250363232365,1033.7839625627098,0.0,5.199801968098213,0.29083433747291565,0.0,0.0,0.9567734003067017,0.1371655911207199,0.0,0.0,0.9905479550361633,0.07384025515768894
-4.741225346529189,1035.0642448999922,0.0,5.132962240918338,0.30253762006759644,0.0,0.0,0.9531373977661133,0.14724639058113098,0.0,0.0,0.9890996217727661,-0.3330807723757868
-3.7500449317946476,1036.303665557751,0.0,5.069320564657839,0.31432846188545227,0.0,0.0,0.9493142366409302,0.15741710364818573,0.0,0.0,0.9875320196151733,0.07705448123145153
-2.742282174622102,1037.5025032646613,0.0,5.010244562410177,0.32620593905448914,0.0,0.0,0.9452986121177673,0.16767702996730804,0.0,0.0,0.9858418107032776,-0.33009713589863215
-1.7183499653958103,1038.661071836951,0.0,4.955815592912703,0.33816853165626526,0.0,0.0,0.9410855174064636,0.1780284196138382,0.0,0.0,0.984025239944458,0.07980341908485927
-0.6785721320816245,1039.7796325305194,0.0,4.905807803436247,0.3502122163772583,0.0,0.0,0.9366703629493713,0.18847501277923584,0.0,0.0,0.982077956199646,-0.3275714899654778
0.37680379718840085,1040.8583854972271,0.0,4.859995341251629,0.3623298704624176,0.0,0.0,0.9320498704910278,0.19902049005031586,0.0,0.0,0.9799953699111938,0.0821171798012541
1.4475946918678808,1041.897462840524,0.0,4.818152353629653,0.37451258301734924,0.0,0.0,0.9272217154502869,0.20966820418834686,0.0,0.0,0.97777259349823,-0.3254582077623477
2.5336707008369515,1042.8969231382716,0.0,4.780052987841142,0.3867490887641907,0.0,0.0,0.9221848249435425,0.22042562067508698,0.0,0.0,0.9754037857055664,0.08404139019461326
3.6349448490517666,1043.8567473198293,0.0,4.745471391156918,0.3990241587162018,0.0,0.0,0.9169402718544006,0.23129485547542572,0.0,0.0,0.9728837013244629,-0.32371166247526567
4.7513632862111415,1044.7768358017129,0.0,4.714181710847785,0.4113208055496216,0.0,0.0,0.9114904999732971,0.24228529632091522,0.0,0.0,0.9702050685882568,0.08562167707891288
5.882896130718063,1045.657006801552,0.0,4.685958094184567,0.42361873388290405,0.0,0.0,0.9058404564857483,0.25340038537979126,0.0,0.0,0.9673615097999573,-0.32228622729025463
7.029528857868482,1046.496995763773,0.0,4.660574688438082,0.43589407205581665,0.0,0.0,0.8999977707862854,0.2646440863609314,0.0,0.0,0.964346170425415,0.08690366726812929
8.19125418648635,1047.29645584254,0.0,4.637805640879139,0.44812172651290894,0.0,0.0,0.8939724564552307,0.27602022886276245,0.0,0.0,0.9611518383026123,-0.32113627539333833
9.368057922219759,1048.0549877487701,0.0,4.617425098778561,0.46027231216430664,0.0,0.0,0.8877776861190796,0.2875133752822876,0.0,0.0,0.957776665687561,0.0879329875762393
10.559735827666294,1048.7729093082628,0.0,4.599207209407162,0.47231918573379517,0.0,0.0,0.8814274072647095,0.2991040050983429,0.0,0.0,0.9542205333709717,-0.3202161799705404
11.76587069690781,1049.451329015659,0.0,4.582926120035757,0.4842369854450226,0.0,0.0,0.8749367594718933,0.31076449155807495,0.0,0.0,0.950486958026886,0.08875526481721938
12.986023313050437,1050.091299879228,0.0,4.5683640213681755,0.49600470066070557,0.0,0.0,0.8683196902275085,0.3224765956401825,0.0,0.0,0.9465774297714233,-0.3194807204418747
14.219769619432041,1050.693798938334,0.0,4.555426696988534,0.5076044201850891,0.0,0.0,0.8615902066230774,0.33421820402145386,0.0,0.0,0.9424957036972046,0.08940866503841338
15.466722882293826,1051.259744620765,0.0,4.544116756955397,0.5190209746360779,0.0,0.0,0.8547614812850952,0.34596943855285645,0.0,0.0,0.9382457733154297,-0.318909511349292
16.726531749543383,1051.7899988180793,0.0,4.534439401311714,0.5302415490150452,0.0,0.0,0.8478465676307678,0.3577125370502472,0.0,0.0,0.9338317513465881,0.0898974203739529
17.99887767854697,1052.2853685083207,0.0,4.526399830100443,0.5412558913230896,0.0,0.0,0.8408578634262085,0.36942800879478455,0.0,0.0,0.9292593598365784,-0.3185034723992278
19.283472403439045,1052.7466073231224,0.0,4.520003243364535,0.5520556569099426,0.0,0.0,0.8338070511817932,0.38110265135765076,0.0,0.0,0.9245326519012451,0.0902204803101099
20.580055435975133,1053.174417062455,0.0,4.515254841146944,0.5626352429389954,0.0,0.0,0.8267050385475159,0.3927176594734192,0.0,0.0,0.9196590185165405,-0.31826365410541013
21.888391593924126,1053.569449160295,0.0,4.512159823490629,0.572989821434021,0.0,0.0,0.8195623755455017,0.40426260232925415,0.0,0.0,0.9146429300308228,0.09037679433315615
23.208268550948034,1053.9323061045084,0.0,4.51072339043854,0.5831167101860046,0.0,0.0,0.8123881816864014,0.41572123765945435,0.0,0.0,0.9094920754432678,-0.3181911069815673
24.539494401867508,1054.263542814278,0.0,4.510950742033633,0.5930156111717224,0.0,0.0,0.8051906824111938,0.42708390951156616,0.0,0.0,0.9042119979858398,0.09036531192936359
25.88189523714767,1054.563667978448,0.0,4.51284707831886,0.6026858687400818,0.0,0.0,0.7979782819747925,0.4383392632007599,0.0,0.0,0.8988096117973328,-0.3182868815414272
27.235312720367382,1054.833145358184,0.0,4.516417599337178,0.6121283769607544,0.0,0.0,0.7907581329345703,0.44947636127471924,0.0,0.0,0.893292248249054,0.0901849825850041
28.599601662356893,1055.0723950574127,0.0,4.521667505131538,0.6213458776473999,0.0,0.0,0.7835361957550049,0.46048855781555176,0.0,0.0,0.8876655697822571,-0.31855202829871815
29.97462758559129,1055.2817947645458,0.0,4.528601995744897,0.6303409337997437,0.0,0.0,0.7763181924819946,0.47136765718460083,0.0,0.0,0.88193678855896,0.08983475578634958
31.36026427233397,1055.4616809690642,0.0,4.5372262712202085,0.6391181945800781,0.0,0.0,0.7691082954406738,0.48210567235946655,0.0,0.0,0.8761129975318909,-0.3189875977671682
32.756391289905494,1055.612350156592,0.0,4.547545531600428,0.6476812958717346,0.0,0.0,0.7619110941886902,0.4926990568637848,0.0,0.0,0.8701997399330139,0.08931358101967182
34.16289148633474,1055.7340599861768,0.0,4.559564976928505,0.6560353636741638,0.0,0.0,0.7547299861907959,0.5031404495239258,0.0,0.0,0.8642046451568604,-0.31959464046050545
35.57964844951767,1055.8270304535627,0.0,4.5732898072474,0.6641860008239746,0.0,0.0,0.7475671172142029,0.5134285688400269,0.0,0.0,0.8581322431564331,0.0886204077712428
37.00654392285859,1055.8914450443287,0.0,4.588725222600061,0.6721389293670654,0.0,0.0,0.7404248118400574,0.5235623121261597,0.0,0.0,0.8519873023033142,-0.320374206892458
38.44345517022195,1055.927451880868,0.0,4.605876423029447,0.6798999309539795,0.0,0.0,0.7333045601844788,0.5335351228713989,0.0,0.0,0.8457778096199036,0.08775418552733438
39.89025228284727,1055.9351648672664,0.0,4.624748608578512,0.687475323677063,0.0,0.0,0.7262075543403625,0.5433464050292969,0.0,0.0,0.8395085334777832,-0.3213273475767542
41.346795420708176,1055.9146648362662,0.0,4.645346979290208,0.6948716044425964,0.0,0.0,0.7191336154937744,0.552993893623352,0.0,0.0,0.8331853151321411,0.08671386377421844
42.81293198059972,1055.866000702596,0.0,4.667676735207487,0.7020953893661499,0.0,0.0,0.7120828032493591,0.5624789595603943,0.0,0.0,0.8268116116523743,-0.3224551130271218
44.28849368304074,1055.7891906270854,0.0,4.691743076373308,0.709153413772583,0.0,0.0,0.7050540447235107,0.5718014240264893,0.0,0.0,0.8203920722007751,0.08549839199816686
45.773293569856364,1055.6842231960993,0.0,4.717551202830624,0.7160519957542419,0.0,0.0,0.6980466842651367,0.5809595584869385,0.0,0.0,0.8139324188232422,-0.32375855375728924
47.26712290408613,1055.5510586209741,0.0,4.745106314622384,0.7227978110313416,0.0,0.0,0.6910593509674072,0.5899569392204285,0.0,0.0,0.8074346780776978,0.08410671968545166
48.7697479636081,1055.389629962279,0.0,4.774413611791552,0.7293971180915833,0.0,0.0,0.6840903162956238,0.5987969040870667,0.0,0.0,0.8009008765220642,-0.32523872028098455
50.280906719624426,1055.1998443838784,0.0,4.805478294352208,0.7358562350273132,0.0,0.0,0.6771376729011536,0.6074782013893127,0.0,0.0,0.7943362593650818,0.08253779632380234
51.80029189111604,1054.9815865026087,0.0,4.838262536803368,0.742180347442627,0.0,0.0,0.6702001094818115,0.6160048246383667,0.0,0.0,0.7877423167228699,-0.3268944901017502
53.32749504405106,1054.7347298570612,0.0,4.872560911115893,0.748375415802002,0.0,0.0,0.6632751822471619,0.6243777275085449,0.0,0.0,0.7811224460601807,0.08080555519690713
54.86199113056883,1054.45914639903,0.0,4.908127184253544,0.7544463276863098,0.0,0.0,0.6563616394996643,0.6326016187667847,0.0,0.0,0.7744773030281067,-0.3286907665228437
56.40313642039936,1054.154714521263,0.0,4.9447151231800825,0.760397732257843,0.0,0.0,0.649457573890686,0.6406770348548889,0.0,0.0,0.7678104639053345,0.0789576794935466
57.95016700772207,1053.82132688028,0.0,4.982078494859284,0.7662336826324463,0.0,0.0,0.6425618529319763,0.6486109495162964,0.0,0.0,0.761120080947876,-0.3305778054965407
59.50219792486078,1053.4588980059807,0.0,5.019971066254907,0.771957516670227,0.0,0.0,0.635673999786377,0.6564050912857056,0.0,0.0,0.754408597946167,0.07704391326144439
61.05822289646824,1053.0673716858034,0.0,5.058146604330717,0.7775720953941345,0.0,0.0,0.6287936568260193,0.6640645861625671,0.0,0.0,0.7476750016212463,-0.332505862975117
62.61711476948892,1052.6467281076154,0.0,5.096358876050475,0.7830784320831299,0.0,0.0,0.6219227313995361,0.6715925931930542,0.0,0.0,0.74092036485672,0.07511400054832529
64.1776266551748,1052.1969907423456,0.0,5.134361648377956,0.7884774208068848,0.0,0.0,0.6150633692741394,0.6789930462837219,0.0,0.0,0.7341445088386536,-0.3344251949108483
65.73839381972239,1051.7182329445911,0.0,5.171908688276922,0.7937690019607544,0.0,0.0,0.6082191467285156,0.6862717866897583,0.0,0.0,0.7273449897766113,0.07321768540191287
67.29793635969907,1051.2105842470885,0.0,5.20875376271113,0.798951268196106,0.0,0.0,0.6013953685760498,0.6934314370155334,0.0,0.0,0.7205223441123962,-0.33628605725601035
68.85466269728545,1050.674236323052,0.0,5.244650638644358,0.8040217161178589,0.0,0.0,0.5945994257926941,0.7004756927490234,0.0,0.0,0.7136759161949158,0.07140471186993169
70.40694098230465,1050.1094485889307,0.0,5.279353083040365,0.8089778423309326,0.0,0.0,0.5878387689590454,0.7074061036109924,0.0,0.0,0.706807017326355,-0.33803870596287944
71.95387069273262,1049.5165534191847,0.0,5.312614862862911,0.8138151168823242,0.0,0.0,0.5811235308647156,0.7142190337181091,0.0,0.0,0.6999218463897705,0.06972482400010621
73.49506545161877,1048.8959548349844,0.0,5.344241364501224,0.8185300827026367,0.0,0.0,0.5744634866714478,0.7209142446517944,0.0,0.0,0.6930238604545593,-0.33963600402542055
75.03032937187477,1048.2480430134226,0.0,5.374760870898328,0.8231191635131836,0.0,0.0,0.5678685307502747,0.7274900674819946,0.0,0.0,0.686117947101593,0.06818343478813127
76.55978909527913,1047.5731141207282,0.0,5.40523388257247,0.8275793790817261,0.0,0.0,0.5613484978675842,0.7339447140693665,0.0,0.0,0.6792089939117432,-0.3411750450190641
78.08388302406573,1046.8713458113734,0.0,5.436733259185984,0.8319079875946045,0.0,0.0,0.5549135208129883,0.7402763962745667,0.0,0.0,0.6723025441169739,0.06659255718138818
79.60334786884316,1046.1427757796187,0.0,5.470331860401186,0.8361026048660278,0.0,0.0,0.5485729575157166,0.746482789516449,0.0,0.0,0.6654046177864075,-0.34287194407033694
81.11920615970288,1045.3872820702938,0.0,5.5071025458803975,0.8401615619659424,0.0,0.0,0.5423360466957092,0.7525632381439209,0.0,0.0,0.6585198044776917,0.06473545185415525
82.63272564618582,1044.6045805036645,0.0,5.548011060047852,0.8440833687782288,0.0,0.0,0.5362117290496826,0.7585160136222839,0.0,0.0,0.6516543626785278,-0.3449380306444508
84.14501139061016,1043.7944278553268,0.0,5.5925424463781095,0.8478671312332153,0.0,0.0,0.5302083492279053,0.7643389105796814,0.0,0.0,0.6448145508766174,0.06248639193848565
85.65672608446069,1042.9567987443388,0.0,5.639101271972471,0.8515124917030334,0.0,0.0,0.5243338942527771,0.7700314521789551,0.0,0.0,0.6380057334899902,-0.34728948648254987
87.16810402151901,1042.0919221401682,0.0,5.686067533504205,0.8550196290016174,0.0,0.0,0.5185953378677368,0.775591254234314,0.0,0.0,0.6312352418899536,0.06011435852779207
88.67897045452851,1041.200311946023,0.0,5.731821227646605,0.8583888411521912,0.0,0.0,0.5129991769790649,0.7810173034667969,0.0,0.0,0.6245092153549194,-0.34960027911600444
90.18876038408601,1040.2827942204142,0.0,5.774745969274236,0.8616210222244263,0.0,0.0,0.5075518488883972,0.7863097786903381,0.0,0.0,0.6178322434425354,0.05794644228397233
91.69668462981595,1039.340436951901,0.0,5.813805608893117,0.8647173047065735,0.0,0.0,0.5022584795951843,0.791464626789093,0.0,0.0,0.6112147569656372,-0.3515729881876651
93.20204948571204,1038.3743606245696,0.0,5.849177028396996,0.8676793575286865,0.0,0.0,0.49712371826171875,0.7964815497398376,0.0,0.0,0.6046625375747681,0.05616000695549356
94.70429131885841,1037.3857053830347,0.0,5.881189302893216,0.8705093264579773,0.0,0.0,0.4921515882015228,0.8013595342636108,0.0,0.0,0.5981824994087219,-0.35318976972787824
96.20297109254527,1036.3756220077573,0.0,5.910171507489125,0.8732095956802368,0.0,0.0,0.48734450340270996,0.8060969710350037,0.0,0.0,0.5917830467224121,0.05469625924862953
97.69776913832551,1035.345263355319,0.0,5.9364527172920845,0.8757835626602173,0.0,0.0,0.4827035665512085,0.8106920123100281,0.0,0.0,0.5854722857475281,-0.35451710355631055
99.188480212535,1034.2957763238903,0.0,5.960362007409441,0.8782345652580261,0.0,0.0,0.4782295525074005,0.8151448369026184,0.0,0.0,0.5792567133903503,0.05348871934371252
100.67500886802948,1033.2282943959751,0.0,5.982228452948548,0.8805666565895081,0.0,0.0,0.4739217460155487,0.8194539546966553,0.0,0.0,0.5731446146965027,-0.35562146949262907
102.15736516754578,1032.1439308030842,0.0,6.00238112901675,0.8827847242355347,0.0,0.0,0.4697772264480591,0.8236185312271118,0.0,0.0,0.5671437978744507,0.05247090742107602
103.63566076117053,1031.0437723503571,0.0,6.021149110721409,0.8848935961723328,0.0,0.0,0.4657927453517914,0.8276394009590149,0.0,0.0,0.5612596869468689,-0.3565693473565007
105.11010534693705,1029.928873933287,0.0,6.038861473169872,0.8868988156318665,0.0,0.0,0.461963415145874,0.8315150141716003,0.0,0.0,0.5555016398429871,0.051576343661052626
106.58100353057036,1028.8002537737057,0.0,6.055847291469488,0.8888062834739685,0.0,0.0,0.4582828879356384,0.8352460265159607,0.0,0.0,0.5498756766319275,-0.3574272169675924
108.0487520978884,1027.6588893980243,0.0,6.072435640727615,0.8906225562095642,0.0,0.0,0.4547432065010071,0.8388331532478333,0.0,0.0,0.5443879961967468,0.050738548243975445
109.51383771133953,1026.5057143774447,0.0,6.0889555960516,0.8923541307449341,0.0,0.0,0.4513356685638428,0.842276930809021,0.0,0.0,0.5390443205833435,-0.3582615581455714
110.97682565586963,1025.3416000615439,0.0,6.1057362325487965,0.8940083980560303,0.0,0.0,0.4480499029159546,0.8455826044082642,0.0,0.0,0.5338438749313354,0.049891041350177634
112.43811427115996,1024.16694322724,0.0,6.123106625326556,0.8955926895141602,0.0,0.0,0.4448747932910919,0.8487589359283447,0.0,0.0,0.5287792086601257,-0.35913885071010465
113.89790269111633,1022.981620984966,0.0,6.141381664549219,0.8971131443977356,0.0,0.0,0.44180092215538025,0.851811945438385,0.0,0.0,0.5238470435142517,0.04896805957125516
115.35639772450129,1021.7854641950025,0.0,6.160665751844315,0.898575484752655,0.0,0.0,0.4388190805912018,0.8547490835189819,0.0,0.0,0.5190408229827881,-0.3601127945128872
116.8137891970331,1020.5783116807571,0.0,6.180902149925837,0.8999845385551453,0.0,0.0,0.4359217882156372,0.8575764298439026,0.0,0.0,0.5143559575080872,0.047946019264107576
118.27024926903535,1019.3600114821824,0.0,6.202030027856258,0.9013449549674988,0.0,0.0,0.4331018030643463,0.8602991104125977,0.0,0.0,0.5097888112068176,-0.3611798590548277
119.72593273105149,1018.1304213172187,0.0,6.223988554698045,0.9026609063148499,0.0,0.0,0.4303523600101471,0.8629235029220581,0.0,0.0,0.505333662033081,0.04683700275694663
121.18097729877077,1016.889409034368,0.0,6.246716899513669,0.9039359092712402,0.0,0.0,0.4276677668094635,0.865454912185669,0.0,0.0,0.5009860992431641,-0.362327755257637
122.63550390748978,1015.636853056515,0.0,6.270154231365604,0.9051731824874878,0.0,0.0,0.42504292726516724,0.8678977489471436,0.0,0.0,0.49674203991889954,0.0456532991280611
124.08961700630566,1014.3726428160678,0.0,6.294239719316321,0.906375527381897,0.0,0.0,0.4224729835987091,0.8702571988105774,0.0,0.0,0.4925967752933502,-0.3635441940430268
125.54340485221748,1013.096679181413,0.0,6.318912532428281,0.9075455665588379,0.0,0.0,0.41995352506637573,0.87253737449646,0.0,0.0,0.48854631185531616,0.0444071974557399
126.99693980427588,1011.8088748746485,0.0,6.3441118397639675,0.9086856245994568,0.0,0.0,0.4174809753894806,0.874741792678833,0.0,0.0,0.4845881462097168,-0.3648168863327079
128.450278617903,1010.5091548804982,0.0,6.369776810385847,0.9097977876663208,0.0,0.0,0.41505175828933716,0.8768748641014099,0.0,0.0,0.48071762919425964,0.04311098681827119
129.9034627394715,1009.1974568462591,0.0,6.395846613356383,0.9108838438987732,0.0,0.0,0.4126628041267395,0.8789398670196533,0.0,0.0,0.47693151235580444,-0.3661335430483916
131.3565186012188,1007.8737314726038,0.0,6.422260417738057,0.9119453430175781,0.0,0.0,0.4103115499019623,0.8809406757354736,0.0,0.0,0.4732256829738617,0.041776956293944234
132.80945791653141,1006.5379428949918,0.0,6.448957392593335,0.9129838943481445,0.0,0.0,0.40799546241760254,0.8828800320625305,0.0,0.0,0.4695974886417389,-0.36748187511178937
134.26227797562728,1005.1900690554351,0.0,6.475876706984684,0.9140006303787231,0.0,0.0,0.40571269392967224,0.8847606182098389,0.0,0.0,0.46604448556900024,0.04041739496104779
135.714961941631,1003.8301020642933,0.0,6.5029575299745765,0.9149966835975647,0.0,0.0,0.403461217880249,0.8865856528282166,0.0,0.0,0.46256333589553833,-0.3688495934446122
137.1674791470144,1002.4580485517689,0.0,6.530139030625487,0.9159732460975647,0.0,0.0,0.4012392461299896,0.8883578181266785,0.0,0.0,0.4591507911682129,0.03904459189787046
138.61978539035925,1001.073930008719,0.0,6.557360377999887,0.9169309139251709,0.0,0.0,0.39904576539993286,0.890079140663147,0.0,0.0,0.45580509305000305,-0.3702244089685718
140.071823233374,999.6777831163777,0.0,6.584560741160237,0.9178705811500549,0.0,0.0,0.3968796133995056,0.8917524218559265,0.0,0.0,0.45252296328544617,0.037670836182701284
141.523522298072,998.269660064568,0.0,6.611679289169021,0.9187926054000854,0.0,0.0,0.3947402536869049,0.8933796286582947,0.0,0.0,0.44930213689804077,-0.3715940326053791
142.974799564008,996.8496288579355,0.0,6.6386551910886995,0.9196974635124207,0.0,0.0,0.3926275372505188,0.8949629068374634,0.0,0.0,0.4461400806903839,0.03630841689382869
144.42555966543975,995.4177736097456,0.0,6.665427615981744,0.9205853343009949,0.0,0.0,0.39054131507873535,0.8965040445327759,0.0,0.0,0.4430352747440338,-0.372946175276745
145.8756951882748,993.9741948227384,0.0,6.691935732910633,0.9214562177658081,0.0,0.0,0.3884820342063904,0.8980050086975098,0.0,0.0,0.4399850368499756,0.034969623109541326
147.32508696663484,992.5190096565403,0.0,6.718118710937832,0.9223101139068604,0.0,0.0,0.3864506483078003,0.8994671702384949,0.0,0.0,0.4369882643222809,-0.3742685479043813
148.77360405822864,991.0523525071359,0.0,6.743914223052064,0.923146665096283,0.0,0.0,0.38444799184799194,0.9008924961090088,0.0,0.0,0.4340422749519348,0.03366681946740835
150.2210995534522,989.5743798592666,0.0,6.769238882370323,0.9239656329154968,0.0,0.0,0.3824756145477295,0.9022822380065918,0.0,0.0,0.43114590644836426,-0.37554757110227316
151.6674076722895,988.085274021229,0.0,6.79399374249159,0.9247662425041199,0.0,0.0,0.38053569197654724,0.9036377668380737,0.0,0.0,0.4282974600791931,0.03241657400673831
153.11234416175586,986.5852435662755,0.0,6.8180794927058175,0.9255480766296387,0.0,0.0,0.3786300718784332,0.9049609899520874,0.0,0.0,0.42549461126327515,-0.3767640231332947
154.55570677008487,985.0745236701125,0.0,6.84139682230295,0.9263101816177368,0.0,0.0,0.3767617642879486,0.9062525629997253,0.0,0.0,0.4227367043495178,0.031238931097792244
155.99727571842237,983.5533764223445,0.0,6.863846420572943,0.9270516633987427,0.0,0.0,0.374933660030365,0.9075139760971069,0.0,0.0,0.42002198100090027,-0.37789784122773884
157.43681416952953,982.0220911109757,0.0,6.8853289768057495,0.9277712106704712,0.0,0.0,0.3731492757797241,0.9087458252906799,0.0,0.0,0.4173502027988434,0.030153953510276776
158.87406869295123,980.4809844791043,0.0,6.905745180291314,0.928467869758606,0.0,0.0,0.37141257524490356,0.9099494814872742,0.0,0.0,0.4147193133831024,-0.37892896261589865
160.30876972608576,978.9304009529556,0.0,6.924995720319592,0.9291399717330933,0.0,0.0,0.36972784996032715,0.9111259579658508,0.0,0.0,0.4121280610561371,0.02918170401389908
161.74063563190262,977.370712840453,0.0,6.942981286180536,0.929786205291748,0.0,0.0,0.36809995770454407,0.912274956703186,0.0,0.0,0.4095781147480011,-0.37983732452806757
163.1695571323125,975.8023204995625,0.0,6.959602567164086,0.9304047226905823,0.0,0.0,0.36653366684913635,0.9133958220481873,0.0,0.0,0.4070725739002228,0.028342245378366326
164.59569768994163,974.2256423635715,0.0,6.974804918245959,0.9309942722320557,0.0,0.0,0.3650335371494293,0.9144875407218933,0.0,0.0,0.40461382269859314,-0.38060512003725316
166.01929995341044,972.6410512269042,0.0,6.98881409898537,0.9315535426139832,0.0,0.0,0.36360400915145874,0.915549635887146,0.0,0.0,0.4022047519683838,0.02763471099758802
167.44068425815854,971.0488485451517,0.0,7.001964431624654,0.9320813417434692,0.0,0.0,0.36224886775016785,0.9165810942649841,0.0,0.0,0.39984840154647827,-0.3812692782513584
168.86024684079985,969.4492631152116,0.0,7.014590474544849,0.9325688481330872,0.0,0.0,0.3609686493873596,0.9175817966461182,0.0,0.0,0.397546648979187,0.026997032062224646
170.2784583697027,967.842449896697,0.0,7.027026786126996,0.9330247044563293,0.0,0.0,0.3597704768180847,0.9185507297515869,0.0,0.0,0.39530274271965027,-0.3818973747959113
171.69586284611302,966.2284889233825,0.0,7.0396079247521275,0.9334479570388794,0.0,0.0,0.3586571514606476,0.9194878935813904,0.0,0.0,0.3931181728839874,0.02636162102055134
173.11307688086998,964.6073843061154,0.0,7.052668448801285,0.9338377714157104,0.0,0.0,0.3576313257217407,0.9203923344612122,0.0,0.0,0.3909958600997925,-0.3825569972226364
174.53078935144714,962.9790633282905,0.0,7.066542916655505,0.9341933727264404,0.0,0.0,0.3566953241825104,0.9212637543678284,0.0,0.0,0.38893818855285645,0.025660890320843233
175.94976144411876,961.3433756347226,0.0,7.081565886695827,0.934514045715332,0.0,0.0,0.35585105419158936,0.9221018552780151,0.0,0.0,0.3869473338127136,-0.3833157330832587
177.37082708651397,959.7000925146052,0.0,7.098071917303285,0.9347992539405823,0.0,0.0,0.35510048270225525,0.9229058027267456,0.0,0.0,0.3850257694721222,0.024827252411375678
178.79489377666505,958.0489062791823,0.0,7.116395566858921,0.9350485801696777,0.0,0.0,0.354444682598114,0.9236757159233093,0.0,0.0,0.383174866437912,-0.384241169929503
180.222943815898,956.3894297348066,0.0,7.136871393743774,0.9352617263793945,0.0,0.0,0.3538847267627716,0.9244109988212585,0.0,0.0,0.38139766454696655,0.023793119740423585
181.65603595455832,954.721195752219,0.0,7.159833956338875,0.9354385733604431,0.0,0.0,0.3534211218357086,0.9251114130020142,0.0,0.0,0.3796955645084381,-0.385400895313094
183.09530746161428,953.0436569331225,0.0,7.185617813025267,0.9355788230895996,0.0,0.0,0.35305437445640564,0.9257769584655762,0.0,0.0,0.3780699670314789,0.022490904756262364
184.54197098491088,951.3561919636415,0.0,7.214529381125826,0.9356827735900879,0.0,0.0,0.3527839779853821,0.9264073967933655,0.0,0.0,0.3765227198600769,-0.38686107552019294
185.9971317913455,949.6583221752649,0.0,7.245951348402386,0.9357507824897766,0.0,0.0,0.3526087701320648,0.927001953125,0.0,0.0,0.3750568628311157,0.020903936711991644
187.46156559406307,947.9499740979226,0.0,7.2781565823149155,0.9357838034629822,0.0,0.0,0.3525262176990509,0.927560567855835,0.0,0.0,0.3736729919910431,-0.3884876024854722
188.93570310767825,946.2314986800367,0.0,7.309352197674261,0.9357831478118896,0.0,0.0,0.35253265500068665,0.9280831813812256,0.0,0.0,0.37237319350242615,0.019328400582731775
190.4196255390961,944.5036746623383,0.0,7.337745309291258,0.9357507228851318,0.0,0.0,0.3526228368282318,0.9285694360733032,0.0,0.0,0.3711588382720947,-0.3899215980216842
191.91305778934623,942.7677114213479,0.0,7.361543031976745,0.9356890320777893,0.0,0.0,0.35278981924057007,0.9290190935134888,0.0,0.0,0.3700316250324249,0.018126495396596054
193.41535932400592,941.0252512595642,0.0,7.378952480541569,0.9356013536453247,0.0,0.0,0.35302507877349854,0.9294320940971375,0.0,0.0,0.3689928650856018,-0.3908008631007157
194.92551269895313,939.2783711190798,0.0,7.388180769796563,0.9354915022850037,0.0,0.0,0.35331809520721436,0.9298083186149597,0.0,0.0,0.3680439889431,0.017660420181697445
196.44210976913632,937.529583698011,0.0,7.387435014552568,0.9353641271591187,0.0,0.0,0.353656530380249,0.9301473498344421,0.0,0.0,0.36718612909317017,-0.39076319869445336
197.96333566071996,935.7818379548287,0.0,7.374922329620428,0.9352246522903442,0.0,0.0,0.3540261387825012,0.9304496645927429,0.0,0.0,0.36641931533813477,0.018292373966148967
199.48695065123857,934.0385189942881,0.0,7.348849829810979,0.9350794553756714,0.0,0.0,0.35441017150878906,0.9307149648666382,0.0,0.0,0.3657449781894684,-0.38944640577478423
201.01027017777284,932.303447340141,0.0,7.307424629935066,0.9349357485771179,0.0,0.0,0.35478976368904114,0.9309400916099548,0.0,0.0,0.3651614189147949,0.02038455577806375
202.53015939789324,930.5808593931429,0.0,7.248930491997779,0.9348017573356628,0.0,0.0,0.3551435172557831,0.9311296939849854,0.0,0.0,0.3646709620952606,-0.3864921563840122
204.04345003691495,928.8749119105388,0.0,7.173726058511034,0.9346867799758911,0.0,0.0,0.35544729232788086,0.9312841296195984,0.0,0.0,0.36427250504493713,0.024182759489515537
205.54741412923312,927.1891391227846,0.0,7.084434580678964,0.9346009492874146,0.0,0.0,0.3556745648384094,0.931403636932373,0.0,0.0,0.3639650046825409,-0.38198248578643296
207.03979784854587,925.526420499813,0.0,6.983793993629621,0.9345556497573853,0.0,0.0,0.35579562187194824,0.931488573551178,0.0,0.0,0.36374732851982117,0.02926561742130057
208.51883504269165,923.8889767780538,0.0,6.874542232491015,0.9345631003379822,0.0,0.0,0.3557780385017395,0.9315394163131714,0.0,0.0,0.36361780762672424,-0.3764647200723619
209.9832638941593,922.2783669976409,0.0,6.759417232391203,0.9346365928649902,0.0,0.0,0.35558634996414185,0.9315577745437622,0.0,0.0,0.36357176303863525,0.03508001136573552
211.4323460823169,920.6954864632245,0.0,6.641156928458238,0.9347901940345764,0.0,0.0,0.3551817834377289,0.9315512180328369,0.0,0.0,0.36358967423439026,-0.3704919774494849
212.86489043646782,919.1404687343613,0.0,6.522245349421989,0.9350383877754211,0.0,0.0,0.3545233905315399,0.9315352439880371,0.0,0.0,0.36363160610198975,0.04108564667059661
214.27688914236572,917.6127419688431,0.0,6.403514520723379,0.935393214225769,0.0,0.0,0.3535754680633545,0.9315251708030701,0.0,0.0,0.36365827918052673,-0.36449547094955514
215.66414789836742,916.1116497106993,0.0,6.2851355892141845,0.9358725547790527,0.0,0.0,0.3523111045360565,0.9315347671508789,0.0,0.0,0.3636346161365509,0.0470643805852024
217.02295566873713,914.6365632695558,0.0,6.167277954676266,0.9364784359931946,0.0,0.0,0.35070234537124634,0.9315760135650635,0.0,0.0,0.3635295629501343,-0.35854306516481177
218.3500610015752,913.1868777540299,0.0,6.05011101689154,0.9372172951698303,0.0,0.0,0.34872740507125854,0.931659996509552,0.0,0.0,0.36331361532211304,0.052981902695542094
219.6426476289562,911.7620080049442,0.0,5.933804175641893,0.9380932450294495,0.0,0.0,0.3463675081729889,0.9317961931228638,0.0,0.0,0.3629612624645233,-0.3526689822734155
220.89830953022212,910.3613844568371,0.0,5.818526830709236,0.9391088485717773,0.0,0.0,0.3436071276664734,0.9319929480552673,0.0,0.0,0.3624489903450012,0.058803990823454055
222.11502562846866,908.9844489544687,0.0,5.704448381875433,0.9402651190757751,0.0,0.0,0.34043261408805847,0.9322623610496521,0.0,0.0,0.3617580235004425,-0.34690744445352645
223.29113427883556,907.6306505491676,0.0,5.59173822892239,0.9415614604949951,0.0,0.0,0.33683255314826965,0.9326081871986389,0.0,0.0,0.36086785793304443,0.0644964227907795
224.42530769533437,906.2994412979407,0.0,5.48056577163202,0.9429959654808044,0.0,0.0,0.33279702067375183,0.9330361485481262,0.0,0.0,0.35976171493530273,-0.34129267388330575
225.5165264507155,904.9902720862698,0.0,5.371100409786182,0.94456547498703,0.0,0.0,0.32831719517707825,0.9335519075393677,0.0,0.0,0.35842305421829224,0.07002497641935718
226.5640541713204,903.7025884935081,0.0,5.2635115431667865,0.9462656378746033,0.0,0.0,0.32338574528694153,0.9341594576835632,0.0,0.0,0.3568384647369385,-0.3358588927409121
227.56741253611085,902.4358267176956,0.0,5.157968571555743,0.9480906128883362,0.0,0.0,0.3179963529109955,0.9348626136779785,0.0,0.0,0.3549938201904297,0.07535542953102609
228.52635667610485,901.1894095745412,0.0,5.054640894734914,0.9500337243080139,0.0,0.0,0.31214386224746704,0.9356637001037598,0.0,0.0,0.3528783619403839,-0.33064032320450654
229.44085105742207,899.9627425831806,0.0,4.9536979124862075,0.9520871639251709,0.0,0.0,0.3058242201805115,0.9365650415420532,0.0,0.0,0.35048043727874756,0.08045355994762737
230.3110459180135,898.755210149228,0.0,4.855309024591532,0.9542417526245117,0.0,0.0,0.29903385043144226,0.9375677704811096,0.0,0.0,0.3477904200553894,-0.32567118745225015
231.13725431505847,897.5661718534798,0.0,4.759643630832752,0.9564877152442932,0.0,0.0,0.29177042841911316,0.9386723637580872,0.0,0.0,0.34479930996894836,0.08528514549100008
231.9199298269198,896.3949588525529,0.0,4.666871130991777,0.9588139653205872,0.0,0.0,0.28403282165527344,0.9398793578147888,0.0,0.0,0.3414965867996216,-0.32098570766230194
232.6596449405636,895.2408703955902,0.0,4.5771609248505,0.9612085819244385,0.0,0.0,0.27582088112831116,0.9411868453025818,0.0,0.0,0.3378773629665375,0.08981596398298378
233.35707014243886,894.103170459123,0.0,4.490682412190824,0.9636584520339966,0.0,0.0,0.26713570952415466,0.9425939321517944,0.0,0.0,0.3339328467845917,-0.31661810601282336
234.01295371805193,892.9810845000702,0.0,4.407604992794622,0.9661498069763184,0.0,0.0,0.2579803764820099,0.944098174571991,0.0,0.0,0.3296566903591156,0.09401179324541822
234.62810225284204,891.8737963248394,0.0,4.328098066443797,0.9686673283576965,0.0,0.0,0.24836060404777527,0.9456963539123535,0.0,0.0,0.32504451274871826,-0.31260260468197365
235.20336181449287,890.780445070453,0.0,4.252331032920253,0.9711951613426208,0.0,0.0,0.2382843941450119,0.9473849534988403,0.0,0.0,0.32009002566337585,0.09783841110014271
235.73959978449025,889.7001222916356,0.0,4.180473292005865,0.9737162590026855,0.0,0.0,0.22776350378990173,0.9491597414016724,0.0,0.0,0.31478869915008545,-0.30897342584791365
236.23768729455617,888.6318691458223,0.0,4.112694243482536,0.9762129187583923,0.0,0.0,0.21681326627731323,0.9510162472724915,0.0,0.0,0.3091354966163635,0.1012615953689977
236.6984822115393,887.5746736660849,0.0,4.049163287132165,0.9786667227745056,0.0,0.0,0.2054532766342163,0.9529479742050171,0.0,0.0,0.30312877893447876,-0.305764791688804
237.12281260237492,886.5274681100433,0.0,3.990049822736625,0.9810592532157898,0.0,0.0,0.19370707869529724,0.9549493193626404,0.0,0.0,0.2967638075351715,0.10424712387382296
237.5114556516669,885.4891401609893,0.0,3.935471121153069,0.9833718538284302,0.0,0.0,0.18160250782966614,0.9570131897926331,0.0,0.0,0.2900394797325134,-0.3030082916088264
237.8650981825585,884.4586091786518,0.0,3.885249568873303,0.9855863451957703,0.0,0.0,0.16917230188846588,0.9591321349143982,0.0,0.0,0.28295403718948364,0.10678356590815455
238.18432668278538,883.4348538777016,0.0,3.8391039746227484,0.9876852035522461,0.0,0.0,0.15645335614681244,0.9612981081008911,0.0,0.0,0.27550578117370605,-0.3006777060406166
238.46963052753,882.4169132099025,0.0,3.796753033909294,0.9896519780158997,0.0,0.0,0.14348703622817993,0.9635025858879089,0.0,0.0,0.26769450306892395,0.10892250230782399
238.72140616090803,881.403887350479,0.0,3.7579154422407886,0.9914720058441162,0.0,0.0,0.13031917810440063,0.9657362103462219,0.0,0.0,0.2595215141773224,-0.2987162115119042
238.9399621500401,880.3949388083985,0.0,3.7223098951250884,0.9931319952011108,0.0,0.0,0.1169985830783844,0.9679887890815735,0.0,0.0,0.25098952651023865,0.11072076226316238
239.12552505356032,879.3892936529313,0.0,3.689655088070077,0.994621217250824,0.0,0.0,0.10357813537120819,0.9702501893043518,0.0,0.0,0.24210084974765778,-0.2970669788323582
239.27824605939048,878.386242850798,0.0,3.6596697165836063,0.9959314465522766,0.0,0.0,0.09011311084032059,0.9725093245506287,0.0,0.0,0.2328605055809021,0.11223517496449933
239.3982083573174,877.3851437097636,0.0,3.6320724761735352,0.9970570802688599,0.0,0.0,0.07666090875864029,0.974754810333252,0.0,0.0,0.22327430546283722,-0.29567317881164756
239.48543522050352,876.3854214257943,0.0,3.606582062347739,0.9979955554008484,0.0,0.0,0.06328123807907104,0.9769750237464905,0.0,0.0,0.2133500874042511,0.11352256960216581
239.53989877667223,875.3865707317915,0.0,3.582917170614076,0.9987473487854004,0.0,0.0,0.050034407526254654,0.9791569113731384,0.0,0.0,0.20310209691524506,-0.2944779822594424
239.5615372170758,874.3881588950892,0.0,3.560796496480402,0.9993157386779785,0.0,0.0,0.03698219358921051,0.9812831282615662,0.0,0.0,0.19256746768951416,0.11463977536649281
239.55091660858972,873.3899228175993,0.0,3.5399727118784168,0.9997074007987976,0.0,0.0,0.024182625114917755,0.9833350777626038,0.0,0.0,0.18179963529109955,-0.2934262759664128
239.50970221949,872.3917919969268,0.0,3.5203867580244546,0.9999315738677979,0.0,0.0,0.011685850098729134,0.9852960109710693,0.0,0.0,0.1708536595106125,0.11562896495507671
239.43959113146843,871.3936986305218,0.0,3.5020444194603058,0.9999997019767761,0.0,0.0,-0.00046608690172433853,0.9871524572372437,0.0,0.0,0.1597791463136673,-0.29249989523084974
239.34219832149526,870.395559288084,0.0,3.484951540870075,0.999924898147583,0.0,0.0,-0.012237991206347942,0.9888935685157776,0.0,0.0,0.14862358570098877,0.11649224165155303
239.21906171328763,869.3972757351136,0.0,3.469113966937851,0.9997212290763855,0.0,0.0,-0.023601427674293518,0.9905110001564026,0.0,0.0,0.13743087649345398,-0.2917000177595253
239.0716470983802,868.3987357348,0.0,3.454537542347724,0.9994033575057983,0.0,0.0,-0.03453333303332329,0.9919992685317993,0.0,0.0,0.12624099850654602,0.11722842471166048
238.90135293706072,867.3998138299106,0.0,3.4412281117837975,0.9989860653877258,0.0,0.0,-0.04501595348119736,0.9933546185493469,0.0,0.0,0.11509108543395996,-0.29102782429670077
238.70951504943795,866.4003721063312,0.0,3.4291915199301606,0.9984842538833618,0.0,0.0,-0.05503510311245918,0.9945752620697021,0.0,0.0,0.10401574522256851,0.11783633339113708
238.49741120693537,865.4002609399209,0.0,3.4184336114709084,0.9979122877120972,0.0,0.0,-0.06458073109388351,0.9956614375114441,0.0,0.0,0.09304624795913696,-0.29048449558663747
238.26626563453905,864.3993197283443,0.0,3.408960231090138,0.9972842335700989,0.0,0.0,-0.07364597171545029,0.9966146349906921,0.0,0.0,0.08221086114645004,0.11831478694572142
238.01725343417948,863.3973776095584,0.0,3.4007772234719384,0.9966135025024414,0.0,0.0,-0.08222635090351105,0.9974378347396851,0.0,0.0,0.071535125374794,-0.2900712123735971
237.75150493968937,862.3942541686337,0.0,3.393890433300411,0.9959127306938171,0.0,0.0,-0.0903191938996315,0.9981350302696228,0.0,0.0,0.06104106456041336,0.11866260463115214
237.47011001386545,861.3897601346157,0.0,3.3883057052596475,0.9951938390731812,0.0,0.0,-0.0979233980178833,0.9987111687660217,0.0,0.0,0.050750382244586945,-0.28978915540184136
237.17412229824808,860.3836980691262,0.0,3.3840288840337407,0.9944679737091064,0.0,0.0,-0.1050388365983963,0.9991719722747803,0.0,0.0,0.04068263992667198,0.11887860570316758
236.86456342635586,859.3758630484502,0.0,3.381065814306787,0.9937455654144287,0.0,0.0,-0.1116667240858078,0.9995238780975342,0.0,0.0,0.03085240162909031,-0.28963950541563155
236.54242721122782,858.3660433408467,0.0,3.37942234076288,0.993036150932312,0.0,0.0,-0.11780862510204315,0.9997735619544983,0.0,0.0,0.02127561718225479,0.11896160941750628
236.20868381828564,857.3540210808695,0.0,3.3791043080861143,0.9923485517501831,0.0,0.0,-0.12346673756837845,0.9999282956123352,0.0,0.0,0.011965849436819553,-0.28962344315922917
235.86428393467776,856.3395729424923,0.0,3.380117560960586,0.9916906952857971,0.0,0.0,-0.12864379584789276,0.9999955892562866,0.0,0.0,0.002935263328254223,0.11891043502990664
235.51016294646018,855.3224708128719,0.0,3.382467944070388,0.9910698533058167,0.0,0.0,-0.13334254920482635,0.999983012676239,0.0,0.0,-0.005806563422083855,-0.2897421493768959
235.14724513516447,854.302482468612,0.0,3.3861613020996164,0.9904924035072327,0.0,0.0,-0.13756610453128815,0.999898374080658,0.0,0.0,-0.014249291270971298,0.1187239017961072
234.7764479055262,853.279372256433,0.0,3.3912034797323636,0.9899641871452332,0.0,0.0,-0.1413182020187378,0.9997493028640747,0.0,0.0,-0.022385038435459137,-0.28999680481289325
234.39868586369053,852.2529012600528,0.0,3.3976020421518434,0.989489734172821,0.0,0.0,-0.1446027308702469,0.9995435476303101,0.0,0.0,-0.030205952003598213,0.11840074207795165
234.01486350261345,851.2227969447757,0.0,3.405467140083265,0.9890732765197754,0.0,0.0,-0.14742371439933777,0.99928879737854,0.0,0.0,-0.037705209106206894,-0.2903940319811468
233.62586091256986,850.1887056538867,0.0,3.41506756241164,0.9887183308601379,0.0,0.0,-0.14978590607643127,0.9989925622940063,0.0,0.0,-0.04487575218081474,0.11791587226338726
233.23253610060078,849.1501889446197,0.0,3.4266857012285263,0.9884273409843445,0.0,0.0,-0.1516946256160736,0.998661994934082,0.0,0.0,-0.051711924374103546,-0.2909808066688684
232.8357302490996,848.1067242600401,0.0,3.4406039486254905,0.9882020354270935,0.0,0.0,-0.15315529704093933,0.9983044862747192,0.0,0.0,-0.058207347989082336,0.11721293047566181
232.43627449294993,847.057705843742,0.0,3.457104696694081,0.9880388379096985,0.0,0.0,-0.15417365729808807,0.9979268908500671,0.0,0.0,-0.06435704976320267,-0.29181417778344365
232.0349982844159,846.0024459077816,0.0,3.4764703375258637,0.9879465103149414,0.0,0.0,-0.1547573208808899,0.9975360631942749,0.0,0.0,-0.07015489041805267,0.11623486780738995
231.63273943420026,844.9401760672586,0.0,3.498983263212401,0.9879226088523865,0.0,0.0,-0.15491275489330292,0.9971387386322021,0.0,0.0,-0.0755937322974205,-0.2929511942322587
231.230355939276,843.8700490584769,0.0,3.5249258658452414,0.987964391708374,0.0,0.0,-0.1546473503112793,0.9967411756515503,0.0,0.0,-0.08066712319850922,0.11492463535118588
230.82873973343803,842.7911407616123,0.0,3.5545805375159496,0.988068699836731,0.0,0.0,-0.1539687216281891,0.9963493943214417,0.0,0.0,-0.08536933362483978,-0.2944489049226985
230.42883252523208,841.7024525533691,0.0,3.5882296703160934,0.9882322549819946,0.0,0.0,-0.15288428962230682,0.9959695935249329,0.0,0.0,-0.0896916389465332,0.11322518419966346
230.03164392027804,840.6029140202687,0.0,3.6261556563372155,0.9884623289108276,0.0,0.0,-0.15140411257743835,0.9956072568893433,0.0,0.0,-0.09362798184156418,-0.29636435876214906
229.63822970712317,839.4913780695852,0.0,3.6686296212943503,0.9887484908103943,0.0,0.0,-0.1495356559753418,0.9952665567398071,0.0,0.0,-0.09718212485313416,0.1110800344543536
229.24929938268258,838.3667356759104,0.0,3.715123584062183,0.9890874624252319,0.0,0.0,-0.14728616178035736,0.9949512481689453,0.0,0.0,-0.1003597155213356,-0.2987125386999184
228.86549040807682,837.2283496909181,0.0,3.7637944289298684,0.9894760847091675,0.0,0.0,-0.14466017484664917,0.9946643114089966,0.0,0.0,-0.10316527634859085,0.10862191097618765
228.4876931318237,836.0761764985858,0.0,3.812676468830896,0.989910900592804,0.0,0.0,-0.14166057109832764,0.9944084882736206,0.0,0.0,-0.10560289025306702,-0.30118132859390967
228.11703109853667,834.9107650245663,0.0,3.8598040166987237,0.9903884530067444,0.0,0.0,-0.13828854262828827,0.9941861033439636,0.0,0.0,-0.10767664015293121,0.10624173179094382
227.7548299985351,833.7332541595133,0.0,3.9032113854668395,0.9909047484397888,0.0,0.0,-0.1345440298318863,0.9939991235733032,0.0,0.0,-0.10938911139965057,-0.30337361994583467
227.40258125010365,832.5453702519952,0.0,3.940932888068734,0.9914555549621582,0.0,0.0,-0.13042688369750977,0.9938490390777588,0.0,0.0,-0.11074399948120117,0.10433660539690873
227.0619000393055,831.3494244031656,0.0,3.9710038202931934,0.9920361638069153,0.0,0.0,-0.12593743205070496,0.9937372803688049,0.0,0.0,-0.11174231767654419,-0.30489235389656494
226.73440668838495,830.1480419572022,0.0,3.9923512143989637,0.9926413297653198,0.0,0.0,-0.12107744812965393,0.9936605095863342,0.0,0.0,-0.11238748580217361,0.10325845417944557
226.42149936786308,828.9433992136809,0.0,4.0064382594766945,0.9932652711868286,0.0,0.0,-0.11585039645433426,0.9936265349388123,0.0,0.0,-0.11268193274736404,-0.3056038208196826
226.12433806203785,827.7370910363225,0.0,4.015175995121996,0.9939014315605164,0.0,0.0,-0.11026198416948318,0.9936326742172241,0.0,0.0,-0.11262934654951096,0.10281715439937983
225.8438742492378,826.5301334137656,0.0,4.020475460930488,0.9945428371429443,0.0,0.0,-0.10431976616382599,0.9936764240264893,0.0,0.0,-0.1122310683131218,-0.30587147060799036
225.580885300478,825.3229658955113,0.0,4.0242476964977865,0.99518221616745,0.0,0.0,-0.09803398698568344,0.9937605261802673,0.0,0.0,-0.11148888617753983,0.10262663745153652
225.33601345145223,824.1154538860807,0.0,4.028403741419502,0.995811939239502,0.0,0.0,-0.09141743183135986,0.9938820600509644,0.0,0.0,-0.11040464788675308,-0.30608137186666284
225.10980928811426,822.9068907896819,0.0,4.034854635291254,0.99642413854599,0.0,0.0,-0.08448515832424164,0.9940398931503296,0.0,0.0,-0.10897858440876007,0.10230083473074092
224.90277981471385,821.6960000053695,0.0,4.045511417708659,0.9970108270645142,0.0,0.0,-0.07725472003221512,0.9942324757575989,0.0,0.0,-0.10721109062433243,-0.30661959320087523
224.7154413454494,820.4809367788198,0.0,4.062285128267327,0.9975643754005432,0.0,0.0,-0.06974618881940842,0.9944580793380737,0.0,0.0,-0.1051008552312851,0.10145367763181831
224.54838116766578,819.2593172265675,0.0,4.0869954247725,0.9980770945549011,0.0,0.0,-0.06198067590594292,0.9947147369384766,0.0,0.0,-0.10264603793621063,-0.3078675879738637
224.40238166965725,818.0287911823399,0.0,4.119548615159402,0.9985416531562805,0.0,0.0,-0.05398193374276161,0.9950001835823059,0.0,0.0,-0.0998438373208046,0.09980957710722729
224.27848242893546,816.7875831207588,0.0,4.158036832036282,0.9989514946937561,0.0,0.0,-0.04577616974711418,0.9953117966651917,0.0,0.0,-0.09669050574302673,-0.3098114373110799
224.17794185604296,815.5345113314698,0.0,4.200480678745618,0.9993004202842712,0.0,0.0,-0.03739229217171669,0.9956466555595398,0.0,0.0,-0.09318152070045471,0.09766594848554369
224.102189810786,814.2689858071191,0.0,4.244900758629903,0.9995831251144409,0.0,0.0,-0.028862467035651207,0.9960013031959534,0.0,0.0,-0.08931336551904678,-0.31205487568907414
224.0527740234873,812.9910062445779,0.0,4.2893176750315805,0.9997952580451965,0.0,0.0,-0.020222172141075134,0.996371865272522,0.0,0.0,-0.08508285135030746,0.09542266987939838
224.03129970935572,811.7011443836185,0.0,4.3318050470431135,0.9999336004257202,0.0,0.0,-0.011510597541928291,0.9967533946037292,0.0,0.0,-0.08049292117357254,-0.31420070255834354
224.0393295750658,810.4002170346225,0.0,4.371529819167036,0.9999960660934448,0.0,0.0,-0.0027708420529961586,0.9971393346786499,0.0,0.0,-0.07556407153606415,0.09341636825697808
224.07750702375682,809.0889798972594,0.0,4.408686511860747,0.9999822378158569,0.0,0.0,0.005954107269644737,0.9975223541259766,0.0,0.0,-0.07032865285873413,-0.31607730319944005
224.145528430256,807.7681159800778,0.0,4.443509495581739,0.9998930096626282,0.0,0.0,0.014624325558543205,0.9978957176208496,0.0,0.0,-0.06481772661209106,0.09165763170541286
224.24295428250116,806.4382358891216,0.0,4.476233140787484,0.9997307658195496,0.0,0.0,0.02320283278822899,0.9982529878616333,0.0,0.0,-0.05906374752521515,-0.31773001255326555
224.36925510184287,805.0998781063014,0.0,4.507091817935475,0.9994987845420837,0.0,0.0,0.031655486673116684,0.9985882639884949,0.0,0.0,-0.05309797450900078,0.09009911265753448
224.52382177725556,803.7535092552743,0.0,4.536319897483203,0.9992015361785889,0.0,0.0,0.039951130747795105,0.9988963007926941,0.0,0.0,-0.046949900686740875,-0.31920617818698915
224.70597540068448,802.3995243527818,0.0,4.564151749888144,0.99884432554245,0.0,0.0,0.048061177134513855,0.9991725087165833,0.0,0.0,-0.04064992070198059,0.0886934635461738
224.91497653602693,801.038247043648,0.0,4.590821745607786,0.998432993888855,0.0,0.0,0.055959515273571014,0.999413251876831,0.0,0.0,-0.03422631323337555,-0.32055314766777915
225.15003386155087,799.6699298177963,0.0,4.616564255099626,0.9979740381240845,0.0,0.0,0.06362248212099075,0.9996153116226196,0.0,0.0,-0.027706701308488846,0.0873933368041617
225.41031213205238,798.2947542078576,0.0,4.641613648821133,0.9974743723869324,0.0,0.0,0.07102858275175095,0.9997763633728027,0.0,0.0,-0.021117622032761574,-0.32181826856280477
225.69493941270602,796.9128309660472,0.0,4.666204297229804,0.9969409704208374,0.0,0.0,0.07815852761268616,0.9998945593833923,0.0,0.0,-0.014484778046607971,0.08615138486432983
226.0030135413424,795.5242002191469,0.0,4.690570570783126,0.996381402015686,0.0,0.0,0.08499498665332794,0.9999688267707825,0.0,0.0,-0.007832091301679611,-0.3230488884392352
226.3336077797473,794.1288316005085,0.0,4.714946839938576,0.9958030581474304,0.0,0.0,0.09152235090732574,0.9999987483024597,0.0,0.0,-0.0011836141347885132,0.08492026015950913
226.68577561750806,792.726624358069,0.0,4.739567475153646,0.9952133297920227,0.0,0.0,0.09772688895463943,0.9999847412109375,0.0,0.0,0.005438276566565037,-0.32429235486423874
227.05855469388953,791.317407437427,0.0,4.764666846885826,0.9946194887161255,0.0,0.0,0.10359632968902588,0.9999273419380188,0.0,0.0,0.012013308703899384,0.08365261512253033
227.45096980419086,789.900939539025,0.0,4.790479325592591,0.9940286874771118,0.0,0.0,0.10911969840526581,0.999828040599823,0.0,0.0,0.01852034218609333,-0.3255960154049844
227.8620349569859,788.476909148489,0.0,4.817239281731434,0.9934477210044861,0.0,0.0,0.11428745090961456,0.9996885657310486,0.0,0.0,0.024940742179751396,0.08230110218622513
228.29075444754827,787.0449345391393,0.0,4.845181085759845,0.9928832650184631,0.0,0.0,0.11909109354019165,0.9995110034942627,0.0,0.0,0.031255725771188736,-0.3270072176286415
228.7361229105955,785.6045637455978,0.0,4.874539108135298,0.9923416376113892,0.0,0.0,0.12352295219898224,0.999298095703125,0.0,0.0,0.037448469549417496,0.08081837378342446
229.19712431220637,784.1552745073418,0.0,4.905547719315287,0.9918286204338074,0.0,0.0,0.12757639586925507,0.999052882194519,0.0,0.0,0.043502382934093475,-0.32857330910237836
229.67272983634615,782.6964741808982,0.0,4.938441289757304,0.9913498163223267,0.0,0.0,0.13124540448188782,0.9987785816192627,0.0,0.0,0.04940162971615791,0.079157082346959
230.16189461583122,781.2274996192314,0.0,4.97345418991882,0.9909101128578186,0.0,0.0,0.13452476263046265,0.9984787106513977,0.0,0.0,0.05513131245970726,-0.33034163739336403
230.6635532507373,779.7476170166539,0.0,5.010820790257326,0.9905142188072205,0.0,0.0,0.13740940392017365,0.9981571435928345,0.0,0.0,0.06067604571580887,0.0772698803096607
231.1766140491434,778.2560217173766,0.0,5.050775461230324,0.990166187286377,0.0,0.0,0.13989520072937012,0.997817873954773,0.0,0.0,0.06602197885513306,-0.33235955006876794
231.69994489338933,776.7518580751552,0.0,5.093484544330178,0.9898696541786194,0.0,0.0,0.14197799563407898,0.9974650144577026,0.0,0.0,0.0711551308631897,0.07511285591067812
232.23232709008357,775.2343253552295,0.0,5.1387548611512575,0.9896277785301208,0.0,0.0,0.14365385472774506,0.9971027374267578,0.0,0.0,0.07606261968612671,-0.33464592970619617
232.77243706259162,773.7027124001781,0.0,5.186274906388789,0.9894359707832336,0.0,0.0,0.14491823315620422,0.9967353343963623,0.0,0.0,0.08073576539754868,0.07271285362595431
233.31902118793897,772.1563973990797,0.0,5.235733102973491,0.9893083572387695,0.0,0.0,0.1457693725824356,0.9963666200637817,0.0,0.0,0.0851665511727333,-0.3371438184225953
233.8709603132411,770.5948476671866,0.0,5.286817873836082,0.9892443418502808,0.0,0.0,0.14620399475097656,0.9960002899169922,0.0,0.0,0.08934807777404785,0.07013281469350024
234.42704291584883,769.0176194595244,0.0,5.339217641907242,0.9892428517341614,0.0,0.0,0.14622071385383606,0.9956404566764832,0.0,0.0,0.09327273815870285,-0.3397902713554821
234.9859437211688,767.4243578209339,0.0,5.392620830117685,0.9893020987510681,0.0,0.0,0.14582043886184692,0.9952906966209412,0.0,0.0,0.09693291783332825,0.06743568397580108
235.54621967334938,765.8147964753341,0.0,5.446715861398137,0.9894192814826965,0.0,0.0,0.1450081318616867,0.9949549436569214,0.0,0.0,0.10032059997320175,-0.34252234364237366
236.10630698904592,764.1887577572026,0.0,5.501191158679267,0.9895908832550049,0.0,0.0,0.14379312098026276,0.9946367740631104,0.0,0.0,0.10342743247747421,0.06468440633534
236.6645193766753,762.5461525884136,0.0,5.555735144891799,0.9898253679275513,0.0,0.0,0.1421920657157898,0.9943398237228394,0.0,0.0,0.10624481737613678,-0.3452770904207844
237.21904750701123,760.8869805037154,0.0,5.610036242966453,0.9901084899902344,0.0,0.0,0.14022494852542877,0.994067370891571,0.0,0.0,0.10876413434743881,0.06194192663459991
237.76795982301257,759.2113297281613,0.0,5.663782875833903,0.9904342293739319,0.0,0.0,0.1379198133945465,0.9938229322433472,0.0,0.0,0.11097543686628342,-0.34799156682823135
238.30920477729393,757.519377309825,0.0,5.71666346642487,0.9907954335212708,0.0,0.0,0.13531260192394257,0.9936096668243408,0.0,0.0,0.11286907643079758,0.05927118973606621
238.8406145846117,755.8113893110667,0.0,5.76836643767007,0.9911839962005615,0.0,0.0,0.13244746625423431,0.9934306144714355,0.0,0.0,0.11443475633859634,-0.35060282800223136
239.35991057403203,754.087721061503,0.0,5.818580212500184,0.9915904998779297,0.0,0.0,0.1293775737285614,0.9932884573936462,0.0,0.0,0.11566199362277985,0.05673514050222206
239.8647102210454,752.348817475643,0.0,5.866993213845929,0.9920052886009216,0.0,0.0,0.12616468966007233,0.9931857585906982,0.0,0.0,0.116539865732193,-0.35304792908029925
240.3525359336871,750.5952134378981,0.0,5.913293864638025,0.9924184679985046,0.0,0.0,0.1228787750005722,0.9931223392486572,0.0,0.0,0.11705707758665085,0.05439672379555055
240.82082565868382,748.8275342573611,0.0,5.957170587807148,0.9928199648857117,0.0,0.0,0.11959738284349442,0.9931050539016724,0.0,0.0,0.11720265448093414,-0.355263925199952
241.26694536370766,747.0464961943522,0.0,5.998311806284018,0.9931997656822205,0.0,0.0,0.1164049431681633,0.9931327700614929,0.0,0.0,0.116964191198349,0.05231888447853694
241.68820535016093,745.2528986331323,0.0,6.0364342946306015,0.993548572063446,0.0,0.0,0.11339294165372849,0.9932035207748413,0.0,0.0,0.11632999032735825,-0.3571893033992744
242.0818913250867,743.4475509222015,0.0,6.071502932519239,0.9938571453094482,0.0,0.0,0.11065827310085297,0.9933255314826965,0.0,0.0,0.11528965085744858,0.05054774115082794
242.44528231983992,741.631234587148,0.0,6.103610917986479,0.9941167235374451,0.0,0.0,0.10830361396074295,0.9934929013252258,0.0,0.0,0.11384405940771103,-0.3588109188269127
242.77568163811927,739.8047032770967,0.0,6.1328525266987794,0.9943186044692993,0.0,0.0,0.10643637180328369,0.9936975836753845,0.0,0.0,0.11204847693443298,0.049070892225964224
243.07343259318688,737.9686830197,0.0,6.159322034322561,0.9944471120834351,0.0,0.0,0.1051594614982605,0.9939255118370056,0.0,0.0,0.11001206934452057,-0.36014776264629556
243.34497766116522,736.1238724634478,0.0,6.183113716524292,0.9945095777511597,0.0,0.0,0.10455895960330963,0.9941631555557251,0.0,0.0,0.10784760862588882,0.04786929211476565
243.59767754537623,734.2709431060471,0.0,6.204321848970404,0.994495689868927,0.0,0.0,0.10469841212034225,0.9943979978561401,0.0,0.0,0.10566359013319016,-0.3612188804466043
243.8390884486187,732.4105395077542,0.0,6.223040707327348,0.9943950176239014,0.0,0.0,0.10562153905630112,0.9946191906929016,0.0,0.0,0.10356482863426208,0.04692389522805135
244.07693095329986,730.5432794886373,0.0,6.239364567261575,0.9942115545272827,0.0,0.0,0.10735449194908142,0.9948170781135559,0.0,0.0,0.10165093839168549,-0.36204331781701976
244.31906010422557,728.6697543088651,0.0,6.253387704439524,0.993934690952301,0.0,0.0,0.10990391671657562,0.994982898235321,0.0,0.0,0.10001670569181442,0.04621565597663979
244.57343681030488,726.790528831229,0.0,6.265204394527643,0.9935593008995056,0.0,0.0,0.1132596805691719,0.9951094388961792,0.0,0.0,0.09875231236219406,-0.36264012034672277
244.8481006697685,724.9061416651967,0.0,6.2749089131923785,0.993080198764801,0.0,0.0,0.1173958107829094,0.9951897859573364,0.0,0.0,0.09794127941131592,0.045725528771350166
245.15114431216244,723.0171052919167,0.0,6.282595536100177,0.9924925565719604,0.0,0.0,0.12227153778076172,0.9952166080474854,0.0,0.0,0.09766170382499695,-0.36302833362489445
245.4906893394017,721.1239061696772,0.0,6.288358538917484,0.9917923212051392,0.0,0.0,0.12783291935920715,0.9951844811439514,0.0,0.0,0.09798043221235275,0.045434468023001384
245.87486393759758,719.2270048194171,0.0,6.292292197310745,0.9909766912460327,0.0,0.0,0.13401421904563904,0.995090901851654,0.0,0.0,0.09892971068620682,-0.3632270032407158
246.3109357913144,717.3270499067529,0.0,6.294467392020727,0.9900442361831665,0.0,0.0,0.1407412588596344,0.9949356317520142,0.0,0.0,0.10048249363899231,0.045324609704315455
246.8002960409379,715.4261643970427,0.0,6.2947348347115595,0.988993763923645,0.0,0.0,0.14794479310512543,0.9947203397750854,0.0,0.0,0.10259542614221573,-0.36324051044732353
247.34179587350505,713.5271547134774,0.0,6.292824455244814,0.9878242015838623,0.0,0.0,0.15556477010250092,0.9944456219673157,0.0,0.0,0.10522746294736862,0.045421093515767286
247.93418063363063,711.6329052920789,0.0,6.2884649412969225,0.9865338206291199,0.0,0.0,0.16354960203170776,0.9941112995147705,0.0,0.0,0.10834204405546188,-0.3630203329752078
248.57609111060071,709.7463676162346,0.0,6.281384980544316,0.9851211309432983,0.0,0.0,0.1718553602695465,0.9937167167663574,0.0,0.0,0.11190596967935562,0.04577866729115143
249.26605695210006,707.8705500130159,0.0,6.271313260663424,0.9835842251777649,0.0,0.0,0.18044453859329224,0.993260383605957,0.0,0.0,0.11588773876428604,-0.3625116602539506
250.0024908120536,706.0085061465743,0.0,6.257978469330682,0.9819212555885315,0.0,0.0,0.1892859935760498,0.99274080991745,0.0,0.0,0.12025915086269379,0.04645214160088584
250.78368324711107,704.1633222606227,0.0,6.24110929422252,0.9801298975944519,0.0,0.0,0.198353573679924,0.992155909538269,0.0,0.0,0.12499372661113739,-0.3616596817131343
251.60779837386795,702.3381032350976,0.0,6.220434423015362,0.9782076478004456,0.0,0.0,0.2076263427734375,0.9915035963058472,0.0,0.0,0.1300680935382843,0.04749632701538875
252.47287029600804,700.5359575361839,0.0,6.195682543385657,0.976151704788208,0.0,0.0,0.21708709001541138,0.9907813668251038,0.0,0.0,0.13546033203601837,-0.3604095867823411
253.37680030719844,698.759981154016,0.0,6.166582343009823,0.9739589691162109,0.0,0.0,0.22672221064567566,0.9899867177009583,0.0,0.0,0.1411513239145279,0.04896603410507733
254.3173548718105,697.0132406383436,0.0,6.13286250956429,0.9716259241104126,0.0,0.0,0.2365211695432663,0.9891169667243958,0.0,0.0,0.14712269604206085,-0.35870656489115255
255.2921643814274,695.298755359265,0.0,6.094251730725504,0.9691484570503235,0.0,0.0,0.24647614359855652,0.9881694316864014,0.0,0.0,0.15335813164710999,0.050916073440369525
256.2987226806615,693.6194791376239,0.0,6.050478694169885,0.9665224552154541,0.0,0.0,0.25658056139945984,0.9871413707733154,0.0,0.0,0.15984198451042175,-0.3564958054691516
257.3343873511346,691.978281407716,0.0,6.001272087573857,0.9637433886528015,0.0,0.0,0.26682978868484497,0.9860299229621887,0.0,0.0,0.16656136512756348,0.05340125559168407
258.39638073759215,690.3779280934325,0.0,5.946360598613872,0.9608064889907837,0.0,0.0,0.2772189676761627,0.9848323464393616,0.0,0.0,0.17350244522094727,-0.35372249794592
259.4818107927627,688.8210356660479,0.0,5.885574891057858,0.957707405090332,0.0,0.0,0.2877432703971863,0.9835458397865295,0.0,0.0,0.18065375089645386,0.05647124082178573
260.58806052982357,687.3095421757052,0.0,5.820738229750466,0.9544417858123779,0.0,0.0,0.2983967363834381,0.9821671843528748,0.0,0.0,0.18800486624240875,-0.3504479190920113
261.71320632318844,685.8442860939576,0.0,5.755488178271612,0.9510055780410767,0.0,0.0,0.309173583984375,0.9806932210922241,0.0,0.0,0.1955481916666031,0.05976669796718237
262.8561314545645,684.425082468295,0.0,5.693528517561295,0.9473949670791626,0.0,0.0,0.3200666308403015,0.9791207313537598,0.0,0.0,0.2032754272222519,-0.3473186432985609
264.0166176511232,683.0508297271217,0.0,5.6385630285595605,0.9436067342758179,0.0,0.0,0.33106839656829834,0.9774461388587952,0.0,0.0,0.2111809253692627,0.0625427327652498
265.19534367453974,681.7197204651485,0.0,5.593903803272562,0.9396377801895142,0.0,0.0,0.3421708047389984,0.9756652116775513,0.0,0.0,0.21926240622997284,-0.3450631268699247
266.3932518275888,680.4300938168523,0.0,5.559657382210221,0.9354854822158813,0.0,0.0,0.35336488485336304,0.9737735986709595,0.0,0.0,0.22751635313034058,0.06427234999062054
267.6111851936655,679.180812524602,0.0,5.534362282311401,0.9311482310295105,0.0,0.0,0.3646405041217804,0.9717658162117004,0.0,0.0,0.23594516515731812,-0.34378559657200436
268.84983770657044,677.9712421828142,0.0,5.516546331801809,0.9266254901885986,0.0,0.0,0.375985324382782,0.9696366786956787,0.0,0.0,0.24454808235168457,0.06517214547090289
270.1097103524211,676.8012227540968,0.0,5.504737358907162,0.9219177961349487,0.0,0.0,0.38738542795181274,0.9673799276351929,0.0,0.0,0.2533280551433563,-0.34318918379954744
271.39107085417714,675.6710349077966,0.0,5.497463191853191,0.9170277118682861,0.0,0.0,0.39882341027259827,0.9649889469146729,0.0,0.0,0.2622888386249542,0.06553952764534587
272.6939164848038,674.5813610492894,0.0,5.49325165886561,0.9119600653648376,0.0,0.0,0.410278856754303,0.9624565839767456,0.0,0.0,0.27143412828445435,-0.34297648011330595
274.017939761932,673.5332408959746,0.0,5.490630588170142,0.9067224264144897,0.0,0.0,0.42172765731811523,0.9597750306129456,0.0,0.0,0.28076881170272827,0.0656719049531978
275.3624968686105,672.5280214770897,0.0,5.488127807992511,0.9013256430625916,0.0,0.0,0.4331417381763458,0.9569361209869385,0.0,0.0,0.2902972996234894,-0.3428500770740317
276.7265787217642,671.5673014884131,0.0,5.484271146558431,0.8957844376564026,0.0,0.0,0.44448861479759216,0.9539316296577454,0.0,0.0,0.3000228703022003,0.06586668583370692
278.10878467231197,670.6528700194175,0.0,5.477588432093624,0.8901170492172241,0.0,0.0,0.45573168992996216,0.95075523853302,0.0,0.0,0.30994167923927307,-0.34251256624247584
279.5073031813293,669.7865207687179,0.0,5.4666242385821295,0.8843468427658081,0.0,0.0,0.46683022379875183,0.947407066822052,0.0,0.0,0.3200300335884094,0.06642043298075212
280.92013249138824,668.9683136304417,0.0,5.450848252093227,0.8784990906715393,0.0,0.0,0.4777437746524811,0.9438923001289368,0.0,0.0,0.330252468585968,-0.3417157992480868
282.3454444164239,668.1968141804441,0.0,5.431120076419445,0.8725996613502502,0.0,0.0,0.488435834646225,0.9402173757553101,0.0,0.0,0.34057411551475525,0.067416805489529
283.78163400629586,667.470340677952,0.0,5.408413878786333,0.8666743636131287,0.0,0.0,0.49887409806251526,0.9363901019096375,0.0,0.0,0.35096028447151184,-0.3405690215898488
285.2273386508116,666.7870414248952,0.0,5.383703826419418,0.8607484698295593,0.0,0.0,0.509030282497406,0.9324191212654114,0.0,0.0,0.36137837171554565,0.0686647879323024
286.6814552997636,666.1449376947256,0.0,5.357964086544233,0.8548471927642822,0.0,0.0,0.5188797116279602,0.9283143281936646,0.0,0.0,0.3717958629131317,-0.33926903472746567
288.1431558044469,665.5419618340455,0.0,5.332168826386326,0.8489944934844971,0.0,0.0,0.5284016132354736,0.9240869283676147,0.0,0.0,0.3821820020675659,0.06996757884936838
289.61190041280713,664.9759906218922,0.0,5.307292213171219,0.8432134389877319,0.0,0.0,0.537578821182251,0.9197483658790588,0.0,0.0,0.39250820875167847,-0.338012640120642
291.0874494706426,664.444874022036,0.0,5.284308414124461,0.837526261806488,0.0,0.0,0.5463969111442566,0.9153106212615967,0.0,0.0,0.40274837613105774,0.0711283767810228
292.5698733953819,663.9464594981207,0.0,5.264191596471584,0.8319538235664368,0.0,0.0,0.5548447966575623,0.910785973072052,0.0,0.0,0.4128786325454712,-0.3369966392290826
294.0595609969322,663.4786120802477,0.0,5.247915927438116,0.8265156149864197,0.0,0.0,0.5629136562347412,0.9061878323554993,0.0,0.0,0.42287522554397583,0.07195038026756156
295.5572262221553,663.0392303750042,0.0,5.2364555742496055,0.8212297558784485,0.0,0.0,0.5705975294113159,0.9015282988548279,0.0,0.0,0.432719886302948,-0.3364178335124911
297.0639093226679,662.6262597781349,0.0,5.230770611920072,0.8161129951477051,0.0,0.0,0.5778923034667969,0.8968212604522705,0.0,0.0,0.44239291548728943,0.07223749957713399
298.58080252716957,662.2377446321101,0.0,5.231209233025876,0.8111805319786072,0.0,0.0,0.5847957730293274,0.8920788764953613,0.0,0.0,0.4518794119358063,-0.3364399860935924
300.1090028242195,661.8718761751564,0.0,5.237285598179785,0.8064461946487427,0.0,0.0,0.5913072824478149,0.8873151540756226,0.0,0.0,0.46116316318511963,0.07193061244814875
301.64948385167395,661.5269699924038,0.0,5.248454005429289,0.8019230961799622,0.0,0.0,0.597427248954773,0.8825429081916809,0.0,0.0,0.4702315330505371,-0.33700404706578957
303.2030857618429,661.201440643809,0.0,5.2641687528218695,0.7976226210594177,0.0,0.0,0.6031568050384521,0.8777745366096497,0.0,0.0,0.47907373309135437,0.07113693833741236
304.770505943985,660.8937784956097,0.0,5.2838841384050035,0.7935553193092346,0.0,0.0,0.6084979772567749,0.8730239868164062,0.0,0.0,0.48767706751823425,-0.33799977361039235
306.3522905620239,660.6025286515012,0.0,5.307054460226179,0.7897306084632874,0.0,0.0,0.6134536266326904,0.868303656578064,0.0,0.0,0.49603280425071716,0.06996672006361565
307.94882688170577,660.3262719212827,0.0,5.333134016332888,0.7861572504043579,0.0,0.0,0.6180263757705688,0.8636263608932495,0.0,0.0,0.5041322112083435,-0.339316922908711
309.56033637595453,660.0636078016354,0.0,5.361577104772598,0.782842755317688,0.0,0.0,0.6222195029258728,0.8590044379234314,0.0,0.0,0.5119678974151611,0.0685302004454485
311.1868686099265,659.8131394760018,0.0,5.3918380235928,0.7797940969467163,0.0,0.0,0.6260359883308411,0.8544508218765259,0.0,0.0,0.5195320248603821,-0.3408452521420545
312.82829591825714,659.5734608682794,0.0,5.423371070840984,0.7770176529884338,0.0,0.0,0.6294785737991333,0.8499783277511597,0.0,0.0,0.5268175005912781,0.06693762230160077
314.48430889616355,659.3431458081793,0.0,5.45563054456462,0.7745190262794495,0.0,0.0,0.6325503587722778,0.8455986976623535,0.0,0.0,0.5338189601898193,-0.3424745184917331
316.15441273347085,659.1207393845217,0.0,5.4880707428112006,0.7723028063774109,0.0,0.0,0.635254442691803,0.8413248658180237,0.0,0.0,0.5405296087265015,0.06529922845076341
317.8379244260952,658.9047515763826,0.0,5.520145963628211,0.7703733444213867,0.0,0.0,0.6375929117202759,0.8371683359146118,0.0,0.0,0.5469450950622559,-0.34409447913905694
319.5339709031558,658.6936532606907,0.0,5.551310505063127,0.7687340974807739,0.0,0.0,0.6395683288574219,0.833141028881073,0.0,0.0,0.5530601739883423,0.06372526171162624
321.2414881094768,658.4858746984867,0.0,5.581018665163432,0.7673880457878113,0.0,0.0,0.6411828994750977,0.8292545080184937,0.0,0.0,0.5588706731796265,-0.34559489126533494
322.959232610652,658.2798374341664,0.0,5.6087684758260155,0.7663372159004211,0.0,0.0,0.6424383521080017,0.8255176544189453,0.0,0.0,0.5643758773803711,0.06232375612260688
324.68587522396047,658.0741131120716,0.0,5.634391223341495,0.765579104423523,0.0,0.0,0.6433319449424744,0.8219398856163025,0.0,0.0,0.5695739984512329,-0.3468889694226823
326.4200569967402,657.8673050976047,0.0,5.657871578293691,0.7651238441467285,0.0,0.0,0.6438708305358887,0.8185294270515442,0.0,0.0,0.5744644403457642,0.06113787960986966
328.1603961534541,657.657980562978,0.0,5.679195025194812,0.7649708390235901,0.0,0.0,0.6440533995628357,0.8152947425842285,0.0,0.0,0.5790461301803589,-0.3479659111853652
329.9054906808181,657.4446757461178,0.0,5.698347048557074,0.7651205062866211,0.0,0.0,0.643876314163208,0.8122441172599792,0.0,0.0,0.5833175778388977,0.06017060570268473
331.65392099438077,657.2259015276993,0.0,5.715313132892696,0.7655718922615051,0.0,0.0,0.6433371305465698,0.8093857765197754,0.0,0.0,0.5872771143913269,-0.3488227841316088
333.40425268785543,657.0001491791952,0.0,5.730078762713881,0.7663243412971497,0.0,0.0,0.6424322128295898,0.8067269921302795,0.0,0.0,0.590924084186554,0.05942486682282688
335.15503935848403,656.7658962679293,0.0,5.7426294225328505,0.7673873901367188,0.0,0.0,0.6411661505699158,0.804275631904602,0.0,0.0,0.5942562222480774,-0.34945665583963753
336.90482550144435,656.5216127045247,0.0,5.752950596861815,0.7687544822692871,0.0,0.0,0.6395297050476074,0.8020387887954712,0.0,0.0,0.5972718000411987,0.05890359539207113
338.6521494660084,656.2657669175508,0.0,5.761027770212988,0.7704248428344727,0.0,0.0,0.6375190615653992,0.8000233769416809,0.0,0.0,0.599968671798706,-0.34986459388767654
340.3955464658925,655.9968321395947,0.0,5.7668464270985815,0.7723971605300903,0.0,0.0,0.6351302266120911,0.7982356548309326,0.0,0.0,0.6023452281951904,0.05860972383219265
342.1335516359833,655.7132927884405,0.0,5.770392052030812,0.7746695280075073,0.0,0.0,0.6323584318161011,0.7966821789741516,0.0,0.0,0.6043984293937683,-0.3500436658539508
343.86470312735787,655.4136509265026,0.0,5.771650129521889,0.7772391438484192,0.0,0.0,0.6291989088058472,0.7953688502311707,0.0,0.0,0.6061257719993591,0.05854618456496652
345.5875452322703,655.0964327811458,0.0,5.77060614408403,0.7801020741462708,0.0,0.0,0.6256468892097473,0.7943008542060852,0.0,0.0,0.6075246334075928,-0.3499909393166852
347.3006315305562,654.7601953080471,0.0,5.7672455802294476,0.7832530736923218,0.0,0.0,0.6216986179351807,0.7934840321540833,0.0,0.0,0.6085911393165588,0.05871591001216764
349.00252804866676,654.4035327792752,0.0,5.761553922470354,0.7866854071617126,0.0,0.0,0.6173505783081055,0.7929220199584961,0.0,0.0,0.6093233227729797,-0.34970348185410466
350.69181642234304,654.0250833773396,0.0,5.753516655318961,0.7903905510902405,0.0,0.0,0.6126002669334412,0.79261714220047,0.0,0.0,0.6097159385681152,0.059121832595571244
352.36709705374193,653.6235357760331,0.0,5.743119263287484,0.7943583130836487,0.0,0.0,0.60744708776474,0.7925773859024048,0.0,0.0,0.6097676753997803,-0.3491783610444341
354.02699225363887,653.1976356885202,0.0,5.730347230888138,0.7985764741897583,0.0,0.0,0.6018913984298706,0.7928025722503662,0.0,0.0,0.609472930431366,0.05976688473695241
355.6701493591567,652.7461923627604,0.0,5.715186042633135,0.8030306696891785,0.0,0.0,0.5959359407424927,0.7932966351509094,0.0,0.0,0.6088302731513977,-0.34841264446589865
357.29524381733006,652.2680850040265,0.0,5.697621183034687,0.8077046871185303,0.0,0.0,0.5895857810974121,0.7940603494644165,0.0,0.0,0.6078343391418457,0.0606539988580862
358.9009822246511,651.7622691039985,0.0,5.67763813660501,0.812580406665802,0.0,0.0,0.5828478932380676,0.7950934767723083,0.0,0.0,0.6064826846122742,-0.347403399696723
360.48610531263506,651.2277826556394,0.0,5.655222387856315,0.8176376819610596,0.0,0.0,0.5757320523262024,0.7963958382606506,0.0,0.0,0.6047718524932861,0.061786107380747524
362.0493908693321,650.663752232842,0.0,5.630359421300812,0.82285475730896,0.0,0.0,0.5682508945465088,0.7979662418365479,0.0,0.0,0.6026986241340637,-0.346147694315132
363.589665167317,650.0693954903464,0.0,5.603066097079869,0.828208327293396,0.0,0.0,0.5604196786880493,0.7998019456863403,0.0,0.0,0.6002607941627502,0.06316455809897703
365.10586721015875,649.4439995221333,0.0,5.573588211089177,0.8336737751960754,0.0,0.0,0.55225670337677,0.8018994927406311,0.0,0.0,0.5974560379981995,-0.34465891219439
366.597074575787,648.786905567756,0.0,5.542273025918329,0.839225709438324,0.0,0.0,0.5437827110290527,0.8042540550231934,0.0,0.0,0.5942829847335815,0.06474613310760574
368.06250014312343,648.0975015866342,0.0,5.509468258782956,0.8448384404182434,0.0,0.0,0.535021185874939,0.8068587779998779,0.0,0.0,0.5907419323921204,-0.3430021057734116
369.50148805619943,647.3752135570629,0.0,5.475521626898669,0.8504857420921326,0.0,0.0,0.5259978771209717,0.8097072243690491,0.0,0.0,0.58683180809021,0.06646060946539806
370.9135090853222,646.6194955243609,0.0,5.440780847481105,0.8561419248580933,0.0,0.0,0.5167405009269714,0.8127903938293457,0.0,0.0,0.5825542211532593,-0.34124752095434274
372.2981554182325,645.829818467145,0.0,5.405593637745877,0.8617818355560303,0.0,0.0,0.5072787404060364,0.8160979747772217,0.0,0.0,0.577911913394928,0.06823774127020754
373.65513491350254,645.0056580491781,0.0,5.370307714908599,0.8673813939094543,0.0,0.0,0.4976436495780945,0.8196125030517578,0.0,0.0,0.5729167461395264,-0.3394654036393287
374.98426484687633,644.1468355914997,0.0,5.33527079618491,0.8729179501533508,0.0,0.0,0.48786666989326477,0.8233085870742798,0.0,0.0,0.5675926208496094,0.07000728261988881
376.28545900242284,643.2546467167374,0.0,5.300805245529281,0.8783724904060364,0.0,0.0,0.47797635197639465,0.8271600008010864,0.0,0.0,0.5619651079177856,-0.33772471926278175
377.5586773099141,642.3307170428412,0.0,5.26705140017403,0.8837297558784485,0.0,0.0,0.46799716353416443,0.8311426639556885,0.0,0.0,0.5560579895973206,0.0717120222842954
378.80390349043535,641.376597879827,0.0,5.234070059770531,0.8889774084091187,0.0,0.0,0.45795074105262756,0.8352347016334534,0.0,0.0,0.5498923659324646,-0.33605899499997877
380.02114281176057,640.3937665472764,0.0,5.20192169063636,0.8941059112548828,0.0,0.0,0.4478552043437958,0.8394153118133545,0.0,0.0,0.543489396572113,0.07333567729107171
381.21041988020465,639.3836267842289,0.0,5.170666759089098,0.8991080522537231,0.0,0.0,0.43772637844085693,0.8436660170555115,0.0,0.0,0.5368673801422119,-0.3344804631036524
382.3717763869275,638.3475092915708,0.0,5.140365731446352,0.903978705406189,0.0,0.0,0.4275771975517273,0.8479691743850708,0.0,0.0,0.530044436454773,0.07486603222252358
383.50526880989395,637.2866724000754,0.0,5.111079074025697,0.908714234828949,0.0,0.0,0.41741853952407837,0.8523106575012207,0.0,0.0,0.5230349898338318,-0.33300133899149814
384.6109660722364,636.2023028576805,0.0,5.08286725314472,0.9133127331733704,0.0,0.0,0.40725886821746826,0.8566754460334778,0.0,0.0,0.5158548951148987,0.07629087166095672
385.6889471573206,635.0955167300295,0.0,5.055790735121018,0.9177731275558472,0.0,0.0,0.3971050977706909,0.8610506057739258,0.0,0.0,0.508518397808075,-0.33163383808121016
386.73929868033815,633.9673604087868,0.0,5.029909986272177,0.9220955967903137,0.0,0.0,0.3869619369506836,0.865424633026123,0.0,0.0,0.5010383725166321,0.07759798018867597
387.76211241576647,632.8188117227292,0.0,5.005285472915774,0.9262810945510864,0.0,0.0,0.37683284282684326,0.8697876930236816,0.0,0.0,0.4934252202510834,-0.33039017579048274
388.75748277952675,631.6507811471593,0.0,4.981977661369412,0.930331289768219,0.0,0.0,0.36671969294548035,0.8741303086280823,0.0,0.0,0.4856903851032257,0.07877514238798722
389.725504264157,630.4641131077227,0.0,4.960047017950674,0.9342483282089233,0.0,0.0,0.3566229045391083,0.8784449696540833,0.0,0.0,0.47784245014190674,-0.3292825675370112
390.66626882478437,629.2595873753075,0.0,4.939554008977144,0.9380344748497009,0.0,0.0,0.3465416431427002,0.8827241659164429,0.0,0.0,0.46989065408706665,0.07981014284119586
391.5798632131202,628.0379205493093,0.0,4.920559100766415,0.941692590713501,0.0,0.0,0.33647409081459045,0.8869612812995911,0.0,0.0,0.46184295415878296,-0.3283232287384895
392.4663662561532,626.799767627168,0.0,4.903122759636074,0.9452255964279175,0.0,0.0,0.32641738653182983,0.8911506533622742,0.0,0.0,0.4537065625190735,0.08069076613060702
393.3258460756105,625.5457236587727,0.0,4.887305451903707,0.9486364126205444,0.0,0.0,0.3163679242134094,0.8952882289886475,0.0,0.0,0.44548648595809937,-0.32752437481261243
394.1583572436749,624.2763254849981,0.0,4.873167643886906,0.9519282579421997,0.0,0.0,0.30632102489471436,0.8993693590164185,0.0,0.0,0.437188982963562,0.08140479683852628
394.9639378698156,622.9920535603824,0.0,4.8607698019032535,0.9551039338111877,0.0,0.0,0.2962709367275238,0.9033910036087036,0.0,0.0,0.4288172125816345,-0.32689822117707446
395.74260661295466,621.6933338606971,0.0,4.850172392270345,0.9581664204597473,0.0,0.0,0.28621163964271545,0.9073504209518433,0.0,0.0,0.4203747808933258,0.08194001954725907
396.4943596125352,620.380539876971,0.0,4.841435881305765,0.9611183404922485,0.0,0.0,0.2761364281177521,0.9112441539764404,0.0,0.0,0.4118663966655731,-0.3264569832495704
397.2191673313765,619.0539946983318,0.0,4.834620735327102,0.9639624953269958,0.0,0.0,0.2660379409790039,0.9150709509849548,0.0,0.0,0.4032926857471466,0.08228421883911075
397.9169713024733,617.7139731869668,0.0,4.829787420495555,0.9667009711265564,0.0,0.0,0.25590869784355164,0.9188286066055298,0.0,0.0,0.3946564197540283,-0.3262128764398964
398.5876785954681,616.360708751744,0.0,4.826980422765077,0.9693355560302734,0.0,0.0,0.2457410842180252,0.9225162267684937,0.0,0.0,0.38595810532569885,0.08242598640125615
399.23115098592353,614.9944129610083,0.0,4.826184361969641,0.971867561340332,0.0,0.0,0.23552794754505157,0.9261325001716614,0.0,0.0,0.37719815969467163,-0.3261726713492178
399.84720181115483,613.6152829713598,0.0,4.827369841555555,0.9742980599403381,0.0,0.0,0.22526238858699799,0.9296767711639404,0.0,0.0,0.3683760166168213,0.08236611369489683
400.43559496107775,612.2235050372946,0.0,4.830507464969137,0.9766274690628052,0.0,0.0,0.21493864059448242,0.9331486225128174,0.0,0.0,0.3594909906387329,-0.3263311371781865
400.99604386214037,610.8192579354165,0.0,4.835567835656697,0.9788556694984436,0.0,0.0,0.20455163717269897,0.9365473389625549,0.0,0.0,0.35054147243499756,0.08211053941774729
401.5282104517308,609.4027163127761,0.0,4.842521557064548,0.9809820055961609,0.0,0.0,0.19409802556037903,0.9398722052574158,0.0,0.0,0.34152647852897644,-0.32668233522908807
402.0317041407135,607.9740539683437,0.0,4.8513392326390035,0.9830054044723511,0.0,0.0,0.18357577919960022,0.9431237578392029,0.0,0.0,0.33244192600250244,0.08166520226752225
402.5060807619842,606.5334470761643,0.0,4.861991465826375,0.9849242568016052,0.0,0.0,0.17298518121242523,0.9463015198707581,0.0,0.0,0.3232854902744293,-0.3272203268042079
402.9508415031817,605.0810773582359,0.0,4.874448860072975,0.9867367744445801,0.0,0.0,0.16232824325561523,0.9494050145149231,0.0,0.0,0.31405436992645264,0.08103604094193642
403.3654318219029,603.6171352147151,0.0,4.888682018825117,0.9884403944015503,0.0,0.0,0.15160919725894928,0.9524345397949219,0.0,0.0,0.30474308133125305,-0.3279391732058312
403.74924034199694,602.1418228186093,0.0,4.904661545529118,0.990032970905304,0.0,0.0,0.14083534479141235,0.9553896188735962,0.0,0.0,0.2953479290008545,0.08022899413870407
404.1015977297069,600.6553571816853,0.0,4.92235804363128,0.9915117025375366,0.0,0.0,0.1300167292356491,0.9582699537277222,0.0,0.0,0.2858644425868988,-0.32883293573624345
404.42177554863537,599.1579731979086,0.0,4.941742116577925,0.9928742051124573,0.0,0.0,0.11916622519493103,0.9610754251480103,0.0,0.0,0.2762858271598816,0.07925000055554018
404.7089850926948,597.6499266703377,0.0,4.962784367815365,0.9941182136535645,0.0,0.0,0.10829976201057434,0.9638053178787231,0.0,0.0,0.26660680770874023,-0.32989567569773026
404.96237619638856,596.1314973270007,0.0,4.985455400789907,0.9952415823936462,0.0,0.0,0.09743744134902954,0.9664588570594788,0.0,0.0,0.25682148337364197,0.0781049988901592
405.1810360219471,594.6029918309044,0.0,5.009725818947868,0.9962430000305176,0.0,0.0,0.08660043776035309,0.9690350294113159,0.0,0.0,0.24692337214946747,-0.3311214543925768
405.36398782301654,593.0647467889589,0.0,5.035566225735565,0.9971218109130859,0.0,0.0,0.07581540942192078,0.9715309739112854,0.0,0.0,0.2369123250246048,0.07679992784027556
405.51033871028125,591.5170535938717,0.0,5.0629472245993,0.9978779554367065,0.0,0.0,0.06511114537715912,0.9739410877227783,0.0,0.0,0.2268010973930359,-0.3325043331230685
405.6201700406324,589.9596941022327,0.0,5.0918381391299015,0.998512864112854,0.0,0.0,0.054515909403562546,0.9762589335441589,0.0,0.0,0.21660713851451874,0.07534079074277045
405.69397751499207,588.3922491415246,0.0,5.12216686503618,0.9990290403366089,0.0,0.0,0.044056400656700134,0.9784788489341736,0.0,0.0,0.2063477635383606,-0.3340360869567189
405.73225270396506,586.8143362056092,0.0,5.1538118569940705,0.9994300603866577,0.0,0.0,0.03375712037086487,0.9805958271026611,0.0,0.0,0.19604088366031647,0.07374255882570524
405.73548881322193,585.2256113197811,0.0,5.186648671468946,0.9997203946113586,0.0,0.0,0.02364134043455124,0.9826056957244873,0.0,0.0,0.18570460379123688,-0.33569451193019745
405.70418779475017,583.6257692249419,0.0,5.220552864926164,0.9999056458473206,0.0,0.0,0.013730112463235855,0.9845053553581238,0.0,0.0,0.1753547042608261,0.07203022582281543
405.6388672031473,582.0145435533453,0.0,5.2553999938311025,0.999991774559021,0.0,0.0,0.004043533466756344,0.986291766166687,0.0,0.0,0.16501058638095856,-0.3374544679354974
405.54006678852994,580.3917069956232,0.0,5.291065614649141,0.9999852776527405,0.0,0.0,-0.00540035218000412,0.9879633188247681,0.0,0.0,0.15468820929527283,0.07022893184210643
405.4083548152265,578.7570714586845,0.0,5.327425283845631,0.9998934864997864,0.0,0.0,-0.014585025608539581,0.9895185232162476,0.0,0.0,0.1444060355424881,-0.33929081486461304
405.2443340932171,577.1104882140659,0.0,5.364354557885954,0.9997237920761108,0.0,0.0,-0.023494966328144073,0.9909570217132568,0.0,0.0,0.13417957723140717,0.06836381699158506
405.0486477072316,575.4518480362173,0.0,5.401728993235489,0.9994839429855347,0.0,0.0,-0.03211654722690582,0.992279052734375,0.0,0.0,0.12402524054050446,-0.3411784126095391
404.8219844265747,573.7810813301858,0.0,5.4394241463595865,0.999181866645813,0.0,0.0,-0.04043658450245857,0.9934853911399841,0.0,0.0,0.11395974457263947,0.06646002137925694
404.5650837770703,572.0981582480873,0.0,5.4773155737236285,0.9988256692886353,0.0,0.0,-0.04844365268945694,0.9945774674415588,0.0,0.0,0.10399897396564484,-0.34309212106226844
404.27874075506867,570.4030887937506,0.0,5.515278831792993,0.9984233975410461,0.0,0.0,-0.05612751841545105,0.9955573081970215,0.0,0.0,0.0941578820347786,0.06454268511312738
403.9638101621855,568.6959229148553,0.0,5.5531894770330315,0.9979830980300903,0.0,0.0,-0.06347855925559998,0.996427595615387,0.0,0.0,0.08445128798484802,-0.3450068001147956
403.6212105384079,566.9767505818772,0.0,5.590923065909126,0.9975125789642334,0.0,0.0,-0.07048772275447845,0.9971914887428284,0.0,0.0,0.07489374279975891,0.06263694830120342
403.2519276703738,565.2457018531356,0.0,5.628355154886654,0.9970196485519409,0.0,0.0,-0.07714724540710449,0.997852623462677,0.0,0.0,0.06549899280071259,-0.34689730965911525
402.8570176510347,563.5029469252115,0.0,5.665361300430969,0.9965119361877441,0.0,0.0,-0.08344992250204086,0.9984150528907776,0.0,0.0,0.05627968907356262,0.060767951051490576
402.43760946655533,561.7486961680236,0.0,5.70181705900745,0.9959967732429504,0.0,0.0,-0.08938903361558914,0.9988831877708435,0.0,0.0,0.04724830761551857,-0.34873850958722036
401.9949070861858,559.9832001438281,0.0,5.737597987081479,0.9954812526702881,0.0,0.0,-0.09495829045772552,0.999261736869812,0.0,0.0,0.03841836750507355,0.058960833471994156
401.53019103098256,558.206749609438,0.0,5.772579641118403,0.9949721097946167,0.0,0.0,-0.10015227645635605,0.9995558857917786,0.0,0.0,0.029800888150930405,-0.3505052597911054
401.04481939764355,556.4196755009627,0.0,5.8066375775836025,0.9944758415222168,0.0,0.0,-0.10496656596660614,0.9997709393501282,0.0,0.0,0.021407146006822586,0.057240735670721465
400.54022831438886,554.6223489004093,0.0,5.839647352942461,0.9939980506896973,0.0,0.0,-0.10939714312553406,0.9999122619628906,0.0,0.0,0.013247855938971043,-0.35217242016276495
400.0179317480989,552.8151807832455,0.0,5.871485174307871,0.9935446381568909,0.0,0.0,-0.11344147473573685,0.9999858736991882,0.0,0.0,0.005332563538104296,0.055632764894690656
399.4795130973905,550.9985964119236,0.0,5.9021102132862255,0.9931203722953796,0.0,0.0,-0.11709749698638916,0.9999974966049194,0.0,0.0,-0.0023283474147319794,-0.3537191393030859
398.926607663837,549.172984943481,0.0,5.931645101082023,0.9927297830581665,0.0,0.0,-0.12036442756652832,0.9999527931213379,0.0,0.0,-0.009726254269480705,0.0541411038949029
398.36089712078484,547.338693474811,0.0,5.960231578713469,0.9923766255378723,0.0,0.0,-0.12324244529008865,0.9998580813407898,0.0,0.0,-0.01685122400522232,-0.35516290079962354
397.78410612141954,545.4960269861053,0.0,5.988011387198786,0.9920641183853149,0.0,0.0,-0.12573283910751343,0.9997193813323975,0.0,0.0,-0.023695368319749832,0.052738083264331326
397.1979994464623,543.6452483017006,0.0,6.015126267556174,0.991795003414154,0.0,0.0,-0.12783800065517426,0.9995424747467041,0.0,0.0,-0.030249491333961487,-0.35653233920151184
396.6043797153411,541.7865780690136,0.0,6.04171796080385,0.9915712475776672,0.0,0.0,-0.12956175208091736,0.9993335008621216,0.0,0.0,-0.036506153643131256,0.051395068453842674
396.00508568327064,539.9201947562156,0.0,6.067928207960037,0.9913860559463501,0.0,0.0,-0.13090790808200836,0.9990983605384827,0.0,0.0,-0.042457982897758484,-0.35785608905788496
395.401991145568,538.0462346692652,0.0,6.093898750042932,0.9912530779838562,0.0,0.0,-0.1318843811750412,0.9988427758216858,0.0,0.0,-0.048096105456352234,0.05008342491430251
394.7970044697196,536.1647919889123,0.0,6.1197713280707555,0.9911705255508423,0.0,0.0,-0.13249893486499786,0.9985724687576294,0.0,0.0,-0.053414247930049896,-0.359162784917876
394.1920687752049,534.2759188282657,0.0,6.145687683061725,0.9911364316940308,0.0,0.0,-0.13276056945323944,0.9982929825782776,0.0,0.0,-0.05840463563799858,0.04877451809657679
393.5891627808913,532.3796253115354,0.0,6.171789556034039,0.9911484122276306,0.0,0.0,-0.1326797902584076,0.9980098009109497,0.0,0.0,-0.06305937469005585,-0.36048106133061913
392.99030233994046,530.4758796745583,0.0,6.198218688005921,0.9912036061286926,0.0,0.0,-0.1322689652442932,0.9977280497550964,0.0,0.0,-0.06737164407968521,0.04743971345153225
392.39754268262476,528.5646083877492,0.0,6.225116819995587,0.9912988543510437,0.0,0.0,-0.1315423548221588,0.9974526166915894,0.0,0.0,-0.07133371382951736,-0.3618395528452487
391.8129813882314,526.645696302144,0.0,6.252625693021237,0.9914308190345764,0.0,0.0,-0.13051585853099823,0.9971877336502075,0.0,0.0,-0.07494628429412842,0.046050376430034734
391.23849487888015,524.7189870248218,0.0,6.280886377791627,0.9916050434112549,0.0,0.0,-0.12920807301998138,0.9969363212585449,0.0,0.0,-0.0782192274928093,-0.3632668601568846
390.67483182808695,522.7843072024114,0.0,6.3099613565554264,0.991811215877533,0.0,0.0,-0.12763428688049316,0.9967008233070374,0.0,0.0,-0.08116459101438522,0.04458194315913577
390.122449910187,520.8415130254097,0.0,6.3397618175045825,0.9920462965965271,0.0,0.0,-0.1258086860179901,0.9964832067489624,0.0,0.0,-0.08379296213388443,-0.3647719339421955
389.5818323991983,518.8904955256094,0.0,6.3701817511832575,0.9923076033592224,0.0,0.0,-0.12374388426542282,0.9962852001190186,0.0,0.0,-0.08611516654491425,0.04304558287233401
389.05348750089877,516.9311805790229,0.0,6.401115148135606,0.9925921559333801,0.0,0.0,-0.12145106494426727,0.9961079955101013,0.0,0.0,-0.08814097195863724,-0.36633422671756666
388.5379475856288,514.9635288928038,0.0,6.4324559989057555,0.9928971529006958,0.0,0.0,-0.11893977224826813,0.9959526658058167,0.0,0.0,-0.08987965434789658,0.04146271162131643
388.0357683262943,512.9875359755929,0.0,6.464098294037865,0.9932202100753784,0.0,0.0,-0.11621855199337006,0.9958197474479675,0.0,0.0,-0.09133949875831604,-0.3679323224313096
387.5475277382521,511.0032320907061,0.0,6.495936024076089,0.9935586452484131,0.0,0.0,-0.11329476535320282,0.9957099556922913,0.0,0.0,-0.09252874553203583,0.039854745457769736
387.0738251177833,509.0106821915591,0.0,6.527863179564555,0.993910014629364,0.0,0.0,-0.11017484962940216,0.9956234097480774,0.0,0.0,-0.09345446527004242,-0.36954480503173714
386.6152798759264,507.00998583873417,0.0,6.559773751047427,0.9942717552185059,0.0,0.0,-0.10686437785625458,0.995556116104126,0.0,0.0,-0.09412283450365067,0.038243100433382304
386.17253026452556,505.00127709808794,0.0,6.591561729068854,0.9946417212486267,0.0,0.0,-0.10336825251579285,0.995514988899231,0.0,0.0,-0.09454157203435898,-0.37115025846716276
385.7462319914653,502.9847244192939,0.0,6.623121104172966,0.9950172305107117,0.0,0.0,-0.09969065338373184,0.9954982995986938,0.0,0.0,-0.09471659362316132,0.036649192599841285
385.33705672221845,500.96053049424825,0.0,6.654345866903932,0.9953961968421936,0.0,0.0,-0.09583503752946854,0.9955045580863953,0.0,0.0,-0.09465303272008896,-0.37272726668589845
384.94569046500663,498.92893209477023,0.0,6.685130007805878,0.9957761764526367,0.0,0.0,-0.0918043702840805,0.9955322742462158,0.0,0.0,-0.09435513615608215,0.035094438008833884
384.572831837087,496.8901998890518,0.0,6.715367517422964,0.9961549043655396,0.0,0.0,-0.0876014307141304,0.9955796599388123,0.0,0.0,-0.09382923692464828,-0.3742544136362562
384.2191902099244,494.84463823635446,0.0,6.744952386299341,0.9965299367904663,0.0,0.0,-0.08322827517986298,0.9956510663032532,0.0,0.0,-0.09307833015918732,0.03360025271204714
383.8854837312836,492.7925849594803,0.0,6.773778604979144,0.996898889541626,0.0,0.0,-0.07868698239326477,0.99574214220047,0.0,0.0,-0.09210731834173203,-0.3757102832665493
383.5724372225889,490.7344110945839,0.0,6.801740164006526,0.9972593784332275,0.0,0.0,-0.07397910952568054,0.9958518743515015,0.0,0.0,-0.09091944247484207,0.032188052761169206
383.28077995024574,488.67052061795926,0.0,6.828731053925645,0.99760901927948,0.0,0.0,-0.06910613924264908,0.995979368686676,0.0,0.0,-0.08951845020055771,-0.37707345952509064
383.01124326999997,486.60135014947537,0.0,6.854645265280629,0.9979451894760132,0.0,0.0,-0.06406912952661514,0.9961234331130981,0.0,0.0,-0.08790723234415054,0.03087925420788712
382.76455814382456,484.5273686324128,0.0,6.879376788615636,0.9982654452323914,0.0,0.0,-0.058869220316410065,0.996282696723938,0.0,0.0,-0.0860886424779892,-0.3783225263601919
382.541452529283,482.4490769895145,0.0,6.9028196144748195,0.9985671639442444,0.0,0.0,-0.05350757762789726,0.9964559674263,0.0,0.0,-0.08406531810760498,0.02969527310388792
382.34264864180363,480.36700775515715,0.0,6.924867733402313,0.9988477826118469,0.0,0.0,-0.04798533767461777,0.9966414570808411,0.0,0.0,-0.0818406343460083,-0.3794360677201663
382.1688600908236,478.2817246836191,0.0,6.945415135942271,0.9991044402122498,0.0,0.0,-0.04230458289384842,0.9968379139900208,0.0,0.0,-0.07941631227731705,0.02865752550085965
382.0207884493484,476.1938154933088,0.0,6.964378645820794,0.9993345141410828,0.0,0.0,-0.03646692633628845,0.9970436096191406,0.0,0.0,-0.07679511606693268,-0.3803938207443341
381.89911825663876,474.1038465071072,0.0,6.981825441790057,0.9995352029800415,0.0,0.0,-0.030475204810500145,0.997256875038147,0.0,0.0,-0.07397881150245667,0.027776374189280695
381.80451651817367,472.0123444440892,0.0,6.997883511543081,0.9997036457061768,0.0,0.0,-0.0243326798081398,0.997475802898407,0.0,0.0,-0.07097038626670837,-0.3812048343682241
381.7376341998178,469.9197964810553,0.0,7.0126810137717985,0.9998369216918945,0.0,0.0,-0.018043527379631996,0.9976984858512878,0.0,0.0,-0.06777101755142212,0.027029025591870703
381.69910786569557,467.8266503906281,0.0,7.0263461071681235,0.9999322891235352,0.0,0.0,-0.011612853035330772,0.9979227185249329,0.0,0.0,-0.06438728421926498,-0.38189499060036175
381.68956145489307,465.7333147047263,0.0,7.039006950423987,0.999987006187439,0.0,0.0,-0.005046741105616093,0.998147189617157,0.0,0.0,-0.060812972486019135,0.026389589063796792
381.70960819665737,463.6401589035729,0.0,7.050791702231315,0.9999985098838806,0.0,0.0,0.0016478565521538258,0.9983692765235901,0.0,0.0,-0.05705412104725838,-0.38249018008558033
381.75985266374715,461.5475136303543,0.0,7.061828521282026,0.9999639391899109,0.0,0.0,0.00846245139837265,0.998586893081665,0.0,0.0,-0.05311330035328865,0.025832173960225524
381.8408929636261,459.45567093164027,0.0,7.072245566268047,0.999881386756897,0.0,0.0,0.0153877604752779,0.9987977147102356,0.0,0.0,-0.04899110272526741,-0.38301629346871274
381.95332306727124,457.36488452366467,0.0,7.082170995881308,0.9997485876083374,0.0,0.0,0.022412961348891258,0.9989994168281555,0.0,0.0,-0.04469050467014313,0.025330889636323517
382.09773527549214,455.27537008456517,0.0,7.091732968813725,0.9995638132095337,0.0,0.0,0.02952631562948227,0.9991897344589233,0.0,0.0,-0.04021365940570831,-0.3834992213945924
382.27472282283287,453.187305572686,0.0,7.101059643757231,0.9993255734443665,0.0,0.0,0.03671490401029587,0.9993662238121033,0.0,0.0,-0.03556137904524803,0.024859845447257556
382.4848826193474,451.1008315710749,0.0,7.110279179403743,0.9990329742431641,0.0,0.0,0.04396441578865051,0.9995263814926147,0.0,0.0,-0.03073681890964508,-0.3839648545080526
382.72881813080414,449.0160516583254,0.0,7.1195197344451895,0.9986851811408997,0.0,0.0,0.05125942826271057,0.9996675252914429,0.0,0.0,-0.025742679834365845,0.024393150748194592
383.00714239819536,446.9330328059599,0.0,7.128909467573494,0.9982823729515076,0.0,0.0,0.05858347937464714,0.9997872114181519,0.0,0.0,-0.020580368116497993,-0.3844390834539266
383.3204811977864,444.85180580258486,0.0,7.138576537480583,0.9978247880935669,0.0,0.0,0.06591903418302536,0.9998827576637268,0.0,0.0,-0.01525490079075098,0.023904914894301188
383.6694651250043,442.772364290549,0.0,7.148649100370587,0.9973135590553284,0.0,0.0,0.073247529566288,0.9999513626098633,0.0,0.0,-0.009776439517736435,-0.38494779875140156
384.0542596327776,440.694614310027,0.0,7.1592257118739955,0.9967502355575562,0.0,0.0,0.08055070042610168,0.9999905824661255,0.0,0.0,-0.004160829819738865,0.02337074259614924
384.4743833052185,438.6183820704469,0.0,7.170301694918289,0.9961367845535278,0.0,0.0,0.0878116711974144,0.9999980926513672,0.0,0.0,0.0015755700878798962,-0.3855071918344467
384.9293097396336,436.5434965848889,0.0,7.1818498815145855,0.9954754710197449,0.0,0.0,0.09501566737890244,0.999971866607666,0.0,0.0,0.007417920511215925,0.022787500848861553
385.41851292478714,434.4697954120262,0.0,7.193843103674002,0.9947687983512878,0.0,0.0,0.10214884579181671,0.999910295009613,0.0,0.0,0.013352136127650738,-0.3861129101253263
385.9414661606434,432.3971245351198,0.0,7.206254193407647,0.9940195679664612,0.0,0.0,0.10919921100139618,0.9998120069503784,0.0,0.0,0.01936383545398712,0.022160678135041134
386.4976410127138,430.32533824361667,0.0,7.219055982726634,0.9932306408882141,0.0,0.0,0.11615566909313202,0.9996758699417114,0.0,0.0,0.02544010989367962,-0.38675946514143683
387.0865063010534,428.254299017355,0.0,7.2322213036420875,0.9924052953720093,0.0,0.0,0.12300845235586166,0.9995012283325195,0.0,0.0,0.03156823292374611,0.021495762937290996
387.7075271240185,426.1838774133598,0.0,7.245722988165109,0.991546630859375,0.0,0.0,0.12974894046783447,0.9992874264717102,0.0,0.0,0.03773609921336174,-0.38744136840017523
388.3601639169469,424.1139519552323,0.0,7.259533868306818,0.9906578063964844,0.0,0.0,0.13636937737464905,0.9990342855453491,0.0,0.0,0.04393153265118599,0.02079824373821476
389.04387154598055,422.04440902514096,0.0,7.273626776078333,0.9897422790527344,0.0,0.0,0.14286302030086517,0.9987416863441467,0.0,0.0,0.05014442652463913,-0.38815313141893865
389.75809843730394,419.9751427584163,0.0,7.287974543490762,0.9888032078742981,0.0,0.0,0.14922386407852173,0.9984099864959717,0.0,0.0,0.056363895535469055,0.02007360902041533
390.5022857421101,417.9060549407749,0.0,7.30255000255522,0.9878441095352173,0.0,0.0,0.15544646978378296,0.9980396032333374,0.0,0.0,0.06258010119199753,-0.3888892657151234
391.27586653766474,415.8370549081804,0.0,7.317325985282831,0.986868143081665,0.0,0.0,0.16152648627758026,0.9976313710212708,0.0,0.0,0.06878343969583511,0.019327347266495598
392.0782650648683,413.7680594493746,0.0,7.332275323684695,0.9858786463737488,0.0,0.0,0.16746005415916443,0.997186005115509,0.0,0.0,0.07496525347232819,-0.3896442828061267
392.908896002763,411.6989927110992,0.0,7.347370849771934,0.984878659248352,0.0,0.0,0.17324388027191162,0.9967044591903687,0.0,0.0,0.0811166763305664,0.018564946959059303
393.76716378046416,409.62978610604387,0.0,7.362585395555666,0.983871579170227,0.0,0.0,0.17887502908706665,0.9961881041526794,0.0,0.0,0.08723008632659912,-0.39041269420934543
394.6524619270275,407.56037822355717,0.0,7.377891793046993,0.982860267162323,0.0,0.0,0.18435123562812805,0.9956380724906921,0.0,0.0,0.09329833090305328,0.0177918965807094
395.5641724597974,405.49071474315144,0.0,7.39326287425704,0.9818476438522339,0.0,0.0,0.18967042863368988,0.9950560927391052,0.0,0.0,0.09931372851133347,-0.39118901144217605
396.50166531180184,403.4207483508507,0.0,7.408671471196918,0.9808366894721985,0.0,0.0,0.19483117759227753,0.9944436550140381,0.0,0.0,0.10526960343122482,0.017013684614048896
397.4642977987861,401.3504386584224,0.0,7.4240904158777425,0.9798301458358765,0.0,0.0,0.19983218610286713,0.9938024878501892,0.0,0.0,0.11116006225347519,-0.3919677460220157
398.4514141264984,399.27975212554,0.0,7.439492540310628,0.9788305163383484,0.0,0.0,0.20467258989810944,0.9931343793869019,0.0,0.0,0.1169789731502533,0.016235799541680918
399.4623449388538,397.2086619849252,0.0,7.454850676506681,0.9778403639793396,0.0,0.0,0.2093515694141388,0.9924411177635193,0.0,0.0,0.12272157520055771,-0.39274340946626074
400.4964069076171,395.1371481705228,0.0,7.470137656477027,0.9768623113632202,0.0,0.0,0.21386879682540894,0.9917247891426086,0.0,0.0,0.1283819079399109,0.015463729846208918
401.552902364257,393.0651972487597,0.0,7.485326312232778,0.9758987426757812,0.0,0.0,0.21822358667850494,0.9909873008728027,0.0,0.0,0.1339556872844696,-0.39351051329230885
402.6311189746274,390.99280235294225,0.0,7.500389475785042,0.9749519228935242,0.0,0.0,0.22241532802581787,0.9902308583259583,0.0,0.0,0.13943776488304138,0.014702964010236075
403.73032945713584,388.91996312084825,0.0,7.515299979144936,0.9740243554115295,0.0,0.0,0.2264428734779358,0.9894572496414185,0.0,0.0,0.14482513070106506,-0.3942635690175561
404.84979134506074,386.8466856355707,0.0,7.530030654323581,0.9731183648109436,0.0,0.0,0.23030482232570648,0.9886687994003296,0.0,0.0,0.1501130312681198,0.013958990516365177
405.98874679367043,384.7729823696686,0.0,7.54455433333208,0.9722365736961365,0.0,0.0,0.23399952054023743,0.987867534160614,0.0,0.0,0.15529869496822357,-0.3949970881593995
407.14642243279286,382.6988721326857,0.0,7.5588438481815565,0.971381425857544,0.0,0.0,0.23752428591251373,0.9870555996894836,0.0,0.0,0.16037827730178833,0.01323729784719968
408.3220292654721,380.6243800220933,0.0,7.572872030883122,0.9705557823181152,0.0,0.0,0.2408759891986847,0.9862350225448608,0.0,0.0,0.16534914076328278,-0.3957055822352361
409.51476261333573,378.54953737771285,0.0,7.58661171344789,0.96976238489151,0.0,0.0,0.2440505474805832,0.9854079484939575,0.0,0.0,0.17020834982395172,0.012543374485342706
410.72380210927366,376.4743817396803,0.0,7.600035727886971,0.9690043330192566,0.0,0.0,0.2470431923866272,0.9845765829086304,0.0,0.0,0.17495319247245789,-0.39638356276246245
411.9483117380137,374.39895681000144,0.0,7.6131169062114905,0.9682848453521729,0.0,0.0,0.2498483806848526,0.9837430119514465,0.0,0.0,0.17958109080791473,0.011882708913397266
413.18743992514214,372.32331241776643,0.0,7.625828080432549,0.9676072597503662,0.0,0.0,0.25245949625968933,0.9829093217849731,0.0,0.0,0.18409009277820587,-0.3970255412584755
414.4403196751077,370.24750448805946,0.0,7.638142082561269,0.9669753909111023,0.0,0.0,0.2548690140247345,0.9820772409439087,0.0,0.0,0.18847817182540894,0.011260789613966982
415.7060687586906,368.17159501463294,0.0,7.650031744608769,0.9663931131362915,0.0,0.0,0.2570682466030121,0.9812490344047546,0.0,0.0,0.19274362921714783,-0.3976260292406725
416.9837899503986,366.095652036389,0.0,7.661469898586149,0.9658644199371338,0.0,0.0,0.2590474784374237,0.9804266691207886,0.0,0.0,0.1968844085931778,0.010683105069654864
418.2725713162053,364.01974961771515,0.0,7.672429376504538,0.9653937816619873,0.0,0.0,0.26079583168029785,0.979611873626709,0.0,0.0,0.20089897513389587,-0.3981795382264497
419.5714865520024,361.94396783272504,0.0,7.6828830103750425,0.9649858474731445,0.0,0.0,0.26230114698410034,0.9788066744804382,0.0,0.0,0.20478582382202148,0.010155143763063701
420.87959537308654,359.8683927534441,0.0,7.692803632208779,0.9646382927894592,0.0,0.0,0.26354777812957764,0.9780128002166748,0.0,0.0,0.20854371786117554,-0.39868057973320403
422.195943954955,357.7931164419818,0.0,7.702164074016859,0.9643670320510864,0.0,0.0,0.264523983001709,0.9772330522537231,0.0,0.0,0.21216817200183868,0.00968239417679706
423.5195150933588,355.7182260189655,0.0,7.710931304875283,0.9641764760017395,0.0,0.0,0.2652131915092468,0.976470947265625,0.0,0.0,0.21564802527427673,-0.39912336917049823
424.8484736786957,353.6436333386078,0.0,7.71900472627838,0.9640709161758423,0.0,0.0,0.2655986547470093,0.9757318496704102,0.0,0.0,0.21896788477897644,0.009274645621085154
426.1803081914222,351.56912414937557,0.0,7.726240425810565,0.9640538692474365,0.0,0.0,0.26566508412361145,0.9750204086303711,0.0,0.0,0.2221141904592514,-0.39948880854081065
427.51244994601984,349.4945149909152,0.0,7.732493781548925,0.9641282558441162,0.0,0.0,0.26539793610572815,0.974341630935669,0.0,0.0,0.22507315874099731,0.008958819573693266
428.8422941694701,347.4196581799901,0.0,7.73762017157054,0.9642963409423828,0.0,0.0,0.26478344202041626,0.973700225353241,0.0,0.0,0.22783175110816956,-0.39974771712776086
430.1672036757015,345.3444423391547,0.0,7.741474973952503,0.9645598530769348,0.0,0.0,0.26380860805511475,0.9731012582778931,0.0,0.0,0.23037703335285187,0.008764132584705153
431.4845132299052,343.26879305539956,0.0,7.743913566771898,0.9649295806884766,0.0,0.0,0.26246339082717896,0.9725489616394043,0.0,0.0,0.2326972782611847,-0.3998708783812656
432.79153460038356,341.19267366853046,0.0,7.744791328105806,0.9654004573822021,0.0,0.0,0.2607344388961792,0.9720480442047119,0.0,0.0,0.23478089272975922,0.008719801204204736
434.0855622933365,339.11608618861413,0.0,7.7439636360313155,0.9659734964370728,0.0,0.0,0.25861024856567383,0.9716027975082397,0.0,0.0,0.23661641776561737,-0.3998290757512408
435.3638799634561,337.0390723413786,0.0,7.741285868625517,0.9666489362716675,0.0,0.0,0.25607994198799133,0.9712175726890564,0.0,0.0,0.2381931096315384,0.00885504198227538
436.62376749040124,334.96171473994974,0.0,7.736613403965492,0.9674261212348938,0.0,0.0,0.253132700920105,0.9708961844444275,0.0,0.0,0.23949965834617615,-0.39959309268760324
437.8625087081735,332.88413818074997,0.0,7.729801620128327,0.9683037400245667,0.0,0.0,0.2497580498456955,0.9706425070762634,0.0,0.0,0.2405255287885666,0.009199071469000897
439.0773997711116,330.8065110607791,0.0,7.720705895191106,0.9692800045013428,0.0,0.0,0.24594581127166748,0.9704601168632507,0.0,0.0,0.24126021564006805,-0.39913371264026887
440.26575813665994,328.7290469128647,0.0,7.709181607230919,0.9703516364097595,0.0,0.0,0.24168601632118225,0.9703505039215088,0.0,0.0,0.24169284105300903,0.009781106214464874
441.42493214128524,326.65200605475746,0.0,7.695084134324846,0.9715147614479065,0.0,0.0,0.23696938157081604,0.9703201651573181,0.0,0.0,0.2418144792318344,-0.3984217190591541
442.5523111418869,324.5756973472237,0.0,7.678268854549984,0.9727645516395569,0.0,0.0,0.23178750276565552,0.9703695774078369,0.0,0.0,0.24161472916603088,0.010630362768750845
443.64533619080726,322.50048005550497,0.0,7.658591145983408,0.974094808101654,0.0,0.0,0.2261333465576172,0.9704989790916443,0.0,0.0,0.24108314514160156,-0.39742789539417545
444.7015186926958,320.42675084615445,0.0,7.635961413280664,0.9754982590675354,0.0,0.0,0.22000154852867126,0.9707155823707581,0.0,0.0,0.24021178483963013,0.0117732785618187
445.71848875035226,318.35486658623256,0.0,7.6105800921334765,0.9769662618637085,0.0,0.0,0.21338903903961182,0.9710174798965454,0.0,0.0,0.2389906495809555,-0.39614601048775183
446.6940102254485,316.2851191344079,0.0,7.5827428296400035,0.9784889221191406,0.0,0.0,0.20629499852657318,0.9714054465293884,0.0,0.0,0.23741017282009125,0.013179200909973876
447.6259801716874,314.217735560834,0.0,7.552745329149404,0.9800550937652588,0.0,0.0,0.19872207939624786,0.9718798995018005,0.0,0.0,0.23546211421489716,-0.3946309852104488
448.5124268237839,312.1528781098792,0.0,7.520883294010873,0.9816523790359497,0.0,0.0,0.1906757354736328,0.9724404811859131,0.0,0.0,0.23313771188259125,0.014788394603839072
449.35150618876384,310.0906438970641,0.0,7.487452427573571,0.9832673668861389,0.0,0.0,0.1821652203798294,0.9730861186981201,0.0,0.0,0.23042933642864227,-0.39294255761260527
450.14149728226346,308.0310643476773,0.0,7.452748433186663,0.984885573387146,0.0,0.0,0.17320360243320465,0.9738152623176575,0.0,0.0,0.22732919454574585,0.016541121593076857
450.88079605564434,305.97410438523883,0.0,7.4170670141993424,0.9864917993545532,0.0,0.0,0.1638079285621643,0.9746255278587341,0.0,0.0,0.22383083403110504,-0.3911404657445588
451.56790806172665,303.9196613784183,0.0,7.38070387396077,0.9880704879760742,0.0,0.0,0.15399949252605438,0.9755138158798218,0.0,0.0,0.21992826461791992,0.01837764382734819
452.2014399077459,301.86756385527525,0.0,7.343954715820112,0.9896058440208435,0.0,0.0,0.14380362629890442,0.9764763116836548,0.0,0.0,0.21561545133590698,-0.38928444765664677
452.78008954384086,299.81756999370936,0.0,7.307115243126558,0.9910821318626404,0.0,0.0,0.13324981927871704,0.9775083661079407,0.0,0.0,0.21088790893554688,0.02023822325631558
453.3026354339415,297.7693658968335,0.0,7.270481159229263,0.9924840331077576,0.0,0.0,0.12237139791250229,0.9786046147346497,0.0,0.0,0.20574171841144562,-0.3874342413992076
453.76792465343055,295.72256366158945,0.0,7.234348167477422,0.9937971234321594,0.0,0.0,0.1112053319811821,0.9797586798667908,0.0,0.0,0.2001745104789734,0.022063121829640875
454.1748599543724,293.6766992483579,0.0,7.199011971220194,0.995008111000061,0.0,0.0,0.0997920110821724,0.9809633493423462,0.0,0.0,0.1941853165626526,-0.3856495850225799
454.52238583450924,291.6312301585183,0.0,7.164768273806742,0.9961049556732178,0.0,0.0,0.08817362785339355,0.9822108745574951,0.0,0.0,0.18777398765087128,0.023792601496986865
454.8094736406123,289.5855329259622,0.0,7.131912778586265,0.997077465057373,0.0,0.0,0.07639595121145248,0.9834920167922974,0.0,0.0,0.18094491958618164,-0.3839902165771012
455.03511071768537,287.5389026852563,0.0,7.1007411048234275,0.9979171752929688,0.0,0.0,0.0645061582326889,0.9847941994667053,0.0,0.0,0.17371882498264313,0.025366928454705895
455.19912500408947,285.490948218571,0.0,7.071477564209232,0.9986181259155273,0.0,0.0,0.05255052447319031,0.9861026406288147,0.0,0.0,0.1661314219236374,-0.38251225998042465
455.30309085070127,283.44206094635473,0.0,7.044145375323879,0.9991765022277832,0.0,0.0,0.0405702069401741,0.9874030947685242,0.0,0.0,0.1582186222076416,0.02674734203477419
455.3487236332378,281.3927081640873,0.0,7.018732562690756,0.9995906949043274,0.0,0.0,0.028601806610822678,0.9886828660964966,0.0,0.0,0.15001420676708221,-0.3812287845949134
455.33765097234897,279.3433316845251,0.0,6.995227150833251,0.9998607635498047,0.0,0.0,0.016676826402544975,0.9899301528930664,0.0,0.0,0.14155037701129913,0.02793448404777954
455.2714167114526,277.2943506431513,0.0,6.97361716427477,0.9999882578849792,0.0,0.0,0.0048225438222289085,0.9911343455314636,0.0,0.0,0.13285720348358154,-0.38013737113236384
455.1514847662892,275.2461642238243,0.0,6.9538906275387,0.999975860118866,0.0,0.0,-0.0069376337341964245,0.992285966873169,0.0,0.0,0.12396369874477386,0.02893077378192449
454.9792428531581,273.1991543102222,0.0,6.93603556514844,0.9998272061347961,0.0,0.0,-0.01858385279774666,0.9933767914772034,0.0,0.0,0.11489638686180115,-0.37923560030457293
454.75600610258493,271.15368806849716,0.0,6.920040001627388,0.9995468258857727,0.0,0.0,-0.03009975329041481,0.9943995475769043,0.0,0.0,0.10568012297153473,0.029738630525411924
454.48302056498335,269.11012046637615,0.0,6.905891961498939,0.9991396069526672,0.0,0.0,-0.04147140681743622,0.9953480958938599,0.0,0.0,0.09633814543485641,-0.3785210528233381
454.1614666146805,267.06879673378876,0.0,6.893579469286479,0.9986109733581543,0.0,0.0,-0.05268778279423714,0.9962172508239746,0.0,0.0,0.08689205348491669,0.030360473566445223
453.7924622585054,265.0300547699394,0.0,6.883090549513417,0.997966468334198,0.0,0.0,-0.06374005973339081,0.9970026016235352,0.0,0.0,0.07736165076494217,-0.37799130940045617
453.3770663549574,262.99422750158885,0.0,6.8744132267031395,0.9972118139266968,0.0,0.0,-0.07462199032306671,0.9977008700370789,0.0,0.0,0.06776529550552368,0.030798722193226935
452.91628174981486,260.9616451971698,0.0,6.867535525379043,0.9963527917861938,0.0,0.0,-0.08532872796058655,0.9983091354370117,0.0,0.0,0.05812091752886772,-0.37764395074772406
452.41105833388536,258.9326377412188,0.0,6.862445470064526,0.9953949451446533,0.0,0.0,-0.09585754573345184,0.9988255500793457,0.0,0.0,0.048443567007780075,0.03105579569396011
451.8622960284448,256.9075368734772,0.0,6.85913108528298,0.9943439960479736,0.0,0.0,-0.1062067449092865,0.9992486834526062,0.0,0.0,0.03874802961945534,-0.37747655757693893
451.27084770376945,254.8866783968851,0.0,6.857580395557804,0.9932051301002502,0.0,0.0,-0.11637631058692932,0.9995777606964111,0.0,0.0,0.02904633618891239,0.031134113356847848
450.6375220360276,252.87040435857153,0.0,6.857781425412392,0.9919834733009338,0.0,0.0,-0.12636741995811462,0.9998124837875366,0.0,0.0,0.01935182325541973,-0.3774867105998979
449.9630863114063,250.85906521865033,0.0,6.859722162394636,0.9906837344169617,0.0,0.0,-0.13618196547031403,0.9999529123306274,0.0,0.0,0.009674148634076118,0.031036096337542562
449.2482718665533,248.85302932418378,0.0,6.8633654537937385,0.989310622215271,0.0,0.0,-0.14582300186157227,0.9999997019767761,0.0,0.0,2.322159707546234e-05,-0.3776707152160142
448.4937852552661,246.8527049035104,0.0,6.86860529745956,0.9878681898117065,0.0,0.0,-0.15529374778270721,0.9999538064002991,0.0,0.0,-0.009592379443347454,0.030771457768561716
447.700314839317,244.85854494119485,0.0,6.875324010968491,0.9863605499267578,0.0,0.0,-0.16459797322750092,0.9998161196708679,0.0,0.0,-0.019165266305208206,-0.3780100441811118
446.868536089105,242.8710484037791,0.0,6.883403911896923,0.9847914576530457,0.0,0.0,-0.1737394481897354,0.9995882511138916,0.0,0.0,-0.028688697144389153,0.030363381964095493
445.9991166440744,240.8907612551749,0.0,6.892727317821245,0.9831644296646118,0.0,0.0,-0.18272188305854797,0.9992716908454895,0.0,0.0,-0.038157153874635696,-0.3784809232681987
445.092721138192,238.91827726142233,0.0,6.903176546317856,0.9814829230308533,0.0,0.0,-0.19154880940914154,0.9988680481910706,0.0,0.0,-0.04756537824869156,0.029835643151135294
444.15001579453696,236.95423858384473,0.0,6.9146339149631375,0.9797500967979431,0.0,0.0,-0.20022350549697876,0.9983792304992676,0.0,0.0,-0.05690982937812805,-0.37905957825028364
443.17167279190306,234.9993361590338,0.0,6.926981741333484,0.9779691100120544,0.0,0.0,-0.20874862372875214,0.9978071451187134,0.0,0.0,-0.06618595123291016,0.029212015556673354
442.1583744052283,233.054309863544,0.0,6.940102343005293,0.9761433601379395,0.0,0.0,-0.21712616086006165,0.9971537590026855,0.0,0.0,-0.07539214193820953,-0.379722234900375
441.1108169206922,231.1199484607356,0.0,6.953878037554946,0.974276065826416,0.0,0.0,-0.2253570854663849,0.9964211583137512,0.0,0.0,-0.0845252051949501,0.028516273407700965
440.02971432540323,229.19708932681255,0.0,6.968191142558841,0.9723705649375916,0.0,0.0,-0.23344185948371887,0.9956111907958984,0.0,0.0,-0.09358406811952591,-0.3804451189914808
438.915801770791,227.28661795280217,0.0,6.982923975593371,0.9704306721687317,0.0,0.0,-0.24137942492961884,0.9947259426116943,0.0,0.0,-0.10256720334291458,0.027772190931209584
437.7698388080767,225.38946721900058,0.0,6.997958854234915,0.968460202217102,0.0,0.0,-0.24916765093803406,0.9937671422958374,0.0,0.0,-0.11147485673427582,-0.3812044562966093
436.5926123935498,223.50661643824859,0.0,7.01317809605988,0.966463565826416,0.0,0.0,-0.25680315494537354,0.9927366971969604,0.0,0.0,-0.12030668556690216,0.027003542354191168
435.3849396608191,221.63909016434724,0.0,7.02846401864465,0.9644455909729004,0.0,0.0,-0.26428109407424927,0.9916362762451172,0.0,0.0,-0.12906336784362793,-0.38197647258876943
434.1476704567272,219.78795676191464,0.0,7.043698939565615,0.9624114036560059,0.0,0.0,-0.2715950608253479,0.9904675483703613,0.0,0.0,-0.1377456784248352,0.026234101903637397
432.8816896372416,217.9543267340954,0.0,7.0587651763991675,0.9603672623634338,0.0,0.0,-0.27873724699020386,0.9892320036888123,0.0,0.0,-0.14635497331619263,-0.3827373936409691
431.5879191193291,216.13935080468494,0.0,7.073545046721701,0.9583196640014648,0.0,0.0,-0.2856978476047516,0.9879316091537476,0.0,0.0,-0.15489043295383453,0.025487643806539728
430.26731968462207,214.3441665161201,0.0,7.087920868109602,0.9562758803367615,0.0,0.0,-0.2924656271934509,0.9865688681602478,0.0,0.0,-0.16334567964076996,-0.3834634452262166
428.92088788000206,212.568956232462,0.0,7.101799283839363,0.9542438983917236,0.0,0.0,-0.2990289330482483,0.9851475954055786,0.0,0.0,-0.17170941829681396,0.024786713719178066
427.54963618423267,210.81300378950297,0.0,7.115193792431097,0.9522314071655273,0.0,0.0,-0.3053770661354065,0.9836718440055847,0.0,0.0,-0.17997120320796967,-0.38413993555913245
426.15458638023836,209.0755339966053,0.0,7.128147224206348,0.9502459764480591,0.0,0.0,-0.31150034070014954,0.9821459650993347,0.0,0.0,-0.18812046945095062,0.024132499993155254
424.7367683235424,207.35574523801165,0.0,7.1407024102990295,0.9482951164245605,0.0,0.0,-0.31738993525505066,0.9805742502212524,0.0,0.0,-0.19614796340465546,-0.3847740358668436
423.2972187955584,205.65281060520863,0.0,7.1529021818430385,0.9463859796524048,0.0,0.0,-0.3230378031730652,0.9789618253707886,0.0,0.0,-0.2040434032678604,0.023516349915174983
421.83698044324296,203.9658789473337,0.0,7.164789369972285,0.9445257782936096,0.0,0.0,-0.3284371495246887,0.9773135781288147,0.0,0.0,-0.21179723739624023,-0.3853743989036742
420.35710080665973,202.29407583814552,0.0,7.17640680582068,0.9427209496498108,0.0,0.0,-0.33358219265937805,0.975634753704071,0.0,0.0,-0.21940091252326965,0.022929610730912597
418.85863143588864,200.6365044581642,0.0,7.187797320522121,0.9409777522087097,0.0,0.0,-0.338468462228775,0.9739306569099426,0.0,0.0,-0.2268456220626831,-0.385949677423949
417.3426270986399,198.9922463906934,0.0,7.1990037452105184,0.9393016695976257,0.0,0.0,-0.3430923521518707,0.9722068905830383,0.0,0.0,-0.23412305116653442,0.02236362968604405
415.81014507983576,197.36036233049907,0.0,7.210068911019782,0.9376978278160095,0.0,0.0,-0.34745168685913086,0.9704689383506775,0.0,0.0,-0.24122567474842072,-0.38650852418199266
414.2622445743649,195.73989270399645,0.0,7.2210356490838095,0.9361706972122192,0.0,0.0,-0.3515456020832062,0.9687226414680481,0.0,0.0,-0.24814563989639282,0.021809754026244743
412.69998617415524,194.12985819984834,0.0,7.231946790536512,0.9347240924835205,0.0,0.0,-0.3553743064403534,0.9669736623764038,0.0,0.0,-0.25487589836120605,-0.3870595919321292
411.1244314506654,192.52926020892284,0.0,7.242845166511796,0.9333608746528625,0.0,0.0,-0.35893940925598145,0.9652277827262878,0.0,0.0,-0.2614096701145172,0.021259330997189962
409.536642633862,190.93708117258907,0.0,7.253773608143566,0.9320833683013916,0.0,0.0,-0.36224377155303955,0.9634908437728882,0.0,0.0,-0.2677406668663025,-0.38761153342868315
407.9376823887333,189.35228483835553,0.0,7.26477494656573,0.9308931231498718,0.0,0.0,-0.3652915060520172,0.9617685079574585,0.0,0.0,-0.27386274933815,0.020703707844555386
406.32861369037823,187.77381642186046,0.0,7.275892012912191,0.9297908544540405,0.0,0.0,-0.3680880665779114,0.9600667357444763,0.0,0.0,-0.27977028489112854,-0.38817300142597916
404.7104997987158,186.20060267422352,0.0,7.287167638316857,0.9287763833999634,0.0,0.0,-0.37064027786254883,0.9583910703659058,0.0,0.0,-0.2854577302932739,0.020134231814016634
403.08440433387284,184.63155185375024,0.0,7.298644653913631,0.9278488159179688,0.0,0.0,-0.372956246137619,0.9567470550537109,0.0,0.0,-0.2909202575683594,-0.3887526486783414
401.4513914533475,183.06555360096453,0.0,7.310365890836428,0.9270062446594238,0.0,0.0,-0.37504538893699646,0.9551405310630798,0.0,0.0,-0.2961522042751312,0.019542250151249163
399.81252613207323,181.50147871589195,0.0,7.3223741802191435,0.9262461066246033,0.0,0.0,-0.37691858410835266,0.9535767436027527,0.0,0.0,-0.3011494278907776,-0.38935912794009475
398.16887454657535,179.93817883647836,0.0,7.334712353195687,0.9255650043487549,0.0,0.0,-0.37858808040618896,0.9520609974861145,0.0,0.0,-0.30590781569480896,0.01891911010192876
396.5215045644738,178.3744860169606,0.0,7.3474232408999685,0.9249585866928101,0.0,0.0,-0.3800673484802246,0.9505982398986816,0.0,0.0,-0.31042352318763733,-0.39000109196556354
394.8714863255963,176.80921223428481,0.0,7.360549637123872,0.9244134426116943,0.0,0.0,-0.381367951631546,0.9491912126541138,0.0,0.0,-0.31469935178756714,0.018256160797691268
393.2196747206011,175.24135491552622,0.0,7.3741181243149105,0.923934817314148,0.0,0.0,-0.382510244846344,0.9478402137756348,0.0,0.0,-0.3187454640865326,-0.39068636909642407
391.5661716353979,173.67060557476813,0.0,7.388113802948443,0.9235167503356934,0.0,0.0,-0.383508563041687,0.9465444087982178,0.0,0.0,-0.32257309556007385,0.01754930834145224
389.9109205601257,172.09680921183875,0.0,7.402515232762553,0.9231538772583008,0.0,0.0,-0.38437584042549133,0.9453029632568359,0.0,0.0,-0.32619330286979675,-0.3914137140365307
388.2538704161796,170.51981457974608,0.0,7.4173009734953315,0.9228411912918091,0.0,0.0,-0.38512367010116577,0.9441151022911072,0.0,0.0,-0.329615980386734,0.016802553758988703
386.59497555119697,168.93947414485746,0.0,7.432449584884871,0.9225743412971497,0.0,0.0,-0.38576245307922363,0.942979633808136,0.0,0.0,-0.3328505754470825,-0.3921787954198408
384.9341957329873,167.35564404968449,0.0,7.447939626669254,0.9223494529724121,0.0,0.0,-0.38630157709121704,0.9418954253196716,0.0,0.0,-0.3359065055847168,0.016020228416343152
383.2714961423685,165.76818407828662,0.0,7.463749658586571,0.9221629500389099,0.0,0.0,-0.3867493271827698,0.9408614635467529,0.0,0.0,-0.3387918770313263,-0.3929772818803114
381.6068473649092,164.17695762434343,0.0,7.479858240374907,0.9220116138458252,0.0,0.0,-0.3871133327484131,0.93987637758255,0.0,0.0,-0.3415149748325348,0.01520666367955853
379.9402253815417,162.58183166191606,0.0,7.496243931772349,0.9218926429748535,0.0,0.0,-0.387400358915329,0.9389391541481018,0.0,0.0,-0.34408333897590637,-0.39380484205189936
378.2716115580335,160.98267671894257,0.0,7.512885292516994,0.9218032956123352,0.0,0.0,-0.3876166343688965,0.9380483627319336,0.0,0.0,-0.34650447964668274,0.014366190914677446
376.60099263329744,159.37936685351121,0.0,7.529760882346917,0.9217413663864136,0.0,0.0,-0.38776761293411255,0.9372029304504395,0.0,0.0,-0.34878474473953247,-0.3946571445685621
374.9283607065151,157.77177963294343,0.0,7.546849261000218,0.9217047691345215,0.0,0.0,-0.38785815238952637,0.9364013075828552,0.0,0.0,-0.3509312570095062,0.013503141487743064
373.25371322305494,156.1597961157393,0.0,7.564128988214977,0.9216916561126709,0.0,0.0,-0.3878926932811737,0.935642421245575,0.0,0.0,-0.3529496490955353,-0.39552985806425706
371.5770529591615,154.54330083642594,0.0,7.581578623729285,0.9217002987861633,0.0,0.0,-0.38787519931793213,0.9349249005317688,0.0,0.0,-0.3548457622528076,0.012621846764798272
369.8983880053987,152.92218179336018,0.0,7.59917672728123,0.9217291474342346,0.0,0.0,-0.38780921697616577,0.9342473745346069,0.0,0.0,-0.3566257357597351,-0.39641865117294117
368.2177317488201,151.29633043953146,0.0,7.616901858608902,0.9217768907546997,0.0,0.0,-0.38769808411598206,0.9336087107658386,0.0,0.0,-0.35829442739486694,0.011726638111885568
366.53510285384726,149.66564167641462,0.0,7.634732577450384,0.9218422770500183,0.0,0.0,-0.38754457235336304,0.9330078959465027,0.0,0.0,-0.3598560094833374,-0.3973191925285716
364.8505252418339,148.0300138509262,0.0,7.652647443543763,0.9219241738319397,0.0,0.0,-0.38735124468803406,0.9324435591697693,0.0,0.0,-0.3613157868385315,0.010821846895048282
363.1640280692935,146.3893487555326,0.0,7.670625016627135,0.9220216274261475,0.0,0.0,-0.38712048530578613,0.9319144487380981,0.0,0.0,-0.36267828941345215,-0.39822715076510556
361.4756457047734,144.74355163156872,0.0,7.68864385643858,0.9221336841583252,0.0,0.0,-0.3868542015552521,0.9314194917678833,0.0,0.0,-0.3639473021030426,0.0099118044803288
359.7854177043436,143.0925311758088,0.0,7.706682522716192,0.9222595691680908,0.0,0.0,-0.3865543603897095,0.9309573769569397,0.0,0.0,-0.3651276230812073,-0.39913819451650007
358.0933887856926,141.43619955035737,0.0,7.724719575198061,0.9223986268043518,0.0,0.0,-0.3862225115299225,0.9305274486541748,0.0,0.0,-0.36622190475463867,0.009000842233769735
356.3996088008021,139.7744723959036,0.0,7.742733573622262,0.9225502014160156,0.0,0.0,-0.3858602046966553,0.9301285743713379,0.0,0.0,-0.36723390221595764,-0.40004799241671224
354.7041327071794,138.10726884839409,0.0,7.760703077726891,0.922713577747345,0.0,0.0,-0.38546884059906006,0.9297595024108887,0.0,0.0,-0.3681672215461731,0.008093291521414747
353.00702053763183,136.4345115591804,0.0,7.778606647250044,0.9228883385658264,0.0,0.0,-0.3850495517253876,0.9294192790985107,0.0,0.0,-0.3690250515937805,-0.40095221309969975
351.30833736856465,134.75612671869303,0.0,7.796422841929794,0.923073947429657,0.0,0.0,-0.3846033811569214,0.9291070699691772,0.0,0.0,-0.3698106110095978,0.007193483709306114
349.60815328677995,133.07204408369182,0.0,7.814130221504237,0.9232699871063232,0.0,0.0,-0.3841313123703003,0.9288219213485718,0.0,0.0,-0.3705262243747711,-0.40184652519941905
347.9065433547625,131.38219700814687,0.0,7.831707345711464,0.9234760999679565,0.0,0.0,-0.38363412022590637,0.9285586476325989,0.0,0.0,-0.37117302417755127,0.0063057501634865565
346.2035875744371,129.68652247780045,0.0,7.849132774289556,0.9236918687820435,0.0,0.0,-0.38311266899108887,0.9283217191696167,0.0,0.0,-0.3717556893825531,-0.4027265973498278
344.49937084937534,127.98496114845561,0.0,7.8663850669766076,0.9239170551300049,0.0,0.0,-0.38256755471229553,0.9281101822853088,0.0,0.0,-0.37227651476860046,0.005434422249999127
342.79398294544393,126.27745738804204,0.0,7.883442783510698,0.9241512417793274,0.0,0.0,-0.38199949264526367,0.9279230237007141,0.0,0.0,-0.3727380037307739,-0.40358809818488284
341.0875184498776,124.56395932250594,0.0,7.900284483629919,0.9243942499160767,0.0,0.0,-0.3814089298248291,0.9277593493461609,0.0,0.0,-0.3731420636177063,0.004583831334886934
339.3800767287652,122.84441888556618,0.0,7.916888727072367,0.9246457815170288,0.0,0.0,-0.3807963728904724,0.9276183843612671,0.0,0.0,-0.373490571975708,-0.40442669633854184
337.67176188293274,121.11879187237813,0.0,7.933234073576119,0.9249056577682495,0.0,0.0,-0.38016220927238464,0.9274992346763611,0.0,0.0,-0.37378570437431335,0.003758308784192421
335.9626827022246,119.38703799714943,0.0,7.949299082879265,0.9251736402511597,0.0,0.0,-0.3795069456100464,0.9274012446403503,0.0,0.0,-0.3740290105342865,-0.40523806044476135
334.25295261815745,117.64912095473818,0.0,7.965062314719898,0.9254496097564697,0.0,0.0,-0.3788309097290039,0.927323579788208,0.0,0.0,-0.3742222785949707,0.0029621859639584747
332.5426896549579,115.90500848627642,0.0,7.980502328836101,0.9257333278656006,0.0,0.0,-0.3781343400478363,0.9272657036781311,0.0,0.0,-0.3743669092655182,-0.4060178591374989
330.8320163789618,114.15467244884218,0.0,7.995597684965963,0.9260246157646179,0.0,0.0,-0.37741756439208984,0.927226722240448,0.0,0.0,-0.3744649291038513,0.002199794240228037
329.12105984638305,112.39808888921726,0.0,8.010326942847577,0.9263232946395874,0.0,0.0,-0.37668082118034363,0.9272062182426453,0.0,0.0,-0.3745174705982208,-0.4067617610507117
327.4099512560625,110.63523781896444,0.0,8.024670039278519,0.9266293048858643,0.0,0.0,-0.375924289226532,0.9272034168243408,0.0,0.0,-0.37452614307403564,0.001475395430584503
325.69882102660415,108.86609824955707,0.0,8.038629809051612,0.9269424676895142,0.0,0.0,-0.375148206949234,0.9272177815437317,0.0,0.0,-0.3744920492172241,-0.40746679992814067
323.9877947767815,107.09064406100086,0.0,8.052227965622256,0.9272626638412476,0.0,0.0,-0.37435275316238403,0.9272487759590149,0.0,0.0,-0.37441664934158325,0.0007886198462085936
322.27699323039775,105.30884387159419,0.0,8.065486786238951,0.9275897741317749,0.0,0.0,-0.373538076877594,0.927295982837677,0.0,0.0,-0.3743007779121399,-0.4081364373330243
320.56653224318654,103.52066102761106,0.0,8.07842854815021,0.9279236197471619,0.0,0.0,-0.3727043569087982,0.927358865737915,0.0,0.0,-0.37414562702178955,0.0001349955072560971
318.856522831226,101.72605358932914,0.0,8.091075528604547,0.9282641410827637,0.0,0.0,-0.37185174226760864,0.9274367690086365,0.0,0.0,-0.3739527463912964,-0.4087751737196069
317.1470712008798,99.92497431337176,0.0,8.103450004850462,0.9286112785339355,0.0,0.0,-0.3709802031517029,0.9275293946266174,0.0,0.0,-0.3737226724624634,-0.0004899780405173693
315.4382787802732,98.1173706313276,0.0,8.11557425413647,0.9289648532867432,0.0,0.0,-0.3700900673866272,0.9276362657546997,0.0,0.0,-0.37345653772354126,-0.4093875095421326
313.73024225230847,96.30318462461115,0.0,8.127470553711088,0.9293248057365417,0.0,0.0,-0.3691813349723816,0.9277569055557251,0.0,0.0,-0.3731553554534912,-0.0010908012513566878
312.02305358922723,94.48235299552745,0.0,8.139161180822812,0.9296910762786865,0.0,0.0,-0.36825400590896606,0.9278910756111145,0.0,0.0,-0.37281981110572815,-0.40997794525484593
310.3168000887318,92.65480703451573,0.0,8.15066841272016,0.9300635457038879,0.0,0.0,-0.36730822920799255,0.9280382394790649,0.0,0.0,-0.3724508583545685,-0.0016719745795055752
308.61156441166537,90.8204725835291,0.0,8.162014526651646,0.9304420948028564,0.0,0.0,-0.366344153881073,0.9281980991363525,0.0,0.0,-0.37204912304878235,-0.4105509813119917
306.90742462126946,88.97926999553046,0.0,8.17322179986577,0.9308266639709473,0.0,0.0,-0.36536169052124023,0.9283703565597534,0.0,0.0,-0.37161529064178467,-0.002237998479208747
305.20445422401565,87.1311140900605,0.0,8.184312509611049,0.9312171339988708,0.0,0.0,-0.3643610179424286,0.9285544753074646,0.0,0.0,-0.37115055322647095,-0.4111111181678139
303.5027222120308,85.2759141048572,0.0,8.195308933135987,0.9316134452819824,0.0,0.0,-0.36334219574928284,0.9287504553794861,0.0,0.0,-0.3706549406051636,-0.0027933734047106418
301.802293107118,83.41357364348777,0.0,8.206233347689093,0.9320239424705505,0.0,0.0,-0.3623085618019104,0.9289575219154358,0.0,0.0,-0.3701299726963043,-0.41166285627655663
300.1032270063863,81.5439906189653,0.0,8.217108030518887,0.9324307441711426,0.0,0.0,-0.3612532317638397,0.9291756749153137,0.0,0.0,-0.36957570910453796,-0.0033425998102558085
298.4055796295016,79.66705719331637,0.0,8.227955258873873,0.9328516125679016,0.0,0.0,-0.3601832985877991,0.9294092059135437,0.0,0.0,-0.36899420619010925,-0.412210696092465
296.7094023675632,77.78265971306347,0.0,8.238797310002557,0.9332684278488159,0.0,0.0,-0.35909247398376465,0.9296530485153198,0.0,0.0,-0.36838483810424805,-0.003890178150088297
295.0147423336281,75.89067864059402,0.0,8.249656461153453,0.9336987733840942,0.0,0.0,-0.3579885959625244,0.9299073219299316,0.0,0.0,-0.36774754524230957,-0.41275913806978304
293.32164241488897,73.99098848137646,0.0,8.260554989575072,0.9341239929199219,0.0,0.0,-0.3568664491176605,0.930171549320221,0.0,0.0,-0.367083340883255,-0.0044406088784528785
291.63014132652097,72.08345770698446,0.0,8.271515172515919,0.9345613718032837,0.0,0.0,-0.35573506355285645,0.9304455518722534,0.0,0.0,-0.3663922846317291,-0.41331268266275517
289.9402736672172,70.16794867389753,0.0,8.282559287224508,0.9349914789199829,0.0,0.0,-0.35459068417549133,0.9307290315628052,0.0,0.0,-0.36567527055740356,-0.004998392449593658
288.25206997642266,68.24431753803007,0.0,8.293709610949346,0.9354313015937805,0.0,0.0,-0.35344409942626953,0.9310218691825867,0.0,0.0,-0.36493274569511414,-0.4138758303256258
286.5655567932897,66.31241416495185,0.0,8.304988420938946,0.9358605742454529,0.0,0.0,-0.3522930145263672,0.931323766708374,0.0,0.0,-0.3641647398471832,-0.005568029317755241
284.880756717373,64.37208203575345,0.0,8.316417994441816,0.9362955093383789,0.0,0.0,-0.3511499762535095,0.9316344261169434,0.0,0.0,-0.36337172985076904,-0.4144530815126395
283.19768847107986,62.42315814850623,0.0,8.328020608706463,0.9367157220840454,0.0,0.0,-0.35001489520072937,0.9319538474082947,0.0,0.0,-0.3625543415546417,-0.006154019937181898
281.5163669639059,60.46547291527281,0.0,8.339818540981401,0.937127947807312,0.0,0.0,-0.3488989472389221,0.9322816133499146,0.0,0.0,-0.36171263456344604,-0.4150489366780404
279.83680335847225,58.498850054607956,0.0,8.35183406851514,0.9375292062759399,0.0,0.0,-0.3478105962276459,0.932617723941803,0.0,0.0,-0.3608470857143402,-0.0067608647621181794
278.15900513839586,56.523106479501934,0.0,8.364089468556188,0.937916100025177,0.0,0.0,-0.3467593193054199,0.9329619407653809,0.0,0.0,-0.35995805263519287,-0.4156678962760731
276.482976178013,54.53805218069573,0.0,8.376607018353052,0.9382849335670471,0.0,0.0,-0.34575554728507996,0.9333140254020691,0.0,0.0,-0.35904577374458313,-0.007393064246808301
274.80871681399253,52.54349010531588,0.0,8.389408995154252,0.9386317133903503,0.0,0.0,-0.3448106348514557,0.9336736798286438,0.0,0.0,-0.3581107258796692,-0.41631446076098216
273.1362239188617,50.53921603075049,0.0,8.402517676208284,0.9389520883560181,0.0,0.0,-0.3439369797706604,0.9340408444404602,0.0,0.0,-0.35715311765670776,-0.008055118845496756
271.46549097648614,48.52501843370555,0.0,8.415955338763665,0.939241349697113,0.0,0.0,-0.3431479334831238,0.9344154000282288,0.0,0.0,-0.356173038482666,-0.4169931305870115
269.7965081595315,46.50067835435701,0.0,8.429744260068908,0.9394944906234741,0.0,0.0,-0.34245800971984863,0.9347969889640808,0.0,0.0,-0.35517141222953796,-0.008751529012428316
268.129293528614,44.46600735194796,0.0,8.443748892871486,0.9397059082984924,0.0,0.0,-0.3418830335140228,0.935183048248291,0.0,0.0,-0.35415443778038025,-0.41770043527401035
266.46398255024684,42.42133394419669,0.0,8.456642318138288,0.93986976146698,0.0,0.0,-0.34143945574760437,0.9355682134628296,0.0,0.0,-0.35313671827316284,-0.00940271210671123
264.80030041643647,40.36850338418872,0.0,8.466553718739279,0.9399804472923279,0.0,0.0,-0.3411426246166229,0.9359462857246399,0.0,0.0,-0.3521342873573303,-0.41820101106193924
263.1380704908788,38.310185349922705,0.0,8.47160949204197,0.9400330185890198,0.0,0.0,-0.3410058915615082,0.9363114833831787,0.0,0.0,-0.3511625826358795,-0.009658054192705712
261.4774735492043,36.24952094750417,0.0,8.46993603541388,0.9400231242179871,0.0,0.0,-0.3410409092903137,0.9366583824157715,0.0,0.0,-0.35023680329322815,-0.41811649305041954
259.8190549377325,34.19011437591375,0.0,8.459659746222526,0.9399467706680298,0.0,0.0,-0.34125763177871704,0.9369822144508362,0.0,0.0,-0.3493702709674835,-0.009139049688091871
258.16373532942345,32.13601983391007,0.0,8.438907021835425,0.9398003816604614,0.0,0.0,-0.3416644036769867,0.9372780919075012,0.0,0.0,-0.34857621788978577,-0.41706837565713156
256.5128251536289,30.09172355190198,0.0,8.405804259620076,0.9395808577537537,0.0,0.0,-0.34226804971694946,0.9375418424606323,0.0,0.0,-0.3478667438030243,-0.007467193010549045
254.8680347872474,28.06211164998995,0.0,8.358517117968592,0.9392854571342468,0.0,0.0,-0.34307408332824707,0.9377655386924744,0.0,0.0,-0.3472518026828766,-0.41468013617978383
253.2311906909431,26.0520699950746,0.0,8.296754414954838,0.9389117956161499,0.0,0.0,-0.34408631920814514,0.9379509091377258,0.0,0.0,-0.34674352407455444,-0.004347864575511007
251.60385446343852,24.065974081059473,0.0,8.22223941234235,0.9384672045707703,0.0,0.0,-0.34531068801879883,0.9380946159362793,0.0,0.0,-0.3463510572910309,-0.4109167522094562
249.987305731972,22.107642229989672,0.0,8.136830993400086,0.9379420876502991,0.0,0.0,-0.3467453718185425,0.9381933808326721,0.0,0.0,-0.3460826277732849,-3.430806327536784e-05
248.38254734985063,20.180327501574798,0.0,8.042388041396944,0.9373356103897095,0.0,0.0,-0.34839028120040894,0.9382443428039551,0.0,0.0,-0.34594523906707764,-0.4061469061486914
246.79030646631418,18.286715079832536,0.0,7.9407694396018265,0.9366472363471985,0.0,0.0,-0.3502441644668579,0.9382448196411133,0.0,0.0,-0.34594523906707764,0.005097944552639566
245.2110317180714,16.428924815587994,0.0,7.8338340712837065,0.9358764290809631,0.0,0.0,-0.3523043394088745,0.9381924271583557,0.0,0.0,-0.3460879325866699,-0.40074612997100856
243.64488683985198,14.608518538359647,0.0,7.723440819711481,0.9350231885910034,0.0,0.0,-0.3545672297477722,0.9380850195884705,0.0,0.0,-0.3463776409626007,0.010673361298711548
242.09174102006148,12.826511711439704,0.0,7.611448568154044,0.9340876340866089,0.0,0.0,-0.35702818632125854,0.9379205107688904,0.0,0.0,-0.34681811928749084,-0.3950899556499259
240.5511563378496,11.083388988733363,0.0,7.499716199880369,0.9330702424049377,0.0,0.0,-0.3596815764904022,0.9376971125602722,0.0,0.0,-0.34741222858428955,0.016316410201422438
239.02240785555185,9.379162227634495,0.0,7.389932843277576,0.9319716691970825,0.0,0.0,-0.36252105236053467,0.9374194741249084,0.0,0.0,-0.3481649160385132,-0.3895453416800878
237.50475345691166,7.713702144290595,0.0,7.282420741575544,0.9307926297187805,0.0,0.0,-0.3655394911766052,0.9370819330215454,0.0,0.0,-0.3490760624408722,0.021746314327787564
235.99756621173904,6.086895824337468,0.0,7.176842620636102,0.9295341372489929,0.0,0.0,-0.3687293231487274,0.9366834759712219,0.0,0.0,-0.3501471281051636,-0.3842131133498129
234.5003341096318,4.498649428906394,0.0,7.072856947804829,0.92819744348526,0.0,0.0,-0.37208282947540283,0.9362231492996216,0.0,0.0,-0.3513790965080261,0.026998115985932658
233.01265948295833,2.9488891571019633,0.0,6.9701221904273085,0.9267833828926086,0.0,0.0,-0.37559187412261963,0.9357001185417175,0.0,0.0,-0.3527720868587494,-0.3790244892398371
231.534258938652,1.4375615277893714,0.0,6.868296815849202,0.9252934455871582,0.0,0.0,-0.3792484700679779,0.935113787651062,0.0,0.0,-0.3543258309364319,0.032140811671695635
230.06496374899442,-0.03536695320753491,0.0,6.767039291416089,0.9237285852432251,0.0,0.0,-0.38304492831230164,0.9344634413719177,0.0,0.0,-0.35603955388069153,-0.3739104728543264
228.60472065340278,-1.4699106768952825,0.0,6.666008084473552,0.922089695930481,0.0,0.0,-0.3869738280773163,0.9337485432624817,0.0,0.0,-0.3579120635986328,0.037243397880914686
227.1535930245109,-2.8660663040456686,0.0,6.564861662367251,0.9203777313232422,0.0,0.0,-0.39102843403816223,0.9329686760902405,0.0,0.0,-0.35994186997413635,-0.3688020676974425
225.71176235261578,-4.2238145664873485,0.0,6.463258492442745,0.918593168258667,0.0,0.0,-0.3952026963233948,0.9321235418319702,0.0,0.0,-0.3621267080307007,0.04237487110942506
224.27953000281664,-5.543122436411319,0.0,6.360857042045691,0.916736364364624,0.0,0.0,-0.39949142932891846,0.9312127828598022,0.0,0.0,-0.3644636869430542,-0.3636302772733488
222.85736353532346,-6.82390613104331,0.0,6.257121632527568,0.9148069024085999,0.0,0.0,-0.40389013290405273,0.9302364587783813,0.0,0.0,-0.3669497072696686,0.04761403320629992
221.44609131433194,-8.065871007743942,0.0,6.150691025488039,0.9128046035766602,0.0,0.0,-0.4083954393863678,0.9291945099830627,0.0,0.0,-0.3695813715457916,-0.35825499408953426
220.04696719865328,-9.268485638739389,0.0,6.039984586225308,0.9107284545898438,0.0,0.0,-0.413004606962204,0.9280872941017151,0.0,0.0,-0.37235385179519653,0.053205267512498544
218.66168707202604,-10.431003037028567,0.0,5.923421678289203,0.9085773825645447,0.0,0.0,-0.41771575808525085,0.9269155263900757,0.0,0.0,-0.37526196241378784,-0.35236797853720575
217.29240563257474,-11.552482267362995,0.0,5.799421665229548,0.9063496589660645,0.0,0.0,-0.4225277602672577,0.9256800413131714,0.0,0.0,-0.37829989194869995,0.05946789443470335
215.94175309575718,-12.631809989043996,0.0,5.6664039105962605,0.9040432572364807,0.0,0.0,-0.4274403154850006,0.9243821501731873,0.0,0.0,-0.3814610242843628,-0.34564991012138313
214.61285141077065,-13.667721407501027,0.0,5.522787777939168,0.9016557931900024,0.0,0.0,-0.43245387077331543,0.923023521900177,0.0,0.0,-0.38473740220069885,0.0667212344678898
213.30916897383656,-14.658940586807349,0.0,5.367650631955947,0.8991842865943909,0.0,0.0,-0.43756961822509766,0.9216060638427734,0.0,0.0,-0.38812124729156494,-0.3378147007282912
212.0332647365194,-15.605113327827707,0.0,5.2051963016575575,0.8966252207756042,0.0,0.0,-0.442789763212204,0.920132040977478,0.0,0.0,-0.3916034400463104,0.0749259986243741
210.78613878438875,-16.507167165652216,0.0,5.042033597964805,0.8939740657806396,0.0,0.0,-0.4481181800365448,0.9186037182807922,0.0,0.0,-0.3951755166053772,-0.3295741601377481
209.56715115739573,-17.367213520187228,0.0,4.884785174558841,0.8912250399589539,0.0,0.0,-0.45356088876724243,0.9170233011245728,0.0,0.0,-0.39882948994636536,0.08286783819033189
208.37394629745205,-18.1884500604516,0.0,4.7400736851209455,0.8883706331253052,0.0,0.0,-0.4591265320777893,0.9153928160667419,0.0,0.0,-0.40255799889564514,-0.3222654990550261
207.20238018226433,-18.975066413712636,0.0,4.614521783332272,0.8854011297225952,0.0,0.0,-0.46482717990875244,0.9137135744094849,0.0,0.0,-0.4063553512096405,0.08920884333117401
206.0464533268224,-19.732150182767192,0.0,4.514737733243896,0.8823041915893555,0.0,0.0,-0.4706791341304779,0.9119861721992493,0.0,0.0,-0.4102177023887634,-0.3172259005657142
204.89917532610272,-20.465006929813676,0.0,4.443725536433228,0.8790637254714966,0.0,0.0,-0.47670379281044006,0.9102078676223755,0.0,0.0,-0.41414883732795715,0.09279531791757137
203.75478878182162,-21.177561373159683,0.0,4.396157033368964,0.8756603598594666,0.0,0.0,-0.48292702436447144,0.9083699584007263,0.0,0.0,-0.4181648790836334,-0.3148234509160039
202.60950570515587,-21.871214854515276,0.0,4.365530214595775,0.8720729351043701,0.0,0.0,-0.4893757104873657,0.9064621329307556,0.0,0.0,-0.42228490114212036,0.09434212694652033
201.46127159194234,-22.545770301982145,0.0,4.345343070658347,0.8682789206504822,0.0,0.0,-0.49607622623443604,0.9044731855392456,0.0,0.0,-0.42652836441993713,-0.31380389819189136
200.3096726783389,-23.19996653035364,0.0,4.329093592101344,0.8642550706863403,0.0,0.0,-0.5030538439750671,0.9023922085762024,0.0,0.0,-0.43091386556625366,0.09516280768172247
199.15600061360598,-23.83158640841599,0.0,4.310279769469437,0.8599774837493896,0.0,0.0,-0.5103321075439453,0.9002076983451843,0.0,0.0,-0.43545907735824585,-0.3128537051296738
198.0033047349264,-24.437609290616496,0.0,4.282399827159495,0.8554222583770752,0.0,0.0,-0.517931342124939,0.8979088068008423,0.0,0.0,-0.4401800036430359,0.09657088557616395
196.8558889501246,-25.014672755207577,0.0,4.240954459106231,0.8505663275718689,0.0,0.0,-0.5258678197860718,0.8954847455024719,0.0,0.0,-0.4450908303260803,-0.31076050472294325
195.71745637322647,-25.56011862695586,0.0,4.188312940433045,0.8453879952430725,0.0,0.0,-0.5341528058052063,0.8929247856140137,0.0,0.0,-0.450204461812973,0.09922954813541573
194.59067767344723,-26.072144536277214,0.0,4.128316041654297,0.8398666977882385,0.0,0.0,-0.5427927374839783,0.8902186751365662,0.0,0.0,-0.4555322825908661,-0.3077303583199762
193.47715999899708,-26.549710393076428,0.0,4.064804533284328,0.8339837789535522,0.0,0.0,-0.5517890453338623,0.8873557448387146,0.0,0.0,-0.46108442544937134,0.10243720007329296
192.37742358493458,-26.992422257406993,0.0,4.00161918583754,0.8277222514152527,0.0,0.0,-0.5611382126808167,0.8843251466751099,0.0,0.0,-0.46687066555023193,-0.304539179155997
191.29088558535614,-27.40039676468391,0.0,3.9426006435770278,0.8210669755935669,0.0,0.0,-0.5708320736885071,0.8811155557632446,0.0,0.0,-0.4729001522064209,0.1054179345308946
190.21609985245098,-27.77402542180271,0.0,3.8906875455794485,0.8140047788619995,0.0,0.0,-0.5808583498001099,0.8777148723602295,0.0,0.0,-0.47918233275413513,-0.3019173055197556
189.15160398850307,-28.113583670064845,0.0,3.8457554713351625,0.806524932384491,0.0,0.0,-0.5912001729011536,0.8741103410720825,0.0,0.0,-0.485726535320282,0.10768723120989893
188.09610814098897,-28.419162361741446,0.0,3.807030417820268,0.7986199855804443,0.0,0.0,-0.6018358469009399,0.8702884316444397,0.0,0.0,-0.49254170060157776,-0.29996149473617506
187.0485038412378,-28.69067765913959,0.0,3.7737383820108668,0.7902859449386597,0.0,0.0,-0.6127383708953857,0.8662349581718445,0.0,0.0,-0.4996362328529358,0.10936864715986866
186.0078713150072,-28.92788495103962,0.0,3.7451053608830884,0.7815237045288086,0.0,0.0,-0.6238756775856018,0.861935019493103,0.0,0.0,-0.5070182681083679,-0.2985153825580044
184.9734854085423,-29.130396595525,0.0,3.7203573514130337,0.7723391056060791,0.0,0.0,-0.6352104544639587,0.8573731780052185,0.0,0.0,-0.5146946907043457,0.11061854662805323
183.94482024233588,-29.29770336859928,0.0,3.6987203505768114,0.7627438902854919,0.0,0.0,-0.6467005610466003,0.8525338768959045,0.0,0.0,-0.5226714015007019,-0.2974226047379932
182.9215526791321,-29.429199545856584,0.0,3.6794203553505413,0.7527561187744141,0.0,0.0,-0.6582993865013123,0.8474012017250061,0.0,0.0,-0.530952513217926,0.11159329386170325
181.9035646641683,-29.52421157192302,0.0,3.6616833921807967,0.7424002885818481,0.0,0.0,-0.6699564456939697,0.8419593572616577,0.0,0.0,-0.5395404696464539,-0.296526798517299
180.89089900163,-29.582032032487476,0.0,3.644899337803174,0.7317079305648804,0.0,0.0,-0.681618332862854,0.8361928462982178,0.0,0.0,-0.5484350323677063,0.11244097337572459
179.8836078066457,-29.60194685951637,0.0,3.6290061812633176,0.7207168340682983,0.0,0.0,-0.693229615688324,0.8300868272781372,0.0,0.0,-0.5576336979866028,-0.2957241138435689
178.88172156786905,-29.583234320085104,0.0,3.614056390034074,0.7094711661338806,0.0,0.0,-0.7047343254089355,0.8236272931098938,0.0,0.0,-0.5671309232711792,0.11319601333679749
177.88525009501367,-29.525159194648012,0.0,3.600102431588293,0.6980208158493042,0.0,0.0,-0.7160772085189819,0.8168057799339294,0.0,0.0,-0.5769122242927551,-0.2950193684675193
176.89418351189923,-29.426980332966853,0.0,3.5871967733988326,0.6864205002784729,0.0,0.0,-0.7272045612335205,0.8096306324005127,0.0,0.0,-0.5869391560554504,0.11384781425545706
175.90849329509908,-29.288813833683214,0.0,3.575391882938542,0.6747259497642517,0.0,0.0,-0.7380679249763489,0.8021258115768433,0.0,0.0,-0.5971547365188599,-0.2944231618786157
174.92813335865,-29.11213448172282,0.0,3.564740227680269,0.6629890203475952,0.0,0.0,-0.7486288547515869,0.7943170070648193,0.0,0.0,-0.6075030565261841,0.11438577664223853
173.95304118563348,-28.898467708757664,0.0,3.555294275096874,0.6512566804885864,0.0,0.0,-0.758857250213623,0.786230742931366,0.0,0.0,-0.6179326176643372,-0.29394609356632306
172.98313900781687,-28.649263386409494,0.0,3.547106492661203,0.6395713686943054,0.0,0.0,-0.7687313556671143,0.7778934836387634,0.0,0.0,-0.628395676612854,0.11479930100767646
172.0183350349504,-28.365897979473694,0.0,3.5402293478461084,0.6279710531234741,0.0,0.0,-0.778236448764801,0.7693319916725159,0.0,0.0,-0.638848602771759,-0.2935987630201062
171.05852473571244,-28.049676884450108,0.0,3.534715308124446,0.6164889335632324,0.0,0.0,-0.7873634099960327,0.760572612285614,0.0,0.0,-0.6492523550987244,0.11507778786230591
170.10359217274947,-27.701836954632924,0.0,3.5306168409690626,0.6051540970802307,0.0,0.0,-0.7961081862449646,0.7516412734985352,0.0,0.0,-0.659571647644043,-0.29339176972943026
169.1534113946872,-27.323549214597982,0.0,3.527986413852814,0.593991756439209,0.0,0.0,-0.8044710755348206,0.7425636053085327,0.0,0.0,-0.669775128364563,0.1152106377166619
168.20784788848295,-26.91592176861335,0.0,3.526876494248552,0.5830230116844177,0.0,0.0,-0.8124555945396423,0.7333642840385437,0.0,0.0,-0.6798354983329773,-0.2933357131837605
167.26676009596977,-26.48000290927194,0.0,3.527339549629127,0.5722657442092896,0.0,0.0,-0.8200681209564209,0.7240672707557678,0.0,0.0,-0.6897290349006653,0.11518725108127933
166.330000998969,-26.016784434524503,0.0,3.529428047467392,0.5617346167564392,0.0,0.0,-0.8273174166679382,0.714695394039154,0.0,0.0,-0.6994355320930481,-0.29344119287256176
165.39741977789078,-25.527205183278603,0.0,3.533194455236199,0.5514413714408875,0.0,0.0,-0.8342135548591614,0.7052708268165588,0.0,0.0,-0.7089377045631409,0.11499702846669313
164.46886354930064,-25.012154801822682,0.0,3.5386912404084003,0.5413951873779297,0.0,0.0,-0.8407681584358215,0.695814311504364,0.0,0.0,-0.7182214260101318,-0.29371880828529917
163.54417918855125,-24.47247775556961,0.0,3.5459708704568462,0.5316030979156494,0.0,0.0,-0.8469935655593872,0.6863454580307007,0.0,0.0,-0.7272753715515137,0.11462937038343826
162.6232152908202,-23.90897763214027,0.0,3.5550856321946114,0.5220701694488525,0.0,0.0,-0.8529025316238403,0.6768814325332642,0.0,0.0,-0.7360917925834656,-0.2941791497872065
161.70579295282985,-23.32237059937183,0.0,3.5660638550501735,0.512799859046936,0.0,0.0,-0.8585081696510315,0.6674365401268005,0.0,0.0,-0.7446664571762085,0.11407491468366238
160.79151248244625,-22.712993439079536,0.0,3.5788861665003733,0.5037948489189148,0.0,0.0,-0.8638232946395874,0.6580234169960022,0.0,0.0,-0.7529972791671753,-0.2948267412745903
159.87989626563936,-22.08101789656246,0.0,3.593527546015766,0.49505722522735596,0.0,0.0,-0.8688603043556213,0.6486543416976929,0.0,0.0,-0.7610829472541809,0.11333545107177387
158.97048386479872,-21.42659585936762,0.0,3.609962973066906,0.48658880591392517,0.0,0.0,-0.8736310601234436,0.6393412351608276,0.0,0.0,-0.7689229249954224,-0.2956568133478802
158.06283172162918,-20.749863808289742,0.0,3.628167427124338,0.478390634059906,0.0,0.0,-0.8781470060348511,0.6300950050354004,0.0,0.0,-0.776517927646637,0.11241603420018634
157.15651261829834,-20.05094688282972,0.0,3.648115887658618,0.47046369314193726,0.0,0.0,-0.882419228553772,0.6209264397621155,0.0,0.0,-0.7838687300682068,-0.296664311354662
156.25111514619013,-19.329962944798325,0.0,3.669783334140303,0.4628084599971771,0.0,0.0,-0.886458158493042,0.6118452548980713,0.0,0.0,-0.790977418422699,0.11132171872131336
155.34624318029077,-18.587026652491126,0.0,3.6931447460399336,0.45542511343955994,0.0,0.0,-0.890273928642273,0.6028611660003662,0.0,0.0,-0.7978459596633911,-0.29784418064252216
154.44151535729176,-17.822253557366707,0.0,3.718175102828069,0.44831356406211853,0.0,0.0,-0.893876314163208,0.5939830541610718,0.0,0.0,-0.8044773936271667,0.11005755928756919
153.53656455555966,-17.035764234683427,0.0,3.744849383975267,0.44147324562072754,0.0,0.0,-0.897274374961853,0.5852194428443909,0.0,0.0,-0.8108747601509094,-0.2991913665590473
152.63103737519148,-16.227688459094843,0.0,3.7731425689520663,0.43490365147590637,0.0,0.0,-0.9004769325256348,0.5765784978866577,0.0,0.0,-0.8170415759086609,0.10862861055136722
151.7245936164249,-15.39816943574583,0.0,3.8030296372290233,0.42860373854637146,0.0,0.0,-0.9034925103187561,0.5680675506591797,0.0,0.0,-0.8229817152023315,-0.30070081445182295
150.81690575474568,-14.547368096982078,0.0,3.8344855682767034,0.42257246375083923,0.0,0.0,-0.9063290953636169,0.5596937537193298,0.0,0.0,-0.8286992311477661,0.10703992716512076
149.90765841108094,-13.675467474343748,0.0,3.8674853415656365,0.4168083071708679,0.0,0.0,-0.9089942574501038,0.5514638423919678,0.0,0.0,-0.834198534488678,-0.30236746966843575
148.99654781553767,-12.782677155101647,0.0,3.9020039365663943,0.41130971908569336,0.0,0.0,-0.9114955067634583,0.543384313583374,0.0,0.0,-0.839483916759491,0.10529656378124413
148.08328126319034,-11.869237832159552,0.0,3.9380163327495112,0.40607452392578125,0.0,0.0,-0.9138398766517639,0.5354609489440918,0.0,0.0,-0.8445597887039185,-0.304186277556472
147.16757656049455,-10.935425955747833,0.0,3.975497509585548,0.4011003375053406,0.0,0.0,-0.9160339832305908,0.5276996493339539,0.0,0.0,-0.8494307398796082,0.10340357505215139
146.24919582589214,-9.981594500635996,0.0,4.014271727136941,0.3963846266269684,0.0,0.0,-0.9180843830108643,0.5201058983802795,0.0,0.0,-0.8541014790534973,-0.3061445713721989
145.32815865376114,-9.00840857599608,0.0,4.0532143517090935,0.39192429184913635,0.0,0.0,-0.9199973344802856,0.5126851797103882,0.0,0.0,-0.8585764169692993,0.10143677583133562
144.40481606128864,-8.01695149903552,0.0,4.0908324072985955,0.3877158463001251,0.0,0.0,-0.9217787384986877,0.5054430961608887,0.0,0.0,-0.8628597259521484,-0.3080444731696485
143.47983927620618,-7.008740972624241,0.0,4.125632103631556,0.38375556468963623,0.0,0.0,-0.9234346151351929,0.4983845353126526,0.0,0.0,-0.8669558763504028,0.099679215410479
142.55420878035133,-5.985739439163579,0.0,4.156119650434059,0.3800389766693115,0.0,0.0,-0.9249703884124756,0.491515189409256,0.0,0.0,-0.8708688020706177,-0.309584248260684
141.62918877103837,-4.950341376124882,0.0,4.180869820643512,0.3765609562397003,0.0,0.0,-0.9263917207717896,0.4848399758338928,0.0,0.0,-0.8746026754379272,0.09842920681404199
140.70588395398264,-3.904876877342258,0.0,4.200437864554375,0.37331563234329224,0.0,0.0,-0.9277041554450989,0.4783640503883362,0.0,0.0,-0.8781614303588867,-0.31057253330668716
139.78475835360118,-2.8510353790320444,0.0,4.21761359091067,0.3702962100505829,0.0,0.0,-0.9289134740829468,0.47209230065345764,0.0,0.0,-0.8815489411354065,0.09756174588695637
138.86562991707618,-1.7898141254072524,0.0,4.235306420094393,0.3674948513507843,0.0,0.0,-0.9300253987312317,0.4660293459892273,0.0,0.0,-0.884769082069397,-0.3114661105381883
137.94769066527772,-0.7215077702804988,0.0,4.256425772487553,0.3649023771286011,0.0,0.0,-0.931045651435852,0.4601796269416809,0.0,0.0,-0.887825608253479,0.09649511192770582
137.0295256325402,0.3542898458066568,0.0,4.283881068472139,0.3625085949897766,0.0,0.0,-0.9319802522659302,0.4545477032661438,0.0,0.0,-0.8907222747802734,-0.31285274164852095
136.10913064880256,1.4386713009462375,0.0,4.320581728430153,0.3603021800518036,0.0,0.0,-0.932835578918457,0.44913795590400696,0.0,0.0,-0.8934623003005981,0.09464154324295768
135.18393289342626,2.533383374487965,0.0,4.369419105500257,0.358270525932312,0.0,0.0,-0.9336177110671997,0.44395169615745544,0.0,0.0,-0.8960505127906799,-0.3153192758439808
134.25123181276294,3.640336681247357,0.0,4.431258526236343,0.3564000725746155,0.0,0.0,-0.934333324432373,0.438984215259552,0.0,0.0,-0.8984946012496948,0.09151834017547864
133.30900514210495,4.761359975213727,0.0,4.503113776218809,0.3546775281429291,0.0,0.0,-0.9349886178970337,0.4342261850833893,0.0,0.0,-0.9008037447929382,-0.3189483288733983
132.3559771964171,5.897954345868501,0.0,4.581567532201875,0.35309088230133057,0.0,0.0,-0.9355889558792114,0.42966923117637634,0.0,0.0,-0.9029862284660339,0.08755602926724299
131.39159587576697,7.050771090121923,0.0,4.663202470939689,0.3516295552253723,0.0,0.0,-0.9361391067504883,0.42530518770217896,0.0,0.0,-0.9050499796867371,-0.3230713055773283
130.4160104770072,8.219613955036985,0.0,4.744601269186472,0.3502840995788574,0.0,0.0,-0.9366434216499329,0.42112642526626587,0.0,0.0,-0.9070019721984863,0.08344497885073884
129.4300504433253,9.403454220463598,0.0,4.8223466036964355,0.34904348850250244,0.0,0.0,-0.9370980858802795,0.417125403881073,0.0,0.0,-0.9088489413261414,-0.32699783762328605
128.43520527651722,10.600445718944465,0.0,4.8930213187371105,0.3479037582874298,0.0,0.0,-0.9375155568122864,0.41329535841941833,0.0,0.0,-0.910597026348114,0.07987554879817946
127.43343520302521,11.808145680334071,0.0,4.954055338382476,0.34685832262039185,0.0,0.0,-0.9378983378410339,0.40962985157966614,0.0,0.0,-0.9122517704963684,-0.33008036386800144
126.42659405051286,13.024208439454627,0.0,5.005695150781395,0.3459014296531677,0.0,0.0,-0.9382485747337341,0.40612268447875977,0.0,0.0,-0.9138185381889343,0.0772674774649007
125.41631663806798,14.246525110998315,0.0,5.0487719013711,0.3450280725955963,0.0,0.0,-0.9385681748390198,0.4027680456638336,0.0,0.0,-0.9153021574020386,-0.3322559573321279
124.40402603178642,15.473219361239183,0.0,5.084116735588889,0.34423384070396423,0.0,0.0,-0.9388587474822998,0.3995605707168579,0.0,0.0,-0.9167068004608154,0.07548238482763858
123.39094065334515,16.70264313061337,0.0,5.112560798872001,0.3435148000717163,0.0,0.0,-0.9391217231750488,0.39649498462677,0.0,0.0,-0.9180368185043335,-0.3336925261848103
122.37808112563492,17.93337237104845,0.0,5.134935236657715,0.3428676426410675,0.0,0.0,-0.9393584728240967,0.3935666084289551,0.0,0.0,-0.9192960262298584,0.07435236271724893
121.3662767591216,19.164202852340832,0.0,5.152071194383298,0.34228938817977905,0.0,0.0,-0.9395700693130493,0.3907707631587982,0.0,0.0,-0.9204879999160767,-0.33455797859519326
120.3561716007516,20.39414608283508,0.0,5.1647998174860055,0.34177735447883606,0.0,0.0,-0.9397574663162231,0.38810300827026367,0.0,0.0,-0.9216160178184509,0.07370950296458695
119.3482299836859,21.622425381263803,0.0,5.1739522514031115,0.34132933616638184,0.0,0.0,-0.939921498298645,0.38555917143821716,0.0,0.0,-0.9226831197738647,-0.3350202227324209
118.34274153078943,22.848472128910437,0.0,5.18035964157188,0.3409433960914612,0.0,0.0,-0.940062940120697,0.3831356465816498,0.0,0.0,-0.9236921072006226,0.07338589740050777
117.33982557751607,24.07192222428995,0.0,5.1848531334295735,0.34061771631240845,0.0,0.0,-0.9401825070381165,0.3808285892009735,0.0,0.0,-0.9246456623077393,-0.33524716676563776
116.3394349905221,25.292612756348383,0.0,5.188263872413458,0.3403507471084595,0.0,0.0,-0.9402806758880615,0.37863436341285706,0.0,0.0,-0.9255463480949402,0.07321363785586715
115.34136168121664,26.510576082710955,0.0,5.191410949832495,0.34014126658439636,0.0,0.0,-0.9403579831123352,0.376549631357193,0.0,0.0,-0.9263964295387268,-0.3354061100696295
114.34530087166264,27.725961699114965,0.0,5.194791144091527,0.339988112449646,0.0,0.0,-0.9404148459434509,0.37457138299942017,0.0,0.0,-0.9271981120109558,0.07304292097409787
113.35091909536274,28.93895319866912,0.0,5.198551697044596,0.3398903012275696,0.0,0.0,-0.9404516220092773,0.3726966381072998,0.0,0.0,-0.9279532432556152,-0.3355960369864512
112.35785769946806,30.14976380476319,0.0,5.202822340463625,0.33984696865081787,0.0,0.0,-0.9404686093330383,0.3709224462509155,0.0,0.0,-0.928663969039917,0.07282723191253077
111.36573286569876,31.358636066971243,0.0,5.207732806120537,0.3398574888706207,0.0,0.0,-0.9404659867286682,0.3692460060119629,0.0,0.0,-0.9293317794799805,-0.33584404030245685
110.37413553092365,32.56584159423473,0.0,5.213412825787256,0.3399212956428528,0.0,0.0,-0.9404439926147461,0.3676648736000061,0.0,0.0,-0.9299584031105042,0.07254036223239341
109.38263120669944,33.771680825339686,0.0,5.219992131235711,0.34003785252571106,0.0,0.0,-0.9404027462005615,0.366176575422287,0.0,0.0,-0.9305453300476074,-0.3361763284564192
108.39075969685521,34.97648283673344,0.0,5.227600454237818,0.34020689129829407,0.0,0.0,-0.940342366695404,0.36477887630462646,0.0,0.0,-0.9310941696166992,0.07215610349491325
107.3980347119446,36.18060518776997,0.0,5.236367526565507,0.3404281437397003,0.0,0.0,-0.9402628540992737,0.3634696304798126,0.0,0.0,-0.931606113910675,-0.3366191098871106
106.40394337905681,37.38443380355613,0.0,5.246423079990702,0.3407014012336731,0.0,0.0,-0.9401642084121704,0.362246572971344,0.0,0.0,-0.9320823550224304,0.07164824726131752
105.40794564510438,38.588382895656885,0.0,5.257896846285323,0.34102654457092285,0.0,0.0,-0.940046489238739,0.3611080050468445,0.0,0.0,-0.9325240850448608,-0.3371985930333035
104.40947357127199,39.7928949210316,0.0,5.2709185572212975,0.34140363335609436,0.0,0.0,-0.9399095177650452,0.3600520193576813,0.0,0.0,-0.9329323172569275,0.07099058509283396
103.4079305158137,40.99844057971493,0.0,5.285617944570551,0.34183260798454285,0.0,0.0,-0.9397532939910889,0.3590768277645111,0.0,0.0,-0.9333080649375916,-0.33794098633377084
102.40269020183861,42.205518851910774,0.0,5.302124740105001,0.342313677072525,0.0,0.0,-0.9395776391029358,0.3581809997558594,0.0,0.0,-0.9336523413658142,0.07015690855068996
101.39309566611264,43.414657075349865,0.0,5.320568675596583,0.34284695982933044,0.0,0.0,-0.9393824338912964,0.3573627471923828,0.0,0.0,-0.933965802192688,-0.33887249822728505
100.37845808422375,44.62641106397428,0.0,5.341079482817207,0.34343263506889343,0.0,0.0,-0.9391674399375916,0.35662081837654114,0.0,0.0,-0.9342492818832397,0.06912100919611297
99.3580554667285,45.841365269230764,0.0,5.363786893538806,0.3440709710121155,0.0,0.0,-0.9389325380325317,0.35595378279685974,0.0,0.0,-0.9345035552978516,-0.3400193371526183
98.33113122007798,47.06013298552639,0.0,5.388820639533307,0.3447621464729309,0.0,0.0,-0.9386774301528931,0.3553592264652252,0.0,0.0,-0.9347257018089294,0.06785667859033007
97.2968925652506,48.2833566016739,0.0,5.416310452572622,0.34550634026527405,0.0,0.0,-0.938401997089386,0.3548375070095062,0.0,0.0,-0.9349209070205688,-0.3414077115485433
96.25450880606829,49.5117079004651,0.0,5.446386064428684,0.3463037610054016,0.0,0.0,-0.9381059408187866,0.3543877601623535,0.0,0.0,-0.9350894689559937,0.06633770829456936
95.20310943812947,50.74588840886689,0.0,5.479177206873422,0.3471546471118927,0.0,0.0,-0.9377890825271606,0.35400885343551636,0.0,0.0,-0.9352317452430725,-0.3430638298538331
94.141782088197,51.986629801687634,0.0,5.514813611678745,0.3480595350265503,0.0,0.0,-0.9374510049819946,0.3536997437477112,0.0,0.0,-0.9353480935096741,0.0645378898700581
93.06957027266729,53.23469436198312,0.0,5.5534250106165866,0.3490194082260132,0.0,0.0,-0.9370911121368408,0.3534596562385559,0.0,0.0,-0.9354386925697327,-0.34501390050725944
91.98547096245606,54.49087550191021,0.0,5.59514113545888,0.35003581643104553,0.0,0.0,-0.9367086887359619,0.35328781604766846,0.0,0.0,-0.9355037808418274,0.062431014878023106
90.8884319402553,55.75599834820838,0.0,5.640091717977529,0.3511110246181488,0.0,0.0,-0.9363025426864624,0.3531835973262787,0.0,0.0,-0.9355435371398926,-0.3472841319475952
89.77734893461519,57.03092039701476,0.0,5.688406489944464,0.35225141048431396,0.0,0.0,-0.9358799457550049,0.3531462848186493,0.0,0.0,-0.9355581402778625,0.05999087487969301
88.6510625137006,58.316532243280164,0.0,5.740215183131631,0.3534574508666992,0.0,0.0,-0.9354299306869507,0.3531752824783325,0.0,0.0,-0.9355477094650269,-0.34990073261361376
87.50835471986026,59.613758390649295,0.0,5.79564752931092,0.3547340929508209,0.0,0.0,-0.9349505305290222,0.3532703220844269,0.0,0.0,-0.9355121850967407,0.057191261436294605
86.34794542428689,60.92355814833543,0.0,5.854833260254272,0.3560871183872223,0.0,0.0,-0.9344391822814941,0.35343098640441895,0.0,0.0,-0.9354516267776489,-0.35288991094408606
85.16848840867362,62.24692658910516,0.0,5.917901959657557,0.3575233817100525,0.0,0.0,-0.9338932037353516,0.3536567986011505,0.0,0.0,-0.9353660941123962,0.05400597358764381
83.96862802586654,63.58482791364575,0.0,5.98468021304686,0.35905060172080994,0.0,0.0,-0.9333091974258423,0.3539476990699768,0.0,0.0,-0.9352555274963379,-0.3562625500041519
82.74718674881413,64.93798669292315,0.0,6.05405498770361,0.3606773614883423,0.0,0.0,-0.9326833486557007,0.3543033003807068,0.0,0.0,-0.9351198673248291,0.05050219708982817
81.50320610376858,66.30684853851,0.0,6.1247316568706065,0.36241310834884644,0.0,0.0,-0.9320114850997925,0.3547234833240509,0.0,0.0,-0.9349589943885803,-0.3598320787499598
80.23595321497322,67.69158094545737,0.0,6.195415593790601,0.36426833271980286,0.0,0.0,-0.9312891960144043,0.3552081286907196,0.0,0.0,-0.9347728490829468,0.046932301285788014
78.94492897432426,69.09207363313689,0.0,6.2648121717063905,0.36625418066978455,0.0,0.0,-0.9305108189582825,0.3557567596435547,0.0,0.0,-0.9345614314079285,-0.3633369564224744
77.62987794624377,70.50793834201092,0.0,6.331626763860781,0.3683830499649048,0.0,0.0,-0.9296708106994629,0.3563707172870636,0.0,0.0,-0.9343291521072388,0.04355782693455612
76.29080010406861,71.93850804446728,0.0,6.394564743496514,0.37066853046417236,0.0,0.0,-0.9287624955177307,0.35704827308654785,0.0,0.0,-0.9340720176696777,-0.36651564226266287
74.92796447381565,73.38283553055068,0.0,6.452331483856412,0.37312600016593933,0.0,0.0,-0.9277784824371338,0.3577888011932373,0.0,0.0,-0.9337900876998901,0.04064031479516733
73.54192472926347,74.83969133961395,0.0,6.503632380155146,0.37577277421951294,0.0,0.0,-0.9267099499702454,0.35859566926956177,0.0,0.0,-0.9334816336631775,-0.3691065966211848
72.13351179848965,76.30752497922091,0.0,6.547290997375299,0.37862861156463623,0.0,0.0,-0.925547182559967,0.35948267579078674,0.0,0.0,-0.9331415891647339,0.03843533412748279
70.70377807450173,77.7832451712834,0.0,6.582525375223055,0.38171350955963135,0.0,0.0,-0.9242793917655945,0.3604695796966553,0.0,0.0,-0.9327618479728699,-0.3708861106538997
69.25399482518183,79.26223779108554,0.0,6.608635767892743,0.3850456774234772,0.0,0.0,-0.9228963851928711,0.3615756332874298,0.0,0.0,-0.9323344826698303,0.037116627426993565
67.78565613462412,80.73963182508045,0.0,6.624922429578716,0.3886415660381317,0.0,0.0,-0.9213882088661194,0.36281901597976685,0.0,0.0,-0.9318521022796631,-0.37170866932490854
66.30049451252036,82.21039349793034,0.0,6.630685614475317,0.39251530170440674,0.0,0.0,-0.9197447299957275,0.3642168343067169,0.0,0.0,-0.9313073754310608,0.03682555748272087
64.80049764055187,83.66937195186075,0.0,6.625225576776879,0.39667898416519165,0.0,0.0,-0.9179567098617554,0.365785151720047,0.0,0.0,-0.9306931495666504,-0.37143290984518945
63.28792559203784,85.11134913911711,0.0,6.607842570677753,0.40114209055900574,0.0,0.0,-0.9160152673721313,0.367538720369339,0.0,0.0,-0.9300026297569275,0.03770348708368676
61.76532832038888,86.531093334713,0.0,6.577836850372267,0.405911386013031,0.0,0.0,-0.9139119386672974,0.3694908916950226,0.0,0.0,-0.9292292594909668,-0.36991746942572046
60.23556317904537,87.92341553754929,0.0,6.53450867005478,0.4109908640384674,0.0,0.0,-0.9116390347480774,0.37165367603302,0.0,0.0,-0.9283668994903564,0.03989177901891339
58.701812201899955,89.28322788512259,0.0,6.477158283919627,0.4163815975189209,0.0,0.0,-0.9091896414756775,0.3740372955799103,0.0,0.0,-0.9274095892906189,-0.3670209852774804
57.16759883925167,90.60560306247862,0.0,6.4050859461611305,0.42208173871040344,0.0,0.0,-0.9065575003623962,0.37665021419525146,0.0,0.0,-0.9263519048690796,0.0435317960774233
55.6368038105139,91.88583354236617,0.0,6.317591910973667,0.4280865490436554,0.0,0.0,-0.9037375450134277,0.3794988691806793,0.0,0.0,-0.9251888990402222,-0.3626020946114469
54.113679701816345,93.11948935347694,0.0,6.2139764325515685,0.43438848853111267,0.0,0.0,-0.9007254838943481,0.3825874924659729,0.0,0.0,-0.923916220664978,0.048764901048236386
52.602851488143756,94.30248249350403,0.0,6.093589559886073,0.44097700715065,0.0,0.0,-0.8975183963775635,0.38591834902763367,0.0,0.0,-0.9225301742553711,-0.356521949527331
51.108341180011706,95.43184727738745,0.0,5.959689074745181,0.4478386342525482,0.0,0.0,-0.8941143155097961,0.38949188590049744,0.0,0.0,-0.9210273027420044,0.055527551812927955
49.6318230476493,96.50689895997616,0.0,5.822187981984373,0.45495831966400146,0.0,0.0,-0.8905125856399536,0.3933078646659851,0.0,0.0,-0.9194045066833496,-0.34957744989294676
48.17231324425019,97.52910708494623,0.0,5.691647899663691,0.4623204469680786,0.0,0.0,-0.8867127895355225,0.3973658084869385,0.0,0.0,-0.9176581501960754,0.06212048526346747
46.72601783086755,98.50180663592856,0.0,5.5786304458432685,0.4699100852012634,0.0,0.0,-0.8827142119407654,0.4016658067703247,0.0,0.0,-0.9157843589782715,-0.3438694976797942
45.28627851834834,99.42982085935077,0.0,5.4933283217333075,0.47771450877189636,0.0,0.0,-0.8785150647163391,0.40620940923690796,0.0,0.0,-0.9137783050537109,0.06642867334982921
43.846025848609685,100.31756214100837,0.0,5.436169763542285,0.485723614692688,0.0,0.0,-0.8741123080253601,0.41099879145622253,0.0,0.0,-0.9116343259811401,-0.34098270181156076
42.40060349590792,101.16733152534789,0.0,5.397049996592662,0.493928462266922,0.0,0.0,-0.8695024251937866,0.41603609919548035,0.0,0.0,-0.9093466997146606,0.06840441915536577
40.94805017700897,101.97949018365283,0.0,5.3653413435343476,0.5023202300071716,0.0,0.0,-0.864681601524353,0.42132294178009033,0.0,0.0,-0.9069094061851501,-0.3393812546874035
39.48925092221087,102.75275870410489,0.0,5.330416127017254,0.5108886361122131,0.0,0.0,-0.8596467971801758,0.42685842514038086,0.0,0.0,-0.9043172597885132,0.07016831897946141
38.028093511877124,103.48455214681411,0.0,5.28164666969132,0.5196207165718079,0.0,0.0,-0.8543969392776489,0.43263882398605347,0.0,0.0,-0.9015662670135498,-0.3369181507820533
36.57153508156794,104.17139014787345,0.0,5.20873929965129,0.5284993648529053,0.0,0.0,-0.8489335775375366,0.4386570453643799,0.0,0.0,-0.8986536860466003,0.07385050938552351
35.12728817777902,104.81033229579226,0.0,5.11009400469682,0.5375032424926758,0.0,0.0,-0.8432615995407104,0.4449026584625244,0.0,0.0,-0.895578145980835,-0.3319360651782922
33.701174723523145,105.40012694788253,0.0,4.993406545033055,0.5466081500053406,0.0,0.0,-0.8373883962631226,0.4513627886772156,0.0,0.0,-0.8923398852348328,0.07974381542914799
32.29687539065939,105.94100543166641,0.0,4.866827278162423,0.5557887554168701,0.0,0.0,-0.8313233852386475,0.45802295207977295,0.0,0.0,-0.888939619064331,-0.3255431729120986
30.915804591735096,106.43439541203439,0.0,4.738506561587449,0.565019965171814,0.0,0.0,-0.8250771164894104,0.46486857533454895,0.0,0.0,-0.8853788375854492,0.0862246597006113
29.556988534703116,106.88262617615442,0.0,4.61659475281056,0.5742784738540649,0.0,0.0,-0.8186599016189575,0.47188571095466614,0.0,0.0,-0.8816588521003723,-0.3193860108526597
28.216947559027172,107.28863121014014,0.0,4.509242209334188,0.5835442543029785,0.0,0.0,-0.8120812177658081,0.47906041145324707,0.0,0.0,-0.8777812123298645,0.09164650533073107
26.88961038968497,107.65564490888303,0.0,4.4245275733652285,0.5928018689155579,0.0,0.0,-0.8053481578826904,0.48637714982032776,0.0,0.0,-0.8737483024597168,-0.3151074938845305
25.56830775386015,107.98661155577521,0.0,4.365338487438054,0.6020416617393494,0.0,0.0,-0.7984645962715149,0.49381962418556213,0.0,0.0,-0.8695636987686157,0.09463585310483083
24.248733328286537,108.28356167518955,0.0,4.325959528762773,0.6112586259841919,0.0,0.0,-0.7914309501647949,0.5013748407363892,0.0,0.0,-0.8652294874191284,-0.31311865758779917
22.928423353012487,108.54761552693269,0.0,4.299866063163821,0.6204513907432556,0.0,0.0,-0.7842450141906738,0.5090324282646179,0.0,0.0,-0.8607466220855713,0.09595370490275773
21.606775535829605,108.77919427453966,0.0,4.2805334564656015,0.6296206116676331,0.0,0.0,-0.7769027948379517,0.5167836546897888,0.0,0.0,-0.8561153411865234,-0.3121422633101113
20.285084688467812,108.97825872701954,0.0,4.261590560528033,0.6387678980827332,0.0,0.0,-0.7693994045257568,0.5246205925941467,0.0,0.0,-0.8513354063034058,0.0969104168187965
18.965548505920005,109.14466198101327,0.0,4.240019626258402,0.647895097732544,0.0,0.0,-0.7617295384407043,0.5325368046760559,0.0,0.0,-0.846406102180481,-0.31105282218538244
17.650261019065677,109.27835422264303,0.0,4.216060937157926,0.6570038795471191,0.0,0.0,-0.7538871765136719,0.5405259728431702,0.0,0.0,-0.8413266539573669,0.09812045162185082
16.34116266611213,109.37937792106554,0.0,4.190089184495625,0.6660959720611572,0.0,0.0,-0.7458659410476685,0.548582911491394,0.0,0.0,-0.8360954523086548,-0.3097411175054683
15.040033690351526,109.4478547123541,0.0,4.162479059540537,0.6751728653907776,0.0,0.0,-0.7376594543457031,0.5567030310630798,0.0,0.0,-0.8307109475135803,0.09951490237715835
13.748489424320109,109.48397180388108,0.0,4.133605253561686,0.684235692024231,0.0,0.0,-0.7292608022689819,0.5648822784423828,0.0,0.0,-0.8251709938049316,-0.3082828444762334
12.467977399244687,109.48796796111698,0.0,4.103842457828088,0.6932854652404785,0.0,0.0,-0.7206628918647766,0.5731171369552612,0.0,0.0,-0.8194730281829834,0.10101807387885522
11.199776208417495,109.46011913339989,0.0,4.073565363608786,0.7023227214813232,0.0,0.0,-0.7118586301803589,0.5814046859741211,0.0,0.0,-0.8136141896247864,-0.3067536983035414
9.944996076661413,109.40072377045747,0.0,4.043148564283056,0.7113472819328308,0.0,0.0,-0.7028405666351318,0.5897421836853027,0.0,0.0,-0.8075912594795227,0.10255427586500318
8.704607892504756,109.31009018807985,0.0,4.012879427091985,0.7203587889671326,0.0,0.0,-0.6936014890670776,0.5981274843215942,0.0,0.0,-0.8014006018638611,-0.305224954000962
7.479522066404119,109.18853339241136,0.0,3.982797797923152,0.7293561100959778,0.0,0.0,-0.6841341853141785,0.6065586805343628,0.0,0.0,-0.7950383424758911,0.10407355006544927
6.270603516147112,109.03637494541405,0.0,3.9528999170663806,0.7383372187614441,0.0,0.0,-0.6744316220283508,0.615034282207489,0.0,0.0,-0.7884999513626099,-0.3037149600182968
5.078673015381317,108.85394271486223,0.0,3.923182024811522,0.7472994327545166,0.0,0.0,-0.664487361907959,0.6235523819923401,0.0,0.0,-0.7817811965942383,0.10557445371468457
3.904508499350124,108.6415706361682,0.0,3.893640361448403,0.7562386989593506,0.0,0.0,-0.6542957425117493,0.6321113705635071,0.0,0.0,-0.7748771905899048,-0.30222295681813927
2.748846329034235,108.39959848564196,0.0,3.864271167266855,0.7651496529579163,0.0,0.0,-0.6438524723052979,0.6407096982002258,0.0,0.0,-0.7677828073501587,0.1070577463501163
1.612382514888565,108.12837166479835,0.0,3.8350706825567267,0.7740253806114197,0.0,0.0,-0.633154571056366,0.6493455171585083,0.0,0.0,-0.7604932188987732,-0.3007481848630823
0.4957739013234683,107.82824099533353,0.0,3.8060351476078482,0.7828574180603027,0.0,0.0,-0.6222009062767029,0.6580164432525635,0.0,0.0,-0.7530031800270081,0.10852418750915058
-0.6003606869357738,107.49956252440168,0.0,3.777160802710048,0.7916361093521118,0.0,0.0,-0.6109926700592041,0.6667206287384033,0.0,0.0,-0.7453073859214783,-0.29928988461571865
-1.6754393355116006,107.1426973398327,0.0,3.748443888153177,0.8003498315811157,0.0,0.0,-0.5995330214500427,0.6754550337791443,0.0,0.0,-0.7374008297920227,0.10997453672919455
-2.7289159669892706,106.75801139493642,0.0,3.7198806442270644,0.8089858293533325,0.0,0.0,-0.5878278613090515,0.6842164993286133,0.0,0.0,-0.7292785048484802,-0.2978472965386423
-3.760279302422006,106.34587534255289,0.0,3.691467311221539,0.8175300359725952,0.0,0.0,-0.5758857131004333,0.6930016279220581,0.0,0.0,-0.7209357023239136,0.11140955354765547
-4.7690518567069615,105.90666437801131,0.0,3.6632001294264507,0.8259673118591309,0.0,0.0,-0.5637177228927612,0.7018057107925415,0.0,0.0,-0.7123680710792542,-0.2964196610944459
-5.754788966831235,105.44075809066746,0.0,3.6350753391316304,0.8342818021774292,0.0,0.0,-0.5513380169868469,0.7106242775917053,0.0,0.0,-0.7035713195800781,0.11282999750193931
-6.7170778519975265,104.94854032370401,0.0,3.6070891806269065,0.8424569964408875,0.0,0.0,-0.5387632846832275,0.7194518446922302,0.0,0.0,-0.6945419311523438,-0.2950062187457224
-7.655536704683765,104.43039904187447,0.0,3.579237894202128,0.8504762649536133,0.0,0.0,-0.5260130167007446,0.7282821536064148,0.0,0.0,-0.6852769255638123,0.11423662812945334
-8.569813811693386,103.8867262068876,0.0,3.551517720147126,0.8583232164382935,0.0,0.0,-0.5131091475486755,0.7371084690093994,0.0,0.0,-0.6757739782333374,-0.29360620995506576
-9.459586704280767,103.31791766013326,0.0,3.5239248987517273,0.86598140001297,0.0,0.0,-0.5000758767127991,0.7459232211112976,0.0,0.0,-0.6660315990447998,0.11563020496760479
-10.32456133646372,102.72437301245333,0.0,3.496455670305785,0.8734354972839355,0.0,0.0,-0.4869396388530731,0.7547181844711304,0.0,0.0,-0.6560488343238831,-0.29221887518506867
-11.164471387620667,102.10649546683402,0.0,3.4691066801577395,0.880670964717865,0.0,0.0,-0.47372832894325256,0.763484537601471,0.0,0.0,-0.6458258628845215,0.11701146709629395
-11.9790834404242,101.46468684877178,0.0,3.441900041863722,0.8876744508743286,0.0,0.0,-0.46047139167785645,0.7722120881080627,0.0,0.0,-0.6353645324707031,-0.29084480254395667
-12.768204670207933,100.79933843954072,0.0,3.414898029374502,0.8944342136383057,0.0,0.0,-0.44719937443733215,0.7808856964111328,0.0,0.0,-0.6246736645698547,0.11837520510080002
-13.53171285492567,100.11092798154364,0.0,3.388166452579002,0.9009401798248291,0.0,0.0,-0.4339430332183838,0.7894813418388367,0.0,0.0,-0.6137743592262268,-0.2894947229078203
-14.269772581658936,99.4007075491253,0.0,3.3617711213661416,0.9071856737136841,0.0,0.0,-0.4207301139831543,0.7979742288589478,0.0,0.0,-0.6026915907859802,0.11970830263680304
-14.982687975310627,98.67024572062911,0.0,3.3357778456248637,0.9131674766540527,0.0,0.0,-0.4075841009616852,0.806342363357544,0.0,0.0,-0.5914489030838013,-0.2881819312037154
-15.670775594886157,97.92103369054402,0.0,3.31025243524408,0.918885350227356,0.0,0.0,-0.39452430605888367,0.8145671486854553,0.0,0.0,-0.5800690054893494,0.12099746477724668
-16.334361397290518,97.15448290355177,0.0,3.2852607001127327,0.9243413209915161,0.0,0.0,-0.38156643509864807,0.8226326107978821,0.0,0.0,-0.5685729384422302,-0.2869197223586978
-16.97377847645444,96.37192544024371,0.0,3.260868450119746,0.9295393824577332,0.0,0.0,-0.3687225878238678,0.8305252194404602,0.0,0.0,-0.5569807887077332,0.12222939659507426
-17.589364791916655,95.5746146583308,0.0,3.2371414951540363,0.9344851970672607,0.0,0.0,-0.3560018539428711,0.8382338285446167,0.0,0.0,-0.5453107357025146,-0.28572139129982355
-18.181460887148898,94.76372607453646,0.0,3.2141456451045474,0.9391853213310242,0.0,0.0,-0.34341034293174744,0.8457494974136353,0.0,0.0,-0.5335798263549805,0.12339080316323023
-18.75040759738753,93.94035847321113,0.0,3.191946709860199,0.9436476230621338,0.0,0.0,-0.3309516906738281,0.8530654311180115,0.0,0.0,-0.521803617477417,-0.2846002329541494
-19.29654374614132,93.10553522870579,0.0,3.170610499309914,0.9478800296783447,0.0,0.0,-0.3186269700527191,0.8601763248443604,0.0,0.0,-0.5099964141845703,0.1244683895546588
-19.82020382897596,92.26020582956782,0.0,3.1502028233426316,0.9518914222717285,0.0,0.0,-0.306435227394104,0.8670785427093506,0.0,0.0,-0.4981710612773895,-0.2835695422487311
-20.32171568255322,91.40524759377689,0.0,3.130789491847273,0.955690324306488,0.0,0.0,-0.294373482465744,0.8737699389457703,0.0,0.0,-0.4863390028476715,0.12544886084230317
-20.801398136287304,90.54146756543818,0.0,3.1124363147127623,0.9592857360839844,0.0,0.0,-0.28243714570999146,0.8802495002746582,0.0,0.0,-0.47451043128967285,-0.2826426141106245
-21.259558643324464,89.66960458466315,0.0,3.095209101828036,0.9626861810684204,0.0,0.0,-0.2706199586391449,0.8865176439285278,0.0,0.0,-0.46269431710243225,0.12631892209910756
-21.696490886896274,88.79033152373184,0.0,3.079173663082018,0.9659002423286438,0.0,0.0,-0.2589143216609955,0.8925751447677612,0.0,0.0,-0.45089808106422424,-0.28183274346688625
-22.112472357410972,87.90425768409114,0.0,3.0643958083636313,0.9689359664916992,0.0,0.0,-0.24731133878231049,0.8984241485595703,0.0,0.0,-0.43912819027900696,0.12706527839801599
-22.507761894943293,87.01193135028726,0.0,3.0509413475618126,0.971801221370697,0.0,0.0,-0.23580116033554077,0.9040670990943909,0.0,0.0,-0.4273900091648102,-0.2811532252445722
-22.882597191065422,86.11384249854625,0.0,3.038876090565483,0.974503219127655,0.0,0.0,-0.22437284886837006,0.9095072150230408,0.0,0.0,-0.4156874418258667,0.12767463481197208
-23.237192243217436,85.21042565943117,0.0,3.0282658472635706,0.9770488142967224,0.0,0.0,-0.2130146622657776,0.9147484302520752,0.0,0.0,-0.4040233790874481,-0.28061735437073826
-23.57173475405843,84.30206293579025,0.0,3.019176427545007,0.9794443249702454,0.0,0.0,-0.20171399414539337,0.919794499874115,0.0,0.0,-0.39239975810050964,0.12813369641391975
-23.886383467449118,83.38908717911906,0.0,3.011673641298718,0.981695294380188,0.0,0.0,-0.19045758247375488,0.9246499538421631,0.0,0.0,-0.3808174431324005,-0.28023842577244085
-24.181265431913545,82.47178532944265,0.0,3.0058232984136293,0.983806848526001,0.0,0.0,-0.17923149466514587,0.9293195009231567,0.0,0.0,-0.36927613615989685,0.128429168276803
-24.456473181597733,81.55040192591456,0.0,3.0016912087786727,0.9857832789421082,0.0,0.0,-0.16802123188972473,0.9338077306747437,0.0,0.0,-0.357774555683136,-0.28002973437673595
-24.71206182388133,80.62514279755281,0.0,2.999343182282773,0.9876284003257751,0.0,0.0,-0.15681186318397522,0.938119649887085,0.0,0.0,-0.3463106155395508,0.1285477554735656
-24.94804602191395,79.69617894586034,0.0,2.998845028814859,0.9893452525138855,0.0,0.0,-0.1455882042646408,0.9422600865364075,0.0,0.0,-0.334881067276001,-0.28000457511067967
-25.164396859432944,78.7636506335352,0.0,3.0002625582638585,0.9909359812736511,0.0,0.0,-0.13433492183685303,0.9462339878082275,0.0,0.0,-0.32348188757896423,0.12847616307715148
-25.361038574265695,77.82767169609805,0.0,3.0036615805186977,0.9924021363258362,0.0,0.0,-0.12303686141967773,0.9500463008880615,0.0,0.0,-0.3121078908443451,-0.28017624290132814
-25.53784501684923,76.88833482411125,0.0,3.0091055744595185,0.9937443137168884,0.0,0.0,-0.11167937517166138,0.9537016749382019,0.0,0.0,-0.3007531762123108,0.12820121388822117
-25.694629847076527,75.9457569880559,0.0,3.0165281047519827,0.9949625134468079,0.0,0.0,-0.10024794191122055,0.9572046995162964,0.0,0.0,-0.28941085934638977,-0.2805511181686243
-25.831139185898593,75.00014569641932,0.0,3.025666889000275,0.9960557818412781,0.0,0.0,-0.08872851729393005,0.960559606552124,0.0,0.0,-0.2780732810497284,0.1277396591282064
-25.947058671940876,74.05180862992125,0.0,3.0362434267896736,0.9970226883888245,0.0,0.0,-0.07710862904787064,0.9637705087661743,0.0,0.0,-0.266731858253479,-0.2810852867438465
-26.042021887793634,73.10115725853926,0.0,3.0479792177054637,0.9978605508804321,0.0,0.0,-0.065377376973629,0.9668412208557129,0.0,0.0,-0.25537726283073425,0.1271469424152877
-26.11561907467404,72.1487094779532,0.0,3.0605957613329338,0.9985664486885071,0.0,0.0,-0.05352543294429779,0.9697750806808472,0.0,0.0,-0.24399957060813904,-0.28172248591695104
-26.167406165698253,71.19509124586673,0.0,3.073814557257359,0.9991365075111389,0.0,0.0,-0.04154571145772934,0.9725750684738159,0.0,0.0,-0.23258809745311737,0.12647932645950868
-26.196914163294803,70.24103719233109,0.0,3.0873571050640263,0.9995666146278381,0.0,0.0,-0.029433676972985268,0.9752436280250549,0.0,0.0,-0.2211320698261261,-0.28240645297789385
-26.2036588811305,69.28739017382227,0.0,3.1009449043382245,0.999852180480957,0.0,0.0,-0.017187919467687607,0.9777829051017761,0.0,0.0,-0.20961862802505493,0.12579307397091283
-26.18715106530602,68.3350997384262,0.0,3.114299454665228,0.9999884366989136,0.0,0.0,-0.004810485988855362,0.9801944494247437,0.0,0.0,-0.1980358064174652,-0.2830809252166314
-26.146906903499133,67.38521946903997,0.0,3.127142255630324,0.9999703764915466,0.0,0.0,0.007692580111324787,0.9824792742729187,0.0,0.0,-0.18637076020240784,0.12514444765954436
-26.08245892417662,66.43890317317756,0.0,3.1391948068187996,0.9997936487197876,0.0,0.0,0.020310893654823303,0.9846374988555908,0.0,0.0,-0.1746099889278412,-0.28368963992312013
-25.99336469698613,65.4973760075405,0.0,3.1502588929980795,0.9994543790817261,0.0,0.0,0.033029258251190186,0.9866688251495361,0.0,0.0,-0.16273996233940125,0.12458565542826766
-25.879200378724423,64.56181963739144,0.0,3.1605093137397446,0.998949408531189,0.0,0.0,0.04582754522562027,0.98857182264328,0.0,0.0,-0.15074999630451202,-0.28420733794037595
-25.739558797971725,63.633327128522524,0.0,3.1702291196104584,0.9982768297195435,0.0,0.0,0.058680519461631775,0.9903427362442017,0.0,0.0,-0.13864032924175262,0.12409475614186796
-25.574340547596737,62.712461981804964,0.0,3.1797013727650207,0.9974362254142761,0.0,0.0,0.0715603232383728,0.9919766783714294,0.0,0.0,-0.12642063200473785,-0.28468573456434376
-25.383813333450735,61.799158605208234,0.0,3.1892091353582455,0.9964285492897034,0.0,0.0,0.08443955332040787,0.9934689998626709,0.0,0.0,-0.11410223692655563,0.12361456611190713
-25.168254241734406,60.893236798093,0.0,3.1990354695449406,0.9952558279037476,0.0,0.0,0.09729146957397461,0.9948153495788574,0.0,0.0,-0.10169722139835358,-0.2851820140687223
-24.927917321850234,59.9944385026996,0.0,3.2094634374799105,0.9939213991165161,0.0,0.0,0.11009012907743454,0.9960120320320129,0.0,0.0,-0.0892186239361763,0.1230879010646864
-24.663023792281177,59.1024319682382,0.0,3.2207761013179668,0.9924299716949463,0.0,0.0,0.12281057983636856,0.99705570936203,0.0,0.0,-0.07668003439903259,-0.28575336072720997
-24.37375285173136,58.2168157109748,0.0,3.2332565232139197,0.9907869100570679,0.0,0.0,0.13542886078357697,0.9979437589645386,0.0,0.0,-0.06409545242786407,0.12245757672650695
-24.06023309514734,57.33712227186175,0.0,3.2471877653225705,0.9889988899230957,0.0,0.0,0.14792205393314362,0.9986740946769714,0.0,0.0,-0.05147925019264221,-0.2864569588135054
-23.722534532185804,56.46282177439883,0.0,3.2628528897987303,0.9870733618736267,0.0,0.0,0.16026845574378967,0.9992451667785645,0.0,0.0,-0.03884575888514519,0.12166640882367055
-23.360661205047034,55.59332528611442,0.0,3.280534958797214,0.9850186705589294,0.0,0.0,0.17244750261306763,0.9996563792228699,0.0,0.0,-0.026209631934762,-0.2873499926013076
-22.97454440336463,54.72798798720374,0.0,3.300517034472817,0.9828437566757202,0.0,0.0,0.18443983793258667,0.9999076128005981,0.0,0.0,-0.013585345819592476,0.12065721308247845
-22.56403647611757,53.86611214953811,0.0,3.323082178980362,0.9805583953857422,0.0,0.0,0.19622743129730225,0.9999994039535522,0.0,0.0,-0.0009869756177067757,-0.2884896463643149
-22.128905244345223,53.00694992835311,0.0,3.3485134544746415,0.9781726598739624,0.0,0.0,0.20779336988925934,0.9999328851699829,0.0,0.0,0.011571346782147884,0.11937280522923202
-21.66882902390587,52.14970596747178,0.0,3.377093923110473,0.9756973385810852,0.0,0.0,0.21912208199501038,0.999709963798523,0.0,0.0,0.024076156318187714,-0.28993310437622555
-21.18339227469849,51.29353981683346,0.0,3.40910664704267,0.9731433987617493,0.0,0.0,0.2301991879940033,0.9993329644203186,0.0,0.0,0.03651409596204758,0.11775600099023212
-20.672081901814096,50.43756815840154,0.0,3.4448346884260252,0.9705220460891724,0.0,0.0,0.24101148545742035,0.9988048076629639,0.0,0.0,0.04887247458100319,-0.29173755091073844
-20.134284245097962,49.580866833091086,0.0,3.4845611094153557,0.9678449034690857,0.0,0.0,0.2515470087528229,0.9981290698051453,0.0,0.0,0.0611390545964241,0.11574961609178108
-19.569291064203618,48.722484918787025,0.0,3.5285183026724054,0.9651234149932861,0.0,0.0,0.261794775724411,0.997309684753418,0.0,0.0,0.07330188155174255,-0.29395761117624597
-18.97637117238534,47.861547513546704,0.0,3.576513389939394,0.9623691439628601,0.0,0.0,0.27174490690231323,0.996350884437561,0.0,0.0,0.08534946292638779,0.11332562178536748
-18.35481978190126,46.99730150305555,0.0,3.628141021533598,0.9595938920974731,0.0,0.0,0.2813883125782013,0.9952577948570251,0.0,0.0,0.09727060794830322,-0.2965650673173673
-17.70397688127746,46.12910871982388,0.0,3.682994276753144,0.9568089842796326,0.0,0.0,0.2907167077064514,0.9940356016159058,0.0,0.0,0.109054334461689,0.11055525536013786
-17.023245048253983,45.25643879710183,0.0,3.7406662348961133,0.9540261030197144,0.0,0.0,0.2997228503227234,0.9926900267601013,0.0,0.0,0.12068983912467957,-0.2994777924761032
-16.312106931355334,44.3788621002095,0.0,3.8007499752606337,0.9512563347816467,0.0,0.0,0.30840057134628296,0.9912272691726685,0.0,0.0,0.13216647505760193,0.10752072301849544
-15.570142364598393,43.49604274130023,0.0,3.8628385771448306,0.9485105276107788,0.0,0.0,0.31674492359161377,0.9896538257598877,0.0,0.0,0.14347365498542786,-0.30261358045005254
-14.797045051167911,42.60773169454681,0.0,3.926525119846784,0.9457989931106567,0.0,0.0,0.32475218176841736,0.9879767298698425,0.0,0.0,0.15460099279880524,0.10430423096284125
-13.992638725252649,41.71376003901397,0.0,3.9914026826646216,0.9431312680244446,0.0,0.0,0.33241981267929077,0.986203134059906,0.0,0.0,0.16553813219070435,-0.30589022503681207
-13.156892676792761,40.81403236594861,0.0,4.057064344896471,0.9405165910720825,0.0,0.0,0.33974677324295044,0.9843407869338989,0.0,0.0,0.1762748807668686,0.10098798539557619
-12.289936501901014,39.90852039586959,0.0,4.123103185840411,0.9379634857177734,0.0,0.0,0.3467332124710083,0.9823975563049316,0.0,0.0,0.18680118024349213,-0.30922552003398074
-11.39207392236615,38.997256858516785,0.0,4.189112284794567,0.9354794025421143,0.0,0.0,0.3533805310726166,0.9803817868232727,0.0,0.0,0.1971070021390915,0.09765419251910362
-10.463795501257147,38.08032969542237,0.0,4.25468472105707,0.9330711364746094,0.0,0.0,0.35969141125679016,0.9783021807670593,0.0,0.0,0.2071823924779892,-0.31253725923915765
-9.505790068396019,37.157876650399565,0.0,4.3194135739259965,0.9307444095611572,0.0,0.0,0.36566978693008423,0.9761674404144287,0.0,0.0,0.21701759099960327,0.09438505853582452
-8.518954659721233,36.230080317610124,0.0,4.382891922699475,0.9285043478012085,0.0,0.0,0.3713209331035614,0.9739869832992554,0.0,0.0,0.2266029268503189,-0.3157432364499394
-7.504402768520956,35.2971637198973,0.0,4.444712846675632,0.9263548851013184,0.0,0.0,0.3766513466835022,0.9717701077461243,0.0,0.0,0.23592887818813324,0.0912627896481398
-6.4634707044923765,34.359386491715384,0.0,4.5044694251525454,0.9242989420890808,0.0,0.0,0.3816688656806946,0.9695264101028442,0.0,0.0,0.2449861466884613,-0.3187612454639249
-5.397721858802142,33.4170417411298,0.0,4.561754737428361,0.9223384261131287,0.0,0.0,0.38638266921043396,0.9672656655311584,0.0,0.0,0.25376537442207336,0.08836959205845216
-4.308948680036206,32.470453663940134,0.0,4.616161862801158,0.920474112033844,0.0,0.0,0.39080339670181274,0.9649978280067444,0.0,0.0,0.26225751638412476,-0.32150908007871265
-3.1991721773260187,31.519975979903037,0.0,4.667283880569065,0.9187055230140686,0.0,0.0,0.3949431777000427,0.9627329111099243,0.0,0.0,0.2704536020755768,0.08578767196916393
-2.0706387832231794,30.565991256262407,0.0,4.714713870030202,0.9170311093330383,0.0,0.0,0.398815780878067,0.9604810476303101,0.0,0.0,0.2783447802066803,-0.3239045340919014
-0.9258144301686739,29.608911177249727,0.0,4.758044910482656,0.9154478907585144,0.0,0.0,0.4024365544319153,0.9582517147064209,0.0,0.0,0.28592532873153687,0.08359923558267635
0.23263444179583334,28.649180511723788,0.0,4.796870081224555,0.9139518141746521,0.0,0.0,0.4058227241039276,0.9560511708259583,0.0,0.0,0.29319924116134644,-0.3258654013010882
1.4025316320807795,27.687387710254107,0.0,4.831056923128194,0.9125380516052246,0.0,0.0,0.40899166464805603,0.9538826942443848,0.0,0.0,0.30017900466918945,0.0818726274057249
2.5828726788703644,26.72413500252306,0.0,4.861660799671777,0.9112023115158081,0.0,0.0,0.4119589924812317,0.9517490267753601,0.0,0.0,0.3068770170211792,-0.32741105163157225
3.7730574326459836,25.75975539808679,0.0,4.890058337504564,0.9099406003952026,0.0,0.0,0.4147384464740753,0.9496523141860962,0.0,0.0,0.3133050203323364,0.08043840832326096
4.972812781709076,24.794297975603147,0.0,4.917626168650554,0.9087492227554321,0.0,0.0,0.4173422157764435,0.9475947618484497,0.0,0.0,0.31947416067123413,-0.3288033663359152
6.182196844705204,23.827534282215773,0.0,4.945740925133739,0.9076251983642578,0.0,0.0,0.4197811484336853,0.9455779790878296,0.0,0.0,0.3253948986530304,0.07901847112714053
7.401602719732611,22.85896403121136,0.0,4.975779238978115,0.9065654277801514,0.0,0.0,0.42206475138664246,0.9436034560203552,0.0,0.0,0.33107709884643555,-0.3303204528937119
8.631761771808389,21.887820069057685,0.0,5.009117742207691,0.9055674076080322,0.0,0.0,0.424201637506485,0.9416724443435669,0.0,0.0,0.3365301489830017,0.07733470833776795
9.873745839444883,20.913073064267074,0.0,5.04713060733676,0.9046289324760437,0.0,0.0,0.42619940638542175,0.9397859573364258,0.0,0.0,0.341762900352478,-0.33224029456689724
11.128796397471014,19.93356971699195,0.0,5.090490328528355,0.9037477970123291,0.0,0.0,0.42806482315063477,0.9379448890686035,0.0,0.0,0.34678372740745544,0.07514482342910156
12.397913241701136,18.94835180461003,0.0,5.138204421383033,0.9029220342636108,0.0,0.0,0.4298038184642792,0.9361499547958374,0.0,0.0,0.3516004681587219,-0.33465009723632544
13.681791244052517,17.956697005913494,0.0,5.18903885500318,0.9021500945091248,0.0,0.0,0.4314216673374176,0.93440181016922,0.0,0.0,0.35622045397758484,0.07257742779172038
14.980816745995378,16.958113404821226,0.0,5.241759598491219,0.901430606842041,0.0,0.0,0.43292295932769775,0.9327009320259094,0.0,0.0,0.36065056920051575,-0.33731276104885266
16.295064349351822,15.952334625010549,0.0,5.295132620949573,0.9007623791694641,0.0,0.0,0.4343116283416748,0.931047797203064,0.0,0.0,0.3648971617221832,0.069881820596854
17.624294131537717,14.939315638624194,0.0,5.34792389148063,0.9001443982124329,0.0,0.0,0.4355909824371338,0.929442822933197,0.0,0.0,0.36896610260009766,-0.33997898683324945
18.967949319495826,13.919229303137325,0.0,5.398899379186811,0.899569034576416,0.0,0.0,0.43676042556762695,0.9278864860534668,0.0,0.0,0.37286296486854553,0.06730730101573379
20.325154461154884,12.89246368740464,0.0,5.44682505317054,0.8990444540977478,0.0,0.0,0.4378264546394348,0.9263790249824524,0.0,0.0,0.3765926957130432,-0.34239947541828636
21.69471413519663,11.859620250604625,0.0,5.490466882534203,0.8985699415206909,0.0,0.0,0.43879058957099915,0.9249207973480225,0.0,0.0,0.38016003370285034,0.06510316821958922
23.07511223902204,10.821512936120758,0.0,5.528590836380228,0.8981450200080872,0.0,0.0,0.43965405225753784,0.9235121607780457,0.0,0.0,0.3835691809654236,-0.34432492763273204
24.46451189105525,9.77916823611981,0.0,5.559962883811025,0.8977693319320679,0.0,0.0,0.44041767716407776,0.9221534729003906,0.0,0.0,0.38682419061660767,0.06351872137964998
25.86075684129579,8.733825624948159,0.0,5.5833524500222955,0.8974426984786987,0.0,0.0,0.44108209013938904,0.9208450317382812,0.0,0.0,0.38992875814437866,-0.3455062188555235
27.26159693801402,7.686772184084918,0.0,5.598424964751763,0.8971648812294006,0.0,0.0,0.4416477084159851,0.9195870757102966,0.0,0.0,0.39288631081581116,0.06275748326200009
28.665212742541417,6.638956624304059,0.0,5.6069318257342795,0.896935760974884,0.0,0.0,0.44211483001708984,0.9183797836303711,0.0,0.0,0.395700067281723,-0.34593585829908485
30.070292960013138,5.590938782097358,0.0,5.610920648255812,0.8967552185058594,0.0,0.0,0.44248366355895996,0.9172233939170837,0.0,0.0,0.3983731269836426,0.06255602757909434
31.47603691247688,4.54289316852235,0.0,5.612439047602325,0.8966232538223267,0.0,0.0,0.4427544176578522,0.9161180853843689,0.0,0.0,0.40090838074684143,-0.3460125451347673
32.88215602416017,3.494610960915031,0.0,5.613534639059775,0.8965396881103516,0.0,0.0,0.44292712211608887,0.9150639176368713,0.0,0.0,0.40330854058265686,0.06250069467720287
34.28887430918075,2.4455004232415165,0.0,5.6162550379141285,0.8965045809745789,0.0,0.0,0.44300171732902527,0.9140611290931702,0.0,0.0,0.40557625889778137,-0.34614993901630026
35.69692785811736,1.3945857496109464,0.0,5.622647859451346,0.8965179920196533,0.0,0.0,0.44297781586647034,0.9131096601486206,0.0,0.0,0.4077138900756836,0.06217782490259588
37.10756331829897,0.3405043221816251,0.0,5.634760718957389,0.8965801000595093,0.0,0.0,0.44285479187965393,0.9122095704078674,0.0,0.0,0.4097236394882202,-0.3467616995974135
38.52253535347095,-0.718497640743891,0.0,5.654641231718218,0.8966913223266602,0.0,0.0,0.4426315724849701,0.9113610982894897,0.0,0.0,0.41160762310028076,0.06117375860154395
39.94410305149053,-1.7845710982585523,0.0,5.684337013019805,0.8968521952629089,0.0,0.0,0.4423065781593323,0.9105641841888428,0.0,0.0,0.41336750984191895,-0.34826148653183714
41.37502522380763,-2.8602719539659764,0.0,5.725895678148098,0.8970635533332825,0.0,0.0,0.44187772274017334,0.9098191261291504,0.0,0.0,0.4150049090385437,0.059074836120317054
42.81855450734383,-3.948570721667576,0.0,5.781364842389063,0.8973265290260315,0.0,0.0,0.44134217500686646,0.9091259837150574,0.0,0.0,0.4165209233760834,-0.3510629594733
44.27843013752875,-5.052864301426908,0.0,5.8527921210286795,0.8976425528526306,0.0,0.0,0.44069626927375793,0.9084852933883667,0.0,0.0,0.41791650652885437,0.05546739780518489
45.75880364085538,-6.176940268644792,0.0,5.94196177747519,0.8980134129524231,0.0,0.0,0.4399353861808777,0.9078973531723022,0.0,0.0,0.41919222474098206,-0.355566477475649
47.26156901179124,-7.322959941057487,0.0,6.039959919203334,0.8984414339065552,0.0,0.0,0.4390539824962616,0.907362699508667,0.0,0.0,0.42034846544265747,0.050517996707803825
48.7830933139911,-8.488922413422046,0.0,6.124662692271301,0.8989289402961731,0.0,0.0,0.4380459487438202,0.90688157081604,0.0,0.0,0.42138543725013733,-0.35984439530736445
50.31766874654572,-9.67122331374329,0.0,6.187698825844235,0.899486780166626,0.0,0.0,0.43690866231918335,0.9064544439315796,0.0,0.0,0.42230352759361267,0.04733435359805965
51.86038917818774,-10.866829135563048,0.0,6.232225493725336,0.9001097083091736,0.0,0.0,0.43563133478164673,0.9060815572738647,0.0,0.0,0.4231030344963074,-0.36209321691752105
53.407226843905235,-12.073336045792464,0.0,6.261707679837373,0.9008007645606995,0.0,0.0,0.43420663475990295,0.9057630896568298,0.0,0.0,0.42378443479537964,0.04584535429947195
54.95503024755553,-13.288973805320413,0.0,6.279610368103097,0.9015629291534424,0.0,0.0,0.4326265752315521,0.9054957628250122,0.0,0.0,0.4243466258049011,-0.36299739309255763
56.50151986003996,-14.512613181295674,0.0,6.289398542445284,0.9023995995521545,0.0,0.0,0.43088263273239136,0.9052844047546387,0.0,0.0,0.42479225993156433,0.04535100205996756
58.0452816108918,-15.743776845976898,0.0,6.294537186786696,0.9033141136169434,0.0,0.0,0.42896541953086853,0.9051288962364197,0.0,0.0,0.4251212179660797,-0.36325692058454817
59.58575817425238,-16.982653721816853,0.0,6.2984912850501,0.9043099284172058,0.0,0.0,0.42686477303504944,0.9050302505493164,0.0,0.0,0.4253307580947876,0.04515130012747237
61.12296305192913,-18.230052244832294,0.0,6.304400881984646,0.9053906798362732,0.0,0.0,0.42456984519958496,0.9049912095069885,0.0,0.0,0.42541441321372986,-0.36355538507619184
62.65639982618859,-19.486936748836488,0.0,6.312989207822193,0.9065595865249634,0.0,0.0,0.4220700263977051,0.9050146341323853,0.0,0.0,0.42536529898643494,0.04471754629729319
64.18531839114841,-20.754214576140384,0.0,6.32389024901325,0.9078192710876465,0.0,0.0,0.4193551540374756,0.9051032662391663,0.0,0.0,0.4251764416694641,-0.3641059427121037
65.7088557976474,-22.032734252850936,0.0,6.336732723720856,0.9091718196868896,0.0,0.0,0.41641557216644287,0.9052597284317017,0.0,0.0,0.4248408377170563,0.044068936463575625
67.2260344817545,-23.323284346293157,0.0,6.351145350108049,0.9106190204620361,0.0,0.0,0.41324207186698914,0.9054865837097168,0.0,0.0,0.4243514835834503,-0.36483385313569927
68.73576159564205,-24.626591964042646,0.0,6.366756846337866,0.9121619462966919,0.0,0.0,0.4098258912563324,0.9057909846305847,0.0,0.0,0.4237035810947418,0.04328047705802929
70.23682945659,-25.943320886502033,0.0,6.383195930573357,0.9138010144233704,0.0,0.0,0.4061586260795593,0.9061726331710815,0.0,0.0,0.4228888750076294,-0.3656641099152695
71.72791713339612,-27.27406932454231,0.0,6.400091320977546,0.9155363440513611,0.0,0.0,0.40223243832588196,0.9066342711448669,0.0,0.0,0.42190027236938477,0.04242717451236311
73.20759319161691,-28.61936729375978,0.0,6.417071735713481,0.917367160320282,0.0,0.0,0.3980397582054138,0.9071784615516663,0.0,0.0,0.42073073983192444,-0.36652170661910455
74.67431961984445,-29.97967359737903,0.0,6.433765892944206,0.9192922711372375,0.0,0.0,0.39357346296310425,0.9078075885772705,0.0,0.0,0.4193730652332306,0.04158403525828608
76.1264569585772,-31.35537241072698,0.0,6.449802510832749,0.9213100075721741,0.0,0.0,0.38882699608802795,0.9085241556167603,0.0,0.0,0.4178199768066406,-0.3673316368154956
77.56227065123335,-32.74676946159316,0.0,6.464810307542154,0.9234179854393005,0.0,0.0,0.3837941288948059,0.9093302488327026,0.0,0.0,0.4160638451576233,0.04082606572750802
78.97993863337457,-34.15408780260335,0.0,6.478418001235464,0.9256134033203125,0.0,0.0,0.3784691393375397,0.9102280735969543,0.0,0.0,0.41409730911254883,-0.36801889407273347
80.37756017129215,-35.57746317401677,0.0,6.490254310075711,0.9278925657272339,0.0,0.0,0.3728466331958771,0.9112192392349243,0.0,0.0,0.4119126796722412,0.04022827235173798
81.75316595475165,-37.01693895812977,0.0,6.499947952225937,0.93025141954422,0.0,0.0,0.36692172288894653,0.9123054146766663,0.0,0.0,0.40950214862823486,-0.36850847195910846
83.10472916111789,-38.47246042392504,0.0,6.507126285862607,0.9326852560043335,0.0,0.0,0.36069002747535706,0.9134879112243652,0.0,0.0,0.4068582057952881,0.03986573024887585
84.43012471881302,-39.94380870210907,0.0,6.511151798286055,0.9351889491081238,0.0,0.0,0.35414788126945496,0.9147676229476929,0.0,0.0,0.4039733409881592,-0.36871178066736343
85.7270348687351,-41.43045826727499,0.0,6.510807134066666,0.9377564191818237,0.0,0.0,0.347292423248291,0.9161451458930969,0.0,0.0,0.40083998441696167,0.039883137532683355
86.99296977533851,-42.9315419279166,0.0,6.504798176090397,0.9403809309005737,0.0,0.0,0.3401221036911011,0.9176205992698669,0.0,0.0,0.39745137095451355,-0.3684082979412892
88.22530852085043,-44.445831496107985,0.0,6.491830807243211,0.9430547952651978,0.0,0.0,0.33263662457466125,0.9191933870315552,0.0,0.0,0.39380088448524475,0.0405380551512281
89.42134382337491,-45.97171734472051,0.0,6.470610910411071,0.9457696676254272,0.0,0.0,0.3248375654220581,0.9208622574806213,0.0,0.0,0.38988304138183594,-0.3673365859800701
90.57833009370324,-47.50718702212734,0.0,6.439844368479926,0.9485161900520325,0.0,0.0,0.3167283236980438,0.9226253032684326,0.0,0.0,0.3856930136680603,0.042091920905326374
91.69354980817064,-49.04982504417828,0.0,6.398327386038542,0.9512843489646912,0.0,0.0,0.30831465125083923,0.9244796633720398,0.0,0.0,0.381227046251297,-0.3652397686850507
92.76460655100817,-50.597149939754786,0.0,6.346317745067093,0.954063355922699,0.0,0.0,0.2996046245098114,0.9264220595359802,0.0,0.0,0.37648263573646545,0.04471867044933897
93.78962428695311,-52.146906785846355,0.0,6.28525746198455,0.9568420052528381,0.0,0.0,0.29060840606689453,0.9284480810165405,0.0,0.0,0.37145838141441345,-0.36215591600411423
94.76722471743861,-53.69709221902686,0.0,6.216622635300409,0.9596084952354431,0.0,0.0,0.2813384234905243,0.9305529594421387,0.0,0.0,0.3661539554595947,0.04818507583742693
95.69649356856519,-55.245972822497656,0.0,6.141889363524092,0.9623512029647827,0.0,0.0,0.2718088924884796,0.9327308535575867,0.0,0.0,0.3605702817440033,-0.35838150833864363
96.57694258622901,-56.79210473205629,0.0,6.062533745165102,0.9650582075119019,0.0,0.0,0.2620355486869812,0.9349755048751831,0.0,0.0,0.35470935702323914,0.052192935350507175
97.40846781742749,-58.33435422906327,0.0,5.98003187873288,0.9677178859710693,0.0,0.0,0.252035528421402,0.9372802972793579,0.0,0.0,0.34857410192489624,-0.3542147474077233
98.19130474748744,-59.87191910278317,0.0,5.895859862736862,0.9703192710876465,0.0,0.0,0.2418268769979477,0.9396377801895142,0.0,0.0,0.34216827154159546,0.05644404726949792
98.92598082906247,-61.4043505866136,0.0,5.811493795686557,0.9728518128395081,0.0,0.0,0.23142822086811066,0.9420405626296997,0.0,0.0,0.33549684286117554,-0.34995383493043514
99.61326588137763,-62.93157570239599,0.0,5.728409776091402,0.9753057360649109,0.0,0.0,0.22085824608802795,0.9444807767868042,0.0,0.0,0.3285647928714752,0.06064020987531382
100.25411863333427,-64.45391465604062,0.0,5.64806461224957,0.9776721596717834,0.0,0.0,0.21013523638248444,0.9469503164291382,0.0,0.0,0.32137835025787354,-0.34589599837276686
100.84956389808303,-65.97191633727998,0.0,5.571232380295083,0.9799429774284363,0.0,0.0,0.19927693903446198,0.9494408369064331,0.0,0.0,0.3139444887638092,0.06452062563059102
101.40057973100629,-67.4861355780961,0.0,5.4978372786471015,0.9821113348007202,0.0,0.0,0.18830011785030365,0.9519428610801697,0.0,0.0,0.3062741160392761,-0.34218917505721225
101.90814127270585,-68.99687705626009,0.0,5.427750283050379,0.9841710925102234,0.0,0.0,0.1772201508283615,0.9544458389282227,0.0,0.0,0.2983827590942383,0.06806037288295069
102.37335076195805,-70.50357803043867,0.0,5.360842369249727,0.9861171841621399,0.0,0.0,0.16604995727539062,0.9569395780563354,0.0,0.0,0.2902856767177582,-0.33880998749152275
102.79728221296166,-72.00554509003925,0.0,5.296984512989901,0.9879456162452698,0.0,0.0,0.1548001915216446,0.9594150185585022,0.0,0.0,0.2819966673851013,0.0712855171384974
103.18093902877652,-73.50215737043165,0.0,5.236047690015655,0.9896531701087952,0.0,0.0,0.1434791535139084,0.9618636965751648,0.0,0.0,0.2735278904438019,-0.33573237016959107
103.52525692402894,-74.99285657295557,0.0,5.177902876071794,0.9912370443344116,0.0,0.0,0.13209359347820282,0.9642781615257263,0.0,0.0,0.26489076018333435,0.07422212390333882
103.83110696467101,-76.47713782792584,0.0,5.122421046903078,0.9926950931549072,0.0,0.0,0.12064862996339798,0.9666512608528137,0.0,0.0,0.2560952305793762,-0.3329302575853125
104.09929871403284,-77.95454134057421,0.0,5.069473178254263,0.9940252900123596,0.0,0.0,0.10914836823940277,0.9689768552780151,0.0,0.0,0.24715061485767365,0.07689625868358202
104.33058347606408,-79.42464476498883,0.0,5.018930245870152,0.9952259659767151,0.0,0.0,0.09759613126516342,0.9712490439414978,0.0,0.0,0.23806500434875488,-0.33037758423257957
104.52565762813387,-80.88705625587068,0.0,4.970663225495501,0.9962955117225647,0.0,0.0,0.08599379658699036,0.9734624028205872,0.0,0.0,0.22884601354599,0.079333986985332
104.68516603704474,-82.34140815229657,0.0,4.924543092875075,0.9972324967384338,0.0,0.0,0.0743434950709343,0.9756121635437012,0.0,0.0,0.21950040757656097,-0.32804828460528523
104.80970649743352,-83.78736394687944,0.0,4.880483613041631,0.9980355501174927,0.0,0.0,0.06264673918485641,0.9776937961578369,0.0,0.0,0.21003393828868866,0.08155921323954632
104.89983627735977,-85.2247005751812,0.0,4.83869215889182,0.9987033009529114,0.0,0.0,0.050904739648103714,0.9797031879425049,0.0,0.0,0.20045211911201477,-0.32593760510276953
104.9560651242485,-86.65334130088277,0.0,4.799499337254226,0.9992343783378601,0.0,0.0,0.039118483662605286,0.9816365242004395,0.0,0.0,0.19075946509838104,0.08353864867578842
104.97884293477163,-88.07335193929052,0.0,4.763236177969813,0.9996273517608643,0.0,0.0,0.02728889137506485,0.9834901690483093,0.0,0.0,0.1809600442647934,-0.32410613241163755
104.96854730065706,-89.48493637924021,0.0,4.730233710879495,0.9998810291290283,0.0,0.0,0.015416732989251614,0.9852609038352966,0.0,0.0,0.1710570901632309,0.08520543994297622
104.92547090641884,-90.88843155173387,0.0,4.70082296582423,0.9999936819076538,0.0,0.0,0.0035028569400310516,0.9869455099105835,0.0,0.0,0.1610531210899353,-0.3226207412472303
104.84980872974795,-92.28430186007888,0.0,4.6753349726449445,0.99996417760849,0.0,0.0,-0.00845176912844181,0.9885410666465759,0.0,0.0,0.15095049142837524,0.08649271232576844
104.74164614228485,-93.67312018626036,0.0,4.654057546476626,0.9997908473014832,0.0,0.0,-0.02044573239982128,0.990044891834259,0.0,0.0,0.14075028896331787,-0.32154612376398184
104.6009667800475,-95.05538810335243,0.0,4.636697052875276,0.9994722604751587,0.0,0.0,-0.03247705474495888,0.9914541244506836,0.0,0.0,0.1304536759853363,0.08736950493189724
104.42767828783188,-96.43140647987263,0.0,4.622543408749845,0.9990073442459106,0.0,0.0,-0.04454318434000015,0.9927662014961243,0.0,0.0,0.12006106227636337,-0.32083129325259646
104.22163648280927,-97.80126936371197,0.0,4.610877473192947,0.9983945488929749,0.0,0.0,-0.05664046108722687,0.9939783811569214,0.0,0.0,0.10957318544387817,0.087958693596387
103.98266984485083,-99.1648621863741,0.0,4.600980105297207,0.9976328015327454,0.0,0.0,-0.06876427680253983,0.9950880408287048,0.0,0.0,0.09899014979600906,-0.32033142618715504
103.71060452312067,-100.52186154452528,0.0,4.592132164155237,0.9967214465141296,0.0,0.0,-0.08090874552726746,0.9960924386978149,0.0,0.0,0.08831261843442917,0.08840555931062793
103.40528991219816,-101.87173653175111,0.0,4.583614508859652,0.9956598281860352,0.0,0.0,-0.09306679666042328,0.996988832950592,0.0,0.0,0.07754091918468475,-0.31990124157626687
103.06662482691597,-103.21375159953229,0.0,4.574707998503073,0.9944479465484619,0.0,0.0,-0.10522998869419098,0.9977743625640869,0.0,0.0,0.0666760727763176,0.08885538306601065
102.69458427850103,-104.54697092745334,0.0,4.564693492178114,0.9930860996246338,0.0,0.0,-0.11738841235637665,0.9984461665153503,0.0,0.0,0.055719174444675446,-0.31939545842854167
102.28924319492707,-105.87027561881742,0.0,4.552890967235349,0.991575300693512,0.0,0.0,-0.12953084707260132,0.9990013837814331,0.0,0.0,0.044672079384326935,0.08945147018433211
101.85075096164876,-107.18251953091696,0.0,4.539136719144916,0.9899174571037292,0.0,0.0,-0.14164486527442932,0.9994372129440308,0.0,0.0,0.033537089824676514,-0.31870079943407537
101.37929906907074,-108.48263760647086,0.0,4.523631927758344,0.9881148934364319,0.0,0.0,-0.15371684730052948,0.9997507333755493,0.0,0.0,0.02231696993112564,0.09023454045638124
100.87511330828004,-109.76964866986592,0.0,4.5065854556521705,0.986170768737793,0.0,0.0,-0.16573230922222137,0.9999391436576843,0.0,0.0,0.011014795862138271,-0.31783986649942014
100.33844636317846,-111.04265550283459,0.0,4.488206165402943,0.9840890169143677,0.0,0.0,-0.17767614126205444,0.9999997019767761,0.0,0.0,-0.00036564748734235764,0.09116278743866546
99.76957022359983,-112.30084445895238,0.0,4.468702919587201,0.9818743467330933,0.0,0.0,-0.18953277170658112,0.9999299645423889,0.0,0.0,-0.011820348910987377,-0.31685485408448366
99.16876844006609,-113.54348462924945,0.0,4.448284580781478,0.9795324206352234,0.0,0.0,-0.20128636062145233,0.9997273683547974,0.0,0.0,-0.02334333024919033,0.09219401667127772
98.53632855757309,-114.76992657270324,0.0,4.427160011562325,0.9770694375038147,0.0,0.0,-0.21292097866535187,0.9993900060653687,0.0,0.0,-0.03492158278822899,-0.3157879566491729
97.87280620209539,-115.97960062639794,0.0,4.40553807450628,0.9744921326637268,0.0,0.0,-0.22442156076431274,0.9989166259765625,0.0,0.0,-0.046533722430467606,0.0932860336943103
97.17950058037387,-117.17201481070903,0.0,4.383627632189878,0.9718073606491089,0.0,0.0,-0.2357761710882187,0.9983072280883789,0.0,0.0,-0.0581592433154583,-0.314681368653395
96.45779236955798,-118.3467523450127,0.0,4.361637547189669,0.9690215587615967,0.0,0.0,-0.2469758689403534,0.9975623488426208,0.0,0.0,-0.06977962702512741,0.09439664404785622
95.70899906728138,-119.50346878912023,0.0,4.339776682082184,0.9661409258842468,0.0,0.0,-0.2580144703388214,0.9966832399368286,0.0,0.0,-0.08137790858745575,-0.31357728455705747
94.93436810973047,-120.64188882494658,0.0,4.318253899443974,0.9631712436676025,0.0,0.0,-0.26888829469680786,0.9956716895103455,0.0,0.0,-0.09293891489505768,0.09548365327200828
94.13507070307872,-121.76180269177564,0.0,4.297278061851578,0.9601176977157593,0.0,0.0,-0.2795957922935486,0.9945301413536072,0.0,0.0,-0.10444928705692291,-0.31251789882006775
93.31219634344195,-122.86306228699834,0.0,4.277058031881527,0.9569849967956543,0.0,0.0,-0.2901372015476227,0.9932611584663391,0.0,0.0,-0.11589699983596802,0.09650486690685933
92.46674799947859,-123.94557694226364,0.0,4.257802672110374,0.9537771940231323,0.0,0.0,-0.3005145788192749,0.9918677806854248,0.0,0.0,-0.12727205455303192,-0.31154540590233276
91.59963793128726,-125.00930888271385,0.0,4.239720845114654,0.9504977464675903,0.0,0.0,-0.3107312321662903,0.9903532266616821,0.0,0.0,-0.13856558501720428,0.09741809049250175
90.71168411936884,-126.05426837431295,0.0,4.223021413470905,0.9471496939659119,0.0,0.0,-0.32079190015792847,0.9887208342552185,0.0,0.0,-0.14977006614208221,-0.3107020002637596
89.8036072781032,-127.08050856124721,0.0,4.207913239755677,0.9437351226806641,0.0,0.0,-0.3307022750377655,0.9869739413261414,0.0,0.0,-0.16087943315505981,0.09818112956902844
88.87602842942529,-128.08811999199713,0.0,4.194605186545504,0.9402556419372559,0.0,0.0,-0.3404690623283386,0.985116183757782,0.0,0.0,-0.17188914120197296,-0.3100298763642559
87.92946701416103,-129.07722482894997,0.0,4.183306116416928,0.9367123246192932,0.0,0.0,-0.3500998318195343,0.9831508994102478,0.0,0.0,-0.1827954649925232,0.09875178967653228
86.9643395208354,-130.04797073231055,0.0,4.1742248919464915,0.9331053495407104,0.0,0.0,-0.3596028685569763,0.9810813665390015,0.0,0.0,-0.19359561800956726,-0.3095712286637288
85.9809586146345,-131.00052440463543,0.0,4.167570375710733,0.9294344186782837,0.0,0.0,-0.3689870536327362,0.9789108037948608,0.0,0.0,-0.20428811013698578,0.09908787635510596
84.9795327526551,-131.93506477749895,0.0,4.163551430286195,0.925698459148407,0.0,0.0,-0.378261923789978,0.9766420125961304,0.0,0.0,-0.21487270295619965,-0.3093682516220855
83.96016627560105,-132.85177581660824,0.0,4.162376918249418,0.9218958616256714,0.0,0.0,-0.38743749260902405,0.9742778539657593,0.0,0.0,-0.22534970939159393,0.09914719514484213
82.92286146830942,-133.75083764180664,0.0,4.164249738748184,0.9180241823196411,0.0,0.0,-0.3965240716934204,0.9718209505081177,0.0,0.0,-0.2357201874256134,-0.30946283851596257
81.86756533066577,-134.63238119911352,0.0,4.169193938440519,0.9140804409980774,0.0,0.0,-0.4055326581001282,0.9692731499671936,0.0,0.0,-0.24598678946495056,0.09889748808967375
80.79422777344783,-135.49644196473966,0.0,4.177027932332317,0.9100608229637146,0.0,0.0,-0.4144744277000427,0.9666364192962646,0.0,0.0,-0.25615209341049194,-0.3098584947731241
79.7028132673888,-136.3429581769871,0.0,4.187558783462724,0.9059609174728394,0.0,0.0,-0.4233608543872833,0.963912308216095,0.0,0.0,-0.266219824552536,0.09836562692147138
78.59330921537803,-137.17177183502548,0.0,4.200593554870889,0.9017758369445801,0.0,0.0,-0.4322036802768707,0.9611019492149353,0.0,0.0,-0.2761935591697693,-0.3105168165614153
77.46573383421779,-137.98262995116562,0.0,4.215939309595953,0.897499680519104,0.0,0.0,-0.4410147964954376,0.9582059979438782,0.0,0.0,-0.28607869148254395,0.09759058880404395
76.32014356963896,-138.77518606994727,0.0,4.233403110677065,0.8931261897087097,0.0,0.0,-0.44980600476264954,0.9552249312400818,0.0,0.0,-0.29588034749031067,-0.311398826717027
75.15664006165493,-139.54900206942813,0.0,4.252792021153376,0.888648509979248,0.0,0.0,-0.45858877897262573,0.9521585702896118,0.0,0.0,-0.3056039810180664,0.09661135090119993
73.9753766711563,-140.30355026184805,0.0,4.273913104064025,0.8840593099594116,0.0,0.0,-0.4673745930194855,0.9490066766738892,0.0,0.0,-0.3152558207511902,-0.3124655480761507
72.77656457293719,-141.03821581232603,0.0,4.296573422448161,0.8793508410453796,0.0,0.0,-0.4761742949485779,0.9457679986953735,0.0,0.0,-0.32484278082847595,0.09546689037674858
71.56047841511446,-141.75229949541986,0.0,4.320580039344939,0.874515175819397,0.0,0.0,-0.4849981367588043,0.9424413442611694,0.0,0.0,-0.33437132835388184,-0.3136780034749778
70.3274615400384,-142.44502081031405,0.0,4.345740017793492,0.8695440292358398,0.0,0.0,-0.49385541677474976,0.9390249848365784,0.0,0.0,-0.34384891390800476,0.09419618439449842
69.07793075749251,-143.11552147597496,0.0,4.37186042083298,0.8644290566444397,0.0,0.0,-0.5027546882629395,0.9355162978172302,0.0,0.0,-0.3532835841178894,-0.3149972157496994
67.81238065702047,-143.76286932796393,0.0,4.398748311502534,0.8591622114181519,0.0,0.0,-0.5117032527923584,0.9319124817848206,0.0,0.0,-0.3626830577850342,0.0928382101182583
66.53138744280857,-144.3860626385955,0.0,4.42621075284131,0.8537353873252869,0.0,0.0,-0.5207070112228394,0.9282103776931763,0.0,0.0,-0.3720557391643524,-0.31638420773650633
65.23561227155848,-144.9840348818565,0.0,4.454054807888462,0.848141074180603,0.0,0.0,-0.5297703146934509,0.9244057536125183,0.0,0.0,-0.3814105689525604,0.09143194471183655
63.9258040713089,-145.55565996389595,0.0,4.4820875396831195,0.842372477054596,0.0,0.0,-0.5388956069946289,0.9204941987991333,0.0,0.0,-0.39075639843940735,-0.31780000227159
62.60280181717732,-146.0997579389738,0.0,4.510116011264438,0.8364236950874329,0.0,0.0,-0.5480832457542419,0.9164703488349915,0.0,0.0,-0.4001027047634125,0.09001636533904264
61.2675362385034,-146.6151012295103,0.0,4.537947285671572,0.8302900195121765,0.0,0.0,-0.5573313236236572,0.9123286008834839,0.0,0.0,-0.4094584882259369,-0.31920562219114224
59.92103093096053,-147.10042136726778,0.0,4.5653884259436515,0.8239683508872986,0.0,0.0,-0.5666354894638062,0.908062756061554,0.0,0.0,-0.41883385181427,0.0886304491636851
58.564398503245116,-147.5544176679533,0.0,4.5922611898933035,0.8174574971199036,0.0,0.0,-0.5759885311126709,0.9036655426025391,0.0,0.0,-0.42823880910873413,-0.3205628324916297
57.198788204753654,-147.97577991081008,0.0,4.618563854092194,0.8107584118843079,0.0,0.0,-0.5853805541992188,0.8991288542747498,0.0,0.0,-0.4376838803291321,0.08730203177990273
55.825350706929804,-148.36319840178263,0.0,4.644411340564865,0.8038747310638428,0.0,0.0,-0.5947983264923096,0.8944451808929443,0.0,0.0,-0.447177529335022,-0.3218682611013606
54.445230915942254,-148.71536765524132,0.0,4.66992064338815,0.7968130111694336,0.0,0.0,-0.6042256951332092,0.8896098136901855,0.0,0.0,-0.45672109723091125,0.0860136831524641
53.059199246521246,-149.03144089508828,0.0,4.695208756638883,0.7895821332931519,0.0,0.0,-0.6136446595191956,0.8846215009689331,0.0,0.0,-0.466309517621994,-0.32314543853826627
51.66742148378002,-149.3113121522715,0.0,4.720392674393879,0.782191812992096,0.0,0.0,-0.6230373978614807,0.8794796466827393,0.0,0.0,-0.47593623399734497,0.08474176811433301
50.26998022636037,-149.5549627381624,0.0,4.745589390729969,0.7746526002883911,0.0,0.0,-0.6323868036270142,0.8741844892501831,0.0,0.0,-0.4855937957763672,-0.3244179999693819
48.86692575194068,-149.76239380010534,0.0,4.770915899723991,0.7669755220413208,0.0,0.0,-0.6416760683059692,0.8687365651130676,0.0,0.0,-0.4952744245529175,0.08346265149847329
47.458276283604896,-149.93362205766792,0.0,4.796489195452757,0.7591724395751953,0.0,0.0,-0.6508893370628357,0.8631370663642883,0.0,0.0,-0.5049696564674377,-0.3257095805617438
46.0440182829735,-150.06867569433416,0.0,4.822426271993103,0.7512555718421936,0.0,0.0,-0.6600112318992615,0.857387900352478,0.0,0.0,-0.5146707892417908,0.08215269813784973
44.6241067710449,-150.16759041150297,0.0,4.848844123421862,0.7432376146316528,0.0,0.0,-0.6690273284912109,0.8514915108680725,0.0,0.0,-0.524368405342102,-0.3270438154823882
43.198465677752715,-150.23040565123182,0.0,4.8758597438158455,0.7351317405700684,0.0,0.0,-0.6779240965843201,0.8454508781433105,0.0,0.0,-0.5340530872344971,0.08078827286542634
41.76698822135394,-150.25716099387125,0.0,4.903590127251894,0.7269511222839355,0.0,0.0,-0.686689019203186,0.8392700552940369,0.0,0.0,-0.5437148213386536,-0.32844433989835026
40.329537318853205,-150.2478927365626,0.0,4.932152267806835,0.7187093496322632,0.0,0.0,-0.6953103542327881,0.8329527974128723,0.0,0.0,-0.5533440113067627,0.07934574051416668
38.885946028781504,-150.20263065853288,0.0,4.961663159557484,0.7104201912879944,0.0,0.0,-0.703777551651001,0.8265040516853333,0.0,0.0,-0.5629306435585022,-0.32993478897666584
37.43601802778369,-150.12139497920995,0.0,4.992239796580686,0.7020972371101379,0.0,0.0,-0.7120808959007263,0.8199290633201599,0.0,0.0,-0.5724649429321289,0.07780146591703524
35.97952812260189,-150.0041935154145,0.0,5.023999172953251,0.6937540173530579,0.0,0.0,-0.7202118039131165,0.8132336139678955,0.0,0.0,-0.5819372534751892,-0.33153879788437113
34.516222968871254,-149.85101906405293,0.0,5.0570576958477425,0.6854040622711182,0.0,0.0,-0.7281627655029297,0.8064237236976624,0.0,0.0,-0.5913379788398743,0.07613184354862657
33.04583900039489,-149.66184943546085,0.0,5.091471659890449,0.677060604095459,0.0,0.0,-0.7359271049499512,0.7995060682296753,0.0,0.0,-0.6006578207015991,-0.333276876876427
31.56813492278205,-149.43665254957187,0.0,5.127186060118318,0.6687366962432861,0.0,0.0,-0.7434991598129272,0.7924877405166626,0.0,0.0,-0.6098875999450684,0.07432808596136042
30.082895312253644,-149.17539074447137,0.0,5.164133832844277,0.660444974899292,0.0,0.0,-0.7508742213249207,0.7853760719299316,0.0,0.0,-0.6190187931060791,-0.33514292600400064
28.5899307064852,-148.8780248071535,0.0,5.202247914381257,0.6521977782249451,0.0,0.0,-0.7580485343933105,0.7781786918640137,0.0,0.0,-0.6280428171157837,0.07240313234838164
27.089077685958102,-148.54451796588714,0.0,5.241461241042162,0.64400714635849,0.0,0.0,-0.7650191783905029,0.7709032893180847,0.0,0.0,-0.6369519829750061,-0.33712339704748073
25.5801989451004,-148.17483984381482,0.0,5.281706749139921,0.6358845829963684,0.0,0.0,-0.7717838883399963,0.7635583877563477,0.0,0.0,-0.6457386016845703,0.0703705309293029
24.06318335245166,-147.7689703725557,0.0,5.322917374987472,0.6278411746025085,0.0,0.0,-0.7783412337303162,0.7561524510383606,0.0,0.0,-0.654395341873169,-0.339204741787256
22.53794599905378,-147.32690366376264,0.0,5.365026054897711,0.6198874711990356,0.0,0.0,-0.7846904397010803,0.7486937046051025,0.0,0.0,-0.6629159450531006,0.06824382992373529
21.004428234212618,-146.84865183577614,0.0,5.407965725183569,0.6120336651802063,0.0,0.0,-0.7908315062522888,0.7411912083625793,0.0,0.0,-0.6712939143180847,-0.3413734120037135
19.462597687741916,-146.33424879174135,0.0,5.45166932215798,0.604289174079895,0.0,0.0,-0.7967649102210999,0.7336535453796387,0.0,0.0,-0.6795237064361572,0.06603657755129033
17.912448277772086,-145.78375394480514,0.0,5.496069782133846,0.5966631174087524,0.0,0.0,-0.8024917840957642,0.7260895371437073,0.0,0.0,-0.6876002550125122,-0.34361585947724216
16.354000203160165,-145.1972558852803,0.0,5.5411000414241,0.5891637206077576,0.0,0.0,-0.8080136179924011,0.7185079455375671,0.0,0.0,-0.6955189108848572,0.06376232203158055
14.78730323601733,-144.57487733579885,0.0,5.58668119242629,0.5817989110946655,0.0,0.0,-0.8133326172828674,0.7109175324440002,0.0,0.0,-0.7032755017280579,-0.3459179378106861
13.212473989132674,-143.9167949946524,0.0,5.632600500985562,0.5745759010314941,0.0,0.0,-0.8184512853622437,0.7033272981643677,0.0,0.0,-0.7108662128448486,0.06144316503363745
11.62971873908445,-143.22325733058244,0.0,5.678560690986324,0.5675013065338135,0.0,0.0,-0.8233724236488342,0.6957458853721619,0.0,0.0,-0.7182879447937012,-0.34823915952789625
10.03933263399486,-142.49459376838382,0.0,5.724263155890803,0.5605811476707458,0.0,0.0,-0.8280994296073914,0.68818199634552,0.0,0.0,-0.7255379557609558,0.05913495973543148
8.441698414892537,-141.73122313241768,0.0,5.769409289161206,0.5538210272789001,0.0,0.0,-0.8326355814933777,0.6806442141532898,0.0,0.0,-0.7326139807701111,-0.3505192672688257
6.8372850212581575,-140.933661437322,0.0,5.813700484259768,0.5472259521484375,0.0,0.0,-0.8369847536087036,0.6731408834457397,0.0,0.0,-0.7395139932632446,0.05689803069004956
5.226646077137213,-140.10252897569617,0.0,5.85683813464872,0.5408004522323608,0.0,0.0,-0.8411508202552795,0.6656803488731384,0.0,0.0,-0.7462366819381714,-0.35269793648038894
3.610418254826861,-139.238556651031,0.0,5.898523633790267,0.5345485806465149,0.0,0.0,-0.8451377153396606,0.6582707762718201,0.0,0.0,-0.7527809143066406,0.05479270245057749
1.9893195138609467,-138.34259150362257,0.0,5.938458375146655,0.5284739136695862,0.0,0.0,-0.8489494323730469,0.650920033454895,0.0,0.0,-0.759145975112915,-0.3547148426094995
0.36414721384447457,-137.4156013776944,0.0,5.976343752180085,0.5225796699523926,0.0,0.0,-0.8525902628898621,0.6436358094215393,0.0,0.0,-0.7653315663337708,0.05287929957010129
-1.2642238994039117,-136.45867867945412,0.0,6.011881158352793,0.5168685913085938,0.0,0.0,-0.8560645580291748,0.6364259123802185,0.0,0.0,-0.7713375687599182,-0.3565096611030706
-2.8948438338776556,-135.47304317841034,0.0,6.044771987127009,0.5113427042961121,0.0,0.0,-0.859376847743988,0.6292977333068848,0.0,0.0,-0.7771639823913574,0.05121814660170654
-4.526689615954937,-134.4600438078981,0.0,6.074717631964943,0.5060033798217773,0.0,0.0,-0.8625314235687256,0.6222583651542664,0.0,0.0,-0.7828116416931152,-0.35802206740801673
-6.158667676602641,-133.42115942553568,0.0,6.101419486328828,0.5008516311645508,0.0,0.0,-0.8655329942703247,0.6153146624565125,0.0,0.0,-0.7882813215255737,0.04986956809847998
-7.789617266228474,-132.35799789932847,0.0,6.124582373341772,0.495887815952301,0.0,0.0,-0.868386447429657,0.6084730625152588,0.0,0.0,-0.7935742139816284,-0.35919191018644825
-9.418394204176174,-131.272239960659,0.0,6.144217963093389,0.49111154675483704,0.0,0.0,-0.8710964918136597,0.6017402410507202,0.0,0.0,-0.7986916899681091,0.048877871646378135
-11.044015179798343,-130.16553361477762,0.0,6.160883088015983,0.48652204871177673,0.0,0.0,-0.8736681938171387,0.595122218132019,0.0,0.0,-0.8036350011825562,-0.36003358316233686
-12.66566977438768,-129.03946964227634,0.0,6.175190666644208,0.48211753368377686,0.0,0.0,-0.8761063814163208,0.5886244177818298,0.0,0.0,-0.8084063529968262,0.04815526666515463
-14.2827172183827,-127.89556828479385,0.0,6.187753617512705,0.4778958559036255,0.0,0.0,-0.8784164190292358,0.5822524428367615,0.0,0.0,-0.8130078315734863,-0.36066807563044273
-15.894682923477822,-126.73526773310742,0.0,6.199184859156125,0.4738539159297943,0.0,0.0,-0.8806034922599792,0.5760114192962646,0.0,0.0,-0.8174413442611694,0.04757793122861825
-17.501254793515386,-125.55991447112343,0.0,6.21009731010912,0.4699879288673401,0.0,0.0,-0.8826728463172913,0.5699060559272766,0.0,0.0,-0.8217096328735352,-0.36121920951695763
-19.10227931616562,-124.37075551562285,0.0,6.221103888906333,0.4662933945655823,0.0,0.0,-0.8846300840377808,0.5639406442642212,0.0,0.0,-0.8258152008056641,0.0470220434105772
-20.69775743509979,-123.16893258198441,0.0,6.232817514082417,0.4627651870250702,0.0,0.0,-0.8864807486534119,0.5581192970275879,0.0,0.0,-0.8297606110572815,-0.361810806748073
-22.28784019968949,-121.95547820049505,0.0,6.245851104172024,0.45939746499061584,0.0,0.0,-0.8882306814193726,0.5524460673332214,0.0,0.0,-0.8335486650466919,0.04636378128483948
-23.872824163526897,-120.73131382392553,0.0,6.26081748812851,0.4561835527420044,0.0,0.0,-0.8898855447769165,0.5469242930412292,0.0,0.0,-0.8371819853782654,-0.3625666847256733
-25.453104637251254,-119.49728283055711,0.0,6.2781624252777855,0.45311614871025085,0.0,0.0,-0.8914512991905212,0.5415575504302979,0.0,0.0,-0.8406636118888855,0.04548777435810841
-27.029043707700602,-118.2542547939296,0.0,6.297818001399933,0.4501872658729553,0.0,0.0,-0.8929339647293091,0.5363480448722839,0.0,0.0,-0.8439968228340149,-0.36355939059042824
-28.600947192275438,-117.00314543114915,0.0,6.31961790297345,0.4473882019519806,0.0,0.0,-0.8943396806716919,0.5312943458557129,0.0,0.0,-0.8471872806549072,0.04438676922813278
-30.169196965928414,-115.74447479632457,0.0,6.343395816476859,0.4447101652622223,0.0,0.0,-0.8956743478775024,0.5263916254043579,0.0,0.0,-0.8502422571182251,-0.3647602953128226
-31.73435941042723,-114.47800628491179,0.0,6.368985428388677,0.4421452283859253,0.0,0.0,-0.8969432711601257,0.5216349363327026,0.0,0.0,-0.8531688451766968,0.043094364586121814
-33.296979380368555,-113.20345350231756,0.0,6.3962204251874075,0.4396863281726837,0.0,0.0,-0.8981512188911438,0.5170194506645203,0.0,0.0,-0.8559737205505371,-0.36613580020164743
-34.85755804541754,-111.920562317128,0.0,6.424934493351567,0.4373272955417633,0.0,0.0,-0.8993022441864014,0.5125405192375183,0.0,0.0,-0.8586630821228027,0.04164415912328545
-36.416554659021585,-110.62911137267432,0.0,6.454961319359681,0.4350625276565552,0.0,0.0,-0.9004000425338745,0.508193850517273,0.0,0.0,-0.8612428307533264,-0.3676523065656936
-37.9743882524219,-109.32891257695393,0.0,6.486134589690246,0.4328872859477997,0.0,0.0,-0.9014478921890259,0.5039751529693604,0.0,0.0,-0.8637182712554932,0.0400697515308327
-39.531439253259784,-108.01981157068899,0.0,6.518287990821789,0.430797278881073,0.0,0.0,-0.9024485945701599,0.49988043308258057,0.0,0.0,-0.8660944700241089,-0.36927621571375135
-41.088051027457595,-106.70168817315475,0.0,6.551255209232812,0.42878884077072144,0.0,0.0,-0.9034046530723572,0.4959059953689575,0.0,0.0,-0.8683762550354004,0.038404740499973
-42.64453133765104,-105.37445680941404,0.0,6.584869910671461,0.4268587827682495,0.0,0.0,-0.9043182730674744,0.4920484721660614,0.0,0.0,-0.8705678582191467,-0.37097392790762257
-44.20114631880126,-104.03807329013671,0.0,6.618934187085094,0.4250042736530304,0.0,0.0,-0.9051912426948547,0.48830437660217285,0.0,0.0,-0.8726733922958374,0.036684322499284494
-45.75809973840265,-102.6925545023695,0.0,6.6531549559178105,0.42322301864624023,0.0,0.0,-0.9060253500938416,0.4846705496311188,0.0,0.0,-0.874696671962738,-0.3727022495658406
-47.31553074436384,-101.33798257858595,0.0,6.687221273250816,0.42151308059692383,0.0,0.0,-0.9068220853805542,0.4811441898345947,0.0,0.0,-0.8766415119171143,0.03496380142186001
-48.87351569272402,-99.97450542442448,0.0,6.720822195165321,0.4198727309703827,0.0,0.0,-0.9075827598571777,0.4777224361896515,0.0,0.0,-0.8785109519958496,-0.37439926582414895
-50.43206979241917,-98.6023371933979,0.0,6.753646777742507,0.418300598859787,0.0,0.0,-0.9083084464073181,0.4744027256965637,0.0,0.0,-0.8803079724311829,0.03330599422099206
-51.99114855902804,-97.22175870623738,0.0,6.785384077063579,0.41679561138153076,0.0,0.0,-0.909000039100647,0.47118276357650757,0.0,0.0,-0.8820356130599976,-0.3760021597292536
-53.55064906917036,-95.83311781246577,0.0,6.815723149209749,0.41535699367523193,0.0,0.0,-0.9096584320068359,0.46806052327156067,0.0,0.0,-0.8836964964866638,0.031773717849973404
-55.110411507058316,-94.4368292431456,0.0,6.844355247971683,0.4139839708805084,0.0,0.0,-0.9102841019630432,0.46503373980522156,0.0,0.0,-0.8852929472923279,-0.37744822532329075
-56.670258677857426,-93.03333994759544,0.0,6.8711423840159345,0.4126761555671692,0.0,0.0,-0.9108777046203613,0.46210071444511414,0.0,0.0,-0.8868275284767151,0.030420832191172864
-58.23006135785097,-91.62306975776812,0.0,6.896236420150133,0.4114297926425934,0.0,0.0,-0.9114320874214172,0.4592597186565399,0.0,0.0,-0.8883020281791687,-0.37871560088562406
-59.78974330631017,-90.2064052458724,0.0,6.919817347019687,0.41024887561798096,0.0,0.0,-0.9119569063186646,0.4565092623233795,0.0,0.0,-0.8897185325622559,0.029229876288670187
-61.34927992731538,-88.78369933768421,0.0,6.94206515527002,0.40913331508636475,0.0,0.0,-0.912452220916748,0.4538477957248688,0.0,0.0,-0.8910791277885437,-0.3798392275649338
-62.90869703603794,-87.35527095614111,0.0,6.963159835546546,0.40808311104774475,0.0,0.0,-0.9129180908203125,0.45127421617507935,0.0,0.0,-0.8923852443695068,0.028164488395916343
-64.46806973419136,-85.92140469656859,0.0,6.983281378494674,0.40709832310676575,0.0,0.0,-0.9133545756340027,0.4487871527671814,0.0,0.0,-0.8936386108398438,-0.3808554671077685
-66.02752139881413,-84.48235053475386,0.0,7.002609774759826,0.40617913007736206,0.0,0.0,-0.9137616753578186,0.44638559222221375,0.0,0.0,-0.8948407173156738,0.02718830676636319
-67.58722278809915,-83.0383235689392,0.0,7.021325014987418,0.4053257703781128,0.0,0.0,-0.9141393899917603,0.44406843185424805,0.0,0.0,-0.8959928154945374,-0.3818006812606772
-69.14739126759352,-81.58950379669184,0.0,7.03960708982286,0.4045385718345642,0.0,0.0,-0.9144876599311829,0.44183486700057983,0.0,0.0,-0.8970963358879089,0.026264969653461978
-70.70829015975241,-80.13603592752344,0.0,7.057635989911568,0.4038177728652954,0.0,0.0,-0.9148064255714417,0.4396839737892151,0.0,0.0,-0.8981524705886841,-0.3827112317702078
-72.27022821958926,-78.67802923204233,0.0,7.075591705898967,0.4031638205051422,0.0,0.0,-0.9150955677032471,0.43761512637138367,0.0,0.0,-0.8991623520851135,0.025358115310664064
-73.83355923895635,-77.21555742838467,0.0,7.093654228430461,0.40257707238197327,0.0,0.0,-0.9153550267219543,0.4356275498867035,0.0,0.0,-0.9001269340515137,-0.38362348038290955
-75.39868178189035,-75.74865860661686,0.0,7.112003548151471,0.4020579755306244,0.0,0.0,-0.9155846834182739,0.4337207078933716,0.0,0.0,-0.9010472893714905,0.02443138199142114
-76.96603905339161,-74.27733519180491,0.0,7.13081965570741,0.401606947183609,0.0,0.0,-0.9157842993736267,0.4318939745426178,0.0,0.0,-0.9019243121147156,-0.3845737888453307
-78.53611864593566,-72.80155418917923,0.0,7.150281365822969,0.40122443437576294,0.0,0.0,-0.9159538745880127,0.4301470220088959,0.0,0.0,-0.9027588963508606,0.023448467339120205
-80.10943394574807,-71.3212648634671,0.0,7.170482069835301,0.4009108543395996,0.0,0.0,-0.9160931706428528,0.4284791350364685,0.0,0.0,-0.9035516381263733,-0.38559402642171114
-81.68649337667145,-69.83642810177867,0.0,7.191373412241373,0.4006666839122772,0.0,0.0,-0.9162020087242126,0.42689013481140137,0.0,0.0,-0.9043034315109253,0.022393349035783217
-83.2677979013334,-68.34701929514992,0.0,7.212893683188234,0.4004923105239868,0.0,0.0,-0.9162802696228027,0.4253796935081482,0.0,0.0,-0.9050149917602539,-0.38668090879276473
-84.85384141819517,-66.85302845321758,0.0,7.234981172822934,0.4003881812095642,0.0,0.0,-0.9163276553153992,0.42394739389419556,0.0,0.0,-0.9056867957115173,0.021277819256252883
-86.44511111678415,-65.35446030677478,0.0,7.257574171292502,0.4003547430038452,0.0,0.0,-0.9163440465927124,0.4225930869579315,0.0,0.0,-0.9063194990158081,-0.38782196932153074
-88.04208779029558,-63.85133439797316,0.0,7.280610968743988,0.4003923237323761,0.0,0.0,-0.9163292050361633,0.42131659388542175,0.0,0.0,-0.9069135785102844,0.020114344637490955
-89.6452461046768,-62.343685157918316,0.0,7.304029855324439,0.4005013108253479,0.0,0.0,-0.9162828922271729,0.4201176166534424,0.0,0.0,-0.907469630241394,-0.38900474137104846
-91.25505482325104,-60.83156197137889,0.0,7.327769121180886,0.4006820619106293,0.0,0.0,-0.9162049889564514,0.418996125459671,0.0,0.0,-0.9079879522323608,0.018915391816458293
-92.87197698587607,-59.31502922832151,0.0,7.351767056460378,0.40093493461608887,0.0,0.0,-0.9160951972007751,0.41795191168785095,0.0,0.0,-0.908469021320343,-0.39021675830435615
-94.49647004158571,-57.794166361967456,0.0,7.375961951309967,0.4012601375579834,0.0,0.0,-0.9159532785415649,0.41698506474494934,0.0,0.0,-0.9089131951332092,0.01769342743011537
-96.12898593362837,-56.26906787305308,0.0,7.400292095876676,0.40165793895721436,0.0,0.0,-0.9157790541648865,0.4160953462123871,0.0,0.0,-0.9093208909034729,-0.3914455534844929
-97.76997113577706,-54.73984333997247,0.0,7.424695780307561,0.40212851762771606,0.0,0.0,-0.9155722260475159,0.41528281569480896,0.0,0.0,-0.9096922874450684,0.01646091811542416
-99.41986663877117,-53.206617414467935,0.0,7.449111294749666,0.40267202258110046,0.0,0.0,-0.9153326153755188,0.41454729437828064,0.0,0.0,-0.9100276231765747,-0.3926786602744982
-101.07910788573045,-51.66952980253492,0.0,7.473476929350023,0.4032886028289795,0.0,0.0,-0.9150600433349609,0.41388893127441406,0.0,0.0,-0.9103271961212158,0.01523033050934558
-102.74812465537983,-50.128735230201734,0.0,7.4977309742556795,0.40397822856903076,0.0,0.0,-0.9147542715072632,0.41330602765083313,0.0,0.0,-0.910587728023529,-0.3939036120374102
-104.42734089192084,-48.584403393852725,0.0,7.521811719613687,0.4047408699989319,0.0,0.0,-0.9144151210784912,0.41280072927474976,0.0,0.0,-0.9108138680458069,0.014014131248840156
-106.11717448040585,-47.03671889475811,0.0,7.545657455571076,0.4055764973163605,0.0,0.0,-0.9140422940254211,0.4123729169368744,0.0,0.0,-0.9110057353973389,-0.39510794213626826
-107.81803696648791,-45.485881157485444,0.0,7.569206472274895,0.4064849019050598,0.0,0.0,-0.9136356711387634,0.4120224714279175,0.0,0.0,-0.9111632108688354,0.012824786970869528
-109.53033321944963,-43.932104331875216,0.0,7.59239705987219,0.4074658751487732,0.0,0.0,-0.913195013999939,0.4117492139339447,0.0,0.0,-0.9112862944602966,-0.39627918393411143
-111.2544610374533,-42.37561717827694,0.0,7.61516750850999,0.4084518551826477,0.0,0.0,-0.9127511978149414,0.4115530848503113,0.0,0.0,-0.9113749265670776,0.01167476431239478
-112.99081069401055,-40.81666293574964,0.0,7.637456108335357,0.40944600105285645,0.0,0.0,-0.9123026132583618,0.41143399477005005,0.0,0.0,-0.9114290475845337,-0.3974048707939784
-114.73976442471752,-39.255499172958224,0.0,7.659201149495314,0.4104510545730591,0.0,0.0,-0.9118480086326599,0.41139182448387146,0.0,0.0,-0.91144859790802,0.010576529910376664
-116.50169585338274,-37.6923976215062,0.0,7.6803409221369145,0.4114694893360138,0.0,0.0,-0.9113861918449402,0.4114263653755188,0.0,0.0,-0.9114334583282471,-0.3984725360789077
-118.27696935674504,-36.12764399147599,0.0,7.700813716407207,0.41250351071357727,0.0,0.0,-0.9109159708023071,0.41153737902641296,0.0,0.0,-0.9113836288452148,0.00954255040177604
-120.06593936707064,-34.56153776896941,0.0,7.72055782245322,0.4135589301586151,0.0,0.0,-0.9104448556900024,0.41172468662261963,0.0,0.0,-0.9112990498542786,-0.39946971315193863
-121.86894961201563,-32.99439199547396,0.0,7.739511530422003,0.41462934017181396,0.0,0.0,-0.9099542498588562,0.4119880795478821,0.0,0.0,-0.9111796021461487,0.008585292423554658
-123.68633229125214,-31.42653302890534,0.0,7.757613130460604,0.4157244861125946,0.0,0.0,-0.9094613194465637,0.41232720017433167,0.0,0.0,-0.9110252261161804,-0.4003839353761104
-125.51840718947048,-29.858300286219297,0.0,7.774800912716055,0.4168412387371063,0.0,0.0,-0.9089555144309998,0.41274166107177734,0.0,0.0,-0.910835862159729,0.0077172226126733245
-127.3654807255088,-28.290045967511645,0.0,7.791013167335404,0.41797709465026855,0.0,0.0,-0.9084283113479614,0.41323116421699524,0.0,0.0,-0.9106114506721497,-0.40120273611446133
-129.22784493748054,-26.722134761585686,0.0,7.806188184465697,0.4191412925720215,0.0,0.0,-0.9078972339630127,0.41379526257514954,0.0,0.0,-0.9103519916534424,0.006950807606092846
-131.10577640394948,-25.154943532982426,0.0,7.820264254253971,0.4203301966190338,0.0,0.0,-0.9073519110679626,0.4144357740879059,0.0,0.0,-0.9100622534751892,-0.40191364873003077
-132.9995351013329,-23.588860990541924,0.0,7.833179666847268,0.4215443730354309,0.0,0.0,-0.9067920446395874,0.41515010595321655,0.0,0.0,-0.9097381830215454,0.006298514040774805
-134.90936319790296,-22.024287337595577,0.0,7.84487271239264,0.4227846562862396,0.0,0.0,-0.9062173366546631,0.41593778133392334,0.0,0.0,-0.9093796610832214,-0.4025042065858576
-136.83548378493137,-20.46163390394637,0.0,7.855281681037116,0.4240514934062958,0.0,0.0,-0.9056276679039001,0.41679826378822327,0.0,0.0,-0.9089869856834412,0.005772808553680009
-138.7780995457051,-18.901322759856377,0.0,7.86434486292775,0.4253450930118561,0.0,0.0,-0.9050227999687195,0.4177306890487671,0.0,0.0,-0.908560037612915,-0.4029619430449805
-140.73739136335485,-17.34378631230627,0.0,7.87200054821158,0.4266658425331116,0.0,0.0,-0.9044025540351868,0.4187343716621399,0.0,0.0,-0.9080989360809326,0.0053861577817694295
-142.71351686863773,-15.78946688386237,0.0,7.878187027035649,0.4280138611793518,0.0,0.0,-0.9037666916847229,0.4198085367679596,0.0,0.0,-0.9076038002967834,-0.4032743914704386
-144.70660892903956,-14.238816274545954,0.0,7.882842589546999,0.4293892979621887,0.0,0.0,-0.9031150937080383,0.4209103286266327,0.0,0.0,-0.9070942997932434,0.005151028362004317
-146.7167740807905,-12.69229530716826,0.0,7.885905525892674,0.528229832649231,0.0,0.0,-0.8490972518920898,0.47174257040023804,0.0,0.0,-0.8817285895347595,-0.40342908522527066
