X,Y,Z,Speed,RotW,RotX,RotY,RotZ,HarsherRotW,HarsherRotX,HarsherRotY,HarsherRotZ,TireRot
-45.09999869066876,133.3000004088634,0.0,7.028972213919941,0.29959234595298767,0.0,0.0,-0.9540672898292542,0.3047430217266083,0.0,0.0,-0.9524345993995667,-0.3549985966626233
-46.37167717320052,135.08138992658928,0.0,7.028972213919941,0.29951032996177673,0.0,0.0,-0.9540929794311523,0.3046981394290924,0.0,0.0,-0.9524489641189575,-0.0
-47.64724755065183,136.8754127262159,0.0,7.073116854732623,0.29935580492019653,0.0,0.0,-0.9541413187980652,0.30461087822914124,0.0,0.0,-0.9524767994880676,-0.35722812397639514
-48.92632127540286,138.6815208800992,0.0,7.115102696396672,0.29913729429244995,0.0,0.0,-0.954209566116333,0.30448418855667114,0.0,0.0,-0.9525170922279358,-0.0021204970537397894
-50.20853312020553,140.49918680926945,0.0,7.15501982468137,0.29886260628700256,0.0,0.0,-0.95429527759552,0.30432048439979553,0.0,0.0,-0.9525691270828247,-0.3592441405564304
-51.49354080580619,142.32790341511438,0.0,7.192958325356008,0.2985386848449707,0.0,0.0,-0.9543961882591248,0.30412203073501587,0.0,0.0,-0.9526320695877075,-0.004036582946398304
-52.78102462851128,144.16718421107365,0.0,7.229008284189866,0.2981719672679901,0.0,0.0,-0.9545102715492249,0.3038913309574127,0.0,0.0,-0.9527051448822021,-0.3610648455480393
-54.070687089093475,146.01656345384876,0.0,7.2632597869522275,0.297768235206604,0.0,0.0,-0.9546356201171875,0.3036308288574219,0.0,0.0,-0.9527875185012817,-0.005766456823285304
-55.362252524354005,147.87559627366213,0.0,7.295802919412379,0.29733261466026306,0.0,0.0,-0.9547706246376038,0.3033424913883209,0.0,0.0,-0.9528785943984985,-0.3627084380965318
-56.65546674257697,149.7438588031303,0.0,7.326727767339605,0.2968699336051941,0.0,0.0,-0.9549137949943542,0.303028404712677,0.0,0.0,-0.9529775381088257,-0.007328317829710829
-57.9500966640326,151.62094830433955,0.0,7.356124416503189,0.29638445377349854,0.0,0.0,-0.9550637602806091,0.3026904761791229,0.0,0.0,-0.953083872795105,-0.3641931173472179
-59.24592996761154,153.50648329374297,0.0,7.384082952672416,0.29588010907173157,0.0,0.0,-0.9552193284034729,0.30233076214790344,0.0,0.0,-0.9531968832015991,-0.008740365110984916
-60.54277474459755,155.40010366452148,0.0,7.4106934616165665,0.29536038637161255,0.0,0.0,-0.9553793668746948,0.3019510507583618,0.0,0.0,-0.9533159136772156,-0.36553708244540734
-61.84045916051616,157.301470806077,0.0,7.436046029104933,0.29482850432395935,0.0,0.0,-0.955542802810669,0.3015531599521637,0.0,0.0,-0.9534404277801514,-0.010020797812417492
-63.138831125928846,159.21026772035165,0.0,7.460230740906794,0.29428738355636597,0.0,0.0,-0.9557088017463684,0.30113863945007324,0.0,0.0,-0.9535700082778931,-0.3667585325364105
-64.43775797697623,161.12619913468637,0.0,7.483337682791434,0.2937397062778473,0.0,0.0,-0.9558765292167664,0.3007092773914337,0.0,0.0,-0.9537039399147034,-0.01118781507931843
-65.73712616641353,163.0489916109582,0.0,7.505456940528138,0.2931879162788391,0.0,0.0,-0.9560452103614807,0.3002665638923645,0.0,0.0,-0.9538418650627136,-0.36787566676553696
-67.03684096582133,164.978393650753,0.0,7.526678599886193,0.29263409972190857,0.0,0.0,-0.9562142491340637,0.299811989068985,0.0,0.0,-0.9539832472801208,-0.012259616056998046
-68.33682617962047,166.91417579635208,0.0,7.547092746634882,0.2920803427696228,0.0,0.0,-0.9563829302787781,0.2993471324443817,0.0,0.0,-0.9541276097297668,-0.368906684278097
-69.6370238714676,168.85613072732872,0.0,7.566789466543487,0.29152846336364746,0.0,0.0,-0.9565507769584656,0.2988731265068054,0.0,0.0,-0.954274594783783,-0.013254399890765989
-70.93739410355957,170.80407335256697,0.0,7.585858845381294,0.29098010063171387,0.0,0.0,-0.956717312335968,0.2983914911746979,0.0,0.0,-0.9544236660003662,-0.36986978421940037
-72.23791468933061,172.75784089753242,0.0,7.604390968917589,0.2904367744922638,0.0,0.0,-0.9568819999694824,0.2979033589363098,0.0,0.0,-0.9545745253562927,-0.014190365725932408
-73.53858095998481,174.71729298663755,0.0,7.622475922921655,0.2898998260498047,0.0,0.0,-0.9570445418357849,0.29741016030311584,0.0,0.0,-0.9547267556190491,-0.3707831657347572
-74.83940554527013,176.68231172055908,0.0,7.640203793162775,0.2893705368041992,0.0,0.0,-0.9572044610977173,0.29691281914711,0.0,0.0,-0.9548799991607666,-0.015085712707807175
-76.14041816886555,178.65280174837397,0.0,7.657664665410235,0.2888501286506653,0.0,0.0,-0.9573614597320557,0.29641252756118774,0.0,0.0,-0.9550338983535767,-0.3716650279694774
-77.44166545872547,180.6286903343944,0.0,7.6749486254333235,0.28833964467048645,0.0,0.0,-0.957515299320221,0.29591038823127747,0.0,0.0,-0.9551881551742554,-0.015958639981700495
-78.74321077269846,182.60992741958762,0.0,7.692145759001314,0.28784000873565674,0.0,0.0,-0.9576656222343445,0.29540732502937317,0.0,0.0,-0.9553424715995789,-0.3725335700688709
-80.04513403971723,184.59648567747666,0.0,7.709346151883504,0.28735217452049255,0.0,0.0,-0.9578121304512024,0.2949044406414032,0.0,0.0,-0.9554964900016785,-0.01682734669292224
-81.34753161683912,186.5883605644232,0.0,7.726639889849166,0.28687697649002075,0.0,0.0,-0.9579547047615051,0.29440250992774963,0.0,0.0,-0.9556499719619751,-0.3734069911782477
-82.65051616240284,188.58557036419666,0.0,7.744117058667594,0.28641512989997864,0.0,0.0,-0.9580930471420288,0.2939026653766632,0.0,0.0,-0.9558026790618896,-0.017710031986782282
-83.95421652555942,190.5881562267405,0.0,7.761867744108068,0.2859673500061035,0.0,0.0,-0.9582269787788391,0.2934055030345917,0.0,0.0,-0.9559543132781982,-0.3743034904429181
-85.25877710747174,192.59618136138988,0.0,7.779978779347515,0.2855342924594879,0.0,0.0,-0.9583563804626465,0.2929120659828186,0.0,0.0,-0.9561046361923218,-0.018624730736249318
-86.56434636360072,194.60971342507574,0.0,7.798468700285891,0.2851165235042572,0.0,0.0,-0.9584810137748718,0.2924230694770813,0.0,0.0,-0.9562534093856812,-0.37523732483374517
-87.87106599835093,196.62880775565722,0.0,7.817291178809748,0.28471460938453674,0.0,0.0,-0.9586007595062256,0.2919394075870514,0.0,0.0,-0.9564003944396973,-0.01957536096472695
-89.17907064737193,198.6535066701417,0.0,7.836397321438675,0.2843290865421295,0.0,0.0,-0.9587154984474182,0.29146167635917664,0.0,0.0,-0.9565454125404358,-0.3762022815321758
-90.48848798263926,200.68383942765198,0.0,7.855738234692256,0.2839604318141937,0.0,0.0,-0.9588251709938049,0.29099053144454956,0.0,0.0,-0.9566882848739624,-0.020552174765412934
-91.79943880892583,202.71982219544535,0.0,7.875265025090073,0.2836090922355652,0.0,0.0,-0.9589295983314514,0.29052677750587463,0.0,0.0,-0.956828773021698,-0.377188483067419
-93.11203715152045,204.76145801803472,0.0,7.894928799151712,0.28327545523643494,0.0,0.0,-0.9590286612510681,0.29007095098495483,0.0,0.0,-0.9569666981697083,-0.02154529466751598
-94.4263903350418,206.80873678946668,0.0,7.914680663396755,0.2829599380493164,0.0,0.0,-0.9591223001480103,0.28962376713752747,0.0,0.0,-0.9571018815040588,-0.37818605196868377
-95.74259905319026,208.86163522881216,0.0,7.934471724344795,0.28266289830207825,0.0,0.0,-0.9592103362083435,0.28918591141700745,0.0,0.0,-0.9572341442108154,-0.0225448432002453
-97.06075742927268,210.92011685892646,0.0,7.954253088515408,0.2823846936225891,0.0,0.0,-0.9592927694320679,0.288757860660553,0.0,0.0,-0.9573633074760437,-0.3791851107651793
-98.380953067333,212.98413198854092,0.0,7.97397586242818,0.28212571144104004,0.0,0.0,-0.959369421005249,0.2883402109146118,0.0,0.0,-0.9574891924858093,-0.023540942892809558
-99.70326709371686,215.0536176977442,0.0,7.9935911526027015,0.28188619017601013,0.0,0.0,-0.9594403505325317,0.2879334092140198,0.0,0.0,-0.9576117396354675,-0.38017578198611474
-101.02777418889707,217.12849782691583,0.0,8.01305006555855,0.28166645765304565,0.0,0.0,-0.9595053791999817,0.2875381410121918,0.0,0.0,-0.957730770111084,-0.024523716274418128
-102.35454260938666,219.2086829691743,0.0,8.032303707815311,0.2814667224884033,0.0,0.0,-0.9595644474029541,0.28715479373931885,0.0,0.0,-0.9578461050987244,-0.38114818816069856
-103.6836341995664,221.29407046639835,0.0,8.051303185892571,0.2812873125076294,0.0,0.0,-0.959617555141449,0.28678399324417114,0.0,0.0,-0.9579575657844543,-0.025483285874279782
-105.01510439325598,223.38454440888495,0.0,8.069999606309915,0.28112852573394775,0.0,0.0,-0.9596645832061768,0.2864260673522949,0.0,0.0,-0.9580651521682739,-0.38209245181814017
-106.34900220486169,225.47997563870106,0.0,8.088344075586926,0.2809905409812927,0.0,0.0,-0.9597054719924927,0.2860817015171051,0.0,0.0,-0.958168625831604,-0.026409774221603566
-107.68537020993783,227.5802217567877,0.0,8.106287700243191,0.2808735966682434,0.0,0.0,-0.9597401022911072,0.28575125336647034,0.0,0.0,-0.958267867565155,-0.3829986954876485
-109.02424451500538,229.68512713387142,0.0,8.123781586798293,0.28077784180641174,0.0,0.0,-0.959768533706665,0.2854349911212921,0.0,0.0,-0.9583628177642822,-0.027293303845598638
-110.36565471647921,231.79452292523592,0.0,8.140776841771814,0.2807036340236664,0.0,0.0,-0.9597905874252319,0.28513357043266296,0.0,0.0,-0.9584532976150513,-0.3838570416984323
-111.70962384856325,233.90822708940334,0.0,8.157224571683345,0.2806510925292969,0.0,0.0,-0.9598063230514526,0.284847229719162,0.0,0.0,-0.9585392475128174,-0.02812399727547399
-113.05616831998447,236.02604441077165,0.0,8.173075883052464,0.28062036633491516,0.0,0.0,-0.9598156213760376,0.28457629680633545,0.0,0.0,-0.9586206078529358,-0.38465761297970097
-114.40529783944649,238.14776652624815,0.0,8.188281882398758,0.28061169385910034,0.0,0.0,-0.959818422794342,0.2843213975429535,0.0,0.0,-0.9586971998214722,-0.028891977040438332
-115.75701532969943,240.27317195591954,0.0,8.202793676241814,0.28062522411346436,0.0,0.0,-0.9598147869110107,0.2840827405452728,0.0,0.0,-0.958768904209137,-0.3853905318606634
-117.11131683013328,242.40202613778607,0.0,8.21656237110121,0.2806611657142639,0.0,0.0,-0.9598045349121094,0.28386059403419495,0.0,0.0,-0.9588356614112854,-0.029587365669700716
-118.46819156339699,244.5340817424064,0.0,8.22954013816819,0.2807196378707886,0.0,0.0,-0.9597876667976379,0.2836555242538452,0.0,0.0,-0.9588973522186279,-0.386045974641824
-119.82763276143035,246.6690959018545,0.0,8.241745495574461,0.28080078959465027,0.0,0.0,-0.9597640633583069,0.28346768021583557,0.0,0.0,-0.9589539170265198,-0.030203797861936665
-121.18965477754423,248.8068572550109,0.0,8.253301243176013,0.2809047996997833,0.0,0.0,-0.959733784198761,0.2832975387573242,0.0,0.0,-0.9590052366256714,-0.386629598258064
-122.55429455146486,250.94718833023728,0.0,8.264339322215093,0.28103184700012207,0.0,0.0,-0.9596967101097107,0.2831452190876007,0.0,0.0,-0.9590513110160828,-0.030761276601284138
-123.9216115959713,253.08994554953765,0.0,8.274991673933942,0.2811819911003113,0.0,0.0,-0.9596527814865112,0.283011257648468,0.0,0.0,-0.9590919017791748,-0.38716759581962196
-125.2916880119475,255.2350192226504,0.0,8.285390239574802,0.28135544061660767,0.0,0.0,-0.9596019387245178,0.2828957438468933,0.0,0.0,-0.9591270685195923,-0.03128645668415592
-126.66462853210845,257.3823335309769,0.0,8.295666960379918,0.2815522849559784,0.0,0.0,-0.9595441818237305,0.28279879689216614,0.0,0.0,-0.9591567516326904,-0.38768662212291066
-128.0405605936507,259.53184650126127,0.0,8.305953777591528,0.2817727029323578,0.0,0.0,-0.9594793915748596,0.2827208638191223,0.0,0.0,-0.9591807723045349,-0.03180599290696445
-129.41963444007277,261.6835499689327,0.0,8.316382632451877,0.2820167541503906,0.0,0.0,-0.9594075083732605,0.2826623320579529,0.0,0.0,-0.959199070930481,-0.38821333196434243
-130.80202325241996,263.8374695310202,0.0,8.327085466203204,0.28228461742401123,0.0,0.0,-0.9593285322189331,0.2826233208179474,0.0,0.0,-0.959211528301239,-0.03234654006612242
-132.18792331022365,265.9936644885439,0.0,8.338194220087754,0.2825762629508972,0.0,0.0,-0.9592424035072327,0.28260380029678345,0.0,0.0,-0.9592182636260986,-0.3887743801403298
-133.57755418243403,268.152227778278,0.0,8.34984083534777,0.2828918695449829,0.0,0.0,-0.9591490626335144,0.28260424733161926,0.0,0.0,-0.9592190384864807,-0.032934752958042435
-134.97115894867875,270.31328589376585,0.0,8.362157253225494,0.28323155641555786,0.0,0.0,-0.9590485095977783,0.28262487053871155,0.0,0.0,-0.9592138528823853,-0.38939642144728553
-136.36900445122933,272.4769987954524,0.0,8.375275414963168,0.28359538316726685,0.0,0.0,-0.9589405655860901,0.28266584873199463,0.0,0.0,-0.9592025876045227,-0.03359728637913706
-137.771381578111,274.6435598097797,0.0,8.38932726180303,0.2839835286140442,0.0,0.0,-0.9588252305984497,0.2827274799346924,0.0,0.0,-0.9591851234436035,-0.39010611068162204
-139.17860557785983,276.8131955170654,0.0,8.40444473498733,0.2843959629535675,0.0,0.0,-0.9587025046348572,0.28280988335609436,0.0,0.0,-0.9591615200042725,-0.034360795125818855
-140.5910164065063,278.98616562795974,0.0,8.420759775758302,0.2848326861858368,0.0,0.0,-0.958572268486023,0.282913476228714,0.0,0.0,-0.9591315984725952,-0.3909301026397519
-142.008977343114,281.1627601431071,0.0,8.438393835564087,0.2852938771247864,0.0,0.0,-0.9584344625473022,0.28303825855255127,0.0,0.0,-0.959095299243927,-0.035251404206919135
-143.43284050121807,283.3432458553577,0.0,8.457261367441529,0.2857794165611267,0.0,0.0,-0.9582890868186951,0.2831842005252838,0.0,0.0,-0.9590526223182678,-0.39188300829012773
-144.86291488264754,285.5278174818773,0.0,8.477087243418882,0.2862894833087921,0.0,0.0,-0.9581360816955566,0.28335198760032654,0.0,0.0,-0.9590033888816833,-0.03625271107446226
-146.29946490065385,287.71659596699527,0.0,8.49758933764926,0.2868240475654602,0.0,0.0,-0.9579753875732422,0.283541202545166,0.0,0.0,-0.9589476585388184,-0.39291846759469223
-147.74271001001662,289.9096286145169,0.0,8.518485524285769,0.28738313913345337,0.0,0.0,-0.9578070044517517,0.28375279903411865,0.0,0.0,-0.9588851928710938,-0.037308074035902083
-149.19282427013903,292.10688924378815,0.0,8.539493677481511,0.28796663880348206,0.0,0.0,-0.9576308131217957,0.2839867174625397,0.0,0.0,-0.9588159918785095,-0.3939794854328611
-150.64993583989389,294.30827836994945,0.0,8.560331671389596,0.2885745167732239,0.0,0.0,-0.9574468731880188,0.2842428982257843,0.0,0.0,-0.9587399959564209,-0.03836049797065383
-152.1141264030608,296.5136234087911,0.0,8.58071738016313,0.2892066240310669,0.0,0.0,-0.9572550654411316,0.28452152013778687,0.0,0.0,-0.9586570858955383,-0.39500906668404967
-153.5854305233216,298.72267890657577,0.0,8.600368677955219,0.28986290097236633,0.0,0.0,-0.9570554494857788,0.28482285141944885,0.0,0.0,-0.9585672616958618,-0.03935298775813306
-155.06383492795072,300.93512679513356,0.0,8.61900343891897,0.2905431389808655,0.0,0.0,-0.9568480253219604,0.2851470112800598,0.0,0.0,-0.958470344543457,-0.39595021622767346
-156.54927771955545,303.1505766724566,0.0,8.63633953720749,0.29124709963798523,0.0,0.0,-0.9566327929496765,0.285494327545166,0.0,0.0,-0.958366334438324,-0.04022854827775535
-158.04164751548547,305.36856610892835,0.0,8.652094846973887,0.2919745147228241,0.0,0.0,-0.956409752368927,0.2858647406101227,0.0,0.0,-0.9582551121711731,-0.39674593894314797
-159.5407825148407,307.5885609792101,0.0,8.665987242371267,0.2927246689796448,0.0,0.0,-0.956179141998291,0.2862582802772522,0.0,0.0,-0.9581366777420044,-0.0409301844089362
-161.04646949336768,309.8099558196811,0.0,8.677734597552732,0.29349657893180847,0.0,0.0,-0.9559411406517029,0.2866755723953247,0.0,0.0,-0.9580108523368835,-0.3973392397098886
-162.55844272693824,312.03207421118356,0.0,8.6870547866714,0.2942885160446167,0.0,0.0,-0.9556962847709656,0.2871161103248596,0.0,0.0,-0.9578776359558105,-0.041400901031091175
-164.0763828447611,314.2541691866644,0.0,8.693665683880367,0.29509827494621277,0.0,0.0,-0.9554451704025269,0.2875804007053375,0.0,0.0,-0.9577369093894958,-0.39767312340731115
-165.599915613976,316.4754236631238,0.0,8.69728516333274,0.2959229648113251,0.0,0.0,-0.9551887512207031,0.2880679965019226,0.0,0.0,-0.957588791847229,-0.04158370302363529
-167.1286106578315,318.69495089709164,0.0,8.69763109918163,0.29675889015197754,0.0,0.0,-0.9549280405044556,0.2885791063308716,0.0,0.0,-0.9574331045150757,-0.39769059491483083
-168.66198011024005,320.91179496263464,0.0,8.694421365580142,0.2976016402244568,0.0,0.0,-0.9546644687652588,0.2891137897968292,0.0,0.0,-0.9572698473930359,-0.04142159526598438
-170.1994772101482,323.12493125067715,0.0,8.687373836681386,0.29844605922698975,0.0,0.0,-0.9543996453285217,0.2896721065044403,0.0,0.0,-0.9570989012718201,-0.3973346591118634
-171.74049483984265,325.33326698816734,0.0,8.676206386638462,0.2992861270904541,0.0,0.0,-0.954135537147522,0.29025372862815857,0.0,0.0,-0.956920325756073,-0.040857582637553846
-173.28436401204448,327.5356417753703,0.0,8.660636889604486,0.30011501908302307,0.0,0.0,-0.9538743495941162,0.2908601462841034,0.0,0.0,-0.9567390084266663,-0.3965483208778242
-174.83035231141127,329.73082813928784,0.0,8.640383219732556,0.30092474818229675,0.0,0.0,-0.9536186456680298,0.2914896607398987,0.0,0.0,-0.9565500617027283,-0.039834670017759366
-176.37766229687912,331.9175321009256,0.0,8.615163251175781,0.3017064929008484,0.0,0.0,-0.9533713459968567,0.29214221239089966,0.0,0.0,-0.9563533067703247,-0.39527458509212854
-177.92542235287715,334.0943832040334,0.0,8.584653233398942,0.3024500906467438,0.0,0.0,-0.9531357884407043,0.2928174138069153,0.0,0.0,-0.9561488628387451,-0.03829376002903012
-179.4725410204934,336.2597342928946,0.0,8.547736116601667,0.30314427614212036,0.0,0.0,-0.9529156684875488,0.29351505637168884,0.0,0.0,-0.9559369087219238,-0.3934100842437813
-181.0175727436094,338.4114831800268,0.0,8.502583233609533,0.30377644300460815,0.0,0.0,-0.9527150988578796,0.29423463344573975,0.0,0.0,-0.9557173848152161,-0.03601331139306374
-182.55870582508277,340.5470689127201,0.0,8.447340689426987,0.30433258414268494,0.0,0.0,-0.952538788318634,0.2949754297733307,0.0,0.0,-0.9554905295372009,-0.39062005675981437
-184.09375470069676,342.6634745182455,0.0,8.380154589058488,0.30479735136032104,0.0,0.0,-0.9523917436599731,0.29573726654052734,0.0,0.0,-0.9552563428878784,-0.032620074000715316
-185.62015209432502,344.75722979085197,0.0,8.299171037508486,0.3051537573337555,0.0,0.0,-0.9522794485092163,0.2965172231197357,0.0,0.0,-0.9550156593322754,-0.3865299783987032
-187.13493856380995,346.82441524180973,0.0,8.20253613978143,0.3053836524486542,0.0,0.0,-0.9522078037261963,0.29730457067489624,0.0,0.0,-0.9547719955444336,-0.027739523610459893
-188.6341726747496,348.8609246550355,0.0,8.08839600088178,0.3054685592651367,0.0,0.0,-0.9521826505661011,0.2980797290802002,0.0,0.0,-0.9545313715934753,-0.3807653249189229
-190.11236824683482,350.86289420838705,0.0,7.955430547114957,0.3053932785987854,0.0,0.0,-0.9522086977958679,0.2988238036632538,0.0,0.0,-0.9542996883392334,-0.021024096652539515
-191.56464385730263,352.8273280074452,0.0,7.807056680175236,0.30514591932296753,0.0,0.0,-0.9522894620895386,0.2995203137397766,0.0,0.0,-0.9540821313858032,-0.3732716952755027
-192.98740911862407,354.75262253081,0.0,7.649169350965687,0.3047175109386444,0.0,0.0,-0.9524272680282593,0.3001527190208435,0.0,0.0,-0.9538793563842773,-0.013049989116703742
-194.37838342404012,356.6385676157764,0.0,7.487685183364808,0.3041019141674042,0.0,0.0,-0.9526235461235046,0.30070966482162476,0.0,0.0,-0.9537010788917542,-0.3651159292350542
-195.73658937079395,358.4863514901265,0.0,7.328520801251107,0.3032953143119812,0.0,0.0,-0.9528788924217224,0.30118051171302795,0.0,0.0,-0.9535507559776306,-0.0050113839594461695
-197.06232765705636,360.2985740446932,0.0,7.177592828503089,0.30229562520980835,0.0,0.0,-0.9531930685043335,0.30155450105667114,0.0,0.0,-0.9534317851066589,-0.3574933043487906
-198.35713611887337,362.0792671469514,0.0,7.040817888999256,0.30110225081443787,0.0,0.0,-0.9535654187202454,0.3018227815628052,0.0,0.0,-0.9533469080924988,0.0018964412680201326
-199.6236774741593,363.83384076275314,0.0,6.923796341258997,0.2997186779975891,0.0,0.0,-0.9540062546730042,0.3019771873950958,0.0,0.0,-0.9532985687255859,-0.3515831251699897
-200.86460588842215,365.5676135313755,0.0,6.826229285205632,0.29814231395721436,0.0,0.0,-0.954504132270813,0.30201053619384766,0.0,0.0,-0.9532887935638428,0.0068240703616244125
-202.08159309426887,367.2844962671553,0.0,6.742594244835268,0.2963740825653076,0.0,0.0,-0.9550578594207764,0.30191606283187866,0.0,0.0,-0.9533193707466125,-0.3473591332320925
-203.2753044680563,368.98694028171434,0.0,6.667188242481146,0.29441529512405396,0.0,0.0,-0.9556660652160645,0.301688015460968,0.0,0.0,-0.9533917903900146,0.010632454318903306
-204.4454229990944,370.6759247906955,0.0,6.594308300476501,0.2922672629356384,0.0,0.0,-0.9563274383544922,0.30132073163986206,0.0,0.0,-0.9535071849822998,-0.34367832808034277
-205.59068681178044,372.3509382625672,0.0,6.518251441154576,0.28993189334869385,0.0,0.0,-0.9570397138595581,0.3008098900318146,0.0,0.0,-0.9536663889884949,0.014473709840212678
-206.70893917477642,374.0099541863314,0.0,6.4333146868486075,0.2874116897583008,0.0,0.0,-0.9578009843826294,0.30015334486961365,0.0,0.0,-0.9538750052452087,-0.33938859301438473
-207.79738449244377,375.6496977262963,0.0,6.334935887989994,0.284710168838501,0.0,0.0,-0.9586086869239807,0.29934778809547424,0.0,0.0,-0.9541295766830444,0.01944233604519313
-208.85354374089516,377.2670041258899,0.0,6.2238752685925265,0.28183162212371826,0.0,0.0,-0.9594599008560181,0.29839152097702026,0.0,0.0,-0.9544305205345154,-0.3337794708225934
-209.87551536265957,378.85922320796186,0.0,6.102443953462695,0.2787811756134033,0.0,0.0,-0.9603514671325684,0.2972843647003174,0.0,0.0,-0.9547773003578186,0.025575230748719924
-210.86195634909697,380.4242287232238,0.0,5.972953246814925,0.2755648195743561,0.0,0.0,-0.9612799286842346,0.29602673649787903,0.0,0.0,-0.9551690816879272,-0.3272395361434131
-211.81205814705743,381.96042994601163,0.0,5.83771445286364,0.2721887528896332,0.0,0.0,-0.9622418284416199,0.29461994767189026,0.0,0.0,-0.9556049704551697,0.032405472867471696
-212.72551829368928,383.46678516374214,0.0,5.699038875823252,0.2686602473258972,0.0,0.0,-0.9632332921028137,0.2930664122104645,0.0,0.0,-0.9560834169387817,-0.32023571912117127
-213.60250865800936,384.9428166591827,0.0,5.559237819908188,0.26498669385910034,0.0,0.0,-0.9642506241798401,0.2913684844970703,0.0,0.0,-0.9566030502319336,0.03946613225712137
-214.44364112846884,386.38862680409096,0.0,5.420622589332864,0.26117604970932007,0.0,0.0,-0.9652900099754333,0.2895292639732361,0.0,0.0,-0.957162082195282,-0.3132349499001953
-215.24993150469354,387.8049149210507,0.0,5.285504488311701,0.25723594427108765,0.0,0.0,-0.9663476347923279,0.2875516414642334,0.0,0.0,-0.9577587842941284,0.04629027877334174
-216.02276223300925,389.19299462553073,0.0,5.15619482105912,0.25317442417144775,0.0,0.0,-0.9674198627471924,0.2854395806789398,0.0,0.0,-0.9583909511566162,-0.3067041586248125
-216.76384447356935,390.55481143040083,0.0,5.035004891789539,0.24899883568286896,0.0,0.0,-0.9685031175613403,0.28319644927978516,0.0,0.0,-0.9590567350387573,0.05241098227180546
-217.4751798060475,391.89296047846943,0.0,4.924246004717378,0.24471645057201385,0.0,0.0,-0.9695941805839539,0.2808252274990082,0.0,0.0,-0.959754228591919,-0.30111027543934976
-218.15893554304267,393.2105363374249,0.0,4.825615536372616,0.24033378064632416,0.0,0.0,-0.9706898331642151,0.27832937240600586,0.0,0.0,-0.9604814648628235,0.05739231905689446
-218.8170588812518,394.510435745503,0.0,4.738224721553485,0.23585662245750427,0.0,0.0,-0.9717875123023987,0.2757110297679901,0.0,0.0,-0.9612367153167725,-0.2966965979232321
-219.45119144634148,395.7951663812005,0.0,4.66050393844163,0.23129045963287354,0.0,0.0,-0.9728843569755554,0.27297326922416687,0.0,0.0,-0.9620181322097778,0.06131761113325085
-220.06268616716702,397.0668388401008,0.0,4.5908835619001405,0.22664004564285278,0.0,0.0,-0.9739782214164734,0.27011820673942566,0.0,0.0,-0.9628240466117859,-0.2931804172898236
-220.65262527681531,398.32715812743464,0.0,4.52779396679211,0.22190995514392853,0.0,0.0,-0.9750668406486511,0.2671484351158142,0.0,0.0,-0.9636526107788086,0.06450395432052508
-221.22183939892778,399.57741468006236,0.0,4.469665527980634,0.21710431575775146,0.0,0.0,-0.9761481285095215,0.26406601071357727,0.0,0.0,-0.9645021557807922,-0.29024463755187024
-221.77092769076071,400.81847492757834,0.0,4.414928620328802,0.21222728490829468,0.0,0.0,-0.9772200584411621,0.2608734667301178,0.0,0.0,-0.9653707146644592,0.06726844460597117
-222.3002790100415,402.05077140498764,0.0,4.362013618699708,0.20728281140327454,0.0,0.0,-0.978280782699585,0.257572740316391,0.0,0.0,-0.9662567973136902,-0.28757216272211805
-222.81010053307267,403.2743082363245,0.0,4.309406397235141,0.20227466523647308,0.0,0.0,-0.9793286323547363,0.254167377948761,0.0,0.0,-0.967158317565918,0.06992537498296955
-223.30053993734955,404.48890255841525,0.0,4.256472767615711,0.1972057819366455,0.0,0.0,-0.9803618788719177,0.2506590783596039,0.0,0.0,-0.9680736660957336,-0.28489874708477314
-223.7717723295015,405.6943825774209,0.0,4.203282165658758,0.1920783817768097,0.0,0.0,-0.9813793897628784,0.24705155193805695,0.0,0.0,-0.9690007567405701,0.07261176902119953
-224.2240006874932,406.8905940260297,0.0,4.149923710156818,0.18689362704753876,0.0,0.0,-0.9823799729347229,0.24334746599197388,0.0,0.0,-0.9699377417564392,-0.2822038755947762
-224.65745384467562,408.07740109123375,0.0,4.096486519902416,0.18165148794651031,0.0,0.0,-0.9833627939224243,0.23955011367797852,0.0,0.0,-0.9708825349807739,0.07531061701384614
-225.07238444241557,409.25468735566267,0.0,4.04305971368809,0.1763501912355423,0.0,0.0,-0.9843273162841797,0.2356625199317932,0.0,0.0,-0.9718337059020996,-0.27950555204859817
-225.46906685931663,410.4223567488538,0.0,3.9897324103063667,0.17098629474639893,0.0,0.0,-0.9852733016014099,0.2316887080669403,0.0,0.0,-0.9727888107299805,0.07800391516443825
-225.8477951246416,411.58033450502074,0.0,3.9365937285497816,0.16555413603782654,0.0,0.0,-0.9862006306648254,0.22763197124004364,0.0,0.0,-0.973746120929718,-0.27682178024271004
-226.20888082311262,412.7285681240857,0.0,3.8837327872108656,0.16004592180252075,0.0,0.0,-0.9871095418930054,0.2234962433576584,0.0,0.0,-0.9747036695480347,0.0806736596765047
-226.55265099778916,413.86702833295215,0.0,3.831238705082146,0.1544511467218399,0.0,0.0,-0.9880003929138184,0.2192847728729248,0.0,0.0,-0.9756597876548767,-0.27417056397358275
-226.87944605722203,414.9957100442299,0.0,3.779200600956159,0.14875659346580505,0.0,0.0,-0.9888737797737122,0.21500164270401,0.0,0.0,-0.9766126871109009,0.08330184675357474
-227.1896176925414,416.1146333098634,0.0,3.727707593625434,0.14294573664665222,0.0,0.0,-0.9897304177284241,0.21065057814121246,0.0,0.0,-0.9775606393814087,-0.2715699070376876
-227.48352680957552,417.22384426738006,0.0,3.676848801882503,0.13699907064437866,0.0,0.0,-0.990571141242981,0.20623549818992615,0.0,0.0,-0.9785016775131226,0.08587047259917732
-227.7615414805034,418.3234160767347,0.0,3.626713344519898,0.130893275141716,0.0,0.0,-0.991396427154541,0.2017596811056137,0.0,0.0,-0.9794344305992126,-0.2690378132314954
-228.02403491893165,419.41344984601517,0.0,3.5773903403301506,0.12460073828697205,0.0,0.0,-0.9922069311141968,0.19722731411457062,0.0,0.0,-0.9803572297096252,0.08836153341684133
-228.27138348165042,420.4940755445566,0.0,3.52896890810579,0.118089959025383,0.0,0.0,-0.9930028915405273,0.19264231622219086,0.0,0.0,-0.9812685251235962,-0.26659228635147714
-228.50396469966566,421.5654529023159,0.0,3.481538166639352,0.11132434755563736,0.0,0.0,-0.9937840700149536,0.1880076378583908,0.0,0.0,-0.9821671843528748,0.09075702541009573
-228.7221553404353,422.62777229465996,0.0,3.435187234723364,0.10426212847232819,0.0,0.0,-0.9945498704910278,0.18332111835479736,0.0,0.0,-0.9830526113510132,-0.26425133019410396
-228.92628705424264,423.6812241370239,0.0,3.390005231150361,0.09685618430376053,0.0,0.0,-0.995298445224762,0.17856042087078094,0.0,0.0,-0.9839284420013428,0.09303894478246957
-229.11576229859685,424.7253455939024,0.0,3.346081274712872,0.08905807137489319,0.0,0.0,-0.9960265159606934,0.17369386553764343,0.0,0.0,-0.9847992062568665,-0.2620329485558469
-229.28915622629916,425.75909833103105,0.0,3.303504484203431,0.08082225918769836,0.0,0.0,-0.9967285394668579,0.16869044303894043,0.0,0.0,-0.9856686592102051,0.09518928773749183
-229.44513293050133,426.7815500671541,0.0,3.262363978414565,-0.07210629433393478,0.0,0.0,0.9973969459533691,0.1635195016860962,0.0,0.0,-0.9865396022796631,-0.2599551452331769
-229.58247089095505,427.79189513185025,0.0,3.222747330953035,-0.06287083774805069,0.0,0.0,0.99802166223526,0.1581515222787857,0.0,0.0,-0.9874144196510315,0.09719012851837719
-229.70004643639754,428.78942622854197,0.0,3.1846794436454067,-0.05308012291789055,0.0,0.0,0.9985902309417725,0.1525578498840332,0.0,0.0,-0.9882940649986267,-0.2580325246620846
-229.79681906113242,429.7735001417083,0.0,3.148102266925393,-0.04270306974649429,0.0,0.0,0.9990877509117126,0.14671067893505096,0.0,0.0,-0.9891790151596069,0.09903746067595362
-229.87182219599794,430.74352834426816,0.0,3.112952049929782,-0.031713828444480896,0.0,0.0,0.9994969367980957,0.14058201014995575,0.0,0.0,-0.9900686740875244,-0.25625726117745773
-229.92415527181615,431.6989701155976,0.0,3.079165041795365,-0.020093193277716637,0.0,0.0,0.999798059463501,0.13414540886878967,0.0,0.0,-0.9909613132476807,0.10074387522819686
-229.95297671918806,432.63932633487906,0.0,3.04667749165893,-0.00782834179699421,0.0,0.0,0.9999692440032959,-0.12737223505973816,0.0,0.0,0.9918546676635742,-0.25461647581703173
-229.9574978407926,433.5641339043687,0.0,3.0154256486572653,0.005085144191980362,0.0,0.0,0.9999869465827942,-0.12023618817329407,0.0,0.0,0.9927449822425842,0.1023222511373719
-229.9369774977793,434.47296076090134,0.0,2.985345761927162,0.018643144518136978,0.0,0.0,0.9998261332511902,-0.11271148175001144,0.0,0.0,0.9936274290084839,-0.25309728961854167
-229.89071755684554,435.3654014374082,0.0,2.956374080605408,0.032832272350788116,0.0,0.0,0.9994608163833618,-0.10477136075496674,0.0,0.0,0.9944959878921509,0.10378546736574329
-229.8180590491717,436.2410731393981,0.0,2.928446853828793,0.04762910306453705,0.0,0.0,0.9988650679588318,-0.09639173746109009,0.0,0.0,0.9953432083129883,-0.2516868236197227
-229.71837899657993,437.09961230427666,0.0,2.9015003307341076,0.06300055980682373,0.0,0.0,0.998013436794281,-0.08754697442054749,0.0,0.0,0.9961601495742798,0.10514640287557586
-229.5910878641011,437.9406716140448,0.0,2.875470760458139,0.07890398800373077,0.0,0.0,0.9968822002410889,-0.07821498811244965,0.0,0.0,0.9969362020492554,-0.2503721988583102
-229.4356276015997,438.7639174343651,0.0,2.850294392137677,0.09528714418411255,0.0,0.0,0.9954497218132019,-0.06837522238492966,0.0,0.0,0.99765944480896,0.1064179366291346
-229.2514702402341,439.56902765519783,0.0,2.825907474909513,0.11208990216255188,0.0,0.0,0.9936980605125427,-0.05800994113087654,0.0,0.0,0.9983157515525818,-0.24914053637203928
-229.03811701233803,440.3556899102164,0.0,2.802246257910433,0.1292451173067093,0.0,0.0,0.9916126728057861,-0.0471033975481987,0.0,0.0,0.9988897442817688,0.10761294758868409
-228.79509796580925,441.12360015401765,0.0,2.7792469902772297,0.14668023586273193,0.0,0.0,0.9891839623451233,-0.03564448654651642,0.0,0.0,0.9993643164634705,-0.24797895719864518
-228.52197204630224,441.8724615777515,0.0,2.756845921146689,0.1643184870481491,0.0,0.0,0.9864073395729065,-0.02362598106265068,0.0,0.0,0.9997206926345825,0.10874431471648918
-228.2183276224496,442.60198384522505,0.0,2.7349792996556026,0.18208087980747223,0.0,0.0,0.9832835793495178,-0.011048762127757072,0.0,0.0,0.9999388456344604,-0.24687458237586307
-227.8837834310014,443.311882632785,0.0,2.7135833749407596,0.1998884379863739,0.0,0.0,0.9798187017440796,0.0020603956654667854,0.0,0.0,0.9999977946281433,0.10982491697481458
-227.51827016240284,444.001879457364,0.0,2.692594396138948,0.21766439080238342,0.0,0.0,0.9760236740112305,0.015637028962373734,0.0,0.0,0.9998776316642761,-0.24581453294142813
-227.12339167358687,444.67170177799653,0.0,2.6719486123869576,0.23534315824508667,0.0,0.0,0.9719124436378479,0.02960856631398201,0.0,0.0,0.9995614290237427,0.11086763332592525
-226.7013029485643,445.32108335687127,0.0,2.6515822728215777,0.25287237763404846,0.0,0.0,0.9674997329711914,0.04391033202409744,0.0,0.0,0.9990353584289551,-0.24478592993307563
-226.25408605411656,445.9497648665995,0.0,2.631431626579598,0.2702115476131439,0.0,0.0,0.9628010988235474,0.05848246067762375,0.0,0.0,0.9982882738113403,0.11188534273208584
-225.78375530109912,446.55749473084455,0.0,2.6114329227978086,0.28732961416244507,0.0,0.0,0.957831859588623,0.07327130436897278,0.0,0.0,0.9973119497299194,-0.2437758943885408
-225.29226274860392,447.14403018578895,0.0,2.591522410612996,0.3042047917842865,0.0,0.0,0.9526066780090332,0.08822997659444809,0.0,0.0,0.9961000680923462,0.1128909241555612
-224.78150305852728,447.7091385795524,0.0,2.5716364752671153,0.32082322239875793,0.0,0.0,0.9471390843391418,0.10331298410892487,0.0,0.0,0.9946488738059998,-0.24277155421955693
-224.25331178512195,448.25260478536296,0.0,2.5517399067787294,0.33717700839042664,0.0,0.0,0.9414411783218384,0.1184820830821991,0.0,0.0,0.9929561614990234,0.11389580135194433
-223.70945422108488,448.7742446357548,0.0,2.531860650630269,0.35326388478279114,0.0,0.0,0.9355236291885376,0.13370537757873535,0.0,0.0,0.9910212159156799,-0.2417675513837761
-223.15162361525066,449.2739050517811,0.0,2.5120351637610407,0.3690851926803589,0.0,0.0,0.9293954372406006,0.14895287156105042,0.0,0.0,0.9888443946838379,0.11489708856756192
-222.58144125414472,449.75146212918355,0.0,2.4922999031103426,0.38464635610580444,0.0,0.0,0.9230638146400452,0.16420075297355652,0.0,0.0,0.9864270687103271,-0.24077082104788225
-222.00045681804042,450.2068191419547,0.0,2.4726913256174763,0.39995452761650085,0.0,0.0,0.9165347814559937,0.17942850291728973,0.0,0.0,0.9837711453437805,0.11588742076417133
-221.41014899689523,450.63990446960673,0.0,2.453245888221746,0.41501834988594055,0.0,0.0,0.9098128080368042,0.1946176141500473,0.0,0.0,0.9808793067932129,-0.2397887282501181
-220.81192635185448,451.0506694541186,0.0,2.4340000478624497,0.4298473000526428,0.0,0.0,0.902901291847229,0.20975393056869507,0.0,0.0,0.9777542352676392,0.11685943290352974
-220.20712840839653,451.4390861921609,0.0,2.41499026147889,0.4444507360458374,0.0,0.0,0.8958029747009277,0.22482778131961823,0.0,0.0,0.9743985533714294,-0.2388286380287262
-219.59702696765075,451.80514526779524,0.0,2.3962529860103707,0.45883709192276,0.0,0.0,0.8885201215744019,0.23983077704906464,0.0,0.0,0.9708147048950195,0.11780575994739435
-218.982827622939,452.1488534304027,0.0,2.3778246783961907,0.47301387786865234,0.0,0.0,0.881054699420929,0.2547575533390045,0.0,0.0,0.9670050144195557,-0.23789791542194944
-218.36567146917585,452.47023122214284,0.0,2.359741795575653,0.4869864284992218,0.0,0.0,0.8734093308448792,0.2696063816547394,0.0,0.0,0.9629706144332886,0.11871903685752251
-217.74663699340817,452.7693105587366,0.0,2.342040794488059,0.5007559657096863,0.0,0.0,0.8655883073806763,0.2843747138977051,0.0,0.0,0.958713173866272,-0.23700392546803054
-217.12674213547726,453.04613226686143,0.0,2.324758132072709,0.5143224000930786,0.0,0.0,0.8575966358184814,0.2990643084049225,0.0,0.0,0.9542328119277954,0.1195918985956715
-216.50694650854453,453.30074358088984,0.0,2.3079302652689058,0.5276817083358765,0.0,0.0,0.8494419455528259,0.31367990374565125,0.0,0.0,0.9495286345481873,-0.2361540332052122
-215.8881537700339,453.53319560113965,0.0,2.29159365101595,0.5408258438110352,0.0,0.0,0.8411344289779663,0.3282269537448883,0.0,0.0,0.9445986747741699,0.12041698012359858
-215.27121413440707,453.74354071520605,0.0,2.275784746253144,0.5537420511245728,0.0,0.0,0.8326882123947144,0.34270811080932617,0.0,0.0,0.9394417405128479,-0.23535560367173716
-214.6569260305731,453.9318309723632,0.0,2.260540007919789,0.5664148330688477,0.0,0.0,0.8241203427314758,0.3571205735206604,0.0,0.0,0.9340582489967346,0.12118691640306095
-214.0458000305227,454.0983541603239,0.0,2.245895892955187,0.5788256525993347,0.0,0.0,0.8154513239860535,0.37145090103149414,0.0,0.0,0.9284525513648987,-0.2346160019058482
-213.43776385406983,454.24392886229396,0.0,2.231888858298638,0.5909571647644043,0.0,0.0,0.8067029118537903,0.3856826424598694,0.0,0.0,0.922631561756134,0.12189434239581598
-212.83265519939695,454.3694121598196,0.0,2.2185553608894457,0.6027936935424805,0.0,0.0,0.7978969812393188,0.39980119466781616,0.0,0.0,0.9166018962860107,-0.23394259294578798
-212.23030058512845,454.4756211930805,0.0,2.2059318576669105,0.6143217086791992,0.0,0.0,0.7890555262565613,0.4137879014015198,0.0,0.0,0.9103732109069824,0.12253189306362079
-211.630515335311,454.5633336089614,0.0,2.194054805570334,0.6255295872688293,0.0,0.0,0.780200183391571,0.4276276230812073,0.0,0.0,0.9039549231529236,-0.23334274182979928
-211.03310356565325,454.63328807333835,0.0,2.182960661539017,0.636408805847168,0.0,0.0,0.7713517546653748,0.4413059651851654,0.0,0.0,0.8973566889762878,0.12309220336823277
-210.43785817088545,454.6861848437716,0.0,2.1726858825122624,0.6469510793685913,0.0,0.0,0.7625312805175781,0.4548044204711914,0.0,0.0,0.8905913829803467,-0.2328238135961248
-209.84456081310833,454.72268639929547,0.0,2.16326692542937,0.6571515202522278,0.0,0.0,0.7537583708763123,0.46811074018478394,0.0,0.0,0.883669912815094,0.12356790827140914
-209.25298322208567,454.74341809555557,0.0,2.1547354742776177,0.6670061349868774,0.0,0.0,0.7450520992279053,0.4812096655368805,0.0,0.0,0.8766055107116699,-0.23239293222482416
-208.66289277309136,454.74896908385875,0.0,2.147102915710255,0.6765128970146179,0.0,0.0,0.7364307045936584,0.49408918619155884,0.0,0.0,0.8694111704826355,0.12395339102733653
-208.0740539968353,454.73989397119584,0.0,2.1403752418758715,0.6856716871261597,0.0,0.0,0.7279108762741089,0.5067381262779236,0.0,0.0,0.8621000051498413,-0.23205315071803712
-207.48622861095154,454.71671458829564,0.0,2.1345584448799197,0.6944834589958191,0.0,0.0,0.7195085287094116,0.5191428661346436,0.0,0.0,0.8546874523162842,0.1242471686533947
-206.89917555020838,454.6799217180316,0.0,2.12965851682785,0.7029502391815186,0.0,0.0,0.7112388610839844,0.5312957167625427,0.0,0.0,0.8471863865852356,-0.2318056796042962
-206.31265099551217,454.6299767884488,0.0,2.1256814498251155,0.7110759019851685,0.0,0.0,0.7031150460243225,0.5431868433952332,0.0,0.0,0.839611828327179,0.12444803062322977
-205.7264084017705,454.56731353476016,0.0,2.122633235977166,0.7188648581504822,0.0,0.0,0.6951497793197632,0.5548087358474731,0.0,0.0,0.8319779634475708,-0.23165172940995532
-205.14019852467717,454.49233963473915,0.0,2.1205198673894543,0.7263219356536865,0.0,0.0,0.6873546838760376,0.5661552548408508,0.0,0.0,0.8242987394332886,0.12455476641048793
-204.5537694464865,454.4054383220358,0.0,2.1193473361674315,0.733453094959259,0.0,0.0,0.6797400116920471,0.5772204399108887,0.0,0.0,0.8165884613990784,-0.23159251066136832
-203.966866600844,454.3069699820387,0.0,2.1191216344165493,0.7402650117874146,0.0,0.0,0.6723150610923767,0.5880001187324524,0.0,0.0,0.8088608384132385,0.12456616548881533
-203.37923279674317,454.1972737350213,0.0,2.119848754242261,0.7467642426490784,0.0,0.0,0.6650887131690979,0.5984923839569092,0.0,0.0,0.8011285662651062,-0.2316292338848891
-202.79060824168042,454.0766690114314,0.0,2.121534687750015,0.7529582381248474,0.0,0.0,0.6580682396888733,0.6086933016777039,0.0,0.0,0.7934055924415588,0.12448101733185803
-202.20073056408182,453.9454571243132,0.0,2.1241854270452647,0.7588542699813843,0.0,0.0,0.6512604355812073,0.6186017394065857,0.0,0.0,0.7857046723365784,-0.23176310960687138
-201.60933483507893,453.8039228439963,0.0,2.127806964233462,0.7644596099853516,0.0,0.0,0.6446715593338013,0.6282168030738831,0.0,0.0,0.7780383229255676,0.12429811141326219
-201.01615358971128,453.65233598033984,0.0,2.1324052914200577,0.7697820663452148,0.0,0.0,0.6383066773414612,0.6375396847724915,0.0,0.0,0.7704175114631653,-0.23199534835366914
-200.42091684763952,453.49095297798425,0.0,2.137986400710504,0.7748287916183472,0.0,0.0,0.6321710348129272,0.6465721130371094,0.0,0.0,0.7628529071807861,0.12401623720667398
-199.82335213345212,453.3200185302443,0.0,2.144556284210252,0.7796069383621216,0.0,0.0,0.6262691020965576,0.6553130745887756,0.0,0.0,0.7553573846817017,-0.2323271606516362
-199.22318449665588,453.1397672174671,0.0,2.1521209340247536,0.7841237187385559,0.0,0.0,0.6206043362617493,0.6637648344039917,0.0,0.0,0.7479413151741028,0.12363418418573956
-198.62013653144078,452.9504251758831,0.0,2.16068634225946,0.7883859872817993,0.0,0.0,0.6151808500289917,0.6719303131103516,0.0,0.0,0.7406142950057983,-0.23275975702712642
-198.0139283963161,452.752211803197,0.0,2.170258501019824,0.7923997044563293,0.0,0.0,0.6100021004676819,0.6798121333122253,0.0,0.0,0.7333861589431763,0.12315074182410503
-197.40427783371626,452.5453415073982,0.0,2.180843402411295,0.7961723804473877,0.0,0.0,0.6050696969032288,0.6874151229858398,0.0,0.0,0.7262644171714783,-0.23329434800649365
-196.79090018968117,452.3300255055201,0.0,2.192447038539326,0.7997104525566101,0.0,0.0,0.6003857851028442,0.694740355014801,0.0,0.0,0.7192603945732117,0.12256469959541658
-196.1735084337202,452.10647367933575,0.0,2.2050754015093696,0.8030205965042114,0.0,0.0,0.5959512591362,0.7017928957939148,0.0,0.0,0.7123808860778809,-0.2339321441160918
-195.55181317897203,451.8748964952629,0.0,2.218734483426875,0.8061091899871826,0.0,0.0,0.5917666554450989,0.7085767388343811,0.0,0.0,0.7056335806846619,0.12187484697332036
-194.92552270278037,451.6355069960433,0.0,2.2334302763972955,0.8089831471443176,0.0,0.0,0.5878316164016724,0.7150949239730835,0.0,0.0,0.6990271210670471,-0.2346743558822747
-194.29434296780832,451.38852287207214,0.0,2.249168772526083,0.8116496801376343,0.0,0.0,0.584144115447998,0.7213524580001831,0.0,0.0,0.6925680041313171,0.12107997343146241
-193.65797764382336,451.134168620591,0.0,2.265955963918687,0.8141161203384399,0.0,0.0,0.5807017683982849,0.727353572845459,0.0,0.0,0.6862627267837524,-0.2355221938313961
-193.01612813028615,450.87267780129827,0.0,2.2837978426805607,0.8163896799087524,0.0,0.0,0.5775011777877808,0.7331012487411499,0.0,0.0,0.6801192760467529,0.12017886844348902
-192.36849357988874,450.60429539730285,0.0,2.302700400917157,0.8184779286384583,0.0,0.0,0.5745376944541931,0.7386010885238647,0.0,0.0,0.6741425395011902,-0.23647686848981006
-191.71477092318852,450.3292802907343,0.0,2.322669630733924,0.820388674736023,0.0,0.0,0.571806013584137,0.7438550591468811,0.0,0.0,0.6683406829833984,0.11917032148304622
-191.0546548944971,450.04790786272696,0.0,2.343711524236316,0.822130024433136,0.0,0.0,0.5692995190620422,0.7488683462142944,0.0,0.0,0.6627185344696045,-0.23753959038387026
-190.38783805918536,449.7604727279252,0.0,2.365832073529784,0.8237104415893555,0.0,0.0,0.5670104622840881,0.7536430358886719,0.0,0.0,0.6572837233543396,0.11805312202378017
-189.71401084257874,449.4672916141048,0.0,2.389037270719779,0.8251387476921082,0.0,0.0,0.5649299621582031,0.7581831812858582,0.0,0.0,0.6520413160324097,-0.23871157003993063
-189.03286156062134,449.1687063979762,0.0,2.413333107911753,0.8264241218566895,0.0,0.0,0.5630478858947754,0.7624927163124084,0.0,0.0,0.6469963788986206,0.11682605953933704
-188.34407645249803,448.8650873087304,0.0,2.4387255772111582,0.8275765180587769,0.0,0.0,0.5613526701927185,0.7665736675262451,0.0,0.0,0.6421560645103455,-0.23999401798434505
-187.64733971541324,448.55683631140016,0.0,2.4652206707234456,0.828606128692627,0.0,0.0,0.5598316788673401,0.7704282402992249,0.0,0.0,0.6375264525413513,0.11548792350336295
-186.94233354173215,448.24439068265673,0.0,2.4928243805540657,0.8295239806175232,0.0,0.0,0.5584709048271179,0.7740610241889954,0.0,0.0,0.633110761642456,-0.2413881447434673
-186.22873815870292,447.9281946096224,0.0,2.5215426988084726,0.8303415179252625,0.0,0.0,0.5572547316551208,0.7774844169616699,0.0,0.0,0.628902018070221,0.11403750338950402
-185.50623187098716,447.6083458509419,0.0,2.551381617592115,0.8310630321502686,0.0,0.0,0.5561642050743103,0.7807091474533081,0.0,0.0,0.6248943209648132,-0.24289516084365123
-184.77449110623746,447.28470122033724,0.0,2.5823471290104467,0.8317067623138428,0.0,0.0,0.5551913976669312,0.7837491631507874,0.0,0.0,0.6210770606994629,0.11247358867140647
-184.03319046397104,446.9571120747069,0.0,2.6144452251689176,0.8322810530662537,0.0,0.0,0.5543236136436462,0.7866155505180359,0.0,0.0,0.6174426674842834,-0.2445162768112508
-183.28200276800249,446.6254284600095,0.0,2.6476818981729826,0.8327934145927429,0.0,0.0,0.553549587726593,0.7893186807632446,0.0,0.0,0.6139833331108093,0.1107949688227163
-182.52059912270863,446.28949904877186,0.0,2.6820631401280894,0.8332505226135254,0.0,0.0,0.5528590679168701,0.7918684482574463,0.0,0.0,0.6106913089752197,-0.24625270317261982
-181.74864900025977,445.9491710855572,0.0,2.7175948486544135,0.8336583971977234,0.0,0.0,0.5522429943084717,0.794273316860199,0.0,0.0,0.6075601577758789,0.1090004380890636
-180.96582645221534,445.6042930235505,0.0,2.7542613011568124,0.8340228796005249,0.0,0.0,0.551692545413971,0.7965431809425354,0.0,0.0,0.6045810580253601,-0.24810454420809452
-180.171824147404,445.25472058891324,0.0,2.7919977325809207,0.834348738193512,0.0,0.0,0.5512003898620605,0.7986860871315002,0.0,0.0,0.6017472743988037,0.10709455771410864
-179.36635542618424,444.90031754725027,0.0,2.8307326155415407,0.8346406817436218,0.0,0.0,0.5507595539093018,0.80070960521698,0.0,0.0,0.5990520119667053,-0.25006085142832785
-178.54915443659192,444.54095562344475,0.0,2.870394422653475,0.8349025249481201,0.0,0.0,0.5503641366958618,0.8026204705238342,0.0,0.0,0.5964893102645874,0.10509143614279881
-177.7199762713506,444.1765144221631,0.0,2.910911626531522,0.835138201713562,0.0,0.0,0.5500083565711975,0.8044263124465942,0.0,0.0,0.5940518379211426,-0.252107174856512
-176.87859710550305,443.80688134931796,0.0,2.9522126997904854,0.8353509306907654,0.0,0.0,0.5496871471405029,0.806132435798645,0.0,0.0,0.5917345881462097,0.10300552335194207
-176.024814334364,443.4319515348086,0.0,2.9942261150451697,0.8355437517166138,0.0,0.0,0.5493959784507751,0.8077454566955566,0.0,0.0,0.589530885219574,-0.25422906451583954
-175.15844671143861,443.0516277568986,0.0,3.036880344910371,0.835719645023346,0.0,0.0,0.5491303205490112,0.8092706203460693,0.0,0.0,0.5874356031417847,0.10085126931834607
-174.27933448589695,442.6658203686236,0.0,3.0801038620008936,0.8358810544013977,0.0,0.0,0.5488864183425903,0.8107137680053711,0.0,0.0,0.5854423642158508,-0.2564120704295023
-173.38733953914092,442.27444722665433,0.0,3.123825138931539,0.8360303044319153,0.0,0.0,0.5486608743667603,0.8120791912078857,0.0,0.0,0.5835469961166382,0.09864312401881853
-172.48234551994986,441.8774336230779,0.0,3.16797264831711,0.8361694812774658,0.0,0.0,0.5484504699707031,0.8133715391159058,0.0,0.0,0.5817442536354065,-0.2586417426206927
-171.56425797764035,441.474712220582,0.0,3.212474862772405,0.8363003730773926,0.0,0.0,0.5482523441314697,0.8145958185195923,0.0,0.0,0.5800288319587708,0.09639553743016724
-170.63300449263082,441.06622299156675,0.0,3.2572602549122287,0.8364247679710388,0.0,0.0,0.5480639338493347,0.8157558441162109,0.0,0.0,0.5783963203430176,-0.260903631112603
-169.68853480375438,440.6519131617271,0.0,3.302257297351382,0.8365445137023926,0.0,0.0,0.5478824973106384,0.816855788230896,0.0,0.0,0.5768417716026306,0.09412295952919986
-168.7308209316244,440.23173715867745,0.0,3.3473944627046657,0.8366609215736389,0.0,0.0,0.5477060079574585,0.8178997039794922,0.0,0.0,0.5753605365753174,-0.2631832859284254
-167.7598572973142,439.80565656621536,0.0,3.39260022358688,0.8367754220962524,0.0,0.0,0.5475322008132935,0.8188905119895935,0.0,0.0,0.5739495754241943,0.09183984029272438
-166.77566083558224,439.37364008483644,0.0,3.437803052612831,0.8368892073631287,0.0,0.0,0.5473592281341553,0.8198314309120178,0.0,0.0,0.5726046562194824,-0.2654662570913522
-165.77827110183546,438.93566349913436,0.0,3.482931422397315,0.837003767490387,0.0,0.0,0.547184944152832,0.8207263946533203,0.0,0.0,0.5713212490081787,0.08956062969754841
-164.76775037199928,438.49170965273294,0.0,3.5279138055551353,0.8371200561523438,0.0,0.0,0.5470078587532043,0.8215776681900024,0.0,0.0,0.5700962543487549,-0.26773809462457543
-163.7441837344365,438.0417684314094,0.0,3.572678674701098,0.8372390270233154,0.0,0.0,0.5468263626098633,0.8223883509635925,0.0,0.0,0.568926215171814,0.08729977772047959
-162.7076791730372,437.58583675507657,0.0,3.617154502449997,0.8373619318008423,0.0,0.0,0.5466387867927551,0.8231611251831055,0.0,0.0,0.5678075551986694,-0.2699843485512875
-161.65836764058386,437.12391857929646,0.0,3.6612697614166385,0.8374894261360168,0.0,0.0,0.5464439392089844,0.8238987326622009,0.0,0.0,0.5667367577552795,0.08507173433832596
-160.5964031214888,436.65602490699865,0.0,3.704952924215826,0.8376225233078003,0.0,0.0,0.5462403297424316,0.8246035575866699,0.0,0.0,0.5657106637954712,-0.27219056889468085
-159.5219551169464,436.1821704725496,0.0,3.748158856317559,0.8377620577812195,0.0,0.0,0.5460265874862671,0.8252771496772766,0.0,0.0,0.5647275447845459,0.08288961655541019
-158.4351530941224,435.70234920006965,0.0,3.791036324822748,0.837908923625946,0.0,0.0,0.5458014011383057,0.8259226083755493,0.0,0.0,0.5637831687927246,-0.27435609760706414
-157.33606172764675,435.2165231095317,0.0,3.8338205530221585,0.8380638360977173,0.0,0.0,0.5455636978149414,0.8265416622161865,0.0,0.0,0.5628750324249268,0.08072879694937937
-156.2246808382438,434.7246220412007,0.0,3.8767471624444396,0.8382273316383362,0.0,0.0,0.5453125834465027,0.8271365165710449,0.0,0.0,0.5620005130767822,-0.276524108183947
-155.10094548345205,434.22654339452123,0.0,3.920051774618239,0.8384003639221191,0.0,0.0,0.5450465679168701,0.827709436416626,0.0,0.0,0.5611562728881836,0.07854169532444
-153.9647260892703,433.72215182882485,0.0,3.963970011072206,0.8385835289955139,0.0,0.0,0.5447645783424377,0.8282614350318909,0.0,0.0,0.5603411793708801,-0.27874220093414737
-152.8158286258209,433.2112789233217,0.0,4.008737493334991,0.8387775421142578,0.0,0.0,0.5444656014442444,0.8287951350212097,0.0,0.0,0.5595515966415405,0.07628071137177411
-151.65399483029285,432.69372279362875,0.0,4.054589842935237,0.8389830589294434,0.0,0.0,0.5441485047340393,0.829311728477478,0.0,0.0,0.5587855577468872,-0.28105797616648304
-150.47890248065244,432.169247661833,0.0,4.101762681401595,0.8392007946968079,0.0,0.0,0.5438122153282166,0.8298126459121704,0.0,0.0,0.5580414533615112,0.07389824478256413
-149.29016572389435,431.6375833767827,0.0,4.150491630262714,0.8394310474395752,0.0,0.0,0.5434561967849731,0.8302998542785645,0.0,0.0,0.557316243648529,-0.28351903418977187
-148.08733546294982,431.0984248809518,0.0,4.201012311047239,0.8396744132041931,0.0,0.0,0.5430793762207031,0.83077472448349,0.0,0.0,0.5566081404685974,0.07134669524799211
-146.86989980678007,430.55143161982573,0.0,4.253560345283821,0.839931309223175,0.0,0.0,0.5426811575889587,0.831238329410553,0.0,0.0,0.5559154152870178,-0.2861729753128316
-145.63728458866234,429.99622688929554,0.0,4.308371354501111,0.840202271938324,0.0,0.0,0.5422605872154236,0.8316923975944519,0.0,0.0,0.5552359819412231,0.0685784624592401
-144.3888539582358,429.4323971160489,0.0,4.365680960200627,0.840487539768219,0.0,0.0,0.5418171882629395,0.8321387767791748,0.0,0.0,0.5545668601989746,-0.28906739984311014
-143.12394081402675,428.8595045640176,0.0,4.425620630047413,0.8407875299453735,0.0,0.0,0.5413503050804138,0.8325777053833008,0.0,0.0,0.553907573223114,0.0655512064063721
-141.84196417007269,428.2771397259005,0.0,4.48791317190733,0.8411023616790771,0.0,0.0,0.540859580039978,0.8330114483833313,0.0,0.0,0.5532550811767578,-0.29221348781583323
-140.54245810006688,427.6849343039786,0.0,4.552181179748177,0.8414322137832642,0.0,0.0,0.540344774723053,0.8334408402442932,0.0,0.0,0.5526081323623657,0.06230534742451116
-139.2250719402453,427.0825613530388,0.0,4.61804724753777,0.8417772054672241,0.0,0.0,0.53980553150177,0.8338671326637268,0.0,0.0,0.5519647598266602,-0.2955400568961157
-137.88957042051405,426.46973549286446,0.0,4.685133969243912,0.8421372175216675,0.0,0.0,0.5392419099807739,0.834291398525238,0.0,0.0,0.5513231754302979,0.05891712915652417
-136.53583371556962,425.8462131975856,0.0,4.753063938834418,0.8425122499465942,0.0,0.0,0.5386537909507751,0.8347153663635254,0.0,0.0,0.5506810545921326,-0.2989708634410907
-135.16385740726537,425.2117931693568,0.0,4.821459750277084,0.8429021835327148,0.0,0.0,0.5380412936210632,0.8351396322250366,0.0,0.0,0.5500373840332031,0.05546279524527839
-133.7737523491055,424.5663168039192,0.0,4.889943997539728,0.8433066606521606,0.0,0.0,0.5374048352241516,0.835565447807312,0.0,0.0,0.5493904948234558,-0.30242966380789094
-132.36574442350945,423.9096687555792,0.0,4.958139274590158,0.8437254428863525,0.0,0.0,0.5367447137832642,0.8359940648078918,0.0,0.0,0.5487380027770996,0.052018589333640564
-130.9401741823868,423.2417776090021,0.0,5.025668175396173,0.8441579937934875,0.0,0.0,0.5360616445541382,0.8364264965057373,0.0,0.0,0.5480785965919495,-0.3058402143536493
-129.49749636162542,422.5626166649751,0.0,5.0921532939255885,0.8446037769317627,0.0,0.0,0.5353564023971558,0.8368638753890991,0.0,0.0,0.5474106669425964,0.048660755064478145
-128.0382792603152,421.8722048469051,0.0,5.157217224146213,0.8450621366500854,0.0,0.0,0.5346300005912781,0.8373067378997803,0.0,0.0,0.5467330813407898,-0.309126271435499
-126.56319371551885,421.17061577817725,0.0,5.22048256002585,0.8455323576927185,0.0,0.0,0.533883273601532,0.8377556204795837,0.0,0.0,0.5460450053215027,0.045465536080658064
-125.07295350568678,420.4580249513242,0.0,5.281571895532308,0.8460136651992798,0.0,0.0,0.5331174731254578,0.8382101058959961,0.0,0.0,0.5453469753265381,-0.3122115914105726
-123.56834469202461,419.73468043723676,0.0,5.340126753618622,0.8465051651000977,0.0,0.0,0.5323337316513062,0.8386703729629517,0.0,0.0,0.5446388721466064,0.042508220015692655
-122.05017446499511,419.00084676291783,0.0,5.396059701503539,0.8470064401626587,0.0,0.0,0.531532883644104,0.8391361236572266,0.0,0.0,0.5439209342002869,-0.3150364877683966
-120.51921405616588,418.2567775195173,0.0,5.449485893153499,0.8475167751312256,0.0,0.0,0.5307158827781677,0.8396074771881104,0.0,0.0,0.5431928634643555,0.03980992750811885
-118.9761975075731,417.5027145134589,0.0,5.500525355249527,0.8480355739593506,0.0,0.0,0.5298835039138794,0.8400848507881165,0.0,0.0,0.5424544215202332,-0.3176142383793071
-117.42182182868898,416.7388875581375,0.0,5.549298114472646,0.8485623598098755,0.0,0.0,0.5290365219116211,0.8405675888061523,0.0,0.0,0.5417063236236572,0.0373466568402846
-115.8567471643387,415.9655142511171,0.0,5.595924197503885,0.8490966558456421,0.0,0.0,0.5281756520271301,0.8410553932189941,0.0,0.0,0.5409485697746277,-0.31996909105765253
-114.28159697281073,415.1827997378348,0.0,5.640523631024271,0.849638044834137,0.0,0.0,0.5273014903068542,0.8415487408638,0.0,0.0,0.5401806235313416,0.035094160197840896
-112.69695821344129,414.3909364627673,0.0,5.6832164417148245,0.8501859307289124,0.0,0.0,0.5264148116111755,0.8420473337173462,0.0,0.0,0.5394030809402466,-0.3221252936177815
-111.10338154299686,413.5901039089581,0.0,5.724122656256573,0.8507400751113892,0.0,0.0,0.5255160331726074,0.8425512313842773,0.0,0.0,0.5386158227920532,0.03302818976643951
-109.50138152021695,412.7804683267509,0.0,5.763362301330545,0.851300060749054,0.0,0.0,0.5246056914329529,0.843059778213501,0.0,0.0,0.5378194451332092,-0.3241070938740428
-107.89143681791938,411.9621824525264,0.0,5.801055403617764,0.8518655896186829,0.0,0.0,0.5236841440200806,0.8435735106468201,0.0,0.0,0.5370132327079773,0.031124497731731537
-106.27399044211381,411.1353852181791,0.0,5.83732198979926,0.8524362444877625,0.0,0.0,0.5227519869804382,0.8440917134284973,0.0,0.0,0.5361983776092529,-0.325938739640785
-104.6494499576027,410.3002014520235,0.0,5.872282086556049,0.8530195951461792,0.0,0.0,0.5218145251274109,0.8446144461631775,0.0,0.0,0.5353745222091675,0.029358836279368417
-103.01818771959542,409.45674157176285,0.0,5.906055720569167,0.853598952293396,0.0,0.0,0.5208619832992554,0.8451420068740845,0.0,0.0,0.5345413088798523,-0.3276444787323567
-101.38054111089666,408.60510127010303,0.0,5.9387629185196324,0.8541827201843262,0.0,0.0,0.5198999643325806,0.8456740379333496,0.0,0.0,0.5336991548538208,0.027706957595001525
-99.73681278427038,407.74536119353957,0.0,5.970523707088476,0.854778528213501,0.0,0.0,0.5189336538314819,0.8462103605270386,0.0,0.0,0.532848596572876,-0.32924855896310634
-98.0872709096226,406.8775866147973,0.0,6.001458112956722,0.8553696274757385,0.0,0.0,0.5179532170295715,0.8467507362365723,0.0,0.0,0.531989574432373,0.026144613864282018
-96.43214942568078,406.0018270993433,0.0,6.0316861628053955,0.8559723496437073,0.0,0.0,0.5169690251350403,0.8472951650619507,0.0,0.0,0.5311218500137329,-0.33077522814738275
-94.77164829589182,405.11811616635123,0.0,6.061327883315523,0.8565700650215149,0.0,0.0,0.5159714818000793,0.8478434681892395,0.0,0.0,0.5302461385726929,0.024647557272861387
-93.10593376829533,404.22647094443425,0.0,6.09050330116813,0.857171356678009,0.0,0.0,0.5149659514427185,0.8483960032463074,0.0,0.0,0.5293616056442261,-0.33224873409953465
-91.43513863917015,403.3268918224201,0.0,6.11933244304424,0.8577839732170105,0.0,0.0,0.5139573812484741,0.8489521145820618,0.0,0.0,0.5284693837165833,0.02319154000639123
-89.75936252028926,402.41936209538443,0.0,6.147935335624882,0.8583909869194031,0.0,0.0,0.5129358172416687,0.8495118618011475,0.0,0.0,0.5275692343711853,-0.3336933246339105
-88.07867210965728,401.50384760611445,0.0,6.176432005591081,0.8590090274810791,0.0,0.0,0.5119116306304932,0.8500750064849854,0.0,0.0,0.526661217212677,0.021752314250522597
-86.39310146564242,400.58029638211684,0.0,6.2049424796238615,0.8596212267875671,0.0,0.0,0.5108750462532043,0.8506416082382202,0.0,0.0,0.525745689868927,-0.335133247564859
-84.70265228445261,399.64863826824114,0.0,6.2335867844042525,0.8602442741394043,0.0,0.0,0.5098360180854797,0.8512117266654968,0.0,0.0,0.5248220562934875,0.02030563219090692
-83.00729471065569,398.70878484945024,0.0,6.262482988216255,0.8608613014221191,0.0,0.0,0.5087849497795105,0.851784884929657,0.0,0.0,0.5238915085792542,-0.33659265179778847
-81.30698323036547,397.7606378130056,0.0,6.291691333665452,0.8614891171455383,0.0,0.0,0.5077316164970398,0.8523614406585693,0.0,0.0,0.5229527950286865,0.018830463228826255
-79.6016745987499,396.80409875790144,0.0,6.321206094868778,0.8621107339859009,0.0,0.0,0.506666362285614,0.8529409766197205,0.0,0.0,0.5220072269439697,-0.33808329630300693
-77.89132879928466,395.8390697534371,0.0,6.351017950118137,0.8627429604530334,0.0,0.0,0.5055991411209106,0.853523850440979,0.0,0.0,0.5210537910461426,0.01732481397380814
-76.17590902680993,394.86545336177403,0.0,6.381117577705436,0.8633687496185303,0.0,0.0,0.5045201778411865,0.8541094064712524,0.0,0.0,0.5200932621955872,-0.3396034795144867
-74.45538167035467,393.8831526608011,0.0,6.4114956559225655,0.8640050888061523,0.0,0.0,0.503439724445343,0.8546977639198303,0.0,0.0,0.519125759601593,0.015790567599205607
-72.72971629572103,392.89207126731435,0.0,6.442142863061436,0.8646426796913147,0.0,0.0,0.5023520588874817,0.8552890419960022,0.0,0.0,0.518151044845581,-0.34115131825887407
-70.99888562782444,391.89211336052057,0.0,6.473049877413945,0.8652739524841309,0.0,0.0,0.5012529492378235,0.8558834195137024,0.0,0.0,0.5171687602996826,0.014229607278371803
-69.26286553278214,390.8831837058715,0.0,6.504207377271994,0.8659156560897827,0.0,0.0,0.5001523494720459,0.8564801216125488,0.0,0.0,0.5161799788475037,-0.3427249293628159
-67.52163499974696,389.86518767923405,0.0,6.535606040927487,0.8665584325790405,0.0,0.0,0.4990449845790863,0.8570794463157654,0.0,0.0,0.5151842832565308,0.01264381618466004
-65.77517612247914,388.83803129140585,0.0,6.567236546672323,0.8671947717666626,0.0,0.0,0.49792641401290894,0.857681393623352,0.0,0.0,0.51418137550354,-0.34432242965295917
-64.02347408065316,387.80162121297906,0.0,6.599089572798403,0.8678414821624756,0.0,0.0,0.49680647253990173,0.8582859039306641,0.0,0.0,0.5131716132164001,0.011035077491423684
-62.26651712089439,386.7558647995624,0.0,6.631155797597628,0.8684892058372498,0.0,0.0,0.4956798851490021,0.8588929772377014,0.0,0.0,0.5121550559997559,-0.3459419359559503
-60.504296537540846,385.7006701173616,0.0,6.663425899361904,0.8691302537918091,0.0,0.0,0.49454236030578613,0.8595024347305298,0.0,0.0,0.5111317038536072,0.009405274372015715
-58.73680665312734,384.6359459691285,0.0,6.695890556383127,0.8697816729545593,0.0,0.0,0.49340373277664185,0.8601146340370178,0.0,0.0,0.5101009607315063,-0.34758156509843624
-56.964044798587295,383.56160192048026,0.0,6.7285404469532,0.8704338669776917,0.0,0.0,0.49225857853889465,0.8607288599014282,0.0,0.0,0.509063720703125,0.007756289999789778
-55.186011293169265,382.4775483265951,0.0,6.761366249364026,0.8710869550704956,0.0,0.0,0.4911070168018341,0.861345648765564,0.0,0.0,0.5080194473266602,-0.3492394339070638
-53.40270942406482,381.3836963592865,0.0,6.794358641907506,0.8717331290245056,0.0,0.0,0.4899449348449707,0.8619644045829773,0.0,0.0,0.5069688558578491,0.006090007548098908
-51.6141463168114,380.27995858601275,0.0,6.827504898116588,0.8723896741867065,0.0,0.0,0.4887818992137909,0.8625855445861816,0.0,0.0,0.505911111831665,-0.35091348725095683
-49.82035836477374,379.16626486369194,0.0,6.860694823865393,0.873046875,0.0,0.0,0.48761260509490967,0.8632087707519531,0.0,0.0,0.5048470497131348,0.0044137486718965335
-48.02143949041081,378.04258058770625,0.0,6.893708751854647,0.8737047910690308,0.0,0.0,0.48643726110458374,0.8638342022895813,0.0,0.0,0.5037761926651001,-0.35258085735142414
-46.21754209738521,376.9089083881933,0.0,6.926321198762609,0.8743634819984436,0.0,0.0,0.4852558672428131,0.8644616603851318,0.0,0.0,0.5026986598968506,0.0027666553937166216
-44.40887648775983,375.76528890099087,0.0,6.9583066812675245,0.8750150799751282,0.0,0.0,0.4840643107891083,0.8650912046432495,0.0,0.0,0.501614511013031,-0.35419628576076334
-42.59571027033278,374.61180154587873,0.0,6.989439724549417,0.8756768703460693,0.0,0.0,0.4828720688819885,0.8657228350639343,0.0,0.0,0.500523567199707,0.0011942794703887483
-40.77835395006169,373.4485564447118,0.0,7.01954826713701,0.8763389587402344,0.0,0.0,0.4816739857196808,0.8663562536239624,0.0,0.0,0.49942633509635925,-0.35571691922478316
-38.957113997295025,372.27566501616315,0.0,7.04864026985841,0.8770017027854919,0.0,0.0,0.4804702401161194,0.8669918775558472,0.0,0.0,0.4983222484588623,-0.00027501359634862776
-37.13228308954338,371.0932336301235,0.0,7.076761580248839,0.8776649832725525,0.0,0.0,0.4792608320713043,0.8676291108131409,0.0,0.0,0.4972119927406311,-0.35713718742632
-35.30414021285576,369.90136347336863,0.0,7.103958045843528,0.8783286809921265,0.0,0.0,0.4780460298061371,0.8682681322097778,0.0,0.0,0.4960954487323761,-0.0016485724647672395
-33.47295076510362,368.7001504127179,0.0,7.1302755141777,0.8789928555488586,0.0,0.0,0.47682586312294006,0.8689090609550476,0.0,0.0,0.4949721097946167,-0.35846635249370246
-31.638966661056326,367.4896848558408,0.0,7.155759832786579,0.8796574473381042,0.0,0.0,0.4756004810333252,0.869551420211792,0.0,0.0,0.4938426613807678,-0.002935659263195445
-29.802426439132354,366.27005160986135,0.0,7.1804568492053935,0.8803223371505737,0.0,0.0,0.47437000274658203,0.8701953887939453,0.0,0.0,0.4927070736885071,-0.35971367655525877
-27.96355536972203,365.0413297379038,0.0,7.20441241096937,0.8809875249862671,0.0,0.0,0.4731345772743225,0.8708406686782837,0.0,0.0,0.4915655851364136,-0.004145536119961879
-26.122565564978487,363.803592413712,0.0,7.227672365613731,0.8816529512405396,0.0,0.0,0.4718942642211914,0.8714874386787415,0.0,0.0,0.4904179871082306,-0.36088842173931746
-24.279656089982943,362.55690677447063,0.0,7.250282560673706,0.8823186159133911,0.0,0.0,0.47064918279647827,0.8721354603767395,0.0,0.0,0.4892646372318268,-0.005287465163394955
-22.435013075194327,361.3013337719467,0.0,7.272288843684516,0.8829843997955322,0.0,0.0,0.46939945220947266,0.8727847337722778,0.0,0.0,0.4881054759025574,-0.3619998501742068
-20.588809830100256,360.03692802206314,0.0,7.293737062181392,0.8836503028869629,0.0,0.0,0.4681451618671417,0.8734352588653564,0.0,0.0,0.4869404435157776,-0.006370708521823032
-18.741206957990258,358.7637376530053,0.0,7.314673063699556,0.8843162059783936,0.0,0.0,0.46688637137413025,0.8740866780281067,0.0,0.0,0.48577001690864563,-0.3630572239882556
-16.892352471780463,357.48180415196185,0.0,7.335142695774231,0.884982168674469,0.0,0.0,0.46562322974205017,0.8747392892837524,0.0,0.0,0.4845938980579376,-0.007404528323574244
-15.042381910822655,356.19116221058096,0.0,7.355191805940649,0.8856480121612549,0.0,0.0,0.46435585618019104,0.875392735004425,0.0,0.0,0.48341232538223267,-0.3640698053097919
-13.191418458637159,354.89183956922955,0.0,7.374866241734032,0.8863136768341064,0.0,0.0,0.46308434009552,0.8760471343994141,0.0,0.0,0.48222529888153076,-0.008398186696977394
-11.339573061513669,353.5838568601246,0.0,7.39421185068961,0.8869791626930237,0.0,0.0,0.4618087708950043,0.8767024278640747,0.0,0.0,0.4810328781604767,-0.3650468562671443
-9.48694454793242,352.26722744940474,0.0,7.413274480342599,0.8876442313194275,0.0,0.0,0.46052905917167664,0.8773584365844727,0.0,0.0,0.47983530163764954,-0.009360945770360674
-7.633619748759241,350.94195727819823,0.0,7.432099978228235,0.888309121131897,0.0,0.0,0.4592454433441162,0.8780150413513184,0.0,0.0,0.47863274812698364,-0.36599763898864107
-5.779673618178268,349.6080447027419,0.0,7.45073419188174,0.8889736533164978,0.0,0.0,0.457957923412323,0.8786720037460327,0.0,0.0,0.47742557525634766,-0.010302067672052828
-3.925169355328336,348.26548033359217,0.0,7.469222968838337,0.8896375894546509,0.0,0.0,0.45666661858558655,0.8793297410011292,0.0,0.0,0.47621312737464905,-0.3669314156026106
-2.070158526615444,346.91424687396517,0.0,7.487612156633257,0.8903011083602905,0.0,0.0,0.4553716480731964,0.8799878358840942,0.0,0.0,0.4749961197376251,-0.011230814530382105
-0.21468118868032526,345.5543189572375,0.0,7.505947602801719,0.890964150428772,0.0,0.0,0.45407307147979736,0.8806464076042175,0.0,0.0,0.4737739562988281,-0.3678574482373814
1.6412333564887085,344.18566345077267,0.0,7.524272591785549,0.8916266560554504,0.0,0.0,0.4527708888053894,0.8813053965568542,0.0,0.0,0.4725469946861267,-0.012156319024515028
3.4975590758285726,342.8082447854032,0.0,7.542600435290262,0.8922885060310364,0.0,0.0,0.4514652192592621,0.881964385509491,0.0,0.0,0.47131583094596863,-0.36878309689923555
5.3542684052550715,341.42202847566404,0.0,7.560925023499957,0.892949640750885,0.0,0.0,0.450156033039093,0.8826237916946411,0.0,0.0,0.47007983922958374,-0.013081803277529891
7.211332186481322,340.02698120263716,0.0,7.579239919099435,0.8936101198196411,0.0,0.0,0.44884347915649414,0.883283257484436,0.0,0.0,0.4688395857810974,-0.369708091626482
9.068719684969002,338.6230708376872,0.0,7.597538684773494,0.8942698836326599,0.0,0.0,0.4475276470184326,0.8839426636695862,0.0,0.0,0.46759510040283203,-0.014005983362078311
10.926398607966748,337.2102664663087,0.0,7.615814883206931,0.8949288725852966,0.0,0.0,0.4462085962295532,0.8846022486686707,0.0,0.0,0.46634596586227417,-0.370631131951403
12.784335122632646,335.78853841208075,0.0,7.634062077084543,0.8955869674682617,0.0,0.0,0.44488629698753357,0.8852619528770447,0.0,0.0,0.4650925099849701,-0.01492755881044261
14.64249387424065,334.3578582607298,0.0,7.652273829091128,0.8962441682815552,0.0,0.0,0.4435608685016632,0.88592129945755,0.0,0.0,0.463835209608078,-0.371550917406281
16.50083800447078,332.9181988842969,0.0,7.670443701911483,0.8969004154205322,0.0,0.0,0.4422323703765869,0.8865806460380554,0.0,0.0,0.4625736176967621,-0.01584522915490505
18.35932916977943,331.46953446540965,0.0,7.688565258230408,0.8975557088851929,0.0,0.0,0.44090089201927185,0.8872398138046265,0.0,0.0,0.46130797266960144,-0.3724661475233984
20.217927559850477,330.01184052165587,0.0,7.7066320607327015,0.898209810256958,0.0,0.0,0.4395666718482971,0.8878987431526184,0.0,0.0,0.4600382447242737,-0.01675769392774812
22.076591916125153,328.5450939300564,0.0,7.724637672103155,0.8988627791404724,0.0,0.0,0.43822985887527466,0.888557493686676,0.0,0.0,0.45876452326774597,-0.37337552183503747
23.93527955040819,327.06927295163644,0.0,7.742575655026565,0.8995144963264465,0.0,0.0,0.4368906319141388,0.8892160058021545,0.0,0.0,0.45748698711395264,-0.017663652661253693
25.7939463635501,325.584357256092,0.0,7.760439572187739,0.900164783000946,0.0,0.0,0.435549259185791,0.8898741602897644,0.0,0.0,0.4562055766582489,-0.3742777398734806
27.652546864202222,324.0903279465494,0.0,7.778222986271462,0.9008135795593262,0.0,0.0,0.43420591950416565,0.8905319571495056,0.0,0.0,0.4549202620983124,-0.018561804887704314
29.51103418764391,322.58716758441454,0.0,7.795919459962541,0.9014606475830078,0.0,0.0,0.4328610599040985,0.8911892175674438,0.0,0.0,0.45363137125968933,-0.3751715011710099
31.369360114678834,321.0748602143109,0.0,7.813522555945772,0.9021057486534119,0.0,0.0,0.43151500821113586,0.8918459415435791,0.0,0.0,0.4523388743400574,-0.01945085013938258
33.22747509059961,319.5533913891018,0.0,7.8310258369059484,0.9027488231658936,0.0,0.0,0.43016812205314636,0.8925021290779114,0.0,0.0,0.4510427415370941,-0.3760555052599077
35.085328244216356,318.0227481949943,0.0,7.84842286552787,0.9033895134925842,0.0,0.0,0.4288208484649658,0.8931577205657959,0.0,0.0,0.44974303245544434,-0.020329487948570535
36.94286740695031,316.4829192767227,0.0,7.865707204496336,0.9040277004241943,0.0,0.0,0.427473783493042,0.8938126564025879,0.0,0.0,0.44843992590904236,-0.37692845167245653
38.800039131985955,314.9338948628078,0.0,7.8828724164961415,0.9046630859375,0.0,0.0,0.42612743377685547,0.8944670557975769,0.0,0.0,0.4471333622932434,-0.021196417847550608
40.65678871348318,313.3756667908868,0.0,7.89991206421208,0.9052953720092773,0.0,0.0,0.424782395362854,0.8951207995414734,0.0,0.0,0.4458233714103699,-0.3777890399409382
42.51306020584369,311.8082285331144,0.0,7.916819710328959,0.9059242606163025,0.0,0.0,0.4234393537044525,0.8957738280296326,0.0,0.0,0.4445100426673889,-0.02205033936860512
44.3687964430312,310.2315752216282,0.0,7.933588917531568,0.9065495729446411,0.0,0.0,0.4220990538597107,0.8964259624481201,0.0,0.0,0.4431934356689453,-0.3786359695976357
46.22393913544247,308.64570361269773,0.0,7.9502135722759295,0.9071707725524902,0.0,0.0,0.420762300491333,0.8970770835876465,0.0,0.0,0.4418739676475525,-0.02288996839609808
48.07843742683069,307.050623646707,0.0,7.966691667502205,0.907787561416626,0.0,0.0,0.41942983865737915,0.8977270126342773,0.0,0.0,0.44055211544036865,-0.37946819662926573
49.93226582771918,305.44638603791424,0.0,7.983024017828103,0.9083997011184692,0.0,0.0,0.418102502822876,0.8983752131462097,0.0,0.0,0.43922874331474304,-0.023714834574173782
51.785404809726906,303.83305061663714,0.0,7.999211493285248,0.9090068340301514,0.0,0.0,0.416780948638916,0.8990213871002197,0.0,0.0,0.4379045367240906,-0.38028574589477815
53.637835816857695,302.2106781993484,0.0,8.015254963905267,0.9096087217330933,0.0,0.0,0.415465772151947,0.8996654152870178,0.0,0.0,0.4365798234939575,-0.024525110868114097
55.489541259741884,300.5793305796475,0.0,8.031155299719778,0.910205066204071,0.0,0.0,0.41415756940841675,0.9003069996833801,0.0,0.0,0.435255229473114,-0.38108879315813726
57.340504509832975,298.93907051916796,0.0,8.046913370760405,0.9107957482337952,0.0,0.0,0.4128569960594177,0.9009456038475037,0.0,0.0,0.4339316785335541,-0.025320973041883243
59.19070989356012,297.28996173842364,0.0,8.062530047058774,0.9113805890083313,0.0,0.0,0.4115644693374634,0.9015812873840332,0.0,0.0,0.43260931968688965,-0.3818775141833073
61.04014268643893,295.63206890759506,0.0,8.078006198646506,0.9119511842727661,0.0,0.0,0.41027674078941345,0.9022136926651001,0.0,0.0,0.43128877878189087,-0.026102596859445493
62.8887891071425,293.96545763725965,0.0,8.09334269555522,0.9125252962112427,0.0,0.0,0.4090023338794708,0.90284264087677,0.0,0.0,0.4299706816673279,-0.3826520847342525
64.73663631153444,292.29019446906966,0.0,8.108540407816546,0.913092851638794,0.0,0.0,0.407737135887146,0.9034677147865295,0.0,0.0,0.42865556478500366,-0.02687015808476495
66.58367238666472,290.6063468663791,0.0,8.1236002054621,0.9136537313461304,0.0,0.0,0.4064815044403076,0.9040889143943787,0.0,0.0,0.42734381556510925,-0.3834126805749371
68.42988634473221,288.9139832048235,0.0,8.138522958523511,0.9141998291015625,0.0,0.0,0.4052322804927826,0.9047060012817383,0.0,0.0,0.42603588104248047,-0.027623832481805888
70.27526811701361,287.213172762854,0.0,8.1533095370324,0.9147488474845886,0.0,0.0,0.40399760007858276,0.9053189158439636,0.0,0.0,0.42473211884498596,-0.3841594774693254
72.11980854776172,285.50398571223127,0.0,8.167960811020388,0.9152824282646179,0.0,0.0,0.4027697443962097,0.905927300453186,0.0,0.0,0.4234330356121063,-0.028363795814532577
73.96349938807467,283.7864931084783,0.0,8.1824776505191,0.9158187508583069,0.0,0.0,0.40155690908432007,0.9065309762954712,0.0,0.0,0.4221389889717102,-0.3848926511813816
75.8063332897372,282.060766881298,0.0,8.196860925560161,0.9163477420806885,0.0,0.0,0.4003550410270691,0.9071299433708191,0.0,0.0,0.4208502769470215,-0.02909022384690929
77.64830379903708,280.32687982495634,0.0,8.211111506175188,0.9168614149093628,0.0,0.0,0.3991609513759613,0.9077239632606506,0.0,0.0,0.4195674657821655,-0.3856123774750699
79.4894053505566,278.58490558863485,0.0,8.225230262395808,0.917377233505249,0.0,0.0,0.3979823887348175,0.9083130359649658,0.0,0.0,0.41829076409339905,-0.02980329234290019
81.3296332609427,276.83491866675433,0.0,8.23921806425364,0.9178776741027832,0.0,0.0,0.3968120217323303,0.9088968634605408,0.0,0.0,0.41702064871788025,-0.38631883211435436
83.16898372265561,275.0769943892727,0.0,8.253075781780314,0.9183717966079712,0.0,0.0,0.3956540822982788,0.9094755053520203,0.0,0.0,0.4157571792602539,-0.030503177066469545
85.00745379769928,273.31120891196025,0.0,8.266804285007451,0.9188680648803711,0.0,0.0,0.3945122957229614,0.9100487232208252,0.0,0.0,0.4145011603832245,-0.38701219086319966
86.84504141133434,271.53763920665375,0.0,8.280404443966665,0.9193485379219055,0.0,0.0,0.393379271030426,0.9106162190437317,0.0,0.0,0.4132527709007263,-0.03119005378158135
88.68174534577511,269.7563630514926,0.0,8.29387712868959,0.9198225736618042,0.0,0.0,0.3922590911388397,0.9111782312393188,0.0,0.0,0.4120119512081146,-0.3876926294855697
90.51756523387331,267.9674590211397,0.0,8.307223209207844,0.9202985763549805,0.0,0.0,0.3911554515361786,0.9117345809936523,0.0,0.0,0.41077935695648193,-0.03186409825220016
92.35250155278891,266.1710064769894,0.0,8.320443555553053,0.9207586646080017,0.0,0.0,0.39006102085113525,0.9122852087020874,0.0,0.0,0.40955492854118347,-0.3883603237454288
94.18655561765023,264.3670855573649,0.0,8.333539037756838,0.9212121963500977,0.0,0.0,0.38897988200187683,0.9128300547599792,0.0,0.0,0.408339262008667,-0.032525486242290236
96.01972957520526,262.55577716770716,0.0,8.346510525850817,0.9216591715812683,0.0,0.0,0.38791215419769287,0.9133688807487488,0.0,0.0,0.4071325957775116,-0.38901544940674093
97.8520263974651,260.7371629707597,0.0,8.359358889866622,0.9220994710922241,0.0,0.0,0.3868579566478729,0.9139017462730408,0.0,0.0,0.4059351086616516,-0.03317439351581569
99.68344987534131,258.911325376749,0.0,8.37208499983587,0.9225414991378784,0.0,0.0,0.3858208954334259,0.9144285321235657,0.0,0.0,0.40474703907966614,-0.38965818223347065
101.51400461227918,257.0783475335643,0.0,8.384689725790185,0.9229675531387329,0.0,0.0,0.384793758392334,0.9149491786956787,0.0,0.0,0.4035685956478119,-0.03381099583674074
103.34369601788737,255.23831331694012,0.0,8.397173937761192,0.9233869910240173,0.0,0.0,0.38378044962882996,0.9154636859893799,0.0,0.0,0.4024002254009247,-0.39028869798958205
105.1725303015668,253.391307320642,0.0,8.409538505780514,0.9237996935844421,0.0,0.0,0.38278111815452576,0.9159720540046692,0.0,0.0,0.40124189853668213,-0.034435468969029714
107.0005144661394,251.5374148466588,0.0,8.421784299879766,0.9242057204246521,0.0,0.0,0.38179582357406616,0.9164741039276123,0.0,0.0,0.40009385347366333,-0.3909071724390392
108.82765630147811,249.67672189540343,0.0,8.433912190090581,0.9246050119400024,0.0,0.0,0.3808246850967407,0.9169698357582092,0.0,0.0,0.3989563584327698,-0.03504798867664671
110.65396437814022,247.80931515592593,0.0,8.44592304644458,0.9249975681304932,0.0,0.0,0.379867821931839,0.9174591898918152,0.0,0.0,0.39782971143722534,-0.3915137813458068
112.47944804100509,245.9352819961379,0.0,8.457817738973382,0.9253833293914795,0.0,0.0,0.37892526388168335,0.9179421663284302,0.0,0.0,0.39671409130096436,-0.035648730723555955
114.30411740291757,244.05471045305413,0.0,8.469597137708616,0.9257622957229614,0.0,0.0,0.37799710035324097,0.9184187650680542,0.0,0.0,0.39560943841934204,-0.3921087004738489
116.12798333833935,242.1676892230508,0.0,8.481262112681897,0.926134467124939,0.0,0.0,0.3770834803581238,0.9188888669013977,0.0,0.0,0.39451614022254944,-0.036237870873721656
117.95105747700826,240.27430765214433,0.0,8.492813533924851,0.9264999032020569,0.0,0.0,0.3761844336986542,0.9193525314331055,0.0,0.0,0.39343446493148804,-0.39269210558712936
119.77335219760836,238.37465572629233,0.0,8.504252271469104,0.9268585443496704,0.0,0.0,0.3753000497817993,0.9198097586631775,0.0,0.0,0.3923644721508026,-0.0368155848911082
121.59488062145138,236.46882406171832,0.0,8.515579195346277,0.9272103905677795,0.0,0.0,0.37443041801452637,0.9202603697776794,0.0,0.0,0.3913063406944275,-0.3932641724496128
123.41565660617087,234.55690389526313,0.0,8.526795175587992,0.9275554418563843,0.0,0.0,0.3735756278038025,0.9207044243812561,0.0,0.0,0.3902602791786194,-0.037382048539679746
125.23569473943054,232.63898707476525,0.0,8.537901082225874,0.9278936982154846,0.0,0.0,0.37273573875427246,0.921142041683197,0.0,0.0,0.38922640681266785,-0.39382507682526335
127.05501033264872,230.7151660494711,0.0,8.548897785291546,0.9282251596450806,0.0,0.0,0.37191081047058105,0.9215729832649231,0.0,0.0,0.3882048726081848,-0.03793743758340057
128.87361941473912,228.78553386047807,0.0,8.559786154816628,0.9285498261451721,0.0,0.0,0.37110093235969543,0.9219973683357239,0.0,0.0,0.38719579577445984,-0.39437499447804525
130.69153872587003,226.8501841312127,0.0,8.570567060832744,0.928867757320404,0.0,0.0,0.37030619382858276,0.9224151968955994,0.0,0.0,0.38619938492774963,-0.038481927786234715
132.50878571124312,224.90921105794501,0.0,8.581241373371517,0.9291788935661316,0.0,0.0,0.36952662467956543,0.9228264093399048,0.0,0.0,0.3852158188819885,-0.3949141011719227
134.3253785148928,222.96270940034194,0.0,8.591809962464572,0.9294832944869995,0.0,0.0,0.3687623143196106,0.9232310056686401,0.0,0.0,0.38424521684646606,-0.039015694912146515
136.14133597350772,221.01077447206083,0.0,8.60227369814353,0.9297809600830078,0.0,0.0,0.3680133521556854,0.9236290454864502,0.0,0.0,0.3832874894142151,-0.3954425726708601
137.9566776102758,219.05350213138632,0.0,8.612633450440017,0.9300718903541565,0.0,0.0,0.3672797977924347,0.9240204095840454,0.0,0.0,0.3823430836200714,-0.03953891472510035
139.7714236287532,217.0909887719109,0.0,8.622890089385649,0.9303560853004456,0.0,0.0,0.3665616810321808,0.9244049787521362,0.0,0.0,0.3814120292663574,-0.3959605847388213
141.58559490675947,215.12333131326287,0.0,8.633044485012054,0.9306336045265198,0.0,0.0,0.3658590316772461,0.9247831702232361,0.0,0.0,0.38049423694610596,-0.04005176298906021
143.39921299029996,213.1506271918812,0.0,8.643097507350861,0.9309044480323792,0.0,0.0,0.36517196893692017,0.9251546859741211,0.0,0.0,0.3795900344848633,-0.3964683131397711
145.21230008751527,211.17297435184167,0.0,8.653050026433677,0.9311685562133789,0.0,0.0,0.36450058221817017,0.9255195260047913,0.0,0.0,0.37869954109191895,-0.040554415467990323
147.02487906266106,209.19047123573475,0.0,8.66290291229214,0.9314259886741638,0.0,0.0,0.3638448715209961,0.9258778095245361,0.0,0.0,0.3778228163719177,-0.3969659336376733
148.8369734301178,207.20321677559696,0.0,8.672657034957865,0.9316767454147339,0.0,0.0,0.3632049262523651,0.9262293577194214,0.0,0.0,0.3769600987434387,-0.04104704792585523
150.64860734843268,205.21131038389746,0.0,8.682313264462474,0.9319208860397339,0.0,0.0,0.3625807762145996,0.9265742301940918,0.0,0.0,0.37611129879951477,-0.3974536219964919
152.4598056143931,203.214851944583,0.0,8.691872470837597,0.9321584105491638,0.0,0.0,0.36197251081466675,0.9269126653671265,0.0,0.0,0.37527668476104736,-0.041529836126619035
154.27059365713558,201.21394180418073,0.0,8.701335524114853,0.9323892593383789,0.0,0.0,0.3613802194595337,0.9272444844245911,0.0,0.0,0.37445613741874695,-0.3979315539801917
156.08099753228836,199.20868076296253,0.0,8.710703294325862,0.9326134920120239,0.0,0.0,0.3608039617538452,0.927569568157196,0.0,0.0,0.37365007400512695,-0.04200295583424579
157.89104391615078,197.19917006617143,0.0,8.719976651502254,0.9328311085700989,0.0,0.0,0.3602437674999237,0.9278880953788757,0.0,0.0,0.37285852432250977,-0.3983999053527367
159.70076009990933,195.18551139531246,0.0,8.729156465675642,0.9330421090126038,0.0,0.0,0.35969966650009155,0.9281999468803406,0.0,0.0,0.3720814883708954,-0.042466582812699716
161.5101739838923,193.16780685950883,0.0,8.738243606877658,0.9332464933395386,0.0,0.0,0.3591717779636383,0.9285051822662354,0.0,0.0,0.3713189959526062,-0.39885885187809106
163.31931407186357,191.14615898692585,0.0,8.747238945139923,0.9334442615509033,0.0,0.0,0.3586600720882416,0.9288039803504944,0.0,0.0,0.37057116627693176,-0.04292089282594547
165.12820946535612,189.1206707162639,0.0,8.756143350494058,0.9336354732513428,0.0,0.0,0.3581647276878357,0.9290961027145386,0.0,0.0,0.36983823776245117,-0.3993085693202191
166.93688985804823,187.09144538832123,0.0,8.764957692971686,0.9338200688362122,0.0,0.0,0.3576856851577759,0.9293816089630127,0.0,0.0,0.36912018060684204,-0.04336606163794687
168.74538553018016,185.0585867376302,0.0,8.77368284260443,0.933998167514801,0.0,0.0,0.3572230637073517,0.9296604990959167,0.0,0.0,0.3684171438217163,-0.39974923344308494
170.55372734301542,183.0221988841663,0.0,8.782319669423915,0.9341696500778198,0.0,0.0,0.3567768931388855,0.9299328327178955,0.0,0.0,0.367729127407074,-0.04380226501266832
172.3619467333461,180.98238632513252,0.0,8.790869043461761,0.9343345761299133,0.0,0.0,0.3563472032546997,0.930198609828949,0.0,0.0,0.367056280374527,-0.400181020010653
174.17007570804273,178.9392539268206,0.0,8.799331834749594,0.9344929456710815,0.0,0.0,0.35593414306640625,0.9304578304290771,0.0,0.0,0.3663986325263977,-0.04422967871407402
175.97814683865184,176.89290691654998,0.0,8.807708913319033,0.9346448183059692,0.0,0.0,0.35553765296936035,0.9307063221931458,0.0,0.0,0.36575448513031006,-0.4006041047868872
177.7861932560389,174.84345087468714,0.0,8.816001149201703,0.9347901344299316,0.0,0.0,0.35515785217285156,0.9309486746788025,0.0,0.0,0.36512601375579834,-0.04464847850612813
179.59424864507994,172.7909917267463,0.0,8.824209412429228,0.934928834438324,0.0,0.0,0.35479480028152466,0.9311848282814026,0.0,0.0,0.3645131587982178,-0.40101866353575205
181.40234723940344,170.73563573557075,0.0,8.832334573033231,0.9350610375404358,0.0,0.0,0.35444849729537964,0.9314148426055908,0.0,0.0,0.36391595005989075,-0.04505884015279493
183.21052381617994,168.6774894936002,0.0,8.840377501045335,0.9351866841316223,0.0,0.0,0.3541191518306732,0.9316386580467224,0.0,0.0,0.36333444714546204,-0.40142487202121185
185.01881369096404,166.61665991522216,0.0,8.84833906649716,0.935305655002594,0.0,0.0,0.3538069725036621,0.9318563342094421,0.0,0.0,0.36276885867118835,-0.04546093941803869
186.82725271258715,164.55325422921078,0.0,8.85622013942033,0.9354177713394165,0.0,0.0,0.3535124361515045,0.9320676922798157,0.0,0.0,0.3622192144393921,-0.4018229060072305
188.6358772581031,162.48737997125284,0.0,8.86402158984647,0.9355229139328003,0.0,0.0,0.35323619842529297,0.9322729110717773,0.0,0.0,0.3616853952407837,-0.04585495206582352
190.44472422778767,160.4191449765632,0.0,8.871744287807205,0.9356206655502319,0.0,0.0,0.35297921299934387,0.9324718117713928,0.0,0.0,0.3611678183078766,-0.4022129412577727
192.2538310401907,158.34865737259182,0.0,8.87938910333415,0.9357105493545532,0.0,0.0,0.3527427911758423,0.9326644539833069,0.0,0.0,0.3606662154197693,-0.04624105386011368
194.06323562724498,156.27602557182118,0.0,8.886956906458934,0.9357919692993164,0.0,0.0,0.35252857208251953,0.9328507781028748,0.0,0.0,0.3601807653903961,-0.40259515353680214
195.87297642942997,154.2013582646578,0.0,8.89444856721318,0.9358642101287842,0.0,0.0,0.352338582277298,0.9330308437347412,0.0,0.0,0.3597114682197571,-0.046619420564873615
197.68309239099227,152.12476441241785,0.0,8.901864955628508,0.9359263181686401,0.0,0.0,0.3521753251552582,0.9332045912742615,0.0,0.0,0.3592584729194641,-0.40296971860828334
199.49362295522403,150.04635324040808,0.0,8.909206941736544,0.9359772801399231,0.0,0.0,0.35204166173934937,0.9333720207214355,0.0,0.0,0.35882171988487244,-0.046990227944067375
201.30460805979877,147.96623423110418,0.0,8.91647539556891,0.9360157251358032,0.0,0.0,0.35194098949432373,0.9335331320762634,0.0,0.0,0.35840144753456116,-0.40333681223618056
203.11608813216657,145.88451711742653,0.0,8.923671187157227,0.9360402822494507,0.0,0.0,0.35187724232673645,0.9336878061294556,0.0,0.0,0.35799774527549744,-0.04735365176165918
204.9281040850094,143.80131187611488,0.0,8.93079518653312,0.9360492825508118,0.0,0.0,0.3518548607826233,0.9338362216949463,0.0,0.0,0.3576103746891022,-0.4036966101844579
206.74069731175558,141.71672872120502,0.0,8.937848263728213,0.9360408186912537,0.0,0.0,0.351878821849823,0.9339781999588013,0.0,0.0,0.35723960399627686,-0.04770986778161346
208.55390968215733,139.6308780976039,0.0,8.944831288774123,0.9360127449035645,0.0,0.0,0.35195454955101013,0.9341138005256653,0.0,0.0,0.35688546299934387,-0.40404928821707964
210.36778353792863,137.5438706747701,0.0,8.95174513170248,0.9359627962112427,0.0,0.0,0.35208824276924133,0.9342430233955383,0.0,0.0,0.356548011302948,-0.0480590517678941
212.18236168844615,135.45581734049628,0.0,8.958590662544903,0.9358883500099182,0.0,0.0,0.35228657722473145,0.9343658089637756,0.0,0.0,0.35622742772102356,-0.4043950220980101
213.99768740651393,133.36682919479736,0.0,8.965368751333017,0.9357866048812866,0.0,0.0,0.3525567650794983,0.9344820380210876,0.0,0.0,0.35592398047447205,-0.04840137948446549
215.81380442425154,131.27701754383418,0.0,8.97208026839406,0.9356542825698853,0.0,0.0,0.35290685296058655,0.9345906972885132,0.0,0.0,0.35564035177230835,-0.4047339876061436
217.6308463752217,129.18658045566252,0.0,8.978726986454046,0.935488224029541,0.0,0.0,0.3533450961112976,0.934689462184906,0.0,0.0,0.3553828001022339,-0.04873707231577784
219.44935633670784,127.09611213819736,0.0,8.985313572644637,0.935285210609436,0.0,0.0,0.3538792133331299,0.9347757697105408,0.0,0.0,0.35515815019607544,-0.40506664347435534
221.2699972981011,125.00632124304947,0.0,8.9918452732265,0.9350422620773315,0.0,0.0,0.35451623797416687,0.9348471760749817,0.0,0.0,0.3549729883670807,-0.04906695618354873
223.0934362404319,122.91791818316607,0.0,8.998327334460276,0.9347565770149231,0.0,0.0,0.3552626371383667,0.9349012970924377,0.0,0.0,0.35483360290527344,-0.40539402030434396
224.92034409909803,120.83161509893145,0.0,9.004765002606621,0.9344255328178406,0.0,0.0,0.3561241328716278,0.9349358677864075,0.0,0.0,0.35474592447280884,-0.04939209093841468
226.75139574099663,118.74812583860127,0.0,9.011163523926186,0.934046745300293,0.0,0.0,0.35710594058036804,0.934948742389679,0.0,0.0,0.354715496301651,-0.40571717794674617
228.5872699474547,116.66816594470497,0.0,9.017528144679623,0.9336177110671997,0.0,0.0,0.35821282863616943,0.9349377751350403,0.0,0.0,0.3547477126121521,-0.04971353643101256
230.42864940299015,114.59245264644896,0.0,9.023864111127578,0.93314528465271,0.0,0.0,0.35945257544517517,0.9349008202552795,0.0,0.0,0.3548479676246643,-0.40603717625219843
232.27622068993006,112.52170485815144,0.0,9.030176669530704,0.9326186180114746,0.0,0.0,0.36082571744918823,0.9348359107971191,0.0,0.0,0.35502105951309204,-0.05003235251197852
234.1306742889183,110.45664318373683,0.0,9.036471066149657,0.9320356845855713,0.0,0.0,0.362335741519928,0.9347411394119263,0.0,0.0,0.355271577835083,-0.40635507507133745
235.99270458533925,108.39798992732236,0.0,9.042752547245085,0.9313946962356567,0.0,0.0,0.36398592591285706,0.9346144795417786,0.0,0.0,0.3556040823459625,-0.05034959903194963
237.86300988168978,106.3464691099246,0.0,9.049026359077638,0.9306938648223877,0.0,0.0,0.3657791316509247,0.9344540238380432,0.0,0.0,0.3560229241847992,-0.40667193425479975
239.7422924159245,104.3028064923159,0.0,9.05529774790797,0.929931104183197,0.0,0.0,0.3677177429199219,0.934257984161377,0.0,0.0,0.35653215646743774,-0.05066633584156233
241.63125838580694,102.26772960406201,0.0,9.061571959996726,0.9291045665740967,0.0,0.0,0.36980414390563965,0.9340292811393738,0.0,0.0,0.3571375012397766,-0.4069888136532218
243.53061797929328,100.24196777876828,0.0,9.067854241604564,0.9282124638557434,0.0,0.0,0.37204015254974365,0.9337621927261353,0.0,0.0,0.35784101486206055,-0.05098362279145313
245.44108541097754,98.22625219556694,0.0,9.074149838992135,0.9272528290748596,0.0,0.0,0.3744274079799652,0.9334551692008972,0.0,0.0,0.3586463928222656,-0.4073067731172405
247.36337896463056,96.22131592687253,0.0,9.080463998420086,0.9262236952781677,0.0,0.0,0.3769674301147461,0.9331063628196716,0.0,0.0,0.35955724120140076,-0.0513025197322588
249.29822104185791,94.22789399243977,0.0,9.086801966149071,0.9251232743263245,0.0,0.0,0.3796612024307251,0.932714581489563,0.0,0.0,0.3605766296386719,-0.40762687249749224
251.24633821691117,92.24672341975044,0.0,9.09316898843974,0.9239495992660522,0.0,0.0,0.3825095593929291,0.9322779774665833,0.0,0.0,0.36170753836631775,-0.05162408651461575
253.2084612976785,90.2785433107651,0.0,9.099570311552744,0.922700822353363,0.0,0.0,0.3855131268501282,0.9317951202392578,0.0,0.0,0.3629530072212219,-0.4079501716446138
255.1853253928901,88.32409491506694,0.0,9.106011181748737,0.9213749170303345,0.0,0.0,0.38867220282554626,0.931264340877533,0.0,0.0,0.36431586742401123,-0.0519493829891608
257.17766979705164,86.38412189155446,0.0,9.112495986207199,0.9199698567390442,0.0,0.0,0.39198678731918335,0.930683970451355,0.0,0.0,0.36579859256744385,-0.4082776870213038
259.18623328218797,84.45937493019247,0.0,9.119007488964177,0.9184839129447937,0.0,0.0,0.3954564034938812,0.9300523996353149,0.0,0.0,0.3674037456512451,-0.05227824676476572
261.21174892637254,82.55061635397072,0.0,9.125505741509935,0.9169156551361084,0.0,0.0,0.39907944202423096,0.929368257522583,0.0,0.0,0.369133323431015,-0.4086058815943219
263.2549435348036,80.6586199638511,0.0,9.131949718208062,0.9152641892433167,0.0,0.0,0.4028528034687042,0.9286296367645264,0.0,0.0,0.37098968029022217,-0.05260370013335802
265.31653724555576,78.78417060184108,0.0,9.138298393422147,0.9135294556617737,0.0,0.0,0.4067714214324951,0.9278348684310913,0.0,0.0,0.37297457456588745,-0.4089265217566494
267.397243086749,76.92806366406732,0.0,9.144510741515775,0.9117124676704407,0.0,0.0,0.4108278751373291,0.9269824624061584,0.0,0.0,0.3750896453857422,-0.052917455087581666
269.49776648493827,75.09110456364506,0.0,9.15054573685254,0.9098154902458191,0.0,0.0,0.415012001991272,0.9260706901550293,0.0,0.0,0.3773365020751953,-0.4092313195009304
271.6188047245467,73.27410814316384,0.0,9.156362353796025,0.9078423380851746,0.0,0.0,0.41931092739105225,0.9250978231430054,0.0,0.0,0.3797166049480438,-0.05321122362008096
273.7610463581892,71.47789803664149,0.0,9.161919566709818,0.9057981967926025,0.0,0.0,0.4237085282802582,0.9240622520446777,0.0,0.0,0.3822309076786041,-0.4095119868198088
275.92517056777285,69.70330598082926,0.0,9.167176349957513,0.9036905169487,0.0,0.0,0.4281856119632721,0.9229623079299927,0.0,0.0,0.38488027453422546,-0.05347671772349988
278.11184647629034,67.95117107579223,0.0,9.172091677902694,0.9015282392501831,0.0,0.0,0.43271952867507935,0.9217963218688965,0.0,0.0,0.38766562938690186,-0.40976023570592907
280.32173241026834,66.22233899472974,0.0,9.17662452490895,0.8993229269981384,0.0,0.0,0.4372844099998474,0.9205625057220459,0.0,0.0,0.3905872106552124,-0.05370564939048256
282.5554751128739,64.51766114305242,0.0,9.18073386533987,0.8970881700515747,0.0,0.0,0.44185084104537964,0.919259250164032,0.0,0.0,0.3936452269554138,-0.409967778151935
284.8137089077395,62.8379937667799,0.0,9.18437867355904,0.8948401212692261,0.0,0.0,0.4463861286640167,0.917884886264801,0.0,0.0,0.3968398869037628,-0.05388973061367308
287.0970548136129,61.18419701038673,0.0,9.187517923930049,0.8925973773002625,0.0,0.0,0.4508541226387024,0.9164378643035889,0.0,0.0,0.40017083287239075,-0.41012632615047073
289.4061196100055,59.55713392428076,0.0,9.190110590816492,0.8903812170028687,0.0,0.0,0.4552151560783386,0.9149165749549866,0.0,0.0,0.4036374092102051,-0.0540206733857157
291.7414948540744,57.95766942216832,0.0,9.192115648581948,0.8882156610488892,0.0,0.0,0.4594263434410095,0.9133193492889404,0.0,0.0,0.40723901987075806,-0.41022759169418066
294.1037558490373,56.38666918863192,0.0,9.193492071590011,0.8861275315284729,0.0,0.0,0.46344107389450073,0.911644697189331,0.0,0.0,0.4109744131565094,-0.05409018969925422
296.49346056450275,54.844998537320265,0.0,9.194198834204265,0.8841466307640076,0.0,0.0,0.4672093391418457,0.9098914861679077,0.0,0.0,0.41484200954437256,-0.4102632867757086
298.91114861700885,53.33352115388716,0.0,9.194195318511657,0.8823053240776062,0.0,0.0,0.4706772565841675,0.9080623984336853,0.0,0.0,0.41883087158203125,-0.05409001213902154
301.35728445158645,51.8530218665486,0.0,9.193468406657173,0.8806391358375549,0.0,0.0,0.47378721833229065,0.906172513961792,0.0,0.0,0.4229046404361725,-0.41022657405578516
303.8302218919719,50.40187269265149,0.0,9.192049450198827,0.8791838884353638,0.0,0.0,0.47648224234580994,0.9042462110519409,0.0,0.0,0.4270080626010895,-0.05401834767142827
306.32575939757805,48.97552551352208,0.0,9.189973850007744,0.8779721260070801,0.0,0.0,0.4787115454673767,0.9023078680038452,0.0,0.0,0.4310891032218933,-0.41012174576330623
308.83955017461926,47.56925132397137,0.0,9.187277006955064,0.8770327568054199,0.0,0.0,0.48043039441108704,0.900381326675415,0.0,0.0,0.4350990653038025,-0.05388214347684844
311.3672593911012,46.178318932266045,0.0,9.183994321911918,0.8763839602470398,0.0,0.0,0.4815962612628937,0.8984894752502441,0.0,0.0,0.43899276852607727,-0.40995595358941
313.9045671508335,44.79799835177618,0.0,9.180161195749436,0.876059889793396,0.0,0.0,0.48218291997909546,0.8966549634933472,0.0,0.0,0.4427276849746704,-0.05368855124642008
316.447171221994,43.42356390900401,0.0,9.175813029338755,0.8760734796524048,0.0,0.0,0.48216012120246887,0.8948999643325806,0.0,0.0,0.4462646245956421,-0.4097363492252342
318.9907895197506,42.050297067436595,0.0,9.170985223551005,0.8764331340789795,0.0,0.0,0.4815024435520172,0.8932459354400635,0.0,0.0,0.4495665431022644,-0.05344472267128114
321.5311623427093,40.673488966975434,0.0,9.165713179257324,0.8771525621414185,0.0,0.0,0.4801945686340332,0.8917136192321777,0.0,0.0,0.45259833335876465,-0.409470084361917
324.0640543632056,39.28844267897755,0.0,9.160032297328831,0.8782318830490112,0.0,0.0,0.47822093963623047,0.8903235197067261,0.0,0.0,0.4553268849849701,-0.053157809442569426
326.5852563716829,37.8904751772052,0.0,9.153977978636675,0.8796701431274414,0.0,0.0,0.475572794675827,0.8890951871871948,0.0,0.0,0.45772093534469604,-0.40916431069059594
329.0905867756095,36.474919025218504,0.0,9.14758562405198,0.8814615607261658,0.0,0.0,0.47224634885787964,0.8880475163459778,0.0,0.0,0.4597504734992981,-0.05283496325142317
331.5758928535727,35.03712378096205,0.0,9.140890634445878,0.8835957646369934,0.0,0.0,0.46824270486831665,0.8871987462043762,0.0,0.0,0.4613862633705139,-0.408826179902409
334.0370517653544,33.57245711948815,0.0,9.133928410689503,0.8860577940940857,0.0,0.0,0.46356847882270813,0.8865662217140198,0.0,0.0,0.4626006782054901,-0.05248333578898001
336.4699713189467,32.076305674927745,0.0,9.12673435365399,0.888827919960022,0.0,0.0,0.4582359194755554,0.8861662745475769,0.0,0.0,0.4633665084838867,-0.4084628436884942
338.870590495583,30.544075602969595,0.0,9.11934386421047,0.8918822407722473,0.0,0.0,0.4522632360458374,0.8860132098197937,0.0,0.0,0.4636569321155548,-0.052110078746377964
341.2348797339811,28.971192865229895,0.0,9.111792343230075,0.8951928615570068,0.0,0.0,0.44567498564720154,0.8861223459243774,0.0,0.0,0.46344736218452454,-0.4080814537399894
343.5588409750716,27.353103236996382,0.0,9.10411519158394,0.8987284302711487,0.0,0.0,0.43850231170654297,0.8865060210227966,0.0,0.0,0.4627133905887604,-0.05172234381475499
345.8385074685639,25.685272039908146,0.0,9.096347810143193,0.902454137802124,0.0,0.0,0.4307830333709717,0.8871744275093079,0.0,0.0,0.4614308178424835,-0.4076891617480325
348.0699433427432,23.963183601191453,0.0,9.088525599778972,0.9063329696655273,0.0,0.0,0.4225618541240692,0.888135552406311,0.0,0.0,0.45957866311073303,-0.05132728268524889
350.2492429389264,22.182340441100504,0.0,9.080683961362409,0.9103257656097412,0.0,0.0,0.41389042139053345,0.8893867135047913,0.0,0.0,0.4571529030799866,-0.40729311940376167
352.3725299120137,20.339030097734614,0.0,9.072858295764632,0.9143928289413452,0.0,0.0,0.40482640266418457,0.8909086585044861,0.0,0.0,0.4541797935962677,-0.05093204704899751
354.4359560985652,18.435997454823514,0.0,9.065084003856777,0.9184966683387756,0.0,0.0,0.39542728662490845,0.8926774859428406,0.0,0.0,0.45069366693496704,-0.40690047839831445
356.43570015379925,16.479184621218387,0.0,9.057396486509978,0.9226037859916687,0.0,0.0,0.38574790954589844,0.8946710824966431,0.0,0.0,0.4467232823371887,-0.05054378859713893
358.36796595886796,14.474517869488983,0.0,9.049831144595364,0.9266833662986755,0.0,0.0,0.3758421838283539,0.8968690633773804,0.0,0.0,0.4422942101955414,-0.40651839042282895
360.2292389048794,12.427686135125331,0.0,9.04242262862897,0.9307073950767517,0.0,0.0,0.36576414108276367,0.8992489576339722,0.0,0.0,0.4374353885650635,-0.05016962112408868
362.0193794396437,10.341775200661747,0.0,9.035190272416132,0.9346508383750916,0.0,0.0,0.3555663526058197,0.901787519454956,0.0,0.0,0.432177871465683,-0.40615311990702907
363.740592627961,8.21805661988951,0.0,9.028139099783894,0.9384927749633789,0.0,0.0,0.3452982008457184,0.9044619202613831,0.0,0.0,0.42655259370803833,-0.04981350129417772
365.39511762265545,6.057755055353379,0.0,9.021273585842463,0.9422158002853394,0.0,0.0,0.3350059390068054,0.9072496294975281,0.0,0.0,0.42059090733528137,-0.4058063767786739
366.98517950821093,3.862085486458795,0.0,9.014598205702057,0.9458056688308716,0.0,0.0,0.32473260164260864,0.9101290702819824,0.0,0.0,0.41432324051856995,-0.04947636088304608
368.51298959974054,1.6322533799246752,0.0,9.008117434472894,0.9492512941360474,0.0,0.0,0.31451815366744995,0.9130796790122986,0.0,0.0,0.4077799618244171,-0.4054790651004334
369.98074575527556,-0.6305451321046394,0.0,9.00183574726518,0.9525443315505981,0.0,0.0,0.3043995499610901,0.9160815477371216,0.0,0.0,0.4009908139705658,-0.04915910395336348
371.39063270134494,-2.9251230663058445,0.0,8.995757619189131,0.9556789398193359,0.0,0.0,0.2944106459617615,0.9191162586212158,0.0,0.0,0.39398548007011414,-0.40517208893497647
372.74482237181894,-5.250302394799232,0.0,8.989887525354966,0.9586514830589294,0.0,0.0,0.28458255529403687,0.9221665263175964,0.0,0.0,0.38679230213165283,-0.048862634567799546
374.0454742599945,-7.604913844157752,0.0,8.984229940872897,0.9614603519439697,0.0,0.0,0.27494359016418457,0.9252161979675293,0.0,0.0,0.3794398903846741,-0.404886352344973
375.2947357839092,-9.987796686811542,0.0,8.978789340853131,0.9641055464744568,0.0,0.0,0.2655191719532013,0.9282503724098206,0.0,0.0,0.3719555735588074,-0.0485878567890235
376.4947426648752,-12.397798524853798,0.0,8.973570200405893,0.9665886163711548,0.0,0.0,0.2563323974609375,0.9312558174133301,0.0,0.0,0.3643656075000763,-0.4046227593930923
377.6476193192287,-14.833775066248462,0.0,8.968576994641392,0.9689124226570129,0.0,0.0,0.24740375578403473,0.9342203736305237,0.0,0.0,0.35669586062431335,-0.04833567467970529
378.75547926330137,-17.294589893439284,0.0,8.963814198669835,0.9710806608200073,0.0,0.0,0.23875147104263306,0.9371333718299866,0.0,0.0,0.3489709198474884,-0.40438221414200354
379.8204255316225,-19.779114224354235,0.0,8.959286287601447,0.9730979204177856,0.0,0.0,0.2303917557001114,0.9399852752685547,0.0,0.0,0.34121468663215637,-0.04810699230251397
380.8445511083681,-22.28622666579452,0.0,8.954997736546439,0.9749693870544434,0.0,0.0,0.2223387360572815,0.9427675604820251,0.0,0.0,0.3334501385688782,-0.4041656206543769
381.82993937208147,-24.81481295919654,0.0,8.95095302061502,0.9767009019851685,0.0,0.0,0.21460486948490143,0.9454733729362488,0.0,0.0,0.3256991505622864,-0.047902713720119006
382.7786645536968,-27.36376571874983,0.0,8.947156614917407,0.9782982468605042,0.0,0.0,0.20720070600509644,0.9480965733528137,0.0,0.0,0.3179819881916046,-0.40397388299288134
383.69279220790037,-29.931984161847534,0.0,8.943612994563818,0.9797680377960205,0.0,0.0,0.20013552904129028,0.9506324529647827,0.0,0.0,0.31031861901283264,-0.04772374299519022
384.5743796908351,-32.51837381074345,0.0,8.94032656197765,0.9811164736747742,0.0,0.0,0.19341711699962616,0.9530768990516663,0.0,0.0,0.30272796750068665,-0.40380790154913554
385.42547624848766,-35.121844923800154,0.0,8.937297329459449,0.9823498725891113,0.0,0.0,0.18705210089683533,0.9554269313812256,0.0,0.0,0.2952272891998291,-0.047570751453866966
386.24812297827833,-37.74131015628691,0.0,8.93451848794134,0.9834744334220886,0.0,0.0,0.18104612827301025,0.9576802849769592,0.0,0.0,0.28783372044563293,-0.4036675560179179
387.04435345161465,-40.37568399630535,0.0,8.931982639617445,0.9844963550567627,0.0,0.0,0.17540369927883148,0.9598355293273926,0.0,0.0,0.2805631458759308,-0.04744267830619553
387.8161943716862,-43.02388238409665,0.0,8.929682386681892,0.9854217171669006,0.0,0.0,0.17012877762317657,0.9618918895721436,0.0,0.0,0.27342984080314636,-0.4035513816272333
388.5656662054014,-45.684822346219576,0.0,8.927610331328811,0.986255943775177,0.0,0.0,0.1652243584394455,0.9638493061065674,0.0,0.0,0.2664478123188019,-0.04733802904593892
389.29478378962614,-48.357421644510055,0.0,8.92575907575233,0.987004280090332,0.0,0.0,0.1606931835412979,0.9657080173492432,0.0,0.0,0.2596304714679718,-0.4034578838708454
390.005556911877,-51.04059843973045,0.0,8.924121222146573,0.9876718521118164,0.0,0.0,0.15653735399246216,0.9674685597419739,0.0,0.0,0.25299039483070374,-0.047255309166860215
390.699990865606,-53.73327096983203,0.0,8.922689372705669,0.9882634282112122,0.0,0.0,0.15275871753692627,0.9691327810287476,0.0,0.0,0.24653851985931396,-0.403385568242517
391.3800869802046,-56.43435724275446,0.0,8.92145612962375,0.9887830018997192,0.0,0.0,0.14935871958732605,0.9707018733024597,0.0,0.0,0.24028605222702026,-0.04719302416272286
392.0478431258409,-59.142774743699775,0.0,8.920414095094943,0.9892343878746033,0.0,0.0,0.14633864164352417,0.9721778035163879,0.0,0.0,0.234242781996727,-0.4033329402360116
392.7052541932358,-61.857440156815514,0.0,8.919555871313369,0.989621102809906,0.0,0.0,0.14369964599609375,0.9735627174377441,0.0,0.0,0.22841869294643402,-0.04714967952728982
393.35431254847094,-64.57726910123608,0.0,8.918874060473167,0.989946186542511,0.0,0.0,0.14144296944141388,0.974858820438385,0.0,0.0,0.2228223830461502,-0.4032985053450923
393.99700846291375,-67.30117588143398,0.0,8.918361264768453,0.990212082862854,0.0,0.0,0.13956934213638306,0.9760684967041016,0.0,0.0,0.21746203303337097,-0.047123780754324496
394.6353305183319,-70.02807325183318,0.0,8.91801008639336,0.990420937538147,0.0,0.0,0.1380796581506729,0.9771941900253296,0.0,0.0,0.21234631538391113,-0.40328076906352195
395.2712659872658,-72.75687219565388,0.0,8.91781312754202,0.9905688762664795,0.0,0.0,0.1369732916355133,0.978238582611084,0.0,0.0,0.20748217403888702,-0.04711383333759017
395.90680118871205,-75.48648171794814,0.0,8.917762990408553,0.9906666278839111,0.0,0.0,0.13625089824199677,0.9792041182518005,0.0,0.0,0.2028767168521881,-0.40327823688506403
396.54392181916916,-78.21580865280525,0.0,8.91785227718709,0.9907135367393494,0.0,0.0,0.1359110325574875,0.9800933003425598,0.0,0.0,0.1985369622707367,-0.047118342770849586
397.18461325908487,-80.94375748469777,0.0,8.918073590071764,0.9907087683677673,0.0,0.0,0.13595102727413177,0.9809083938598633,0.0,0.0,0.19446933269500732,-0.40328941430348186
397.8308608547386,-83.66923018395161,0.0,8.918419531256694,0.9906513690948486,0.0,0.0,0.1363673359155655,0.981652021408081,0.0,0.0,0.19068002700805664,-0.04713581454786625
398.48465017558544,-86.39112605632431,0.0,8.91888270293601,0.9905403852462769,0.0,0.0,0.13715507090091705,0.9823263883590698,0.0,0.0,0.18717500567436218,-0.4033128068125383
399.14796724708117,-89.1083416066798,0.0,8.919455707303845,0.9903748035430908,0.0,0.0,0.13830792903900146,0.982933521270752,0.0,0.0,0.1839599907398224,-0.047164754162403344
399.8227987590024,-91.81977041675137,0.0,8.920131146554322,0.9901651740074158,0.0,0.0,0.1398196518421173,0.9834754467010498,0.0,0.0,0.18104055523872375,-0.40334691990599675
400.5111322492695,-94.52430303698748,0.0,8.920901622881571,0.989902913570404,0.0,0.0,0.14167946577072144,0.9839538931846619,0.0,0.0,0.17842207849025726,-0.04720366710822399
401.2149562632756,-97.22082689248026,0.0,8.921759738479714,0.9895878434181213,0.0,0.0,0.14387604594230652,0.9843703508377075,0.0,0.0,0.1761099100112915,-0.40339025907762016
401.93626048871914,-99.90822620297641,0.0,8.922698095542888,0.9892196655273438,0.0,0.0,0.14639611542224884,0.984726071357727,0.0,0.0,0.17410948872566223,-0.04725105887909131
402.67703586593416,-102.58538191697326,0.0,8.923709296265217,0.988798201084137,0.0,0.0,0.14922404289245605,0.9850223064422607,0.0,0.0,0.17242619395256042,-0.40344132982117215
403.43927467370713,-105.25117165990797,0.0,8.924785942840826,0.9883235692977905,0.0,0.0,0.15234200656414032,0.9852596521377563,0.0,0.0,0.1710650473833084,-0.04730543496876849
404.2249705905681,-107.90446969644529,0.0,8.925920637463843,0.9877962470054626,0.0,0.0,0.15572993457317352,0.9854387640953064,0.0,0.0,0.17003066837787628,-0.4034986376304155
405.03611873153716,-110.54414690687562,0.0,8.927105982328403,0.9872170090675354,0.0,0.0,0.15936534106731415,0.9855597019195557,0.0,0.0,0.1693284511566162,-0.04736530087101898
405.8747156637758,-113.16907078827083,0.0,8.928334615921793,0.9865869879722595,0.0,0.0,0.16322293877601624,0.9856211543083191,0.0,0.0,0.16896243393421173,-0.40356068983210186
406.7427596467044,-115.7781062003618,0.0,8.929601723108968,0.9859084486961365,0.0,0.0,0.16727501153945923,0.985626220703125,0.0,0.0,0.16893331706523895,-0.047429296183502556
407.6421877003047,-118.37015380697017,0.0,8.930906663703958,0.9851841330528259,0.0,0.0,0.17149144411087036,0.9855750799179077,0.0,0.0,0.16922703385353088,-0.4036265959227579
408.573633497086,-120.94488017761333,0.0,8.932249184701076,0.9844170808792114,0.0,0.0,0.17584243416786194,0.9854693412780762,0.0,0.0,0.1698218584060669,-0.04749710027426618
409.53650534244525,-123.50267196072681,0.0,8.933629033094636,0.9836105108261108,0.0,0.0,0.18030068278312683,0.9853184223175049,0.0,0.0,0.17069858312606812,-0.40369628523556395
410.53016396381156,-126.04394371818589,0.0,8.93504595587895,0.9827675223350525,0.0,0.0,0.1848413348197937,0.9851211309432983,0.0,0.0,0.17183616757392883,-0.04756866203104965
411.5539699438759,-128.5691100505316,0.0,8.936499700048332,0.9818911552429199,0.0,0.0,0.18944206833839417,0.9848799705505371,0.0,0.0,0.17321538925170898,-0.40376970665826
412.60728368912555,-131.07858561637386,0.0,8.937990012597098,0.9809845089912415,0.0,0.0,0.19408254325389862,0.9845971465110779,0.0,0.0,0.1748180389404297,-0.047643930341593366
413.6894653986331,-133.57278515163304,0.0,8.939516640519566,0.980050802230835,0.0,0.0,0.19874431192874908,0.9842748641967773,0.0,0.0,0.17662598192691803,-0.40384680907858667
414.7998750331033,-136.05212348862318,0.0,8.94107933081004,0.9790930151939392,0.0,0.0,0.2034105658531189,0.9839147329330444,0.0,0.0,0.178622305393219,-0.04772285409363747
415.93787228417295,-138.51701557497506,0.0,8.942677830462843,0.9781141877174377,0.0,0.0,0.2080664038658142,0.9835188388824463,0.0,0.0,0.18079069256782532,-0.4039275413842839
417.102816543965,-140.96787649239764,0.0,8.944311886472288,0.9771175384521484,0.0,0.0,0.2126980423927307,0.9830889105796814,0.0,0.0,0.1831158995628357,-0.047805382174922584
418.29406687489967,-143.40512147528648,0.0,8.945981245832684,0.9761059284210205,0.0,0.0,0.2172931730747223,0.9826263785362244,0.0,0.0,0.18558312952518463,-0.4040118524630917
419.5109819797547,-145.82916592916703,0.0,8.947685655538347,0.9750825762748718,0.0,0.0,0.2218407839536667,0.9821329116821289,0.0,0.0,0.18817809224128723,-0.047891463473188456
420.75292017198205,-148.24042544898424,0.0,8.949424862583594,0.9740502238273621,0.0,0.0,0.22633080184459686,0.9816102981567383,0.0,0.0,0.19088685512542725,-0.40409969120275063
422.01923934627536,-150.63931583723195,0.0,8.951198613962735,0.9730119109153748,0.0,0.0,0.23075424134731293,0.9810598492622375,0.0,0.0,0.19369666278362274,-0.047981046876175326
423.3092969493907,-153.02625312192598,0.0,8.953006656670087,0.9719703197479248,0.0,0.0,0.23510296642780304,0.9804832339286804,0.0,0.0,0.19659562408924103,-0.4041910064910008
424.6224499512168,-155.40165357441703,0.0,8.954848737699963,0.9709283113479614,0.0,0.0,0.23936977982521057,0.979882001876831,0.0,0.0,0.19957126677036285,-0.0480740812716236
425.95805481610023,-157.7659337270505,0.0,8.956724604046679,0.9698886275291443,0.0,0.0,0.24354809522628784,0.9792578220367432,0.0,0.0,0.20261216163635254,-0.4042857472155824
427.3154674744176,-160.1195103906652,0.0,8.958634002704546,0.9688539505004883,0.0,0.0,0.24763214588165283,0.9786122441291809,0.0,0.0,0.20570841431617737,-0.04817051554727342
428.6940432944013,-162.46280067193752,0.0,8.96057668066788,0.967826783657074,0.0,0.0,0.2516167163848877,0.9779468178749084,0.0,0.0,0.20884963870048523,-0.4043838622642357
430.09313705421425,-164.796221990569,0.0,8.96255238493099,0.9668096303939819,0.0,0.0,0.25549715757369995,0.9772632122039795,0.0,0.0,0.21202564239501953,-0.04827029859086479
431.51210291427435,-167.12019209631552,0.0,8.9645608624882,0.9658048748970032,0.0,0.0,0.2592694163322449,0.9765631556510925,0.0,0.0,0.21522757411003113,-0.4044853005247009
432.95029438983,-169.43512908586317,0.0,8.966601860333817,0.9648147821426392,0.0,0.0,0.2629297971725464,0.9758482575416565,0.0,0.0,0.21844668686389923,-0.04837337929013835
434.4070643237827,-171.74145141954463,0.0,8.968675125462156,0.9638416171073914,0.0,0.0,0.2664751410484314,0.9751200675964355,0.0,0.0,0.2216745913028717,-0.40459001088471797
435.8817648597615,-174.03957793790272,0.0,8.97078040486753,0.9628874063491821,0.0,0.0,0.26990267634391785,0.9743804335594177,0.0,0.0,0.2249031662940979,-0.04847970653283401
437.37374741544426,-176.32992787809587,0.0,8.972917445544255,0.9619542360305786,0.0,0.0,0.2732098698616028,0.9736310243606567,0.0,0.0,0.2281256467103958,-0.4046979422320273
438.88236265612903,-178.61292089014898,0.0,8.975085994486646,0.9610440135002136,0.0,0.0,0.27639472484588623,0.9728736281394958,0.0,0.0,0.2313346266746521,-0.048589229206692175
440.4069604685529,-180.8889770530484,0.0,8.977285798689016,0.9601585268974304,0.0,0.0,0.279455304145813,0.9721099138259888,0.0,0.0,0.23452337086200714,-0.4048090434543692
441.94688993496,-183.15851689068134,0.0,8.979516605145676,0.9592995643615723,0.0,0.0,0.2823900580406189,0.9713416695594788,0.0,0.0,0.2376856654882431,-0.04870189619945281
443.5014993074172,-185.42196138762003,0.0,8.981778160850947,0.9584685564041138,0.0,0.0,0.28519776463508606,0.9705703258514404,0.0,0.0,0.24081595242023468,-0.40492326343948387
445.0701359823782,-187.6797320047503,0.0,8.984070212799136,0.9576672315597534,0.0,0.0,0.2878774106502533,0.9697978496551514,0.0,0.0,0.24390804767608643,-0.048817656398856324
446.6521464754953,-189.9322506947451,0.0,8.98639250798456,0.9568966627120972,0.0,0.0,0.2904285788536072,0.9690260887145996,0.0,0.0,0.246956467628479,-0.4050405510751113
448.2468763966792,-192.17993991738282,0.0,8.988744793401535,0.9561580419540405,0.0,0.0,0.2928507924079895,0.9682565331459045,0.0,0.0,0.2499566674232483,-0.048936458692643015
449.8536704254069,-194.4232226547105,0.0,8.991126816044368,0.9554526209831238,0.0,0.0,0.2951442301273346,0.9674910306930542,0.0,0.0,0.2529035806655884,-0.40516085524899165
451.4718722862762,-196.66252242605108,0.0,8.993538322907382,0.9547811150550842,0.0,0.0,0.29730933904647827,0.9667311906814575,0.0,0.0,0.255793035030365,-0.049058251968552846
453.10082472480855,-198.8982633028571,0.0,8.995979060984888,0.954144299030304,0.0,0.0,0.29934680461883545,0.9659786224365234,0.0,0.0,0.25862064957618713,-0.4052841248488657
454.7398694835005,-201.13086992340808,0.0,8.998448777271197,0.9535425901412964,0.0,0.0,0.301257848739624,0.9652348756790161,0.0,0.0,0.2613828182220459,-0.049182985114326006
456.38834727812065,-203.3607675073528,0.0,9.000947218760624,0.9529764652252197,0.0,0.0,0.30304381251335144,0.9645017385482788,0.0,0.0,0.26407554745674133,-0.4054103087624732
458.0455977742564,-205.5883818700977,0.0,9.003474132447485,0.9524461030960083,0.0,0.0,0.30470651388168335,0.9637805223464966,0.0,0.0,0.2666955590248108,-0.04931060701770279
459.71095956410596,-207.81413943703785,0.0,9.006029265326093,0.9519515037536621,0.0,0.0,0.3062482476234436,0.9630730748176575,0.0,0.0,0.26923927664756775,-0.4055393558775544
461.3837701435207,-210.03846725763563,0.0,9.008612364390766,0.951492428779602,0.0,0.0,0.3076714873313904,0.962380588054657,0.0,0.0,0.2717039883136749,-0.049441066566423664
463.06336588929304,-212.26179301934206,0.0,9.011223176635811,0.9510605335235596,0.0,0.0,0.3089763820171356,0.9617048501968384,0.0,0.0,0.27408653497695923,-0.4056712150818496
464.74908203669304,-214.48454506136292,0.0,9.013861449055545,0.9506654739379883,0.0,0.0,0.3101695477962494,0.9610471129417419,0.0,0.0,0.27638405561447144,-0.049574312648228425
466.4402526572539,-216.70715238827174,0.0,9.016526928644284,0.9503062963485718,0.0,0.0,0.31125423312187195,0.9604088068008423,0.0,0.0,0.278594046831131,-0.40580583526309905
468.1362106368023,-218.9300446834642,0.0,9.01921936239634,0.9499816298484802,0.0,0.0,0.31223443150520325,0.9597911834716797,0.0,0.0,0.2807145416736603,-0.04971029415085748
469.8362876537411,-221.15365232245998,0.0,9.021938497306026,0.9496902823448181,0.0,0.0,0.3131142258644104,0.9591955542564392,0.0,0.0,0.28274333477020264,-0.4059431653090428
471.53981490514127,-223.3784057191844,0.0,9.024684080367662,0.9494307637214661,0.0,0.0,0.31389811635017395,0.958622395992279,0.0,0.0,0.2846806049346924,-0.04984895996205119
473.2462368317547,-225.60463387205564,0.0,9.027455858575552,0.9492014646530151,0.0,0.0,0.3145908713340759,0.9580718278884888,0.0,0.0,0.2865280508995056,-0.4060831541074211
474.9552335293988,-227.83245516149069,0.0,9.03025357892402,0.949001133441925,0.0,0.0,0.315196692943573,0.9575437307357788,0.0,0.0,0.2882881760597229,-0.04999025896954962
476.6665137725688,-230.0619619766059,0.0,9.033076988407373,0.948828399181366,0.0,0.0,0.31571951508522034,0.9570380449295044,0.0,0.0,0.2899627685546875,-0.40622575054597426
478.37978574923363,-232.2932468153886,0.0,9.035925834019931,0.9486821889877319,0.0,0.0,0.316162645816803,0.9565545916557312,0.0,0.0,0.2915534973144531,-0.05013414006109296
480.0947570517903,-234.52640228708887,0.0,9.038799862756006,0.9485614895820618,0.0,0.0,0.31652921438217163,0.9560931921005249,0.0,0.0,0.2930627167224884,-0.4063709035124427
481.811134668127,-236.76152111457864,0.0,9.041698821609906,0.9484653472900391,0.0,0.0,0.3168221414089203,0.955653965473175,0.0,0.0,0.29449179768562317,-0.05028055212442123
483.52862497279585,-238.99869613668014,0.0,9.044622457575953,0.9483929872512817,0.0,0.0,0.3170437216758728,0.9552366137504578,0.0,0.0,0.29584255814552307,-0.40651856189456625
485.24693371829403,-241.23802031046327,0.0,9.047570517648454,0.9483436346054077,0.0,0.0,0.317196249961853,0.9548413753509521,0.0,0.0,0.2971159517765045,-0.05042944404727484
486.9657660264567,-243.47958671351088,0.0,9.050542748821732,0.9483165740966797,0.0,0.0,0.3172817528247833,0.9544676542282104,0.0,0.0,0.29831433296203613,-0.4066686745800854
488.6848263799582,-245.72348854615382,0.0,9.05353889809009,0.9483112096786499,0.0,0.0,0.31730207800865173,0.954115629196167,0.0,0.0,0.2994384467601776,-0.05058076471739392
490.4038186139227,-247.96981913367276,0.0,9.056558712447854,0.9483270049095154,0.0,0.0,0.31725871562957764,0.9537849426269531,0.0,0.0,0.3004900813102722,-0.40682119045674014
492.12244590764635,-250.2186719284702,0.0,9.05960193888933,0.9483634829521179,0.0,0.0,0.3171529769897461,0.9534756541252136,0.0,0.0,0.30146992206573486,-0.05073446302251894
493.8404107764268,-252.47014051220833,0.0,9.062668324408834,0.9484201073646545,0.0,0.0,0.3169863820075989,0.9531876444816589,0.0,0.0,0.3023793697357178,-0.40697605841227064
495.55741506350756,-254.72431859791897,0.0,9.065757616000683,0.9484964609146118,0.0,0.0,0.3167599141597748,0.95292067527771,0.0,0.0,0.3032197058200836,-0.05089048785039013
497.27315993212784,-256.9813000320785,0.0,9.068869560659188,0.9485921859741211,0.0,0.0,0.3164745569229126,0.9526746273040771,0.0,0.0,0.3039918541908264,-0.4071332273344173
498.98734585768614,-259.2411787966521,0.0,9.07200390537866,0.948706865310669,0.0,0.0,0.31613120436668396,0.9524493217468262,0.0,0.0,0.30469679832458496,-0.0510487880887473
500.69967262001364,-261.50404901110807,0.0,9.075160397153418,0.9488402605056763,0.0,0.0,0.3157305419445038,0.9522407054901123,0.0,0.0,0.3053339719772339,-0.40729264611092025
502.4098392957587,-263.77000493439675,0.0,9.078338782977774,0.9489920735359192,0.0,0.0,0.3152732253074646,0.9520536065101624,0.0,0.0,0.30590611696243286,-0.05120931262533096
504.1175442508815,-266.0391409669005,0.0,9.081538809846045,0.949161946773529,0.0,0.0,0.3147597312927246,0.9518877863883972,0.0,0.0,0.30641400814056396,-0.40745426362951975
505.8224851332614,-268.31155165235015,0.0,9.08476022475254,0.9493496417999268,0.0,0.0,0.3141908347606659,0.951742947101593,0.0,0.0,0.3068583607673645,-0.05137201034788119
507.52435886541537,-270.5873316797106,0.0,9.088002774691574,0.9495548605918884,0.0,0.0,0.31356680393218994,0.9516188502311707,0.0,0.0,0.3072398900985718,-0.40761802877795583
509.222861637327,-272.86657588503317,0.0,9.091266206657467,0.9497774243354797,0.0,0.0,0.312887966632843,0.9515153765678406,0.0,0.0,0.30755868554115295,-0.05153683014413846
510.9176888993888,-275.14937925327627,0.0,9.094550267644529,0.9500170946121216,0.0,0.0,0.31215471029281616,0.9514321088790894,0.0,0.0,0.30781611800193787,-0.407783890443969
512.6085353554562,-277.4358369200944,0.0,9.097854704647066,0.9502736330032349,0.0,0.0,0.3113671541213989,0.9513688087463379,0.0,0.0,0.30801257491111755,-0.05170372090184239
514.2950949560129,-279.72604417359486,0.0,9.10117926465941,0.9505468606948853,0.0,0.0,0.310525506734848,0.9513252973556519,0.0,0.0,0.30814844369888306,-0.4079517975152995
515.97706089145,-282.02009645606046,0.0,9.104523694675859,0.9508365988731384,0.0,0.0,0.3096298575401306,0.9513014554977417,0.0,0.0,0.30822378396987915,-0.05187263150873378
517.6541255854567,-284.31808936564187,0.0,9.107887741690734,0.9511426687240601,0.0,0.0,0.3086802661418915,0.951296865940094,0.0,0.0,0.30823975801467896,-0.4081216988796871
519.3259806885253,-286.6201186580172,0.0,9.111271152698349,0.9514647722244263,0.0,0.0,0.307676762342453,0.9513114094734192,0.0,0.0,0.3081965744495392,-0.05204351085255271
520.992317071568,-288.926280248018,0.0,9.114673674693016,0.9518028497695923,0.0,0.0,0.3066193461418152,0.951344907283783,0.0,0.0,0.30809450149536133,-0.40829354342487234
522.6528248196474,-291.23667021122344,0.0,9.11809505466905,0.9521566033363342,0.0,0.0,0.3055080473423004,0.9513972401618958,0.0,0.0,0.30793365836143494,-0.05221630782103931
524.307193225822,-293.55138478552186,0.0,9.121535039620765,0.952535092830658,0.0,0.0,0.30434557795524597,0.9514680504798889,0.0,0.0,0.30771470069885254,-0.4084672800385952
525.9551107851033,-295.87052037263925,0.0,9.124993376542475,0.9529280662536621,0.0,0.0,0.30312874913215637,0.9515573978424072,0.0,0.0,0.30743736028671265,-0.05239097130193382
527.5962651885293,-298.1941735396352,0.0,9.128469812428497,0.9533356428146362,0.0,0.0,0.30185750126838684,0.9516647458076477,0.0,0.0,0.3071027398109436,-0.4086428576085963
529.2303433173504,-300.5224410203656,0.0,9.131964094273142,0.9537577629089355,0.0,0.0,0.3005315959453583,0.9517901539802551,0.0,0.0,0.3067103922367096,-0.05256745018297654
530.8570312373316,-302.855419716913,0.0,9.13547596907072,0.9541943073272705,0.0,0.0,0.29915082454681396,0.9519334435462952,0.0,0.0,0.3062603175640106,-0.4088202250226154
532.4760141931689,-305.1932067009831,0.0,9.139005183815554,0.9546452760696411,0.0,0.0,0.29771530628204346,0.9520942568778992,0.0,0.0,0.30575332045555115,-0.05274569335190754
534.0869766030203,-307.5358992152688,0.0,9.142551485501953,0.9551106095314026,0.0,0.0,0.2962247133255005,0.9522724747657776,0.0,0.0,0.3051894009113312,-0.4089993311683931
535.6896020531541,-309.88359467478085,0.0,9.146114621124228,0.955590009689331,0.0,0.0,0.29467904567718506,0.9524725675582886,0.0,0.0,0.30457034707069397,-0.0529256496964669
537.28357329271,-312.2363906681446,0.0,9.149694337676696,0.9560834169387817,0.0,0.0,0.29307812452316284,0.9526903033256531,0.0,0.0,0.3038938641548157,-0.40918012493366923
538.86857222858,-314.59438495886525,0.0,9.153290382153676,0.9565905332565308,0.0,0.0,0.29142189025878906,0.9529253244400024,0.0,0.0,0.30316075682640076,-0.0531072681043952
540.4442799204021,-316.9576754865568,0.0,9.156902501549476,0.9571110010147095,0.0,0.0,0.28971067070961,0.9531775712966919,0.0,0.0,0.30237090587615967,-0.40936255520618436
542.0103765756722,-319.32636036813943,0.0,9.16053044285841,0.9576443433761597,0.0,0.0,0.2879447937011719,0.9534469842910767,0.0,0.0,0.3015243709087372,-0.05329049746343223
543.5665415449739,-321.7005378990036,0.0,9.164173953074794,0.9581902027130127,0.0,0.0,0.2861248850822449,0.9537332653999329,0.0,0.0,0.3006209433078766,-0.4095465708736786
545.1124533173231,-324.08030655413876,0.0,9.167832779192947,0.958747923374176,0.0,0.0,0.28425177931785583,0.9540362358093262,0.0,0.0,0.299661248922348,-0.05347528666131873
546.647789515632,-326.46576498922917,0.0,9.171506668207172,0.9593169093132019,0.0,0.0,0.28232669830322266,0.9543557167053223,0.0,0.0,0.2986450791358948,-0.40973212082389193
548.1722268922902,-328.8570120417166,0.0,9.175195367111792,0.9598965048789978,0.0,0.0,0.2803507447242737,0.9546916484832764,0.0,0.0,0.29757198691368103,-0.05366158458579451
549.6854413248641,-331.2541467318269,0.0,9.178898622901112,0.9604857563972473,0.0,0.0,0.27832576632499695,0.9550438523292542,0.0,0.0,0.29644209146499634,-0.4099191539445647
551.1871078119146,-333.65726826356524,0.0,9.18261618256946,0.9610838890075684,0.0,0.0,0.2762537896633148,0.9554123282432556,0.0,0.0,0.2952548563480377,-0.05384934012459991
552.6769004689336,-336.0664760256749,0.0,9.186347793111137,0.9616898894309998,0.0,0.0,0.2741371989250183,0.955796480178833,0.0,0.0,0.29401081800460815,-0.4101076191234373
554.1544925243998,-338.4818695925625,0.0,9.190093201520465,0.9623026251792908,0.0,0.0,0.27197888493537903,0.9561963081359863,0.0,0.0,0.29270973801612854,-0.054038502165475066
555.6195563159528,-340.9035487251894,0.0,9.193852154791754,0.9629210233688354,0.0,0.0,0.2697816789150238,0.9566116333007812,0.0,0.0,0.2913511395454407,-0.4102974652482499
557.0717632866892,-343.33161337192854,0.0,9.19762439991932,0.9635437726974487,0.0,0.0,0.26754945516586304,0.9570422768592834,0.0,0.0,0.28993475437164307,-0.05422901959616022
558.5107839815767,-345.7661636693854,0.0,9.201409683897474,0.9641695022583008,0.0,0.0,0.2652859687805176,0.9574881196022034,0.0,0.0,0.288460373878479,-0.41048864120674244
559.9362880439884,-348.2072999431862,0.0,9.205207753720533,0.9647966623306274,0.0,0.0,0.2629958391189575,0.9579485654830933,0.0,0.0,0.2869284749031067,-0.05442084130439556
561.3479442123607,-350.65512270873046,0.0,9.209018356382812,0.9654240012168884,0.0,0.0,0.2606838643550873,0.958423376083374,0.0,0.0,0.2853395640850067,-0.41068109588665547
562.7454258379317,-353.10973115459393,0.0,9.212841238878621,0.9660497307777405,0.0,0.0,0.25835534930229187,0.9589115381240845,0.0,0.0,0.2836959660053253,-0.05461391617792133
564.1286332589594,-355.5711620277336,0.0,9.216676148202277,0.966672420501709,0.0,0.0,0.2560155987739563,0.9594114422798157,0.0,0.0,0.2820015251636505,-0.41087477817572904
565.4977705279548,-358.0393685465369,0.0,9.220522831348095,0.9672907590866089,0.0,0.0,0.25366950035095215,0.9599213600158691,0.0,0.0,0.2802616059780121,-0.054808193104477765
566.8530632710989,-360.5142979407359,0.0,9.224381035310385,0.9679034948348999,0.0,0.0,0.25132128596305847,0.9604402184486389,0.0,0.0,0.2784790098667145,-0.4110696369617033
568.1947376065301,-362.99589724507297,0.0,9.228250507083466,0.9685096144676208,0.0,0.0,0.24897527694702148,0.9609664082527161,0.0,0.0,0.2766583561897278,-0.055003620971805056
569.5230201498313,-365.48411329761825,0.0,9.23213099366165,0.9691081643104553,0.0,0.0,0.24663513898849487,0.9614987969398499,0.0,0.0,0.27480313181877136,-0.4112656211323187
570.8381380194267,-367.9788927381085,0.0,9.23602224203925,0.9696984887123108,0.0,0.0,0.24430407583713531,0.9620360136032104,0.0,0.0,0.27291667461395264,-0.05520014866764339
572.1403188418888,-370.48018200630844,0.0,9.23992399921058,0.9702798128128052,0.0,0.0,0.24198515713214874,0.9625771045684814,0.0,0.0,0.27100270986557007,-0.41146267957531524
573.429790757156,-372.9879273403965,0.0,9.243836012169952,0.9708515405654907,0.0,0.0,0.2396811991930008,0.9631208777427673,0.0,0.0,0.269064337015152,-0.055397725079732785
574.7067824236575,-375.5020747753743,0.0,9.247758027911686,0.9714130759239197,0.0,0.0,0.23739470541477203,0.9636663794517517,0.0,0.0,0.2671045660972595,-0.4116607611784332
575.9715230233495,-378.02257014149774,0.0,9.251689793430092,0.9719641804695129,0.0,0.0,0.23512831330299377,0.9642125368118286,0.0,0.0,0.2651267647743225,-0.05559629909581387
577.2242422666592,-380.5493590627327,0.0,9.255631055719487,0.9725044965744019,0.0,0.0,0.23288381099700928,0.9647585153579712,0.0,0.0,0.2631334066390991,-0.41185981482941275
578.4651703973358,-383.08238695523437,0.0,9.25958156177418,0.973033607006073,0.0,0.0,0.23066328465938568,0.9653035998344421,0.0,0.0,0.2611274719238281,-0.05579581960362662
579.6945381972137,-385.6215990258489,0.0,9.26354105858849,0.9735512733459473,0.0,0.0,0.22846846282482147,0.9658467769622803,0.0,0.0,0.25911131501197815,-0.4120597894159941
580.9125769908793,-388.16694027064057,0.0,9.267509293156731,0.9740573763847351,0.0,0.0,0.22630098462104797,0.9663876891136169,0.0,0.0,0.25708696246147156,-0.05599623549091154
582.119518650249,-390.7183554734404,0.0,9.271486012473215,0.9745517373085022,0.0,0.0,0.22416236996650696,0.9669254422187805,0.0,0.0,0.255057156085968,-0.4122606338259175
583.3155955990532,-393.2757892044205,0.0,9.27547096353225,0.9750342965126038,0.0,0.0,0.22205398976802826,0.967459499835968,0.0,0.0,0.2530243396759033,-0.05619749564540827
584.5010408172272,-395.83918581869165,0.0,9.279463893328161,0.9755048751831055,0.0,0.0,0.21997718513011932,0.9679889678955078,0.0,0.0,0.2509911358356476,-0.4124622969469231
585.6760878452102,-398.40848945492326,0.0,9.283464548855255,0.9759637117385864,0.0,0.0,0.21793295443058014,0.9685136675834656,0.0,0.0,0.2489590048789978,-0.05639954895485738
586.8409707881491,-400.9836440339895,0.0,9.287472677107852,0.976410448551178,0.0,0.0,0.21592241525650024,0.969032883644104,0.0,0.0,0.24693042039871216,-0.4126647276667513
587.9959243200119,-403.56459325763853,0.0,9.29148802508026,0.9768452048301697,0.0,0.0,0.21394653618335724,0.9695461392402649,0.0,0.0,0.24490734934806824,-0.056602344306999286
589.1411836876039,-406.1512806071858,0.0,9.295510339766793,0.9772681593894958,0.0,0.0,0.2120063155889511,0.9700532555580139,0.0,0.0,0.24289105832576752,-0.41286787487314175
590.2769847144908,-408.74364934223087,0.0,9.299539368161772,0.9776792526245117,0.0,0.0,0.2101024091243744,0.9705537557601929,0.0,0.0,0.24088358879089355,-0.056805830589574
591.4035638048289,-411.34164249939994,0.0,9.303574857259502,0.9780784845352173,0.0,0.0,0.20823565125465393,0.9710469841957092,0.0,0.0,0.23888714611530304,-0.41307168745383516
592.5211579470979,-413.9452028911118,0.0,9.307616554054306,0.9784661531448364,0.0,0.0,0.20640680193901062,0.9715331792831421,0.0,0.0,0.23690226674079895,-0.05700995669032172
593.6300047177416,-416.5542731043678,0.0,9.31166420554049,0.97884202003479,0.0,0.0,0.20461630821228027,0.9720117449760437,0.0,0.0,0.2349311262369156,-0.4132761142965717
594.7303422847101,-419.16879549956735,0.0,9.315717558712375,0.9792065024375916,0.0,0.0,0.20286491513252258,0.9724823832511902,0.0,0.0,0.2329752892255783,-0.057214671496982616
595.8224094109089,-421.7887122093471,0.0,9.319776360564271,0.979559600353241,0.0,0.0,0.2011532485485077,0.972944974899292,0.0,0.0,0.23103569447994232,-0.4134811042890917
596.9064454575511,-424.4139651374452,0.0,9.323840358090491,0.9799013733863831,0.0,0.0,0.1994817852973938,0.9733991026878357,0.0,0.0,0.22911474108695984,-0.057419923897296776
597.9826903874136,-427.04449595758956,0.0,9.327909298285352,0.9802320003509521,0.0,0.0,0.19785091280937195,0.9738448858261108,0.0,0.0,0.22721265256404877,-0.4136866063191352
599.0513847679966,-429.6802461124122,0.0,9.331982928143166,0.9805516004562378,0.0,0.0,0.1962609589099884,0.974281907081604,0.0,0.0,0.22533130645751953,-0.057625662779004494
600.1127697745859,-432.3211568123872,0.0,9.336060994658247,0.9808603525161743,0.0,0.0,0.19471247494220734,0.9747101664543152,0.0,0.0,0.22347138822078705,-0.41389256927444235
601.1670871932191,-434.96716903479387,0.0,9.340143244824914,0.9811581969261169,0.0,0.0,0.19320568442344666,0.9751296639442444,0.0,0.0,0.22163400053977966,-0.057831837029846234
602.2145794235541,-437.61822352270593,0.0,9.344229425637472,0.9814454913139343,0.0,0.0,0.19174101948738098,0.9755401015281677,0.0,0.0,0.21982082724571228,-0.4140989420427534
603.2554894816392,-440.2742607840041,0.0,9.348319284090243,0.9817222952842712,0.0,0.0,0.1903187334537506,0.9759414196014404,0.0,0.0,0.21803219616413116,-0.05803839553756185
604.2900610025855,-442.935221090415,0.0,9.352412567177538,0.98198002576828,0.0,0.0,0.18893730640411377,0.9763333797454834,0.0,0.0,0.21627028286457062,-0.4143056735118087
605.3185382431417,-445.6010444765746,0.0,9.35650902189367,0.9822381138801575,0.0,0.0,0.18760021030902863,0.9767162799835205,0.0,0.0,0.2145344465970993,-0.0582452871898918
606.3411660841692,-448.2716707391182,0.0,9.360608395232955,0.982477605342865,0.0,0.0,0.18630383908748627,0.9770897626876831,0.0,0.0,0.21282657980918884,-0.41451271256934835
607.3581900330194,-450.9470394357944,0.0,9.364710434189707,0.9827085137367249,0.0,0.0,0.1850501447916031,0.9774540066719055,0.0,0.0,0.21114712953567505,-0.05845246087457623
608.3698562258099,-453.6270898846053,0.0,9.368814885758237,0.9829309582710266,0.0,0.0,0.18383854627609253,0.9778087735176086,0.0,0.0,0.20949770510196686,-0.4147200081031125
609.3764114296041,-456.31176116297155,0.0,9.372921496932863,0.9831450581550598,0.0,0.0,0.18266887962818146,0.9781544208526611,0.0,0.0,0.20787827670574188,-0.05865986547935531
610.3781030444871,-459.0009921069246,0.0,9.377030014707897,0.983350932598114,0.0,0.0,0.18154063820838928,0.9784907102584839,0.0,0.0,0.20628944039344788,-0.41492750900084147
611.3751791055457,-461.69472131032325,0.0,9.381140186077655,0.9835487604141235,0.0,0.0,0.18045316636562347,0.9788175225257874,0.0,0.0,0.20473286509513855,-0.0588674498919694
612.3678882847441,-464.3928871240955,0.0,9.385251758036448,0.9837386608123779,0.0,0.0,0.1794058382511139,0.9791351556777954,0.0,0.0,0.2032088041305542,-0.41513516415027546
613.356479892701,-467.09542765550896,0.0,9.389364477578594,0.9839208126068115,0.0,0.0,0.17839756608009338,0.9794436097145081,0.0,0.0,0.20171724259853363,-0.05907516300015858
614.3412038803651,-469.80228076746346,0.0,9.393478091698398,0.9840955138206482,0.0,0.0,0.17742745578289032,0.9797426462173462,0.0,0.0,0.20025986433029175,-0.41534292243915444
615.3223108405884,-472.5133840778131,0.0,9.397592347390189,0.9842629432678223,0.0,0.0,0.17649440467357635,0.9800325632095337,0.0,0.0,0.1988360732793808,-0.05928295369166314
616.3000520095995,-475.2286749587129,0.0,9.401706991648265,0.9844233989715576,0.0,0.0,0.17559723556041718,0.9803133010864258,0.0,0.0,0.19744738936424255,-0.41555073275521887
617.2746792683733,-477.9480905359917,0.0,9.405821771466952,0.9845771789550781,0.0,0.0,0.17473459243774414,0.9805849194526672,0.0,0.0,0.19609437882900238,-0.05949077085422316
618.2464451438979,-480.6715676885508,0.0,9.40993643384056,0.9847246408462524,0.0,0.0,0.17390485107898712,0.9808474183082581,0.0,0.0,0.19477692246437073,-0.41575854398620915
619.2156028103403,-483.3990430477894,0.0,9.414050725763401,0.9848661422729492,0.0,0.0,0.17310620844364166,0.9811010360717773,0.0,0.0,0.19349539279937744,-0.05969856337557872
620.1823736041118,-486.1304529970589,0.0,9.418164394229793,0.9850018620491028,0.0,0.0,0.1723371297121048,0.9813461303710938,0.0,0.0,0.19224828481674194,-0.4159663050198653
621.1468455194929,-488.8657336711393,0.0,9.422277186234048,0.9851322770118713,0.0,0.0,0.17159606516361237,0.9815830588340759,0.0,0.0,0.19103462994098663,-0.05990628014347038
622.1090722677243,-491.60482095574463,0.0,9.426388848770475,0.985257625579834,0.0,0.0,0.1708812415599823,0.9818120002746582,0.0,0.0,0.18985402584075928,-0.41617396474392737
623.0691076842794,-494.3476504870572,0.0,9.430499128833398,0.9853781461715698,0.0,0.0,0.1701914370059967,0.9820334911346436,0.0,0.0,0.18870508670806885,-0.060113870045638174
624.0270057293302,-497.09415765128307,0.0,9.434607773417124,0.9854940176010132,0.0,0.0,0.16952574253082275,0.9822477102279663,0.0,0.0,0.18758676946163177,-0.4163814720461357
624.9828204881616,-499.8442775842403,0.0,9.438714529515973,0.9856055974960327,0.0,0.0,0.16888266801834106,0.9824548959732056,0.0,0.0,0.18649831414222717,-0.06032128196982256
625.9366061715583,-502.59794517097015,0.0,9.442819144124252,0.9857130646705627,0.0,0.0,0.1682615727186203,0.9826552867889404,0.0,0.0,0.18543961644172668,-0.41658877581423054
626.8884171161745,-505.3550950453782,0.0,9.446921364236276,0.9858165979385376,0.0,0.0,0.16766135394573212,0.9828491806983948,0.0,0.0,0.1844092309474945,-0.06052846480376317
627.8383077848744,-508.11566158989933,0.0,9.451020936846367,0.9859163165092468,0.0,0.0,0.16708123683929443,0.9830368757247925,0.0,0.0,0.18340595066547394,-0.4167958249359523
628.7863327670543,-510.8795789351925,0.0,9.45511760894883,0.98601233959198,0.0,0.0,0.16652075946331024,0.9832186102867126,0.0,0.0,0.18242919445037842,-0.06073536743520069
629.7325467789396,-513.6467809598623,0.0,9.459211127537984,0.9861047863960266,0.0,0.0,0.1659790724515915,0.9833945631980896,0.0,0.0,0.18147894740104675,-0.41700256829904087
630.6770046638583,-516.4172012902077,0.0,9.463301239608139,0.9861938953399658,0.0,0.0,0.16545559465885162,0.9835646748542786,0.0,0.0,0.18055452406406403,-0.0609419387518752
631.6197613924921,-519.1907732999974,0.0,9.467387692153611,0.9862797260284424,0.0,0.0,0.16494978964328766,0.9837294816970825,0.0,0.0,0.17965485155582428,-0.4172089547912365
632.5608720631028,-521.9674301102741,0.0,9.471470232168716,0.9863623976707458,0.0,0.0,0.1644611954689026,0.9838889241218567,0.0,0.0,0.17877905070781708,-0.06114812764152694
633.5003919017366,-524.7471045891856,0.0,9.475548606647767,0.986441969871521,0.0,0.0,0.16398946940898895,0.9840434193611145,0.0,0.0,0.17792730033397675,-0.41741493330027946
634.4383762624042,-527.5297293518436,0.0,9.479622562585076,0.9865186214447021,0.0,0.0,0.16353414952754974,0.9841929078102112,0.0,0.0,0.17709873616695404,-0.06135388299189609
635.3748806272364,-530.3152367602107,0.0,9.483691846974963,0.9865922927856445,0.0,0.0,0.16309486329555511,0.9843376278877258,0.0,0.0,0.17629286646842957,-0.41762045271391013
636.3099606066189,-533.1035589230153,0.0,9.487756206811735,0.9866631031036377,0.0,0.0,0.16267141699790955,0.9844776391983032,0.0,0.0,0.1755097210407257,-0.061559153690722956
637.2436719392989,-535.8946276956941,0.0,9.491815389089709,0.986731231212616,0.0,0.0,0.16226351261138916,0.9846130609512329,0.0,0.0,0.1747480183839798,-0.41782546191986836
638.176070492472,-538.6883746803612,0.0,9.495869140803197,0.9867966175079346,0.0,0.0,0.16187076270580292,0.9847441911697388,0.0,0.0,0.17400771379470825,-0.061763888625747665
639.107212261843,-541.4847312258097,0.0,9.499917208946515,0.9868593811988831,0.0,0.0,0.16149303317070007,0.9848710298538208,0.0,0.0,0.1732882261276245,-0.4180299098058945
640.0371533716627,-544.2836284275362,0.0,9.50395934051398,0.9869194626808167,0.0,0.0,0.16113026440143585,0.9849937558174133,0.0,0.0,0.17258936166763306,-0.061968036684710515
640.9659500747422,-547.0849971277978,0.0,9.507995282499898,0.9869770407676697,0.0,0.0,0.16078223288059235,0.9851080179214478,0.0,0.0,0.1719096601009369,-0.4182337452597288
641.893658752441,-549.888767915694,0.0,9.512024781898592,0.9870321154594421,0.0,0.0,0.16044853627681732,0.98521888256073,0.0,0.0,0.1712496429681778,-0.06217154675535164
642.8203359146328,-552.6948711272796,0.0,9.516047585704372,0.987084686756134,0.0,0.0,0.16012927889823914,0.9853262305259705,0.0,0.0,0.17060993611812592,-0.41843691716911163
643.7460381996458,-555.5032368457063,0.0,9.520063440911551,0.9871348142623901,0.0,0.0,0.1598241627216339,0.9854303598403931,0.0,0.0,0.16998890042304993,-0.06237436772541116
644.6708223741784,-558.3137949013906,0.0,9.524072094514443,0.9871825575828552,0.0,0.0,0.1595330387353897,0.985531210899353,0.0,0.0,0.16938675940036774,-0.4186393744217829
645.5947453331933,-561.1264748722114,0.0,9.528073293507367,0.9872279167175293,0.0,0.0,0.1592559665441513,0.9856288433074951,0.0,0.0,0.16880305111408234,-0.06257644848262955
646.5178640997822,-563.9412060837375,0.0,9.532066784884632,0.9872709512710571,0.0,0.0,0.1589926779270172,0.9857232570648193,0.0,0.0,0.16823814809322357,-0.4188410659054832
647.4402358250111,-566.757917609483,0.0,9.536052315640552,0.9873116612434387,0.0,0.0,0.15874327719211578,0.9858145713806152,0.0,0.0,0.1676914244890213,-0.06277773791474667
648.361917787737,-569.576538271192,0.0,9.540029632769441,0.9873501062393188,0.0,0.0,0.15850749611854553,0.9859029054641724,0.0,0.0,0.16716249287128448,-0.41904194050795235
649.2829673944029,-572.3969966391508,0.0,9.543998483265616,0.9873862862586975,0.0,0.0,0.15828531980514526,0.9859883189201355,0.0,0.0,0.1666504591703415,-0.06297818490950302
650.2034421788067,-575.2192210325325,0.0,9.547958614123392,0.9874202013015747,0.0,0.0,0.158076673746109,0.9860706329345703,0.0,0.0,0.1661565601825714,-0.4192419471169309
651.1233998018436,-578.0431395197659,0.0,9.55190977233708,0.9874518513679504,0.0,0.0,0.15788163244724274,0.9861502051353455,0.0,0.0,0.16567876935005188,-0.06317773835463875
652.0428980512276,-580.8686799189398,0.0,9.55585170490099,0.9874812960624695,0.0,0.0,0.1577000766992569,0.9862267971038818,0.0,0.0,0.1652185320854187,-0.4194410346201587
652.9619948411851,-583.6957697982308,0.0,9.559784158809444,0.9875085353851318,0.0,0.0,0.1575320065021515,0.986300528049469,0.0,0.0,0.16477514803409576,-0.06337634713789403
653.8807482121232,-586.5243364763629,0.0,9.563706881056751,0.9875335693359375,0.0,0.0,0.1573772132396698,0.9863713979721069,0.0,0.0,0.16434872150421143,-0.41963915190537615
654.799216330276,-589.3543070230991,0.0,9.567619618637229,0.9875564575195312,0.0,0.0,0.15723569691181183,0.98643958568573,0.0,0.0,0.1639382541179657,-0.06357396014700911
655.7174574873213,-592.1856082597574,0.0,9.57152211854519,0.9875772595405579,0.0,0.0,0.15710747241973877,0.9865050911903381,0.0,0.0,0.16354356706142426,-0.41983624786032364
656.6355300999772,-595.0181667597606,0.0,9.575414127774945,0.9875959157943726,0.0,0.0,0.15699219703674316,0.9865679144859314,0.0,0.0,0.1631648689508438,-0.06377052626972407
657.5534927095682,-597.8519088492144,0.0,9.57929539332081,0.9876124858856201,0.0,0.0,0.15689000487327576,0.986627995967865,0.0,0.0,0.1628027707338333,-0.4200322713727411
658.4714039815702,-600.6867606075143,0.0,9.583165662177107,0.9876270294189453,0.0,0.0,0.15680031478405,0.9866854548454285,0.0,0.0,0.16245612502098083,-0.06396599439377948
659.3893227051282,-603.5226478679848,0.0,9.587024681338137,0.9876395463943481,0.0,0.0,0.15672314167022705,0.9867403507232666,0.0,0.0,0.16212497651576996,-0.42022717133036885
660.3073077925482,-606.3594962185451,0.0,9.590872197798221,0.9876500964164734,0.0,0.0,0.15665827691555023,0.9867926239967346,0.0,0.0,0.16180965304374695,-0.06416031340691503
661.2254182787636,-609.1972310024088,0.0,9.594707958551671,0.9876587390899658,0.0,0.0,0.15660524368286133,0.9868423342704773,0.0,0.0,0.16150951385498047,-0.42042089662094717
662.143713320779,-612.0357773188096,0.0,9.598531710592807,0.9876655340194702,0.0,0.0,0.15656380355358124,0.9868896007537842,0.0,0.0,0.16122427582740784,-0.06435343219687134
663.0622521970836,-614.8750600237614,0.0,9.602343200915934,0.9876705408096313,0.0,0.0,0.15653358399868011,0.9869343638420105,0.0,0.0,0.1609542965888977,-0.42061339613221616
663.9810943065664,-617.7150037293773,0.0,9.60614217155272,0.9876737594604492,0.0,0.0,0.15651413798332214,0.9869765043258667,0.0,0.0,0.16069994866847992,-0.06454529940074949
664.9002991469081,-620.5555327398846,0.0,9.609928145264563,0.9876754283905029,0.0,0.0,0.15650475025177002,0.9870163202285767,0.0,0.0,0.16045978665351868,-0.42080460692574356
665.8199262851036,-623.3965709635804,0.0,9.613700343718026,0.9876754879951477,0.0,0.0,0.15650531649589539,0.9870536923408508,0.0,0.0,0.16023486852645874,-0.06473581447415672
666.7400353546278,-626.2380419074668,0.0,9.617457966734445,0.9876741170883179,0.0,0.0,0.156514972448349,0.9870885610580444,0.0,0.0,0.1600247323513031,-0.42099438586596677
667.6606860546142,-629.0798686784439,0.0,9.62120021413516,0.9876713156700134,0.0,0.0,0.1565331220626831,0.9871209859848022,0.0,0.0,0.15982960164546967,-0.06492481686813217
668.5819381489531,-631.9219739845878,0.0,9.62492628574151,0.9876673221588135,0.0,0.0,0.15655915439128876,0.9871510863304138,0.0,0.0,0.1596490442752838,-0.42118257130063097
669.5038458589597,-634.7642880199819,0.0,9.628635381374838,0.9876621961593628,0.0,0.0,0.1565922498703003,0.9871788620948792,0.0,0.0,0.15948233008384705,-0.06511214493042145
670.4264263737102,-637.606792744327,0.0,9.632326700856487,0.9876559972763062,0.0,0.0,0.15663160383701324,0.9872044920921326,0.0,0.0,0.15932875871658325,-0.42136900157748186
671.3496817873952,-640.4494910353864,0.0,9.635999444007787,0.9876489043235779,0.0,0.0,0.156676784157753,0.9872281551361084,0.0,0.0,0.15918751060962677,-0.06529763700877
672.2736140799599,-643.2923856236871,0.0,9.63965281065009,0.9876409769058228,0.0,0.0,0.15672720968723297,0.9872498512268066,0.0,0.0,0.1590581238269806,-0.4215535150442648
673.1982251600143,-646.1354790321051,0.0,9.643286000604729,0.9876322746276855,0.0,0.0,0.15678223967552185,0.9872696995735168,0.0,0.0,0.15894001722335815,-0.06548113145092349
674.1235168646285,-648.9787735760623,0.0,9.646898213693046,0.9876229166984558,0.0,0.0,0.15684151649475098,0.9872878193855286,0.0,0.0,0.15883247554302216,-0.42173595004872527
675.0494909591239,-651.8222713637026,0.0,9.65048864973638,0.9876129031181335,0.0,0.0,0.15690480172634125,0.9873042106628418,0.0,0.0,0.15873558819293976,-0.06566246660462721
675.9761491368597,-654.6659742960668,0.0,9.654056508556074,0.9876022934913635,0.0,0.0,0.15697166323661804,0.9873189926147461,0.0,0.0,0.15864834189414978,-0.4219161449386088
676.9034930190146,-657.5098840672442,0.0,9.657600989973464,0.9875912070274353,0.0,0.0,0.15704159438610077,0.9873323440551758,0.0,0.0,0.1585700809955597,-0.0658414808176267
677.8315241543647,-660.3540021645223,0.0,9.661121293809895,0.9875797033309937,0.0,0.0,0.1571144312620163,0.9873441457748413,0.0,0.0,0.15850070118904114,-0.42209393806166096
678.7602440190554,-663.1983298685178,0.0,9.664616619886699,0.9875677824020386,0.0,0.0,0.15718960762023926,0.9873546361923218,0.0,0.0,0.1584397554397583,-0.06601801243766725
679.6896540163705,-666.0428682532983,0.0,9.66808616802523,0.9875554442405701,0.0,0.0,0.15726721286773682,0.9873638153076172,0.0,0.0,0.15838664770126343,-0.4222691677656272
680.6197554764934,-668.8876181864928,0.0,9.671529138046813,0.9875428080558777,0.0,0.0,0.15734687447547913,0.9873718023300171,0.0,0.0,0.15834099054336548,-0.06619189981249468
681.5505496562671,-671.7325803293862,0.0,9.674944729772799,0.9875298142433167,0.0,0.0,0.1574285626411438,0.9873784780502319,0.0,0.0,0.1583028882741928,-0.4224416723982527
682.4820377389482,-674.5777551370069,0.0,9.678332143024523,0.9875165224075317,0.0,0.0,0.15751203894615173,0.9873841404914856,0.0,0.0,0.1582711786031723,-0.06636298128985452
683.4142208339559,-677.4231428581982,0.0,9.681690577623323,0.9875029921531677,0.0,0.0,0.1575968861579895,0.9873887300491333,0.0,0.0,0.1582459956407547,-0.422611290307283
684.3470999766163,-680.2687435356792,0.0,9.685019233390546,0.9874892234802246,0.0,0.0,0.15768316388130188,0.987392246723175,0.0,0.0,0.15822717547416687,-0.06653109521749206
685.2806761279021,-683.1145570060932,0.0,9.688317310147529,0.9874752759933472,0.0,0.0,0.15777064859867096,0.9873948693275452,0.0,0.0,0.15821392834186554,-0.4227778598404639
686.2149501741675,-685.9605829000436,0.0,9.691584007715612,0.9874610900878906,0.0,0.0,0.15785929560661316,0.9873965978622437,0.0,0.0,0.15820612013339996,-0.06669607994315285
687.1499229268798,-688.806820642118,0.0,9.694818525916133,0.9874467253684998,0.0,0.0,0.15794913470745087,0.9873974323272705,0.0,0.0,0.15820395946502686,-0.42294121934554074
688.0855951223433,-691.6532694509003,0.0,9.698020064570434,0.9874321818351746,0.0,0.0,0.15804004669189453,0.9873973727226257,0.0,0.0,0.1582070142030716,-0.06685777381458213
689.021967421422,-694.4999283389681,0.0,9.701187823499854,0.987417459487915,0.0,0.0,0.15813176333904266,0.9873966574668884,0.0,0.0,0.15821422636508942,-0.423101207170259
689.9590404092545,-697.346796112882,0.0,9.704321002525738,0.987402617931366,0.0,0.0,0.15822428464889526,0.9873950481414795,0.0,0.0,0.15822665393352509,-0.06701601517952571
690.8968145949664,-700.1938713731574,0.0,9.707418801469421,0.9873876571655273,0.0,0.0,0.15831753611564636,0.9873927235603333,0.0,0.0,0.15824371576309204,-0.4232576616623642
691.8352904113759,-703.0411525142293,0.0,9.710480420152244,0.9873725771903992,0.0,0.0,0.15841138362884521,0.9873896241188049,0.0,0.0,0.15826517343521118,-0.0671706423857289
692.7744682146973,-705.8886377243995,0.0,9.713505058395548,0.9873573780059814,0.0,0.0,0.15850581228733063,0.9873861074447632,0.0,0.0,0.1582890748977661,-0.42341042116960176
693.7143482842373,-708.736324985774,0.0,9.716491916020674,0.987342119216919,0.0,0.0,0.1586008369922638,0.9873819351196289,0.0,0.0,0.15831702947616577,-0.06732149378093727
694.654930822088,-711.5842120741894,0.0,9.719440192848964,0.9873267412185669,0.0,0.0,0.15869642794132233,0.9873771071434021,0.0,0.0,0.15834899246692657,-0.42355932403971747
695.5962159528144,-714.432296559123,0.0,9.72234908870175,0.9873113036155701,0.0,0.0,0.15879252552986145,0.9873716831207275,0.0,0.0,0.15838460624217987,-0.06746840771289614
696.5382037231377,-717.2805758035936,0.0,9.725217803400376,0.9872957468032837,0.0,0.0,0.1588890701532364,0.9873657822608948,0.0,0.0,0.15842305123806,-0.42370420862045616
697.4808941016141,-720.1290469640475,0.0,9.728045536766189,0.9872801303863525,0.0,0.0,0.1589859575033188,0.9873592853546143,0.0,0.0,0.1584649682044983,-0.06761122252935131
698.4242869783067,-722.977706990233,0.0,9.730831488620518,0.9872644543647766,0.0,0.0,0.15908318758010864,0.9873523712158203,0.0,0.0,0.15850956737995148,-0.4238449132595637
699.3683821644572,-725.826552625063,0.0,9.733574858784717,0.9872487783432007,0.0,0.0,0.15918073058128357,0.9873449802398682,0.0,0.0,0.1585570126771927,-0.06774977657804826
700.3131793921474,-728.675580404464,0.0,9.73627484708011,0.9872329831123352,0.0,0.0,0.15927860140800476,0.9873371720314026,0.0,0.0,0.1586068570613861,-0.4239812763047856
701.2586783139596,-731.5247866572106,0.0,9.738930653328048,0.9872171878814697,0.0,0.0,0.159376859664917,0.9873287677764893,0.0,0.0,0.15866008400917053,-0.06788390820673196
702.2048785026323,-734.3741675047535,0.0,9.741541477349871,0.9872012734413147,0.0,0.0,0.1594752073287964,0.9873201251029968,0.0,0.0,0.15871477127075195,-0.4241131361038676
703.1517794507077,-737.2237188610256,0.0,9.744106518966912,0.9871853590011597,0.0,0.0,0.15957380831241608,0.9873111844062805,0.0,0.0,0.15877163410186768,-0.06801345576314816
704.0993805701798,-740.0734364322445,0.0,9.746624978000519,0.9871693253517151,0.0,0.0,0.15967293083667755,0.9873018860816956,0.0,0.0,0.15883028507232666,-0.42424033100455477
705.0476811921324,-742.9233157166962,0.0,9.749096054272027,0.9871532320976257,0.0,0.0,0.15977227687835693,0.9872921109199524,0.0,0.0,0.15889202058315277,-0.0681382575950425
705.9966805663764,-745.7733520045088,0.0,9.751518947602781,0.9871371388435364,0.0,0.0,0.1598716676235199,0.9872820377349854,0.0,0.0,0.1589554250240326,-0.4243626993545929
706.9463778610801,-748.6235403774118,0.0,9.753892857814115,0.9871209859848022,0.0,0.0,0.15997137129306793,0.9872717261314392,0.0,0.0,0.15902040898799896,-0.06825815205016034
707.8967721623961,-751.4738757084851,0.0,9.756216984727372,0.9871047735214233,0.0,0.0,0.16007129848003387,0.9872610569000244,0.0,0.0,0.15908722579479218,-0.4244800795017271
708.8478624740817,-754.3243526618933,0.0,9.758490528163891,0.9870885610580444,0.0,0.0,0.1601714938879013,0.9872499704360962,0.0,0.0,0.15915656089782715,-0.06837297747624721
709.7996477171181,-757.1749656926072,0.0,9.760712687945016,0.9870722889900208,0.0,0.0,0.16027185320854187,0.9872387051582336,0.0,0.0,0.15922732651233673,-0.42459230979370305
710.75212672932,-760.0257090461122,0.0,9.762882663892086,0.9870559573173523,0.0,0.0,0.16037242114543915,0.987227201461792,0.0,0.0,0.1592993140220642,-0.06848257222104875
711.7052982649451,-762.8765767581071,0.0,9.76499965582644,0.9870396256446838,0.0,0.0,0.16047313809394836,0.9872154593467712,0.0,0.0,0.15937259793281555,-0.42469922857826636
712.6591609942957,-765.7275626541859,0.0,9.767062863569414,0.9870232343673706,0.0,0.0,0.16057392954826355,0.9872034788131714,0.0,0.0,0.15944713354110718,-0.06858677463231005
713.6137135033177,-768.5786603495079,0.0,9.769071486942352,0.9870067834854126,0.0,0.0,0.16067473590373993,0.9871912598609924,0.0,0.0,0.15952348709106445,-0.4248006742031622
714.5689542931943,-771.429863248459,0.0,9.7710247257666,0.9869903326034546,0.0,0.0,0.16077575087547302,0.9871788024902344,0.0,0.0,0.15960092842578888,-0.06868542305777714
715.5248817799331,-774.281164544292,0.0,9.772921779863486,0.9869738817214966,0.0,0.0,0.1608767807483673,0.9871662259101868,0.0,0.0,0.15967892110347748,-0.4248964850161363
716.481494293953,-777.132557218763,0.0,9.774761849054363,0.9869573712348938,0.0,0.0,0.16097800433635712,0.9871532917022705,0.0,0.0,0.15975917875766754,-0.0687783558451951
717.4387900796613,-779.984034041749,0.0,9.77654413316056,0.986940860748291,0.0,0.0,0.1610793024301529,0.9871402978897095,0.0,0.0,0.15983985364437103,-0.42498649936493416
718.3967672950305,-782.8355875708559,0.0,9.778267832003422,0.9869242906570435,0.0,0.0,0.16118071973323822,0.9871271252632141,0.0,0.0,0.15992172062397003,-0.06886541134230934
719.3554240111674,-785.6872101510098,0.0,9.77993214540429,0.9869076609611511,0.0,0.0,0.1612822562456131,0.9871138334274292,0.0,0.0,0.1600043922662735,-0.4250705555973012
720.3147582118797,-788.5388939140405,0.0,9.781536273184502,0.9868910312652588,0.0,0.0,0.16138394176959991,0.9871001839637756,0.0,0.0,0.16008909046649933,-0.0689464278968655
721.2747677932368,-791.39063077825,0.0,9.783079415165401,0.9868744015693665,0.0,0.0,0.16148558259010315,0.9870864152908325,0.0,0.0,0.16017413139343262,-0.425148492060983
722.2354505631259,-794.242412447965,0.0,9.784560771168326,0.9868577122688293,0.0,0.0,0.1615874320268631,0.9870725870132446,0.0,0.0,0.1602596640586853,-0.06902124385660924
723.1968042408055,-797.0942304130831,0.0,9.785979541014614,0.9868410229682922,0.0,0.0,0.1616893708705902,0.9870584607124329,0.0,0.0,0.1603466123342514,-0.42522014710372474
724.1588264564507,-799.9460759485991,0.0,9.787334924525611,0.9868242740631104,0.0,0.0,0.16179150342941284,0.9870442152023315,0.0,0.0,0.16043426096439362,-0.0690896975692859
725.1215147506983,-802.7979401141251,0.0,9.788626121522654,0.9868075251579285,0.0,0.0,0.16189365088939667,0.9870299696922302,0.0,0.0,0.16052211821079254,-0.42528535907327236
726.084866574184,-805.6498137533931,0.0,9.78985233182708,0.9867907166481018,0.0,0.0,0.16199608147144318,0.9870153665542603,0.0,0.0,0.16061189770698547,-0.06915162738264069
727.0488792870766,-808.5016874937467,0.0,9.791012755260235,0.9867739081382751,0.0,0.0,0.1620984524488449,0.9870007038116455,0.0,0.0,0.16070207953453064,-0.42534396631737115
728.0135501586076,-811.35355174562,0.0,9.792106591643455,0.9867570996284485,0.0,0.0,0.16220077872276306,0.9869860410690308,0.0,0.0,0.16079233586788177,-0.06920687164441947
728.9788763665957,-814.2053967020031,0.0,9.79313304079808,0.986740231513977,0.0,0.0,0.1623033583164215,0.9869711399078369,0.0,0.0,0.16088375449180603,-0.4253958071837664
729.9448549969691,-817.0572123378965,0.0,9.794091302545453,0.9867233037948608,0.0,0.0,0.16240593791007996,0.9869561791419983,0.0,0.0,0.16097533702850342,-0.06925526870236759
730.9114830432786,-819.9089884097497,0.0,9.794980576706914,0.9867064356803894,0.0,0.0,0.16250857710838318,0.9869411587715149,0.0,0.0,0.16106756031513214,-0.42544072002020383
731.8787574062123,-822.7607144548916,0.0,9.7958000631038,0.9866895079612732,0.0,0.0,0.162611186504364,0.9869260787963867,0.0,0.0,0.16116023063659668,-0.06929665690423048
732.8466748931011,-825.6123797909428,0.0,9.796548961557454,0.9866725206375122,0.0,0.0,0.1627139300107956,0.9869109392166138,0.0,0.0,0.16125284135341644,-0.4254785431744288
733.8152322174225,-828.4639735152208,0.0,9.797226471889216,0.986655592918396,0.0,0.0,0.16281667351722717,0.9868956804275513,0.0,0.0,0.1613461822271347,-0.06933087459775378
734.7844259982996,-831.315484504129,0.0,9.797831793920425,0.986638605594635,0.0,0.0,0.1629195362329483,0.9868803024291992,0.0,0.0,0.16144055128097534,-0.42550911499418687
735.7542527599942,-834.1669014125317,0.0,9.798364127472421,0.986621618270874,0.0,0.0,0.16302242875099182,0.9868648052215576,0.0,0.0,0.16153524816036224,-0.06935776013068284
736.7247089313981,-837.018212673123,0.0,9.798822672366546,0.9866045713424683,0.0,0.0,0.1631254106760025,0.9868493676185608,0.0,0.0,0.1616298109292984,-0.42553227382722353
737.6957908455178,-839.8694064957758,0.0,9.79920662842414,0.9865875244140625,0.0,0.0,0.16322840750217438,0.9868337512016296,0.0,0.0,0.16172516345977783,-0.06937715185076326
738.6674947389574,-842.720470866883,0.0,9.799515195466538,0.9865704774856567,0.0,0.0,0.16333146393299103,0.9868180751800537,0.0,0.0,0.16182109713554382,-0.42554785802128414
739.6398167513946,-845.5713935486838,0.0,9.79974757331509,0.986553430557251,0.0,0.0,0.1634344607591629,0.986802339553833,0.0,0.0,0.16191713511943817,-0.06938888810574056
740.6127529250546,-848.4221620785786,0.0,9.79990296179112,0.9865363836288452,0.0,0.0,0.16353745758533478,0.9867866039276123,0.0,0.0,0.16201311349868774,-0.425555705924114
741.5862992041785,-851.2727637684324,0.0,9.79998056071599,0.9865192770957947,0.0,0.0,0.16364043951034546,0.9867706894874573,0.0,0.0,0.16210982203483582,-0.06939280724336028
742.5604514344902,-854.1231857038633,0.0,9.799979569911022,0.9865021705627441,0.0,0.0,0.16374348104000092,0.9867547154426575,0.0,0.0,0.16220708191394806,-0.425555655883459
743.5352053626535,-856.973414743521,0.0,9.799899189197568,0.9864850640296936,0.0,0.0,0.16384673118591309,0.9867388010025024,0.0,0.0,0.16230404376983643,-0.0693887476113676
744.5105566357317,-859.8234375183513,0.0,9.799738618396956,0.9864678978919983,0.0,0.0,0.16395002603530884,0.9867227077484131,0.0,0.0,0.16240154206752777,-0.4255475462470645
745.4865008006396,-862.6732404308507,0.0,9.799497057330537,0.9864506721496582,0.0,0.0,0.16405344009399414,0.986706554889679,0.0,0.0,0.16249971091747284,-0.06937654755750805
746.4630333035916,-865.5228096543055,0.0,9.79917370581965,0.9864334464073181,0.0,0.0,0.16415685415267944,0.9866903424263,0.0,0.0,0.16259784996509552,-0.42553121536267624
747.4401494895468,-868.3721311320209,0.0,9.798767763685628,0.9864162802696228,0.0,0.0,0.16426020860671997,0.9866741299629211,0.0,0.0,0.16269615292549133,-0.06935604542952717
748.4178446016493,-871.221190576538,0.0,9.798278430749814,0.9863990545272827,0.0,0.0,0.16436363756656647,0.9866577386856079,0.0,0.0,0.1627955436706543,-0.4255065015780392
749.3961137806657,-874.0699734688384,0.0,9.797704906833555,0.9863818287849426,0.0,0.0,0.16446706652641296,0.9866413474082947,0.0,0.0,0.16289472579956055,-0.06932707957517065
750.3749520644174,-876.9184650575367,0.0,9.797046391758183,0.9863646030426025,0.0,0.0,0.1645704209804535,0.9866250157356262,0.0,0.0,0.16299369931221008,-0.4254732432408992
751.3543543872103,-879.7666503580598,0.0,9.796302085345042,0.9863473176956177,0.0,0.0,0.16467374563217163,0.986608624458313,0.0,0.0,0.16309279203414917,-0.06928948834218368
752.3343155792593,-882.6145141518173,0.0,9.795471187415473,0.9863300323486328,0.0,0.0,0.16477727890014648,0.9865920543670654,0.0,0.0,0.16319309175014496,-0.42543127869900177
753.3148303661108,-885.4620409853559,0.0,9.794552897790808,0.9863126873970032,0.0,0.0,0.16488082706928253,0.9865754842758179,0.0,0.0,0.16329313814640045,-0.06924311007831174
754.2958933680591,-888.3092151695066,0.0,9.793546416292397,0.9862954020500183,0.0,0.0,0.164984330534935,0.9865589141845703,0.0,0.0,0.16339324414730072,-0.4253804463000921
755.2774990995624,-891.1560207785171,0.0,9.792450942741576,0.9862781167030334,0.0,0.0,0.16508783400058746,0.9865424036979675,0.0,0.0,0.16349279880523682,-0.06918778313130064
756.2596419686523,-894.0024416491726,0.0,9.791265676959688,0.9862607717514038,0.0,0.0,0.1651914119720459,0.9865256547927856,0.0,0.0,0.16359370946884155,-0.4253205843919159
757.2423162763399,-896.8484613799064,0.0,9.789989818768069,0.9862434267997742,0.0,0.0,0.16529500484466553,0.9865089654922485,0.0,0.0,0.1636943221092224,-0.06912334584889568
758.2255162160205,-899.6940633298985,0.0,9.78862256798806,0.9862260818481445,0.0,0.0,0.16539864242076874,0.9864922165870667,0.0,0.0,0.1637953221797943,-0.42525153132221843
759.209235872873,-902.5392306181623,0.0,9.787163124441005,0.9862086772918701,0.0,0.0,0.16550226509571075,0.9864752888679504,0.0,0.0,0.16389699280261993,-0.06904963657884239
760.1934692232559,-905.3839461226195,0.0,9.78561068794824,0.9861912727355957,0.0,0.0,0.1656058430671692,0.986458420753479,0.0,0.0,0.16399818658828735,-0.4251731254387455
761.1782101341,-908.2281924791646,0.0,9.783964458331107,0.9861738681793213,0.0,0.0,0.16570927202701569,0.9864416718482971,0.0,0.0,0.16409893333911896,-0.06896649366888613
762.1634523622989,-911.0719520807188,0.0,9.782223635410945,0.9861564636230469,0.0,0.0,0.16581252217292786,0.9864248633384705,0.0,0.0,0.16420020163059235,-0.4250852050892424
763.1491895540942,-913.9152070762699,0.0,9.780387419009093,0.986139178276062,0.0,0.0,0.1659153252840042,0.9864078760147095,0.0,0.0,0.16430214047431946,-0.06887375546677238
764.135415244459,-916.7579393699052,0.0,9.778455008946896,0.9861220121383667,0.0,0.0,0.16601738333702087,0.9863909482955933,0.0,0.0,0.16440360248088837,-0.4249876086214547
765.122122856477,-919.6001306198284,0.0,9.77642560504569,0.9861050248146057,0.0,0.0,0.16611820459365845,0.9863739609718323,0.0,0.0,0.16450542211532593,-0.06877126032024677
766.1093057007196,-922.4417622373712,0.0,9.774298407126814,0.9860882759094238,0.0,0.0,0.16621753573417664,0.9863569140434265,0.0,0.0,0.16460739076137543,-0.42488017438312764
767.0969569746189,-925.2828153859894,0.0,9.772072615011615,0.9860718846321106,0.0,0.0,0.16631484031677246,0.986339807510376,0.0,0.0,0.16470985114574432,-0.0686588465770549
768.085069761838,-928.1232709802503,0.0,9.769747428521427,0.9860559701919556,0.0,0.0,0.16640940308570862,0.9863228797912598,0.0,0.0,0.16481119394302368,-0.4247627407220071
769.0736370316379,-930.9631096848088,0.0,9.76732204747759,0.9860405921936035,0.0,0.0,0.16650040447711945,0.9863057136535645,0.0,0.0,0.1649138480424881,-0.0685363525849419
770.0626516382423,-933.8023119133752,0.0,9.764795671701446,0.9860259890556335,0.0,0.0,0.16658683121204376,0.9862886667251587,0.0,0.0,0.1650160253047943,-0.4246351459858382
771.0521063201988,-936.6408578276689,0.0,9.762167501014336,0.9860123991966248,0.0,0.0,0.16666768491268158,0.9862715601921082,0.0,0.0,0.16511820256710052,-0.06840361669165346
772.0419936997363,-939.4787273363622,0.0,9.759436735237598,0.9859998822212219,0.0,0.0,0.16674160957336426,0.9862545132637024,0.0,0.0,0.16521991789340973,-0.4244972285223666
773.0323062821221,-942.3159000940184,0.0,9.756602574192573,0.9859887957572937,0.0,0.0,0.1668073534965515,0.9862374067306519,0.0,0.0,0.16532202064990997,-0.06826047724493506
774.023036686998,-945.1523561639585,0.0,9.753666500738563,0.9859793186187744,0.0,0.0,0.1668635904788971,0.9862201809883118,0.0,0.0,0.16542476415634155,-0.42434894198428524
775.0141791276865,-947.9880802477705,0.0,9.750644543632205,0.9859718084335327,0.0,0.0,0.1669084131717682,0.9862030148506165,0.0,0.0,0.16552703082561493,-0.06810785314865442
776.0057299977029,-950.8230633459654,0.0,9.74755844022856,0.9859664440155029,0.0,0.0,0.1669401228427887,0.9861859083175659,0.0,0.0,0.16562899947166443,-0.4241930781760203
776.9976878799456,-953.6573027629665,0.0,9.744429941370148,0.9859636425971985,0.0,0.0,0.16695663332939148,0.9861687421798706,0.0,0.0,0.16573117673397064,-0.06794984815580535
777.9900522410743,-956.4908026011839,0.0,9.74128079789949,0.9859638214111328,0.0,0.0,0.16695567965507507,0.9861518144607544,0.0,0.0,0.16583195328712463,-0.4240340305259871
778.9827429466125,-959.3236039536654,0.0,9.738132760659113,0.9859672784805298,0.0,0.0,0.16693539917469025,0.9861354231834412,0.0,0.0,0.1659296602010727,-0.06779085637598825
779.9755537177532,-962.1558023664193,0.0,9.735007580491542,0.9859743714332581,0.0,0.0,0.16689373552799225,0.9861197471618652,0.0,0.0,0.1660228669643402,-0.42387619314378655
780.9682696392169,-964.9875037695581,0.0,9.731927008239293,0.9859853982925415,0.0,0.0,0.1668286770582199,0.98610520362854,0.0,0.0,0.16610941290855408,-0.06763527191880392
781.9606784343276,-967.8188202541337,0.0,9.7289127947449,0.986000657081604,0.0,0.0,0.16673867404460907,0.9860921502113342,0.0,0.0,0.16618724167346954,-0.4237239601390193
782.9525704509872,-970.6498700836,0.0,9.72598669085088,0.9860202670097351,0.0,0.0,0.1666223555803299,0.9860808849334717,0.0,0.0,0.16625455021858215,-0.06748748889385336
783.9437386403465,-973.4807777083805,0.0,9.72317044739976,0.9860445261001587,0.0,0.0,0.16647841036319733,0.9860712885856628,0.0,0.0,0.16631156206130981,-0.423581725621286
784.9339785281841,-976.3116737835371,0.0,9.720485815234067,0.9860734939575195,0.0,0.0,0.1663057953119278,0.9860637187957764,0.0,0.0,0.16635669767856598,-0.0673519014107376
785.9230881790062,-979.1426951895307,0.0,9.717954545196312,0.9861074686050415,0.0,0.0,0.166103333234787,0.9860587120056152,0.0,0.0,0.1663869172334671,-0.4234538837001872
786.9108681528812,-981.9739850560748,0.0,9.715598388129033,0.9861465096473694,0.0,0.0,0.16587041318416595,0.9860562086105347,0.0,0.0,0.16640245914459229,-0.06723290357905681
787.8971214550122,-984.8056927890738,0.0,9.713439094874746,0.986190676689148,0.0,0.0,0.16560594737529755,0.986056387424469,0.0,0.0,0.16640183329582214,-0.42334482848532423
788.8816534780602,-987.6379741006484,0.0,9.71149841627598,0.986240029335022,0.0,0.0,0.16530977189540863,0.9860596656799316,0.0,0.0,0.1663828194141388,-0.06713488950841207
789.8642719372175,-990.4709910422426,0.0,9.709798103175256,0.9862946271896362,0.0,0.0,0.16498123109340668,0.9860659837722778,0.0,0.0,0.16634570062160492,-0.4232589540862978
790.8447867980343,-993.3049120408182,0.0,9.708359906415097,0.9863545894622803,0.0,0.0,0.164620041847229,0.9860755801200867,0.0,0.0,0.16628897190093994,-0.06706225330840404
791.8230109968702,-996.1399142596268,0.0,9.707213523691873,0.9864197373390198,0.0,0.0,0.16422611474990845,0.9860886335372925,0.0,0.0,0.1662118285894394,-0.42320105596896324
792.7988540128207,-998.9764563496403,0.0,9.707321648016348,0.9864901304244995,0.0,0.0,0.1637994796037674,0.98610520362854,0.0,0.0,0.1661134660243988,-0.06706771413287255
793.7725003472635,-1001.8158047946058,0.0,9.711443819287743,0.9865656495094299,0.0,0.0,0.163340225815773,0.9861254096031189,0.0,0.0,0.1659930944442749,-0.4234092464372154
794.7444238891558,-1004.6600916917572,0.0,9.722528159247082,0.9866462349891663,0.0,0.0,0.16284820437431335,0.9861493706703186,0.0,0.0,0.16585004329681396,-0.06762752928233418
795.7151998658612,-1007.5117812441938,0.0,9.741690006373998,0.9867318272590637,0.0,0.0,0.16232384741306305,0.9861773252487183,0.0,0.0,0.16568270325660706,-0.42437701649413034
796.6851523139183,-1010.3726400730566,0.0,9.766524566962346,0.9868223667144775,0.0,0.0,0.16176694631576538,0.9862093925476074,0.0,0.0,0.16548994183540344,-0.06888180001911942
797.6543172581654,-1013.2436185145173,0.0,9.794228052389494,0.9869176745414734,0.0,0.0,0.16117815673351288,0.9862455129623413,0.0,0.0,0.16527198255062103,-0.4257761824247944
798.6224469134526,-1016.1248481228924,0.0,9.821996674032837,0.9870178699493408,0.0,0.0,0.16055727005004883,0.986285924911499,0.0,0.0,0.16502779722213745,-0.07028425565767205
799.5890148768793,-1019.0156387464588,0.0,9.847026643269754,0.987122654914856,0.0,0.0,0.159904345870018,0.9863306879997253,0.0,0.0,0.16475652158260345,-0.42704032228524474
800.553222328515,-1021.9144751682915,0.0,9.866514171477625,0.9872320890426636,0.0,0.0,0.1592196673154831,0.9863799810409546,0.0,0.0,0.1644568145275116,-0.07126847425402927
801.5140052453993,-1024.819013311494,0.0,9.87765547003384,0.9873460531234741,0.0,0.0,0.1585032343864441,0.9864336848258972,0.0,0.0,0.1641290932893753,-0.4276030141315182
802.4700426146118,-1027.7260760176787,0.0,9.877646750315776,0.987464427947998,0.0,0.0,0.15775564312934875,0.9864919185638428,0.0,0.0,0.16377247869968414,-0.07126803386422809
803.4197656063484,-1030.6316484196009,0.0,9.863684223700819,0.9875869750976562,0.0,0.0,0.1569771021604538,0.9865546822547913,0.0,0.0,0.16338679194450378,-0.42689783601965164
804.3613676372388,-1033.5308729433223,0.0,9.832964101566356,0.9877136945724487,0.0,0.0,0.15616804361343384,0.9866220951080322,0.0,0.0,0.16297103464603424,-0.06971651254430572
805.292815217709,-1036.418043992246,0.0,9.782682595289753,0.9878442883491516,0.0,0.0,0.15532948076725006,0.9866939783096313,0.0,0.0,0.16252605617046356,-0.4243583660056818
806.2118594352487,-1039.2866023846193,0.0,9.710035916248419,0.9879786372184753,0.0,0.0,0.15446190536022186,0.9867703318595886,0.0,0.0,0.16205152869224548,-0.06604748835029894
807.1160478784159,-1042.1291296375762,0.0,9.612220275819721,0.988116443157196,0.0,0.0,0.15356671810150146,0.9868509769439697,0.0,0.0,0.1615479290485382,-0.4194181821456466
808.0027563800614,-1044.9374046041276,0.0,9.486642535418165,0.9882574081420898,0.0,0.0,0.15264499187469482,0.9869359135627747,0.0,0.0,0.16101518273353577,-0.05970517822900817
808.869749573004,-1047.7041575242035,0.0,9.336643586861749,0.9884012937545776,0.0,0.0,0.15169848501682281,0.9870250225067139,0.0,0.0,0.16045361757278442,-0.41184247767310034
809.7157809427317,-1050.4250363318743,0.0,9.17217498785856,0.9885477423667908,0.0,0.0,0.15072894096374512,0.9871178865432739,0.0,0.0,0.15986569225788116,-0.0513986833298572
810.5405945961119,-1053.0987248406636,0.0,9.003534768080165,0.9886964559555054,0.0,0.0,0.14973805844783783,0.9872145652770996,0.0,0.0,0.15925079584121704,-0.4033252948560097
811.344892609595,-1055.7269591339468,0.0,8.841020957198216,0.9888470768928528,0.0,0.0,0.14872759580612183,0.9873199462890625,0.0,0.0,0.1586107462644577,-0.04319091510349615
812.1302431880385,-1058.3143526736053,0.0,8.694287833417016,0.9889994859695435,0.0,0.0,0.14769870042800903,0.9874286651611328,0.0,0.0,0.15794527530670166,-0.39591453102867635
812.8983632881834,-1060.8661286207634,0.0,8.565328177406272,0.9891533255577087,0.0,0.0,0.14665259420871735,0.987540602684021,0.0,0.0,0.15725530683994293,-0.036677801163559565
813.6506642277423,-1063.386623139032,0.0,8.451106068228224,0.9893085956573486,0.0,0.0,0.14558927714824677,0.9876556396484375,0.0,0.0,0.1565420776605606,-0.39014573763584565
814.3882522643921,-1065.8792548749773,0.0,8.348497832769208,0.9894652962684631,0.0,0.0,0.14450815320014954,0.9877737164497375,0.0,0.0,0.15580540895462036,-0.031495567049467876
815.1119376296958,-1068.3465203596909,0.0,8.254379797915549,0.989623486995697,0.0,0.0,0.1434081345796585,0.9878947138786316,0.0,0.0,0.1550445854663849,-0.3853923015321255
815.8222440111908,-1070.7899892502185,0.0,8.165628290553636,0.9897927045822144,0.0,0.0,0.14228862524032593,0.9880186319351196,0.0,0.0,0.15426157414913177,-0.02701316768775508
816.5194184798248,-1073.210299407211,0.0,8.079119637569798,0.9899536967277527,0.0,0.0,0.14114433526992798,0.9881449937820435,0.0,0.0,0.15345698595046997,-0.38102317764405286
817.203441845827,-1075.6071518129615,0.0,7.991730165850371,0.9901265501976013,0.0,0.0,0.1399739384651184,0.988274097442627,0.0,0.0,0.15263038873672485,-0.022599558004955778
817.8740394054964,-1077.9793053445094,0.0,7.90033620228174,0.990301251411438,0.0,0.0,0.13877125084400177,0.9884052276611328,0.0,0.0,0.15178368985652924,-0.37640732089816237
818.5306920146277,-1080.3245714296834,0.0,7.801814073750237,0.9904787540435791,0.0,0.0,0.13753044605255127,0.9885388016700745,0.0,0.0,0.1509169191122055,-0.017623692927607182
819.172647391709,-1082.6398086295962,0.0,7.693040107142189,0.9906599521636963,0.0,0.0,0.13624458014965057,0.9886744022369385,0.0,0.0,0.15003053843975067,-0.37091368622098825
819.7989315159643,-1084.920917209075,0.0,7.570890629343989,0.9908459782600403,0.0,0.0,0.13490566611289978,0.9888119697570801,0.0,0.0,0.14912506937980652,-0.011454527382243507
820.4084036308055,-1087.1629953036486,0.0,7.432777141211489,0.9910379648208618,0.0,0.0,0.13350537419319153,0.9889510869979858,0.0,0.0,0.1482035219669342,-0.36393825752742764
821.000273248874,-1089.3622315331083,0.0,7.282388723117743,0.9912370443344116,0.0,0.0,0.13203345239162445,0.9890916347503662,0.0,0.0,0.14726613461971283,-0.003859152731044202
821.5744130862088,-1091.5171450664034,0.0,7.127491344787686,0.9914444088935852,0.0,0.0,0.13047869503498077,0.9892336130142212,0.0,0.0,0.14631317555904388,-0.3561151576117682
822.13133582175,-1093.6286203066238,0.0,6.975920140108728,0.9916614890098572,0.0,0.0,0.1288280338048935,0.9893764853477478,0.0,0.0,0.14534641802310944,0.003795958616377937
822.6721654395624,-1095.6999205164607,0.0,6.835510242968281,0.9918896555900574,0.0,0.0,0.1270669400691986,0.9895204305648804,0.0,0.0,0.1443668156862259,-0.349023748665281
823.1985111160963,-1097.7363204766723,0.0,6.712842563224688,0.9921305179595947,0.0,0.0,0.12517909705638885,0.9896650314331055,0.0,0.0,0.14337512850761414,0.009991295977165415
823.7118609395989,-1099.742827710263,0.0,6.606962376683627,0.9923856854438782,0.0,0.0,0.12314501404762268,0.9898110032081604,0.0,0.0,0.14236563444137573,-0.3436762644965405
824.2132269086808,-1101.7232834756674,0.0,6.5141137340865605,0.9926568865776062,0.0,0.0,0.12094362825155258,0.9899610280990601,0.0,0.0,0.14132103323936462,0.014680621360855628
824.7021125430851,-1103.6800262014085,0.0,6.430536013458016,0.9929454326629639,0.0,0.0,0.11855507642030716,0.9901168942451477,0.0,0.0,0.14022603631019592,-0.33945516749509885
825.1772167402029,-1105.6141025193247,0.0,6.3524685928224764,0.9932520389556885,0.0,0.0,0.11596110463142395,0.9902814626693726,0.0,0.0,0.1390601396560669,0.018623420382852585
825.6370735395211,-1107.525458136434,0.0,6.27615085020442,0.9935769438743591,0.0,0.0,0.11314579844474792,0.990456759929657,0.0,0.0,0.13780789077281952,-0.33560073604974244
826.0800735122137,-1109.4129341391665,0.0,6.197822163628374,0.9939199090003967,0.0,0.0,0.11009465903043747,0.9906443953514099,0.0,0.0,0.13645456731319427,0.022579414654370022
826.5044960469648,-1111.2742667379835,0.0,6.113721971357326,0.9942800402641296,0.0,0.0,0.106795534491539,0.9908456802368164,0.0,0.0,0.13498635590076447,-0.3313532515916087
826.908634451502,-1113.1064544050416,0.0,6.021282717565521,0.9946557879447937,0.0,0.0,0.10323840379714966,0.9910614490509033,0.0,0.0,0.13339412212371826,0.027248063835774328
827.2911080726994,-1114.907057262737,0.0,5.922190706726833,0.9950454235076904,0.0,0.0,0.09941427409648895,0.9912925362586975,0.0,0.0,0.13166610896587372,-0.3263486045795538
827.6509084814933,-1116.6744862918797,0.0,5.819079963147734,0.9954463839530945,0.0,0.0,0.09531690180301666,0.9915397763252258,0.0,0.0,0.12979236245155334,0.03245567714785008
827.9873667430645,-1118.4080006165639,0.0,5.714584511134715,0.9958556890487671,0.0,0.0,0.0909414142370224,0.9918031096458435,0.0,0.0,0.12776577472686768,-0.32107105649808826
828.3001117637488,-1120.1077018636713,0.0,5.611338374994248,0.9962701201438904,0.0,0.0,0.08628419786691666,0.9920824766159058,0.0,0.0,0.1255796104669571,0.03767012846807577
828.5890210094269,-1121.7745259632911,0.0,5.511975579032853,0.9966857433319092,0.0,0.0,0.08134280145168304,0.9923776388168335,0.0,0.0,0.12322577089071274,-0.316052733469735
828.8541647253276,-1123.4102327285025,0.0,5.419130147557008,0.9970986247062683,0.0,0.0,0.07611537724733353,0.9926882982254028,0.0,0.0,0.12069842964410782,0.04235929167392649
829.0957445321494,-1125.017393498936,0.0,5.335436104873186,0.9975042343139648,0.0,0.0,0.0706009641289711,0.993013858795166,0.0,0.0,0.11799106001853943,-0.3118257616170167
829.3140269359859,-1126.599377054456,0.0,5.263527475287907,0.9978979825973511,0.0,0.0,0.06479863077402115,0.9933533072471619,0.0,0.0,0.11509893089532852,0.04599104064288001
829.5092687737434,-1128.1603077053458,0.0,5.205950792008203,0.9982750415802002,0.0,0.0,0.058706462383270264,0.9937059879302979,0.0,0.0,0.11201367527246475,-0.30891784832006197
829.6815580879878,-1129.7042435783571,0.0,5.162558171504825,0.9986299872398376,0.0,0.0,0.0523223914206028,0.9940707683563232,0.0,0.0,0.10872946679592133,0.048182587132949595
829.8307080520376,-1131.2342346466085,0.0,5.130063082312195,0.9989575743675232,0.0,0.0,0.04564398527145386,0.994446337223053,0.0,0.0,0.10523907095193863,-0.30727668219922205
829.95630311052,-1132.7522773555013,0.0,5.105002006466105,0.9992519021034241,0.0,0.0,0.03866927698254585,0.994831383228302,0.0,0.0,0.1015351340174675,0.04944829803426726
830.0577616606689,-1134.25932529992,0.0,5.083911426002353,0.9995068907737732,0.0,0.0,0.03139596804976463,0.9952241778373718,0.0,0.0,0.0976107269525528,-0.3062115013677194
830.134407776009,-1135.7553026906685,0.0,5.063327873010625,0.9997161626815796,0.0,0.0,0.023822102695703506,0.9956226348876953,0.0,0.0,0.09345897287130356,0.050487871417687846
830.1855573033293,-1137.2393256364435,0.0,5.040485720777765,0.9998727440834045,0.0,0.0,0.015947813168168068,0.9960247278213501,0.0,0.0,0.0890723168849945,-0.30505785731555474
830.2105949991434,-1138.7104349308977,0.0,5.015070985744456,0.9999697208404541,0.0,0.0,0.007773949299007654,0.996427595615387,0.0,0.0,0.08444739878177643,0.051771443894117586
830.2089847800936,-1140.1677558282963,0.0,4.987307782247814,0.9999997019767761,0.0,0.0,-0.0006968174129724503,0.9968283176422119,0.0,0.0,0.07957754284143448,-0.3036556753207748
830.1802672224476,-1141.6104978341227,0.0,4.957420224624945,0.9999551773071289,0.0,0.0,-0.009460659697651863,0.9972236752510071,0.0,0.0,0.07445928454399109,0.05328091650133315
830.1240563433098,-1143.0379542830506,0.0,4.92563242721295,0.9998286366462708,0.0,0.0,-0.018513178452849388,0.9976100921630859,0.0,0.0,0.0690888836979866,-0.30205023100703765
830.040035696301,-1144.4495017124182,0.0,4.892168504348944,0.9996122717857361,0.0,0.0,-0.02784670516848564,0.9979836940765381,0.0,0.0,0.06346415728330612,0.054971013615676856
829.9279538171534,-1145.8445990402888,0.0,4.857252570370033,0.9992984533309937,0.0,0.0,-0.03745346516370773,0.998340368270874,0.0,0.0,0.057582009583711624,-0.30028679999800173
829.787619056687,-1147.222786557916,0.0,4.821108739613318,0.9988797903060913,0.0,0.0,-0.047322068363428116,0.9986757636070251,0.0,0.0,0.051441241055727005,0.05679645961349075
829.6188938399263,-1148.583684746943,0.0,4.783961126415916,0.9983490705490112,0.0,0.0,-0.05744030326604843,0.9989848136901855,0.0,0.0,0.045042652636766434,-0.29841065791732485
829.4216883907831,-1149.9269929320117,0.0,4.7460338451149315,0.9976995587348938,0.0,0.0,-0.06779163330793381,0.999262809753418,0.0,0.0,0.03838537260890007,0.05871197887111618
829.1959539616904,-1151.2524877795993,0.0,4.707551010047465,0.9969253540039062,0.0,0.0,-0.07835739850997925,0.9995044469833374,0.0,0.0,0.031472112983465195,-0.29646708038866487
828.9416756069236,-1152.5600216538382,0.0,4.668736735550633,0.9960212707519531,0.0,0.0,-0.08911611884832382,0.9997044205665588,0.0,0.0,0.024304579943418503,0.06067229576489555
828.6588645370408,-1153.8495208398626,0.0,4.629815135961543,0.9949829578399658,0.0,0.0,-0.10004401206970215,0.9998573064804077,0.0,0.0,0.01688414253294468,-0.29450134303568054
828.3475500899908,-1155.120983644809,0.0,4.59101032561729,0.9938076734542847,0.0,0.0,-0.11111298203468323,0.9999573230743408,0.0,0.0,0.009217346087098122,0.06263213467117093
828.0077713519488,-1156.3744783860204,0.0,4.552546418854998,0.9924939274787903,0.0,0.0,-0.12229277193546295,0.9999989867210388,0.0,0.0,0.0013081729412078857,-0.29255872148202944
827.6395684579072,-1157.6101412752794,0.0,4.514647530011767,0.9910418391227722,0.0,0.0,-0.13355082273483276,0.9999764561653137,0.0,0.0,-0.0068364269100129604,0.06454621996628362
827.2429735984676,-1158.8281742069812,0.0,4.477537773424698,0.9894531965255737,0.0,0.0,-0.14485199749469757,0.9998841881752014,0.0,0.0,-0.015209957957267761,-0.2906844913513694
826.8180017551892,-1160.0288424571247,0.0,4.44144126343091,0.9877317547798157,0.0,0.0,-0.15615971386432648,0.9997164011001587,0.0,0.0,-0.023806188255548477,0.066369276026576
826.3646411822635,-1161.212472298812,0.0,4.4065821143675095,0.9858830571174622,0.0,0.0,-0.16743510961532593,0.9994678497314453,0.0,0.0,-0.03261473402380943,-0.2889239282673593
825.8828436472239,-1162.379448538609,0.0,4.37318444057159,0.9839147925376892,0.0,0.0,-0.1786380410194397,0.9991329908370972,0.0,0.0,-0.04162788763642311,0.0680560272283901
825.3725144378899,-1163.5302119766764,0.0,4.341472356380277,0.98183673620224,0.0,0.0,-0.18972736597061157,0.9987069368362427,0.0,0.0,-0.05083491653203964,-0.2873223078536566
824.8335021367902,-1164.6652567919768,0.0,4.311669976130669,0.9796605110168457,0.0,0.0,-0.20066198706626892,0.9981845617294312,0.0,0.0,-0.06022738665342331,0.06956119794806725
824.2655881579443,-1165.7851278521744,0.0,4.284001414159868,0.9773997664451599,0.0,0.0,-0.2113993614912033,0.9975614547729492,0.0,0.0,-0.06979198008775711,-0.28592490573391915
823.6684780372541,-1166.8904143504014,0.0,4.258676880297888,0.9750697612762451,0.0,0.0,-0.22189787030220032,0.9968338012695312,0.0,0.0,-0.07951183617115021,0.07084021480978339
823.0418479767903,-1167.9817115540943,0.0,4.235735458372373,0.9726879596710205,0.0,0.0,-0.2321159988641739,0.9960001707077026,0.0,0.0,-0.08935008198022842,-0.28476624806091333
822.3862426468266,-1169.0598294317645,0.0,4.215101150385357,0.9702721834182739,0.0,0.0,-0.24201573431491852,0.9950612187385559,0.0,0.0,-0.09926216304302216,0.07188235157680439
821.7031775960928,-1170.1258195668445,0.0,4.196695818748437,0.9678400754928589,0.0,0.0,-0.2515656054019928,0.994019627571106,0.0,0.0,-0.10920010507106781,-0.2838366858570285
820.9941352577046,-1171.1807032839504,0.0,4.180441325873203,0.9654086828231812,0.0,0.0,-0.26074084639549255,0.9928790330886841,0.0,0.0,-0.11912594735622406,0.07270328556040206
820.2605179047581,-1172.2254587671923,0.0,4.166259534171239,0.9629941582679749,0.0,0.0,-0.2695215940475464,0.991644024848938,0.0,0.0,-0.12900310754776,-0.2831204337508687
819.5036582344753,-1173.2610237820634,0.0,4.154072306054143,0.9606120586395264,0.0,0.0,-0.27789250016212463,0.9903208017349243,0.0,0.0,-0.13879714906215668,0.07331880213197262
818.7248293125145,-1174.2882982309188,0.0,4.143801503933501,0.9582767486572266,0.0,0.0,-0.2858416438102722,0.9889154434204102,0.0,0.0,-0.14847958087921143,-0.2826017063710383
817.9252539184198,-1175.3081465526323,0.0,4.135368990220905,0.9560018181800842,0.0,0.0,-0.2933603525161743,0.9874352216720581,0.0,0.0,-0.15802434086799622,0.07374468666291184
817.1061133290169,-1176.3213999759541,0.0,4.128696627327946,0.9537997245788574,0.0,0.0,-0.30044305324554443,0.9858880639076233,0.0,0.0,-0.1674053817987442,-0.2822647183461414
816.2685555726587,-1177.3288586350636,0.0,4.123706277666213,0.9516817927360535,0.0,0.0,-0.3070855438709259,0.9842820763587952,0.0,0.0,-0.1766028255224228,0.07399672452461553
815.4137031835284,-1178.3312935548404,0.0,4.120319803647298,0.9496588110923767,0.0,0.0,-0.3132855296134949,0.9826257824897766,0.0,0.0,-0.1855975240468979,-0.2820936843047821
814.542660481732,-1179.3294485124813,0.0,4.11845906768279,0.947740375995636,0.0,0.0,-0.3190423250198364,0.9809276461601257,0.0,0.0,-0.19437263906002045,0.0740907010884796
813.6565204016489,-1180.3240417812303,0.0,4.118045932184282,0.9459353685379028,0.0,0.0,-0.3243550956249237,0.9791971445083618,0.0,0.0,-0.20291076600551605,-0.28207281887556457
812.756370887924,-1181.3157677611903,0.0,4.119002259563362,0.9442518353462219,0.0,0.0,-0.3292240500450134,0.9774428009986877,0.0,0.0,-0.21119984984397888,0.07404240172589985
811.8433008755947,-1182.3052985014226,0.0,4.1212499122316215,0.9426970481872559,0.0,0.0,-0.33364951610565186,0.9756733179092407,0.0,0.0,-0.21922898292541504,-0.2821863366870928
810.918405868132,-1183.2932851168496,0.0,4.1247107526006515,0.941277801990509,0.0,0.0,-0.33763259649276733,0.9738976955413818,0.0,0.0,-0.2269870489835739,0.07386761180827203
809.9827931246364,-1184.2803591028012,0.0,4.129306643082044,0.9400001764297485,0.0,0.0,-0.34117355942726135,0.9721246957778931,0.0,0.0,-0.23446400463581085,-0.28241845236797125
809.0375864650363,-1185.2671335494217,0.0,4.134959446087384,0.9388697743415833,0.0,0.0,-0.3442724645137787,0.9703634977340698,0.0,0.0,-0.24164937436580658,0.07358211670699227
808.0839306999316,-1186.254204257598,0.0,4.141591024028267,0.93789142370224,0.0,0.0,-0.34692874550819397,0.9686223268508911,0.0,0.0,-0.24853676557540894,-0.28275338054680377
807.122995689667,-1187.242150757513,0.0,4.1491232393162845,0.9370696544647217,0.0,0.0,-0.34914231300354004,0.9669091105461121,0.0,0.0,-0.25512054562568665,0.07320170179345609
806.1559800352898,-1188.2315372304477,0.0,4.1574779543630225,0.9364086389541626,0.0,0.0,-0.350911408662796,0.9652327299118042,0.0,0.0,-0.2613913416862488,-0.28317533585219457
805.1841144023207,-1189.22291333399,0.0,4.166577031580075,0.9359039664268494,0.0,0.0,-0.35222968459129333,0.963600218296051,0.0,0.0,-0.2673465311527252,0.07274215243905949
804.2086644766359,-1190.216814930404,0.0,4.176342333379032,0.9355730414390564,0.0,0.0,-0.35309910774230957,0.9620206952095032,0.0,0.0,-0.2729758620262146,-0.28366853291274796
803.2309335503153,-1191.213764717529,0.0,4.186695722171482,0.9354166388511658,0.0,0.0,-0.353514164686203,0.9605007171630859,0.0,0.0,-0.27827709913253784,0.07221925401519838
802.2522647339971,-1192.2142727612309,0.0,4.1975590603690165,0.9354352355003357,0.0,0.0,-0.3534681797027588,0.9590480327606201,0.0,0.0,-0.28324320912361145,-0.28421718635706794
801.274042791115,-1193.218836928164,0.0,4.208854210383228,0.9356290102005005,0.0,0.0,-0.35295408964157104,0.9576694369316101,0.0,0.0,-0.28786981105804443,0.07164879189326856
800.2976955883935,-1194.2279432172922,0.0,4.220503034625705,0.9359981417655945,0.0,0.0,-0.35196274518966675,0.9563723206520081,0.0,0.0,-0.29215049743652344,-0.2848055108137587
799.3246951561027,-1195.242065988449,0.0,4.232427395508039,0.9365533590316772,0.0,0.0,-0.3504907190799713,0.9551631212234497,0.0,0.0,-0.2960798740386963,0.07104655144466582
798.3565583508695,-1196.2616680859915,0.0,4.244549155441819,0.9372882843017578,0.0,0.0,-0.3485272526741028,0.9540483355522156,0.0,0.0,-0.299652636051178,-0.28541772091142437
797.3948471132871,-1197.2872008555005,0.0,4.256790176838638,0.9382025599479675,0.0,0.0,-0.3460638225078583,0.9530349969863892,0.0,0.0,-0.30285999178886414,0.07042831804078611
796.4411683121564,-1198.319104051356,0.0,4.269072322110084,0.9392945170402527,0.0,0.0,-0.3430931866168976,0.9521288871765137,0.0,0.0,-0.30569642782211304,-0.2860380312786691
795.4971731669496,-1199.357805632961,0.0,4.281317453667748,0.9405612945556641,0.0,0.0,-0.3396085798740387,0.9513363242149353,0.0,0.0,-0.308154433965683,0.06980987705302527
794.564556240002,-1200.4037214473922,0.0,4.293447433923225,0.9419985413551331,0.0,0.0,-0.33560436964035034,0.9506632685661316,0.0,0.0,-0.31022459268569946,-0.28665065654409727
793.6450539900104,-1201.457254796249,0.0,4.305384125288098,0.9436004161834717,0.0,0.0,-0.33107617497444153,0.9501149654388428,0.0,0.0,-0.3118996024131775,0.06920701385277919
792.7404428786481,-1202.5187958845688,0.0,4.3170493901739615,0.945359468460083,0.0,0.0,-0.32602131366729736,0.9496970176696777,0.0,0.0,-0.31316983699798584,-0.2872398113363126
791.8525370225339,-1203.588721149779,0.0,4.328365090992409,0.9472662210464478,0.0,0.0,-0.3204406797885895,0.9494138360023499,0.0,0.0,-0.3140270709991455,0.06863551381144348
790.9831853833277,-1204.6673924688143,0.0,4.339253090155026,0.9493094682693481,0.0,0.0,-0.31433722376823425,0.9492693543434143,0.0,0.0,-0.31445741653442383,-0.28778971028391953
790.1342684895075,-1205.7551562417223,0.0,4.349635250073405,0.9514761567115784,0.0,0.0,-0.30771756172180176,0.9492716193199158,0.0,0.0,-0.3144509196281433,0.06811116230041425
789.3076946842742,-1206.852342350351,0.0,4.359433433159136,0.9537513852119446,0.0,0.0,-0.3005925714969635,0.9494206309318542,0.0,0.0,-0.3139939308166504,-0.28828456801552216
788.5053958951188,-1207.9592629909719,0.0,4.368569501823812,0.9561183452606201,0.0,0.0,-0.2929774224758148,0.9497242569923401,0.0,0.0,-0.3130756914615631,0.06764974469108723
787.7293229218684,-1209.0762113800604,0.0,4.3769653184790185,0.9585589170455933,0.0,0.0,-0.2848912477493286,0.9501833915710449,0.0,0.0,-0.31168052554130554,-0.2887085991597245
786.981440241447,-1210.2034603328234,0.0,4.384542745536352,0.9610532522201538,0.0,0.0,-0.27636078000068665,0.9508002400398254,0.0,0.0,-0.30979475378990173,0.06726704635485825
786.2637203292206,-1211.3412607145062,0.0,4.391223645407398,0.9635804295539856,0.0,0.0,-0.2674165368080139,0.9515759348869324,0.0,0.0,-0.3074048161506653,-0.2890460183451309
785.578134606063,-1212.489844755688,0.0,4.3969489061617555,0.9661189317703247,0.0,0.0,-0.2580953538417816,0.9525090456008911,0.0,0.0,-0.30450204014778137,0.06697789177130484
784.9265826326316,-1213.649439088971,0.0,4.401773788330123,0.9686466455459595,0.0,0.0,-0.24844080209732056,0.953590989112854,0.0,0.0,-0.3010970652103424,-0.2892896992627252
784.3098635863486,-1214.8199462701896,0.0,4.405796089825726,0.9711427688598633,0.0,0.0,-0.23849768936634064,0.9548074007034302,0.0,0.0,-0.2972179353237152,0.06677474523112287
783.7276963426402,-1216.000951294891,0.0,4.409113679766975,0.9735885858535767,0.0,0.0,-0.22830849885940552,0.9561444520950317,0.0,0.0,-0.29288873076438904,-0.289457254310263
783.1797200247337,-1217.1920443670463,0.0,4.411824427272272,0.9759678840637207,0.0,0.0,-0.21791328489780426,0.9575878381729126,0.0,0.0,-0.2881350815296173,0.06663783879146137
782.6655418695008,-1218.3928362893603,0.0,4.414026201460018,0.9782668352127075,0.0,0.0,-0.20734919607639313,0.9591235518455505,0.0,0.0,-0.2829817831516266,-0.28956845502681583
782.1847415993955,-1219.6029597880886,0.0,4.415816871448622,0.9804732203483582,0.0,0.0,-0.19665192067623138,0.9607375264167786,0.0,0.0,-0.27745333313941956,0.06654740091324907
781.7368756346453,-1220.8220707522876,0.0,4.4172943063564825,0.9825771450996399,0.0,0.0,-0.18585442006587982,0.9624161720275879,0.0,0.0,-0.27157357335090637,-0.28964307295145525
781.3214811423861,-1222.0498493864047,0.0,4.418556375302007,0.9845705032348633,0.0,0.0,-0.1749875396490097,0.9641461372375488,0.0,0.0,-0.26536664366722107,0.06648366005741452
780.9380799202604,-1223.2860012753838,0.0,4.419700947403597,0.9864467978477478,0.0,0.0,-0.16408032178878784,0.965914249420166,0.0,0.0,-0.2588571310043335,-0.28970087962325275
780.5861821127677,-1224.5302583617372,0.0,4.420825891779658,0.988201379776001,0.0,0.0,-0.15315933525562286,0.9677085876464844,0.0,0.0,-0.25206661224365234,0.06642684468488622
780.2652897593266,-1225.7823798341967,0.0,4.422029077548592,0.989830732345581,0.0,0.0,-0.14224952459335327,0.9695174694061279,0.0,0.0,-0.24501749873161316,-0.28976164658127973
779.9749001736125,-1227.0421529277783,0.0,4.423408373828803,0.9913328289985657,0.0,0.0,-0.1313735395669937,0.9713295102119446,0.0,0.0,-0.23773299157619476,0.06635718325659273
779.7145091542576,-1228.3093936351552,0.0,4.425061649738697,0.9927068948745728,0.0,0.0,-0.120552197098732,0.9731345176696777,0.0,0.0,-0.23023340106010437,-0.2898451453646077
779.4836140274392,-1229.583947329367,0.0,4.427086774396674,0.9939531087875366,0.0,0.0,-0.10980474203824997,0.9749227166175842,0.0,0.0,-0.2225402295589447,0.06625490423346259
779.2817165222381,-1230.8656892979027,0.0,4.429581616921141,0.9950725436210632,0.0,0.0,-0.09914860129356384,0.9766851663589478,0.0,0.0,-0.21467378735542297,-0.28997114751230807
779.1083254799397,-1232.154525188197,0.0,4.432644046430501,0.9960672855377197,0.0,0.0,-0.08859922736883163,0.9784138798713684,0.0,0.0,-0.20665252208709717,0.06610023607642418
778.9629593986433,-1233.450391364546,0.0,4.436371932043158,0.9969398379325867,0.0,0.0,-0.07817042618989944,0.9801011085510254,0.0,0.0,-0.19849611818790436,-0.29015942456345234
778.8451488146674,-1234.7532551763506,0.0,4.440863142877512,0.997693657875061,0.0,0.0,-0.06787510216236115,0.9817405939102173,0.0,0.0,-0.1902221441268921,0.06587340724640628
778.7544385223501,-1236.0631151361586,0.0,4.446215543602411,0.9983324408531189,0.0,0.0,-0.05772405117750168,0.9833260178565979,0.0,0.0,-0.18184883892536163,-0.2904297478323866
778.6903897997909,-1237.3799966911,0.0,4.452512424780437,0.9988602995872498,0.0,0.0,-0.04772700369358063,0.9848525524139404,0.0,0.0,-0.17339085042476654,0.06555538294448576
778.6525821442671,-1238.7039381674608,0.0,4.459790076336157,0.9992817640304565,0.0,0.0,-0.03789227455854416,0.9863153100013733,0.0,0.0,-0.16486705839633942,-0.29079730599176645
778.640613260487,-1240.0349875559446,0.0,4.468075331535025,0.9996014833450317,0.0,0.0,-0.02822689898312092,0.9877105355262756,0.0,0.0,-0.15629133582115173,0.06513693571221976
778.6540987262155,-1241.3732020375999,0.0,4.477395023642503,0.9998243451118469,0.0,0.0,-0.018737509846687317,0.9890351891517639,0.0,0.0,-0.14767798781394958,-0.2912679975123461
778.6926716141918,-1242.7186474809068,0.0,4.48777598592405,0.999955415725708,0.0,0.0,-0.009428855031728745,0.9902864098548889,0.0,0.0,-0.13904006779193878,0.06461264468789915
778.7559820688749,-1244.0713979087986,0.0,4.499245051645131,0.9999998211860657,0.0,0.0,-0.0003050975501537323,0.9914623498916626,0.0,0.0,-0.13039103150367737,-0.29184724325583505
778.8436968363474,-1245.4315349343415,0.0,4.511829054071199,0.9999626278877258,0.0,0.0,0.008629921823740005,0.9925611615180969,0.0,0.0,-0.12174420803785324,0.06397708900981491
778.9554987455081,-1246.799147163616,0.0,4.525554826467718,0.9998489618301392,0.0,0.0,0.017373399809002876,0.9935824871063232,0.0,0.0,-0.11310776323080063,-0.2925404640839421
779.0910861384567,-1248.1743295642718,0.0,4.540449202100149,0.9996639490127563,0.0,0.0,0.025922253727912903,0.9945251941680908,0.0,0.0,-0.10449404269456863,0.06322484781625781
779.2501722477501,-1249.5571827980498,0.0,4.556539014233949,0.999412477016449,0.0,0.0,0.034273698925971985,0.9953891038894653,0.0,0.0,-0.09591599553823471,-0.2933530808583764
779.4324845179563,-1250.9478125154576,0.0,4.573851096134578,0.9990995526313782,0.0,0.0,0.04242566227912903,0.9961748719215393,0.0,0.0,-0.08737950772047043,0.06235050024551894
779.6377638686939,-1252.3463286106348,0.0,4.5924122810675,0.9987303018569946,0.0,0.0,0.050375547260046005,0.9968827962875366,0.0,0.0,-0.07889451086521149,-0.2942905144408472
779.8657638960648,-1253.7528444342881,0.0,4.612249402298171,0.9983094930648804,0.0,0.0,0.058120351284742355,0.9975137710571289,0.0,0.0,-0.07046935707330704,0.06134862543588909
780.1162500091089,-1255.1674759624218,0.0,4.633389293092053,0.997842013835907,0.0,0.0,0.06565821170806885,0.9980689883232117,0.0,0.0,-0.06211158260703087,-0.2953581856930635
780.3889984976244,-1256.5903409184282,0.0,4.655858786714608,0.9973328113555908,0.0,0.0,0.07298536598682404,0.9985499978065491,0.0,0.0,-0.053827036172151566,0.06021380252565903
780.6837955273736,-1258.0215578459276,0.0,4.679684716431291,0.9967867732048035,0.0,0.0,0.08009842783212662,0.99895840883255,0.0,0.0,-0.04562288522720337,-0.29656151547673437
781.0004360583798,-1259.4612451295613,0.0,4.704893915507565,0.9962087869644165,0.0,0.0,0.08699360489845276,0.9992961287498474,0.0,0.0,-0.037505362182855606,0.05894061065311998
781.3387226809091,-1260.9095199575454,0.0,4.731513206671716,0.9956035614013672,0.0,0.0,0.09366662800312042,0.999565064907074,0.0,0.0,-0.02947971224784851,-0.29790592412138844
781.6984622204135,-1262.3664887663817,0.0,4.75954176562865,0.9949760437011719,0.0,0.0,0.10011203587055206,0.9997674822807312,0.0,0.0,-0.02155037596821785,0.05752502686741626
782.0794567136536,-1263.8322192896958,0.0,4.788891164760342,0.9943313002586365,0.0,0.0,0.10632467269897461,0.9999056458473206,0.0,0.0,-0.013722820207476616,-0.29938821700682744
782.4814983304507,-1265.306734153607,0.0,4.819455665934019,0.9936745166778564,0.0,0.0,0.11229747533798218,0.9999817609786987,0.0,0.0,-0.006000040099024773,0.05598136519197802
782.9043655485153,-1266.7900098464477,0.0,4.8511295310168965,0.9930106401443481,0.0,0.0,0.11802396178245544,0.9999984502792358,0.0,0.0,0.001613866537809372,-0.3009879071625283
783.3478194555064,-1268.281975770173,0.0,4.883807021876206,0.9923449754714966,0.0,0.0,0.1234956905245781,0.9999582171440125,0.0,0.0,0.009113950654864311,0.054330986865750275
783.8115949634165,-1269.7825186074504,0.0,4.917382400379177,0.9916829466819763,0.0,0.0,0.12870396673679352,0.9998638033866882,0.0,0.0,0.016492240130901337,-0.30268363334954707
784.2952241454997,-1271.2916551733108,0.0,4.951749928393026,0.9910299181938171,0.0,0.0,0.13363978266716003,0.9997180104255676,0.0,0.0,0.023738758638501167,0.0525952531276771
784.7979841386713,-1272.8095806541728,0.0,4.986803867784983,0.9903910160064697,0.0,0.0,0.13829459249973297,0.9995241165161133,0.0,0.0,0.030841495841741562,-0.3044540343289388
785.3190902357388,-1274.3364713478227,0.0,5.022438480422278,0.9897716641426086,0.0,0.0,0.14266030490398407,0.9992854595184326,0.0,0.0,0.037791069597005844,0.05079552521670255
785.8577050439839,-1275.8724720170683,0.0,5.058548028172125,0.9891766905784607,0.0,0.0,0.1467284858226776,0.9990056157112122,0.0,0.0,0.044578224420547485,-0.30627774886175935
786.4129350496419,-1277.4176961428252,0.0,5.095026772901757,0.988611102104187,0.0,0.0,0.1504918932914734,0.9986884593963623,0.0,0.0,0.05119235813617706,0.04895316437177166
786.9838274815149,-1278.9722261700992,0.0,5.131768976478395,0.9880795478820801,0.0,0.0,0.1539430320262909,0.9983379244804382,0.0,0.0,0.05762502923607826,-0.30813341570906433
787.5693674912076,-1280.53611374635,0.0,5.168668900769278,0.9875865578651428,0.0,0.0,0.1570744812488556,0.9979581236839294,0.0,0.0,0.06386706978082657,0.04708953183182807
788.1684756683838,-1282.109379951669,0.0,5.205620807641612,0.9871364235877991,0.0,0.0,0.15987920761108398,0.9975528120994568,0.0,0.0,0.06991241127252579,-0.30999967363190944
788.7800059101887,-1283.6920155201387,0.0,5.242518958962631,0.9867331981658936,0.0,0.0,0.1623494029045105,0.997126579284668,0.0,0.0,0.07574932277202606,0.04522598883581702
789.4027436645687,-1285.2839810517355,0.0,5.279257616599565,0.9863807559013367,0.0,0.0,0.16447733342647552,0.9966837167739868,0.0,0.0,0.08136938512325287,-0.31185516139135055
790.0354045676403,-1286.885207214064,0.0,5.31573104241963,0.9860824346542358,0.0,0.0,0.16625604033470154,0.9962283968925476,0.0,0.0,0.08676739037036896,0.04338389662268238
790.6766334955042,-1288.495594933212,0.0,5.351833498290056,0.9858418703079224,0.0,0.0,0.1676763892173767,0.9957650303840637,0.0,0.0,0.09193265438079834,-0.3136785177484428
791.3250040509528,-1290.1150155729672,0.0,5.387459246078074,0.9856568574905396,0.0,0.0,0.1687297523021698,0.9952981472015381,0.0,0.0,0.0968569964170456,0.04158461643136835
791.979018505411,-1291.7433111016383,0.0,5.422502547650899,0.9855387210845947,0.0,0.0,0.16940875351428986,0.9948318004608154,0.0,0.0,0.10153432935476303,-0.31544838146424203
792.6371082161164,-1293.3802942457014,0.0,5.456857664875758,0.98548823595047,0.0,0.0,0.169703871011734,0.9943706393241882,0.0,0.0,0.10595635324716568,0.039849509500819946
793.2976345380431,-1295.025748629493,0.0,5.490418859619887,0.9855058193206787,0.0,0.0,0.16960559785366058,0.9939186573028564,0.0,0.0,0.11011513322591782,-0.3171433912998041
793.9588918082225,-1296.679432809443,0.0,5.523093456261607,0.9855915307998657,0.0,0.0,0.16910336911678314,0.9934802651405334,0.0,0.0,0.11400295048952103,0.03819927734719769
794.6191172112487,-1298.3411005191504,0.0,5.554856180755928,0.9857451319694519,0.0,0.0,0.16818618774414062,0.9930597543716431,0.0,0.0,0.11761011928319931,-0.31874756930456777
795.2764952523204,-1300.0105071338426,0.0,5.585703435571543,0.9859750866889954,0.0,0.0,0.1668441891670227,0.9926608204841614,0.0,0.0,0.1209305003285408,0.0366413351847929
795.9291597168154,-1301.6874096282527,0.0,5.615631633459333,0.9862760305404663,0.0,0.0,0.165065199136734,0.9922876954078674,0.0,0.0,0.12395498156547546,-0.3202590944504158
796.5751957276518,-1303.3715665276852,0.0,5.644637187170193,0.9866476655006409,0.0,0.0,0.16283710300922394,0.9919441938400269,0.0,0.0,0.12667487561702728,0.035176408229698974
797.212641899976,-1305.062737855399,0.0,5.672716509455022,0.987088680267334,0.0,0.0,0.16014808416366577,0.9916340112686157,0.0,0.0,0.1290808767080307,-0.32167724204055864
797.8394925913785,-1306.7606850763714,0.0,5.699866013064697,0.9875971674919128,0.0,0.0,0.15698687732219696,0.9913604259490967,0.0,0.0,0.13116513192653656,0.03380522117870527
798.453700245726,-1308.4651710374937,0.0,5.7260821107501165,0.9881700873374939,0.0,0.0,0.1533428281545639,0.991127073764801,0.0,0.0,0.13291645050048828,-0.32300128737820605
799.0531778285899,-1310.1759599042641,0.0,5.751361215262177,0.9888035655021667,0.0,0.0,0.14920668303966522,0.9909370541572571,0.0,0.0,0.13432635366916656,0.032528498728601196
799.6358013521467,-1311.892817094041,0.0,5.775699739351758,0.9894925355911255,0.0,0.0,0.14457029104232788,0.990792989730835,0.0,0.0,0.13538429141044617,-0.32423050576656876
800.1994124873197,-1313.6155092059314,0.0,5.799094095769754,0.9902304410934448,0.0,0.0,0.1394287645816803,0.9906929731369019,0.0,0.0,0.13607947528362274,0.031346965576177166
800.741821260822,-1315.3438039473779,0.0,5.821540697267064,0.9910099506378174,0.0,0.0,0.13377825915813446,0.9906476736068726,0.0,0.0,0.13640281558036804,-0.3253641725088572
801.2608088346625,-1317.0774700575307,0.0,5.843035956594569,0.9918220639228821,0.0,0.0,0.12761886417865753,0.9906560778617859,0.0,0.0,0.13634327054023743,0.030261346418222368
801.7541303655701,-1318.8162772274816,0.0,5.863576286503164,0.9926571846008301,0.0,0.0,0.12095322459936142,0.9907167553901672,0.0,0.0,0.135888934135437,-0.3264015629082812
802.2195179416849,-1320.5599960174288,0.0,5.883158099743745,0.9935041666030884,0.0,0.0,0.11378803104162216,0.9908350110054016,0.0,0.0,0.13502955436706543,0.029272365951526436
802.654683593779,-1322.3083977708918,0.0,5.901777809067192,0.9943510890007019,0.0,0.0,0.1061345562338829,0.9910089373588562,0.0,0.0,0.13375112414360046,-0.3273419522680513
803.0573223781494,-1324.0612545260267,0.0,5.919431827224403,0.9951851963996887,0.0,0.0,0.09800730645656586,0.9912382364273071,0.0,0.0,0.13204537332057953,0.028380748872879447
803.4251155282418,-1325.818338924168,0.0,5.936116566966271,0.9959931373596191,0.0,0.0,0.08942572772502899,0.9915223717689514,0.0,0.0,0.12989839911460876,-0.328184615891378
803.7557336719661,-1327.5794241156757,0.0,5.951828441043682,0.9967613220214844,0.0,0.0,0.08041419833898544,0.9918599128723145,0.0,0.0,0.12729842960834503,0.027587219879070812
804.0468401115568,-1329.344283663186,0.0,5.966563862207529,0.9974760413169861,0.0,0.0,0.07100138813257217,0.99224853515625,0.0,0.0,0.1242353618144989,-0.32892882908147125
804.2960941627543,-1331.1126914423871,0.0,5.9803192432087044,0.9981240630149841,0.0,0.0,0.061221349984407425,0.9926854372024536,0.0,0.0,0.12069844454526901,0.026892503666890222
804.5011545499757,-1332.8844215404024,0.0,5.993090996798097,0.9986927509307861,0.0,0.0,0.05111228674650192,0.9931665062904358,0.0,0.0,0.11667599529027939,-0.3295738671415416
804.6596829304924,-1334.6592491614078,0.0,6.0048789515600545,0.9991705417633057,0.0,0.0,0.04071766510605812,0.9936864376068115,0.0,0.0,0.11216416209936142,0.02629715241628633
804.769362261354,-1336.4369574425848,0.0,6.015715523537977,0.9995471835136414,0.0,0.0,0.03008422441780567,0.9942368865013123,0.0,0.0,0.10717832297086716,-0.3301211687565882
804.8289200883568,-1338.2171527957157,0.0,6.025651201139378,0.9998142719268799,0.0,0.0,0.019260119646787643,0.9948075413703918,0.0,0.0,0.1017480343580246,0.025795350517225646
804.838812076722,-1339.9991379436526,0.0,6.034736665369001,0.999965488910675,0.0,0.0,0.008289650082588196,0.9953879117965698,0.0,0.0,0.09590642154216766,-0.3305800305863671
804.7996869964117,-1341.7821973680427,0.0,6.04302259723158,0.9999960064888,0.0,0.0,-0.002786835189908743,0.9959680438041687,0.0,0.0,0.08968468010425568,0.02537686911002468
804.7122254766383,-1343.565627283756,0.0,6.050559677731846,0.9999028444290161,0.0,0.0,-0.013932537287473679,0.9965382218360901,0.0,0.0,0.08311094343662262,-0.3309606912176937
804.5771369940963,-1345.348736152066,0.0,6.057398587874541,0.9996844530105591,0.0,0.0,-0.025114353746175766,0.9970893859863281,0.0,0.0,0.07621470838785172,0.025031469607868395
804.3951569480901,-1347.1308451375223,0.0,6.0635900086644,0.9993407130241394,0.0,0.0,-0.03630230575799942,0.9976130723953247,0.0,0.0,0.0690244808793068,-0.33127338923738353
804.1670438258878,-1348.9112885076647,0.0,6.069184621106155,0.9988724589347839,0.0,0.0,-0.0474698469042778,0.9981012940406799,0.0,0.0,0.06156643480062485,0.024748913423941366
803.8935764612964,-1350.6894139748229,0.0,6.074233106204546,0.998281717300415,0.0,0.0,-0.05859283357858658,0.9985466003417969,0.0,0.0,0.053865764290094376,-0.33152836323225177
803.5755513891169,-1352.4645829793424,0.0,6.0787861449643055,0.9975712895393372,0.0,0.0,-0.06965010613203049,0.9989424347877502,0.0,0.0,0.045947201550006866,0.024518961971428277
803.2137802978617,-1354.236170913705,0.0,6.082894418390172,0.9967445135116577,0.0,0.0,-0.08062306046485901,0.999282717704773,0.0,0.0,0.037835583090782166,-0.33173585178911374
802.8090875828104,-1356.0035672870679,0.0,6.0866086074868795,0.9958053231239319,0.0,0.0,-0.09149551391601562,0.9995620250701904,0.0,0.0,0.02955317683517933,0.02433137666351376
802.3623080012254,-1357.766175829834,0.0,6.089979393259166,0.9947581887245178,0.0,0.0,-0.10225354135036469,0.999775767326355,0.0,0.0,0.02112099528312683,-0.3319060934947847
801.8742844313009,-1359.5234145379409,0.0,6.0930574567117635,0.9936079382896423,0.0,0.0,-0.11288520693778992,0.9999200105667114,0.0,0.0,0.01255970448255539,0.024175918913382555
801.3458657361932,-1361.2747156565867,0.0,6.095893478849411,0.9923593401908875,0.0,0.0,-0.1233801618218422,0.9999914169311523,0.0,0.0,0.003887990489602089,-0.33204932693608
800.7779047342633,-1363.0195256031845,0.0,6.098538140676842,0.9910176396369934,0.0,0.0,-0.1337306946516037,0.9999872446060181,0.0,0.0,-0.004874742589890957,0.024042350134219348
800.171256276486,-1364.7573048293484,0.0,6.101042123198797,0.9895877838134766,0.0,0.0,-0.14392973482608795,0.9999051690101624,0.0,0.0,-0.013712726533412933,-0.33217579069981507
799.5267754317987,-1366.4875276217558,0.0,6.103456107420008,0.9880750179290771,0.0,0.0,-0.15397223830223083,0.9997435808181763,0.0,0.0,-0.022610832005739212,0.023920431739208603
798.8453157810155,-1368.2096818417263,0.0,6.105830774345208,0.9864844083786011,0.0,0.0,-0.1638542264699936,0.9995014071464539,0.0,0.0,-0.031551558524370193,-0.33229572337280494
798.1277278198066,-1369.9232686033724,0.0,6.10821680497914,0.9848209023475647,0.0,0.0,-0.17357277870178223,0.9991779327392578,0.0,0.0,-0.040521975606679916,0.023799925141535283
797.3748574711158,-1371.6278018901733,0.0,6.110664880326534,0.9830890893936157,0.0,0.0,-0.18312668800354004,0.998772919178009,0.0,0.0,-0.04951119422912598,-0.33241936354186524
796.5875447073122,-1373.3228081097884,0.0,6.1132256813921275,0.9812937378883362,0.0,0.0,-0.19251535832881927,0.9982864260673523,0.0,0.0,-0.05850569158792496,0.023670591754384074
795.766622282291,-1375.0078255869087,0.0,6.115949889180659,0.9794390201568604,0.0,0.0,-0.20173940062522888,0.9977189898490906,0.0,0.0,-0.06749588996171951,-0.33255694979381134
794.9129145736756,-1376.6824039939063,0.0,6.11888818469686,0.9775290489196777,0.0,0.0,-0.21079979836940765,0.9970713257789612,0.0,0.0,-0.07647004723548889,0.02352219299093966
794.0272365352604,-1378.3461037189843,0.0,6.122091248945468,0.9755676984786987,0.0,0.0,-0.21969828009605408,0.9963446259498596,0.0,0.0,-0.08541874587535858,-0.3327187207154582
793.1103927597956,-1379.9984951714719,0.0,6.125609762931221,0.9735585451126099,0.0,0.0,-0.22843734920024872,0.9955399632453918,0.0,0.0,-0.0943356603384018,0.023344490264386453
792.16317665223,-1381.6391580238371,0.0,6.129494407658851,0.971504807472229,0.0,0.0,-0.2370193898677826,0.9946590065956116,0.0,0.0,-0.10321129858493805,-0.33291491489362135
791.1863697135574,-1383.2676803899083,0.0,6.133795864133096,0.9694097638130188,0.0,0.0,-0.2454475313425064,0.9937033653259277,0.0,0.0,-0.11203999817371368,0.023127244987909412
790.1807409354426,-1384.8836579386932,0.0,6.138564813358692,0.9672763347625732,0.0,0.0,-0.25372469425201416,0.9926745891571045,0.0,0.0,-0.12081582099199295,-0.33315577091511606
789.1470463058803,-1386.486692943094,0.0,6.143851936340375,0.965107262134552,0.0,0.0,-0.26185446977615356,0.9915745258331299,0.0,0.0,-0.12953433394432068,0.022860218574693114
788.0860284262119,-1388.0763932626855,0.0,6.149707914082879,0.9629050493240356,0.0,0.0,-0.2698400616645813,0.9904055595397949,0.0,0.0,-0.13818857073783875,-0.3334515273667577
786.9984162399414,-1389.652371259609,0.0,6.156183427590943,0.96067214012146,0.0,0.0,-0.2776845097541809,0.9891694188117981,0.0,0.0,-0.14677633345127106,0.022533172437922244
785.8849248739012,-1391.214242646491,0.0,6.163329157869297,0.9584112167358398,0.0,0.0,-0.28539034724235535,0.9878679513931274,0.0,0.0,-0.1552947610616684,-0.3338124228353615
784.7462555924802,-1392.7616252651417,0.0,6.171195785922685,0.9561246037483215,0.0,0.0,-0.29296016693115234,0.9865030646324158,0.0,0.0,-0.16374118626117706,0.022135867990781433
783.5830958657771,-1394.294137794641,0.0,6.179833992755836,0.9538142681121826,0.0,0.0,-0.30039650201797485,0.9850768446922302,0.0,0.0,-0.17211374640464783,-0.33424869590774287
782.3961195527352,-1395.8113983872313,0.0,6.18929445937349,0.9514830708503723,0.0,0.0,-0.30770039558410645,0.9835911393165588,0.0,0.0,-0.18041078746318817,0.021658066646455476
781.1859872005286,-1397.3130232302658,0.0,6.199627866780379,0.9491336941719055,0.0,0.0,-0.3148728311061859,0.9820483922958374,0.0,0.0,-0.18862797319889069,-0.334770585170717
779.9533464616829,-1398.7986250322522,0.0,6.210884895981243,0.9467686414718628,0.0,0.0,-0.32191434502601624,0.9804496169090271,0.0,0.0,-0.19676922261714935,0.021089529818129005
778.6988336162883,-1400.2678102928649,0.0,6.223111375241483,0.9443908929824829,0.0,0.0,-0.32882440090179443,0.9787969589233398,0.0,0.0,-0.20483195781707764,-0.3353880841232544
777.4230844160885,-1401.7201663538592,0.0,6.236304030563848,0.9420038461685181,0.0,0.0,-0.335601806640625,0.9770917892456055,0.0,0.0,-0.21281728148460388,0.020423234094777254
776.1266859789345,-1403.1553589743417,0.0,6.2504310670085435,0.9396108388900757,0.0,0.0,-0.3422444760799408,0.9753365516662598,0.0,0.0,-0.22072187066078186,-0.33610157081238046
774.8098819853228,-1404.5736921618127,0.0,6.265460337955037,0.9372156262397766,0.0,0.0,-0.34874996542930603,0.9735339879989624,0.0,0.0,-0.2285413295030594,0.019664180006570553
773.4727836022263,-1405.9757131213964,0.0,6.281359696782809,0.9348220229148865,0.0,0.0,-0.3551163375377655,0.9716864228248596,0.0,0.0,-0.23627343773841858,-0.3369045687329751
772.1155053610775,-1407.3619588102056,0.0,6.298096996871339,0.9324334263801575,0.0,0.0,-0.361341655254364,0.9697967171669006,0.0,0.0,-0.2439137101173401,0.018818861820281196
770.7381664381453,-1408.7329565258233,0.0,6.315640091600098,0.9300537109375,0.0,0.0,-0.3674232065677643,0.9678674936294556,0.0,0.0,-0.2514599561691284,-0.3377905836182659
769.3408916102068,-1410.0892250368108,0.0,6.333956834348564,0.9276863932609558,0.0,0.0,-0.3733600080013275,0.9659013748168945,0.0,0.0,-0.2589098811149597,0.017893773802681867
767.9238121874332,-1411.4312756861136,0.0,6.3530150784962185,0.9253352284431458,0.0,0.0,-0.37914973497390747,0.9639012813568115,0.0,0.0,-0.26625964045524597,-0.33875312120148077
766.4870669236728,-1412.759613467602,0.0,6.372782677422528,0.9230037927627563,0.0,0.0,-0.3847906291484833,0.9618703126907349,0.0,0.0,-0.27350547909736633,0.016895410220545026
765.0308029042651,-1414.0747380758692,0.0,6.393227484506977,0.9206958413124084,0.0,0.0,-0.3902808129787445,0.9598108530044556,0.0,0.0,-0.2806470990180969,-0.33978568721584684
763.5551764113775,-1415.3771449293051,0.0,6.414317353129038,0.9184145927429199,0.0,0.0,-0.3956191837787628,0.9577265977859497,0.0,0.0,-0.28767940402030945,0.01583026534064297
762.0603537668363,-1416.6673261663816,0.0,6.436020136668189,0.9161638021469116,0.0,0.0,-0.40080371499061584,0.9556206464767456,0.0,0.0,-0.2945994436740875,-0.34088178739459185
760.5465121522999,-1417.9457716149732,0.0,6.4583036885039045,0.9139469265937805,0.0,0.0,-0.4058334529399872,0.9534955620765686,0.0,0.0,-0.3014063835144043,0.01470483342974821
759.0138404065651,-1419.2129697344667,0.0,6.481135862015666,0.911767303943634,0.0,0.0,-0.41070687770843506,0.9513550996780396,0.0,0.0,-0.30809590220451355,-0.34203492747094344
757.4625397997252,-1420.469408530316,0.0,6.504484510582943,0.9096285104751587,0.0,0.0,-0.4154224693775177,0.9492021203041077,0.0,0.0,-0.31466636061668396,0.013525608754633212
755.8928247838232,-1421.7155764406068,0.0,6.528317487585212,0.907533586025238,0.0,0.0,-0.41997942328453064,0.9470405578613281,0.0,0.0,-0.3211131989955902,-0.3432386131781287
754.3049237195752,-1422.951963194141,0.0,6.552602646401959,0.9054858684539795,0.0,0.0,-0.4243761897087097,0.9448730945587158,0.0,0.0,-0.32743626832962036,0.012299085582070213
752.699079578678,-1424.1790606394432,0.0,6.577307840412649,0.9034885168075562,0.0,0.0,-0.42861223220825195,0.9427024126052856,0.0,0.0,-0.33363449573516846,-0.3444863502493757
751.0755506211533,-1425.397363544041,0.0,6.602400922996763,0.9015447497367859,0.0,0.0,-0.43268582224845886,0.9405331611633301,0.0,0.0,-0.3397016227245331,0.011031758178832118
749.4346110471174,-1426.6073703632974,0.0,6.627849747533783,0.8996573686599731,0.0,0.0,-0.43659642338752747,0.9383672475814819,0.0,0.0,-0.3456396162509918,-0.3457716444179121
747.7765516223145,-1427.8095839779935,0.0,6.653622167403172,0.8978296518325806,0.0,0.0,-0.44034281373023987,0.9362091422080994,0.0,0.0,-0.3514430820941925,0.009730120811691334
746.1016802766966,-1429.0045123998138,0.0,6.679686035984417,0.8960643410682678,0.0,0.0,-0.44392406940460205,0.9340617656707764,0.0,0.0,-0.3571113646030426,-0.3470880014169649
744.4103226752807,-1430.1926694438196,0.0,6.706009206656995,0.8943642377853394,0.0,0.0,-0.44733935594558716,0.9319286346435547,0.0,0.0,-0.3626416325569153,0.008400667747419654
742.7028227604752,-1431.374575366944,0.0,6.732559532800375,0.8927318453788757,0.0,0.0,-0.4505881369113922,0.9298120141029358,0.0,0.0,-0.36803480982780457,-0.3484289269797618
740.9795432650121,-1432.5507574714852,0.0,6.759304867794037,0.8911702632904053,0.0,0.0,-0.45366889238357544,0.9277154803276062,0.0,0.0,-0.3732880651950836,0.0070498932527902625
739.2408661945939,-1433.721750672524,0.0,6.786213065017461,0.8896817564964294,0.0,0.0,-0.4565810561180115,0.9256425499916077,0.0,0.0,-0.3783990144729614,-0.3497879268395307
737.4871932793163,-1434.8880980281765,0.0,6.813251977850117,0.8882688283920288,0.0,0.0,-0.4593237042427063,0.9235967993736267,0.0,0.0,-0.3833651542663574,0.005684291594575286
735.7189463929036,-1436.0503512315022,0.0,6.840389459671483,0.8869339227676392,0.0,0.0,-0.46189603209495544,0.9215806722640991,0.0,0.0,-0.3881865441799164,-0.35115850672949867
733.9365679387553,-1437.209071062904,0.0,6.86759336386104,0.885679304599762,0.0,0.0,-0.46429720520973206,0.9195981025695801,0.0,0.0,-0.39286014437675476,0.00431035703954713
732.1405212017819,-1438.3648278017884,0.0,6.894831543798261,0.8845072984695435,0.0,0.0,-0.4665261507034302,0.9176512360572815,0.0,0.0,-0.39738649129867554,-0.35253417238289364
730.3312906649825,-1439.518201596248,0.0,6.922071852862619,0.8834202289581299,0.0,0.0,-0.46858149766921997,0.9157441854476929,0.0,0.0,-0.40176188945770264,0.0029345838544785896
728.5093822896989,-1440.6697827895,0.0,6.949282144433598,0.882419764995575,0.0,0.0,-0.47046276926994324,0.9138793349266052,0.0,0.0,-0.405985951423645,-0.3539084295329431
726.675323758461,-1441.820172201785,0.0,6.976430271890669,0.8815081119537354,0.0,0.0,-0.4721687138080597,0.9120596647262573,0.0,0.0,-0.4100574254989624,0.0015634663061416254
724.8296646793344,-1442.969981366442,0.0,7.003484088613306,0.880687415599823,0.0,0.0,-0.4736976623535156,0.9102880954742432,0.0,0.0,-0.4139753580093384,-0.35527478391287426
722.9729767506669,-1444.1198327188376,0.0,7.030411447980994,0.8799591660499573,0.0,0.0,-0.47504904866218567,0.9085672497749329,0.0,0.0,-0.41773849725723267,0.0002034986613089762
721.1058538851274,-1445.2703597368459,0.0,7.057180203373201,0.8793182373046875,0.0,0.0,-0.4762175679206848,0.9068999886512756,0.0,0.0,-0.42134568095207214,-0.35662674125591504
719.2289122919375,-1446.4222070315627,0.0,7.083758208169407,0.8787760734558105,0.0,0.0,-0.4772069454193115,0.9052900075912476,0.0,0.0,-0.4247937798500061,-0.001138824813246897
717.3427905161876,-1447.5760303869479,0.0,7.110113315749092,0.8783333897590637,0.0,0.0,-0.4780159592628479,0.9037395119667053,0.0,0.0,-0.4280827045440674,-0.3579578072952931
715.4481494341562,-1448.7324967471027,0.0,7.136213379491722,0.8779909610748291,0.0,0.0,-0.4786430895328522,0.9022510647773743,0.0,0.0,-0.43121087551116943,-0.0024570098507534777
713.545672203541,-1449.8922841499007,0.0,7.162026252776781,0.8777490854263306,0.0,0.0,-0.4790874123573303,0.900826096534729,0.0,0.0,-0.4341796934604645,-0.35926148776423544
711.6360641675559,-1451.0560816057045,0.0,7.187519788983751,0.877608060836792,0.0,0.0,-0.4793480932712555,0.899469256401062,0.0,0.0,-0.43698373436927795,-0.0037445621844388044
709.7200527118376,-1452.2245889199512,0.0,7.2126618414920936,0.8775672912597656,0.0,0.0,-0.47942566871643066,0.8981817364692688,0.0,0.0,-0.4396240711212158,-0.36053128839596993
707.7983870731599,-1453.3985164583885,0.0,7.237420263681293,0.8776258826255798,0.0,0.0,-0.4793210029602051,0.8969660401344299,0.0,0.0,-0.4420991837978363,-0.00499498754752975
705.8718380989685,-1454.5785848537994,0.0,7.261762908930833,0.8777826428413391,0.0,0.0,-0.4790353775024414,0.895824670791626,0.0,0.0,-0.4444073438644409,-0.3617607149237244
703.9411979567891,-1455.7655246531008,0.0,7.285657630620177,0.8780355453491211,0.0,0.0,-0.47857144474983215,0.8947603106498718,0.0,0.0,-0.446546345949173,-0.006201791673254242
702.0072797925976,-1456.960075903725,0.0,7.309072282128806,0.8783818483352661,0.0,0.0,-0.4779328405857086,0.8937743902206421,0.0,0.0,-0.4485165476799011,-0.3629432730807259
700.0709173372952,-1458.1629876782733,0.0,7.331974716836202,0.8788185715675354,0.0,0.0,-0.4771239459514618,0.8928697109222412,0.0,0.0,-0.45031464099884033,-0.007358480294839875
698.1329644604699,-1459.3750175364698,0.0,7.354332788121833,0.8793416619300842,0.0,0.0,-0.47615084052085876,0.8920480608940125,0.0,0.0,-0.4519398510456085,-0.36407246860020215
696.1942946706843,-1460.5969309235225,0.0,7.376114349365178,0.8799546957015991,0.0,0.0,-0.475024551153183,0.8913121819496155,0.0,0.0,-0.45338964462280273,-0.00845855914551391
694.2558005615929,-1461.8295005040568,0.0,7.397287253945718,0.880645215511322,0.0,0.0,-0.47374945878982544,0.8906625509262085,0.0,0.0,-0.45466431975364685,-0.3651418072153809
692.3183932032442,-1463.0735054308664,0.0,7.417819355242925,0.8814073204994202,0.0,0.0,-0.4723351299762726,0.8901024460792542,0.0,0.0,-0.45575979351997375,-0.009495533958504165
690.383001478013,-1464.3297305478204,0.0,7.437678506636271,0.8822343349456787,0.0,0.0,-0.4707927107810974,0.8896321058273315,0.0,0.0,-0.4566774070262909,-0.36614479465948924
688.4505713606466,-1465.598965526332,0.0,7.456832561505244,0.8831188082695007,0.0,0.0,-0.46913471817970276,0.8892542123794556,0.0,0.0,-0.45741263031959534,-0.010462910467038233
686.5220651420311,-1466.8820039349025,0.0,7.47524937322931,0.8840528726577759,0.0,0.0,-0.4673749804496765,0.8889669179916382,0.0,0.0,-0.4579627513885498,-0.3670749366657552
684.598460002892,-1468.1796426445899,0.0,7.492899112747889,0.8850274085998535,0.0,0.0,-0.4655289947986603,0.8887757658958435,0.0,0.0,-0.4583304822444916,-0.011354311452825061
682.680734984373,-1469.4926891715359,0.0,7.509799687300202,0.8860330581665039,0.0,0.0,-0.46361392736434937,0.8886787295341492,0.0,0.0,-0.4585183262825012,-0.3679285010370841
680.7697093319995,-1470.821787700107,0.0,7.526013838057864,0.8870595097541809,0.0,0.0,-0.461648166179657,0.8886685371398926,0.0,0.0,-0.458538681268692,-0.012173207955737342
678.8654270427704,-1472.1666749075966,0.0,7.541606042562875,0.8880976438522339,0.0,0.0,-0.45964908599853516,0.8887369632720947,0.0,0.0,-0.4584061801433563,-0.3687159861130947
676.9676681169656,-1473.5267988731962,0.0,7.556640778357243,0.88913893699646,0.0,0.0,-0.4576326608657837,0.8888765573501587,0.0,0.0,-0.4581340551376343,-0.012932538046362019
675.076188378531,-1474.9016094052017,0.0,7.571182522982975,0.8901758193969727,0.0,0.0,-0.45561328530311584,0.8890808820724487,0.0,0.0,-0.45773375034332275,-0.3694504176598488
673.190720243019,-1476.2905589826294,0.0,7.585295753982074,0.8912017941474915,0.0,0.0,-0.4536038935184479,0.8893426060676575,0.0,0.0,-0.4572189152240753,-0.013645327490760917
671.310973341383,-1477.6931035203604,0.0,7.599044948896542,0.8922107815742493,0.0,0.0,-0.4516165554523468,0.8896600008010864,0.0,0.0,-0.45660319924354553,-0.3701448214434078
669.4366350937698,-1479.1087030717683,0.0,7.612494585268389,0.8931975364685059,0.0,0.0,-0.44966235756874084,0.8900231122970581,0.0,0.0,-0.45589694380760193,-0.014324602054995639
667.5673712324135,-1480.5368224676974,0.0,7.62570914063962,0.894157350063324,0.0,0.0,-0.4477512836456299,0.8904260396957397,0.0,0.0,-0.45511120557785034,-0.3708122232298336
665.7028262727785,-1481.9769318907431,0.0,7.638753092552234,0.8950860500335693,0.0,0.0,-0.44589221477508545,0.8908631205558777,0.0,0.0,-0.45425671339035034,-0.014983387505127677
663.8426239321782,-1483.42850738386,0.0,7.651690918548242,0.8959798216819763,0.0,0.0,-0.4440935254096985,0.8913298845291138,0.0,0.0,-0.4533415734767914,-0.37146564878518756
661.9863674951168,-1484.891031292378,0.0,7.664587096169645,0.8968355655670166,0.0,0.0,-0.4423629641532898,0.8918204307556152,0.0,0.0,-0.4523772895336151,-0.015634709607218744
660.1336401246623,-1486.3639926385401,0.0,7.677506102958447,0.8976502418518066,0.0,0.0,-0.4407075345516205,0.8923307657241821,0.0,0.0,-0.45137080550193787,-0.3721181238755311
658.2840051191657,-1487.846887427733,0.0,7.6905124164566585,0.8984213471412659,0.0,0.0,-0.43913352489471436,0.8928558826446533,0.0,0.0,-0.450332373380661,-0.016291594127330444
656.4370061136724,-1489.3392188855664,0.0,7.703670514206277,0.899146556854248,0.0,0.0,-0.43764689564704895,0.8933917284011841,0.0,0.0,-0.44926923513412476,-0.37278267426692596
654.5921672253658,-1490.8404976250047,0.0,7.717044873749314,0.8998239040374756,0.0,0.0,-0.4362526834011078,0.8939346671104431,0.0,0.0,-0.44818881154060364,-0.016967066831524213
652.7489931423911,-1492.350241742706,0.0,7.730699972627772,0.9004513621330261,0.0,0.0,-0.4349561929702759,0.8944804072380066,0.0,0.0,-0.4470994472503662,-0.37347232572543393
650.906969155388,-1493.8679768437496,0.0,7.744700288383651,0.9010201692581177,0.0,0.0,-0.433758407831192,0.8950252532958984,0.0,0.0,-0.446008563041687,-0.017674153485861543
649.0655611310336,-1495.3932359938674,0.0,7.759110298558964,0.901538074016571,0.0,0.0,-0.43266767263412476,0.8955660462379456,0.0,0.0,-0.4449222981929779,-0.3742001040171164
647.2242154268727,-1496.9255595982672,0.0,7.773994480695713,0.9020034074783325,0.0,0.0,-0.431687593460083,0.8960998058319092,0.0,0.0,-0.4438468813896179,-0.018425879856404426
645.3823587466586,-1498.4644952060808,0.0,7.789417312335897,0.9024146795272827,0.0,0.0,-0.43082162737846375,0.8966227769851685,0.0,0.0,-0.4427899420261383,-0.3749790349080348
643.5393979353762,-1500.009597239394,0.0,7.805443271021532,0.9027704000473022,0.0,0.0,-0.43007323145866394,0.8971323370933533,0.0,0.0,-0.44175708293914795,-0.01923527170921424
641.6947197130576,-1501.5604266457362,0.0,7.8221368342946125,0.9030696153640747,0.0,0.0,-0.4294443428516388,0.897625744342804,0.0,0.0,-0.4407542645931244,-0.375822144164251
639.8476903464127,-1503.1165504728078,0.0,7.839562479697147,0.9033111929893494,0.0,0.0,-0.4289376139640808,0.8981001973152161,0.0,0.0,-0.43978700041770935,-0.020115354810352315
637.9976552572253,-1504.6775413641167,0.0,7.857784684771143,0.9034941792488098,0.0,0.0,-0.4285549521446228,0.8985537886619568,0.0,0.0,-0.43885987997055054,-0.3767424575518266
636.1439472190203,-1506.2429696654706,0.0,7.876831155007779,0.9036176800727844,0.0,0.0,-0.42829808592796326,0.8989837765693665,0.0,0.0,-0.4379786252975464,-0.021077297751596558
634.2859656798249,-1507.81233532816,0.0,7.896390249430394,0.9036806225776672,0.0,0.0,-0.42816925048828125,0.8993876576423645,0.0,0.0,-0.4371489882469177,-0.3777302906034738
632.4232194210194,-1509.3850309955371,0.0,7.915967069813822,0.9036821722984314,0.0,0.0,-0.42816972732543945,0.8997633457183838,0.0,0.0,-0.4363752603530884,-0.022066026053789878
630.5553268966296,-1510.960341659271,0.0,7.935064929460683,0.9036217331886292,0.0,0.0,-0.4283004105091095,0.900109589099884,0.0,0.0,-0.4356609880924225,-0.3786948289694769
628.682016615012,-1512.5374452505232,0.0,7.953187141673589,0.9034982919692993,0.0,0.0,-0.42856287956237793,0.9004236459732056,0.0,0.0,-0.4350118935108185,-0.022981289296865937
626.8031279917514,-1514.1154138203265,0.0,7.969837019755151,0.9033113718032837,0.0,0.0,-0.428957462310791,0.9006999135017395,0.0,0.0,-0.43443062901496887,-0.3795357319028892
624.918612680532,-1515.693215317499,0.0,7.98451787700799,0.9030601978302002,0.0,0.0,-0.4294852018356323,0.9009415507316589,0.0,0.0,-0.4339228868484497,-0.02372274673387792
623.0285363872632,-1517.269715970559,0.0,7.99673302673471,0.9027440547943115,0.0,0.0,-0.4301465153694153,0.9011467695236206,0.0,0.0,-0.43349242210388184,-0.380152658656764
621.1330811706532,-1518.8436832774146,0.0,8.00598578223793,0.9023624062538147,0.0,0.0,-0.4309414327144623,0.9013134837150574,0.0,0.0,-0.4331434667110443,-0.024190057617878902
619.2325482296864,-1520.4137896031614,0.0,8.011779456820264,0.9019147753715515,0.0,0.0,-0.43187010288238525,0.9014403820037842,0.0,0.0,-0.4328785538673401,-0.3804452684841546
617.3273611751116,-1521.9786163820554,0.0,8.01361736378432,0.901400625705719,0.0,0.0,-0.4329320788383484,0.9015257358551025,0.0,0.0,-0.4327011704444885,-0.024282881201922124
615.4180697780542,-1523.5366589147488,0.0,8.011002816432718,0.9008285999298096,0.0,0.0,-0.4341312646865845,0.901567816734314,0.0,0.0,-0.43261444568634033,-0.3803132206381142
613.5053541842681,-1525.086331746003,0.0,8.003439128068068,0.9001901745796204,0.0,0.0,-0.4354618787765503,0.9015652537345886,0.0,0.0,-0.43262094259262085,-0.023900876739060994
611.5900295773313,-1526.6259746016267,0.0,7.990429611992981,0.8994855880737305,0.0,0.0,-0.4369220733642578,0.9015164971351624,0.0,0.0,-0.4327233135700226,-0.37965617437169563
609.6730490883605,-1528.1538605856827,0.0,7.97148663100965,0.8987156748771667,0.0,0.0,-0.438509076833725,0.9014209508895874,0.0,0.0,-0.43292227387428284,-0.022944160527781643
607.7553817021104,-1529.6683033302666,0.0,7.946650110265805,0.8978809714317322,0.0,0.0,-0.4402198791503906,0.9012759923934937,0.0,0.0,-0.4332225024700165,-0.378401804637158
605.8378192869327,-1531.167813908036,0.0,7.916768958093613,0.8969832062721252,0.0,0.0,-0.4420495629310608,0.9010810256004333,0.0,0.0,-0.4336246848106384,-0.021435011428175943
603.9209591184069,-1532.6511125325142,0.0,7.8827606613786525,0.8960244655609131,0.0,0.0,-0.443992555141449,0.9008350968360901,0.0,0.0,-0.4341297447681427,-0.3766842138939782
602.0052019183903,-1534.1171258912125,0.0,7.845542707006486,0.8950067162513733,0.0,0.0,-0.4460428059101105,0.9005426168441772,0.0,0.0,-0.4347393214702606,-0.019555316762914998
600.0907490265344,-1535.564983397335,0.0,7.8060325818627145,0.8939326405525208,0.0,0.0,-0.44819337129592896,0.900198221206665,0.0,0.0,-0.4354548454284668,-0.3746887530281312
598.1775987382339,-1536.9940124030768,0.0,7.765147772832904,0.8928054571151733,0.0,0.0,-0.4504360258579254,0.8998010754585266,0.0,0.0,-0.43627747893333435,-0.017490427417975074
596.2655418445074,-1538.4037324192773,0.0,7.723805766802631,0.8916287422180176,0.0,0.0,-0.4527619779109955,0.8993504643440247,0.0,0.0,-0.43720775842666626,-0.3726007729255921
594.3541670681495,-1539.793840687194,0.0,7.682881313064009,0.8904067277908325,0.0,0.0,-0.45516151189804077,0.8988473415374756,0.0,0.0,-0.43824300169944763,-0.015423535815014322
592.4430611139993,-1541.1640584773222,0.0,7.6424286356524815,0.8891436457633972,0.0,0.0,-0.4576249122619629,0.8982897996902466,0.0,0.0,-0.4393864572048187,-0.37055770840985847
590.5319942585002,-1542.5139994733095,0.0,7.601762661012272,0.8878445029258728,0.0,0.0,-0.46014100313186646,0.8976775407791138,0.0,0.0,-0.44063764810562134,-0.013369698711973466
588.620931447686,-1543.8431707894983,0.0,7.560171878888247,0.8865147829055786,0.0,0.0,-0.4626981019973755,0.8970097303390503,0.0,0.0,-0.4419972002506256,-0.36845716385814
586.7100373938686,-1545.150979489939,0.0,7.516944779025247,0.8851604461669922,0.0,0.0,-0.46528416872024536,0.8962867856025696,0.0,0.0,-0.44346290826797485,-0.011186511850205805
584.7996821719596,-1546.4367397286182,0.0,7.471369851168115,0.8837877511978149,0.0,0.0,-0.4678865969181061,0.8955082297325134,0.0,0.0,-0.44503411650657654,-0.3661553998249515
582.8904473956347,-1547.6996806923034,0.0,7.422735585061711,0.8824036121368408,0.0,0.0,-0.47049203515052795,0.8946771621704102,0.0,0.0,-0.44670364260673523,-0.008730235784225882
580.9832588359699,-1548.9392033893134,0.0,7.37033047045088,0.8810148239135742,0.0,0.0,-0.4730876684188843,0.8937985301017761,0.0,0.0,-0.44846010208129883,-0.3635086768648084
579.0796255619429,-1550.1553470627157,0.0,7.313442997080458,0.8796270489692688,0.0,0.0,-0.47566303610801697,0.8928764462471008,0.0,0.0,-0.4502938985824585,-0.0058571310685480715
577.1813295458954,-1551.3481724880135,0.0,7.251361654695317,0.8782449960708618,0.0,0.0,-0.47821030020713806,0.8919181227684021,0.0,0.0,-0.45218992233276367,-0.3603732555322255
575.2903610869198,-1552.5176294650944,0.0,7.183374933040294,0.8768714070320129,0.0,0.0,-0.4807244539260864,0.8909282684326172,0.0,0.0,-0.45413798093795776,-0.0024234582576883046
573.4089221892262,-1553.6635580725012,0.0,7.1087713218602255,0.8755075931549072,0.0,0.0,-0.48320382833480835,0.8899112939834595,0.0,0.0,-0.4561281204223633,-0.356605396381717
571.539429560007,-1554.7856890867479,0.0,7.026839310899985,0.8741533756256104,0.0,0.0,-0.48564934730529785,0.8888722658157349,0.0,0.0,-0.4581502079963684,0.0017145220938390437
569.6845172171334,-1555.8836436155739,0.0,6.936867389904409,0.8728072643280029,0.0,0.0,-0.48806455731391907,0.8878152966499329,0.0,0.0,-0.4601953625679016,-0.352061359967799
567.847038696825,-1556.9569320023454,0.0,6.838144048618346,0.8714651465415955,0.0,0.0,-0.4904572367668152,0.8867449760437012,0.0,0.0,-0.46225497126579285,0.006700549431518932
566.03006885139,-1558.0049520678551,0.0,6.729957776786626,0.870121419429779,0.0,0.0,-0.4928373098373413,0.8856646418571472,0.0,0.0,-0.4643217623233795,-0.34659740684498486
564.2369052272768,-1559.026986765369,0.0,6.611597064154136,0.868768036365509,0.0,0.0,-0.4952191412448883,0.8845798969268799,0.0,0.0,-0.4663853049278259,0.012678363200836595
562.471069013886,-1560.022201334597,0.0,6.482350400465709,0.8673952221870422,0.0,0.0,-0.4976196885108948,0.8834927082061768,0.0,0.0,-0.46844184398651123,-0.3400697975677916
560.7362343978857,-1560.9896795313973,0.0,6.341765854455597,0.8659908771514893,0.0,0.0,-0.5000596046447754,0.8824076652526855,0.0,0.0,-0.47048288583755493,0.019778592797306982
559.0350491694668,-1561.9290664155706,0.0,6.193672080587693,0.8645402193069458,0.0,0.0,-0.5025634765625,0.8813271522521973,0.0,0.0,-0.4725041687488556,-0.3325903140391096
557.3681409524727,-1562.841075616999,0.0,6.045408290298913,0.8630274534225464,0.0,0.0,-0.5051568150520325,0.8802538514137268,0.0,0.0,-0.4745008647441864,0.027266663013912007
555.7340493021643,-1563.727476585805,0.0,5.90441736708217,0.8614336848258972,0.0,0.0,-0.5078697800636292,0.8791922926902771,0.0,0.0,-0.47646522521972656,-0.32546956034129426
554.1291903987221,-1564.5910740213262,0.0,5.778142194430458,0.8597373962402344,0.0,0.0,-0.5107361674308777,0.8781430721282959,0.0,0.0,-0.4783965051174164,0.03364419698622062
552.5480621938312,-1565.4355683259328,0.0,5.673178070774901,0.8579147458076477,0.0,0.0,-0.5137918591499329,0.8771091103553772,0.0,0.0,-0.4802897274494171,-0.320168341974852
550.9851069253644,-1566.2645523593167,0.0,5.589382596034132,0.8559384346008301,0.0,0.0,-0.5170776844024658,0.8760833144187927,0.0,0.0,-0.4821583330631256,0.03787629167009787
549.4356217452369,-1567.0808557096811,0.0,5.5233977326232,0.8537777662277222,0.0,0.0,-0.5206376314163208,0.875052809715271,0.0,0.0,-0.4840262830257416,-0.31683577311571404
547.8957843877827,-1567.8845451337759,0.0,5.471845573436652,0.8514012694358826,0.0,0.0,-0.5245148539543152,0.8739947080612183,0.0,0.0,-0.485934317111969,0.0404799360734589
546.3626715519267,-1568.6738526519016,0.0,5.431348211369035,0.8487790822982788,0.0,0.0,-0.5287476181983948,0.872890055179596,0.0,0.0,-0.4879159927368164,-0.31479045179916776
544.8342758660508,-1569.4465950176968,0.0,5.3985277393149325,0.8458815217018127,0.0,0.0,-0.5333706736564636,0.8717172145843506,0.0,0.0,-0.49000850319862366,0.042137535672151005
543.3095217022784,-1570.2001782792436,0.0,5.37000625016889,0.8426804542541504,0.0,0.0,-0.5384137630462646,0.87045818567276,0.0,0.0,-0.49224159121513367,-0.31334997254936764
541.788280022978,-1570.931611366111,0.0,5.342405836825471,0.8391475677490234,0.0,0.0,-0.5439034700393677,0.8690930008888245,0.0,0.0,-0.4946479797363281,0.043531495942020604
540.2713720763996,-1571.6375562233022,0.0,5.312384581682632,0.835256814956665,0.0,0.0,-0.5498598217964172,0.8676044344902039,0.0,0.0,-0.4972544312477112,-0.3118337475421535
538.760130263425,-1572.3146013507792,0.0,5.278177679014007,0.8309834599494934,0.0,0.0,-0.5562969446182251,0.8659741282463074,0.0,0.0,-0.5000883340835571,0.04525911728892079
537.255784056746,-1572.959582314972,0.0,5.24017843125272,0.8263037800788879,0.0,0.0,-0.5632245540618896,0.8641834259033203,0.0,0.0,-0.5031764507293701,-0.3099145936148157
535.7594130035689,-1573.5696094643388,0.0,5.198935924578088,0.8211977481842041,0.0,0.0,-0.5706436634063721,0.8622151613235474,0.0,0.0,-0.5065417289733887,0.047342072171477956
534.2719441623482,-1574.1420683536537,0.0,5.15499924516941,0.8156479001045227,0.0,0.0,-0.5785485506057739,0.8600513339042664,0.0,0.0,-0.5102070569992065,-0.30769556940225623
532.794149682401,-1574.6746147386107,0.0,5.108917479205985,0.8096401691436768,0.0,0.0,-0.5869265794754028,0.8576757907867432,0.0,0.0,-0.5141904354095459,0.04966943408882263
531.3266445293938,-1575.1651644302349,0.0,5.061239712867133,0.8031644821166992,0.0,0.0,-0.5957573652267456,0.8550681471824646,0.0,0.0,-0.5185152292251587,-0.3052876014053445
529.8698843574923,-1575.611878324619,0.0,5.012515032332156,0.7962151765823364,0.0,0.0,-0.6050134897232056,0.8522130250930786,0.0,0.0,-0.5231946110725403,0.05213027654008412
528.4241635269708,-1576.0131429375026,0.0,4.9632925237803445,0.788791835308075,0.0,0.0,-0.614660382270813,0.8490932583808899,0.0,0.0,-0.5282427072525024,-0.30280161612495
526.9896132643246,-1576.3675467754988,0.0,4.914121273391027,0.7808997631072998,0.0,0.0,-0.6246563196182251,0.8456923961639404,0.0,0.0,-0.5336705446243286,0.0546136730243931
525.5661999603589,-1576.6738528668589,0.0,4.865550367343499,0.7725489735603333,0.0,0.0,-0.6349549293518066,0.8419917225837708,0.0,0.0,-0.5394904613494873,-0.30034854006194356
524.1537236003995,-1576.9309677549318,0.0,4.818128891817056,0.7637568712234497,0.0,0.0,-0.6455036401748657,0.837974488735199,0.0,0.0,-0.5457094311714172,0.05700869704088013
522.7518163195854,-1577.1379072275643,0.0,4.772405932991026,0.7545448541641235,0.0,0.0,-0.6562480926513672,0.8336239457130432,0.0,0.0,-0.5523325800895691,-0.29803929971719456
521.3599554771398,-1577.293757666029,0.0,4.72888169364779,0.7449421286582947,0.0,0.0,-0.6671286821365356,0.8289283514022827,0.0,0.0,-0.559354841709137,0.05920689094710416
519.9775747071463,-1577.3976322700703,0.0,4.687676487559841,0.7349821925163269,0.0,0.0,-0.6780861020088196,0.8238683938980103,0.0,0.0,-0.5667811036109924,-0.29595822870265165
518.6041166930191,-1577.4486518360552,0.0,4.648732302920147,0.7247025966644287,0.0,0.0,-0.6890614628791809,0.8184372782707214,0.0,0.0,-0.5745956897735596,0.061173768959209895
517.2390426265778,-1577.4459434820094,0.0,4.6119691564616,0.7141464948654175,0.0,0.0,-0.6999959945678711,0.8126388788223267,0.0,0.0,-0.5827674865722656,-0.2941015041340382
515.8821961471411,-1577.389599187995,0.0,4.577278761018467,0.7033575773239136,0.0,0.0,-0.7108360528945923,0.806492030620575,0.0,0.0,-0.5912448763847351,0.06292580913310553
514.5341573879565,-1577.2816306872903,0.0,4.544550825160266,0.6923766732215881,0.0,0.0,-0.7215360403060913,0.8000206351280212,0.0,0.0,-0.5999724268913269,-0.2924485780805937
513.1955776045974,-1577.1241589508027,0.0,4.513675057456503,0.6812406182289124,0.0,0.0,-0.7320594787597656,0.7932435274124146,0.0,0.0,-0.6089043617248535,0.06448519134036632
511.86709287052355,-1576.919177034577,0.0,4.484541166476672,0.6699820756912231,0.0,0.0,-0.7423772215843201,0.7861803770065308,0.0,0.0,-0.617996871471405,-0.2909771694452487
510.54932924122323,-1576.6685622270375,0.0,4.457038860790292,0.6586306691169739,0.0,0.0,-0.7524662613868713,0.7788494825363159,0.0,0.0,-0.6272105574607849,0.06587419667806224
509.2429073236839,-1576.3740874650096,0.0,4.431057848966865,0.6472117304801941,0.0,0.0,-0.7623101472854614,0.7712685465812683,0.0,0.0,-0.6365095376968384,-0.2896649971309342
507.9484462817288,-1576.0374320618753,0.0,4.40648783957589,0.635748028755188,0.0,0.0,-0.771896481513977,0.7634562849998474,0.0,0.0,-0.6458591818809509,0.067115106243263
506.66656730454497,-1575.6601917872756,0.0,4.383218541186887,0.6242578625679016,0.0,0.0,-0.7812181711196899,0.7554303407669067,0.0,0.0,-0.6552286148071289,-0.28848978004058046
505.3978965628742,-1575.2438883340944,0.0,4.361139662369353,0.6127579808235168,0.0,0.0,-0.7902703881263733,0.7472054362297058,0.0,0.0,-0.6645928025245667,0.06823020113303738
504.14306767472067,-1574.789978205044,0.0,4.3401409116927905,0.6012619137763977,0.0,0.0,-0.799051821231842,0.7387945055961609,0.0,0.0,-0.6739304661750793,-0.2874292370771177
502.90272370013537,-1574.299861048018,0.0,4.320111997726717,0.5897802114486694,0.0,0.0,-0.8075636029243469,0.7302131652832031,0.0,0.0,-0.6832191348075867,0.06924176244445523
501.67751868258017,-1573.7748874664458,0.0,4.300942629040632,0.5783214569091797,0.0,0.0,-0.8158088326454163,0.7214738130569458,0.0,0.0,-0.6924413442611694,-0.28646108714347707
500.4681187525764,-1573.2163663282213,0.0,4.282522514204038,0.5668913722038269,0.0,0.0,-0.8237921595573425,0.712591290473938,0.0,0.0,-0.7015790343284607,0.07017207127458627
499.275202807833,-1572.6255715943155,0.0,4.26474136178645,0.5554942488670349,0.0,0.0,-0.8315200209617615,0.7035756707191467,0.0,0.0,-0.7106200456619263,-0.2855630491425888
498.0994627827218,-1572.0037486859485,0.0,4.247488880357368,0.5441322922706604,0.0,0.0,-0.8389991521835327,0.6944371461868286,0.0,0.0,-0.7195531129837036,0.0710434087204995
496.94160351893015,-1571.352120407186,0.0,4.230654778486298,0.5328060388565063,0.0,0.0,-0.8462371826171875,0.685185968875885,0.0,0.0,-0.7283678650856018,-0.2847128419773832
495.80234224828587,-1570.6718924380177,0.0,4.21412876474275,0.521514356136322,0.0,0.0,-0.8532422780990601,0.6758314371109009,0.0,0.0,-0.7370558977127075,0.07187805587926457
494.6824076981384,-1569.9642584113676,0.0,4.197800547696227,0.5102543830871582,0.0,0.0,-0.8600233793258667,0.6663804650306702,0.0,0.0,-0.7456116080284119,-0.2838881845507912
493.582538829312,-1569.2304045860944,0.0,4.181559835916235,0.4990227222442627,0.0,0.0,-0.8665887713432312,0.6568422317504883,0.0,0.0,-0.754027783870697,0.07269829384795104
492.5034832164658,-1568.4715141268255,0.0,4.165296337972284,0.4878137707710266,0.0,0.0,-0.8729475736618042,0.6472188830375671,0.0,0.0,-0.7623040080070496,-0.2830667957657431
491.4459950807371,-1567.688771000459,0.0,4.148899762433877,0.4766221046447754,0.0,0.0,-0.879108190536499,0.637522280216217,0.0,0.0,-0.7704317569732666,0.07352640372362815
490.4108329848087,-1566.8833634983462,0.0,4.132259817870516,0.4654403328895569,0.0,0.0,-0.8850792646408081,0.6277522444725037,0.0,0.0,-0.7784131169319153,-0.2822263945251693
489.39875140901165,-1566.0564825447907,0.0,4.115289991640803,0.45426124334335327,0.0,0.0,-0.8908684849739075,0.6179143190383911,0.0,0.0,-0.7862453460693359,0.07438346565442167
488.41047519494487,-1565.2093034626207,0.0,4.098000908421422,0.44307583570480347,0.0,0.0,-0.8964840173721313,0.608009934425354,0.0,0.0,-0.793929398059845,-0.28135320850398843
487.4466936037805,-1564.342979831065,0.0,4.080427993460605,0.4318755567073822,0.0,0.0,-0.9019330739974976,0.5980454087257385,0.0,0.0,-0.8014621734619141,0.07527098661203871
486.50806086812173,-1563.4586420727996,0.0,4.062606672014965,0.4206501543521881,0.0,0.0,-0.9072228074073792,0.5880196690559387,0.0,0.0,-0.8088465929031372,-0.2804531417643097
485.5951968599649,-1562.5573961680475,0.0,4.044572369341109,0.40938881039619446,0.0,0.0,-0.9123598337173462,0.5779356956481934,0.0,0.0,-0.8160822987556458,0.07618180997940521
484.70868787108844,-1561.640322493127,0.0,4.026360510695639,0.39808177947998047,0.0,0.0,-0.9173498153686523,0.5677912831306458,0.0,0.0,-0.8231726288795471,-0.2795333509236294
483.8490875021577,-1560.7084747807346,0.0,4.008006521335176,0.386718213558197,0.0,0.0,-0.9221978187561035,0.5575875043869019,0.0,0.0,-0.8301181793212891,0.07710877913902459
483.01691765682614,-1559.7628791991162,0.0,3.9895458265163177,0.3752872347831726,0.0,0.0,-0.9269084334373474,0.5473224520683289,0.0,0.0,-0.836921751499176,-0.27860099259944465
482.2126696371154,-1558.80453354717,0.0,3.9710138514956728,0.3637787401676178,0.0,0.0,-0.9314852356910706,0.5369954109191895,0.0,0.0,-0.8435851335525513,0.0780447374734006
481.4368053363891,-1557.8344065624576,0.0,3.952446021529854,0.35218286514282227,0.0,0.0,-0.9359310865402222,0.526603639125824,0.0,0.0,-0.8501108288764954,-0.2776632234092518
480.6897585262865,-1556.85343733903,0.0,3.9338777618754706,0.34049084782600403,0.0,0.0,-0.9402477145195007,0.5161434412002563,0.0,0.0,-0.8565019965171814,0.07898252836503614
479.97193623405576,-1555.8625348519358,0.0,3.9153444977891247,0.3286939859390259,0.0,0.0,-0.9444363117218018,0.5056134462356567,0.0,0.0,-0.8627599477767944,-0.2767271999705475
479.2837202068168,-1554.8625775852527,0.0,3.896881654527427,0.3167854845523834,0.0,0.0,-0.9484970569610596,0.49500831961631775,0.0,0.0,-0.8688880205154419,0.07991499519643505
478.6254684593968,-1553.8544132604761,0.0,3.8785246573469885,0.3047603368759155,0.0,0.0,-0.952428936958313,0.48432397842407227,0.0,0.0,-0.8748885989189148,-0.27580007890082836
477.9975169025139,-1552.838858662115,0.0,3.8603089315044157,0.2926158010959625,0.0,0.0,-0.9562299251556396,0.47355592250823975,0.0,0.0,-0.880763590335846,0.08083498135010028
477.40018104823343,-1551.8166995573674,0.0,3.8422699022563145,0.28034958243370056,0.0,0.0,-0.9598977565765381,0.4626985192298889,0.0,0.0,-0.8865154981613159,-0.2748890168175909
476.83375778979405,-1550.7886907067998,0.0,3.8244429948592966,0.26796233654022217,0.0,0.0,-0.9634291529655457,0.45174548029899597,0.0,0.0,-0.8921467065811157,0.08173533020853554
476.29852725308314,-1549.75555596301,0.0,3.80686363456997,0.25545743107795715,0.0,0.0,-0.9668200612068176,0.4406886398792267,0.0,0.0,-0.897659957408905,-0.274001170338332
475.79475471725044,-1548.7179884543402,0.0,3.789567246644938,0.24284106492996216,0.0,0.0,-0.9700658321380615,0.42952439188957214,0.0,0.0,-0.9030552506446838,0.0826088851542442
475.3226926021676,-1547.6766508507878,0.0,3.772589256340816,0.23012195527553558,0.0,0.0,-0.9731616973876953,0.41824454069137573,0.0,0.0,-0.9083343744277954,-0.273143696080548
474.88258252068306,-1546.6321757093885,0.0,3.7559650889142078,0.21731196343898773,0.0,0.0,-0.9761021137237549,0.4068409204483032,0.0,0.0,-0.9134989380836487,0.08344848956972944
474.4746573938736,-1545.5851658964446,0.0,3.7397301696217213,0.20442639291286469,0.0,0.0,-0.9788818359375,0.39530912041664124,0.0,0.0,-0.918548047542572,-0.27232375066173553
474.099143627771,-1544.5361950841457,0.0,3.723919923719968,0.19148258864879608,0.0,0.0,-0.9814958572387695,0.38364219665527344,0.0,0.0,-0.9234817028045654,0.08424698683749474
473.75626070652066,-1543.485807610185,0.0,3.7085697764655556,0.1785028576850891,0.0,0.0,-0.9839392900466919,0.37184208631515503,0.0,0.0,-0.9282960295677185,-0.27154849069939146
473.44590419606754,-1542.434433487037,0.0,3.693715138632996,0.16550998389720917,0.0,0.0,-0.9862080812454224,0.35991981625556946,0.0,0.0,-0.9329832792282104,0.0849972210714624
473.1673537535485,-1541.3823103460618,0.0,3.6793907487180286,0.15252633392810822,0.0,0.0,-0.9882993698120117,0.3478882908821106,0.0,0.0,-0.9375359416007996,-0.27082503666328206
472.91984149390214,-1540.3296362634715,0.0,3.665630402825714,0.13957218825817108,0.0,0.0,-0.9902117848396301,0.33576029539108276,0.0,0.0,-0.941947340965271,0.08569218803572076
472.7026258317556,-1539.2765897836082,0.0,3.652467826617405,0.12666667997837067,0.0,0.0,-0.991945207118988,0.32354795932769775,0.0,0.0,-0.9462116956710815,-0.2701602600871048
472.5149919878775,-1538.223330300271,0.0,3.639936745754463,-0.11382757872343063,0.0,0.0,0.9935003519058228,0.3112650215625763,0.0,0.0,-0.9503231048583984,0.08632507090758648
472.3562524516573,-1537.169998469436,0.0,3.628070885898245,-0.10106981545686722,0.0,0.0,0.9948791861534119,0.2989232838153839,0.0,0.0,-0.9542770385742188,-0.2695609742357807
472.22574740164714,-1536.1167166528298,0.0,3.6169039727101064,-0.08840879052877426,0.0,0.0,0.9960841536521912,0.28653621673583984,0.0,0.0,-0.958069384098053,0.08688905642213895
472.12284508611344,-1535.0635893919268,0.0,3.606469731851407,-0.07585722953081131,0.0,0.0,0.9971185922622681,0.27411529421806335,0.0,0.0,-0.9616969227790833,-0.2690339923742302
472.04694216546596,-1534.0107039120737,0.0,3.5968018889835056,-0.0634264424443245,0.0,0.0,0.9979864358901978,0.2616733908653259,0.0,0.0,-0.9651565551757812,0.08737733131445721
471.9974640183303,-1532.9581306565824,0.0,3.587934169767755,-0.05112718418240547,0.0,0.0,0.9986920356750488,0.24922330677509308,0.0,0.0,-0.9684460163116455,-0.2685861277673741
471.97386501292794,-1531.905923850777,0.0,3.5799002998655167,-0.038967788219451904,0.0,0.0,0.9992403388023376,-0.23677630722522736,0.0,0.0,0.9715641736984253,0.08778308231962076
471.9756287453182,-1530.854122096124,0.0,3.5727340049381473,-0.026956092566251755,0.0,0.0,0.9996364712715149,-0.2243405431509018,0.0,0.0,0.9745108485221863,-0.2682241936801332
472.0022682459293,-1529.802748994741,0.0,3.566469010647004,-0.015098589472472668,0.0,0.0,0.9998857975006104,-0.21192939579486847,0.0,0.0,0.9772849678993225,0.08809949617270879
472.05332615568307,-1528.7518138047276,0.0,3.561139042653445,-0.0034001516178250313,0.0,0.0,0.9999940991401672,-0.19955304265022278,0.0,0.0,0.979887068271637,-0.2679550033774282
472.12837487287635,-1527.7013121269558,0.0,3.556777826618828,0.008134804666042328,0.0,0.0,0.9999668598175049,-0.18722011148929596,0.0,0.0,0.9823180437088013,0.08831975960880056
472.2270166718311,-1526.6512266241045,0.0,3.5534190882045076,0.019503410905599594,0.0,0.0,0.9998096823692322,-0.17494018375873566,0.0,0.0,0.9845791459083557,-0.2677853701241797
472.34888379417646,-1525.601527772947,0.0,3.551096553071846,0.030703095719218254,0.0,0.0,0.9995284080505371,-0.16272146999835968,0.0,0.0,0.9866721034049988,0.08843705936297536
472.49363851344725,-1524.5521746510544,0.0,3.549843946882197,0.041732873767614365,0.0,0.0,0.9991286993026733,-0.1505729854106903,0.0,0.0,0.9885989427566528,-0.26772210718530853
472.660973173516,-1523.503115759317,0.0,3.54969499529692,0.05259230360388756,0.0,0.0,0.9986159801483154,-0.1385011225938797,0.0,0.0,0.990362286567688,0.08844458217031259
472.85061020117666,-1522.454289881869,0.0,3.5506834239773717,0.0632813423871994,0.0,0.0,0.9979956150054932,-0.1265145093202591,0.0,0.0,0.9919646978378296,-0.2677720278257354
473.0623020930064,-1521.4056269852456,0.0,3.5528429585849097,0.07380114495754242,0.0,0.0,0.9972729086875916,-0.11461648344993591,0.0,0.0,0.9934097528457642,0.08833551476589147
473.29583137641066,-1520.3570491588127,0.0,3.556207324780893,0.08415286242961884,0.0,0.0,0.996452808380127,-0.10281422734260559,0.0,0.0,0.99470055103302,-0.267941945310381
473.5510105445359,-1519.308471598772,0.0,3.560810248226678,0.09433925151824951,0.0,0.0,0.9955400228500366,-0.09111304581165314,0.0,0.0,0.9958404898643494,0.08810304388479123
473.8276819644921,-1518.259803638279,0.0,3.5666854545836215,0.10436304658651352,0.0,0.0,0.9945392608642578,-0.0795154869556427,0.0,0.0,0.9968336224555969,-0.26823867290416603
474.12571775807515,-1517.2109498264863,0.0,3.5738666695130825,0.1142270416021347,0.0,0.0,0.99345463514328,-0.06802699714899063,0.0,0.0,0.9976834058761597,0.08774035626209117
474.44501965390737,-1516.161811059598,0.0,3.582387618676417,0.12393495440483093,0.0,0.0,0.9922903180122375,-0.05665145069360733,0.0,0.0,0.9983938932418823,-0.2686690238720112
474.7855188096274,-1515.112285767313,0.0,3.5922820277349827,0.13349036872386932,0.0,0.0,0.9910500049591064,-0.04538987576961517,0.0,0.0,0.9989692568778992,0.08724063863287065
475.14717560246527,-1514.062271158335,0.0,3.6035836223501403,0.1428975760936737,0.0,0.0,0.9897373914718628,-0.03424656018614769,0.0,0.0,0.999413251876831,-0.26923981147883735
475.52997938620706,-1513.0116645289554,0.0,3.616326128183243,0.15216071903705597,0.0,0.0,0.9883556962013245,-0.023222487419843674,0.0,0.0,0.999730110168457,0.08659707773220893
475.9339482122217,-1511.9603646390335,0.0,3.630543270895649,0.16128483414649963,0.0,0.0,0.9869077801704407,-0.012318721041083336,0.0,0.0,0.9999239444732666,-0.26995784898956493
476.3591285118544,-1510.9082731600668,0.0,3.6462687761487214,0.1702745258808136,0.0,0.0,0.9853965640068054,-0.0015371106564998627,0.0,0.0,0.9999986886978149,0.08580286029518505
476.8055947371173,-1509.8552962003987,0.0,3.663536369603809,0.17913475632667542,0.0,0.0,0.9838244318962097,0.009123117662966251,0.0,0.0,0.9999582767486572,-0.2708299496691148
477.2734489561907,-1508.801345913015,0.0,3.682379776922274,0.18787071108818054,0.0,0.0,0.982193648815155,0.019661325961351395,0.0,0.0,0.9998066425323486,0.0848511730568787
477.7628203998302,-1507.7463421917623,0.0,3.702832723765478,0.19648748636245728,0.0,0.0,0.980506181716919,0.030078239738941193,0.0,0.0,0.9995474219322205,-0.27186292678240787
478.2738649543099,-1506.6902144622768,0.0,3.724928935794771,0.20499056577682495,0.0,0.0,0.9787639379501343,0.04037489742040634,0.0,0.0,0.9991844892501831,0.08373520275236895
478.80676459605195,-1505.632903574345,0.0,3.7487021386715123,0.21338510513305664,0.0,0.0,0.9769681096076965,0.05054979398846626,0.0,0.0,0.9987214207649231,-0.2730635935943645
479.36172676258076,-1504.5743638028962,0.0,3.774186058057066,0.2216770052909851,0.0,0.0,0.9751201272010803,0.06060705706477165,0.0,0.0,0.9981615543365479,0.0824481361167349
479.93898365389646,-1503.514564965331,0.0,3.801414419612779,0.2298717498779297,0.0,0.0,0.973220944404602,0.07054756581783295,0.0,0.0,0.9975082874298096,-0.2744387633699056
480.5387903027212,-1502.453496669919,0.0,3.8304136813344574,0.23797523975372314,0.0,0.0,0.9712711572647095,0.0803741067647934,0.0,0.0,0.996764600276947,0.0809835269388724
481.1614045591069,-1501.3912024505953,0.0,3.86109419781051,0.24599295854568481,0.0,0.0,0.9692715406417847,0.09008774906396866,0.0,0.0,0.9959336519241333,-0.27598828440404966
481.80706765711466,-1500.327806401387,0.0,3.8932730278584566,0.25393107533454895,0.0,0.0,0.9672222137451172,0.09969279915094376,0.0,0.0,0.9950180053710938,0.07935833350210741
482.4759979660747,-1499.2635140744708,0.0,3.9267645926640493,0.26179513335227966,0.0,0.0,0.9651232361793518,0.10918928682804108,0.0,0.0,0.9940207600593567,-0.27767977757604934
483.16838528789077,-1498.1986124151954,0.0,3.9613833134130436,0.26959121227264404,0.0,0.0,0.9629745483398438,0.11858139932155609,0.0,0.0,0.992944061756134,0.07760991326225927
483.88438531036155,-1497.1334694557377,0.0,3.9969436112911754,0.2773250341415405,0.0,0.0,0.9607759714126587,0.1278727650642395,0.0,0.0,0.9917902946472168,-0.279475752216359
484.62411422418654,-1496.0685337504049,0.0,4.033259907484202,0.28500211238861084,0.0,0.0,0.9585267901420593,0.13706691563129425,0.0,0.0,0.9905614852905273,0.07577575688887409
485.3876435145622,-1495.00433353473,0.0,4.070146623177876,0.29262733459472656,0.0,0.0,0.9562265872955322,0.14616608619689941,0.0,0.0,0.9892598390579224,-0.28133871765543345
486.1749949412325,-1493.9414755899184,0.0,4.107418179557937,0.3002060055732727,0.0,0.0,0.953874409198761,0.1551767736673355,0.0,0.0,0.9878866076469421,0.07389335505149722
486.9861357235519,-1492.8806437937578,0.0,4.1448889978101375,0.30774229764938354,0.0,0.0,0.9514697194099426,0.16409824788570404,0.0,0.0,0.9864439368247986,-0.28323118322372637
487.82097394948767,-1491.8225973389854,0.0,4.182373499120226,0.31523972749710083,0.0,0.0,0.9490119814872742,0.1729380339384079,0.0,0.0,0.9849326610565186,0.07200019841967456
488.67935422958766,-1490.7681686001708,0.0,4.219686104673963,0.3227013349533081,0.0,0.0,0.9465007781982422,0.181697815656662,0.0,0.0,0.9833543300628662,-0.2851156582516929
489.56105361867105,-1489.7182606305437,0.0,4.25664123565708,0.3301295340061188,0.0,0.0,0.9439356327056885,0.19038458168506622,0.0,0.0,0.9817095398902893,0.07013377766295151
490.4657778294294,-1488.673844270808,0.0,4.293053313255333,0.3375253975391388,0.0,0.0,0.9413163065910339,0.1989995688199997,0.0,0.0,0.9799994826316833,-0.28695465206978654
491.39315776317295,-1487.6359548529301,0.0,4.328736758654478,0.34488916397094727,0.0,0.0,0.9386433959007263,0.2075485736131668,0.0,0.0,0.9782245755195618,0.0683315834508735
492.34274638364633,-1486.6056884830646,0.0,4.363505993040251,0.3522196412086487,0.0,0.0,0.935917317867279,0.21603518724441528,0.0,0.0,0.9763853549957275,-0.28871067400846195
493.314015960141,-1485.5841978893611,0.0,4.397175437598409,0.35951387882232666,0.0,0.0,0.9331398010253906,0.2244623899459839,0.0,0.0,0.9744824767112732,0.06663110645298678
494.30635570604215,-1484.5726878221958,0.0,4.429559513514706,0.366767942905426,0.0,0.0,0.93031245470047,0.23283715546131134,0.0,0.0,0.9725154638290405,-0.2903462333981739
495.3190698384237,-1483.5724099966048,0.0,4.460472641974877,0.3739764094352722,0.0,0.0,0.9274381995201111,0.24116483330726624,0.0,0.0,0.9704838991165161,0.06506983733883667
496.35137777283234,-1482.5846559782942,0.0,4.489736547535266,0.38113054633140564,0.0,0.0,0.9245210886001587,0.2494460493326187,0.0,0.0,0.9683884382247925,-0.2918242084264764
497.40248372134084,-1481.6106870522772,0.0,4.517474342865659,0.3882216811180115,0.0,0.0,0.9215658903121948,0.2576897442340851,0.0,0.0,0.9662274718284607,0.06366893858477643
498.47167514212254,-1480.651651024079,0.0,4.54421107179464,0.39523860812187195,0.0,0.0,0.9185783267021179,0.26589810848236084,0.0,0.0,0.964000940322876,-0.29317454827137446
499.55836218014315,-1479.7085078033874,0.0,4.570499713998267,0.40216732025146484,0.0,0.0,0.9155660271644592,0.2740645706653595,0.0,0.0,0.9617111086845398,0.06234122938257314
500.6622990772595,-1478.781355567615,0.0,4.596893249152599,0.40899428725242615,0.0,0.0,0.9125368595123291,0.28218403458595276,0.0,0.0,0.9593601226806641,-0.2945075550973508
501.7834938824162,-1477.8697534108942,0.0,4.623944656933677,0.41570696234703064,0.0,0.0,0.9094985127449036,0.29024869203567505,0.0,0.0,0.9569509625434875,0.060974996666357056
502.92208576425725,-1476.9731416563193,0.0,4.6522009781821225,0.42229267954826355,0.0,0.0,0.9064595103263855,0.2982524633407593,0.0,0.0,0.9544867873191833,-0.2959346420290905
504.0782889361778,-1476.0909018021612,0.0,4.681967106871895,0.4287396967411041,0.0,0.0,0.9034281969070435,0.3061895966529846,0.0,0.0,0.9519703388214111,0.05947165683354025
505.25231457961956,-1475.2224194046157,0.0,4.713226697063355,0.43503671884536743,0.0,0.0,0.900412917137146,0.3140515387058258,0.0,0.0,0.9494057297706604,-0.29751340921047736
506.4443639257302,-1474.3670853358055,0.0,4.745941248167766,0.44117382168769836,0.0,0.0,0.8974217772483826,0.3218311369419098,0.0,0.0,0.9467968344688416,0.05781940677776193
507.65462668270465,-1473.5242926225535,0.0,4.780072259596395,0.4471404254436493,0.0,0.0,0.8944638967514038,0.32952141761779785,0.0,0.0,0.9441479444503784,-0.2992371976664687
508.88327946067704,-1472.6934332801675,0.0,4.815581230760484,0.45292720198631287,0.0,0.0,0.891547441482544,0.3371134102344513,0.0,0.0,0.9414639472961426,0.0560260243957372
510.13048419268654,-1471.8738951382948,0.0,4.852429661071298,0.4585250914096832,0.0,0.0,0.8886812925338745,0.3446020781993866,0.0,0.0,0.938748836517334,-0.3010982295003482
511.39638655046156,-1471.0650586563781,0.0,4.8905790499401,0.46392494440078735,0.0,0.0,0.8858743906021118,0.35198062658309937,0.0,0.0,0.9360072016716003,0.05409928758418156
512.6811143540107,-1470.266293726732,0.0,4.929990896778133,0.4691181182861328,0.0,0.0,0.8831352591514587,0.3592429757118225,0.0,0.0,0.933243989944458,-0.3030887268154004
513.9847759742349,-1469.4769564637315,0.0,4.970626700996665,0.4740966558456421,0.0,0.0,0.8804726600646973,0.3663804233074188,0.0,0.0,0.9304651618003845,0.05204697423981125
515.3074587280296,-1468.6963859780597,0.0,5.0124479620069575,0.478852778673172,0.0,0.0,0.8778951168060303,0.37338799238204956,0.0,0.0,0.9276752471923828,-0.3052009117149101
516.6492272655478,-1467.9239011354455,0.0,5.055416179220257,0.48337867856025696,0.0,0.0,0.8754111528396606,0.38025620579719543,0.0,0.0,0.924881100654602,0.04987686225934157
518.0101219495514,-1467.1587972997722,0.0,5.099492852047823,0.4876672029495239,0.0,0.0,0.8730294108390808,0.386978417634964,0.0,0.0,0.922088623046875,-0.3074270063021609
519.3901572269873,-1466.4003430609052,0.0,5.144639479900923,0.4917113482952118,0.0,0.0,0.8707581162452698,0.39355015754699707,0.0,0.0,0.9193029403686523,0.047596729539488014
520.7893199931705,-1465.6477769480393,0.0,5.190817562190801,0.4955037534236908,0.0,0.0,0.8686056733131409,0.3999609351158142,0.0,0.0,0.916532039642334,-0.30975923268043754
522.2075616714483,-1464.9003074063642,0.0,5.237965462480781,0.49903810024261475,0.0,0.0,0.8665799498558044,0.406206876039505,0.0,0.0,0.9137809872627258,0.04521552245413546
523.6447709828956,-1464.1571222969028,0.0,5.285928104443375,0.5023075342178345,0.0,0.0,0.8646889925003052,0.4122828543186188,0.0,0.0,0.9110556840896606,-0.312181588335114
525.1007652811024,-1463.4173877958715,0.0,5.334526825486706,0.5053055882453918,0.0,0.0,0.8629403114318848,0.41818031668663025,0.0,0.0,0.9083638191223145,0.04276104159336119
526.5752883855707,-1462.6802441697725,0.0,5.383582963018144,0.508026123046875,0.0,0.0,0.8613414764404297,0.4238905906677246,0.0,0.0,0.9057131409645081,-0.314659171038722
528.0680086174469,-1461.9448019635145,0.0,5.432917854445057,0.5104628801345825,0.0,0.0,0.859899640083313,0.42940834164619446,0.0,0.0,0.9031102061271667,0.0402693804101838
529.5785170533334,-1461.210138633425,0.0,5.482352837174791,0.5126103162765503,0.0,0.0,0.8586212396621704,0.43473151326179504,0.0,0.0,0.9005598425865173,-0.31715588733820355
531.1063260137516,-1460.4752956587051,0.0,5.531709248614722,0.5144615173339844,0.0,0.0,0.857513427734375,0.43984895944595337,0.0,0.0,0.8980714678764343,0.03777663235766204
532.6508678035118,-1459.7392761661854,0.0,5.580808426172214,0.5160114169120789,0.0,0.0,0.8565816283226013,0.4447551965713501,0.0,0.0,0.8956519365310669,-0.31963564378050113
534.2114937217169,-1459.0010431041828,0.0,5.629471707254612,0.5172541737556458,0.0,0.0,0.8558318614959717,0.44944408535957336,0.0,0.0,0.8933082222938538,0.03531889088885409
535.7874614095425,-1458.259523613312,0.0,5.677477401521268,0.5181813836097717,0.0,0.0,0.8552645444869995,0.45390912890434265,0.0,0.0,0.8910477161407471,-0.3220601737939686
537.3778865460057,-1457.5136307941555,0.0,5.724431587708714,0.5187920928001404,0.0,0.0,0.8548921346664429,0.45814234018325806,0.0,0.0,0.888878583908081,0.03294746734403359
538.9817307602367,-1456.76226949835,0.0,5.769897256819177,0.5190805196762085,0.0,0.0,0.8547172546386719,0.4621378779411316,0.0,0.0,0.8868078589439392,-0.32435641970863843
540.5978022496126,-1456.0043380283773,0.0,5.813437399854911,0.5190411806106567,0.0,0.0,0.8547419309616089,0.46588990092277527,0.0,0.0,0.884842574596405,0.030748470221016677
542.2247572310569,-1455.2387315292726,0.0,5.854615007818173,0.518669843673706,0.0,0.0,0.8549670577049255,0.4693930447101593,0.0,0.0,0.882989227771759,-0.3264360968785001
543.8611022627236,-1454.4643471464208,0.0,5.892993071711193,0.5179623365402222,0.0,0.0,0.8553929924964905,0.4726392924785614,0.0,0.0,0.8812557458877563,0.0288101841658136
545.505197468439,-1453.6800910135805,0.0,5.928134582536222,0.5169159173965454,0.0,0.0,0.8560189008712769,0.47562211751937866,0.0,0.0,0.8796495199203491,-0.328210920657542
547.1552606910207,-1452.8848871224345,0.0,5.959602531295514,0.5155355334281921,0.0,0.0,0.8568542003631592,0.4783346354961395,0.0,0.0,0.8781774640083313,0.02722089382443521
548.8093725929473,-1452.0776881092688,0.0,5.9869599089913015,0.513816773891449,0.0,0.0,0.8578886985778809,0.48077377676963806,0.0,0.0,0.8768445253372192,-0.3295926063997534
550.4654827137613,-1451.2574879758265,0.0,6.00976970662584,0.5117613077163696,0.0,0.0,0.8591187000274658,0.48293250799179077,0.0,0.0,0.8756574392318726,0.026068883842892798
552.1214346887496,-1450.4233274844325,0.0,6.027661296024056,0.5093713998794556,0.0,0.0,0.8605394959449768,0.4848056733608246,0.0,0.0,0.8746217489242554,-0.33049622202592593
553.7751065567468,-1449.5742411113818,0.0,6.040749718134889,0.5066525936126709,0.0,0.0,0.862144410610199,0.4863865077495575,0.0,0.0,0.8737435936927795,0.0254078524231538
555.4244750312671,-1448.7092370712191,0.0,6.049365779269943,0.5036104917526245,0.0,0.0,0.8639259338378906,0.48766982555389404,0.0,0.0,0.8730279803276062,-0.3309313766287065
557.0676197603666,-1447.8273049172262,0.0,6.0538412631721314,0.5002531409263611,0.0,0.0,0.865875244140625,0.48865318298339844,0.0,0.0,0.8724779486656189,0.02518181788263929
558.7027266916906,-1446.9274220040895,0.0,6.054507953584363,0.4965900778770447,0.0,0.0,0.867982029914856,0.4893321096897125,0.0,0.0,0.8720972537994385,-0.3309650478616475
560.3280907916069,-1446.0085586398136,0.0,6.051697634249554,0.4926329255104065,0.0,0.0,0.8702346682548523,0.4897008240222931,0.0,0.0,0.8718883395195007,0.025323753202579125
561.9421181045046,-1445.0696819002542,0.0,6.045742088910613,0.488394170999527,0.0,0.0,0.8726210594177246,0.48975685238838196,0.0,0.0,0.8718569278717041,-0.3306642627435192
563.543327144567,-1444.1097580921378,0.0,6.036973101310451,0.48388904333114624,0.0,0.0,0.8751277327537537,0.48949816823005676,0.0,0.0,0.8720012903213501,0.025766631364203485
565.1303496178755,-1443.1277538614804,0.0,6.025722455191988,0.47913286089897156,0.0,0.0,0.8777409791946411,0.48891887068748474,0.0,0.0,0.872321605682373,-0.33009604829309175
566.7019304775318,-1442.122635953945,0.0,6.012321934298124,0.4741438627243042,0.0,0.0,0.8804462552070618,0.48802441358566284,0.0,0.0,0.872823178768158,0.026443425348742056
568.2569273105938,-1441.0933701313277,0.0,5.997103322371784,0.4689408540725708,0.0,0.0,0.8832286596298218,0.4868198037147522,0.0,0.0,0.8734962344169617,-0.32932743152913513
569.7943014174102,-1440.0393886275203,0.0,5.980398403155873,0.4635426700115204,0.0,0.0,0.8860738277435303,0.48531946539878845,0.0,0.0,0.8743312358856201,0.02728710813742441
571.3131018355886,-1438.9614501160017,0.0,5.962538960393302,0.4579674303531647,0.0,0.0,0.888968288898468,0.4835397005081177,0.0,0.0,0.8753173351287842,-0.3284254394704194
572.8124812522394,-1437.8605035996757,0.0,5.943856777826991,0.45222988724708557,0.0,0.0,0.8919007778167725,0.4814976155757904,0.0,0.0,0.8764427304267883,0.02823065271148051
574.2916960411934,-1436.7374385554408,0.0,5.924680360502894,0.44634318351745605,0.0,0.0,0.8948613405227661,0.4792061150074005,0.0,0.0,0.8776982426643372,-0.32745693354495997
575.7500727081047,-1435.593101122925,0.0,5.905216519733085,0.44031795859336853,0.0,0.0,0.8978413939476013,0.47667840123176575,0.0,0.0,0.8790740966796875,0.029213674972581927
577.1869678010793,-1434.4283204163203,0.0,5.885517239263303,0.4341643452644348,0.0,0.0,0.9008331894874573,0.47392547130584717,0.0,0.0,0.8805615305900574,-0.32646202038992045
578.6017649424026,-1433.2439093250882,0.0,5.8656244766843315,0.42789018154144287,0.0,0.0,0.9038302898406982,0.4709591269493103,0.0,0.0,0.8821520209312439,0.03021835995131783
579.9938743232747,-1432.0406635487557,0.0,5.845580189586956,0.42150217294692993,0.0,0.0,0.9068270325660706,0.4677867889404297,0.0,0.0,0.8838385939598083,-0.3254496826577297
581.3627321218082,-1430.8193606996979,0.0,5.825426335561965,0.41500550508499146,0.0,0.0,0.9098185300827026,0.46441999077796936,0.0,0.0,0.8856126666069031,0.031236231366721434
582.7077998462514,-1429.580759472735,0.0,5.80520487220015,0.4084041118621826,0.0,0.0,0.9128009676933289,0.4608655571937561,0.0,0.0,0.8874678015708923,-0.3244283966293553
584.0285636054024,-1428.325598880275,0.0,5.784957757092299,0.40170180797576904,0.0,0.0,0.9157703518867493,0.4571332037448883,0.0,0.0,0.8893962502479553,0.032258812937825065
585.3245333081533,-1427.0545975517364,0.0,5.764726947829199,0.3949006497859955,0.0,0.0,0.9187235832214355,0.4532288610935211,0.0,0.0,0.8913924098014832,-0.32340663858576435
586.5952417940614,-1425.7684530959023,0.0,5.74455440200164,0.38800209760665894,0.0,0.0,0.9216582775115967,0.449158251285553,0.0,0.0,0.8934506177902222,0.033277628383661384
587.8402438968063,-1424.4678415248563,0.0,5.724482077200409,0.3810064196586609,0.0,0.0,0.9245721101760864,0.44492706656455994,0.0,0.0,0.895565390586853,-0.32239288480792444
589.0591154423186,-1423.1534167381205,0.0,5.704551931016291,0.37391436100006104,0.0,0.0,0.9274628758430481,0.4405393898487091,0.0,0.0,0.8977320194244385,0.03428420142326327
590.2514521833112,-1421.825810065596,0.0,5.684805921040079,0.3667250871658325,0.0,0.0,0.9303289651870728,0.4360015392303467,0.0,0.0,0.8999447226524353,-0.3213956115768026
591.4168686718497,-1420.48562986791,0.0,5.665286004862557,0.35943761467933655,0.0,0.0,0.9331687688827515,0.431317001581192,0.0,0.0,0.9021992683410645,0.035270055775663334
592.5549970715081,-1419.1334611927746,0.0,5.646034140074516,0.35205021500587463,0.0,0.0,0.9359807968139648,0.4264884293079376,0.0,0.0,0.9044919013977051,-0.32042329517336615
593.6654859105581,-1417.7698654859691,0.0,5.627092284266746,0.3445608615875244,0.0,0.0,0.9387637376785278,0.42151713371276855,0.0,0.0,0.9068194031715393,0.036226715159894174
594.7479987775162,-1416.3953803555783,0.0,5.608502395030032,0.3369670510292053,0.0,0.0,0.9415163397789001,0.4164072871208191,0.0,0.0,0.9091772437095642,-0.3194844118785827
595.8022129602565,-1415.0105193881463,0.0,5.5903064299551595,0.32926538586616516,0.0,0.0,0.944237232208252,0.4111626148223877,0.0,0.0,0.911561131477356,0.037145703294988786
596.8278180297583,-1413.6157720154317,0.0,5.572546346632925,0.3214530944824219,0.0,0.0,0.9469252824783325,0.40578168630599976,0.0,0.0,0.9139691591262817,-0.3185874379734193
597.8245143694074,-1412.2116034305054,0.0,5.5552641026541085,0.3135259449481964,0.0,0.0,0.9495793581008911,0.40026792883872986,0.0,0.0,0.9163974523544312,0.038018543899979496
598.79201156906,-1410.7984546733069,0.0,5.538501182165268,0.3054806888103485,0.0,0.0,0.9521980881690979,0.3946211338043213,0.0,0.0,0.9188433289527893,-0.3177408258275183
599.7300258593422,-1409.3767441913349,0.0,5.52229309727704,0.29731300473213196,0.0,0.0,0.954779863357544,0.3888431191444397,0.0,0.0,0.921303391456604,0.0388371340458496
600.6382779782331,-1407.946869031981,0.0,5.506671272508382,0.2890181541442871,0.0,0.0,0.957323431968689,0.38293200731277466,0.0,0.0,0.9237759113311768,-0.31695184477859617
601.5164917495921,-1406.5092050691874,0.0,5.491667052888202,0.2805921137332916,0.0,0.0,0.9598268866539001,0.3768899738788605,0.0,0.0,0.9262574911117554,0.03959492291555572
602.3643926390134,-1405.0641072407016,0.0,5.477311783445419,0.2720303237438202,0.0,0.0,0.962288498878479,0.37071627378463745,0.0,0.0,0.9287455677986145,-0.31622683117037487
603.1817062723659,-1403.6119098153738,0.0,5.46363680920894,0.26332756876945496,0.0,0.0,0.9647062420845032,0.3644079566001892,0.0,0.0,0.9312388896942139,0.04028557818002437
603.9681569166853,-1402.1529266899718,0.0,5.450673475207673,0.25447985529899597,0.0,0.0,0.9670777916908264,0.3579665422439575,0.0,0.0,0.9337339401245117,-0.3155721173319271
604.7234659229349,-1400.6874517151023,0.0,5.43845312647054,0.24548310041427612,0.0,0.0,0.9694006443023682,0.35138964653015137,0.0,0.0,0.93622887134552,0.04090276751018268
605.4473501299975,-1399.215759049868,0.0,5.427007108026447,0.23633353412151337,0.0,0.0,0.9716718196868896,0.3446771800518036,0.0,0.0,0.9387209415435791,-0.3149940355923264
606.1395202291146,-1397.7381035449828,0.0,5.416366764904303,0.22702817618846893,0.0,0.0,0.973888099193573,0.3378250002861023,0.0,0.0,0.9412086009979248,0.04144015857695765
606.7996790878115,-1396.2547211541453,0.0,5.406563442133024,0.2175661027431488,0.0,0.0,0.9760454297065735,0.3308315873146057,0.0,0.0,0.9436894655227661,-0.31449891828064575
607.427520032189,-1394.7658293735565,0.0,5.397628484741521,0.20794668793678284,0.0,0.0,0.9781399369239807,0.3236968517303467,0.0,0.0,0.9461605548858643,0.041891419051276024
608.0227250862958,-1393.2716277095474,0.0,5.3895932377587075,0.1981709599494934,0.0,0.0,0.9801672697067261,0.3164176940917969,0.0,0.0,0.9486196637153625,-0.3140930977259582
608.5849631670958,-1391.77229817439,0.0,5.382489046213493,0.18824166059494019,0.0,0.0,0.9821226000785828,0.30899059772491455,0.0,0.0,0.9510647058486938,0.042250216604064694
609.113888233388,-1390.268005810451,0.0,5.3763472551347915,0.1781633049249649,0.0,0.0,0.9840008020401001,0.30141302943229675,0.0,0.0,0.9534932971000671,-0.31378290625733696
609.6091373868217,-1388.758899242942,0.0,5.371199209551512,0.1679428219795227,0.0,0.0,0.9857966899871826,0.29368314146995544,0.0,0.0,0.9559024572372437,0.04251021890625045
610.0703289229756,-1387.2451112616511,0.0,5.367076254492568,0.15758882462978363,0.0,0.0,0.9875047206878662,0.2857992649078369,0.0,0.0,0.9582891464233398,-0.3135746762038549
610.4970603302526,-1385.726759432113,0.0,5.3640097349868725,0.1471124142408371,0.0,0.0,0.9891197085380554,0.27775588631629944,0.0,0.0,0.9606513977050781,0.04266509362876031
610.888906234141,-1384.2039467368206,0.0,5.362030996063337,0.13652725517749786,0.0,0.0,0.9906362295150757,0.2695524990558624,0.0,0.0,0.9629855155944824,-0.3134747398945854
611.2454162841792,-1382.6767622471762,0.0,5.361171382750874,0.1258494108915329,0.0,0.0,0.9920492768287659,0.2611839771270752,0.0,0.0,0.9652888774871826,0.042708508442521054
611.5661129807362,-1381.145281827028,0.0,5.361462240078392,0.1150975376367569,0.0,0.0,0.993354082107544,0.2526484429836273,0.0,0.0,0.967557966709137,-0.3134894296586015
611.850489438497,-1379.6095688687315,0.0,5.362934913074808,0.10429269075393677,0.0,0.0,0.9945465326309204,0.243943452835083,0.0,0.0,0.9697892665863037,0.0426341310184597
612.0980070833023,-1378.0696750628504,0.0,5.365620746769028,-0.0934583768248558,0.0,0.0,-0.995622992515564,0.2350650429725647,0.0,0.0,0.9719794988632202,-0.31362507782497623
612.3080932787535,-1376.5256412027056,0.0,5.3695510861899685,-0.08262096345424652,0.0,0.0,-0.9965808987617493,0.2260170578956604,0.0,0.0,0.9741231799125671,0.042435629027503086
612.4802529525289,-1374.9774709318783,0.0,5.374757276366541,-0.07180823385715485,0.0,0.0,-0.9974182844161987,0.2168155312538147,0.0,0.0,0.9762124419212341,-0.3138880167227829
612.6148216956,-1373.4249521567494,0.0,5.381270662327655,-0.06104769557714462,0.0,0.0,-0.9981346726417542,0.20747745037078857,0.0,0.0,0.9782397150993347,0.04210667014057812
612.7125018027402,-1371.8677675385488,0.0,5.389122589102224,-0.05036410689353943,0.0,0.0,-0.9987307786941528,0.19802118837833405,0.0,0.0,0.980197548866272,-0.3142845786810945
612.7739680268955,-1370.305588448471,0.0,5.398344401719161,-0.03978051617741585,0.0,0.0,-0.9992082715034485,0.1884654313325882,0.0,0.0,0.9820796251296997,0.04164092202861164
612.7998663962296,-1368.7380759303683,0.0,5.408966267222891,-0.02931797318160534,0.0,0.0,-0.9995699524879456,-0.17882780730724335,0.0,0.0,-0.9838802814483643,-0.31482103653481824
612.7908153926546,-1367.1648907130223,0.0,5.4209843347942215,-0.01899544708430767,0.0,0.0,-0.9998193979263306,-0.1691250205039978,0.0,0.0,-0.9855945110321045,0.041033948918948515
612.7474085191086,-1365.5857045754096,0.0,5.43435637646507,-0.008830288425087929,0.0,0.0,-0.9999608993530273,-0.15937389433383942,0.0,0.0,-0.9872182011604309,-0.3154963921747601
612.6702176459725,-1364.0002012218893,0.0,5.4490381104503545,0.0011615222319960594,0.0,0.0,-0.9999991655349731,-0.1495921015739441,0.0,0.0,-0.9887476563453674,0.04029244720252001
612.5597963050209,-1362.408076555963,0.0,5.464985254964992,0.010966339148581028,0.0,0.0,-0.9999396800994873,-0.13979478180408478,0.0,0.0,-0.9901803731918335,-0.3163018035138832
612.416682904691,-1360.8090389468198,0.0,5.482153528223905,0.020571595057845116,0.0,0.0,-0.999788224697113,-0.12999805808067322,0.0,0.0,-0.9915142059326172,0.03942536269449404
612.2414038702171,-1359.2028094889183,0.0,5.500498648442009,0.029966190457344055,0.0,0.0,-0.9995507597923279,-0.12021595984697342,0.0,0.0,-0.9927477240562439,-0.31722832473701973
612.0344767116662,-1357.5891222548294,0.0,5.5199763338342205,0.03914032131433487,0.0,0.0,-0.999233603477478,-0.11046336591243744,0.0,0.0,-0.9938801527023315,0.0384416412100389
611.796413022444,-1355.9677245415037,0.0,5.540542302615461,0.04808519035577774,0.0,0.0,-0.9988431334495544,-0.10075543820858002,0.0,0.0,-0.994911253452301,-0.31826701002900154
611.5277214103652,-1354.3383771101048,0.0,5.562152273000644,0.056793615221977234,0.0,0.0,-0.9983859062194824,-0.09110420942306519,0.0,0.0,-0.995841383934021,0.037350228564322574
611.2289103629337,-1352.7008544194905,0.0,5.5847619632046905,0.06525937467813492,0.0,0.0,-0.9978682994842529,-0.08152228593826294,0.0,0.0,-0.9966716170310974,-0.31940891357466045
610.9004910480365,-1351.0549448534025,0.0,5.608327091442524,0.07347680628299713,0.0,0.0,-0.9972968101501465,-0.07202120870351791,0.0,0.0,-0.9974032044410706,0.036160070572512804
610.5429800508305,-1349.4004509413685,0.0,5.632803375929049,0.08144111186265945,0.0,0.0,-0.9966779947280884,-0.06261353194713593,0.0,0.0,-0.9980378746986389,-0.3206450895588284
610.1569020471887,-1347.7371895733036,0.0,5.658146534879193,0.08914856612682343,0.0,0.0,-0.9960182309150696,-0.05330907553434372,0.0,0.0,-0.9985780715942383,0.03488011304977828
609.7427924136708,-1346.0649922077434,0.0,5.684312286507878,0.09659578651189804,0.0,0.0,-0.995323657989502,-0.04411829262971878,0.0,0.0,-0.999026358127594,-0.3219665921663378
609.3011997735991,-1344.3837050736297,0.0,5.711256349030012,0.10378032922744751,0.0,0.0,-0.9946001172065735,-0.0350508987903595,0.0,0.0,-0.9993855953216553,0.033519301811286706
608.8326884784417,-1342.6931893655062,0.0,5.738934440660516,0.11070035398006439,0.0,0.0,-0.9938536882400513,-0.026116691529750824,0.0,0.0,-0.99965900182724,-0.3233644755820198
608.3378410233503,-1340.993321431982,0.0,5.767302279614311,0.11735384911298752,0.0,0.0,-0.993090033531189,-0.017322856932878494,0.0,0.0,-0.9998499155044556,0.0320865826722061
607.8172603953458,-1339.28399295727,0.0,5.796315584106318,0.12374024093151093,0.0,0.0,-0.9923144578933716,-0.008678285405039787,0.0,0.0,-0.999962329864502,-0.324829793990707
607.2715723523169,-1337.5651111355826,0.0,5.825930072351444,0.12985800206661224,0.0,0.0,-0.9915324449539185,-0.00018987338989973068,0.0,0.0,-0.9999999403953552,0.03059090144770482
606.7014276306668,-1335.8365988381443,0.0,5.856101462564616,0.13570669293403625,0.0,0.0,-0.9907488822937012,0.008135950192809105,0.0,0.0,-0.9999668598175049,-0.3263536015772308
606.1075040791458,-1334.0983947725424,0.0,5.886785472960756,0.14128565788269043,0.0,0.0,-0.9899687170982361,0.016291635110974312,0.0,0.0,-0.9998672008514404,0.029041203952950234
605.4905087161078,-1332.350453634132,0.0,5.917937821754768,0.14659486711025238,0.0,0.0,-0.9891964793205261,0.02427191287279129,0.0,0.0,-0.9997053742408752,-0.3279269525264233
604.8511797071496,-1330.5927462491625,0.0,5.949514227161579,0.15163397789001465,0.0,0.0,-0.9884365200996399,0.03207078203558922,0.0,0.0,-0.9994856715202332,0.027446436003111196
604.1902882598314,-1328.8252597092899,0.0,5.981470407396111,0.1564033478498459,0.0,0.0,-0.9876930713653564,0.03968317061662674,0.0,0.0,-0.9992123246192932,-0.32954090102311684
603.5086404319245,-1327.0479974971154,0.0,6.013762080673275,0.16090209782123566,0.0,0.0,-0.9869701862335205,0.04710625112056732,0.0,0.0,-0.9988898038864136,0.025815543413355513
602.8070788493983,-1325.2609796023517,0.0,6.046344965207989,0.1651303917169571,0.0,0.0,-0.9862715601921082,0.054332371801137924,0.0,0.0,-0.9985228180885315,-0.3311865012521428
602.0864843301432,-1323.4642426282376,0.0,6.079174779215179,0.16908857226371765,0.0,0.0,-0.9856006503105164,0.061359137296676636,0.0,0.0,-0.9981157779693604,0.024157471998850932
601.3477774092206,-1321.6578398877632,0.0,6.11220724090975,0.17277701199054718,0.0,0.0,-0.984960675239563,0.06818238645792007,0.0,0.0,-0.9976727366447449,-0.33285480739833323
600.5919197612494,-1319.84184148928,0.0,6.145398068506629,0.17619702219963074,0.0,0.0,-0.984354555606842,0.07479828596115112,0.0,0.0,-0.9971985816955566,0.022481167574766148
599.8199155153727,-1318.0163344110629,0.0,6.178702980220739,0.17934948205947876,0.0,0.0,-0.9837850332260132,0.08120372891426086,0.0,0.0,-0.9966973066329956,-0.3345368736465206
599.0328124580886,-1316.1814225643386,0.0,6.212077694266985,0.18223698437213898,0.0,0.0,-0.9832543134689331,0.08739632368087769,0.0,0.0,-0.9961733222007751,0.020795575956268908
598.2317031191145,-1314.3372268443443,0.0,6.245477928860291,0.18486164510250092,0.0,0.0,-0.9827642440795898,0.09337132424116135,0.0,0.0,-0.9956311583518982,-0.3362237541815361
597.417725735325,-1312.4838851689144,0.0,6.2788594022155815,0.18722669780254364,0.0,0.0,-0.9823164343833923,0.0991259217262268,0.0,0.0,-0.9950746297836304,0.019109642958526907
596.592065087722,-1310.621552504133,0.0,6.312177832547764,0.18933580815792084,0.0,0.0,-0.9819121360778809,0.10465724766254425,0.0,0.0,-0.9945080876350403,-0.3379065031882119
595.755953206316,-1308.7504008765568,0.0,6.3453889380717605,0.1911941021680832,0.0,0.0,-0.9815519452095032,0.10996413230895996,0.0,0.0,-0.9939352869987488,0.017432314396708837
594.9106699377498,-1306.8706193715216,0.0,6.378448437002497,0.1928069293498993,0.0,0.0,-0.981236457824707,0.11504129320383072,0.0,0.0,-0.9933604001998901,-0.33957617485138036
594.057543370459,-1304.9824141170425,0.0,6.411312047554877,0.19417890906333923,0.0,0.0,-0.9809569120407104,0.11988722532987595,0.0,0.0,-0.9927871823310852,0.015772536085982558
593.1979501121598,-1303.0860082528293,0.0,6.443935487943826,0.19531969726085663,0.0,0.0,-0.980725109577179,0.12449812889099121,0.0,0.0,-0.9922195076942444,-0.34122382335587276
592.3333154144608,-1301.1816418839205,0.0,6.476274476384271,0.1962375044822693,0.0,0.0,-0.9805392622947693,0.12887252867221832,0.0,0.0,-0.9916608333587646,0.014139253841515709
591.4651131394364,-1299.2695720184722,0.0,6.508284731091113,0.19694161415100098,0.0,0.0,-0.9803974032402039,0.1330060064792633,0.0,0.0,-0.9911149144172668,-0.3428405028865214
590.594865563048,-1297.350072489222,0.0,6.539921970279276,0.19744263589382172,0.0,0.0,-0.9802972078323364,0.1368958204984665,0.0,0.0,-0.9905850887298584,0.012541413478477148
589.7241430103942,-1295.4234338581791,0.0,6.5711419121636885,0.19775253534317017,0.0,0.0,-0.9802359938621521,0.14053945243358612,0.0,0.0,-0.990074634552002,-0.34441726762815833
588.8545633178628,-1293.4899633040861,0.0,6.601900274959254,0.19788455963134766,0.0,0.0,-0.9802109003067017,0.14393457770347595,0.0,0.0,-0.9895867705345154,0.010987960812034403
587.9877890729929,-1291.5499841845367,0.0,6.632152776880898,0.197853684425354,0.0,0.0,-0.9802185893058777,0.14708617329597473,0.0,0.0,-0.9891232252120972,-0.3459451717656151
587.1250720498375,-1289.603767458117,0.0,6.661855136143541,0.19767515361309052,0.0,0.0,-0.9802557229995728,0.15000301599502563,0.0,0.0,-0.988685131072998,0.009487841657355445
586.2666609535398,-1287.6514425435766,0.0,6.690963070962094,0.19736327230930328,0.0,0.0,-0.9803192615509033,0.15269851684570312,0.0,0.0,-0.9882724285125732,-0.3474152694837238
585.4126663762804,-1285.69312662583,0.0,6.719435535040122,0.19693072140216827,0.0,0.0,-0.9804064631462097,0.15518291294574738,0.0,0.0,-0.9878854155540466,0.00804983842109136
584.5631943023177,-1283.7289334478137,0.0,6.747273087718918,0.1963893622159958,0.0,0.0,-0.9805147647857666,0.15746688842773438,0.0,0.0,-0.9875239133834839,-0.3488212064877034
583.7183425480218,-1281.7589649801523,0.0,6.774505157082019,0.19574971497058868,0.0,0.0,-0.9806418418884277,0.159560889005661,0.0,0.0,-0.9871878027915955,0.006674481382550945
582.8782008860279,-1279.7833113576512,0.0,6.8011617521757595,0.1950208693742752,0.0,0.0,-0.9807857275009155,0.16147346794605255,0.0,0.0,-0.9868768453598022,-0.3501674991692054
582.042851243455,-1277.802050981431,0.0,6.82727288204647,0.19421197474002838,0.0,0.0,-0.9809443950653076,0.16321393847465515,0.0,0.0,-0.9865904450416565,0.005355737449686759
581.2123678990224,-1275.8152506168171,0.0,6.852868555740475,0.1933302879333496,0.0,0.0,-0.9811163544654846,0.16478943824768066,0.0,0.0,-0.9863285422325134,-0.35146020996183197
580.3868176788064,-1273.8229654867591,0.0,6.877978782304101,0.19238312542438507,0.0,0.0,-0.9812999963760376,0.16620959341526031,0.0,0.0,-0.9860902428627014,0.004087544188897563
579.5662601503687,-1271.8252393605146,0.0,6.902633570783686,0.19137698411941528,0.0,0.0,-0.9814938306808472,0.16748246550559998,0.0,0.0,-0.9858748316764832,-0.35270540129918476
578.750747815029,-1269.822104637406,0.0,6.926862930225551,0.1903173178434372,0.0,0.0,-0.9816967844963074,0.168614462018013,0.0,0.0,-0.9856818914413452,0.002863839166581228
577.9403262980361,-1267.8135824254045,0.0,6.950696869676025,0.18920962512493134,0.0,0.0,-0.9819076061248779,0.1696123629808426,0.0,0.0,-0.9855106472969055,-0.3539091356148653
577.1350345364212,-1265.7996826143424,0.0,6.974165398181443,0.18805862963199615,0.0,0.0,-0.9821252822875977,0.17048288881778717,0.0,0.0,-0.9853604435920715,0.0016785599491358494
576.3349049643201,-1263.7804039435532,0.0,6.997298524788124,0.18687057495117188,0.0,0.0,-0.9823582172393799,0.17123231291770935,0.0,0.0,-0.9852305054664612,-0.3550774753424754
575.539963695559,-1261.7557340637297,0.0,7.020126258542405,0.18564735352993011,0.0,0.0,-0.9825950264930725,0.171866774559021,0.0,0.0,-0.9851160645484924,0.0005256441029600212
574.7502307033127,-1259.7256495928286,0.0,7.042678608490614,0.18439233303070068,0.0,0.0,-0.9828354120254517,0.17239266633987427,0.0,0.0,-0.9850216507911682,-0.3562164829156173
573.9657199966483,-1257.6901161658218,0.0,7.064985583679071,0.18310922384262085,0.0,0.0,-0.9830785393714905,0.1728149950504303,0.0,0.0,-0.9849461913108826,-0.0006009708055478846
573.1864397937788,-1255.649088478119,0.0,7.087077193154115,0.1818006932735443,0.0,0.0,-0.9833240509033203,0.17313866317272186,0.0,0.0,-0.9848886728286743,-0.35733222076789223
572.4123926918558,-1253.6025103224943,0.0,7.108983445962071,0.1804693639278412,0.0,0.0,-0.9835714101791382,0.17336946725845337,0.0,0.0,-0.9848479628562927,-0.001707347209990162
571.6435758331436,-1251.550314619335,0.0,7.130734351149266,0.17911799252033234,0.0,0.0,-0.9838200807571411,0.17351114749908447,0.0,0.0,-0.9848232269287109,-0.35843075133290203
570.8799810674128,-1249.4924234400482,0.0,7.152359917762029,0.17774909734725952,0.0,0.0,-0.9840697646141052,0.17356856167316437,0.0,0.0,-0.9848135113716125,-0.0027995475439680506
570.1215951104163,-1247.4287480234696,0.0,7.173890154846689,0.17636452615261078,0.0,0.0,-0.9843200445175171,0.17354616522789001,0.0,0.0,-0.9848178625106812,-0.35951813704424856
569.3683996982937,-1245.3591887850964,0.0,7.195355071449574,0.17496651411056519,0.0,0.0,-0.9845703840255737,0.173448383808136,0.0,0.0,-0.9848353862762451,-0.0038836342410834557
568.6203717377782,-1243.2836353189984,0.0,7.216784676617024,0.17355646193027496,0.0,0.0,-0.9848206639289856,0.1732783019542694,0.0,0.0,-0.9848654270172119,-0.36060044033553396
567.8774834520666,-1241.2019663922322,0.0,7.23820897939535,0.17213639616966248,0.0,0.0,-0.9850704669952393,0.17303934693336487,0.0,0.0,-0.9849072694778442,-0.004965669734938227
567.139702522231,-1239.114049931615,0.0,7.259657988830886,0.17070764303207397,0.0,0.0,-0.9853195548057556,0.17273589968681335,0.0,0.0,-0.9849600195884705,-0.36168372364035906
566.406992224046,-1237.019743002681,0.0,7.281161713969965,0.16927175223827362,0.0,0.0,-0.985567569732666,0.1723705679178238,0.0,0.0,-0.9850230813026428,-0.006051716459134104
565.6793115601149,-1234.9188917806728,0.0,7.302750163858913,0.16783010959625244,0.0,0.0,-0.9858143329620361,0.17194777727127075,0.0,0.0,-0.9850956797599792,-0.36277404939232616
564.9566153871774,-1232.811331513392,0.0,7.324453347544059,0.16638398170471191,0.0,0.0,-0.9860597252845764,0.17147010564804077,0.0,0.0,-0.985177218914032,-0.0071478368472727705
564.2388547600415,-1230.6968871317608,0.0,7.346298995260719,0.16493451595306396,0.0,0.0,-0.986303448677063,0.1709403693675995,0.0,0.0,-0.9852670431137085,-0.3638773649335716
563.525979766712,-1228.5753813589693,0.0,7.368286495556527,0.16348294913768768,0.0,0.0,-0.9865453243255615,0.17036087810993195,0.0,0.0,-0.9853647947311401,-0.008258316660192333
562.8179413279679,-1226.4466402004937,0.0,7.390396033155652,0.16203024983406067,0.0,0.0,-0.9867851138114929,0.1697348952293396,0.0,0.0,-0.9854697585105896,-0.36499400824665873
562.1146911111406,-1224.310493019897,0.0,7.412607428783672,0.1605774313211441,0.0,0.0,-0.9870227575302124,0.1690666228532791,0.0,0.0,-0.9855865836143494,-0.009380104318173155
561.4161814107715,-1222.166772515021,0.0,7.434900503166155,0.15912559628486633,0.0,0.0,-0.9872579574584961,0.1683567315340042,0.0,0.0,-0.9857099056243896,-0.3661199210942589
560.7223650323119,-1220.0153146994046,0.0,7.457255077028677,0.15767551958560944,0.0,0.0,-0.9874906539916992,0.16760726273059845,0.0,0.0,-0.9858391880989075,-0.010509123200118708
560.0331951789442,-1217.8559588890457,0.0,7.479650971096817,0.1562284678220749,0.0,0.0,-0.9877206683158875,0.1668216735124588,0.0,0.0,-0.9859738945960999,-0.36725102685527605
559.3486253416089,-1215.688547694622,0.0,7.502068006096135,0.15478526055812836,0.0,0.0,-0.987947940826416,0.16600215435028076,0.0,0.0,-0.9861134886741638,-0.011641296684932745
558.6686091923162,-1213.5129270192797,0.0,7.52448600275221,0.15334682166576385,0.0,0.0,-0.9881722927093506,0.16515006124973297,0.0,0.0,-0.986257791519165,-0.3683832489086132
557.993100480834,-1211.328946062117,0.0,7.54688478179062,0.15191413462162018,0.0,0.0,-0.9883935451507568,0.16426727175712585,0.0,0.0,-0.9864063262939453,-0.012772548151519125
557.3220529348366,-1209.1364573274693,0.0,7.569244163936933,0.15048831701278687,0.0,0.0,-0.98861163854599,0.16335636377334595,0.0,0.0,-0.9865585565567017,-0.3695125106331745
556.6554201636101,-1206.9353166401233,0.0,7.591543969916728,0.14907006919384003,0.0,0.0,-0.9888264536857605,0.16241879761219025,0.0,0.0,-0.9867141842842102,-0.013898800978781434
555.9931555654019,-1204.72538316657,0.0,7.613764020455581,0.14766044914722443,0.0,0.0,-0.9890379309654236,0.16145724058151245,0.0,0.0,-0.9868728518486023,-0.37063473540786407
555.3352122385161,-1202.5065194424164,0.0,7.635884136279053,0.14626049995422363,0.0,0.0,-0.9892459511756897,0.16047292947769165,0.0,0.0,-0.9870340824127197,-0.01501597854562342
554.6815428962407,-1200.2785914060735,0.0,7.657884138112727,0.14486977458000183,0.0,0.0,-0.9894415736198425,0.15946733951568604,0.0,0.0,-0.9871975779533386,-0.371745846611585
554.0320997857128,-1198.0414684388247,0.0,7.679743846682172,0.14349223673343658,0.0,0.0,-0.9896440505981445,0.15844190120697021,0.0,0.0,-0.9873632192611694,-0.016120004230948892
553.3868346108184,-1195.7950234114064,0.0,7.701443082712965,0.14212745428085327,0.0,0.0,-0.9898423552513123,0.1573990136384964,0.0,0.0,-0.9875304102897644,-0.3728417676232412
552.7456984592158,-1193.5391327371958,0.0,7.722961666930675,0.14077535271644592,0.0,0.0,-0.990027666091919,0.15633997321128845,0.0,0.0,-0.987699031829834,-0.017206801413661543
552.1086417335956,-1191.2736764321182,0.0,7.744279420060889,0.1394396275281906,0.0,0.0,-0.9902192950248718,0.15526601672172546,0.0,0.0,-0.9878689050674438,-0.3739184218217369
551.4756140872659,-1188.9985382565744,0.0,7.765376162829163,0.13811853528022766,0.0,0.0,-0.9903974533081055,0.15417799353599548,0.0,0.0,-0.9880396723747253,-0.018272293472665235
550.8465643641634,-1186.713658326528,0.0,7.786231715961077,0.13681593537330627,0.0,0.0,-0.9905816912651062,0.15307895839214325,0.0,0.0,-0.9882108569145203,-0.374971732585975
550.2214405433341,-1184.419126569042,0.0,7.806825900896997,0.13553008437156677,0.0,0.0,-0.9907522201538086,0.15197084844112396,0.0,0.0,-0.9883821606636047,-0.01931240382296423
549.6001892981789,-1182.1150632889248,0.0,7.8271434731902,0.13426439464092255,0.0,0.0,-0.9909284114837646,0.15085482597351074,0.0,0.0,-0.9885534644126892,-0.3759978726007832
548.9827546571005,-1179.8015898373246,0.0,7.847185910660693,0.13301724195480347,0.0,0.0,-0.9910911321640015,0.14973291754722595,0.0,0.0,-0.9887242913246155,-0.020324648139655788
548.3690777590099,-1177.4788275488347,0.0,7.866958230297797,0.13179071247577667,0.0,0.0,-0.9912502765655518,0.14860616624355316,0.0,0.0,-0.9888944625854492,-0.3769964746026572
547.759096895695,-1175.146897716513,0.0,7.886465449090804,0.1305869221687317,0.0,0.0,-0.9914148449897766,0.14747700095176697,0.0,0.0,-0.9890636205673218,-0.021309861210009717
547.1527475538162,-1172.805921567107,0.0,7.9057125840290325,0.12940388917922974,0.0,0.0,-0.9915657043457031,0.14634715020656586,0.0,0.0,-0.9892317056655884,-0.3779685521247899
546.5499624564907,-1170.456020236492,0.0,7.92470465210179,0.12824350595474243,0.0,0.0,-0.9917128086090088,0.14521726965904236,0.0,0.0,-0.9893983602523804,-0.022269056567219614
545.9506716044366,-1168.0973147453342,0.0,7.943446670298386,0.12710629403591156,0.0,0.0,-0.9918562173843384,0.14408919215202332,0.0,0.0,-0.9895633459091187,-0.3789151187003756
545.354802316651,-1165.729925975014,0.0,7.961943655608125,0.12599283456802368,0.0,0.0,-0.9919958114624023,0.14296381175518036,0.0,0.0,-0.9897266626358032,-0.023203247744479183
544.7622792705841,-1163.3539746438075,0.0,7.980200625020331,0.12490347772836685,0.0,0.0,-0.9921315908432007,0.14184246957302094,0.0,0.0,-0.989888072013855,-0.37983718786260817
544.1730245417896,-1160.969581283356,0.0,7.99822259552429,0.12383884936571121,0.0,0.0,-0.9922634959220886,0.14072585105895996,0.0,0.0,-0.9900475144386292,-0.024113448274982185
543.5869576430163,-1158.5768662154333,0.0,8.016014584109325,0.12279921025037766,0.0,0.0,-0.9923915863037109,0.13961611688137054,0.0,0.0,-0.9902047514915466,-0.38073577314468066
543.0039955627152,-1156.1759495290248,0.0,8.033581607764743,0.1217847615480423,0.0,0.0,-0.9925158619880676,0.138513445854187,0.0,0.0,-0.9903597831726074,-0.02500067169192255
542.4240528029371,-1153.7669510577443,0.0,8.050928683479851,0.12079624831676483,0.0,0.0,-0.9926362037658691,0.13741923868656158,0.0,0.0,-0.9905123114585876,-0.3816118880797871
541.8470414165911,-1151.3499903575962,0.0,8.068060828243963,0.1198335662484169,0.0,0.0,-0.9927526712417603,0.13633449375629425,0.0,0.0,-0.9906622767448425,-0.02586593152849387
541.2728710440387,-1148.925186685091,0.0,8.084983059046385,0.11889734864234924,0.0,0.0,-0.9928653240203857,0.13526013493537903,0.0,0.0,-0.9908095002174377,-0.3824665462011215
540.7014489489981,-1146.4926589757472,0.0,8.101700392876422,0.11798764020204544,0.0,0.0,-0.9929741621017456,0.13419735431671143,0.0,0.0,-0.9909540414810181,-0.026710241317889682
540.1326800537348,-1144.0525258229786,0.0,8.118217846723388,0.11710486561059952,0.0,0.0,-0.9930791258811951,0.13314636051654816,0.0,0.0,-0.9910958409309387,-0.3833007610418774
539.5664669735115,-1141.604905457387,0.0,8.134540437576584,0.11624908447265625,0.0,0.0,-0.9931802749633789,0.13210877776145935,0.0,0.0,-0.9912346601486206,-0.02753461459330364
539.0027100502758,-1139.1499157264748,0.0,8.15067318242533,0.11542058736085892,0.0,0.0,-0.9932777285575867,0.13108442723751068,0.0,0.0,-0.991370677947998,-0.38411554613524834
538.4413073855595,-1136.687674074785,0.0,8.166621098258927,0.11461945623159409,0.0,0.0,-0.9933714270591736,0.13007426261901855,0.0,0.0,-0.9915037155151367,-0.028340064887929783
537.8821548725699,-1134.2182975244923,0.0,8.182389202066688,0.11384611576795578,0.0,0.0,-0.9934613704681396,0.12907975912094116,0.0,0.0,-0.9916336536407471,-0.3849119150144282
537.3251462274475,-1131.7419026564512,0.0,8.197982510837923,0.11310060322284698,0.0,0.0,-0.9935476779937744,0.12810088694095612,0.0,0.0,-0.9917605519294739,-0.02912760573496187
536.7701730196682,-1129.2586055917118,0.0,8.213406041561937,0.1123834103345871,0.0,0.0,-0.9936302304267883,0.12713955342769623,0.0,0.0,-0.9918842911720276,-0.3856908812126107
536.2171247015713,-1126.76852197352,0.0,8.228664811228038,0.11169451475143433,0.0,0.0,-0.9937092065811157,0.12619450688362122,0.0,0.0,-0.9920050501823425,-0.029898250667593218
535.6658886369884,-1124.2717669498177,0.0,8.243763836825538,0.11103411763906479,0.0,0.0,-0.9937845468521118,0.12526842951774597,0.0,0.0,-0.9921224117279053,-0.3864534582629895
535.1163501289545,-1121.768455156247,0.0,8.258708135343745,0.11040234565734863,0.0,0.0,-0.9938563108444214,0.12435963749885559,0.0,0.0,-0.9922366738319397,-0.030653013219017866
534.5683924464811,-1119.2587006996687,0.0,8.273502723771967,0.10979945212602615,0.0,0.0,-0.9939244389533997,0.12347081303596497,0.0,0.0,-0.992347776889801,-0.3872006596987582
534.0218968503685,-1116.742617142224,0.0,8.288152619099524,0.10922536253929138,0.0,0.0,-0.993989109992981,0.12260136008262634,0.0,0.0,-0.9924556016921997,-0.0313929069224298
533.4767426180438,-1114.220317485926,0.0,8.302662838315705,0.10868028551340103,0.0,0.0,-0.9940502643585205,0.12175177037715912,0.0,0.0,-0.9925602674484253,-0.38793349905311086
532.932807067397,-1111.6919141578098,0.0,8.31703839840983,0.10816417634487152,0.0,0.0,-0.9941079616546631,0.12092285603284836,0.0,0.0,-0.9926615953445435,-0.03211894531102194
532.3899655796048,-1109.157518995648,0.0,8.331284316371208,0.10767717659473419,0.0,0.0,-0.9941622018814087,0.12011504173278809,0.0,0.0,-0.9927595853805542,-0.3886529898592411
531.8480916209169,-1106.6172432342335,0.0,8.345405609189145,0.10721930861473083,0.0,0.0,-0.9942130446434021,0.11932900547981262,0.0,0.0,-0.9928543567657471,-0.03283214191798839
531.307056763392,-1104.0711974922574,0.0,8.359407293852952,0.10679042339324951,0.0,0.0,-0.9942605495452881,0.11856510490179062,0.0,0.0,-0.9929459095001221,-0.3893601456503425
530.7667307045612,-1101.519491759771,0.0,8.373294387351944,0.10639054328203201,0.0,0.0,-0.9943047761917114,0.11782296001911163,0.0,0.0,-0.9930341839790344,-0.03353351027652335
530.2269812860034,-1098.962235386261,0.0,8.387071906675418,0.10601944476366043,0.0,0.0,-0.9943457245826721,0.11710397154092789,0.0,0.0,-0.9931192994117737,-0.3900559799596089
529.687674510818,-1096.399537069335,0.0,8.400744868812685,0.10567694902420044,0.0,0.0,-0.9943834543228149,0.11640731245279312,0.0,0.0,-0.9931964874267578,-0.034224063919819636
529.1486745599726,-1093.8315048440359,0.0,8.414318290753059,0.10536279529333115,0.0,0.0,-0.9944180250167847,0.11573474109172821,0.0,0.0,-0.9932709336280823,-0.3907415063202338
528.6098438075126,-1091.2582460727817,0.0,8.427797189485847,0.10507681220769882,0.0,0.0,-0.9944494962692261,0.1150858923792839,0.0,0.0,-0.9933426976203918,-0.03490481638107157
528.0710428346168,-1088.6798674359595,0.0,8.44118658200036,0.10481862723827362,0.0,0.0,-0.9944778680801392,0.11446144431829453,0.0,0.0,-0.9934117197990417,-0.3914177382654113
527.5321304424816,-1086.0964749231662,0.0,8.45449148528591,0.1045875996351242,0.0,0.0,-0.9945033192634583,0.11386142671108246,0.0,0.0,-0.993478000164032,-0.03557678119347302
526.9929636640162,-1083.5081738251092,0.0,8.467716916331794,0.1043836921453476,0.0,0.0,-0.9945257902145386,0.11328679323196411,0.0,0.0,-0.993541419506073,-0.39208568932833476
526.4533977743367,-1080.91506872618,0.0,8.480867892127327,0.10420624166727066,0.0,0.0,-0.9945453405380249,0.11273706704378128,0.0,0.0,-0.9936020374298096,-0.03624097189021708
525.913286300043,-1078.3172634977136,0.0,8.493949429661823,0.10405495762825012,0.0,0.0,-0.9945620894432068,0.11221270263195038,0.0,0.0,-0.9936598539352417,-0.3927463730421982
525.372481256533,-1075.7148614539137,0.0,8.506966545924582,0.10392922163009644,0.0,0.0,-0.994576096534729,0.11171457916498184,0.0,0.0,-0.9937148094177246,-0.03689840200449779
524.8308588192858,-1073.1079834796908,0.0,8.51992425790492,0.10382826626300812,0.0,0.0,-0.9945874214172363,0.11124162375926971,0.0,0.0,-0.9937669634819031,-0.39340080294019514
524.2883430894459,-1070.4967848810886,0.0,8.532827324193041,0.10375168174505234,0.0,0.0,-0.9945961236953735,0.11079303920269012,0.0,0.0,-0.9938164353370667,-0.03755007201904936
523.7448631328687,-1067.881426814088,0.0,8.54567364911239,0.10369903594255447,0.0,0.0,-0.9946022629737854,0.11036870628595352,0.0,0.0,-0.9938632249832153,-0.39404960722905114
523.2003479529134,-1065.262074659189,0.0,8.558453734759597,0.10366985201835632,0.0,0.0,-0.9946058988571167,0.10996952652931213,0.0,0.0,-0.9939072728157043,-0.0381955308901204
522.6547265181973,-1062.6388981285957,0.0,8.571157715036922,0.10366374254226685,0.0,0.0,-0.9946070909500122,0.10959414392709732,0.0,0.0,-0.993948757648468,-0.3946912223945726
522.1079277682888,-1060.0120712581083,0.0,8.583775723846616,0.10368051379919052,0.0,0.0,-0.9946058392524719,0.10924268513917923,0.0,0.0,-0.9939876198768616,-0.0388328040623272
521.5598806207626,-1057.3817723963687,0.0,8.596297895090927,0.10371988266706467,0.0,0.0,-0.9946022033691406,0.1089153066277504,0.0,0.0,-0.9940239191055298,-0.39532365528569946
521.0105139796274,-1054.7481841914287,0.0,8.608714362672119,0.10378165543079376,0.0,0.0,-0.9945961236953735,0.10861144959926605,0.0,0.0,-0.9940575957298279,-0.03945989838460956
520.4597567451408,-1052.1114935746073,0.0,8.62101526049244,0.10386564582586288,0.0,0.0,-0.9945876598358154,0.10833069682121277,0.0,0.0,-0.9940887689590454,-0.3959449127513722
519.9075378250221,-1049.471891741625,0.0,8.633190722454144,0.1039714589715004,0.0,0.0,-0.9945768713951111,0.10807321220636368,0.0,0.0,-0.9941174387931824,-0.04007482070590773
519.3537861470751,-1046.8295741309757,0.0,8.645230882459476,0.10409915447235107,0.0,0.0,-0.9945638179779053,0.10783806443214417,0.0,0.0,-0.9941437244415283,-0.3965530016405305
518.7984306732338,-1044.1847403995316,0.0,8.657125874410706,0.10424862802028656,0.0,0.0,-0.9945483207702637,0.1076253280043602,0.0,0.0,-0.9941675662994385,-0.04067557787516174
518.2414004150431,-1041.5375943953456,0.0,8.668865832210079,0.1044199988245964,0.0,0.0,-0.994530439376831,0.1074352040886879,0.0,0.0,-0.9941889643669128,-0.39714592880211497
517.6826244505806,-1038.8883441276262,0.0,8.680440889759852,0.10461296141147614,0.0,0.0,-0.9945102334022522,0.10726778954267502,0.0,0.0,-0.9942079186439514,-0.04126017674131188
517.1220319428388,-1036.23720173388,0.0,8.691841180962275,0.10482757538557053,0.0,0.0,-0.9944876432418823,0.10712247341871262,0.0,0.0,-0.994224488735199,-0.3977217010850656
516.5595521595664,-1033.5843834441844,0.0,8.703056839719599,0.10506384819746017,0.0,0.0,-0.9944626688957214,0.10699991136789322,0.0,0.0,-0.9942386150360107,-0.041826624153297964
515.9951144945909,-1030.9301095425858,0.0,8.714077999934085,0.10532183200120926,0.0,0.0,-0.9944353103637695,0.10689997673034668,0.0,0.0,-0.9942502975463867,-0.39827832533832247
515.4286484906189,-1028.2746043255868,0.0,8.724894795507987,0.10560150444507599,0.0,0.0,-0.9944055676460266,0.10682228207588196,0.0,0.0,-0.9942595362663269,-0.042372926960060675
514.8600838635342,-1025.618096057733,0.0,8.735497360343553,0.10590303689241409,0.0,0.0,-0.9943733811378479,0.10676738619804382,0.0,0.0,-0.9942662715911865,-0.39881380841082587
514.2893505281911,-1022.9608169242517,0.0,8.74587582834304,0.1062263548374176,0.0,0.0,-0.9943386912345886,0.10673392564058304,0.0,0.0,-0.9942707419395447,-0.04289709201053976
513.7163786257177,-1020.303002980752,0.0,8.756020333408701,0.10657147318124771,0.0,0.0,-0.9943014979362488,0.10672251135110855,0.0,0.0,-0.994272768497467,-0.3993261571515158
513.141098552333,-1017.6448940999652,0.0,8.765921009442788,0.10693864524364471,0.0,0.0,-0.9942618012428284,0.10673291981220245,0.0,0.0,-0.9942724108695984,-0.043397126153675525
512.5634409896824,-1014.9867339155088,0.0,8.775567990347557,0.10732770711183548,0.0,0.0,-0.9942195415496826,0.10676547884941101,0.0,0.0,-0.9942696690559387,-0.3998133784093324
511.98333693669775,-1012.3287697626724,0.0,8.784951410025263,0.10773901641368866,0.0,0.0,-0.9941746592521667,0.1068202406167984,0.0,0.0,-0.9942644834518433,-0.0438710362384081
511.4007177429861,-1009.671252616206,0.0,8.794061402378158,0.10817348957061768,0.0,0.0,-0.9941270351409912,0.10689735412597656,0.0,0.0,-0.9942567944526672,-0.40027347903321603
510.8155151437519,-1007.0144370251173,0.0,8.802888101308497,0.10863257944583893,0.0,0.0,-0.9940764904022217,0.10699623823165894,0.0,0.0,-0.9942467212677002,-0.044316829113677736
510.22766129625194,-1004.3585810444587,0.0,8.81142164071853,0.1091185063123703,0.0,0.0,-0.9940227270126343,0.10711733251810074,0.0,0.0,-0.9942341446876526,-0.40070446587210656
509.63708881778837,-1001.7039461641101,0.0,8.819652154510514,0.10963500291109085,0.0,0.0,-0.9939652681350708,0.1072605773806572,0.0,0.0,-0.9942191243171692,-0.044732511628424454
509.043730825236,-999.0507972345438,0.0,8.827569776586703,0.11018674075603485,0.0,0.0,-0.9939035177230835,0.10742618888616562,0.0,0.0,-0.9942015409469604,-0.40110434577494436
508.4475209761111,-996.3994023895926,0.0,8.835164640849346,0.11077993363142014,0.0,0.0,-0.9938366413116455,0.1076136901974678,0.0,0.0,-0.9941814541816711,-0.045116090631588224
507.8483935111704,-993.7500329661902,0.0,8.842426881200705,0.11142271012067795,0.0,0.0,-0.9937636852264404,0.10782333463430405,0.0,0.0,-0.9941588640213013,-0.4014711255906696
507.24628329854727,-991.1029634211236,0.0,8.84934663154303,0.11212467402219772,0.0,0.0,-0.993683397769928,0.1080554947257042,0.0,0.0,-0.994133710861206,-0.04546557297210968
506.6411258794161,-988.4584712447742,0.0,8.855914025778572,0.11289720982313156,0.0,0.0,-0.9935942888259888,0.10830999910831451,0.0,0.0,-0.9941059350967407,-0.4018028121682223
506.03285751518314,-985.8168368718726,0.0,8.862119197809587,0.11375397443771362,0.0,0.0,-0.9934943914413452,0.10858709365129471,0.0,0.0,-0.9940754771232605,-0.04577896549892857
505.42141523619546,-983.1783435892684,0.0,8.867952281538328,0.11471034586429596,0.0,0.0,-0.993381679058075,0.10888701677322388,0.0,0.0,-0.9940423965454102,-0.4020974123565425
504.80673689196624,-980.5432774407348,0.0,8.873403410867049,0.11578390002250671,0.0,0.0,-0.9932535290718079,0.10920964181423187,0.0,0.0,-0.9940065741539001,-0.046054275060985195
504.18876120290207,-977.9119271288132,0.0,8.878462719698005,0.11699472367763519,0.0,0.0,-0.9931069612503052,0.1095549464225769,0.0,0.0,-0.9939680099487305,-0.4023529330045706
503.56742781352796,-975.2845839137238,0.0,8.88312034193345,0.11836618930101395,0.0,0.0,-0.9929493069648743,0.10992283374071121,0.0,0.0,-0.9939267039299011,-0.0462895085072198
502.94267734719847,-972.661541509357,0.0,8.88736641147563,0.1199212595820427,0.0,0.0,-0.9927666187286377,0.1103140190243721,0.0,0.0,-0.9938825368881226,-0.4025673809612464
502.3144514624397,-970.0430959770276,0.0,8.891191059986033,0.12168639898300171,0.0,0.0,-0.9925549626350403,0.11072852462530136,0.0,0.0,-0.9938355088233948,-0.04648267257340172
501.6826930615891,-967.4295462379645,0.0,8.894582298931873,0.12369006872177124,0.0,0.0,-0.9923098087310791,0.11116626113653183,0.0,0.0,-0.9937855005264282,-0.4027386556554807
501.04734678794654,-964.8211957281076,0.0,8.897522078649857,0.12596212327480316,0.0,0.0,-0.9920260310173035,0.11163455247879028,0.0,0.0,-0.993731677532196,-0.046631146296532255
500.40823123604787,-962.2183525675836,0.0,8.899991273332754,0.1285332590341568,0.0,0.0,-0.9916977882385254,0.11215552687644958,0.0,0.0,-0.9936712384223938,-0.4028633624576472
499.7633148625885,-959.6213294068574,0.0,8.901970757173336,0.13143132627010345,0.0,0.0,-0.9913191795349121,0.11275769770145416,0.0,0.0,-0.9936005473136902,-0.04673112022787479
499.1091717178749,-957.0304432675464,0.0,8.903441404364376,0.1346791684627533,0.0,0.0,-0.9908843040466309,0.11347009986639023,0.0,0.0,-0.9935216307640076,-0.40293763756830575
498.44234186482953,-954.446015377969,0.0,8.904384089098636,0.13829421997070312,0.0,0.0,-0.9903872013092041,0.1143188625574112,0.0,0.0,-0.9934262633323669,-0.04677873056798898
497.7593676250243,-951.8683710034632,0.0,8.90477968556889,0.1422889232635498,0.0,0.0,-0.9898219108581543,0.1153293028473854,0.0,0.0,-0.9933112263679504,-0.40295761718801554
497.0567958808832,-949.2978392715636,0.0,8.904609067967906,0.14667057991027832,0.0,0.0,-0.9891827702522278,0.11652518063783646,0.0,0.0,-0.9931732416152954,-0.046770113517434264
496.3311804904589,-946.7347529920836,0.0,8.903853110488452,0.15144194662570953,0.0,0.0,-0.9884639382362366,0.11792860925197601,0.0,0.0,-0.9930089116096497,-0.402919437517336
495.5790848137231,-944.1794484722107,0.0,8.902492687323297,0.15660139918327332,0.0,0.0,-0.9876600503921509,0.11956103146076202,0.0,0.0,-0.9928150177001953,-0.046701405276769914
494.7970843491624,-941.6322653266786,0.0,8.900508672665213,0.16214294731616974,0.0,0.0,-0.9867656826972961,0.12144110351800919,0.0,0.0,-0.9925878643989563,-0.4028192347568267
493.98176947932797,-939.0935462831181,0.0,8.897881940706968,0.1680566519498825,0.0,0.0,-0.9857760667800903,0.12358660250902176,0.0,0.0,-0.9923239350318909,-0.046568742046555534
493.1297483238531,-936.5636369827046,0.0,8.894593365641327,0.17432937026023865,0.0,0.0,-0.9846862554550171,0.12601324915885925,0.0,0.0,-0.9920195937156677,-0.40265314510704686
492.2376496982713,-934.0428857761833,0.0,8.890623821661066,0.18094465136528015,0.0,0.0,-0.983492374420166,0.12873512506484985,0.0,0.0,-0.9916709661483765,-0.046368260027350394
491.3021261768435,-931.5316435154239,0.0,8.88595418295895,0.1878836452960968,0.0,0.0,-0.9821905493736267,0.13176508247852325,0.0,0.0,-0.9912737011909485,-0.40241730476855614
490.3198572574127,-929.0302633406079,0.0,8.880565323727746,0.1951250284910202,0.0,0.0,-0.9807777404785156,0.13511326909065247,0.0,0.0,-0.9908236861228943,-0.04609609541971382
489.28755262615704,-926.5391004632023,0.0,8.874438118160226,0.2026461362838745,0.0,0.0,-0.9792514443397522,0.13878795504570007,0.0,0.0,-0.9903163313865662,-0.40210784994191373
488.20195551992964,-924.0585119448558,0.0,8.867553440449162,0.2104230374097824,0.0,0.0,-0.9776099920272827,0.14279338717460632,0.0,0.0,-0.9897472858428955,-0.045748384424205535
487.05984618370456,-921.5888564723755,0.0,8.859892164787318,0.21843118965625763,0.0,0.0,-0.9758519530296326,0.14712464809417725,0.0,0.0,-0.9891131520271301,-0.4017209168276792
485.85869839180026,-919.1308413868295,0.0,8.851435165367466,0.22664666175842285,0.0,0.0,-0.9739766716957092,0.1517624855041504,0.0,0.0,-0.988412618637085,-0.045321263241384746
484.5990875461367,-916.6868011658355,0.0,8.842163341379704,0.23504866659641266,0.0,0.0,-0.9719833135604858,0.15668541193008423,0.0,0.0,-0.9876446723937988,-0.40125264288890333
483.28250516285436,-914.2595290401563,0.0,8.83207772874008,0.2436206042766571,0.0,0.0,-0.9698703289031982,0.16187480092048645,0.0,0.0,-0.9868078231811523,-0.04481188886564613
481.9104469769031,-911.8517797415248,0.0,8.821235777179012,0.2523491680622101,0.0,0.0,-0.9676359295845032,0.167313352227211,0.0,0.0,-0.9859006404876709,-0.4007050695777383
480.4844082854793,-909.4662651361808,0.0,8.809704740920669,0.26122432947158813,0.0,0.0,-0.9652777910232544,0.1729862540960312,0.0,0.0,-0.984921395778656,-0.04422951329704289
479.0058808512135,-907.1056529598842,0.0,8.797551874189187,0.2702387571334839,0.0,0.0,-0.9627931118011475,0.17888012528419495,0.0,0.0,-0.9838683009147644,-0.40009128842968367
477.47634995137105,-904.772565862069,0.0,8.784844431208732,0.279387503862381,0.0,0.0,-0.9601783156394958,0.18498322367668152,0.0,0.0,-0.9827393293380737,-0.04358772324752502
475.8972915732465,-902.469580756859,0.0,8.771649666203446,0.28866785764694214,0.0,0.0,-0.9574291110038757,0.1912856251001358,0.0,0.0,-0.9815323352813721,-0.3994248861566894
474.2701697556508,-900.1992284783252,0.0,8.758034833397485,0.2980789840221405,0.0,0.0,-0.954541027545929,0.19777889549732208,0.0,0.0,-0.9802448153495789,-0.04290010542904216
472.5964340761376,-897.9639937371046,0.0,8.744067187014993,0.30762094259262085,0.0,0.0,-0.9515087008476257,0.20445598661899567,0.0,0.0,-0.9788740873336792,-0.3987194494707049
470.8775172833899,-895.7663153752901,0.0,8.729813981280135,0.3172948360443115,0.0,0.0,-0.9483266472816467,0.21131040155887604,0.0,0.0,-0.9774173498153687,-0.04218024655354424
469.11483307396315,-893.6085869162965,0.0,8.715342470417058,0.32710230350494385,0.0,0.0,-0.9449886083602905,0.21833716332912445,0.0,0.0,-0.9758719205856323,-0.39798856508368086
467.30977401241205,-891.4931574063156,0.0,8.700719908649912,0.33704447746276855,0.0,0.0,-0.9414883852005005,0.22553253173828125,0.0,0.0,-0.9742342829704285,-0.041441733332981345
465.4637095936458,-889.4223325438765,0.0,8.686013550202853,0.3471219837665558,0.0,0.0,-0.9378197193145752,0.2328939437866211,0.0,0.0,-0.9725009202957153,-0.3972458197075668
463.57798444622455,-887.3983760940099,0.0,8.67129064930003,0.3573344945907593,0.0,0.0,-0.9339761734008789,0.24041889607906342,0.0,0.0,-0.9706680178642273,-0.04069815247930342
461.653916675179,-885.4235115835249,0.0,8.656618460165591,0.367680162191391,0.0,0.0,-0.9299519658088684,0.24810749292373657,0.0,0.0,-0.9687314629554749,-0.39650480005431227
459.6927963428381,-883.4999242739784,0.0,8.642064237023698,0.37815484404563904,0.0,0.0,-0.9257420301437378,0.2559591829776764,0.0,0.0,-0.9666866660118103,-0.03996309070446036
457.6958840860696,-881.6297634090379,0.0,8.627695234098498,0.3887523412704468,0.0,0.0,-0.9213420152664185,0.263974666595459,0.0,0.0,-0.9645287394523621,-0.3957790928358678
455.6644098682773,-879.815144733079,0.0,8.613578705614145,0.39946359395980835,0.0,0.0,-0.9167488217353821,0.2721555829048157,0.0,0.0,-0.9622524976730347,-0.03925013472040212
453.5995718644622,-878.0581532780864,0.0,8.599781905794785,0.4102766215801239,0.0,0.0,-0.9119609594345093,0.28050389885902405,0.0,0.0,-0.9598522186279297,-0.395082284764183
451.5025354776342,-876.3608464161584,0.0,8.586372088864582,0.42117589712142944,0.0,0.0,-0.9069787859916687,0.2890221178531647,0.0,0.0,-0.9573217630386353,-0.03857287123907871
449.3744324848701,-874.7252571752282,0.0,8.573416509047671,0.43214234709739685,0.0,0.0,-0.9018051624298096,0.2977128326892853,0.0,0.0,-0.9546548128128052,-0.3944279625512077
447.2163603113304,-873.1533978159453,0.0,8.560982420568221,0.44315341114997864,0.0,0.0,-0.896445631980896,0.30658116936683655,0.0,0.0,-0.9518439173698425,-0.037944886972439806
445.0293814305944,-871.6472636680554,0.0,8.549137077650377,0.45418229699134827,0.0,0.0,-0.8909085988998413,0.3156304657459259,0.0,0.0,-0.9488816857337952,-0.39382971290889235
442.81452288974043,-870.2088372250383,0.0,8.537947734518289,0.46519893407821655,0.0,0.0,-0.8852059841156006,0.32486435770988464,0.0,0.0,-0.9457601308822632,-0.03737976863243536
440.57277595766277,-868.8400924962438,0.0,8.527481645396113,0.4761693775653839,0.0,0.0,-0.8793534636497498,0.3342881202697754,0.0,0.0,-0.9424704909324646,-0.3933011225491865
438.30509589525917,-867.5429996162867,0.0,8.517806064508,0.48705586791038513,0.0,0.0,-0.8733706474304199,0.3439009189605713,0.0,0.0,-0.9390056133270264,-0.03689110293101544
436.0124018461963,-866.3195109975251,0.0,8.508988246078095,0.4978178143501282,0.0,0.0,-0.8672814965248108,0.3536868095397949,0.0,0.0,-0.9353635907173157,-0.3928557781840399
433.6955768471448,-865.1699669841822,0.0,8.501095444330563,0.5084137916564941,0.0,0.0,-0.8611127138137817,0.3636128902435303,0.0,0.0,-0.9315498471260071,-0.03649247658012994
431.3554686219945,-864.0918857201996,0.0,8.494192510504906,0.5188074111938477,0.0,0.0,-0.8548910021781921,0.373646080493927,0.0,0.0,-0.9275711178779602,-0.39250714516254204
428.9929053684278,-863.0825394630191,0.0,8.488288856890922,0.5289666652679443,0.0,0.0,-0.8486424684524536,0.3837535083293915,0.0,0.0,-0.9234353303909302,-0.03619431225619135
426.60871256533835,-862.1392477246416,0.0,8.483338362050638,0.5388646125793457,0.0,0.0,-0.8423922061920166,0.39390403032302856,0.0,0.0,-0.9191513657569885,-0.39225712017060854
424.20371550019865,-861.2593728987425,0.0,8.479292482605802,0.5484787225723267,0.0,0.0,-0.8361643552780151,0.4040658473968506,0.0,0.0,-0.914729654788971,-0.03598997491049255
421.7787410424779,-860.4403157796655,0.0,8.476102675178165,0.5577913522720337,0.0,0.0,-0.8299809694290161,0.4142115116119385,0.0,0.0,-0.9101804494857788,-0.39209601878537437
419.3346193211116,-859.6795113069766,0.0,8.473720396389474,0.5667890906333923,0.0,0.0,-0.8238626718521118,0.4243127703666687,0.0,0.0,-0.9055154919624329,-0.0358696577999526
416.8721853074742,-858.9744245319673,0.0,8.472097102861483,0.5754623413085938,0.0,0.0,-0.8178280591964722,0.4343438744544983,0.0,0.0,-0.9007470011711121,-0.3920140342637586
414.3922803051298,-858.3225468029488,0.0,8.47118425121593,0.5838055610656738,0.0,0.0,-0.8118933439254761,0.4442802369594574,0.0,0.0,-0.8958877325057983,-0.035823554181490413
411.89575334741,-857.7213921665875,0.0,8.470933298074572,0.5918169617652893,0.0,0.0,-0.8060721755027771,0.454100102186203,0.0,0.0,-0.8909504413604736,-0.39200135986267987
409.38346250377356,-857.1684939829684,0.0,8.471295700059148,0.5994979739189148,0.0,0.0,-0.8003760576248169,0.4637821912765503,0.0,0.0,-0.8859490156173706,-0.03584185731202455
406.8562760956758,-856.6614017524149,0.0,8.472222913791418,0.6068533062934875,0.0,0.0,-0.7948136329650879,0.4733077883720398,0.0,0.0,-0.8808969259262085,-0.3920481888390572
404.31507382257485,-856.1976781524692,0.0,8.473666395893122,0.6138904094696045,0.0,0.0,-0.7893911600112915,0.4826587736606598,0.0,0.0,-0.8758082389831543,-0.03591476044847425
401.76074779856236,-855.7748962837553,0.0,8.475577602986013,0.6206193566322327,0.0,0.0,-0.7841119170188904,0.4918196201324463,0.0,0.0,-0.8706968426704407,-0.3921447144498092
399.1942034999555,-855.3906371237389,0.0,8.477907991691836,0.6270530223846436,0.0,0.0,-0.7789764404296875,0.5007755756378174,0.0,0.0,-0.8655768036842346,-0.03603245684775824
396.6163606241227,-855.0424871876921,0.0,8.480609018632345,0.633206307888031,0.0,0.0,-0.7739828824996948,0.5095141530036926,0.0,0.0,-0.8604618906974792,-0.3922811299518551
394.0281538596608,-854.728036396405,0.0,8.483632140429282,0.6390964388847351,0.0,0.0,-0.7691264748573303,0.5180240273475647,0.0,0.0,-0.8553657531738281,-0.03618513976679549
391.43053356799385,-854.444876150419,0.0,8.486928813704399,0.6447424292564392,0.0,0.0,-0.7643995881080627,0.5262941122055054,0.0,0.0,-0.8503021597862244,-0.3924476286021135
388.8244663763602,-854.1905976107566,0.0,8.490450495079443,0.650165855884552,0.0,0.0,-0.7597920894622803,0.5343163013458252,0.0,0.0,-0.8452842831611633,-0.036363002462504845
386.21093568208585,-853.9627901863015,0.0,8.494148641176164,0.655389666557312,0.0,0.0,-0.7552906274795532,0.542084276676178,0.0,0.0,-0.8403236865997314,-0.3926344036575034
383.5909420678522,-853.7590402291022,0.0,8.497974708616306,0.6604386568069458,0.0,0.0,-0.75087970495224,0.5495996475219727,0.0,0.0,-0.8354277014732361,-0.03655623819180498
380.9654229208772,-853.5774711847913,0.0,8.501880154021624,0.6653384566307068,0.0,0.0,-0.7465415000915527,0.5568788051605225,0.0,0.0,-0.8305934071540833,-0.3928316483749437
378.33502183760436,-853.4182907396537,0.0,8.50581643401386,0.6701127290725708,0.0,0.0,-0.7422589659690857,0.5639390349388123,0.0,0.0,-0.8258160948753357,-0.03675504021161491
375.7003222999802,-853.2822113643228,0.0,8.50974105369154,0.6747828125953674,0.0,0.0,-0.7380160689353943,0.5707962512969971,0.0,0.0,-0.8210914134979248,-0.39302986148997804
373.06191265502247,-853.169947424854,0.0,8.513643591103538,0.6793676614761353,0.0,0.0,-0.7337977886199951,0.5774665474891663,0.0,0.0,-0.8164140582084656,-0.036952138060705686
370.4203828333022,-853.0822149293678,0.0,8.517524214650091,0.6838839054107666,0.0,0.0,-0.7295905351638794,0.5839634537696838,0.0,0.0,-0.8117795586585999,-0.39322585257818776
367.7763243334366,-853.0197315146963,0.0,8.521383099368427,0.6883469820022583,0.0,0.0,-0.7253812551498413,0.5903010368347168,0.0,0.0,-0.807182788848877,-0.03714703122829838
365.1303302087785,-852.9832164333285,0.0,8.525220420295756,0.6927704811096191,0.0,0.0,-0.7211579084396362,0.5964924097061157,0.0,0.0,-0.8026184439659119,-0.39341965666542666
362.48299505424563,-852.9733905405244,0.0,8.529036352469292,0.6971663236618042,0.0,0.0,-0.7169091701507568,0.6025497913360596,0.0,0.0,-0.7980809807777405,-0.03733975507544668
359.8349149932942,-852.9909762816033,0.0,8.532831070926264,0.7015454769134521,0.0,0.0,-0.7126244902610779,0.6084849834442139,0.0,0.0,-0.7935651540756226,-0.39361130911274844
357.1866876650288,-853.036697679398,0.0,8.536604750703882,0.7059173583984375,0.0,0.0,-0.7082940340042114,0.6143084764480591,0.0,0.0,-0.7890657186508179,-0.037530344963205176
354.5389122114621,-853.1112803218871,0.0,8.540357566839358,0.7102906107902527,0.0,0.0,-0.7039083242416382,0.6200312972068787,0.0,0.0,-0.7845768928527832,-0.39380084528120685
351.8921892649161,-853.2154513499974,0.0,8.54408969436992,0.7146728038787842,0.0,0.0,-0.6994587182998657,0.6256635785102844,0.0,0.0,-0.7800927758216858,-0.03771883625262745
349.24712093556775,-853.349939445579,0.0,8.54780130833278,0.7190707325935364,0.0,0.0,-0.6949366331100464,0.6312138438224792,0.0,0.0,-0.7756087183952332,-0.39398830053185635
346.60431079914196,-853.5154748195582,0.0,8.551492583765155,0.7234898805618286,0.0,0.0,-0.6903347373008728,0.636690616607666,0.0,0.0,-0.7711191177368164,-0.03790526430476765
343.96436388474825,-853.7127892002655,0.0,8.55516369570426,0.7279355525970459,0.0,0.0,-0.6856451630592346,0.6421033143997192,0.0,0.0,-0.7666178941726685,-0.39417371022575054
341.32788666287024,-853.9426158219377,0.0,8.558814819187315,0.7324120998382568,0.0,0.0,-0.6808611750602722,0.6474586129188538,0.0,0.0,-0.762100338935852,-0.03808966448067952
338.69548703349454,-854.2056894134009,0.0,8.562446129251539,0.7369233965873718,0.0,0.0,-0.6759759783744812,0.6527642607688904,0.0,0.0,-0.757560670375824,-0.3943571097239436
336.0677743143984,-854.5027461869283,0.0,8.566057800934146,0.7414718866348267,0.0,0.0,-0.6709836721420288,0.6580273509025574,0.0,0.0,-0.7529937624931335,-0.03827207214141726
333.4453592295758,-854.83452382728,0.0,8.569650009272356,0.7460605502128601,0.0,0.0,-0.6658779382705688,0.6632540225982666,0.0,0.0,-0.7483941316604614,-0.39453853438748965
330.8288538978262,-855.2017614809201,0.0,8.573222929303382,0.7506908774375916,0.0,0.0,-0.6606535911560059,0.6684504151344299,0.0,0.0,-0.7437566518783569,-0.03845252264803467
328.21887182148066,-855.6051997454164,0.0,8.576776736064442,0.7553640007972717,0.0,0.0,-0.6553054451942444,0.6736223697662354,0.0,0.0,-0.7390755414962769,-0.3947180195774422
325.6160278752937,-856.0455806590194,0.0,8.580311604592762,0.7600803971290588,0.0,0.0,-0.6498292088508606,0.6787747740745544,0.0,0.0,-0.7343462705612183,-0.03863105136158618
323.0209382954752,-856.523647690425,0.0,8.583827709925547,0.7648395299911499,0.0,0.0,-0.6442208886146545,0.683912992477417,0.0,0.0,-0.7295634150505066,-0.39489560065485557
320.43422066887956,-857.0401457287211,0.0,8.587325227100019,0.7696400880813599,0.0,0.0,-0.6384780406951904,0.6890408396720886,0.0,0.0,-0.7247225046157837,-0.038807693643125196
317.8564939223545,-857.5958210735138,0.0,8.590804331153397,0.7744797468185425,0.0,0.0,-0.6325985789299011,0.6941630840301514,0.0,0.0,-0.7198176980018616,-0.3950713129807837
315.2883783122349,-858.1914214252417,0.0,8.594265197122892,0.7793556451797485,0.0,0.0,-0.626581609249115,0.6992830634117126,0.0,0.0,-0.7148447036743164,-0.03898248485370581
312.7304954139985,-858.8276958756762,0.0,8.597708000045733,0.7842639684677124,0.0,0.0,-0.6204270124435425,0.7044045925140381,0.0,0.0,-0.7097985744476318,-0.3952451919162807
310.18346811207255,-859.5053948986027,0.0,8.601132914959127,0.7892001867294312,0.0,0.0,-0.6141358613967896,0.7095308303833008,0.0,0.0,-0.7046743035316467,-0.03915546035438228
307.64792058980015,-860.2252703406941,0.0,8.604540116900296,0.7941586375236511,0.0,0.0,-0.6077102422714233,0.7146635055541992,0.0,0.0,-0.6994683146476746,-0.3954172728224003
305.12447831956337,-860.9880754125678,0.0,8.607929780906453,0.7991329431533813,0.0,0.0,-0.6011541485786438,0.7198061347007751,0.0,0.0,-0.6941750049591064,-0.0393266555062084
302.6137680530626,-861.7945646800332,0.0,8.611302082014817,0.804116427898407,0.0,0.0,-0.5944715738296509,0.7249600291252136,0.0,0.0,-0.6887907981872559,-0.3955875910601964
300.11641781175484,-862.6454940555259,0.0,8.614657195262609,0.8091017603874207,0.0,0.0,-0.5876683592796326,0.7301269769668579,0.0,0.0,-0.6833113431930542,-0.03949610567023837
297.633056877453,-863.541620789734,0.0,8.617995295687042,0.8140808939933777,0.0,0.0,-0.5807512998580933,0.7353076338768005,0.0,0.0,-0.6777332425117493,-0.3957561819907233
295.16431578307953,-864.4837034634118,0.0,8.621316558325335,0.8190452456474304,0.0,0.0,-0.573728621006012,0.7405033707618713,0.0,0.0,-0.6720525026321411,-0.03966384620752583
292.7108263035894,-865.4725019793862,0.0,8.624621158214703,0.8239861726760864,0.0,0.0,-0.5666096210479736,0.7457151412963867,0.0,0.0,-0.6662648916244507,-0.3959230809750349
290.27322144704124,-866.5087775547559,0.0,8.627909270392362,0.8288946151733398,0.0,0.0,-0.5594045519828796,0.7509423494338989,0.0,0.0,-0.6603676080703735,-0.03982991247912476
287.85213544584485,-867.5932927132781,0.0,8.631181069895536,0.8337613344192505,0.0,0.0,-0.5521246790885925,0.7561848163604736,0.0,0.0,-0.65435791015625,-0.39608832337418515
285.44820374815646,-868.7268112779552,0.0,8.634436731761438,0.8385772109031677,0.0,0.0,-0.5447823405265808,0.7614400386810303,0.0,0.0,-0.6482350826263428,-0.03999433984608952
283.06206300945007,-869.9100180525969,0.0,8.63767643102728,0.8433332443237305,0.0,0.0,-0.5373905301094055,0.7667002081871033,0.0,0.0,-0.642005205154419,-0.39625194454922763
280.6943510842392,-871.1425542535189,0.0,8.64090034273029,0.8480210304260254,0.0,0.0,-0.5299621224403381,0.7719548940658569,0.0,0.0,-0.63567715883255,-0.040157163669473916
278.3457070179737,-872.4233289610951,0.0,8.644108641907678,0.8526338934898376,0.0,0.0,-0.5225083231925964,0.7771949768066406,0.0,0.0,-0.6292597055435181,-0.3964139798612169
276.01677103909344,-873.7512334094152,0.0,8.647301503596662,0.857166588306427,0.0,0.0,-0.5150385499000549,0.7824122905731201,0.0,0.0,-0.6227606534957886,-0.040318419310331644
273.7081845512534,-875.1251559773756,0.0,8.650479102834463,0.8616151213645935,0.0,0.0,-0.5075615644454956,0.7875990271568298,0.0,0.0,-0.6161879301071167,-0.39657446467120694
271.42059012570616,-876.5439822111647,0.0,8.653641614658293,0.8659763336181641,0.0,0.0,-0.500084400177002,0.7927486896514893,0.0,0.0,-0.6095483303070068,-0.0404781421297169
269.1546314938606,-878.0065948464377,0.0,8.65678921410537,0.8702480792999268,0.0,0.0,-0.49261337518692017,0.7978551983833313,0.0,0.0,-0.6028488874435425,-0.39673343434025127
266.91095353999856,-879.5118738301951,0.0,8.659922076212919,0.8744288086891174,0.0,0.0,-0.4851534366607666,0.8029130101203918,0.0,0.0,-0.5960959196090698,-0.04063636748868399
264.6902022941653,-881.058696342352,0.0,8.663040376018143,0.8785179853439331,0.0,0.0,-0.477709025144577,0.8079171180725098,0.0,0.0,-0.5892956852912903,-0.39689092422940403
262.49302492522344,-882.6459368170073,0.0,8.666144288558273,0.8825152516365051,0.0,0.0,-0.4702836573123932,0.8128635883331299,0.0,0.0,-0.5824536085128784,-0.040793130748286555
260.32006973408005,-884.2724669633992,0.0,8.669233988870515,0.886420726776123,0.0,0.0,-0.46288007497787476,0.8177487850189209,0.0,0.0,-0.5755747556686401,-0.3970469696997192
258.17198614707576,-885.9371557865622,0.0,8.672309651992093,0.8902352452278137,0.0,0.0,-0.45550063252449036,0.8225696682929993,0.0,0.0,-0.5686638355255127,-0.040948467269578404
256.0494247095528,-887.6388696076658,0.0,8.675371452960224,0.8939597010612488,0.0,0.0,-0.4481469690799713,0.8273233771324158,0.0,0.0,-0.5617254376411438,-0.3972016061122511
253.9530370795841,-889.3764720840508,0.0,8.678419566812124,0.8975951075553894,0.0,0.0,-0.4408206343650818,0.8320077657699585,0.0,0.0,-0.5547634959220886,-0.04110241241361373
251.883476021879,-891.1488242289497,0.0,8.681454168585013,0.9011422991752625,0.0,0.0,-0.433523029088974,0.8366209268569946,0.0,0.0,-0.547781765460968,-0.39735486882805354
249.84139540185808,-892.9547844308985,0.0,8.6844754333161,0.9046027660369873,0.0,0.0,-0.4262552261352539,0.8411619067192078,0.0,0.0,-0.5407829880714417,-0.0412550015414464
247.8274501799003,-894.7932084728316,0.0,8.68748353604261,0.9079775810241699,0.0,0.0,-0.41901811957359314,0.8456289768218994,0.0,0.0,-0.5337708592414856,-0.39750679320818033
245.84229640575967,-896.6629495508677,0.0,8.690478651801756,0.9112681746482849,0.0,0.0,-0.4118131399154663,0.8500214219093323,0.0,0.0,-0.5267478227615356,-0.04140627001413061
243.8865912131611,-898.5628582927733,0.0,8.693460955630757,0.9144753217697144,0.0,0.0,-0.40464141964912415,0.8543391823768616,0.0,0.0,-0.5197155475616455,-0.39765741461368537
241.96099281456065,-900.4917827761174,0.0,8.696430622566833,0.9176000356674194,0.0,0.0,-0.3975048065185547,0.8585819005966187,0.0,0.0,-0.5126761794090271,-0.04155625319272033
240.0661604960878,-902.4485685461028,0.0,8.699387827647195,0.9206430315971375,0.0,0.0,-0.3904052674770355,0.8627498149871826,0.0,0.0,-0.5056308507919312,-0.3978067684056228
238.2027546126585,-904.4320586330801,0.0,8.702332745909066,0.9236047863960266,0.0,0.0,-0.38334566354751587,0.8668426871299744,0.0,0.0,-0.49858152866363525,-0.04170498643826942
236.3714365832589,-906.441093569749,0.0,8.705265552389658,0.9264859557151794,0.0,0.0,-0.37632909417152405,0.8708615303039551,0.0,0.0,-0.4915282428264618,-0.39795488994504663
234.57286888641377,-908.4745114080257,0.0,8.708186422126191,0.9292863607406616,0.0,0.0,-0.3693596422672272,0.8748066425323486,0.0,0.0,-0.48447203636169434,-0.041852505111831695
232.80771505582138,-910.5311477356024,0.0,8.711095530155884,0.9320061206817627,0.0,0.0,-0.3624420762062073,0.8786789178848267,0.0,0.0,-0.47741296887397766,-0.39810181459301086
231.07663967617077,-912.6098356921756,0.0,8.713993051515951,0.9346448183059692,0.0,0.0,-0.355582058429718,0.8824785947799683,0.0,0.0,-0.4703522324562073,-0.04199884457446135
229.380249357083,-914.7094379005008,0.0,8.716879161243611,0.9372020363807678,0.0,0.0,-0.34878626465797424,0.8862050175666809,0.0,0.0,-0.4632931053638458,-0.3982475777105695
227.71837353655542,-916.829235372935,0.0,8.719754034376082,0.9396772980690002,0.0,0.0,-0.34206148982048035,0.8898564577102661,0.0,0.0,-0.45624032616615295,-0.042144040187212406
226.0902915332013,-918.9688047501672,0.0,8.72261784595058,0.942070484161377,0.0,0.0,-0.33541449904441833,0.8934314250946045,0.0,0.0,-0.4491994380950928,-0.39839221465877644
224.49526943627768,-921.1277280003261,0.0,8.725470771004316,0.9443814754486084,0.0,0.0,-0.3288514018058777,0.8969286680221558,0.0,0.0,-0.4421750009059906,-0.04228812731113851
222.9325716369036,-923.3055861964958,0.0,8.728312984574517,0.946610689163208,0.0,0.0,-0.3223784565925598,0.9003469944000244,0.0,0.0,-0.43517231941223145,-0.3985357607986855
221.40146083948125,-925.5019595231304,0.0,8.7311446616984,0.9487586617469788,0.0,0.0,-0.31600117683410645,0.9036856889724731,0.0,0.0,-0.42819610238075256,-0.04243114130729425
219.90119807290918,-927.7164272823454,0.0,8.733965977413176,0.9508259892463684,0.0,0.0,-0.3097251057624817,0.9069435596466064,0.0,0.0,-0.4212517738342285,-0.39867825149135094
218.4310427015818,-929.9485679000971,0.0,8.736777106756062,0.9528136253356934,0.0,0.0,-0.30355527997016907,0.9101199507713318,0.0,0.0,-0.4143444299697876,-0.042573117536732985
216.99025243617766,-932.1979589322397,0.0,8.739578224764283,0.9547226428985596,0.0,0.0,-0.29749661684036255,0.9132144451141357,0.0,0.0,-0.40747886896133423,-0.39881972209782673
215.57808334423825,-934.46417707046,0.0,8.742369506475049,0.9565541744232178,0.0,0.0,-0.2915538549423218,0.9162263870239258,0.0,0.0,-0.40066030621528625,-0.04271409136050902
214.19378986053133,-936.7467981480974,0.0,8.745151126925578,0.9583095908164978,0.0,0.0,-0.28573107719421387,0.9191559553146362,0.0,0.0,-0.3938932418823242,-0.3989602079791666
212.8366247972036,-939.045397145838,0.0,8.747923261153092,0.9599903225898743,0.0,0.0,-0.2800323963165283,0.9220026731491089,0.0,0.0,-0.38718298077583313,-0.042854098139676444
211.50583935371597,-941.3595481972962,0.0,8.750686084194804,0.9615978598594666,0.0,0.0,-0.27446138858795166,0.9247666001319885,0.0,0.0,-0.38053417205810547,-0.39909974449642477
210.2006831265692,-943.6888245944643,0.0,8.75343977108793,0.9631338715553284,0.0,0.0,-0.2690216302871704,0.9274480938911438,0.0,0.0,-0.37395113706588745,-0.04299317323528884
208.92040411881018,-946.0327987930501,0.0,8.75618449686969,0.964600145816803,0.0,0.0,-0.2637162506580353,0.9300475120544434,0.0,0.0,-0.36743855476379395,-0.399238367010655
207.66424874932497,-948.3910424176879,0.0,8.758920436577299,0.9659981727600098,0.0,0.0,-0.25854822993278503,0.9325651526451111,0.0,0.0,-0.36100107431411743,-0.0431313520084004
206.4314618619154,-950.7631262670301,0.0,8.761647765247979,0.9673299193382263,0.0,0.0,-0.25352028012275696,0.935001790523529,0.0,0.0,-0.3546425402164459,-0.39937611088291164
205.22128673415804,-953.1486203187155,0.0,8.764366657918941,0.9685971140861511,0.0,0.0,-0.248634934425354,0.9373579025268555,0.0,0.0,-0.3483674228191376,-0.043268669820065164
204.03296508604683,-955.5470937342134,0.0,8.767077289627407,0.9698015451431274,0.0,0.0,-0.24389436841011047,0.9396343231201172,0.0,0.0,-0.34217962622642517,-0.3995130114742483
202.86573708841706,-957.9581148635488,0.0,8.769779835410592,0.9709452986717224,0.0,0.0,-0.23930063843727112,0.9418321251869202,0.0,0.0,-0.3360830545425415,-0.04340516203133715
201.71884137115174,-960.3812512498993,0.0,8.77247447030571,0.972029983997345,0.0,0.0,-0.23485563695430756,0.9439521431922913,0.0,0.0,-0.33008137345314026,-0.3996491041457189
200.59151503116735,-962.8160696340747,0.0,8.775161369349986,0.9730576276779175,0.0,0.0,-0.2305610030889511,0.9459957480430603,0.0,0.0,-0.32417815923690796,-0.04354086400327023
199.48299364018305,-965.2621359588634,0.0,8.77784070758063,0.9740299582481384,0.0,0.0,-0.22641803324222565,0.947964072227478,0.0,0.0,-0.3183766305446625,-0.39978442425837774
198.39251125226585,-967.7190153732676,0.0,8.780512660034862,0.9749490022659302,0.0,0.0,-0.22242772579193115,0.9498581290245056,0.0,0.0,-0.31268036365509033,-0.043675811096918316
197.3193004111583,-970.1862722365997,0.0,8.783177401749905,0.9758164882659912,0.0,0.0,-0.21859072148799896,0.9516793489456177,0.0,0.0,-0.3070925176143646,-0.3999190071732789
196.2625921573835,-972.6634701224665,0.0,8.785835107762965,0.9766343832015991,0.0,0.0,-0.2149071991443634,0.953429102897644,0.0,0.0,-0.3016161322593689,-0.04381003867333555
195.2216160351283,-975.1501718226193,0.0,8.788485953111266,0.9774045348167419,0.0,0.0,-0.21137692034244537,0.9551089406013489,0.0,0.0,-0.2962537109851837,-0.4000528882514759
194.19560009890537,-977.6459393506838,0.0,8.791130112832025,0.978128969669342,0.0,0.0,-0.2079993337392807,0.9567201137542725,0.0,0.0,-0.2910083532333374,-0.043943582093575906
193.18377091999062,-980.1503339457614,0.0,8.793767761962453,0.9788094162940979,0.0,0.0,-0.2047732174396515,0.9582642912864685,0.0,0.0,-0.2858825922012329,-0.4001861028540227
192.18535359263905,-982.6629160759069,0.0,8.796399075539775,0.9794480204582214,0.0,0.0,-0.20169693231582642,0.9597430229187012,0.0,0.0,-0.28087854385375977,-0.04407647671869319
191.19957174007607,-985.1832454414766,0.0,8.799024228601207,0.9800465106964111,0.0,0.0,-0.19876830279827118,0.9611576795578003,0.0,0.0,-0.2759990096092224,-0.4003186863419738
190.22564752026346,-987.7108809783554,0.0,8.801643396183966,0.9806070327758789,0.0,0.0,-0.1959845870733261,0.9625099301338196,0.0,0.0,-0.2712458670139313,-0.0442087579097416
189.26280163144173,-990.2453808610504,0.0,8.804256753325264,0.9811313152313232,0.0,0.0,-0.19334252178668976,0.9638013243675232,0.0,0.0,-0.2666209936141968,-0.40045067407638285
188.31025331744704,-992.7863025056606,0.0,8.806864475062323,0.9816214442253113,0.0,0.0,-0.19083833694458008,0.9650334119796753,0.0,0.0,-0.26212671399116516,-0.044340461027774836
187.3672203728011,-995.3332025727201,0.0,8.809466736432361,0.9820793271064758,0.0,0.0,-0.18846756219863892,0.9662076234817505,0.0,0.0,-0.2577647566795349,-0.40058210141830397
186.432919147575,-997.885636969914,0.0,8.81206371247259,0.9825069904327393,0.0,0.0,-0.18622533977031708,0.9673256874084473,0.0,0.0,-0.2535367012023926,-0.04447162143384703
185.50656455202687,-1000.4431608546595,0.0,8.814655578220234,0.9829063415527344,0.0,0.0,-0.18410620093345642,0.968389093875885,0.0,0.0,-0.24944427609443665,-0.4007130037287911
184.58737006101126,-1003.0053286365696,0.0,8.817242508712507,0.983279287815094,0.0,0.0,-0.18210400640964508,0.9693992733955383,0.0,0.0,-0.2454894334077835,-0.04460227448901227
183.67454771816062,-1005.5716939797779,0.0,8.819824678986622,0.9836277961730957,0.0,0.0,-0.18021197617053986,0.9703577160835266,0.0,0.0,-0.24167287349700928,-0.4008434163688979
182.76730813983784,-1008.1418098051424,0.0,8.822402264079807,0.9839538931846619,0.0,0.0,-0.178422749042511,0.971266508102417,0.0,0.0,-0.23799410462379456,-0.044732455554324646
181.8649137137534,-1010.7152564600954,0.0,8.824975439029267,0.9842596650123596,0.0,0.0,-0.1767285317182541,0.9721283912658691,0.0,0.0,-0.23444898426532745,-0.4009733746996787
180.96706303695342,-1013.2918452865092,0.0,8.827544378899235,0.9845467805862427,0.0,0.0,-0.17512182891368866,0.972946047782898,0.0,0.0,-0.23103223741054535,-0.04486219999220187
180.07366909143673,-1015.8715011632046,0.0,8.830109267336258,0.9848169684410095,0.0,0.0,-0.1735958456993103,0.9737223386764526,0.0,0.0,-0.2277381718158722,-0.40110291451973035
179.18464615959027,-1018.4541496805892,0.0,8.832670308774814,0.9850716590881348,0.0,0.0,-0.17214453220367432,0.974459707736969,0.0,0.0,-0.22456221282482147,-0.044991545519401654
178.29990833920496,-1021.0397163554509,0.0,8.835227710735165,0.9853034615516663,0.0,0.0,-0.17076097428798676,0.9751604199409485,0.0,0.0,-0.22149960696697235,-0.4012320762348996
177.4193695442651,-1023.628126631434,0.0,8.837781680737574,0.9855238795280457,0.0,0.0,-0.16944190859794617,0.9758266806602478,0.0,0.0,-0.21854570508003235,-0.04512053390336168
176.5429435057099,-1026.219305879485,0.0,8.840332426302302,0.985733687877655,0.0,0.0,-0.16818298399448395,0.9764605760574341,0.0,0.0,-0.2156960368156433,-0.4013609017684717
175.6705437721639,-1028.8131793982714,0.0,8.842880154949608,0.9859335422515869,0.0,0.0,-0.16698016226291656,0.9770636558532715,0.0,0.0,-0.21294716000556946,-0.045249207067367014
174.80208371063446,-1031.4096724145775,0.0,8.845425074199762,0.9861241579055786,0.0,0.0,-0.16582967340946198,0.9776380658149719,0.0,0.0,-0.21029430627822876,-0.401489433043732
173.93747650718151,-1034.008710083673,0.0,8.847967391573016,0.9863060712814331,0.0,0.0,-0.1647283285856247,0.9781852960586548,0.0,0.0,-0.20773398876190186,-0.04537760693470311
173.07663516755352,-1036.6102174896546,0.0,8.850507314589633,0.9864798188209534,0.0,0.0,-0.16367313265800476,0.9787067174911499,0.0,0.0,-0.20526333153247833,-0.40161771198396523
172.21947251779352,-1039.2141196457646,0.0,8.853045050769879,0.9866458177566528,0.0,0.0,-0.1626613736152649,0.9792039394378662,0.0,0.0,-0.20287804305553436,-0.04550577542865486
171.36590120481426,-1041.8203414946768,0.0,8.855580807634011,0.9868045449256897,0.0,0.0,-0.16169072687625885,0.979678213596344,0.0,0.0,-0.2005753070116043,-0.4017457805124568
170.51583369694197,-1044.428807908764,0.0,8.858114792702294,0.9869563579559326,0.0,0.0,-0.1607590764760971,0.9801307320594788,0.0,0.0,-0.19835183024406433,-0.045633754472507504
169.6691822844279,-1047.0394436903348,0.0,8.860647213494985,0.987101674079895,0.0,0.0,-0.15986450016498566,0.980562686920166,0.0,0.0,-0.19620521366596222,-0.40187368055249173
168.8258590799293,-1049.6521735718463,0.0,8.863178277532352,0.987240731716156,0.0,0.0,-0.15900520980358124,0.9809750914573669,0.0,0.0,-0.19413235783576965,-0.04576158598954627
167.98577601896048,-1052.266922216086,0.0,8.86570819233465,0.9873738884925842,0.0,0.0,-0.1581796407699585,0.9813691973686218,0.0,0.0,-0.19213055074214935,-0.40200145402735515
167.14884486030903,-1054.8836142163323,0.0,8.868237165422148,0.987501323223114,0.0,0.0,-0.15738645195960999,0.981745719909668,0.0,0.0,-0.1901974231004715,-0.04588931190305634
166.31497718642333,-1057.502174096487,0.0,8.870765404315096,0.9876233339309692,0.0,0.0,-0.1566242277622223,0.9821056723594666,0.0,0.0,-0.18833011388778687,-0.4021291428603323
165.48408440376764,-1060.1225263111785,0.0,8.873293116533766,0.987740159034729,0.0,0.0,-0.15589198470115662,0.9824497699737549,0.0,0.0,-0.18652698397636414,-0.0460169741363225
164.6560777431449,-1062.7445952458445,0.0,8.875820509598418,0.9878519773483276,0.0,0.0,-0.15518853068351746,0.982778787612915,0.0,0.0,-0.18478529155254364,-0.40225678897470873
163.8308682599884,-1065.3683052167808,0.0,8.878347791029311,0.9879589676856995,0.0,0.0,-0.15451306104660034,0.9830936193466187,0.0,0.0,-0.1831030249595642,-0.0461446146126302
163.00836683462177,-1067.9935804711686,0.0,8.880875168346703,0.9880613684654236,0.0,0.0,-0.15386462211608887,0.9833948016166687,0.0,0.0,-0.1814783364534378,-0.40238443429376897
162.18848417248688,-1070.6203451870724,0.0,8.883402849070862,0.9881592988967896,0.0,0.0,-0.15324261784553528,0.9836831092834473,0.0,0.0,-0.17990952730178833,-0.04627227525526445
161.37113080433954,-1073.2485234734145,0.0,8.885931040722044,0.9882527589797974,0.0,0.0,-0.1526465266942978,0.983958899974823,0.0,0.0,-0.17839489877223969,-0.40251212074079834
160.55621708641428,-1075.8780393699146,0.0,8.888459950820515,0.9883419871330261,0.0,0.0,-0.15207597613334656,0.984222948551178,0.0,0.0,-0.17693258821964264,-0.04639999798751049
159.7436532005548,-1078.5088168470165,0.0,8.890989786886536,0.9884270429611206,0.0,0.0,-0.1515306979417801,0.9844756722450256,0.0,0.0,-0.17552079260349274,-0.4026398902390822
158.93334915431578,-1081.1407798057705,0.0,8.893520756440367,0.9885079264640808,0.0,0.0,-0.15101051330566406,0.9847176671028137,0.0,0.0,-0.17415814101696014,-0.04652782473265343
158.12521478102894,-1083.7738520777039,0.0,8.896053067002267,0.9885846972465515,0.0,0.0,-0.1505156308412552,0.9849492907524109,0.0,0.0,-0.17284324765205383,-0.4027677847119055
157.3191597398396,-1086.4079574246548,0.0,8.898586926092504,0.9886572957038879,0.0,0.0,-0.15004630386829376,0.9851710796356201,0.0,0.0,-0.17157457768917084,-0.04665579741397852
156.5150935157088,-1089.0430195385843,0.0,8.901122541231333,0.9887257218360901,0.0,0.0,-0.14960305392742157,0.9853835105895996,0.0,0.0,-0.1703508198261261,-0.4028958460825534
155.71292541938524,-1091.6789620413576,0.0,8.903660119939019,0.9887898564338684,0.0,0.0,-0.14918644726276398,0.9855868816375732,0.0,0.0,-0.1691708266735077,-0.046783957954770805
154.91256458734222,-1094.3157084845027,0.0,8.90619986973582,0.9888496994972229,0.0,0.0,-0.14879736304283142,0.9857814311981201,0.0,0.0,-0.16803331673145294,-0.403024116274311
154.11391998168483,-1096.9531823489335,0.0,8.908741998142004,0.9889050722122192,0.0,0.0,-0.14843688905239105,0.985967755317688,0.0,0.0,-0.16693700850009918,-0.04691234827831542
153.31690039002237,-1099.5913070446559,0.0,8.911286712677827,0.9889557957649231,0.0,0.0,-0.14810624718666077,0.9861458539962769,0.0,0.0,-0.16588109731674194,-0.4031526372104637
152.52141442530953,-1102.2300059104373,0.0,8.913834220863555,0.9890016913414001,0.0,0.0,-0.14780695736408234,0.9863163232803345,0.0,0.0,-0.1648644059896469,-0.047041010307897646
151.72737052565384,-1104.869202213457,0.0,8.916384730219441,0.9890425205230713,0.0,0.0,-0.14754082262516022,0.9864793419837952,0.0,0.0,-0.16388621926307678,-0.40328145081429634
150.93467695409112,-1107.5088191489212,0.0,8.91893844826576,0.9890781044960022,0.0,0.0,-0.1473095715045929,0.986635148525238,0.0,0.0,-0.16294537484645844,-0.04716998596680255
150.1432417983279,-1110.1487798396563,0.0,8.921495582522757,0.9891080260276794,0.0,0.0,-0.14711548388004303,0.9867841005325317,0.0,0.0,-0.16204099357128143,-0.40341059900909426
149.3529729704506,-1112.7890073356716,0.0,8.924056340510706,0.9891320466995239,0.0,0.0,-0.14696083962917328,0.986926257610321,0.0,0.0,-0.16117247939109802,-0.04729931717831509
148.56377820660302,-1115.4294246136926,0.0,8.926620929749864,0.9891496896743774,0.0,0.0,-0.14684832096099854,0.9870617985725403,0.0,0.0,-0.1603396236896515,-0.40354012371814274
147.77554426154322,-1118.0699545766745,0.0,8.929189557760496,0.9891606569290161,0.0,0.0,-0.14678068459033966,0.9871907830238342,0.0,0.0,-0.1595437377691269,-0.047429045865720665
146.98797615188838,-1120.71051998127,0.0,8.93176218845853,0.989164412021637,0.0,0.0,-0.14676055312156677,0.987312912940979,0.0,0.0,-0.15878655016422272,-0.40367005456147775
146.20068562265652,-1123.3510403625553,0.0,8.934328380196014,0.9891607165336609,0.0,0.0,-0.14679038524627686,0.9874278903007507,0.0,0.0,-0.15806953608989716,-0.047558651509027994
145.41328512768604,-1125.9914278783829,0.0,8.936863606595946,0.9891491532325745,0.0,0.0,-0.14687232673168182,0.987531304359436,0.0,0.0,-0.15739363431930542,-0.403798096298848
144.62538870483115,-1128.6315870280891,0.0,8.939342340636443,0.9891294836997986,0.0,0.0,-0.1470082700252533,0.987628161907196,0.0,0.0,-0.15676142275333405,-0.04768384009693194
143.8366120013849,-1131.2714146705102,0.0,8.941739055295647,0.9891013503074646,0.0,0.0,-0.14720000326633453,0.9877182245254517,0.0,0.0,-0.1561737358570099,-0.40391914249375727
143.04657231630648,-1133.9108000453652,0.0,8.944028223551676,0.9890644550323486,0.0,0.0,-0.14744913578033447,0.9878013730049133,0.0,0.0,-0.15563221275806427,-0.047799454655317264
142.25488865928406,-1136.5496247980004,0.0,8.946184318382663,0.9890185594558716,0.0,0.0,-0.14775703847408295,0.9878773093223572,0.0,0.0,-0.15513834357261658,-0.40402803617208993
141.46118182665452,-1139.1877630075192,0.0,8.948181812766743,0.9889634251594543,0.0,0.0,-0.1481248438358307,0.9879459142684937,0.0,0.0,-0.15469315648078918,-0.04790033821006878
140.6650744942046,-1141.8250812182855,0.0,8.949995179682034,0.9888986945152283,0.0,0.0,-0.1485537737607956,0.988007128238678,0.0,0.0,-0.1542973518371582,-0.40411962035973087
139.86619132686957,-1144.4614384747972,0.0,8.951598892106674,0.9888242483139038,0.0,0.0,-0.1490447074174881,0.9880605340003967,0.0,0.0,-0.1539527177810669,-0.04798133378707076
139.0641591053335,-1147.0966863599506,0.0,8.952967423018787,0.9887397885322571,0.0,0.0,-0.14959847927093506,0.9881061315536499,0.0,0.0,-0.1536601334810257,-0.4041887380825649
138.25860686953942,-1149.7306690366722,0.0,8.9540752453965,0.988645076751709,0.0,0.0,-0.15021590888500214,0.9881436824798584,0.0,0.0,-0.1534203439950943,-0.04803728441220778
137.44916607909596,-1152.36322329293,0.0,8.954896832217953,0.9885398745536804,0.0,0.0,-0.1508975774049759,0.9881730079650879,0.0,0.0,-0.15323463082313538,-0.4042302323664767
136.63547079056966,-1154.9941785901021,0.0,8.955406656461262,0.9884240031242371,0.0,0.0,-0.1516437828540802,0.9881939888000488,0.0,0.0,-0.153103306889534,-0.048063033111364784
135.81715785162916,-1157.6233571147175,0.0,8.955579191104569,0.9882972240447998,0.0,0.0,-0.15245497226715088,0.9882063865661621,0.0,0.0,-0.15302808582782745,-0.4042389462373508
134.9938671120099,-1160.2505738335294,0.0,8.95538890912599,0.9881592988967896,0.0,0.0,-0.1533314734697342,0.9882100820541382,0.0,0.0,-0.15300919115543365,-0.04805342291042641
134.16524165124116,-1162.8756365519369,0.0,8.95481028350366,0.988010048866272,0.0,0.0,-0.15427324175834656,0.9882048964500427,0.0,0.0,-0.15304727852344513,-0.40420972272107153
133.33092802307644,-1165.4983459757095,0.0,8.953817787215709,0.9878492951393127,0.0,0.0,-0.1552804410457611,0.9881905317306519,0.0,0.0,-0.1531434953212738,-0.048003296835277376
132.4905765165422,-1168.1184957760229,0.0,8.952385893240262,0.9876768589019775,0.0,0.0,-0.15635289251804352,0.9881669878959656,0.0,0.0,-0.15329840779304504,-0.40413740484352373
131.64384143351393,-1170.735872657759,0.0,8.950489074555456,0.9874925017356873,0.0,0.0,-0.15749040246009827,0.9881339073181152,0.0,0.0,-0.15351253747940063,-0.04790749791180232
130.7903813827067,-1173.350256431059,0.0,8.94810180413941,0.9873051047325134,0.0,0.0,-0.15869399905204773,0.988091230392456,0.0,0.0,-0.15378610789775848,-0.40401683563059215
129.92986476724025,-1175.9614044524594,0.0,8.9451449731634,0.9871047735214233,0.0,0.0,-0.15996184945106506,0.9880387187004089,0.0,0.0,-0.1541200429201126,-0.04775816301402397
129.06199180969855,-1178.5689876212052,0.0,8.94131937791064,0.9868916273117065,0.0,0.0,-0.16129328310489655,0.9879762530326843,0.0,0.0,-0.1545144021511078,-0.40382362374913966
128.18650175104318,-1181.172574402888,0.0,8.93626931043563,0.9866654872894287,0.0,0.0,-0.1626877337694168,0.9879035353660583,0.0,0.0,-0.15497004985809326,-0.04750310910114469
127.30317495452547,-1183.7716314290055,0.0,8.9296390627547,0.9864264726638794,0.0,0.0,-0.1641441434621811,0.9878203868865967,0.0,0.0,-0.1554870903491974,-0.40348876275515333
126.41183523600843,-1186.3655241411989,0.0,8.921072926884193,0.9861746430397034,0.0,0.0,-0.1656617671251297,0.9877265691757202,0.0,0.0,-0.15606637299060822,-0.04707047597637154
125.51235241669674,-1188.9535174791222,0.0,8.910215194840433,0.985909640789032,0.0,0.0,-0.16724009811878204,0.9876269698143005,0.0,0.0,-0.15670818090438843,-0.4029403924499129
124.604645092943,-1191.5347766106245,0.0,8.896710158639763,0.9856314659118652,0.0,0.0,-0.16887889802455902,0.9875167012214661,0.0,0.0,-0.15741240978240967,-0.04638840344098416
123.68868361629147,-1194.108367702536,0.0,8.880202110298521,0.9853397011756897,0.0,0.0,-0.1705782115459442,0.987395703792572,0.0,0.0,-0.15817886590957642,-0.4021066526346987
122.7644932752162,-1196.6732587300012,0.0,8.860335341833045,0.9850340485572815,0.0,0.0,-0.17233897745609283,0.9872639775276184,0.0,0.0,-0.15900781750679016,-0.045385031296263145
121.83215766813242,-1199.2283203218353,0.0,8.836754145259663,0.9847139120101929,0.0,0.0,-0.17416276037693024,0.9871213436126709,0.0,0.0,-0.1598990261554718,-0.4009156831107905
120.8918222551967,-1201.7723266389478,0.0,8.809102812594716,0.984378457069397,0.0,0.0,-0.1760522723197937,0.9869675040245056,0.0,0.0,-0.1608525812625885,-0.043988499343488086
119.94369807417817,-1204.3039562823674,0.0,8.777025635854542,0.9840266108512878,0.0,0.0,-0.17801101505756378,0.9868025779724121,0.0,0.0,-0.16186746954917908,-0.3992956236794686
118.98806560328168,-1206.8217932268838,0.0,8.740166907055459,0.9836571216583252,0.0,0.0,-0.18004398047924042,0.986626386642456,0.0,0.0,-0.1629439741373062,-0.04212694738393835
118.02527875125519,-1209.324327775741,0.0,8.69817091821383,0.9832682013511658,0.0,0.0,-0.1821572482585907,0.9864386916160583,0.0,0.0,-0.1640816330909729,-0.3971746141420126
117.05576895240324,-1211.8099575312579,0.0,8.650681961345978,0.9828580617904663,0.0,0.0,-0.18435856699943542,0.9862395524978638,0.0,0.0,-0.1652791053056717,-0.03972851521889531
116.08004934130277,-1214.276988375599,0.0,8.597344328468239,0.9824243187904358,0.0,0.0,-0.18665717542171478,0.986028790473938,0.0,0.0,-0.16653643548488617,-0.39448079429970256
115.09871897905194,-1216.7236354553247,0.0,8.537802311596957,0.981964111328125,0.0,0.0,-0.1890638917684555,0.9858063459396362,0.0,0.0,-0.1678520143032074,-0.03672134264963872
114.1124670998394,-1219.1480241626268,0.0,8.471700202748453,0.9814741611480713,0.0,0.0,-0.19159166514873505,0.9855722188949585,0.0,0.0,-0.16922502219676971,-0.3911423039538185
113.12207734346097,-1221.5481911055535,0.0,8.39868229393905,0.9809505939483643,0.0,0.0,-0.1942550390958786,0.9853261709213257,0.0,0.0,-0.17065472900867462,-0.03303356947744662
112.12843193621804,-1223.9220850587656,0.0,8.318392877185124,0.9803889393806458,0.0,0.0,-0.19707053899765015,0.9850683808326721,0.0,0.0,-0.17213937640190125,-0.3870872829056404
111.13251577937828,-1226.2675678857145,0.0,8.230476244502997,0.9797839522361755,0.0,0.0,-0.2000565528869629,0.9847989082336426,0.0,0.0,-0.17367663979530334,-0.02859333550360188
110.13542040110909,-1228.5824154224156,0.0,8.134576687909,0.9791300296783447,0.0,0.0,-0.20323343575000763,0.9845175743103027,0.0,0.0,-0.17526622116565704,-0.38224387095644863
109.13834772456022,-1230.864318312282,0.0,8.030338499419466,0.9784204363822937,0.0,0.0,-0.20662277936935425,0.9842235445976257,0.0,0.0,-0.176911860704422,-0.023328780529382975
108.14249440457652,-1233.1108025537787,0.0,7.9175546850461505,0.9776477813720703,0.0,0.0,-0.21024785935878754,0.9839134812355042,0.0,0.0,-0.17863023281097412,-0.37654771871537207
107.14783254982673,-1235.3188498610646,0.0,7.798542390951544,0.9768051505088806,0.0,0.0,-0.2141290009021759,0.9835831522941589,0.0,0.0,-0.18044114112854004,-0.017318058605413023
106.15333833094722,-1237.4861242718687,0.0,7.677727076379627,0.9758853316307068,0.0,0.0,-0.2182827591896057,0.9832289814949036,0.0,0.0,-0.18236199021339417,-0.3704459351511338
105.15756364576394,-1239.6117331185726,0.0,7.559598903444263,0.9748817682266235,0.0,0.0,-0.2227218896150589,0.9828471541404724,0.0,0.0,-0.18440978229045868,-0.011351989265243112
104.15858497964696,-1241.6962010408436,0.0,7.4486480342592,0.9737879633903503,0.0,0.0,-0.2274564802646637,0.9824339747428894,0.0,0.0,-0.18659965693950653,-0.3648423558993629
103.15393172260113,-1243.7414194136013,0.0,7.349364630938227,0.9725975394248962,0.0,0.0,-0.23249414563179016,0.9819855690002441,0.0,0.0,-0.1889459788799286,-0.006337675966204048
102.14053346979986,-1245.7505225911266,0.0,7.266022416052533,0.9713038802146912,0.0,0.0,-0.2378409206867218,0.9814983010292053,0.0,0.0,-0.19146162271499634,-0.3606331531273582
101.1151536841138,-1247.726817083021,0.0,7.199251610840199,0.9699001312255859,0.0,0.0,-0.24350202083587646,0.9809682369232178,0.0,0.0,-0.1941598355770111,-0.002965413076692236
100.07479289029608,-1249.6729164709693,0.0,7.146654970769874,0.9683790802955627,0.0,0.0,-0.24948233366012573,0.9803911447525024,0.0,0.0,-0.19705384969711304,-0.3579767571642105
99.0167110198921,-1251.5907100505772,0.0,7.105743345390237,0.966733455657959,0.0,0.0,-0.2557850182056427,0.9797626733779907,0.0,0.0,-0.200155571103096,-0.0008991693706499326
97.93844480949366,-1253.4813658548142,0.0,7.0740275842499,0.9649554491043091,0.0,0.0,-0.2624131143093109,0.9790782332420349,0.0,0.0,-0.2034769058227539,-0.3563749510460117
96.83783249411225,-1255.3453420209828,0.0,7.049018536897503,0.9630369544029236,0.0,0.0,-0.26936912536621094,0.9783332347869873,0.0,0.0,-0.2070295661687851,0.00036391382896611146
95.7130457156025,-1257.1824062805301,0.0,7.028227052881681,0.9609696865081787,0.0,0.0,-0.2766534388065338,0.9775226712226868,0.0,0.0,-0.21082454919815063,-0.35532487609571767
94.56262862406538,-1258.991663450109,0.0,7.009163981751076,0.9587456583976746,0.0,0.0,-0.28426551818847656,0.9766408205032349,0.0,0.0,-0.2148727923631668,0.001326695199198702
93.38554414869854,-1260.771590836959,0.0,6.989340173054315,0.9563568234443665,0.0,0.0,-0.2922014892101288,0.97568279504776,0.0,0.0,-0.21918226778507233,-0.35432367363628536
92.18122735536966,-1262.5200814438565,0.0,6.966266476340051,0.9537957310676575,0.0,0.0,-0.3004557490348816,0.9746427536010742,0.0,0.0,-0.22376209497451782,0.0024920334170908665
90.9496456924588,-1264.2344947698741,0.0,6.937453741156914,0.951055645942688,0.0,0.0,-0.3090195655822754,0.9735151529312134,0.0,0.0,-0.22861839830875397,-0.3528684849906724
89.69136575513673,-1265.9117148539046,0.0,6.900412817053541,0.9481306672096252,0.0,0.0,-0.3178807497024536,0.9722943305969238,0.0,0.0,-0.23375634849071503,0.004362787159685522
88.40762597226696,-1267.5482149994914,0.0,6.852654553578567,0.9450161457061768,0.0,0.0,-0.32702338695526123,0.9709748029708862,0.0,0.0,-0.23917821049690247,-0.35045645148183535
87.10041434097333,-1269.1401283536031,0.0,6.7916898002806345,0.9417089223861694,0.0,0.0,-0.33642828464508057,0.969551146030426,0.0,0.0,-0.24488571286201477,0.007441815104025529
85.77254811820987,-1270.683325331284,0.0,6.715038815578611,0.9382079243659973,0.0,0.0,-0.346071720123291,0.9680185914039612,0.0,0.0,-0.2508753836154938,-0.3465851896281978
84.42718451094397,-1272.1741115425023,0.0,6.623004640416137,0.9345139265060425,0.0,0.0,-0.3559263050556183,0.9663723707199097,0.0,0.0,-0.2571435570716858,0.01209000576879693
83.06642191870498,-1273.610687325946,0.0,6.522539734662846,0.9306296706199646,0.0,0.0,-0.3659621477127075,0.9646082520484924,0.0,0.0,-0.26368415355682373,-0.3415112044891427
81.69090488828002,-1274.9931951629421,0.0,6.421568781009334,0.9265593886375427,0.0,0.0,-0.3761482536792755,0.9627220630645752,0.0,0.0,-0.27048981189727783,0.01718954888261065
80.29960150267571,-1276.3235219720377,0.0,6.3280164621462,0.922308623790741,0.0,0.0,-0.3864539861679077,0.9607096314430237,0.0,0.0,-0.27755293250083923,-0.3367863399000955
78.88992662257492,-1277.6047735637223,0.0,6.248250525964919,0.9178832173347473,0.0,0.0,-0.39685046672821045,0.9585664868354797,0.0,0.0,-0.2848665118217468,0.02121813151802887
77.4591092594326,-1278.8397787665667,0.0,6.181967142114831,0.9132894277572632,0.0,0.0,-0.40731096267700195,0.9562885165214539,0.0,0.0,-0.292422354221344,-0.3334386942511012
76.00461640384596,-1280.0307376665728,0.0,6.1270758306545545,0.9085339307785034,0.0,0.0,-0.41781094670295715,0.9538713693618774,0.0,0.0,-0.3002135753631592,0.023990419975618626
74.52420197716553,-1281.179262614885,0.0,6.081486091490251,0.9036235809326172,0.0,0.0,-0.4283274710178375,0.9513110518455505,0.0,0.0,-0.3082304894924164,-0.33113618217209595
73.01595880623795,-1282.2864229898776,0.0,6.043107424528106,0.8985655307769775,0.0,0.0,-0.4388393461704254,0.9486055374145508,0.0,0.0,-0.3164590895175934,0.02592873648885824
71.47858465720422,-1283.3527938319567,0.0,6.009849329674312,0.8933666944503784,0.0,0.0,-0.4493282437324524,0.9457571506500244,0.0,0.0,-0.32487282156944275,-0.3294564804118033
69.91312103164331,-1284.3785084745257,0.0,5.979621306835052,0.8880327939987183,0.0,0.0,-0.45977991819381714,0.9427682757377625,0.0,0.0,-0.3334472179412842,0.02745540430902288
68.3220202850345,-1285.3633423294614,0.0,5.9504995306968596,0.8825678825378418,0.0,0.0,-0.470184862613678,0.9396426677703857,0.0,0.0,-0.34215623140335083,-0.3279856836371471
66.70781921478297,-1286.3069741672953,0.0,5.921876682371163,0.8769745826721191,0.0,0.0,-0.4805365204811096,0.9363826513290405,0.0,0.0,-0.35097968578338623,0.028901002709310564
65.072973903257,-1287.209097315669,0.0,5.893770348265643,0.8712540864944458,0.0,0.0,-0.49083203077316284,0.9329908490180969,0.0,0.0,-0.3598990738391876,-0.32656617181363595
63.419860970957025,-1288.0694186909673,0.0,5.866201891106987,0.8654062747955322,0.0,0.0,-0.5010706186294556,0.9294688701629639,0.0,0.0,-0.36889970302581787,0.03029334903045483
61.75077987091274,-1288.8876571528094,0.0,5.839192673621871,0.8594298362731934,0.0,0.0,-0.5112533569335938,0.9258189797401428,0.0,0.0,-0.3779664933681488,-0.3252020699204483
60.0679552442754,-1289.663541840856,0.0,5.812764058536983,0.85332190990448,0.0,0.0,-0.521384060382843,0.9220418930053711,0.0,0.0,-0.3870896100997925,0.03162812757009564
58.37353933483365,-1290.3968104943006,0.0,5.786937408578994,0.8470792174339294,0.0,0.0,-0.5314663648605347,0.9181376695632935,0.0,0.0,-0.396261066198349,-0.3238976936599438
56.66961446042473,-1291.0872077543004,0.0,5.761734086474605,0.8406975865364075,0.0,0.0,-0.5415046215057373,0.9141085743904114,0.0,0.0,-0.4054689407348633,0.032901022625872856
54.95819553938558,-1291.7344834494866,0.0,5.737175454950493,0.8341719508171082,0.0,0.0,-0.5515041351318359,0.9099525809288025,0.0,0.0,-0.41471195220947266,-0.3226573587344836
53.24123267043351,-1292.3383908645867,0.0,5.71328287673334,0.8274974822998047,0.0,0.0,-0.5614690780639648,0.9056701064109802,0.0,0.0,-0.42398276925086975,0.03410771849542604
51.52061376456752,-1292.8986849920761,0.0,5.69007771454982,0.8206686973571777,0.0,0.0,-0.5714040398597717,0.901259183883667,0.0,0.0,-0.43327996134757996,-0.321485380846427
49.798167227825736,-1293.4151207666469,0.0,5.667581331126627,0.8136807084083557,0.0,0.0,-0.5813117027282715,0.8967179656028748,0.0,0.0,-0.4426019787788391,0.03524389947639539
48.07566469394927,-1293.8874512821735,0.0,5.645815089190433,0.8065299391746521,0.0,0.0,-0.5911930203437805,0.8920432329177856,0.0,0.0,-0.4519497752189636,-0.3203860756981344
46.35482380623861,-1294.3154259907342,0.0,5.624800351467934,0.7992128729820251,0.0,0.0,-0.6010478734970093,0.8872324824333191,0.0,0.0,-0.461322158575058,0.03630524986642053
44.63731104815556,-1294.698788883107,0.0,5.604558480685807,0.7917277812957764,0.0,0.0,-0.610873818397522,0.8822820782661438,0.0,0.0,-0.47072064876556396,-0.3193637589919663
42.92474462242158,-1295.0372766500504,0.0,5.585110839570733,0.7840752601623535,0.0,0.0,-0.6206655502319336,0.8771867752075195,0.0,0.0,-0.4801490306854248,0.03728745396314137
41.21869737866987,-1295.330616823541,0.0,5.566478790849398,0.7762572765350342,0.0,0.0,-0.6304160952568054,0.8719422817230225,0.0,0.0,-0.48960867524147034,-0.3184227464302826
39.52069978992503,-1295.5785258970081,0.0,5.548683697248481,0.7682799100875854,0.0,0.0,-0.6401137113571167,0.8665418028831482,0.0,0.0,-0.4991045296192169,0.038186196064197764
37.83224297845255,-1295.780707423482,0.0,5.531746921494659,0.7601515650749207,0.0,0.0,-0.6497456431388855,0.860977053642273,0.0,0.0,-0.5086437463760376,-0.3175673537154432
36.154781791815324,-1295.9368500904177,0.0,5.51568982631463,0.7518844604492188,0.0,0.0,-0.6592947244644165,0.8552408218383789,0.0,0.0,-0.5182308554649353,0.03899716046722962
34.4897379302047,-1296.0466257698477,0.0,5.500533774435069,0.7434954047203064,0.0,0.0,-0.6687407493591309,0.8493316769599915,0.0,0.0,-0.527859628200531,-0.31680189654980884
32.8381402528922,-1296.1099449213502,0.0,5.486300128582658,0.7350046634674072,0.0,0.0,-0.6780617237091064,0.8432486653327942,0.0,0.0,-0.5375237464904785,0.03971603146987657
31.19949480973397,-1296.127758346457,0.0,5.473010251484082,0.7264339923858643,0.0,0.0,-0.6872358918190002,0.8369978666305542,0.0,0.0,-0.5472061634063721,-0.31613069063573923
29.572921387552285,-1296.101251440218,0.0,5.460685137214687,0.7178053855895996,0.0,0.0,-0.6962434649467468,0.8305859565734863,0.0,0.0,-0.5568903088569641,0.04033851198853283
27.95755134398426,-1296.0315658438144,0.0,5.449330301834426,0.7091407775878906,0.0,0.0,-0.7050665616989136,0.8240178227424622,0.0,0.0,-0.5665636658668518,-0.3155572141013826
26.352532768281705,-1295.9198014898302,0.0,5.438930465175096,0.7004638314247131,0.0,0.0,-0.713687539100647,0.8173028826713562,0.0,0.0,-0.5762081742286682,0.04086375626425659
24.757029828638697,-1295.7670189496127,0.0,5.4294688856038436,0.6917978525161743,0.0,0.0,-0.7220907807350159,0.810450553894043,0.0,0.0,-0.5858069658279419,-0.315079356547279
23.170221718170982,-1295.5742417183992,0.0,5.420928821487825,0.6831666231155396,0.0,0.0,-0.7302623391151428,0.8034694194793701,0.0,0.0,-0.5953460335731506,0.04129507263375248
21.591301636738102,-1295.3424584305558,0.0,5.413293531194193,0.6745941042900085,0.0,0.0,-0.7381887435913086,0.7963700294494629,0.0,0.0,-0.604809582233429,-0.3146937358253784
20.019475807145994,-1295.0726250078646,0.0,5.406546273090099,0.6661045551300049,0.0,0.0,-0.7458582520484924,0.7891630530357361,0.0,0.0,-0.6141835451126099,0.041635843245070414
18.45396252434059,-1294.765666743677,0.0,5.400670305542694,0.6577216386795044,0.0,0.0,-0.7532609105110168,0.7818599343299866,0.0,0.0,-0.6234538555145264,-0.3143969697876307
16.89399123629264,-1294.4224803255775,0.0,5.395648886919133,0.6494700908660889,0.0,0.0,-0.7603868842124939,0.7744740843772888,0.0,0.0,-0.6326054334640503,0.041889450246260396
15.338801655365492,-1294.0439357990883,0.0,5.391465275586571,0.6413742899894714,0.0,0.0,-0.7672278881072998,0.767017126083374,0.0,0.0,-0.6416264772415161,-0.31418567628598615
13.787642899001863,-1293.630878474794,0.0,5.388102729912158,0.6334583759307861,0.0,0.0,-0.7737765312194824,0.7595036625862122,0.0,0.0,-0.6505029797554016,0.04205927578537211
12.239772658676198,-1293.1841307811358,0.0,5.385544508263048,0.6257466673851013,0.0,0.0,-0.7800261974334717,0.7519462704658508,0.0,0.0,-0.6592244505882263,-0.31405647317239477
10.694456396104334,-1292.7044940650053,0.0,5.383773869006394,0.6182631254196167,0.0,0.0,-0.7859710454940796,0.7443578243255615,0.0,0.0,-0.667780876159668,0.042148702010455674
9.150966565789151,-1292.192750342135,0.0,5.382774070509349,0.6110314726829529,0.0,0.0,-0.7916061282157898,0.7367504835128784,0.0,0.0,-0.6761646270751953,-0.3140059782988066
7.608581863032448,-1291.6496639991688,0.0,5.382528371139066,0.6040761470794678,0.0,0.0,-0.7969265580177307,0.7291398644447327,0.0,0.0,-0.6843646168708801,0.042161111069560886
6.066586496627362,-1291.075983449172,0.0,5.383020029262697,0.5974209308624268,0.0,0.0,-0.8019277453422546,0.7215391993522644,0.0,0.0,-0.6923734545707703,-0.3140308095171718
4.524269485491011,-1290.472442742237,0.0,5.384232303247394,0.5910898447036743,0.0,0.0,-0.8066055178642273,0.7139606475830078,0.0,0.0,-0.7001857161521912,0.042099885110737756
2.9809239785698827,-1289.8397631327184,0.0,5.386148451460314,0.5851074457168579,0.0,0.0,-0.8109556436538696,0.7064171433448792,0.0,0.0,-0.7077956795692444,-0.31412758467944046
1.4358465974049572,-1289.1786546045337,0.0,5.388751732268606,0.5794979333877563,0.0,0.0,-0.8149735927581787,0.6989246606826782,0.0,0.0,-0.7151952385902405,0.04196840628203613
-0.11164604063815357,-1288.4898840722467,0.0,5.392025404039423,0.574286699295044,0.0,0.0,-0.8186541795730591,0.6915079355239868,0.0,0.0,-0.7223688364028931,-0.3142929216375625
-1.6619666232879462,-1287.7752539880728,0.0,5.395952725139919,0.5694974660873413,0.0,0.0,-0.8219930529594421,0.6841922998428345,0.0,0.0,-0.7293016910552979,0.04177005673150602
-3.2153119398300483,-1287.0373929917241,0.0,5.400516953937249,0.5651518106460571,0.0,0.0,-0.8249868154525757,0.6770050525665283,0.0,0.0,-0.735978364944458,-0.31452343824348833
-4.7718689758148765,-1286.2789581600946,0.0,5.405701348798562,0.5612692832946777,0.0,0.0,-0.8276332020759583,0.6699710488319397,0.0,0.0,-0.7423871755599976,0.04150821860719728
-6.33182070522028,-1285.5026159633355,0.0,5.411489168091011,0.5578662753105164,0.0,0.0,-0.8299307823181152,0.6631137728691101,0.0,0.0,-0.7485185861587524,-0.31481575234916753
-7.895346070209477,-1284.7110457071506,0.0,5.417863670181752,0.5549570918083191,0.0,0.0,-0.8318787813186646,0.6564553380012512,0.0,0.0,-0.7543649077415466,0.041186274057159855
-9.462619960858667,-1283.9069428631817,0.0,5.424808113437936,0.5525553226470947,0.0,0.0,-0.8334760665893555,0.6500154137611389,0.0,0.0,-0.7599209547042847,-0.31516648180655055
-11.033813194827147,-1283.0930222890076,0.0,5.432305756226718,0.5506707429885864,0.0,0.0,-0.8347224593162537,0.6438149809837341,0.0,0.0,-0.7651811242103577,0.040807605229443544
-12.609092496966243,-1282.2720213390076,0.0,5.440339856915248,0.5493122339248657,0.0,0.0,-0.8356170654296875,0.6378763318061829,0.0,0.0,-0.7701388597488403,-0.31557224446758736
-14.188620478829467,-1281.4467028671074,0.0,5.44889367387068,0.5484826564788818,0.0,0.0,-0.8361565470695496,0.6322156190872192,0.0,0.0,-0.7747924327850342,0.04037559427209847
-15.772555618086528,-1280.619858122161,0.0,5.457950465460168,0.5481910705566406,0.0,0.0,-0.8363476395606995,0.6268497705459595,0.0,0.0,-0.779140055179596,-0.3160296581842282
-17.361052237810586,-1279.7943095365117,0.0,5.467493490050861,0.5484366416931152,0.0,0.0,-0.8361867070198059,0.6217992901802063,0.0,0.0,-0.7831765413284302,0.03989362333317459
-18.954260485625205,-1278.972913408033,0.0,5.477506006009916,0.5492162108421326,0.0,0.0,-0.8356706500053406,0.6170792579650879,0.0,0.0,-0.7869008183479309,-0.3165353408084229
-20.552326312691218,-1278.158562475745,0.0,5.487971271704488,0.5505304336547852,0.0,0.0,-0.8348072171211243,0.6127077341079712,0.0,0.0,-0.7903094291687012,0.03936507456072147
-22.15539145252544,-1277.354188388864,0.0,5.498872545501723,0.5523693561553955,0.0,0.0,-0.8335930109024048,0.6087008118629456,0.0,0.0,-0.7933997511863708,-0.3170859101921216
-23.763593399627048,-1276.5627640689795,0.0,5.510193085768777,0.55472332239151,0.0,0.0,-0.8320295214653015,0.6050765514373779,0.0,0.0,-0.7961671352386475,0.03879333010278946
-25.377065387893282,-1275.7873059648202,0.0,5.521916150872805,0.557578980922699,0.0,0.0,-0.8301195502281189,0.6018502116203308,0.0,0.0,-0.7986088991165161,-0.31767798418727455
-26.995936368819716,-1275.030876198893,0.0,5.534024999180957,0.5609193444252014,0.0,0.0,-0.8278669118881226,0.5990402102470398,0.0,0.0,-0.8007187843322754,0.038181772107428236
-28.62033098946027,-1274.2965846051118,0.0,5.546502889060388,0.5647230744361877,0.0,0.0,-0.82527756690979,0.5966609716415405,0.0,0.0,-0.8024933338165283,-0.31830818064583166
-30.25036957013329,-1273.587590656326,0.0,5.559333078878252,0.5689651966094971,0.0,0.0,-0.8223592042922974,0.5947301387786865,0.0,0.0,-0.8039252758026123,0.03753378272268759
-31.886168081862756,-1272.9071052805295,0.0,5.572498827001697,0.5736163258552551,0.0,0.0,-0.8191220760345459,0.5932652354240417,0.0,0.0,-0.8050068616867065,-0.318973117419743
-33.52783812353719,-1272.2583925643362,0.0,5.585983391797878,0.5786422491073608,0.0,0.0,-0.8155797719955444,0.5922684669494629,0.0,0.0,-0.8057405948638916,0.03685274409661782
-35.17544567349426,-1271.6442836967185,0.0,5.599770031633949,0.5840058922767639,0.0,0.0,-0.8117480278015137,0.5917239785194397,0.0,0.0,-0.8061352372169495,-0.3196694123609587
-36.828870402850214,-1271.0655145655667,0.0,5.613842004877062,0.5896714329719543,0.0,0.0,-0.8076421022415161,0.5916182994842529,0.0,0.0,-0.8062129020690918,0.036142038377268704
-38.4879342486896,-1270.5222490882356,0.0,5.628182338724015,0.5956064462661743,0.0,0.0,-0.8032755255699158,0.5919309854507446,0.0,0.0,-0.8059817552566528,-0.32039367164615834
-40.15243611843276,-1270.0146632209862,0.0,5.642725979701496,0.6017801761627197,0.0,0.0,-0.7986611127853394,0.5926468372344971,0.0,0.0,-0.8054561018943787,0.035407511055173646
-41.822120159724506,-1269.5429513855624,0.0,5.657301051932812,0.6081655621528625,0.0,0.0,-0.7938096523284912,0.5937466025352478,0.0,0.0,-0.8046462535858154,-0.32112978640531564
-43.49667131632839,-1269.1073218699362,0.0,5.6717212955511895,0.6147364974021912,0.0,0.0,-0.7887321710586548,0.595213770866394,0.0,0.0,-0.8035621047019958,0.03467921592293233
-45.17571525324155,-1268.7079906965305,0.0,5.685800450689854,0.621469259262085,0.0,0.0,-0.7834382653236389,0.5970306396484375,0.0,0.0,-0.8022136092185974,-0.3218408548466623
-46.858818419014234,-1268.345175490094,0.0,5.699352257482025,0.628341019153595,0.0,0.0,-0.7779377102851868,0.5991828441619873,0.0,0.0,-0.8006078004837036,0.03399478123645905
-48.54548824765193,-1268.019089348575,0.0,5.712190456060927,0.6353323459625244,0.0,0.0,-0.772238552570343,0.6016548871994019,0.0,0.0,-0.7987521886825562,-0.32248924871428364
-50.23517350225906,-1267.729934721674,0.0,5.724128786559791,0.6424233913421631,0.0,0.0,-0.7663496732711792,0.6044289469718933,0.0,0.0,-0.796655535697937,0.033391835251667945
-51.92726476235366,-1267.4778973030811,0.0,5.734980989111827,0.64959716796875,0.0,0.0,-0.7602783441543579,0.6074904799461365,0.0,0.0,-0.794323742389679,-0.32303733975226523
-53.621095056385926,-1267.2631399436714,0.0,5.7445608038502645,0.6568360924720764,0.0,0.0,-0.754033088684082,0.6108229160308838,0.0,0.0,-0.7917644381523132,0.032908006224474096
-55.315940640550025,-1267.0857965941902,0.0,5.752681970908327,0.6641252040863037,0.0,0.0,-0.7476211190223694,0.6144115924835205,0.0,0.0,-0.7889830470085144,-0.3234474997046926
-57.01102192439139,-1266.9459662871732,0.0,5.7591582304192395,0.671450138092041,0.0,0.0,-0.7410494089126587,0.6182428002357483,0.0,0.0,-0.7859847545623779,0.032580922410791635
-58.70550454308074,-1266.8437071690191,0.0,5.763803322516224,0.678796648979187,0.0,0.0,-0.7343258857727051,0.6223019361495972,0.0,0.0,-0.7827751636505127,-0.3236821003156514
-60.3985052448214,-1266.7790304676532,0.0,5.766446903067317,0.6861525774002075,0.0,0.0,-0.7274572849273682,0.6265738010406494,0.0,0.0,-0.7793601751327515,0.03244740824154452
-62.08915399317462,-1266.7518948777858,0.0,5.767126120282804,0.6935057044029236,0.0,0.0,-0.7204508185386658,0.6310440897941589,0.0,0.0,-0.7757453322410583,-0.3237164042154235
-63.776637389836324,-1266.762208791874,0.0,5.766023494275274,0.7008451223373413,0.0,0.0,-0.713313102722168,0.6357005834579468,0.0,0.0,-0.7719342708587646,0.03250309642374305
-65.46020002217806,-1266.8098365676801,0.0,5.763324541654706,0.7081601023674011,0.0,0.0,-0.7060515284538269,0.6405287981033325,0.0,0.0,-0.7679328322410583,-0.323580093477011
-67.13914478570892,-1266.8946048412247,0.0,5.7592147790310895,0.7154403924942017,0.0,0.0,-0.6986734867095947,0.6455149054527283,0.0,0.0,-0.7637463212013245,0.03271066019261254
-68.81283306260065,-1267.016308810096,0.0,5.75387972301441,0.7226765751838684,0.0,0.0,-0.6911860704421997,0.6506445407867432,0.0,0.0,-0.7593812346458435,-0.3233106462034413
-70.48068475651804,-1267.1747184766336,0.0,5.7475048902146435,0.7298600077629089,0.0,0.0,-0.6835963129997253,0.6559077501296997,0.0,0.0,-0.7548399567604065,0.033032621445125976
-72.14217818448036,-1267.3695848420339,0.0,5.740275797241783,0.7369816899299622,0.0,0.0,-0.6759124398231506,0.6612895131111145,0.0,0.0,-0.7501298189163208,-0.32294554049774127
-73.79684982685836,-1267.600646043953,0.0,5.732377960705812,0.7440335154533386,0.0,0.0,-0.6681419610977173,0.6667807698249817,0.0,0.0,-0.7452530860900879,0.03343150207825579
-75.44429393688397,-1267.867633431657,0.0,5.723996897216715,0.7510077357292175,0.0,0.0,-0.6602932214736938,0.6723659038543701,0.0,0.0,-0.7402181625366211,-0.3225222544629383
-77.0841620112724,-1268.170277574228,0.0,5.715318123384472,0.7578968405723572,0.0,0.0,-0.6523743271827698,0.6780352592468262,0.0,0.0,-0.7350285649299622,0.03386982398897509
-78.71616212359591,-1268.5083141987536,0.0,5.706527155819074,0.7646939754486084,0.0,0.0,-0.6443935036659241,0.6837779879570007,0.0,0.0,-0.7296893000602722,-0.32207826620205965
-80.34005812210542,-1268.8814900568177,0.0,5.697809511130501,0.7713923454284668,0.0,0.0,-0.6363597512245178,0.6895846724510193,0.0,0.0,-0.7242042422294617,0.03431010907425658
-81.95566869353635,-1269.289568718965,0.0,5.689350705928737,0.7779859304428101,0.0,0.0,-0.6282816529273987,0.6954448223114014,0.0,0.0,-0.7185787558555603,-0.32165105381813214
-83.5628662943005,-1269.7323362981401,0.0,5.681336256823769,0.784468412399292,0.0,0.0,-0.6201687455177307,0.7013478875160217,0.0,0.0,-0.7128183841705322,0.03471487923107308
-85.16157595012365,-1270.2096071044023,0.0,5.673951680425585,0.7908337116241455,0.0,0.0,-0.6120308637619019,0.7072849273681641,0.0,0.0,-0.706928014755249,-0.32127809541418345
-86.75177392486012,-1270.7212292344755,0.0,5.667382493344161,0.7970771789550781,0.0,0.0,-0.6038771867752075,0.713248074054718,0.0,0.0,-0.7009111046791077,0.03504665635639759
-88.33348625870003,-1271.2670901009324,0.0,5.6618142121894905,0.8031935095787048,0.0,0.0,-0.5957179665565491,0.7192281484603882,0.0,0.0,-0.6947733163833618,-0.32099686909324054
-89.90678717544388,-1271.847121907014,0.0,5.6574323535715525,0.8091781735420227,0.0,0.0,-0.5875629782676697,0.725217342376709,0.0,0.0,-0.6885194182395935,0.03526796234720253
-91.47179735786447,-1272.4613070742628,0.0,5.654422434100332,0.8150269985198975,0.0,0.0,-0.5794225335121155,0.7312063574790955,0.0,0.0,-0.6821557879447937,-0.3208448529583304
-93.02868208940906,-1273.1096836312904,0.0,5.652969970385816,0.8207364082336426,0.0,0.0,-0.5713067054748535,0.737188458442688,0.0,0.0,-0.6756867170333862,0.0353413191004609
-94.57764925873678,-1273.7923153651532,0.0,5.653260475607557,0.8263029456138611,0.0,0.0,-0.563225507736206,0.7431533932685852,0.0,0.0,-0.6691206097602844,-0.32085952493922637
-96.11893376770252,-1274.508951985222,0.0,5.655429946426062,0.831724226474762,0.0,0.0,-0.5551887154579163,0.7490895390510559,0.0,0.0,-0.6624683141708374,0.035231749867203066
-97.65274854851538,-1275.2591561324534,0.0,5.659440148877309,0.8369991779327393,0.0,0.0,-0.5472038984298706,0.7549859881401062,0.0,0.0,-0.6557403802871704,-0.3210620604165621
-99.17927364739147,-1276.0425165144359,0.0,5.665214548152123,0.84212726354599,0.0,0.0,-0.539278507232666,0.7608350515365601,0.0,0.0,-0.6489447355270386,0.03494011354019222
-100.69865592781676,-1276.858646594528,0.0,5.672676609441323,0.8471092581748962,0.0,0.0,-0.5314184427261353,0.7666285037994385,0.0,0.0,-0.642090380191803,-0.3214389321988449
-102.21100881825197,-1277.7071803421447,0.0,5.681749797935726,0.8519462943077087,0.0,0.0,-0.5236287117004395,0.7723580002784729,0.0,0.0,-0.635187029838562,0.034481871697040534
-103.7164121042643,-1278.5877681332954,0.0,5.692357578826154,0.856640100479126,0.0,0.0,-0.5159138441085815,0.7780179381370544,0.0,0.0,-0.6282415986061096,-0.3219746787084624
-105.2149117653301,-1279.5000727944757,0.0,5.704423417303426,0.861193060874939,0.0,0.0,-0.5082775950431824,0.783601701259613,0.0,0.0,-0.621263325214386,0.03387248591536007
-106.70651985675033,-1280.4437657839667,0.0,5.717870778558364,0.8656080365180969,0.0,0.0,-0.5007218718528748,0.7891066670417786,0.0,0.0,-0.614255964756012,-0.3226538383678027
-108.19121443735986,-1281.4185235054963,0.0,5.732623127781788,0.8698880672454834,0.0,0.0,-0.493248850107193,0.7945275902748108,0.0,0.0,-0.6072279214859009,0.0331274177727629
-109.66893954386815,-1282.4240237500906,0.0,5.74860393016452,0.874036431312561,0.0,0.0,-0.48586001992225647,0.7998606562614441,0.0,0.0,-0.600185751914978,-0.32346094959925376
-111.13960521288408,-1283.4599422627718,0.0,5.765736650897375,0.8780568242073059,0.0,0.0,-0.4785560965538025,0.8051025867462158,0.0,0.0,-0.5931354761123657,0.03226212884686108
-112.60308755180976,-1284.525949431551,0.0,5.7839447551711745,0.8819525837898254,0.0,0.0,-0.4713376760482788,0.8102518320083618,0.0,0.0,-0.5860818028450012,-0.32438055082520323
-114.05922885996304,-1285.6217070969185,0.0,5.80315170817674,0.8857279419898987,0.0,0.0,-0.464204341173172,0.8153063654899597,0.0,0.0,-0.5790297389030457,0.031292080715266846
-115.50783780141239,-1286.7468654807542,0.0,5.823280975104891,0.8893865346908569,0.0,0.0,-0.4571555256843567,0.8202646970748901,0.0,0.0,-0.5719839930534363,-0.3253971804680391
-116.94868963112282,-1287.9010602342566,0.0,5.844256021146448,0.8929321765899658,0.0,0.0,-0.4501907527446747,0.8251252174377441,0.0,0.0,-0.5649497509002686,0.030232734955592255
-118.38152647614689,-1289.0839096051395,0.0,5.866000311492239,0.8963688015937805,0.0,0.0,-0.4433087408542633,0.8298882246017456,0.0,0.0,-0.5579294562339783,-0.32649537695014974
-119.80605767364949,-1290.2950117249416,0.0,5.888437311333066,0.8997000455856323,0.0,0.0,-0.43650832772254944,0.834553062915802,0.0,0.0,-0.5509271621704102,0.029099553145449486
-121.22196016768012,-1291.533942017883,0.0,5.911490485859763,0.9029297232627869,0.0,0.0,-0.42978793382644653,0.8391196131706238,0.0,0.0,-0.5439466834068298,-0.3276596786939224
-122.62887896662461,-1292.8002507332035,0.0,5.935083300263144,0.9060611128807068,0.0,0.0,-0.4231466054916382,0.843587338924408,0.0,0.0,-0.5369917154312134,0.02790799686245049
-124.02642766336834,-1294.0934606034523,0.0,5.9591392197340305,0.9090977907180786,0.0,0.0,-0.4165825843811035,0.8479576110839844,0.0,0.0,-0.5300635695457458,-0.32887462412174495
-125.4141890201987,-1295.4130646316119,0.0,5.983581709463246,0.9120429158210754,0.0,0.0,-0.41009461879730225,0.852230966091156,0.0,0.0,-0.5231651067733765,0.02667352768420722
-126.79171562052687,-1296.7585240103892,0.0,6.008334234641617,0.914899468421936,0.0,0.0,-0.4036814868450165,0.8564083576202393,0.0,0.0,-0.5162984728813171,-0.3301247516560061
-128.158530589492,-1298.1292661773605,0.0,6.033320260459944,0.9176701903343201,0.0,0.0,-0.39734262228012085,0.8604913353919983,0.0,0.0,-0.5094646215438843,0.02541160718833213
-129.51412838552778,-1299.5246830100075,0.0,6.058463252109059,0.920357882976532,0.0,0.0,-0.39107680320739746,0.8644809126853943,0.0,0.0,-0.5026652216911316,-0.3313945997190927
-130.85797566492738,-1300.944129164964,0.0,6.083686674779781,0.9229648113250732,0.0,0.0,-0.38488394021987915,0.8683789372444153,0.0,0.0,-0.4959008991718292,0.024137696952437115
-132.18951222140802,-1302.3869205660537,0.0,6.108913993662928,0.9254929423332214,0.0,0.0,-0.37876448035240173,0.8721859455108643,0.0,0.0,-0.4891742467880249,-0.33266870673339305
-133.50815200262812,-1303.852333045896,0.0,6.134068673949324,0.9279441833496094,0.0,0.0,-0.3727186918258667,0.8759047985076904,0.0,0.0,-0.4824838638305664,0.022867258554134295
-134.81328420553294,-1305.3396011460447,0.0,6.159074180829796,0.9303200244903564,0.0,0.0,-0.366748183965683,0.8795365691184998,0.0,0.0,-0.4758312404155731,-0.33393161112129566
-136.10427445230164,-1306.8479170807047,0.0,6.183853979495146,0.9326218366622925,0.0,0.0,-0.3608546257019043,0.8830828070640564,0.0,0.0,-0.4692172408103943,0.021615753571035734
-137.38046604858852,-1308.3764298691835,0.0,6.208331535136206,0.9348507523536682,0.0,0.0,-0.3550404906272888,0.8865458965301514,0.0,0.0,-0.462640643119812,-0.33516785130518756
-138.64118162756114,-1309.9242450175757,0.0,6.232431818055966,0.937007486820221,0.0,0.0,-0.3493087887763977,0.8899276852607727,0.0,0.0,-0.4561013877391815,0.020398567564987258
-139.8857377394112,-1311.4904375720948,0.0,6.256123454003147,0.9390923976898193,0.0,0.0,-0.343664288520813,0.8932286500930786,0.0,0.0,-0.44960254430770874,-0.3363643985752472
-141.11375840495802,-1313.0742358204782,0.0,6.279424427395844,0.9411060810089111,0.0,0.0,-0.3381108343601227,0.8964491486549377,0.0,0.0,-0.44314658641815186,0.019221750726972242
-142.3253733638491,-1314.6751341726656,0.0,6.3023553738025475,0.9430488348007202,0.0,0.0,-0.3326534628868103,0.8995891809463501,0.0,0.0,-0.436737060546875,-0.3375225271816463
-143.52077530986185,-1316.2926439219655,0.0,6.324936928791732,0.9449215531349182,0.0,0.0,-0.32729610800743103,0.9026488661766052,0.0,0.0,-0.4303777813911438,0.018081268151760865
-144.70017493408594,-1317.9262684849584,0.0,6.3471897279319,0.9467248916625977,0.0,0.0,-0.3220430910587311,0.9056278467178345,0.0,0.0,-0.4240732192993164,-0.3386464059260992
-145.8638004685115,-1319.5755037293975,0.0,6.369134406791535,0.9484593868255615,0.0,0.0,-0.31689849495887756,0.908526599407196,0.0,0.0,-0.4178270399570465,0.016972951037637796
-147.0118972447741,-1321.2398382835972,0.0,6.390791600939126,0.9501259922981262,0.0,0.0,-0.3118661940097809,0.9113457202911377,0.0,0.0,-0.4116417169570923,-0.3397402036103209
-148.14472726881212,-1322.9187538265821,0.0,6.412181945943169,0.9517256617546082,0.0,0.0,-0.30694976449012756,0.9140849709510803,0.0,0.0,-0.40552225708961487,0.0158926305828882
-149.26256881215954,-1324.6117253582595,0.0,6.433326077372151,0.9532594680786133,0.0,0.0,-0.30215293169021606,0.9167454242706299,0.0,0.0,-0.3994714319705963,-0.3408080890360271
-150.36571602057225,-1326.3182214489173,0.0,6.454244630794551,0.9547284841537476,0.0,0.0,-0.2974788546562195,0.9193270206451416,0.0,0.0,-0.3934939503669739,0.014836137985797304
-151.45447854068414,-1328.037704467371,0.0,6.47495824177887,0.9561337828636169,0.0,0.0,-0.2929307520389557,0.9218308329582214,0.0,0.0,-0.3875921070575714,-0.3418542310049321
-152.52918116534386,-1329.769630787082,0.0,6.495487545893588,0.9574765563011169,0.0,0.0,-0.28851133584976196,0.9242570996284485,0.0,0.0,-0.38177022337913513,0.013799304444649885
-153.59016349828485,-1331.513450969598,0.0,6.515853178707202,0.9587581753730774,0.0,0.0,-0.2842230200767517,0.9266065955162048,0.0,0.0,-0.37603190541267395,-0.342882798318751
-154.63777963875918,-1333.2686099246775,0.0,6.5360757757881975,0.9599801301956177,0.0,0.0,-0.2800678014755249,0.9288801550865173,0.0,0.0,-0.3703800439834595,0.012777961157730944
-155.67239788674465,-1335.0345470464733,0.0,6.556175972705072,0.9611439108848572,0.0,0.0,-0.27604764699935913,0.9310784935951233,0.0,0.0,-0.3648185133934021,-0.3438979597791992
-156.6944004693345,-1336.8106963251523,0.0,6.5761744050263005,0.962250828742981,0.0,0.0,-0.2721637785434723,0.933202862739563,0.0,0.0,-0.3593498468399048,0.011767939323325427
-157.70418328889028,-1338.596486433346,0.0,6.596091708320376,0.963302731513977,0.0,0.0,-0.26841723918914795,0.9352537989616394,0.0,0.0,-0.35397762060165405,-0.34490388418799084
-158.70215569354323,-1340.3913407868326,0.0,6.6159485181557915,0.9643009305000305,0.0,0.0,-0.2648088335990906,0.9372317790985107,0.0,0.0,-0.34870675206184387,0.010765070139718558
-159.68874027061258,-1342.194677578845,0.0,6.635765470101035,0.9652470946311951,0.0,0.0,-0.26133865118026733,0.9391385316848755,0.0,0.0,-0.3435383439064026,-0.3459047403468415
-160.66437266350493,-1344.0059097874287,0.0,6.655563199724597,0.966143012046814,0.0,0.0,-0.25800666213035583,0.9409748315811157,0.0,0.0,-0.338476300239563,0.00976518480519517
-161.62950141265117,-1345.8244451552375,0.0,6.675362342594972,0.9669905304908752,0.0,0.0,-0.25481224060058594,0.9427416920661926,0.0,0.0,-0.3335237205028534,-0.34690469705746646
-162.58458782103625,-1347.6496861411927,0.0,6.695183534280636,0.9677910804748535,0.0,0.0,-0.251754492521286,0.9444403052330017,0.0,0.0,-0.32868289947509766,0.008764114518040433
-163.53010584487535,-1349.4810298434013,0.0,6.715047410350082,0.9685465693473816,0.0,0.0,-0.24883237481117249,0.9460715651512146,0.0,0.0,-0.3239576816558838,-0.3479079231215799
-164.46654200998313,-1351.317867892741,0.0,6.734974606371804,0.9692586660385132,0.0,0.0,-0.24604393541812897,0.9476366639137268,0.0,0.0,-0.31935033202171326,0.007757690476539347
-165.39439505539937,-1353.1595857196467,0.0,6.754983568173719,0.9699292778968811,0.0,0.0,-0.24338704347610474,0.94913649559021,0.0,0.0,-0.31486478447914124,-0.3489184767479393
-166.31417394106552,-1355.005558397413,0.0,6.7750780824941295,0.9705601334571838,0.0,0.0,-0.240859255194664,0.9505723714828491,0.0,0.0,-0.3105027675628662,0.006742816015912589
-167.22639716337392,-1356.8551488366656,0.0,6.795255918285357,0.9711530208587646,0.0,0.0,-0.2384573519229889,0.951945960521698,0.0,0.0,-0.3062656819820404,-0.3499375593636579
-168.1315929198566,-1358.7078275676247,0.0,6.815514826129106,0.9717097878456116,0.0,0.0,-0.23617814481258392,0.9532591700553894,0.0,0.0,-0.30215325951576233,0.005719638852086872
-169.03029927511977,-1360.5637478534802,0.0,6.83585255660706,0.9722321033477783,0.0,0.0,-0.23401843011379242,0.954515278339386,0.0,0.0,-0.2981615662574768,-0.350964717468605
-169.92306432540693,-1362.4233133592336,0.0,6.856266860300926,0.972721517086029,0.0,0.0,-0.23197568953037262,0.9557162523269653,0.0,0.0,-0.29428908228874207,0.004688613413002751
-170.8104463617438,-1364.2869345310555,0.0,6.8767554877923995,0.973179280757904,0.0,0.0,-0.23004792630672455,0.9568638801574707,0.0,0.0,-0.29053595662117004,-0.3519994966348411
-171.69301403160674,-1366.1550283929264,0.0,6.897316189663179,0.9736064076423645,0.0,0.0,-0.2282332181930542,0.9579609036445618,0.0,0.0,-0.28689858317375183,0.003650194126599726
-172.57134649907277,-1368.0280186458974,0.0,6.917946716494961,0.9740039706230164,0.0,0.0,-0.22653046250343323,0.9590089321136475,0.0,0.0,-0.28337574005126953,-0.35304144243442603
-173.44603360339042,-1369.9063357662728,0.0,6.938644818869452,0.974372923374176,0.0,0.0,-0.22493839263916016,0.9600093364715576,0.0,0.0,-0.27996763586997986,0.002604835420817353
-174.31767601592458,-1371.790417102686,0.0,6.959408247368337,0.974713921546936,0.0,0.0,-0.2234562188386917,0.9609643816947937,0.0,0.0,-0.2766720950603485,-0.35409010043942024
-175.18688539541458,-1373.6807069720187,0.0,6.980234752573315,0.9750189185142517,0.0,0.0,-0.2220814824104309,0.9618752002716064,0.0,0.0,-0.2734886705875397,0.0015529917235962976
-176.05428454149586,-1375.5776567541463,0.0,7.001122085066087,0.9752993583679199,0.0,0.0,-0.22081616520881653,0.9627432823181152,0.0,0.0,-0.2704172432422638,-0.3551450162218835
-176.9205075464247,-1377.4817249854555,0.0,7.022067995428353,0.975555419921875,0.0,0.0,-0.21966053545475006,0.9635697603225708,0.0,0.0,-0.26745715737342834,0.0004951174628757826
-177.78619994495276,-1379.3933774511065,0.0,7.043070234241806,0.9757869839668274,0.0,0.0,-0.21861518919467926,0.9643560647964478,0.0,0.0,-0.26460784673690796,-0.356205735353876
-178.6520188622896,-1381.3130872760023,0.0,7.064126552088154,0.9759939908981323,0.0,0.0,-0.2176811546087265,0.9651035666465759,0.0,0.0,-0.26186832785606384,-0.0005683329334044696
-179.518633160096,-1383.2413350144134,0.0,7.085234699549079,0.9761760234832764,0.0,0.0,-0.2168600857257843,0.9658132791519165,0.0,0.0,-0.2592383921146393,-0.35727180340745807
-180.38672358044937,-1385.1786087382384,0.0,7.106392427206286,0.9763328433036804,0.0,0.0,-0.21615399420261383,0.9664862155914307,0.0,0.0,-0.25671833753585815,-0.0016369050373038485
-181.25698282944293,-1387.125403993348,0.0,7.127597008357489,0.9764638543128967,0.0,0.0,-0.21556566655635834,0.96712327003479,0.0,0.0,-0.2543078064918518,-0.358342741849438
-182.1301076816785,-1389.0822058626939,0.0,7.148779957164433,0.976568341255188,0.0,0.0,-0.21509838104248047,0.967725396156311,0.0,0.0,-0.25200673937797546,-0.0027067509366445197
-183.00678286892014,-1391.0494524839712,0.0,7.1697405227214555,0.9766455292701721,0.0,0.0,-0.2147558331489563,0.9682934284210205,0.0,0.0,-0.2498151957988739,-0.35940135627150976
-183.88767891781055,-1393.0275299692876,0.0,7.190262102679083,0.9766943454742432,0.0,0.0,-0.21454277634620667,0.9688283205032349,0.0,0.0,-0.24773243069648743,-0.003743194368847902
-184.77345159624616,-1395.0167714231252,0.0,7.2101280946878274,0.9767135977745056,0.0,0.0,-0.21446390450000763,0.9693307876586914,0.0,0.0,-0.24575893580913544,-0.3604046892012444
-185.66474102481988,-1397.017455737351,0.0,7.229121896398219,0.9767019748687744,0.0,0.0,-0.214525043964386,0.969801664352417,0.0,0.0,-0.24389390647411346,-0.004702477283514084
-186.5621704475531,-1399.0298061598926,0.0,7.247026905460784,0.9766578078269958,0.0,0.0,-0.21473248302936554,0.9702414870262146,0.0,0.0,-0.24213840067386627,-0.3613089825882427
-187.4663446568411,-1401.0539886343145,0.0,7.263626519526046,0.9765793681144714,0.0,0.0,-0.2150930017232895,0.9706510901451111,0.0,0.0,-0.2404913455247879,-0.005540841630244486
-188.37784806843985,-1403.090109908228,0.0,7.278704136244527,0.9764644503593445,0.0,0.0,-0.21561439335346222,0.9710310697555542,0.0,0.0,-0.23895196616649628,-0.3620704783821054
-189.29724244345059,-1405.138215409339,0.0,7.292043153266761,0.9763107299804688,0.0,0.0,-0.21630531549453735,0.9713819026947021,0.0,0.0,-0.23752185702323914,-0.006214529358640086
-190.2250642555951,-1407.1982868889295,0.0,7.303426968243259,0.9761155247688293,0.0,0.0,-0.21717479825019836,0.9717044830322266,0.0,0.0,-0.23619870841503143,-0.3626454185324336
-191.161821703646,-1409.2702398337392,0.0,7.312638978824552,0.975875735282898,0.0,0.0,-0.21823324263095856,0.9719979166984558,0.0,0.0,-0.23498842120170593,-0.006679782418301361
-192.1080188453063,-1411.3535459730235,0.0,7.319436302740327,0.9755969643592834,0.0,0.0,-0.21949349343776703,0.9722602963447571,0.0,0.0,-0.23390042781829834,-0.36298871772009894
-193.06422977935048,-1413.445987407043,0.0,7.323405533977183,0.9752681255340576,0.0,0.0,-0.22096417844295502,0.9724895358085632,0.0,0.0,-0.23294579982757568,-0.006880248642385012
-194.03098781086567,-1415.5447774853426,0.0,7.324065217169875,0.9748862981796265,0.0,0.0,-0.2226538509130478,0.9726837873458862,0.0,0.0,-0.23213323950767517,-0.3630220350530632
-195.00874313495126,-1417.6469790209435,0.0,7.32093371959515,0.9744487404823303,0.0,0.0,-0.22457052767276764,0.9728367924690247,0.0,0.0,-0.231472447514534,-0.0067220921992171
-195.99785430280713,-1419.7495121412358,0.0,7.313529408529753,0.9739524126052856,0.0,0.0,-0.22672076523303986,0.9729530811309814,0.0,0.0,-0.2309732586145401,-0.3626480799487502
-196.99857880015546,-1421.8491639440247,0.0,7.301370651250429,0.9733944535255432,0.0,0.0,-0.22911030054092407,0.973030686378479,0.0,0.0,-0.2306428998708725,-0.006108013548746183
-198.01106278148276,-1423.9425999126238,0.0,7.283975815033925,0.9727718830108643,0.0,0.0,-0.23174422979354858,0.9730669856071472,0.0,0.0,-0.23049043118953705,-0.3617695528671086
-199.03533001801267,-1426.0263770237177,0.0,7.260863278247149,0.9720816016197205,0.0,0.0,-0.23462645709514618,0.973059892654419,0.0,0.0,-0.23052175343036652,-0.00494071371103022
-200.07129201656588,-1428.0970017964487,0.0,7.231703027498968,0.9713205695152283,0.0,0.0,-0.23776039481163025,0.973007082939148,0.0,0.0,-0.23074398934841156,-0.3602968129303318
-201.1188154971622,-1430.1510973048057,0.0,7.196697204845589,0.970485508441925,0.0,0.0,-0.24114874005317688,0.9729060530662537,0.0,0.0,-0.23116335272789001,-0.0031727428699505067
-202.17773549009968,-1432.1854491326537,0.0,7.156164647828166,0.9695733189582825,0.0,0.0,-0.24479283392429352,0.972754955291748,0.0,0.0,-0.23178356885910034,-0.35824971409106793
-203.24785319020435,-1434.1970161858035,0.0,7.110424193987824,0.9685803055763245,0.0,0.0,-0.24869433045387268,0.9725583791732788,0.0,0.0,-0.23261211812496185,-0.0008626189386201077
-204.32893466663214,-1436.1829398971274,0.0,7.059794680865693,0.9675030708312988,0.0,0.0,-0.25285401940345764,0.9723097681999207,0.0,0.0,-0.23365344107151031,-0.3556926679737886
-205.42071041373416,-1438.1405518241374,0.0,7.0045949460029036,0.9663379192352295,0.0,0.0,-0.2572716474533081,0.9720079898834229,0.0,0.0,-0.23490974307060242,0.001925246458490515
-206.5228757214806,-1440.067379653769,0.0,6.94514382694059,0.9650812149047852,0.0,0.0,-0.2619471848011017,0.9716510772705078,0.0,0.0,-0.23638521134853363,-0.3526900862029647
-207.6350918376286,-1441.9611516430436,0.0,6.8817601612198604,0.9637289047241211,0.0,0.0,-0.26688021421432495,0.9712368845939636,0.0,0.0,-0.23808446526527405,0.0051264416969111215
-208.7569878882264,-1443.8197995368635,0.0,6.814762786381888,0.9622769951820374,0.0,0.0,-0.2720690965652466,0.9707641005516052,0.0,0.0,-0.24000822007656097,-0.34930638040306705
-209.88816351817755,-1445.641460015312,0.0,6.744470539967786,0.9607216715812683,0.0,0.0,-0.2775118052959442,0.9702302813529968,0.0,0.0,-0.24215956032276154,0.008676555152168752
-211.0281922094724,-1447.4244747325922,0.0,6.6712022595186875,0.9590586423873901,0.0,0.0,-0.28320613503456116,0.969633936882019,0.0,0.0,-0.24453897774219513,-0.3456059621985671
-212.17662523240864,-1449.1673890196935,0.0,6.595276788894891,0.9572835564613342,0.0,0.0,-0.2891494631767273,0.9689725637435913,0.0,0.0,-0.24714896082878113,0.01251117488064335
-213.3330082275684,-1450.8689667766505,0.0,6.517080236801738,0.9553923606872559,0.0,0.0,-0.2953382432460785,0.9682443141937256,0.0,0.0,-0.24998869001865387,-0.3416566413857816
-214.49693000284486,-1452.5282453286397,0.0,6.437232035120795,0.9533811807632446,0.0,0.0,-0.30176782608032227,0.9674468636512756,0.0,0.0,-0.253058522939682,0.016543912339276823
-215.66804271862085,-1454.1445379149213,0.0,6.3564021720670505,0.9512456655502319,0.0,0.0,-0.30843329429626465,0.9665778279304504,0.0,0.0,-0.25635918974876404,-0.3375743250699359
-216.84607421426634,-1455.7174208548436,0.0,6.275260635855401,0.9489824175834656,0.0,0.0,-0.31532803177833557,0.9656352400779724,0.0,0.0,-0.25988835096359253,0.02064196972370358
-218.03084093405693,-1457.2467191594856,0.0,6.194477414700769,0.9465878009796143,0.0,0.0,-0.322445273399353,0.9646164178848267,0.0,0.0,-0.26364585757255554,-0.3334943644055606
-219.22226136041758,-1458.7324907632863,0.0,6.114722496818088,0.9440587162971497,0.0,0.0,-0.32977673411369324,0.9635189175605774,0.0,0.0,-0.2676298916339874,0.024669995879394502
-220.42036987338085,-1460.1750095366388,0.0,6.036665870422281,0.9413923621177673,0.0,0.0,-0.33731284737586975,0.9623400568962097,0.0,0.0,-0.2718392312526703,-0.32955211054718647
-221.62533096816355,-1461.5747472228704,0.0,5.96097752372825,0.9385863542556763,0.0,0.0,-0.3450438678264618,0.9610776901245117,0.0,0.0,-0.2762700319290161,0.028492639651820362
-222.83745377781264,-1462.9323544217673,0.0,5.888327444950978,0.9356387257575989,0.0,0.0,-0.35295867919921875,0.9597283005714417,0.0,0.0,-0.28092265129089355,-0.3258829146493445
-224.05720686470627,-1464.2486407169336,0.0,5.819385622305361,0.9325479865074158,0.0,0.0,-0.3610457181930542,0.9582893252372742,0.0,0.0,-0.28579339385032654,0.03197454988644749
-225.28523326328107,-1465.5245540161134,0.0,5.754822044006328,0.9293130040168762,0.0,0.0,-0.36929264664649963,0.9567580819129944,0.0,0.0,-0.29087918996810913,-0.3226221278665651
-226.52235526273103,-1466.7611488374428,0.0,5.695258722994893,0.9259335994720459,0.0,0.0,-0.3776859641075134,0.9551313519477844,0.0,0.0,-0.296177476644516,0.034982798422378614
-227.76945750043933,-1467.959441406113,0.0,5.640727877757392,0.9224096536636353,0.0,0.0,-0.3862125277519226,0.9534056186676025,0.0,0.0,-0.30168676376342773,-0.3198680447737621
-229.02740034565397,-1469.1203209171024,0.0,5.590865404878387,0.9187415242195129,0.0,0.0,-0.39485910534858704,0.9515773057937622,0.0,0.0,-0.30740538239479065,0.037501105133439516
-230.29701362100056,-1470.244550662839,0.0,5.545299847552345,0.914930522441864,0.0,0.0,-0.40361103415489197,0.9496447443962097,0.0,0.0,-0.313324898481369,-0.31756675399971956
-231.57909159590363,-1471.3327715913144,0.0,5.503659748973689,0.9109777808189392,0.0,0.0,-0.4124550521373749,0.9476032257080078,0.0,0.0,-0.31944629549980164,0.03960414041518984
-232.87438770305383,-1472.3855066079748,0.0,5.465573652336857,0.9068854451179504,0.0,0.0,-0.421377032995224,0.9454492926597595,0.0,0.0,-0.32576608657836914,-0.31564321376553617
-234.18360898098723,-1473.4031655904178,0.0,5.430670100836288,0.902655839920044,0.0,0.0,-0.4303629994392395,0.9431807994842529,0.0,0.0,-0.3322770297527313,0.04136694604653174
-235.50740529213064,-1474.386051762253,0.0,5.398577637666417,0.8982918858528137,0.0,0.0,-0.4393988847732544,0.9407957792282104,0.0,0.0,-0.33897149562835693,-0.31402238229231033
-236.8459408230785,-1475.3344292442716,0.0,5.368944053915763,0.8937969207763672,0.0,0.0,-0.4484715759754181,0.9382951259613037,0.0,0.0,-0.34583336114883423,0.04286359169050413
-238.1986060643528,-1476.2485920648103,0.0,5.341537099363859,0.889173150062561,0.0,0.0,-0.4575705826282501,0.9356804490089417,0.0,0.0,-0.35284677147865295,-0.31263819266847676
-239.56472795530817,-1477.1287803543926,0.0,5.3161706568791605,0.8844223618507385,0.0,0.0,-0.4666871130466461,0.9329508543014526,0.0,0.0,-0.3600021004676819,0.04414472514932721
-240.94364166928915,-1477.9751730288667,0.0,5.292658705556416,0.8795462846755981,0.0,0.0,-0.475813090801239,0.9301080107688904,0.0,0.0,-0.36728447675704956,-0.3114507203794492
-242.33468358037203,-1478.7878914342946,0.0,5.270815224490385,0.8745455145835876,0.0,0.0,-0.48494336009025574,0.9271524548530579,0.0,0.0,-0.37468263506889343,0.04524793126377319
-243.73718482998964,-1479.567003218935,0.0,5.25045419277583,0.8694202303886414,0.0,0.0,-0.4940733015537262,0.9240824580192566,0.0,0.0,-0.3821917176246643,-0.3104223854443707
-245.1504654660824,-1480.31252643149,0.0,5.23138958950751,0.8641705513000488,0.0,0.0,-0.50319904088974,0.9208991527557373,0.0,0.0,-0.3897996246814728,0.04621079001469841
-246.57382913090274,-1481.0244338451548,0.0,5.21343539378018,0.8587960600852966,0.0,0.0,-0.5123176574707031,0.917602002620697,0.0,0.0,-0.3974992632865906,-0.30951560788238425
-248.00655827674038,-1481.702657507161,0.0,5.19640558468861,0.8532958626747131,0.0,0.0,-0.5214271545410156,0.9141905307769775,0.0,0.0,-0.40528368949890137,0.047070881382959506
-249.44790989153697,-1482.347093513362,0.0,5.180114141327555,0.8476685285568237,0.0,0.0,-0.5305263996124268,0.9106640815734863,0.0,0.0,-0.41314658522605896,-0.30869280771263397
-250.8971117187743,-1482.9576070071337,0.0,5.164375042791777,0.8419122099876404,0.0,0.0,-0.5396146774291992,0.9070213437080383,0.0,0.0,-0.42108356952667236,0.04786578534941294
-252.35335895802805,-1483.5340374012922,0.0,5.149002268176032,0.8360252380371094,0.0,0.0,-0.5486911535263062,0.9032618403434753,0.0,0.0,-0.4290888011455536,-0.30791640495426303
-253.81581143425436,-1484.0762038209818,0.0,5.133809796575084,0.8300053477287292,0.0,0.0,-0.5577554106712341,0.8993849158287048,0.0,0.0,-0.4371568262577057,0.04863308189491533
-255.2835912252257,-1484.5839107645236,0.0,5.118611607083686,0.8238505721092224,0.0,0.0,-0.566806972026825,0.8953872323036194,0.0,0.0,-0.44528764486312866,-0.3071488196264146
-256.75578073752484,-1485.056953978047,0.0,5.10322167879661,0.8175584077835083,0.0,0.0,-0.5758456587791443,0.8912678360939026,0.0,0.0,-0.4534764289855957,0.049410351000323205
-258.23142122218144,-1485.495126538333,0.0,5.087453990808609,0.8111276030540466,0.0,0.0,-0.5848690271377563,0.8870267868041992,0.0,0.0,-0.46171697974205017,-0.30635247174823277
-259.70951172138,-1485.8982251367374,0.0,5.071122522214442,0.8045567870140076,0.0,0.0,-0.5938755869865417,0.8826619982719421,0.0,0.0,-0.47000735998153687,0.0502351726464933
-261.1890084377056,-1486.2660565552792,0.0,5.054041252108872,0.7978447079658508,0.0,0.0,-0.6028628349304199,0.8781710267066956,0.0,0.0,-0.4783457815647125,-0.30548978133886057
-262.6688245170738,-1486.5984443240088,0.0,5.0360241595866615,0.790992259979248,0.0,0.0,-0.6118260622024536,0.8735522627830505,0.0,0.0,-0.48672935366630554,0.05114512681428174
-264.14783023594794,-1486.895235546614,0.0,5.016885223742558,0.7839996218681335,0.0,0.0,-0.6207612156867981,0.8688037395477295,0.0,0.0,-0.4951556921005249,-0.3045231684174412
-265.62485358247375,-1487.1563078788618,0.0,4.996438423671335,0.7768698334693909,0.0,0.0,-0.6296610832214355,0.8639241456985474,0.0,0.0,-0.5036211609840393,0.05217779348454554
-267.09868122003405,-1487.3815766419636,0.0,4.974497738467751,0.7696067094802856,0.0,0.0,-0.6385180950164795,0.8589106798171997,0.0,0.0,-0.5121247172355652,-0.30341505300311883
-268.5680598201865,-1487.571002050218,0.0,4.9508771472265645,0.7622162699699402,0.0,0.0,-0.647322416305542,0.8537622094154358,0.0,0.0,-0.5206625461578369,0.05337075263814084
-270.0316977502171,-1487.7245965294205,0.0,4.925390629042533,0.7547062635421753,0.0,0.0,-0.6560627818107605,0.848475992679596,0.0,0.0,-0.5292332768440247,-0.3021278551150364
-271.48830967587566,-1487.84243503051,0.0,4.897995301331254,0.747087299823761,0.0,0.0,-0.6647257804870605,0.8430521488189697,0.0,0.0,-0.5378313064575195,0.05475435504780138
-272.93687781863196,-1487.9246688619314,0.0,4.869518610972063,0.7393710613250732,0.0,0.0,-0.6732981204986572,0.8374869227409363,0.0,0.0,-0.5464569926261902,-0.3006896384302288
-274.3767510765862,-1487.9714983881147,0.0,4.841115147498861,0.7315722703933716,0.0,0.0,-0.6817638874053955,0.8317776322364807,0.0,0.0,-0.5551085472106934,0.05618887340503376
-275.80764487135923,-1487.9831312689005,0.0,4.8139400888178745,0.7237083911895752,0.0,0.0,-0.6901059150695801,0.8259245157241821,0.0,0.0,-0.5637802481651306,-0.2993171607190678
-277.22963848212146,-1487.959739941767,0.0,4.7891486128353495,0.7157982587814331,0.0,0.0,-0.6983071565628052,0.8199285864830017,0.0,0.0,-0.5724653601646423,0.05744096815162589
-278.64319507057854,-1487.9014689962014,0.0,4.767895897457515,0.7078626155853271,0.0,0.0,-0.7063500285148621,0.8137935996055603,0.0,0.0,-0.5811536312103271,-0.2982437912555408
-280.04945602542335,-1487.8090062260883,0.0,4.751332233155622,0.6999228000640869,0.0,0.0,-0.7142184376716614,0.807533860206604,0.0,0.0,-0.5898208618164062,0.058277516853741745
-281.4499778872016,-1487.683347142249,0.0,4.740091587639387,0.691997766494751,0.0,0.0,-0.7218995094299316,0.8011575937271118,0.0,0.0,-0.598453164100647,-0.297676081886034
-282.84621430597775,-1487.5253473110567,0.0,4.733843182876623,0.684105634689331,0.0,0.0,-0.7293829321861267,0.7946742177009583,0.0,0.0,-0.6070360541343689,0.058593092851861095
-284.2394805023024,-1487.335737533624,0.0,4.732150527076248,0.676263153553009,0.0,0.0,-0.7366601228713989,0.7880953550338745,0.0,0.0,-0.615553081035614,-0.2975905942193484
-285.6309540858219,-1487.1151466415947,0.0,4.734577128447196,0.6684857606887817,0.0,0.0,-0.7437248826026917,0.7814322113990784,0.0,0.0,-0.6239900588989258,0.0584705372270658
-287.02167590049424,-1486.8641228815895,0.0,4.740686495198387,0.6607872247695923,0.0,0.0,-0.7505731582641602,0.7746911644935608,0.0,0.0,-0.6323396563529968,-0.2978991480956712
-288.4125509015646,-1486.5831540185247,0.0,4.750042135538757,0.6531810760498047,0.0,0.0,-0.7572017312049866,0.7678871750831604,0.0,0.0,-0.6405850052833557,0.05799803013916835
-289.8043490694485,-1486.2726862618417,0.0,4.762207557677232,0.6456782221794128,0.0,0.0,-0.7636095285415649,0.7610269784927368,0.0,0.0,-0.6487200856208801,-0.29851356335519014
-291.1977063655685,-1485.933142094667,0.0,4.776746269822736,0.6382908821105957,0.0,0.0,-0.7697951793670654,0.754122793674469,0.0,0.0,-0.6567332148551941,0.05726375174798126
-292.5931257349884,-1485.5649370640867,0.0,4.793221780184199,0.6310283541679382,0.0,0.0,-0.7757596969604492,0.7471826672554016,0.0,0.0,-0.6646185517311096,-0.2993456598380923
-293.99097816040154,-1485.1684955709047,0.0,4.811197596970548,0.6238998174667358,0.0,0.0,-0.781504213809967,0.7402182817459106,0.0,0.0,-0.6723664402961731,0.05635588221331719
-295.39150377165544,-1484.744265679542,0.0,4.830237228390712,0.6169136762619019,0.0,0.0,-0.7870307564735413,0.7332406640052795,0.0,0.0,-0.6799689531326294,-0.30030725738456526
-296.79481301451733,-1484.292732953067,0.0,4.84990418265362,0.6100775003433228,0.0,0.0,-0.7923415899276733,0.7262563705444336,0.0,0.0,-0.6874237060546875,0.05536260169498852
-298.200887881855,-1483.8144333047655,0.0,4.8697619679682065,0.603398323059082,0.0,0.0,-0.7974398136138916,0.7192773818969727,0.0,0.0,-0.6947227120399475,-0.3013101758347969
-299.6095832097243,-1483.3099648461662,0.0,4.889374092543382,0.5968828201293945,0.0,0.0,-0.80232834815979,0.7123138308525085,0.0,0.0,-0.7018607258796692,0.054372090352807934
-301.0206280401503,-1482.7799987021056,0.0,4.908304064588087,0.5905361175537109,0.0,0.0,-0.8070111274719238,0.7053720951080322,0.0,0.0,-0.7088368535041809,-0.302266235028974
-302.43363744134797,-1482.2252845909034,0.0,4.926151655195542,0.584364116191864,0.0,0.0,-0.8114914298057556,0.6984651684761047,0.0,0.0,-0.7156437635421753,0.053470696887784996
-303.84823325379597,-1481.6466088699267,0.0,4.9429342143466775,0.5783718228340149,0.0,0.0,-0.8157731890678406,0.6915997266769409,0.0,0.0,-0.7222806215286255,-0.30311383902650607
-305.26412043141875,-1481.0447594991708,0.0,4.958936621201315,0.5725634098052979,0.0,0.0,-0.8198602795600891,0.6847856044769287,0.0,0.0,-0.7287443280220032,0.05266249452138916
-306.68108742184967,-1480.420518071366,0.0,4.974448130182986,0.5669435262680054,0.0,0.0,-0.8237565159797668,0.6780310273170471,0.0,0.0,-0.7350330352783203,-0.3038972485710349
-308.09900524384386,-1479.7746530203901,0.0,4.989757995715215,0.5615159869194031,0.0,0.0,-0.8274658918380737,0.6713443398475647,0.0,0.0,-0.7411453723907471,0.05188926898945839
-309.5178265208907,-1479.1079135688537,0.0,5.0051554722215394,0.5562840700149536,0.0,0.0,-0.8309921622276306,0.6647321581840515,0.0,0.0,-0.7470815777778625,-0.3046748988996371
-310.93758447053443,-1478.4210244343844,0.0,5.020929814125486,0.5512515306472778,0.0,0.0,-0.8343390226364136,0.658202588558197,0.0,0.0,-0.7528407573699951,0.05109258505491565
-312.3583918485095,-1477.7146813117588,0.0,5.037370275850586,0.5464207530021667,0.0,0.0,-0.8375107645988464,0.6517622470855713,0.0,0.0,-0.7584231495857239,-0.30550522524938967
-313.780439846356,-1476.9895471466439,0.0,5.0547661118203715,0.5417938828468323,0.0,0.0,-0.8405113220214844,0.6454221606254578,0.0,0.0,-0.7638257145881653,0.05021400748068405
-315.2039969406953,-1476.246249216332,0.0,5.073406576458382,0.5373718738555908,0.0,0.0,-0.8433452844619751,0.6391851902008057,0.0,0.0,-0.7690525054931641,-0.30644666285737
-316.62940769180716,-1475.4853770335303,0.0,5.093580924188132,0.5331553220748901,0.0,0.0,-0.8460172414779663,0.633058488368988,0.0,0.0,-0.774103581905365,0.049195101029686605
-318.05709148859444,-1474.7074810909448,0.0,5.11557840943316,0.5291430354118347,0.0,0.0,-0.8485324382781982,0.6270463466644287,0.0,0.0,-0.778981626033783,-0.30755764696065424
-319.4875412363686,-1473.9130724672132,0.0,5.1396882866169955,0.5253337621688843,0.0,0.0,-0.8508961200714111,0.6211560368537903,0.0,0.0,-0.7836865782737732,0.04797743046484637
-320.9213219832496,-1473.102623318595,0.0,5.166199810163171,0.521724283695221,0.0,0.0,-0.853114128112793,0.6153923869132996,0.0,0.0,-0.7882205843925476,-0.30889661279631964
-322.35906948023745,-1472.2765682858724,0.0,5.195402234495215,0.5183112025260925,0.0,0.0,-0.8551920652389526,0.6097614169120789,0.0,0.0,-0.7925845980644226,0.04650256054908658
-323.80148866924253,-1471.435306852086,0.0,5.227584814036661,0.5150895714759827,0.0,0.0,-0.8571363687515259,0.6042680144309998,0.0,0.0,-0.7967807650566101,-0.3105219956014432
-325.24934785090073,-1470.5792092183588,0.0,5.263021361266764,0.5120527744293213,0.0,0.0,-0.858954131603241,0.5989160537719727,0.0,0.0,-0.8008112907409668,0.04471283594150566
-326.703381902507,-1469.7086781230003,0.0,5.301638142896589,0.5091933012008667,0.0,0.0,-0.8606522679328918,0.5937101244926453,0.0,0.0,-0.8046785593032837,-0.312472338108
-328.1641983457268,-1468.8242136000351,0.0,5.343018060651667,0.5065025091171265,0.0,0.0,-0.8622385263442993,0.5886555314064026,0.0,0.0,-0.8083837032318115,0.04262294110539061
-329.6322746678545,-1467.9264249427588,0.0,5.386729410508143,0.5039699673652649,0.0,0.0,-0.8637212514877319,0.5837562680244446,0.0,0.0,-0.8119287490844727,-0.3146799820401453
-331.1079597601673,-1467.016039255067,0.0,5.432340488442152,0.5015844106674194,0.0,0.0,-0.8651086091995239,0.5790177583694458,0.0,0.0,-0.815314769744873,0.04031935131074371
-332.59147544555145,-1466.0939088768177,0.0,5.479419590429839,0.4993327558040619,0.0,0.0,-0.8664102554321289,0.5744458436965942,0.0,0.0,-0.8185424208641052,-0.3170577144637659
-334.0829181030606,-1465.1610176200625,0.0,5.527535012447364,0.49720045924186707,0.0,0.0,-0.8676357269287109,0.5700416564941406,0.0,0.0,-0.8216155767440796,0.03788927949167681
-335.5822603963886,-1464.2184857424224,0.0,5.576255050470833,0.4951711893081665,0.0,0.0,-0.8687953948974609,0.5658107995986938,0.0,0.0,-0.8245347738265991,-0.3195183224447492
-337.0893531124926,-1463.2675735754735,0.0,5.625148000476401,0.4932273030281067,0.0,0.0,-0.8699003458023071,0.5617537498474121,0.0,0.0,-0.8273041248321533,0.035419938582304744
-338.60392307843404,-1462.3094233061738,0.0,5.673782158440216,0.49134954810142517,0.0,0.0,-0.8709624409675598,0.5578585267066956,0.0,0.0,-0.8299357891082764,-0.3219745930489823
-340.12556066835697,-1461.3441200419245,0.0,5.721725820338412,0.48951971530914307,0.0,0.0,-0.8719921112060547,0.5541146993637085,0.0,0.0,-0.8324400782585144,0.032998541516739255
-341.6537416050519,-1460.3714761463928,0.0,5.768575106917729,0.4877210855484009,0.0,0.0,-0.872999370098114,0.5505093336105347,0.0,0.0,-0.834828794002533,-0.32434071863379627
-343.18790766402213,-1459.391305314339,0.0,5.814205286609472,0.48593825101852417,0.0,0.0,-0.8739930987358093,0.5470316410064697,0.0,0.0,-0.83711177110672,0.030693986986853272
-344.7275097665548,-1458.4033958379318,0.0,5.858652694607879,0.48415690660476685,0.0,0.0,-0.874981164932251,0.5436707735061646,0.0,0.0,-0.8392983675003052,-0.3265855372195744
-346.2720084982727,-1457.407510742615,0.0,5.901955611975589,0.482364684343338,0.0,0.0,-0.8759704828262329,0.5404180884361267,0.0,0.0,-0.8413965702056885,0.028506970958181
-347.8208741007137,-1456.403388245358,0.0,5.944152319775224,0.4805493950843811,0.0,0.0,-0.8769676685333252,0.5372604131698608,0.0,0.0,-0.8434163928031921,-0.3287166840781418
-349.3735864540558,-1455.3907422041038,0.0,5.9852810990694065,0.4787003993988037,0.0,0.0,-0.8779783248901367,0.5341876149177551,0.0,0.0,-0.8453660011291504,0.02642975988271723
-350.9296350506439,-1454.3692625557107,0.0,6.025380230920754,0.47680729627609253,0.0,0.0,-0.879007875919342,0.5311907529830933,0.0,0.0,-0.8472521901130676,-0.33074189275750276
-352.4885189589855,-1453.3386157397847,0.0,6.064487996391903,0.474860817193985,0.0,0.0,-0.8800607919692993,0.5282615423202515,0.0,0.0,-0.8490817546844482,0.0244546202124572
-354.0497467778902,-1452.2984451058824,0.0,6.1026426765454485,0.4728527367115021,0.0,0.0,-0.8811414241790771,0.5253883600234985,0.0,0.0,-0.8508625626564026,-0.3326688968056617
-355.61283658043635,-1451.24837130163,0.0,6.139882552444022,0.4707748293876648,0.0,0.0,-0.8822533488273621,0.5225642323493958,0.0,0.0,-0.8525999188423157,0.022573818399397927
-357.1773158474652,-1450.1879926394054,0.0,6.176245905150244,0.46862006187438965,0.0,0.0,-0.8833997845649719,0.5197787880897522,0.0,0.0,-0.854300856590271,-0.33450542977062236
-358.74272139029966,-1449.1168854392952,0.0,6.2117710157267405,0.4663817584514618,0.0,0.0,-0.8845835328102112,0.5170232057571411,0.0,0.0,-0.8559713363647461,0.02077962089553448
-360.3085992623981,-1448.034604346118,0.0,6.246496165236128,0.4640539884567261,0.0,0.0,-0.8858069181442261,0.5142917633056641,0.0,0.0,-0.8576152324676514,-0.3362592252003894
-361.8745046596679,-1446.9406826183872,0.0,6.280459634741044,0.46163108944892883,0.0,0.0,-0.8870719075202942,0.5115768313407898,0.0,0.0,-0.8592374920845032,0.019064294152861927
-363.44000180915765,-1445.834632387151,0.0,6.313699705304079,0.4591076970100403,0.0,0.0,-0.8883805274963379,0.5088708400726318,0.0,0.0,-0.8608428239822388,-0.3379380166429669
-365.0046638442264,-1444.7159448838934,0.0,6.34625465130472,0.45647916197776794,0.0,0.0,-0.8897340297698975,0.5061637759208679,0.0,0.0,-0.8624373078346252,0.017420104960910343
-366.5680711292841,-1443.5840917553562,0.0,6.3781564460191245,0.4537409543991089,0.0,0.0,-0.8911336064338684,0.5034509301185608,0.0,0.0,-0.8640236854553223,-0.33954921839621965
-368.1298067843851,-1442.4385284921016,0.0,6.409419057159495,0.45088991522789,0.0,0.0,-0.8925795555114746,0.5007256865501404,0.0,0.0,-0.8656059503555298,0.015841185206346198
-369.68945593696384,-1441.2786953028642,0.0,6.4400532570356885,0.44792187213897705,0.0,0.0,-0.8940725922584534,0.49798068404197693,0.0,0.0,-0.8671879172325134,-0.34109640020814863
-371.24660576628867,-1440.1040174300954,0.0,6.470069817957579,0.44483402371406555,0.0,0.0,-0.8956129550933838,0.49520930647850037,0.0,0.0,-0.8687735199928284,0.014325197280998181
-372.8008455459986,-1438.9139054641703,0.0,6.499479512234996,0.44162335991859436,0.0,0.0,-0.8972004055976868,0.4924049377441406,0.0,0.0,-0.8703660368919373,-0.3425817383029676
-374.3517666846194,-1437.7077556556033,0.0,6.528293112177816,0.4382881820201874,0.0,0.0,-0.8988343477249146,0.48956426978111267,0.0,0.0,-0.8719670176506042,0.01286996496065368
-375.8989627639546,-1436.4849502246605,0.0,6.556521390095891,0.43482595682144165,0.0,0.0,-0.9005143642425537,0.486681193113327,0.0,0.0,-0.8735795617103577,-0.34400740890489057
-377.4420295752613,-1435.2448576677264,0.0,6.5841751182990835,0.4312354326248169,0.0,0.0,-0.9022393822669983,0.483749657869339,0.0,0.0,-0.8752061724662781,0.01147331202109847
-378.9805651530929,-1433.9868330598433,0.0,6.611265069097251,0.42751553654670715,0.0,0.0,-0.9040079712867737,0.480765163898468,0.0,0.0,-0.8768491744995117,-0.3453755882381313
-380.5141698067403,-1432.7102183528111,0.0,6.637802014800259,0.42366498708724976,0.0,0.0,-0.9058189392089844,0.4777222275733948,0.0,0.0,-0.8785106539726257,0.010133062238118218
-382.04244614915365,-1431.414342668291,0.0,6.663796727717951,0.41968369483947754,0.0,0.0,-0.9076703786849976,0.4746173024177551,0.0,0.0,-0.88019198179245,-0.3466884525269036
-383.5649991232701,-1430.0985225853299,0.0,6.68925998016019,0.4155709743499756,0.0,0.0,-0.9095607995986938,0.4714451730251312,0.0,0.0,-0.881895124912262,0.008847039387500089
-385.08143602565315,-1428.762062421765,0.0,6.714202544436839,0.4113268554210663,0.0,0.0,-0.9114879369735718,0.46820366382598877,0.0,0.0,-0.8836203217506409,-0.3479481779954212
-386.5913665273585,-1427.404254508975,0.0,6.7386351928577515,0.40695133805274963,0.0,0.0,-0.913449764251709,0.464887797832489,0.0,0.0,-0.8853692412376404,0.007613067245029748
-388.09440269194295,-1426.0243794594417,0.0,6.7625686977327915,0.40244466066360474,0.0,0.0,-0.9154443740844727,0.46149373054504395,0.0,0.0,-0.8871431350708008,-0.34915694086789795
-389.5901589905366,-1424.621706426628,0.0,6.786013831371818,0.39780664443969727,0.0,0.0,-0.9174692630767822,0.45802009105682373,0.0,0.0,-0.8889415264129639,0.006428969586493027
-391.0782523138963,-1423.1954933566612,0.0,6.808981366084681,0.3930375576019287,0.0,0.0,-0.9195224046707153,0.45446455478668213,0.0,0.0,-0.8907645344734192,-0.3503169173685476
-392.5583019813677,-1421.7449872313505,0.0,6.831482074181241,0.3881368041038513,0.0,0.0,-0.9216017723083496,0.450822114944458,0.0,0.0,-0.8926135301589966,0.005292570187676815
-394.0299297466799,-1420.2694243020585,0.0,6.85352672797136,0.38310426473617554,0.0,0.0,-0.9237051010131836,0.4470922350883484,0.0,0.0,-0.8944875597953796,-0.35143028372158386
-395.4927598004959,-1418.7680303139853,0.0,6.875126099764893,0.3779386281967163,0.0,0.0,-0.9258305430412292,0.4432719349861145,0.0,0.0,-0.8963869214057922,0.004201692824367054
-396.94641876966125,-1417.2400207203953,0.0,6.896290961871701,0.37263864278793335,0.0,0.0,-0.9279763698577881,0.43936100602149963,0.0,0.0,-0.8983103632926941,-0.3524992161512206
-398.3905357130719,-1415.6846008863859,0.0,6.917032086601649,0.3672020435333252,0.0,0.0,-0.9301410913467407,0.4353577792644501,0.0,0.0,-0.9002573490142822,0.003154161272349465
-399.82474211409317,-1414.1009662817598,0.0,6.93736024626458,0.3616257607936859,0.0,0.0,-0.932323157787323,0.4312618374824524,0.0,0.0,-0.9022266864776611,-0.3535258908816717
-401.2486718694865,-1412.4883026625973,0.0,6.957286213170358,0.355906218290329,0.0,0.0,-0.934521496295929,0.42707154154777527,0.0,0.0,-0.9042177200317383,0.0021477993074112134
-402.6618505096386,-1410.845902233675,0.0,6.976820759628847,0.3500383794307709,0.0,0.0,-0.936735212802887,0.4227841794490814,0.0,0.0,-0.9062302708625793,-0.354512484137151
-404.0629982353236,-1409.1738936430556,0.0,6.995974645450658,0.34401649236679077,0.0,0.0,-0.9389634728431702,0.41839760541915894,0.0,0.0,-0.9082638621330261,0.0011804313366127195
-405.45046615127507,-1407.472785315171,0.0,7.014757815034626,0.33783453702926636,0.0,0.0,-0.9412053823471069,0.4139108955860138,0.0,0.0,-0.9103172421455383,-0.3554611290656342
-406.82258554286756,-1405.7430998807224,0.0,7.033178909743513,0.331486314535141,0.0,0.0,-0.9434598684310913,0.40932193398475647,0.0,0.0,-0.9123899340629578,0.0002500730179820221
-408.1776698959873,-1403.9853722261778,0.0,7.051246454147192,0.32496508955955505,0.0,0.0,-0.9457257986068726,0.4046245217323303,0.0,0.0,-0.9144828915596008,-0.35637363130824423
-409.51401539114244,-1402.2001491260405,0.0,7.068968972815564,0.31826528906822205,0.0,0.0,-0.9480014443397522,0.39981698989868164,0.0,0.0,-0.916594922542572,-0.0006450036824408034
-410.8299013802775,-1400.3879888803028,0.0,7.086354990318521,0.3113810122013092,0.0,0.0,-0.9502848386764526,0.39489513635635376,0.0,0.0,-0.9187261462211609,-0.3572517130003127
-412.12359084567004,-1398.5494609573961,0.0,7.103413031225956,0.304307758808136,0.0,0.0,-0.9525735378265381,0.38985416293144226,0.0,0.0,-0.9208765029907227,-0.0015065208999880397
-413.39333084028823,-1396.685145642994,0.0,7.1201516201077615,0.2970415949821472,0.0,0.0,-0.9548643827438354,0.3846893012523651,0.0,0.0,-0.9230459928512573,-0.3580970962771716
-414.6373529090225,-1394.7956336949733,0.0,7.1365792815338285,0.2895796298980713,0.0,0.0,-0.957153856754303,0.3793959617614746,0.0,0.0,-0.9252342581748962,-0.0023362007699914145
-415.85387349021283,-1392.8815260048489,0.0,7.152704540074057,0.2819207012653351,0.0,0.0,-0.9594376087188721,0.3739687502384186,0.0,0.0,-0.9274411201477051,-0.3589115032741529
-417.04109429691573,-1390.9434332659816,0.0,7.168535920298328,0.2740648090839386,0.0,0.0,-0.9617111682891846,0.3684011995792389,0.0,0.0,-0.9296666979789734,-0.0031357654277828217
-418.1972026773628,-1388.9819756488657,0.0,7.184081946776539,0.26601430773735046,0.0,0.0,-0.9639689922332764,0.3626888394355774,0.0,0.0,-0.93190997838974,-0.35969665612658785
-419.32037195408964,-1386.9977824837613,0.0,7.19935114407858,0.25777310132980347,0.0,0.0,-0.9662052989006042,0.35682401061058044,0.0,0.0,-0.9341713786125183,-0.003906937008693934
-420.4087617412255,-1384.991491950964,0.0,7.214352036774347,0.2493477463722229,0.0,0.0,-0.9684138298034668,0.3508000075817108,0.0,0.0,-0.936450183391571,-0.3604542769698084
-421.46051823944316,-1382.9637507789694,0.0,7.229093149433732,0.24074678122997284,0.0,0.0,-0.9705878496170044,0.3446101248264313,0.0,0.0,-0.9387456178665161,-0.004651437648056811
-422.47377450809654,-1380.915213950807,0.0,7.243583006626631,0.23198175430297852,0.0,0.0,-0.9727200269699097,0.3382463753223419,0.0,0.0,-0.9410572648048401,-0.36118608793914675
-423.446650714072,-1378.8465444187732,0.0,7.257830132922927,0.22306674718856812,0.0,0.0,-0.97480309009552,0.3317014276981354,0.0,0.0,-0.9433841705322266,-0.00537098948120307
-424.377254356912,-1376.75841282783,0.0,7.271843052892517,0.2140190154314041,0.0,0.0,-0.976829469203949,0.32496678829193115,0.0,0.0,-0.9457252025604248,-0.3618938111699341
-425.26368046975955,-1374.6514972478906,0.0,7.285630291105292,0.2048586905002594,0.0,0.0,-0.9787914752960205,0.3180358409881592,0.0,0.0,-0.948078453540802,-0.00606731464346455
-426.10401179570994,-1372.5264829152406,0.0,7.29920037213115,0.1956089586019516,0.0,0.0,-0.980681836605072,0.3109062910079956,0.0,0.0,-0.9504402875900269,-0.3625791687975026
-426.8964742236047,-1370.3840619832852,0.0,7.312561820539975,0.1862959861755371,0.0,0.0,-0.98249351978302,0.3035878539085388,0.0,0.0,-0.9528031945228577,-0.0067421352701728665
-427.64081425895887,-1368.2249332828833,0.0,7.32572316090167,0.17694558203220367,0.0,0.0,-0.9842205047607422,0.2960975170135498,0.0,0.0,-0.9551575183868408,-0.3632438829571842
-428.3376563474502,-1366.049802092433,0.0,7.338692917786116,0.16758139431476593,0.0,0.0,-0.985858142375946,0.28845158219337463,0.0,0.0,-0.95749431848526,-0.007397173496660081
-428.98765000458025,-1363.859379917943,0.0,7.351479615763213,0.15822505950927734,0.0,0.0,-0.9874029159545898,0.28066590428352356,0.0,0.0,-0.9598053097724915,-0.36388967578431025
-429.5914594206679,-1361.6543842832739,0.0,7.36409177940285,0.14889629185199738,0.0,0.0,-0.9888527393341064,0.2727554738521576,0.0,0.0,-0.9620831608772278,-0.008034151458257921
-430.14976302570864,-1359.4355385307488,0.0,7.3765379332749195,0.139613077044487,0.0,0.0,-0.9902061223983765,0.2647356688976288,0.0,0.0,-0.9643207788467407,-0.3645182694142128
-430.6632530665761,-1357.203571632307,0.0,7.388826601949315,0.1303916573524475,0.0,0.0,-0.9914625287055969,0.25662124156951904,0.0,0.0,-0.9665118455886841,-0.008654791290298114
-431.1326351968245,-1354.9592180113916,0.0,7.4009663099959315,0.12124671787023544,0.0,0.0,-0.9926223158836365,0.24842636287212372,0.0,0.0,-0.9686505794525146,-0.36513138598222367
-431.5586280793467,-1352.7032173757516,0.0,7.412965581984657,0.1121913343667984,0.0,0.0,-0.9936864972114563,0.24016378819942474,0.0,0.0,-0.9707322120666504,-0.009260815128112498
-431.941963002138,-1350.4363145613083,0.0,7.424832942485386,0.10323693603277206,0.0,0.0,-0.9946566820144653,0.23184749484062195,0.0,0.0,-0.9727518558502197,-0.36573074762367463
-432.28338350740034,-1348.1592593872792,0.0,7.436576916068006,0.09439333528280258,0.0,0.0,-0.9955348372459412,0.22348986566066742,0.0,0.0,-0.9747060537338257,-0.009853945107032747
-432.5836450342228,-1345.872806522706,0.0,7.448206027302418,0.08566886931657791,0.0,0.0,-0.9963235259056091,0.21510323882102966,0.0,0.0,-0.9765911102294922,-0.36631807647389747
-432.8435145750623,-1343.5777153645486,0.0,7.4597288007585085,-0.07707127183675766,0.0,0.0,0.9970253705978394,0.2066991925239563,0.0,0.0,-0.9784042835235596,-0.010435903362390808
-433.0637703462465,-1341.2747499274944,0.0,7.4711537610061765,-0.06860528886318207,0.0,0.0,0.9976437091827393,0.19828835129737854,0.0,0.0,-0.9801434874534607,-0.3668950946682242
-433.24520147271033,-1338.9646787456509,0.0,7.482489432615302,-0.06027555465698242,0.0,0.0,0.9981815814971924,0.18988212943077087,0.0,0.0,-0.9818066358566284,-0.0110084120295183
-433.3886076871755,-1336.6482747862578,0.0,7.493744340155788,-0.05208538845181465,0.0,0.0,0.9986424446105957,0.1814899742603302,0.0,0.0,-0.9833924770355225,-0.36746352434198615
-433.49479904397714,-1334.3263153755572,0.0,7.504927008197526,-0.04403671622276306,0.0,0.0,0.9990296959877014,0.1731215864419937,0.0,0.0,-0.9849002361297607,-0.011573193243747448
-433.56459564773536,-1331.999582136987,0.0,7.516045961310401,-0.03613070026040077,0.0,0.0,0.999346911907196,0.16478602588176727,0.0,0.0,-0.9863290786743164,-0.3680250876305152
-433.5988273970661,-1329.6688609418202,0.0,7.527109724064313,-0.02836727723479271,0.0,0.0,0.999597430229187,-0.15649187564849854,0.0,0.0,0.987679123878479,-0.012131969140409649
-433.5983337435213,-1327.3349418723972,0.0,7.538126821029156,-0.020745377987623215,0.0,0.0,0.9997846484184265,-0.14824740588665009,0.0,0.0,0.9889501333236694,-0.3685815066691437
-433.56396346594573,-1324.9986191980865,0.0,7.549105776774814,-0.013263354077935219,0.0,0.0,0.9999119639396667,-0.14005906879901886,0.0,0.0,0.9901429414749146,-0.012686461854836795
-433.49657446043375,-1322.660691364114,0.0,7.560055115871186,-0.005918544251471758,0.0,0.0,0.9999822974205017,-0.13193432986736298,0.0,0.0,0.9912582635879517,-0.3691345035932029
-433.3970335460657,-1320.321960993389,0.0,7.570983362888157,0.0012922524474561214,0.0,0.0,0.999998927116394,-0.12387992441654205,0.0,0.0,0.9922970533370972,-0.013238393522360559
-433.2662162866039,-1317.983234901475,0.0,7.581899042395628,0.008373144082725048,0.0,0.0,0.9999647736549377,-0.11590202152729034,0.0,0.0,0.9932604432106018,-0.3696858005380247
-433.1050068283231,-1315.6453241248214,0.0,7.592810678963488,0.015328740701079369,0.0,0.0,0.9998823404312134,-0.10800544172525406,0.0,0.0,0.9941501021385193,-0.013789486278313057
-432.9142977541506,-1313.3090439624075,0.0,7.603726797161633,0.02216392569243908,0.0,0.0,0.9997541308403015,-0.10019346326589584,0.0,0.0,0.9949676990509033,-0.3702371196389411
-432.6949269235924,-1310.975139501589,0.0,7.614655921559946,0.028884373605251312,0.0,0.0,0.9995825886726379,-0.09246590733528137,0.0,0.0,0.9957155585289001,-0.01434146225802585
-432.447304780316,-1308.6438451935371,0.0,7.6256063663420255,0.03549495339393616,0.0,0.0,0.9993696212768555,-0.08482161164283752,0.0,0.0,0.9963958859443665,-0.3707901724057128
-432.17166212035755,-1306.3151792263407,0.0,7.636581771843586,0.04200033098459244,0.0,0.0,0.9991172552108765,-0.07725951075553894,0.0,0.0,0.9970107674598694,-0.014895775667195577
-431.8682316420029,-1303.9891594306257,0.0,7.647581194441722,0.04840417206287384,0.0,0.0,0.9988275170326233,-0.06977817416191101,0.0,0.0,0.9975622296333313,-0.3713456987995581
-431.53724862944773,-1301.6658040878656,0.0,7.658603498107183,0.05470988526940346,0.0,0.0,0.9985019564628601,-0.062376342713832855,0.0,0.0,0.9980524778366089,-0.015452457670501685
-431.17895099343883,-1299.3451319261362,0.0,7.6696475468107375,0.060920409858226776,0.0,0.0,0.998142421245575,-0.05505396053195,0.0,0.0,0.9984831809997559,-0.3719034790371113
-430.7935793113158,-1297.0271621158586,0.0,7.680712204523122,0.06703807413578033,0.0,0.0,0.9977501630783081,-0.0478103905916214,0.0,0.0,0.9988561868667603,-0.0160112787670868
-430.3813768664462,-1294.71191426552,0.0,7.6917963352151,0.07306516170501709,0.0,0.0,0.9973270297050476,-0.04064484313130379,0.0,0.0,0.9991734623908997,-0.3724632836175142
-429.94258968704537,-1292.39940841737,0.0,7.702898802857431,0.07900351285934448,0.0,0.0,0.996874213218689,-0.03355615958571434,0.0,0.0,0.999436616897583,-0.01657200945609344
-429.4774665843772,-1290.0896650431212,0.0,7.714018471420868,0.08485470712184906,0.0,0.0,0.9963932037353516,-0.02654518000781536,0.0,0.0,0.9996473789215088,-0.37302488303991
-428.9862591903236,-1287.7827050396074,0.0,7.725154204876164,0.09062017500400543,0.0,0.0,0.99588543176651,-0.019610894843935966,0.0,0.0,0.9998074173927307,-0.01713442023666395
-428.4692219943187,-1285.478549724438,0.0,7.736304867194082,0.09630108624696732,0.0,0.0,0.9953521490097046,-0.012753311544656754,0.0,0.0,0.9999184012413025,-0.37358804780344124
-427.92661237963955,-1283.1772208316318,0.0,7.7474693223453714,0.10189823806285858,0.0,0.0,0.9947947263717651,-0.0059720976278185844,0.0,0.0,0.9999819993972778,-0.01769828160794118
-427.3586906590447,-1280.878740507233,0.0,7.758646434300786,0.10741257667541504,0.0,0.0,0.9942144155502319,0.0007333392277359962,0.0,0.0,0.9999995827674866,-0.37415254840725004
-426.76572010975366,-1278.583131304906,0.0,7.769835067031088,0.11284498125314713,0.0,0.0,0.9936124682426453,0.007361673284322023,0.0,0.0,0.9999727010726929,-0.018263364069067478
-426.14796700776037,-1276.2904161815186,0.0,7.781034084507025,0.11819618195295334,0.0,0.0,0.9929901957511902,0.01391448825597763,0.0,0.0,0.9999030232429504,-0.3747181553504792
-425.50570066146935,-1274.0006184927024,0.0,7.792242350699358,0.12346652895212173,0.0,0.0,0.9923486709594727,0.02039104513823986,0.0,0.0,0.9997919201850891,-0.01882943811918536
-424.8391934446536,-1271.7137619883947,0.0,7.80345872957885,0.1286565661430359,0.0,0.0,0.991689145565033,0.026791591197252274,0.0,0.0,0.9996408820152283,-0.37528463913227167
-424.1487208287164,-1269.4298708083672,0.0,7.814682085116239,0.13376636803150177,0.0,0.0,0.9910128116607666,0.033115752041339874,0.0,0.0,0.9994513988494873,-0.01939627425743734
-423.4345614142604,-1267.1489694777335,0.0,7.825911281282293,0.13879673182964325,0.0,0.0,0.9903207421302795,0.03936385735869408,0.0,0.0,0.999224841594696,-0.37585177025176936
-422.6969969619433,-1264.8710829024328,0.0,7.837145182047761,0.14374764263629913,0.0,0.0,0.9896141886711121,0.045535579323768616,0.0,0.0,0.9989626407623291,-0.019963642982966046
-421.93631242262586,-1262.596236364712,0.0,7.848382651383406,0.14861968159675598,0.0,0.0,0.9888942241668701,0.05163160711526871,0.0,0.0,0.9986661076545715,-0.37641931920811506
-421.15279596679284,-1260.3244555185713,0.0,7.859622553259977,0.15341289341449738,0.0,0.0,0.9881619811058044,0.057650912553071976,0.0,0.0,0.998336672782898,-0.0205313147949141
-420.3467390132411,-1258.0557663852023,0.0,7.87086375164824,0.15812765061855316,0.0,0.0,0.987418532371521,0.06359352171421051,0.0,0.0,0.997975766658783,-0.37698705650045156
-419.5184362570341,-1255.7901953484063,0.0,7.882105110518935,0.1627642959356308,0.0,0.0,0.986664891242981,0.06945935636758804,0.0,0.0,0.9975847005844116,-0.021099060192423913
-418.66818569670255,-1253.5277691499912,0.0,7.893345493842826,0.1673227846622467,0.0,0.0,0.9859020113945007,0.07524897158145905,0.0,0.0,0.9971646666526794,-0.3775547526279208
-417.7962886606932,-1251.2685148851565,0.0,7.904583765590668,0.17180348932743073,0.0,0.0,0.9851310849189758,0.08096124976873398,0.0,0.0,0.996717095375061,-0.02166664967463816
-416.90304983305145,-1249.012459997854,0.0,7.915818789733214,0.17620661854743958,0.0,0.0,0.9843530654907227,0.0865970179438591,0.0,0.0,0.9962433576583862,-0.37812217808966553
-415.9887772783311,-1246.759632276137,0.0,7.9270494302412295,0.18053247034549713,0.0,0.0,0.9835689067840576,0.09215568006038666,0.0,0.0,0.9957444667816162,-0.022233853740699583
-415.05378246572184,-1244.5100598474812,0.0,7.93827455108546,0.18478140234947205,0.0,0.0,0.9827795624732971,0.09763786941766739,0.0,0.0,0.9952217936515808,-0.3786891033848287
-414.09838029239114,-1242.2637711741029,0.0,7.949493016236665,0.1889534741640091,0.0,0.0,0.9819859862327576,0.1030430868268013,0.0,0.0,0.9946767687797546,-0.022800442889750305
-413.1228891060209,-1240.0207950482438,0.0,7.960703689665597,0.19304902851581573,0.0,0.0,0.9811891317367554,0.1083710640668869,0.0,0.0,0.9941103458404541,-0.37925529901255256
-412.1276307265443,-1237.7811605874494,0.0,7.971905435343013,0.19706818461418152,0.0,0.0,0.9803898930549622,0.11362261325120926,0.0,0.0,0.9935237765312195,-0.0233661876209329
-411.11293046706237,-1235.5448972298238,0.0,7.983097117239672,0.2010113149881363,0.0,0.0,0.9795889854431152,0.11879681795835495,0.0,0.0,0.9929184317588806,-0.3798205354719798
-410.07911715393874,-1233.312034729268,0.0,7.994277599326325,0.2048787772655487,0.0,0.0,0.978787362575531,0.12389407306909561,0.0,0.0,0.9922952651977539,-0.023930858433390156
-409.0265231460611,-1231.0826031507004,0.0,8.005445745573727,0.20867092907428741,0.0,0.0,0.9779859781265259,0.12891456484794617,0.0,0.0,0.9916555285453796,-0.3803845832622526
-407.95548435326185,-1228.8566328652628,0.0,8.016600419952645,0.2123878449201584,0.0,0.0,0.9771854877471924,0.13385747373104095,0.0,0.0,0.9910004734992981,-0.024494225826264815
-406.8663402538875,-1226.6341545455,0.0,8.027740486433817,0.2160300463438034,0.0,0.0,0.9763866662979126,0.1387241780757904,0.0,0.0,0.9903309941291809,-0.3809472128825138
-405.75943391151463,-1224.4151991605397,0.0,8.038864808988011,0.2195979505777359,0.0,0.0,0.9755904078483582,0.14351500570774078,0.0,0.0,0.9896481037139893,-0.025056060298698835
-404.63511199078994,-1222.199797971229,0.0,8.049972251585974,0.22309157252311707,0.0,0.0,0.9747974276542664,0.14822891354560852,0.0,0.0,0.9889531135559082,-0.3815081948319059
-403.49372477240246,-1219.9879825252788,0.0,8.061061678198474,0.22651167213916779,0.0,0.0,0.974008321762085,0.15286582708358765,0.0,0.0,0.9882470369338989,-0.025616132349835175
-402.33562616716915,-1217.7797846523765,0.0,8.072131952796253,0.229858860373497,0.0,0.0,0.9732238054275513,0.1574270874261856,0.0,0.0,0.9875307679176331,-0.38206729960957153
-401.1611737292241,-1215.5752364592845,0.0,8.083181939350078,0.23313388228416443,0.0,0.0,0.9724445343017578,0.16191263496875763,0.0,0.0,0.986805260181427,-0.02617421247881624
-399.9707286683121,-1213.3743703249247,0.0,8.094210501830696,0.2363375425338745,0.0,0.0,0.9716708660125732,0.16632190346717834,0.0,0.0,0.9860716462135315,-0.3826242977146533
-398.7646558611656,-1211.1772188954421,0.0,8.105216504208867,0.23947098851203918,0.0,0.0,0.9709033966064453,0.17065469920635223,0.0,0.0,0.9853309392929077,-0.026730071184784432
-397.5433238619678,-1208.983815079254,0.0,8.116198810455344,0.24253547191619873,0.0,0.0,0.9701424241065979,0.1749120056629181,0.0,0.0,0.9845840930938721,-0.38317895964629356
-396.3071049118852,-1206.794192042082,0.0,8.127156284540884,0.24553227424621582,0.0,0.0,0.9693882465362549,0.17909429967403412,0.0,0.0,0.9838319420814514,-0.02728347896688238
-395.0563749476647,-1204.608383201965,0.0,8.138087790436243,0.24846315383911133,0.0,0.0,0.9686412215232849,0.1832011342048645,0.0,0.0,0.9830754399299622,-0.38373105590363493
-393.7915136092887,-1202.4264222242643,0.0,8.148992192112182,0.25133010745048523,0.0,0.0,0.9679012894630432,0.18723371624946594,0.0,0.0,0.9823154211044312,-0.02783420632425304
-392.512904246671,-1200.2483430166376,0.0,8.159868353539444,0.2541351318359375,0.0,0.0,0.9671685695648193,0.1911916732788086,0.0,0.0,0.98155277967453,-0.3842803569858199
-391.2209339253982,-1198.0741797240125,0.0,8.170715138688793,0.2568804919719696,0.0,0.0,0.9664431214332581,0.19507437944412231,0.0,0.0,0.98078852891922,-0.02838202375603832
-389.91599343149323,-1195.9039667235302,0.0,8.181531411530981,0.259568989276886,0.0,0.0,0.965724527835846,0.19888384640216827,0.0,0.0,0.980023205280304,-0.384826633391991
-388.59847727520616,-1193.7377386194817,0.0,8.192316036036768,0.262203186750412,0.0,0.0,0.9650126695632935,0.20261920988559723,0.0,0.0,0.9792577028274536,-0.028926701761381124
-387.2687836938183,-1191.5755302382313,0.0,8.203067876176906,0.2647864520549774,0.0,0.0,0.9643070697784424,0.2062811553478241,0.0,0.0,0.9784927368164062,-0.3853696556212909
-385.92731465344264,-1189.4173766231106,0.0,8.21378579592216,0.2673221230506897,0.0,0.0,0.9636072516441345,0.209869384765625,0.0,0.0,0.9777294993400574,-0.02946801083942424
-384.5744758498308,-1187.2633130293118,0.0,8.224468659243268,0.269813597202301,0.0,0.0,0.9629124999046326,0.2133844643831253,0.0,0.0,0.9769684076309204,-0.385909194172862
-383.21067670815927,-1185.1133749187547,0.0,8.235115330111,0.27226483821868896,0.0,0.0,0.9622222185134888,0.21682776510715485,0.0,0.0,0.9762101173400879,-0.03000572148930969
-381.8363245005601,-1182.9675979549472,0.0,8.245724672496104,0.27467966079711914,0.0,0.0,0.9615356922149658,0.2202012687921524,0.0,0.0,0.9754546284675598,-0.3864450195458471
-380.45163302658426,-1180.8260179978224,0.0,8.256295550369334,0.27706244587898254,0.0,0.0,0.960851788520813,0.22350892424583435,0.0,0.0,0.9747018814086914,-0.030539604210179816
-379.0565787578629,-1178.6886710985711,0.0,8.266826827701458,0.2794167697429657,0.0,0.0,0.960169792175293,0.22675345838069916,0.0,0.0,0.9739521145820618,-0.38697690223938874
-377.6511240818172,-1176.555593494448,0.0,8.277317368463223,0.28174588084220886,0.0,0.0,0.9594889879226685,0.22993934154510498,0.0,0.0,0.9732049107551575,-0.031069429501178025
-376.23523161997804,-1174.4268216035673,0.0,8.287766036625383,0.2840525507926941,0.0,0.0,0.9588086605072021,0.2330697774887085,0.0,0.0,0.9724600315093994,-0.38750461275262915
-374.8088642347841,-1172.3023920196933,0.0,8.298171696158697,0.28633949160575867,0.0,0.0,0.9581280946731567,0.23614729940891266,0.0,0.0,0.9717172980308533,-0.03159496786144639
-373.37198503642037,-1170.1823415070012,0.0,8.308533211033915,0.2886090576648712,0.0,0.0,0.957446813583374,0.23917505145072937,0.0,0.0,0.9709764719009399,-0.3880279215847109
-371.9245573897115,-1168.0667069948356,0.0,8.318849445221797,0.2908637523651123,0.0,0.0,0.9567642211914062,0.24215592443943024,0.0,0.0,0.9702373147010803,-0.032115989790127364
-370.46654492105995,-1165.9555255724508,0.0,8.329119262693101,0.29310503602027893,0.0,0.0,0.9560800790786743,0.24509228765964508,0.0,0.0,0.9694997072219849,-0.38854659923477675
-368.997911525435,-1163.8488344837383,0.0,8.339341527418584,0.2953345477581024,0.0,0.0,0.9553937315940857,0.2479865849018097,0.0,0.0,0.9687633514404297,-0.03263226578636386
-367.5186213734068,-1161.7466711219363,0.0,8.349515103368994,0.29755380749702454,0.0,0.0,0.9547048807144165,0.2508406639099121,0.0,0.0,0.9680282473564148,-0.38906041620196913
-366.0286389182338,-1159.6490730243381,0.0,8.359638854515088,0.2997644245624542,0.0,0.0,0.9540131092071533,0.25365740060806274,0.0,0.0,0.9672939777374268,-0.03314356634929794
-364.52792890299344,-1157.5560778669724,0.0,8.369711644827628,0.30196744203567505,0.0,0.0,0.9533180594444275,0.25643932819366455,0.0,0.0,0.9665602445602417,-0.3895691429854307
-363.0164563677642,-1155.4677234592814,0.0,8.379732338277362,0.30416348576545715,0.0,0.0,0.9526196718215942,0.2591870129108429,0.0,0.0,0.9658270478248596,-0.0336496619780724
-361.49418665685505,-1153.384047738783,0.0,8.389699798835052,0.30635395646095276,0.0,0.0,0.9519174695014954,0.2619032561779022,0.0,0.0,0.9650940299034119,-0.3900725500843039
-359.96108542608243,-1151.3050887657207,0.0,8.39961289047145,0.30853956937789917,0.0,0.0,0.9512112736701965,0.2645895779132843,0.0,0.0,0.9643610119819641,-0.03415032317182992
-358.4171186500956,-1149.2308847177003,0.0,8.409470477157312,0.31072092056274414,0.0,0.0,0.9505009651184082,0.267248272895813,0.0,0.0,0.9636275768280029,-0.39057040799773124
-356.8622526297499,-1147.1614738843175,0.0,8.419271422863392,0.31289875507354736,0.0,0.0,0.9497863054275513,0.2698797881603241,0.0,0.0,0.9628939032554626,-0.0346453204297128
-355.2964539995277,-1145.0968946617697,0.0,8.429014591560449,0.3150736093521118,0.0,0.0,0.9490670561790466,0.27248701453208923,0.0,0.0,0.9621593356132507,-0.3910624872248553
-353.71968973500793,-1143.0371855474632,0.0,8.43869884721924,0.3172459602355957,0.0,0.0,0.9483431577682495,0.2750703990459442,0.0,0.0,0.9614239931106567,-0.03513442425086383
-352.1319271603813,-1140.982385134601,0.0,8.448323053810514,0.319416344165802,0.0,0.0,0.9476144313812256,0.2776315212249756,0.0,0.0,0.960687518119812,-0.39154855826481866
-350.5331339560142,-1138.9325321067647,0.0,8.457886075305034,0.32158511877059937,0.0,0.0,0.9468806385993958,0.28017157316207886,0.0,0.0,0.9599497318267822,-0.03561740513442546
-348.9232781660607,-1136.8876652324875,0.0,8.467386775673546,0.32375237345695496,0.0,0.0,0.94614177942276,0.2826908826828003,0.0,0.0,0.9592107534408569,-0.3920283916167637
-347.30232820611894,-1134.8478233598091,0.0,8.476824018886816,0.32591861486434937,0.0,0.0,0.9453977942466736,0.28519177436828613,0.0,0.0,0.9584702253341675,-0.03609403357954011
-345.67025287093793,-1132.8130454108314,0.0,8.486196668915595,0.32808399200439453,0.0,0.0,0.9446485042572021,0.28767526149749756,0.0,0.0,0.95772784948349,-0.3925017577798333
-344.0270213421693,-1130.7833703762544,0.0,8.495503589730635,0.3302486836910248,0.0,0.0,0.9438939094543457,0.29014167189598083,0.0,0.0,0.9569835662841797,-0.03656408008535028
-342.3726031961649,-1128.7588373099086,0.0,8.5047436453027,0.3324129581451416,0.0,0.0,0.9431338906288147,0.29259243607521057,0.0,0.0,0.9562371969223022,-0.3929684272531699
-340.7069684118219,-1126.7394853232745,0.0,8.513915699602544,0.33457672595977783,0.0,0.0,0.9423683881759644,0.2950279414653778,0.0,0.0,0.9554886221885681,-0.037027315150998996
-339.0300873784757,-1124.7253535799978,0.0,8.523018616600911,0.3367401957511902,0.0,0.0,0.9415973424911499,0.2974499464035034,0.0,0.0,0.9547373652458191,-0.3934281705359157
-337.34193090383513,-1122.716481290389,0.0,8.53205126026857,0.3389034569263458,0.0,0.0,0.9408208727836609,0.29985904693603516,0.0,0.0,0.9539834260940552,-0.03748350927562821
-335.64247022196787,-1120.7129077059217,0.0,8.54101249457627,0.3410665690898895,0.0,0.0,0.9400388598442078,0.3022555410861969,0.0,0.0,0.9532268047332764,-0.3938807581272137
-333.9316770013281,-1118.7146721137187,0.0,8.54990118349477,0.34322911500930786,0.0,0.0,0.9392514824867249,0.30463922023773193,0.0,0.0,0.9524677395820618,-0.037932432958380724
-332.20952335283016,-1116.7218138310297,0.0,8.558716190994819,0.3453914523124695,0.0,0.0,0.9384584426879883,0.307012140750885,0.0,0.0,0.9517055153846741,-0.39432596052620605
-330.47598183796896,-1114.7343721997038,0.0,8.567456381047187,0.3475531339645386,0.0,0.0,0.9376600980758667,0.30937448143959045,0.0,0.0,0.9509401917457581,-0.03837385669839932
-328.73102547698454,-1112.7523865806552,0.0,8.576120617622612,0.349714070558548,0.0,0.0,0.9368562698364258,0.3117266595363617,0.0,0.0,0.9501717686653137,-0.39476354823203563
-326.9746277570699,-1110.7758963483184,0.0,8.58470776469186,0.35187435150146484,0.0,0.0,0.9360470175743103,0.31406986713409424,0.0,0.0,0.9493997693061829,-0.03880755099482597
-325.20676264062394,-1108.8049408850998,0.0,8.593216686225688,0.35403358936309814,0.0,0.0,0.935232400894165,0.31640398502349854,0.0,0.0,0.9486243724822998,-0.3951932917438451
-323.42740457355245,-1106.839559575824,0.0,8.601646246194841,0.3561913073062897,0.0,0.0,0.9344128370285034,0.3187287747859955,0.0,0.0,0.9478457570075989,-0.0392332863468034
-321.63652849360477,-1104.8797918021705,0.0,8.609995308570085,0.35834774374961853,0.0,0.0,0.9335880279541016,0.32104596495628357,0.0,0.0,0.9470633864402771,-0.39561496156077663
-319.83410983875973,-1102.9256769371061,0.0,8.618262737322175,0.3605021834373474,0.0,0.0,0.9327583312988281,0.32335537672042847,0.0,0.0,0.9462774395942688,-0.03965083325347457
-318.02012455565557,-1100.9772543393158,0.0,8.626447396421861,0.3626544773578644,0.0,0.0,0.9319235682487488,0.32565680146217346,0.0,0.0,0.9454878568649292,-0.396028328181973
-316.1945491080593,-1099.0345633476227,0.0,8.634548149839901,0.36480429768562317,0.0,0.0,0.9310842156410217,0.32795172929763794,0.0,0.0,0.9446942210197449,-0.04005996221398156
-314.3573604853781,-1097.0976432754064,0.0,8.642563861547051,0.3669511079788208,0.0,0.0,0.9302401542663574,0.33023950457572937,0.0,0.0,0.9438968896865845,-0.3964331621065766
-312.50853621121763,-1095.166533405019,0.0,8.650493395514069,0.3690946102142334,0.0,0.0,0.9293918609619141,0.33252084255218506,0.0,0.0,0.9430956840515137,-0.040460443727467266
-310.64805435197724,-1093.2412729821924,0.0,8.658335615711707,0.3712342083454132,0.0,0.0,0.9285392761230469,0.33479636907577515,0.0,0.0,0.942290186882019,-0.39682923383373003
-308.77589349480724,-1091.3219011791375,0.0,8.666089527758292,0.37336939573287964,0.0,0.0,0.9276828169822693,0.33706599473953247,0.0,0.0,0.9414807558059692,-0.04085205544699172
-306.89204273971245,-1089.4084611372202,0.0,8.673755288069417,0.37549954652786255,0.0,0.0,0.9268225431442261,0.33932992815971375,0.0,0.0,0.9406671524047852,-0.39721639344540305
-304.9965724636859,-1087.5010296326789,0.0,8.68133361252733,0.3776245415210724,0.0,0.0,0.9259586334228516,0.3415873050689697,0.0,0.0,0.9398497939109802,-0.04123479910648231
-303.0895922498266,-1085.5996994000577,0.0,8.688825220736833,0.3797437846660614,0.0,0.0,0.925091564655304,0.3438374996185303,0.0,0.0,0.9390289187431335,-0.397594757496388
-301.1712127324856,-1083.7045631018007,0.0,8.696230832302728,0.38185712695121765,0.0,0.0,0.9242212176322937,0.3460812568664551,0.0,0.0,0.9382043480873108,-0.04160881989263859
-299.2415453503277,-1081.8157132279887,0.0,8.703551166829815,0.3839643895626068,0.0,0.0,0.9233477115631104,0.348318487405777,0.0,0.0,0.9373760223388672,-0.39796447136139246
-297.3007023328737,-1079.9332420942196,0.0,8.710786943922901,0.3860650956630707,0.0,0.0,0.9224714636802673,0.35054826736450195,0.0,0.0,0.9365443587303162,-0.04197426318016817
-295.348796687116,-1078.05724183955,0.0,8.717938883186783,0.38815921545028687,0.0,0.0,0.9215923547744751,0.3527717590332031,0.0,0.0,0.9357091188430786,-0.39832568041512384
-293.38594218419894,-1076.1878044244856,0.0,8.72500770422626,0.39024659991264343,0.0,0.0,0.9207103252410889,0.35498741269111633,0.0,0.0,0.9348708391189575,-0.04233127434377809
-291.41225334617866,-1074.325021629039,0.0,8.731994126646132,0.3923269808292389,0.0,0.0,0.9198257327079773,0.35719454288482666,0.0,0.0,0.9340298175811768,-0.39867853003228915
-289.42784543285507,-1072.468985050838,0.0,8.73889887005121,0.394400417804718,0.0,0.0,0.9189386963844299,0.3593946695327759,0.0,0.0,0.9331855177879333,-0.04267999875817596
-287.4328344286807,-1070.619786103294,0.0,8.745722654046288,0.39646682143211365,0.0,0.0,0.9180490374565125,0.3615874648094177,0.0,0.0,0.9323380589485168,-0.39902316558759615
-285.4273370297478,-1068.7775160138337,0.0,8.752466198236165,0.39852601289749146,0.0,0.0,0.9171569347381592,0.36377382278442383,0.0,0.0,0.9314872026443481,-0.04302058179806878
-283.4114706308568,-1066.9422658221843,0.0,8.759130222225652,0.4005780816078186,0.0,0.0,0.9162625670433044,0.36595219373703003,0.0,0.0,0.930633544921875,-0.399359732455752
-281.3853533126646,-1065.1141263787222,0.0,8.765715445619543,0.4026230275630951,0.0,0.0,0.9153658151626587,0.3681226670742035,0.0,0.0,0.9297771453857422,-0.04335316883816426
-279.34910382892014,-1063.293188342884,0.0,8.772222588022638,0.40466105937957764,0.0,0.0,0.9144666790962219,0.3702846169471741,0.0,0.0,0.9289183020591736,-0.3996883760114639
-277.3028415937793,-1061.4795421816298,0.0,8.778652369039744,0.40669190883636475,0.0,0.0,0.9135652780532837,0.372439980506897,0.0,0.0,0.9280562400817871,-0.04367790525316956
-275.24668666921013,-1059.6732781679773,0.0,8.78500550827566,0.4087158441543579,0.0,0.0,0.9126614928245544,0.37458813190460205,0.0,0.0,0.9271912574768066,-0.4000092416294395
-273.18075975248786,-1057.8744863795935,0.0,8.791282725335183,0.4107329845428467,0.0,0.0,0.9117555618286133,0.37672775983810425,0.0,0.0,0.9263240098953247,-0.04399493641779195
-271.10518216377505,-1056.0832566974466,0.0,8.797484739823123,0.41274315118789673,0.0,0.0,0.9108472466468811,0.3788600564002991,0.0,0.0,0.9254540205001831,-0.4003224746843859
-269.02007583379583,-1054.299678804521,0.0,8.803612271344273,0.41474640369415283,0.0,0.0,0.909936785697937,0.3809848725795746,0.0,0.0,0.9245812892913818,-0.044304407706738935
-266.9255632916056,-1052.5238421846,0.0,8.809666039503437,0.4167433977127075,0.0,0.0,0.9090240001678467,0.3831026554107666,0.0,0.0,0.9237058162689209,-0.4006282205510104
-264.82176765244964,-1050.755836121104,0.0,8.815646763905415,0.41873374581336975,0.0,0.0,0.9081089496612549,0.3852120339870453,0.0,0.0,0.9228280782699585,-0.04460646449471761
-262.70881260572037,-1048.9957496959994,0.0,8.821555164155017,0.4207175672054291,0.0,0.0,0.9071916341781616,0.3873140215873718,0.0,0.0,0.9219478368759155,-0.4009266246040206
-260.5868224030115,-1047.243671788761,0.0,8.827391959857037,0.42269495129585266,0.0,0.0,0.9062718749046326,0.38940900564193726,0.0,0.0,0.9210648536682129,-0.04490125215643581
-258.4559218462721,-1045.4996910754141,0.0,8.833157870616274,0.4246664047241211,0.0,0.0,0.9053497314453125,0.39149728417396545,0.0,0.0,0.9201791286468506,-0.40121783221812346
-256.31623627605904,-1043.763896027627,0.0,8.838853616037532,0.42663148045539856,0.0,0.0,0.9044253826141357,0.3935782313346863,0.0,0.0,0.9192910194396973,-0.04518891606660036
-254.16789155989,-1042.0363749118746,0.0,8.844479915725616,0.4285908341407776,0.0,0.0,0.9034984707832336,0.39565134048461914,0.0,0.0,0.9184007048606873,-0.4015019887680267
-252.01101408070252,-1040.3172157886677,0.0,8.850037489285322,0.43054449558258057,0.0,0.0,0.9025691747665405,0.3977169394493103,0.0,0.0,0.9175080060958862,-0.04546960159991886
-249.845730725414,-1038.6065065118462,0.0,8.855527056321455,0.4324924647808075,0.0,0.0,0.9016374349594116,0.3997754752635956,0.0,0.0,0.916612982749939,-0.4017792396284374
-247.67216887358884,-1036.9043347279385,0.0,8.860949336438814,0.4344351887702942,0.0,0.0,0.9007030129432678,0.40182793140411377,0.0,0.0,0.9157150983810425,-0.04574345413109865
-245.4904563862096,-1035.2107878755862,0.0,8.8663050492422,0.4363726079463959,0.0,0.0,0.8997660279273987,0.4038739800453186,0.0,0.0,0.9148146510124207,-0.4020497301740629
-243.30072159456304,-1033.5259531850384,0.0,8.871594914336416,0.4383046627044678,0.0,0.0,0.8988264203071594,0.4059121310710907,0.0,0.0,0.9139121174812317,-0.046010619034846933
-241.10309328922457,-1031.8499176777098,0.0,8.876819651326265,0.4402317702770233,0.0,0.0,0.8978840708732605,0.4079435467720032,0.0,0.0,0.9130071401596069,-0.4023136057796109
-238.89770070916543,-1030.182768165807,0.0,8.881979979816542,0.4421541392803192,0.0,0.0,0.8969389796257019,0.4099688231945038,0.0,0.0,0.9120995402336121,-0.04627124168587099
-236.6846735309581,-1028.5245912520204,0.0,8.887076619412056,0.4440719485282898,0.0,0.0,0.8959910869598389,0.41198739409446716,0.0,0.0,0.9111895561218262,-0.4025710118197884
-234.46414185810826,-1026.8754733292888,0.0,8.892110289717603,0.44598516821861267,0.0,0.0,0.8950403332710266,0.41399946808815,0.0,0.0,0.9102770686149597,-0.04652546745887842
-232.23623621049032,-1025.235500580625,0.0,8.89708171033799,0.4478943943977356,0.0,0.0,0.894086480140686,0.4160063862800598,0.0,0.0,0.9093615412712097,-0.4028220936693029
-230.00108751390246,-1023.6047589790157,0.0,8.901991600878011,0.44979923963546753,0.0,0.0,0.8931296467781067,0.41800713539123535,0.0,0.0,0.9084435701370239,-0.04677344172857645
-227.75882708973623,-1021.9833342873851,0.0,8.90684068094247,0.4516998529434204,0.0,0.0,0.8921698331832886,0.420001745223999,0.0,0.0,0.9075231552124023,-0.4030669967028614
-225.50958664476818,-1020.3713120586315,0.0,8.91162967013617,0.45359644293785095,0.0,0.0,0.8912070989608765,0.42199018597602844,0.0,0.0,0.906600296497345,-0.04701530986967245
-223.25349826106248,-1018.7687776357303,0.0,8.916359288063916,0.45548874139785767,0.0,0.0,0.8902413845062256,0.4239732325077057,0.0,0.0,0.9056746363639832,-0.40330586629517173
-220.99069438599858,-1017.1758161519052,0.0,8.921030254330502,0.4573763310909271,0.0,0.0,0.8892730474472046,0.42595094442367554,0.0,0.0,0.9047462344169617,-0.047251217256873757
-218.7213078224166,-1015.5925125308718,0.0,8.925643288540728,0.4592588543891907,0.0,0.0,0.888302206993103,0.42792370915412903,0.0,0.0,0.9038148522377014,-0.4035388478209408
-216.4454717188877,-1014.0189514871493,0.0,8.930199110299403,0.4611356556415558,0.0,0.0,0.8873293399810791,0.42989009618759155,0.0,0.0,0.9028812050819397,-0.04748130926488764
-214.16331956010058,-1012.455217526442,0.0,8.934698439211324,0.46300581097602844,0.0,0.0,0.886354923248291,0.431851863861084,0.0,0.0,0.9019445180892944,-0.4037660866548762
-211.87498515738028,-1010.9013949460907,0.0,8.939141994881297,0.46486809849739075,0.0,0.0,0.8853796720504761,0.43380916118621826,0.0,0.0,0.9010047912597656,-0.04770573126842159
-209.58060263932293,-1009.357567835596,0.0,8.943530496914114,0.4667210876941681,0.0,0.0,0.8844042420387268,0.4357616901397705,0.0,0.0,0.9000621438026428,-0.40398772817168516
-207.2803064425636,-1007.8238200772108,0.0,8.947864664914585,0.4685632288455963,0.0,0.0,0.8834296464920044,0.437709242105484,0.0,0.0,0.8991166353225708,-0.047924628642182776
-204.97423130266333,-1006.3002353466018,0.0,8.95214521848751,0.4703925848007202,0.0,0.0,0.8824570178985596,0.4396524727344513,0.0,0.0,0.8981680274009705,-0.40420391774607534
-202.66251224512956,-1004.7868971135881,0.0,8.956372877237685,0.47220703959465027,0.0,0.0,0.8814874291419983,0.4415905773639679,0.0,0.0,0.8972167372703552,-0.04813814676087841
-200.34528457656185,-1003.2838886429431,0.0,8.960548360769918,0.4740041494369507,0.0,0.0,0.8805224299430847,0.4435250163078308,0.0,0.0,0.896261990070343,-0.40441480075275377
-198.02268387592636,-1001.7912929952729,0.0,8.964672388689003,0.47578099370002747,0.0,0.0,0.8795636892318726,0.4454551339149475,0.0,0.0,0.8953042030334473,-0.048346430999216095
-195.6948459859637,-1000.3091930279664,0.0,8.968745680599747,0.4775344431400299,0.0,0.0,0.8786129951477051,0.44738149642944336,0.0,0.0,0.8943430781364441,-0.4046205225664277
-193.3619070047205,-998.837671396212,0.0,8.972768956106952,0.4792611002922058,0.0,0.0,0.8776722550392151,0.4493041932582855,0.0,0.0,0.893378734588623,-0.04854962673190316
-191.0240032772229,-997.3768105540933,0.0,8.976742934815416,0.48095703125,0.0,0.0,0.8767439723014832,0.45122310519218445,0.0,0.0,0.8924110531806946,-0.4048212285618047
-188.681271387272,-995.9266927478326,0.0,8.980668336329943,0.4826180934906006,0.0,0.0,0.8758306503295898,0.453136682510376,0.0,0.0,0.8914409279823303,-0.04874787933364694
-186.33384814938307,-994.4872928593489,0.0,8.98454588025533,0.4842400550842285,0.0,0.0,0.8749349117279053,0.4550420045852661,0.0,0.0,0.8904699087142944,-0.40501706411359195
-183.98187060084712,-993.0582090821875,0.0,8.988376286196386,0.4858188033103943,0.0,0.0,0.8740593194961548,0.4569350779056549,0.0,0.0,0.8894999027252197,-0.048941334179154805
-181.62547599393966,-991.6389556782307,0.0,8.992160273757902,0.48735085129737854,0.0,0.0,0.8732060194015503,0.4588131606578827,0.0,0.0,0.8885326385498047,-0.40520817459649683
-179.26480178825446,-990.2290453067092,0.0,8.99589856254469,0.48883283138275146,0.0,0.0,0.8723772764205933,0.46067243814468384,0.0,0.0,0.8875700831413269,-0.049130136643133926
-176.89998564318017,-988.8279890525117,0.0,8.999591872161544,0.4902615547180176,0.0,0.0,0.871575117111206,0.4625099301338196,0.0,0.0,0.8866139650344849,-0.4053947053852269
-174.53116541051372,-987.4352964539546,0.0,9.003240922213267,0.4916344881057739,0.0,0.0,0.8708013892173767,0.4643231928348541,0.0,0.0,0.8856657147407532,-0.04931443210029163
-172.15847912720722,-986.0504755300088,0.0,9.00684643230466,0.49294915795326233,0.0,0.0,0.8700579404830933,0.46610862016677856,0.0,0.0,0.884727418422699,-0.4055768018544892
-169.78206500825584,-984.673032806986,0.0,9.010409122040528,0.4942035973072052,0.0,0.0,0.8693460822105408,0.46786439418792725,0.0,0.0,0.8838000893592834,-0.04949436592533546
-167.4020614397308,-983.302473344678,0.0,9.01392971102567,0.4953913986682892,0.0,0.0,0.868660032749176,0.4695877730846405,0.0,0.0,0.882885754108429,-0.4057546093789912
-165.01860697193683,-981.9383007619402,0.0,9.017408918864886,0.49651575088500977,0.0,0.0,0.8680101037025452,0.47127580642700195,0.0,0.0,0.8819857239723206,-0.049670083492972694
-162.631840312731,-980.580017261737,0.0,9.020847465162976,0.49757516384124756,0.0,0.0,0.8673971891403198,0.47292688488960266,0.0,0.0,0.8811015486717224,-0.4059282733334402
-160.24190032096047,-979.2271236556164,0.0,9.024246069524747,0.49856793880462646,0.0,0.0,0.8668224811553955,0.4745384752750397,0.0,0.0,0.8802347183227539,-0.04984173017791055
-157.84892600006353,-977.8791193876444,0.0,9.027605451554997,0.4994926154613495,0.0,0.0,0.8662868142127991,0.47610896825790405,0.0,0.0,0.8793863654136658,-0.4060979390925438
-155.4530564917951,-976.5355025577677,0.0,9.030926330858524,0.5003478527069092,0.0,0.0,0.8657912015914917,0.4776356816291809,0.0,0.0,0.8785581588745117,-0.05000945135485635
-153.05443107010566,-975.1957699446216,0.0,9.034209427040134,0.5011326670646667,0.0,0.0,0.8653361797332764,0.479117214679718,0.0,0.0,0.8777510523796082,-0.40626375203100895
-150.653189135163,-973.8594170277753,0.0,9.037455459704628,0.5018458962440491,0.0,0.0,0.8649225831031799,0.480551540851593,0.0,0.0,0.8769665360450745,-0.05017339239851765
-148.24947020751088,-972.5259380094044,0.0,9.040665148456803,0.5024865865707397,0.0,0.0,0.8645510673522949,0.4819374978542328,0.0,0.0,0.876205563545227,-0.4064258575235431
-145.84341392238102,-971.1948258354042,0.0,9.043839212901467,0.5030539631843567,0.0,0.0,0.8642221689224243,0.48327329754829407,0.0,0.0,0.875469446182251,-0.05033369868360171
-143.4351600241476,-969.8655722159282,0.0,9.046978372643418,0.503546953201294,0.0,0.0,0.8639365434646606,0.484556645154953,0.0,0.0,0.8747597932815552,-0.4065844009448537
-141.02484836092452,-968.5376676453543,0.0,9.05008334728746,0.503965437412262,0.0,0.0,0.8636943697929382,0.48578664660453796,0.0,0.0,0.874077320098877,-0.05049051558481593
-138.61261887931286,-967.2106014216786,0.0,9.053154856438386,0.5043086409568787,0.0,0.0,0.8634961247444153,0.4869622588157654,0.0,0.0,0.8734229207038879,-0.406739527669648
-136.19861161929487,-965.8838616653337,0.0,9.056193619701006,0.5045758485794067,0.0,0.0,0.8633422255516052,0.4880821108818054,0.0,0.0,0.8727976083755493,-0.05064398847686746
-133.78296670927065,-964.5569353374235,0.0,9.059200356680117,0.5047665238380432,0.0,0.0,0.8632330298423767,0.48914438486099243,0.0,0.0,0.8722026944160461,-0.40689138307263334
-131.3658243612515,-963.2293082573857,0.0,9.062175786980525,0.504880428314209,0.0,0.0,0.8631685972213745,0.4901481866836548,0.0,0.0,0.8716390132904053,-0.05079426273446386
-128.94732486619228,-961.9004651200677,0.0,9.065120630207023,0.5049175024032593,0.0,0.0,0.8631489276885986,0.4910929799079895,0.0,0.0,0.8711070418357849,-0.4070401125285171
-126.52760858947727,-960.5698895122164,0.0,9.06803560596442,0.5048772096633911,0.0,0.0,0.863174319267273,0.49197709560394287,0.0,0.0,0.8706080317497253,-0.05094148373231222
-124.10681596655743,-959.237063928391,0.0,9.070921433857515,0.5047595500946045,0.0,0.0,0.8632446527481079,0.4927992820739746,0.0,0.0,0.8701428771018982,-0.4071858614120067
-121.68508749873216,-957.9014697862768,0.0,9.07377883349111,0.504564642906189,0.0,0.0,0.863359808921814,0.4935593008995056,0.0,0.0,0.8697119951248169,-0.051085796845120046
-119.26256374908762,-956.5625874414227,0.0,9.076608524470004,0.5042926669120789,0.0,0.0,0.863519549369812,0.4942556321620941,0.0,0.0,0.8693165183067322,-0.4073287750978094
-116.83938533857753,-955.2198962013751,0.0,9.079411226398998,0.503943920135498,0.0,0.0,0.8637235164642334,0.49488765001296997,0.0,0.0,0.8689568042755127,-0.051227347447594496
-114.41569294226427,-953.8728743392305,0.0,9.082187658882898,0.5035189986228943,0.0,0.0,0.8639712929725647,0.4954529106616974,0.0,0.0,0.8686299920082092,-0.40746899896063266
-111.99162728570245,-952.5209991065843,0.0,9.084938541526501,0.5030186772346497,0.0,0.0,0.8642621636390686,0.49595293402671814,0.0,0.0,0.8683411478996277,-0.05136628091444312
-109.56732914148351,-951.1637467458944,0.0,9.087664593934608,0.5024436712265015,0.0,0.0,0.8645955324172974,0.4963872730731964,0.0,0.0,0.8680905699729919,-0.40760667837518355
-107.14293932592702,-949.8005925022369,0.0,9.090366535712025,0.5017948746681213,0.0,0.0,0.8649707436561584,0.49675452709198,0.0,0.0,0.8678790330886841,-0.05150274262037324
-104.71859869592157,-948.4310106344705,0.0,9.09304508646355,0.5010733604431152,0.0,0.0,0.8653869032859802,0.49705445766448975,0.0,0.0,0.8677065372467041,-0.4077419587161696
-102.29444814592921,-947.0544744257977,0.0,9.095700965793984,0.5002803206443787,0.0,0.0,0.8658429980278015,0.4972865879535675,0.0,0.0,0.8675733804702759,-0.051636877940092196
-99.87062860513394,-945.6704561937245,0.0,9.098334893308131,0.49941736459732056,0.0,0.0,0.8663378953933716,0.49745020270347595,0.0,0.0,0.8674798607826233,-0.4078749853582982
-97.44728103474674,-944.2784272994168,0.0,9.100947588610785,0.4984860420227051,0.0,0.0,0.8668704628944397,0.4975445568561554,0.0,0.0,0.8674262166023254,-0.051768832248307084
-95.02454642546759,-942.8778581564534,0.0,9.103539771306759,0.497487872838974,0.0,0.0,0.8674395084381104,0.4975690543651581,0.0,0.0,0.8674127459526062,-0.40800590367627665
-92.60256579509925,-941.4682182389704,0.0,9.106112161000844,0.49642956256866455,0.0,0.0,0.8680515289306641,0.4975234568119049,0.0,0.0,0.8674393892288208,-0.05189875091972557
-90.18148019236217,-940.0489760927583,0.0,9.108665454547998,0.4953082203865051,0.0,0.0,0.8686966896057129,0.4974079728126526,0.0,0.0,0.8675059676170349,-0.4081348578958299
-87.7614362527961,-938.6196110170005,0.0,9.111199969202861,0.49412593245506287,0.0,0.0,0.8693736791610718,0.4972226023674011,0.0,0.0,0.8676122426986694,-0.05202675671037521
-85.34268476283056,-937.1798227305849,0.0,9.113715708562452,0.4928849935531616,0.0,0.0,0.8700809478759766,0.4969700276851654,0.0,0.0,0.8677565455436707,-0.40826191543924356
-82.92557010453238,-935.7295089188161,0.0,9.116212666813194,0.49158725142478943,0.0,0.0,0.8708173632621765,0.4966515600681305,0.0,0.0,0.8679379224777222,-0.052152865712937924
-80.51044049945878,-934.2685742158297,0.0,9.118690838141507,0.49023425579071045,0.0,0.0,0.8715817928314209,0.4962684214115143,0.0,0.0,0.8681555390357971,-0.4083870756073402
-78.09764470620878,-932.7969231918395,0.0,9.121150216733803,0.48882734775543213,0.0,0.0,0.8723732829093933,0.49582135677337646,0.0,0.0,0.868408739566803,-0.05227707675295279
-75.68753201374193,-931.314460354991,0.0,9.123590796776515,0.48736801743507385,0.0,0.0,0.8731906414031982,0.4953121840953827,0.0,0.0,0.8686963319778442,-0.4085103372256591
-73.28045223466953,-929.8210901532062,0.0,9.126012572456062,0.485857218503952,0.0,0.0,0.8740333318710327,0.49474427103996277,0.0,0.0,0.8690216541290283,-0.05239938865596022
-70.87675569854471,-928.3167169760428,0.0,9.128415537958858,0.48429572582244873,0.0,0.0,0.8749004006385803,0.49411720037460327,0.0,0.0,0.8693798780441284,-0.4086316991197397
-68.47679324512971,-926.8012451565511,0.0,9.130799687471333,0.48268428444862366,0.0,0.0,0.8757912516593933,0.4934314489364624,0.0,0.0,0.8697707653045654,-0.05251980024749936
-66.08091621765337,-925.274578973135,0.0,9.133165015179904,0.481023371219635,0.0,0.0,0.8767051696777344,0.49268776178359985,0.0,0.0,0.870193600654602,-0.408751160115122
-63.68947645604965,-923.7366226514168,0.0,9.135511515270991,0.4793136715888977,0.0,0.0,0.8776416182518005,0.49188727140426636,0.0,0.0,0.870647668838501,-0.05263831035310984
-61.30282629018836,-922.1872803661056,0.0,9.137839181931014,0.4775557518005371,0.0,0.0,0.8785998821258545,0.49103042483329773,0.0,0.0,0.8711322546005249,-0.4088687190373454
-58.92131853308774,-920.6264562428682,0.0,9.140148009346397,0.47574949264526367,0.0,0.0,0.8795796036720276,0.49011826515197754,0.0,0.0,0.8716466426849365,-0.05275491779833125
-56.545306474112934,-919.0540543602032,0.0,9.142437991703561,0.4738951623439789,0.0,0.0,0.8805801272392273,0.48915135860443115,0.0,0.0,0.872190535068512,-0.4089843747119496
-54.17514387216491,-917.4699787513202,0.0,9.144709123188925,0.47199302911758423,0.0,0.0,0.8816012740135193,0.4881308376789093,0.0,0.0,0.8727628588676453,-0.05286962140870316
-51.811184948851086,-915.8741334060198,0.0,9.146961397988912,0.47004303336143494,0.0,0.0,0.8826425671577454,0.4870562255382538,0.0,0.0,0.873363733291626,-0.4090981259644742
-49.45378438164569,-914.2664222725782,0.0,9.149194810289943,0.468045175075531,0.0,0.0,0.8837037086486816,0.4859287142753601,0.0,0.0,0.8739922046661377,-0.05298242000976533
-47.103297297032796,-912.6467492596328,0.0,9.151409354278433,0.46599942445755005,0.0,0.0,0.8847843408584595,0.4847485423088074,0.0,0.0,0.874647855758667,-0.4092099716204586
-44.76007926364189,-911.0150182380755,0.0,9.153605024140813,0.4639054834842682,0.0,0.0,0.8858841061592102,0.48351627588272095,0.0,0.0,0.8753302097320557,-0.05309331242705717
-42.424486285366875,-909.371133042946,0.0,9.155781814063502,0.4617632329463959,0.0,0.0,0.88700270652771,0.4822317659854889,0.0,0.0,0.8760390281677246,-0.4093199105054429
-40.09687479446815,-907.7149974753254,0.0,9.157939718232912,0.4595724046230316,0.0,0.0,0.8881398439407349,0.4808950424194336,0.0,0.0,0.8767739534378052,-0.05320229748611832
-37.77760164466927,-906.0465153042394,0.0,9.160078730835476,0.4573327898979187,0.0,0.0,0.889295220375061,0.47950735688209534,0.0,0.0,0.877534031867981,-0.4094279414449663
-35.467024104235506,-904.3655902685584,0.0,9.162198846057608,0.4550439715385437,0.0,0.0,0.8904685974121094,0.4780679941177368,0.0,0.0,0.8783194422721863,-0.053309374012488586
-33.16549984904091,-902.6721260789068,0.0,9.164300058085729,0.45270565152168274,0.0,0.0,0.8916597366333008,0.47657763957977295,0.0,0.0,0.8791292905807495,-0.40953406326456837
-30.87338695562119,-900.9660264195667,0.0,9.166382361106262,0.4503174424171448,0.0,0.0,0.8928683400154114,0.4750362038612366,0.0,0.0,0.8799633383750916,-0.05341454083170749
-28.591043894217794,-899.2471949503937,0.0,9.168445749305628,0.4478786587715149,0.0,0.0,0.8940942287445068,0.4734436869621277,0.0,0.0,0.8808214068412781,-0.4096382747897888
-26.318829521805593,-897.5155353087314,0.0,9.170490216870249,0.4453889727592468,0.0,0.0,0.8953371047973633,0.47179996967315674,0.0,0.0,0.8817031979560852,-0.05351779676931462
-24.057103075109303,-895.7709511113268,0.0,9.172515757986544,0.44284799695014954,0.0,0.0,0.8965965509414673,0.4701055884361267,0.0,0.0,0.8826079368591309,-0.4097405748461674
-21.806224163605716,-894.013345956251,0.0,9.174522366840932,0.4402550756931305,0.0,0.0,0.8978726267814636,0.4683600068092346,0.0,0.0,0.8835357427597046,-0.053619140650849384
-19.566552762519045,-892.2426234248238,0.0,9.176510037619838,0.4376099109649658,0.0,0.0,0.8991648554801941,0.4665636718273163,0.0,0.0,0.8844858407974243,-0.40984096225924344
-17.33844920579935,-890.4586870835413,0.0,9.178478764509688,0.434911847114563,0.0,0.0,0.9004729390144348,0.46471598744392395,0.0,0.0,0.88545823097229,-0.05371857130185187
-15.122274179086755,-888.6614404859996,0.0,9.180428541696891,0.43216028809547424,0.0,0.0,0.9017966985702515,0.46281692385673523,0.0,0.0,0.886452317237854,-0.4099394358545567
-12.918388712671224,-886.850787174832,0.0,9.18235936336787,0.42935454845428467,0.0,0.0,0.9031358361244202,0.46086665987968445,0.0,0.0,0.8874679207801819,-0.053816087547860936
-10.727154174433508,-885.0266306836403,0.0,9.18427122370906,0.4264940321445465,0.0,0.0,0.9044901728630066,0.4588644206523895,0.0,0.0,0.8885049223899841,-0.4100359944576471
-8.548932262776859,-883.1888745389326,0.0,9.186164116906866,0.4235779941082001,0.0,0.0,0.9058594107627869,0.45681023597717285,0.0,0.0,0.8895629644393921,-0.05391168821441683
-6.384084999548144,-881.3374222620641,0.0,9.188038037147717,0.42060625553131104,0.0,0.0,0.9072431325912476,0.45470359921455383,0.0,0.0,0.8906416296958923,-0.4101306368940537
-4.232974722945463,-879.4721773711791,0.0,9.189892978618031,0.4175780117511749,0.0,0.0,0.9086408615112305,0.45254459977149963,0.0,0.0,0.8917407393455505,-0.05400537212705897
-2.0959640804143866,-877.5930433831556,0.0,9.191728935504232,0.41449251770973206,0.0,0.0,0.9100525379180908,0.4503330588340759,0.0,0.0,0.8928597569465637,-0.41022336198931636
0.02658397846447702,-875.6999238155554,0.0,9.19354590199274,0.4113490581512451,0.0,0.0,0.9114777445793152,0.44806811213493347,0.0,0.0,0.8939985632896423,-0.05409713811132705
2.1343062091066685,-873.7927221885698,0.0,9.195343872269973,0.4081472158432007,0.0,0.0,0.9129159450531006,0.4457497000694275,0.0,0.0,0.8951568603515625,-0.4103141685689746
4.2268390790548205,-871.8713420269778,0.0,9.197122840522354,0.4048864245414734,0.0,0.0,0.9143667221069336,0.44337764382362366,0.0,0.0,0.8963341116905212,-0.05418698499276042
6.303818775130558,-869.9356868620997,0.0,9.198882800936302,0.40156611800193787,0.0,0.0,0.9158297777175903,0.44095179438591003,0.0,0.0,0.8975300788879395,-0.41040305545856787
8.364881210593998,-867.9856602337542,0.0,9.200623747698245,0.3981858789920807,0.0,0.0,0.917304515838623,0.43847087025642395,0.0,0.0,0.8987447023391724,-0.05427491159689901
10.409662032313495,-866.0211656922196,0.0,9.2023456749946,0.3947455585002899,0.0,0.0,0.9187902212142944,0.43593505024909973,0.0,0.0,0.899977445602417,-0.41049002148363634
12.437796627946481,-864.042106800198,0.0,9.204048577011784,0.3912450969219208,0.0,0.0,0.9202863574028015,0.4333437979221344,0.0,0.0,0.9012280106544495,-0.05436091674928206
14.448920133132477,-862.048387134779,0.0,9.205732447936224,0.3876848816871643,0.0,0.0,0.9217917919158936,0.4306972324848175,0.0,0.0,0.9024958610534668,-0.4105750654697191
16.442667438694826,-860.0399102894085,0.0,9.20739728195434,0.38406550884246826,0.0,0.0,0.9233056306838989,0.4279940128326416,0.0,0.0,0.9037809371948242,-0.05444499927544949
18.418673197856524,-858.0165798758577,0.0,9.209043073252548,0.38038793206214905,0.0,0.0,0.9248269200325012,0.42523428797721863,0.0,0.0,0.9050827622413635,-0.41065818624235595
20.37657183345904,-855.9782995261988,0.0,9.210669816017276,0.37665343284606934,0.0,0.0,0.9263542294502258,0.42241740226745605,0.0,0.0,0.9064008593559265,-0.05452715800094082
22.315997545200723,-853.9249728947761,0.0,9.212277504434939,0.37286365032196045,0.0,0.0,0.9278861284255981,0.4195428192615509,0.0,0.0,0.9077349901199341,-0.41073938262708637
24.23658431687848,-851.8565036601874,0.0,9.213866132691964,0.3690207600593567,0.0,0.0,0.929421067237854,0.4166101813316345,0.0,0.0,0.909084677696228,-0.05460739175129564
26.137965923644757,-849.7727955272587,0.0,9.215435694974769,0.36512747406959534,0.0,0.0,0.9309574961662292,0.4136192202568054,0.0,0.0,0.9104493856430054,-0.41081865344945023
28.019775939268992,-847.6737522290306,0.0,9.216986185469771,0.3611866533756256,0.0,0.0,0.9324934482574463,0.41056904196739197,0.0,0.0,0.9118290543556213,-0.05468569935205336
29.881647743414206,-845.5592775287402,0.0,9.218517598363395,0.35720211267471313,0.0,0.0,0.9340270757675171,0.4074593186378479,0.0,0.0,0.9132229685783386,-0.41089599753498673
31.723214528921233,-843.4292752218063,0.0,9.220029927842067,0.3531777858734131,0.0,0.0,0.935556173324585,0.4042898118495941,0.0,0.0,0.9146307110786438,-0.05476207962875396
33.54410930910237,-841.2836491378196,0.0,9.221523168092201,0.34911829233169556,0.0,0.0,0.9370785355567932,0.4010597765445709,0.0,0.0,0.9160515666007996,-0.410971413709236
35.343964925044126,-839.122303142533,0.0,9.222997313300217,0.3450288772583008,0.0,0.0,0.9385919570922852,0.39776843786239624,0.0,0.0,0.9174855351448059,-0.05483653140693656
37.1224140512074,-836.9451411419742,0.0,9.224452348699472,0.3409152328968048,0.0,0.0,0.9400938749313354,0.3944161832332611,0.0,0.0,0.9189316034317017,-0.411044900345562
38.87908913391328,-834.7520671714435,0.0,9.225887895129722,0.33678364753723145,0.0,0.0,0.9415819644927979,0.39100387692451477,0.0,0.0,0.9203887581825256,-0.05490903375189865
40.613660537095775,-832.5430035422256,0.0,9.22730309039276,0.3326410949230194,0.0,0.0,0.9430534243583679,0.3875349760055542,0.0,0.0,0.9218548536300659,-0.4111163748537963
42.326184354925196,-830.3180548727829,0.0,9.228697039015914,0.32849419116973877,0.0,0.0,0.9445058107376099,0.38401472568511963,0.0,0.0,0.923326849937439,-0.05497943519751247
44.016940646624626,-828.0774318052923,0.0,9.230068845526494,0.32434913516044617,0.0,0.0,0.9459373950958252,0.3804483413696289,0.0,0.0,0.9248020648956299,-0.41118565801089635
45.686212528998624,-825.8213468321036,0.0,9.231417614451823,0.3202114403247833,0.0,0.0,0.947346031665802,0.3768407106399536,0.0,0.0,0.9262779951095581,-0.05504755484020579
47.33428343602168,-823.5500130040174,0.0,9.232742450319227,0.3160863220691681,0.0,0.0,0.9487303495407104,0.3731962740421295,0.0,0.0,0.9277523159980774,-0.41125256891329054
48.96143712177479,-821.2636439321635,0.0,9.23404245765602,0.3119785189628601,0.0,0.0,0.9500890374183655,0.3695194125175476,0.0,0.0,0.9292230010032654,-0.055113211776407434
50.56795766294904,-818.9624537895567,0.0,9.235316740989523,0.3078922629356384,0.0,0.0,0.9514211416244507,0.36581408977508545,0.0,0.0,0.9306879043579102,-0.4113169266574069
52.15412946091553,-816.6466573123379,0.0,9.236564404847055,0.3038316071033478,0.0,0.0,0.9527256488800049,0.3620849549770355,0.0,0.0,0.9321449995040894,-0.05517622510254533
53.720237243351114,-814.3164698007071,0.0,9.237784553755946,0.29979997873306274,0.0,0.0,0.9540019035339355,0.35833582282066345,0.0,0.0,0.933592677116394,-0.41137855033967413
55.266566065434596,-811.9721071195336,0.0,9.238976292243498,0.29580098390579224,0.0,0.0,0.9552494883537292,0.3545706272125244,0.0,0.0,0.9350292086601257,-0.055236413915047966
56.793401310597,-809.6137856986596,0.0,9.240138724837047,0.2918374240398407,0.0,0.0,0.9564678072929382,0.35079291462898254,0.0,0.0,0.936453104019165,-0.41143725905652007
58.301028690840866,-807.2417225328817,0.0,9.241270956063905,0.28791213035583496,0.0,0.0,0.9576566815376282,0.34700629115104675,0.0,0.0,0.9378628730773926,-0.055293597310343834
59.78973424661513,-804.856135181619,0.0,9.242372090451397,0.28402775526046753,0.0,0.0,0.9588159322738647,0.3432137668132782,0.0,0.0,0.9392573237419128,-0.41149287190437317
61.25980434625381,-802.457241768266,0.0,9.243441232526838,0.2801865041255951,0.0,0.0,0.9599454998970032,0.33941903710365295,0.0,0.0,0.9406353235244751,-0.05534759438486103
62.7115256849729,-800.0452609792321,0.0,9.244477486817553,0.27639055252075195,0.0,0.0,0.9610453248023987,0.3356250822544098,0.0,0.0,0.9419956803321838,-0.4115452079796618
64.14518528343284,-797.6204120626534,0.0,9.245479957850858,0.2726418673992157,0.0,0.0,0.9621155261993408,0.3318352699279785,0.0,0.0,0.9433373212814331,-0.05539822423502794
65.56107048585174,-795.1829148268054,0.0,9.246447750154076,0.2689421474933624,0.0,0.0,0.9631561636924744,0.32805198431015015,0.0,0.0,0.9446595907211304,-0.4115940863788143
66.95946895768729,-792.732989638182,0.0,9.247379968254526,0.2652931213378906,0.0,0.0,0.964167594909668,0.32427874207496643,0.0,0.0,0.9459614753723145,-0.05544530595727287
68.34066868287259,-790.270857419269,0.0,9.248275716679526,0.2616961598396301,0.0,0.0,0.9651501178741455,0.3205172121524811,0.0,0.0,0.9472424983978271,-0.4116393261982587
69.70495796061198,-787.7967396459946,0.0,9.249134099956402,0.2581527531147003,0.0,0.0,0.9661040306091309,0.31677061319351196,0.0,0.0,0.9485018849372864,-0.055488658648024214
71.05262540173786,-785.3108583448649,0.0,9.249954222612466,0.2546639144420624,0.0,0.0,0.9670295119285583,0.3130412697792053,0.0,0.0,0.9497392773628235,-0.41168074653442355
72.38395992462246,-782.8134360897827,0.0,9.250735189175048,0.2512308359146118,0.0,0.0,0.9679270386695862,0.3093315660953522,0.0,0.0,0.9509539008140564,-0.05552810140371012
73.6992507506523,-780.3046959985451,0.0,9.25147610417146,0.247854545712471,0.0,0.0,0.9687970876693726,0.30564358830451965,0.0,0.0,0.9521456360816956,-0.4117181664837373
74.99878739925812,-777.7848617290268,0.0,9.252176072129023,0.24453583359718323,0.0,0.0,0.9696400761604309,0.30197980999946594,0.0,0.0,0.9533141255378723,-0.05556345332075879
76.28285968250357,-775.2541574750468,0.0,9.25283419757506,0.24127550423145294,0.0,0.0,0.9704565405845642,0.2983418405056,0.0,0.0,0.9544588923454285,-0.41175140514262804
77.55175769923406,-772.7128079619116,0.0,9.253449585036892,0.23807424306869507,0.0,0.0,0.9712467193603516,0.2947317659854889,0.0,0.0,0.9555798172950745,-0.055594533495598786
78.80577182878092,-770.1610384416477,0.0,9.254021339041833,0.2349328100681305,0.0,0.0,0.9720114469528198,0.2911514639854431,0.0,0.0,0.9566766619682312,-0.41178028160752406
80.04519272422523,-767.5990746879137,0.0,9.25454856411721,0.23185166716575623,0.0,0.0,0.9727510809898376,0.28760308027267456,0.0,0.0,0.9577494263648987,-0.055621161024658194
81.27031130522147,-765.0271429905891,0.0,9.25503036479034,0.22883132100105286,0.0,0.0,0.9734659790992737,0.2840878963470459,0.0,0.0,0.9587979912757874,-0.4118046149748539
82.48141875037523,-762.4454701500579,0.0,9.25546584558854,0.2258721888065338,0.0,0.0,0.9741567969322205,0.2806077003479004,0.0,0.0,0.9598222374916077,-0.055643155004365286
83.67880648918415,-759.8542834711616,0.0,9.25585411103914,0.22297459840774536,0.0,0.0,0.9748241305351257,0.2771640121936798,0.0,0.0,0.9608224034309387,-0.4118242243410458
84.86276619353453,-757.2538107568417,0.0,9.25619426566945,0.22013899683952332,0.0,0.0,0.9754683375358582,0.27375832200050354,0.0,0.0,0.9617983102798462,-0.0556603345311486
86.03358976875681,-754.6442803014645,0.0,9.25648541400679,0.217365562915802,0.0,0.0,0.9760900735855103,0.2703917622566223,0.0,0.0,0.9627501964569092,-0.4118389288025276
87.19156934424046,-752.0259208838274,0.0,9.25672666057849,0.21465450525283813,0.0,0.0,0.9766899347305298,0.2670656740665436,0.0,0.0,0.9636780023574829,-0.05567251870143658
88.33699726360751,-749.39896175985,0.0,9.256917109911862,0.21200606226921082,0.0,0.0,0.9772683382034302,0.26378148794174194,0.0,0.0,0.9645822048187256,-0.4118485474557282
89.47016607444766,-746.763632654943,0.0,9.257055866534229,0.2094203680753708,0.0,0.0,0.9778256416320801,0.26054054498672485,0.0,0.0,0.9654625654220581,-0.05567952661165704
90.59136851760866,-744.1201637560705,0.0,9.25714203497291,0.20689746737480164,0.0,0.0,0.978362500667572,0.2573435604572296,0.0,0.0,0.9663196206092834,-0.41185289939707576
91.70089751605192,-741.4687857034846,0.0,9.257174719755222,0.20443744957447052,0.0,0.0,0.978879451751709,0.2541918158531189,0.0,0.0,0.9671534299850464,-0.05568117735823841
92.79904616326549,-738.8097295821523,0.0,9.257153025408492,0.2020403891801834,0.0,0.0,0.979377031326294,0.2510859966278076,0.0,0.0,0.9679644703865051,-0.4118518037229985
93.88610771123822,-736.1432269128638,0.0,9.257076056460033,0.1997063308954239,0.0,0.0,0.9798555970191956,0.24802745878696442,0.0,0.0,0.9687526226043701,-0.055677290037609184
94.9623755579969,-733.4695096430252,0.0,9.256942917437174,0.19743528962135315,0.0,0.0,0.9803157448768616,0.245016947388649,0.0,0.0,0.9695184230804443,-0.41184507952992483
96.02814323470326,-730.788810137139,0.0,9.256752712867224,0.19522710144519806,0.0,0.0,0.9807578325271606,0.2420552521944046,0.0,0.0,0.9702620506286621,-0.05566768374619757
97.08370439231608,-728.1013611669646,0.0,9.256504547277512,0.19308166205883026,0.0,0.0,0.9811825156211853,0.23914286494255066,0.0,0.0,0.9709840416908264,-0.4118325459142828
98.12935278781413,-725.4073959013708,0.0,9.256197525195352,0.19099846482276917,0.0,0.0,0.9815900921821594,0.23628060519695282,0.0,0.0,0.9716845154762268,-0.05565217758043195
99.16538226998436,-722.7071478958732,0.0,9.255830751148071,0.1889767050743103,0.0,0.0,0.9819813370704651,0.2334696650505066,0.0,0.0,0.9723638296127319,-0.41181402197250094
100.19208676477453,-720.0008510818546,0.0,9.255403329662984,0.18701507151126862,0.0,0.0,0.9823567867279053,0.23071008920669556,0.0,0.0,0.9730223417282104,-0.055630590636740695
101.20976026021198,-717.2887397554767,0.0,9.254914365267412,0.1851118505001068,0.0,0.0,0.9827172160148621,0.22800281643867493,0.0,0.0,0.9736602902412415,-0.4117893268010074
102.21869679088475,-714.5710485662858,0.0,9.254362962488676,0.1832646280527115,0.0,0.0,0.9830633997917175,0.2253483384847641,0.0,0.0,0.9742780327796936,-0.055602742011551964
103.21919042199613,-711.848012505492,0.0,9.253748225854094,0.18147039413452148,0.0,0.0,0.9833962917327881,0.22274689376354218,0.0,0.0,0.9748760461807251,-0.41175827949623056
104.21153523298196,-709.1198668939526,0.0,9.25306925989099,0.17972534894943237,0.0,0.0,0.9837166666984558,0.22019894421100616,0.0,0.0,0.9754547476768494,-0.05556845080129419
105.19602530069906,-706.3868473698388,0.0,9.25232516912668,0.17802506685256958,0.0,0.0,0.9840258955955505,0.21770526468753815,0.0,0.0,0.9760143756866455,-0.4117206991545987
106.17295468218336,-703.649189875996,0.0,9.251515058088485,0.17636415362358093,0.0,0.0,0.9843249320983887,0.21526627242565155,0.0,0.0,0.9765552282333374,-0.05552753610239547
107.1426173969792,-700.9071306469923,0.0,9.250638031303728,0.17473646998405457,0.0,0.0,0.9846150875091553,0.21288210153579712,0.0,0.0,0.9770777225494385,-0.41167640487254026
108.10530740904125,-698.1609061958625,0.0,9.249693193299729,0.173134908080101,0.0,0.0,0.9848980903625488,0.21055321395397186,0.0,0.0,0.9775822162628174,-0.055479817011284405
109.06131860821242,-695.4107533005351,0.0,9.248679648644243,0.1715514361858368,0.0,0.0,0.9851751327514648,0.20827966928482056,0.0,0.0,0.9780691266059875,-0.41162521574852584
110.01094485907397,-692.6569087925781,0.0,9.247597164269612,0.16997705399990082,0.0,0.0,0.9854479432106018,0.20606201887130737,0.0,0.0,0.9785387516021729,-0.05542514608327276
110.95448021788476,-689.8996088424244,0.0,9.246447850550686,0.16840171813964844,0.0,0.0,0.9857184290885925,0.20390067994594574,0.0,0.0,0.9789914488792419,-0.41156716960110534
111.89221895640961,-687.1390887846301,0.0,9.245234335876212,0.16681435704231262,0.0,0.0,0.9859883189201355,0.2017955780029297,0.0,0.0,0.9794275164604187,-0.05536385746334982
112.82445553293084,-684.3755830977398,0.0,9.243959248634942,0.16520282626152039,0.0,0.0,0.9862595796585083,0.1997470110654831,0.0,0.0,0.9798474311828613,-0.4115027712555866
113.75148456455202,-681.6093253850727,0.0,9.242625217215632,0.16355380415916443,0.0,0.0,0.9865343570709229,0.19775435328483582,0.0,0.0,0.9802516102790833,-0.05529648213914229
114.67360044450314,-678.8405483452772,0.0,9.241234870007032,0.16185282170772552,0.0,0.0,0.9868148565292358,0.19581183791160583,0.0,0.0,0.9806414246559143,-0.4114325516995967
115.59073600259342,-676.069472427955,0.0,9.239790835397901,0.16008484363555908,0.0,0.0,0.987103283405304,0.1939084678888321,0.0,0.0,0.9810196161270142,-0.05522355109827709
116.50178202148794,-673.2962844851863,0.0,9.238295741776986,0.15823571383953094,0.0,0.0,0.9874013066291809,0.1920320987701416,0.0,0.0,0.9813886284828186,-0.41135704192076256
117.40544404411258,-670.5211646171863,0.0,9.236752217533045,0.15629270672798157,0.0,0.0,0.98771071434021,0.19017168879508972,0.0,0.0,0.9817508459091187,-0.05514559532838109
118.30042931375539,-667.7442920188678,0.0,9.23516289105483,0.15424400568008423,0.0,0.0,0.9880326390266418,0.18831628561019897,0.0,0.0,0.982108473777771,-0.4112767729067114
119.18544682631624,-664.9658449684576,0.0,9.233530390731088,0.1520787924528122,0.0,0.0,0.9883682131767273,0.18645592033863068,0.0,0.0,0.9824633598327637,-0.05506314581708094
120.05920737698169,-662.1860008168227,0.0,9.231857344950585,0.1497870683670044,0.0,0.0,0.9887180924415588,0.18458031117916107,0.0,0.0,0.9828174114227295,-0.4111922756450698
120.92042360132974,-659.4049359775063,0.0,9.230146382102067,0.1473594754934311,0.0,0.0,0.9890828132629395,0.18268033862113953,0.0,0.0,0.9831722378730774,-0.05497673355200422
121.7678100108719,-656.6228259174709,0.0,9.228400130574286,0.1447875201702118,0.0,0.0,0.9894626140594482,0.18074670433998108,0.0,0.0,0.9835295081138611,-0.41110408112346475
122.60008302303662,-653.8398451485522,0.0,9.226621218756,0.14206306636333466,0.0,0.0,0.9898574352264404,0.17877088487148285,0.0,0.0,0.9838905930519104,-0.05488688952077764
123.41596098560059,-651.056167219621,0.0,9.224812275035958,0.13917867839336395,0.0,0.0,0.9902670979499817,0.17674417793750763,0.0,0.0,0.9842566251754761,-0.4110127203295233
124.21416419557696,-648.2719647094483,0.0,9.222975927802914,0.136127308011055,0.0,0.0,0.9906912446022034,0.1746588498353958,0.0,0.0,0.9846287965774536,-0.05479414471102784
124.99341491256318,-645.4874092202855,0.0,9.22111480544562,0.13290230929851532,0.0,0.0,0.9911290407180786,0.17250680923461914,0.0,0.0,0.9850081205368042,-0.4109187242508721
125.75243736656216,-642.7026713721375,0.0,9.219231536352835,0.12949733436107635,0.0,0.0,0.9915796518325806,0.17028044164180756,0.0,0.0,0.9853954315185547,-0.05469903011038213
126.48995776027614,-639.917920797754,0.0,9.217328748913308,0.12590648233890533,0.0,0.0,0.9920418858528137,0.16797271370887756,0.0,0.0,0.9857914447784424,-0.41082262387513846
127.20470426588955,-637.1333261383134,0.0,9.21540907151579,0.12212412804365158,0.0,0.0,0.9925146102905273,0.16557618975639343,0.0,0.0,0.986196756362915,-0.054602076706467106
127.89540701634273,-634.3490550398141,0.0,9.21347513254904,0.11814486980438232,0.0,0.0,0.9929961562156677,0.1630842089653015,0.0,0.0,0.9866119027137756,-0.410724950189949
128.5607980911058,-631.5652741501716,0.0,9.211529560401807,0.11396368592977524,0.0,0.0,0.9934847354888916,0.1604900360107422,0.0,0.0,0.987037181854248,-0.05450381548690991
129.1996114964644,-628.7821491170058,0.0,9.209574983462845,0.10957568883895874,0.0,0.0,0.9939782619476318,0.1577869951725006,0.0,0.0,0.9874728918075562,-0.41062623418293076
129.81058314032003,-625.99984458614,0.0,9.207614030120913,0.10497647523880005,0.0,0.0,0.9944746494293213,0.15496885776519775,0.0,0.0,0.9879190921783447,-0.05440477743933758
130.39245080151727,-623.2185242007903,0.0,9.205649328764755,0.10016164928674698,0.0,0.0,0.9949711561203003,0.15202966332435608,0.0,0.0,0.9883756637573242,-0.4105270068417106
130.94395409370517,-620.4383506014586,0.0,9.203683507783127,0.09512730687856674,0.0,0.0,0.995465099811554,0.14896315336227417,0.0,0.0,0.9888425469398499,-0.054305493551376594
131.46383442374128,-617.6594854265128,0.0,9.201719195564792,0.08986964076757431,0.0,0.0,0.9959535002708435,0.14576329290866852,0.0,0.0,0.9893192052841187,-0.4104277991539159
131.95083494464382,-614.8820893134786,0.0,9.199759020498488,0.08438536524772644,0.0,0.0,0.9964331984519958,0.14242471754550934,0.0,0.0,0.9898054003715515,-0.054206494810654204
132.40370050310543,-612.1063219010097,0.0,9.197805610972981,0.07867172360420227,0.0,0.0,0.9969005584716797,0.138941690325737,0.0,0.0,0.9903004169464111,-0.41032914210717314
132.8211775815718,-609.3323418315624,0.0,9.195861595377016,0.0727265328168869,0.0,0.0,0.997351884841919,0.13530892133712769,0.0,0.0,0.9908032417297363,-0.05410831220479734
133.20201423489536,-606.560306754754,0.0,9.193929602099349,0.0665491446852684,0.0,0.0,0.9977830648422241,0.13152115046977997,0.0,0.0,0.9913132190704346,-0.41023156668910915
133.54496002157023,-603.7903733314249,0.0,9.192012259528735,0.060140177607536316,0.0,0.0,0.9981898665428162,0.12757351994514465,0.0,0.0,0.991828978061676,-0.05401147672143297
133.84876592955783,-601.0226972383781,0.0,9.190112196053924,-0.05350203812122345,0.0,0.0,-0.9985677003860474,0.12346085160970688,0.0,0.0,0.9923493266105652,-0.4101356038873511
134.1121842967083,-598.2574331738169,0.0,9.188232040063673,-0.04663916304707527,0.0,0.0,-0.9989117383956909,0.11917871236801147,0.0,0.0,0.9928727149963379,-0.053916519348187864
134.33396872578595,-595.4947348634686,0.0,9.186374419946734,-0.039558183401823044,0.0,0.0,-0.9992172122001648,0.11472246050834656,0.0,0.0,0.9933974146842957,-0.41004178468952596
134.51287399410467,-592.7347550673956,0.0,9.18454196409186,-0.03226829320192337,0.0,0.0,-0.9994791150093079,0.11008796840906143,0.0,0.0,0.99392169713974,-0.05382397107268916
134.6476559577795,-589.9776455874935,0.0,9.182737300887801,-0.024781104177236557,0.0,0.0,-0.9996926784515381,0.1052713617682457,0.0,0.0,0.994443416595459,-0.4099506400832604
134.73707145060087,-587.2235572756778,0.0,9.180963058723316,-0.0171110350638628,0.0,0.0,-0.9998534917831421,0.10026895999908447,0.0,0.0,0.9949603080749512,-0.05373436288256367
134.7798781775357,-584.4726400427506,0.0,9.179221865987156,-0.009275210089981556,0.0,0.0,-0.9999567866325378,-0.09507746994495392,0.0,0.0,-0.9954697489738464,-0.40986270105618156
134.77483460286177,-581.7250428679589,0.0,9.177516351068073,-0.0012935441918671131,0.0,0.0,-0.9999989867210388,-0.08969329297542572,0.0,0.0,-0.9959693551063538,-0.05364822576543826
134.72069983293838,-578.9809138092294,0.0,9.175849142354824,0.00681112939491868,0.0,0.0,-0.9999766945838928,-0.08411416411399841,0.0,0.0,-0.9964560270309448,-0.4097784985959165
134.61623349361867,-576.2404000140922,0.0,9.174222868236157,0.015013245865702629,0.0,0.0,-0.9998871088027954,-0.07833792269229889,0.0,0.0,-0.9969267845153809,-0.05356609070893992
134.46019560230542,-573.5036477312857,0.0,9.172640157100828,0.023284433409571648,0.0,0.0,-0.9997286796569824,-0.07236254215240479,0.0,0.0,-0.9973783493041992,-0.4096985636900918
134.25134643465483,-570.7708023230396,0.0,9.171103637337591,0.03159383684396744,0.0,0.0,-0.9995005130767822,-0.06618666648864746,0.0,0.0,-0.9978072643280029,-0.05348848870069561
133.9884463859295,-568.0420082780483,0.0,9.169615937335196,0.03990798443555832,0.0,0.0,-0.999203085899353,-0.059809088706970215,0.0,0.0,-0.9982098937034607,-0.40962342732633444
133.6702558328335,-565.3174092709708,0.0,9.16817953107113,0.04819107800722122,0.0,0.0,-0.9988378882408142,-0.053230032324790955,0.0,0.0,-0.9985824227333069,-0.053415942929783244
133.29553503517636,-562.597148487645,0.0,9.16679584299269,0.05640498548746109,0.0,0.0,-0.9984077215194702,-0.04645674303174019,0.0,0.0,-0.9989203810691833,-0.4095535440900495
132.86315882224568,-559.881361233582,0.0,9.165465860763046,0.06450985372066498,0.0,0.0,-0.9979168176651001,-0.039513491094112396,0.0,0.0,-0.9992191195487976,-0.0533487721101043
132.37399338606014,-557.1700517645608,0.0,9.164190570610995,0.07246735692024231,0.0,0.0,-0.9973706007003784,-0.03243393078446388,0.0,0.0,-0.9994739890098572,-0.40948913549651156
131.83058960586436,-554.4631134186702,0.0,9.162970958765356,0.08024365454912186,0.0,0.0,-0.9967751502990723,-0.025250406935811043,0.0,0.0,-0.9996811151504517,-0.053287175552243826
131.23554823386485,-551.7604359146453,0.0,9.161808011454934,0.08780902624130249,0.0,0.0,-0.9961372017860413,-0.01799374632537365,0.0,0.0,-0.9998380541801453,-0.4094304007838639
130.59146670162147,-549.0619088480506,0.0,9.160702714908531,0.09513749927282333,0.0,0.0,-0.995464026927948,-0.010692739859223366,0.0,0.0,-0.9999427199363708,-0.05323135249434474
129.9009392564013,-546.3674216875264,0.0,9.15965605535497,0.1022065132856369,0.0,0.0,-0.9947630763053894,-0.003375091589987278,0.0,0.0,-0.9999940991401672,-0.40937753919024966
129.16655710157283,-543.6768637708892,0.0,9.158669019023048,0.10899684578180313,0.0,0.0,-0.9940419793128967,0.0039336197078228,0.0,0.0,-0.9999921321868896,-0.0531815021745507
128.39090854104484,-540.9901243010942,0.0,9.157742592141577,0.11549241840839386,0.0,0.0,-0.9933082461357117,0.011209220625460148,0.0,0.0,-0.9999370574951172,-0.4093307499538118
127.5765791277495,-538.3070923420464,0.0,9.156877760939365,0.12168014794588089,0.0,0.0,-0.9925692677497864,0.018429072573781013,0.0,0.0,-0.9998300075531006,-0.05313782383100457
126.72615181617886,-535.627656814277,0.0,9.15607551164522,0.12754981219768524,0.0,0.0,-0.9918321371078491,0.025571748614311218,0.0,0.0,-0.9996728897094727,-0.40929023231269335
125.84220711897252,-532.9517064904624,0.0,9.15533683048795,0.13309398293495178,0.0,0.0,-0.9911033511161804,0.032617680728435516,0.0,0.0,-0.9994679093360901,-0.053100516701849565
124.92732326757043,-530.2791299908201,0.0,9.154662703696369,0.13830789923667908,0.0,0.0,-0.9903891682624817,0.03954827040433884,0.0,0.0,-0.999217689037323,-0.40925618550503773
123.98407637692371,-527.609815778337,0.0,9.154054117499276,0.1431892067193985,0.0,0.0,-0.9896952509880066,0.04634656757116318,0.0,0.0,-0.9989253878593445,-0.05306978002522872
123.01504061428267,-524.9436521538732,0.0,9.15351205812549,0.14773792028427124,0.0,0.0,-0.9890263676643372,0.05299610272049904,0.0,0.0,-0.9985947012901306,-0.4092288087689879
122.02278837205806,-522.280527251108,0.0,9.15303751180381,0.15195654332637787,0.0,0.0,-0.9883869886398315,0.059482455253601074,0.0,0.0,-0.9982293844223022,-0.053045813039285294
121.00989044476954,-519.620329031352,0.0,9.152631464763052,0.15584972500801086,0.0,0.0,-0.9877806305885315,0.06579162925481796,0.0,0.0,-0.9978333711624146,-0.409208301342687
119.97891621008203,-516.9629452782029,0.0,9.152294903232017,0.1594243049621582,0.0,0.0,-0.9872100949287415,0.07191053032875061,0.0,0.0,-0.9974111318588257,-0.05302881498216233
118.9324338139468,-514.3082635920688,0.0,9.152028813439522,0.16268931329250336,0.0,0.0,-0.9866772294044495,0.07782720029354095,0.0,0.0,-0.9969669580459595,-0.4091948624642781
117.87301035984605,-511.6561713845346,0.0,9.15183418161437,0.16565585136413574,0.0,0.0,-0.9861835241317749,0.08353036642074585,0.0,0.0,-0.9965053200721741,-0.0530189850920032
116.80321210215952,-509.006555872592,0.0,9.151711993985367,0.1683371514081955,0.0,0.0,-0.9857293367385864,0.08900962024927139,0.0,0.0,-0.9960309267044067,-0.4091886913719042
115.72560464365586,-506.359304072719,0.0,9.151663236781328,0.17074856162071228,0.0,0.0,-0.9853145480155945,0.09425512701272964,0.0,0.0,-0.9955481886863708,-0.05301652260695072
114.64275313712379,-503.7143027948155,0.0,9.151688896231057,0.17290760576725006,0.0,0.0,-0.9849380254745483,0.09925758838653564,0.0,0.0,-0.9950618743896484,-0.40918998730370876
113.5572224911505,-501.07143863598947,0.0,9.15178995856337,0.17483383417129517,0.0,0.0,-0.9845979809761047,0.10400832444429398,0.0,0.0,-0.9945765733718872,-0.053021626765148266
112.47157758006246,-498.4305979741989,0.0,9.151967410007062,0.1765490174293518,0.0,0.0,-0.9842917919158936,0.10850270837545395,0.0,0.0,-0.9940962195396423,-0.40919894949783464
111.38834713165991,-495.79166696174735,0.0,9.152222236790951,0.17807698249816895,0.0,0.0,-0.984016478061676,0.11274709552526474,0.0,0.0,-0.9936237335205078,-0.053034496804738596
110.3088015859488,-493.1545315186292,0.0,9.152555425143847,0.17944006621837616,0.0,0.0,-0.9837599992752075,0.116756372153759,0.0,0.0,-0.993160605430603,-0.40921577719242536
109.23266018132475,-490.5190773257287,0.0,9.15296796129455,0.1806621104478836,0.0,0.0,-0.9835301041603088,0.12054497003555298,0.0,0.0,-0.9927079081535339,-0.05305533196386503
108.15954639936558,-487.88518981787064,0.0,9.153460831471879,0.18176253139972687,0.0,0.0,-0.9833230972290039,0.12412659823894501,0.0,0.0,-0.9922663569450378,-0.4092406696256238
107.0890835960413,-485.25275417672407,0.0,9.154035021904633,0.18275873363018036,0.0,0.0,-0.9831356406211853,0.12751466035842896,0.0,0.0,-0.9918365478515625,-0.05308433148067082
106.02089497061203,-482.62165532354794,0.0,9.154691518821625,0.18366652727127075,0.0,0.0,-0.9829647541046143,0.13072159886360168,0.0,0.0,-0.9914189577102661,-0.4092738260355729
104.95460353392703,-479.99177791180165,0.0,9.15543130845166,0.1845000833272934,0.0,0.0,-0.9828076958656311,0.13375906646251678,0.0,0.0,-0.991013765335083,-0.05312169459329885
103.88983207611125,-477.36300631959034,0.0,9.156255377023559,0.1852719932794571,0.0,0.0,-0.9826620817184448,0.13663837313652039,0.0,0.0,-0.9906208515167236,-0.4093154456604162
102.82620313364747,-474.73522464196856,0.0,9.157164710766114,0.1859934777021408,0.0,0.0,-0.9825257658958435,0.1393701583147049,0.0,0.0,-0.990240216255188,-0.053167620539892546
101.76333895584611,-472.108316683091,0.0,9.15816029590814,0.1866745799779892,0.0,0.0,-0.9823969006538391,0.14196467399597168,0.0,0.0,-0.989871621131897,-0.4093657277382963
100.7008614706994,-469.48216594820605,0.0,9.15924311867845,0.18732388317584991,0.0,0.0,-0.9822737574577332,0.14443154633045197,0.0,0.0,-0.9895147085189819,-0.053222308558595055
99.63839225012289,-466.8566556355055,0.0,9.160414165305847,0.18794891238212585,0.0,0.0,-0.9821549654006958,0.14677974581718445,0.0,0.0,-0.9891691207885742,-0.4094248715073568
98.57555247457174,-464.23166862780784,0.0,9.161674422019141,0.18855604529380798,0.0,0.0,-0.982039213180542,0.1490180939435959,0.0,0.0,-0.9888344407081604,-0.05328595788754931
97.5119628970424,-461.6070874841032,0.0,9.16302487504714,0.18915042281150818,0.0,0.0,-0.9819254875183105,0.1511547863483429,0.0,0.0,-0.9885101318359375,-0.4094930762057406
96.44724380644277,-458.98279443093156,0.0,9.164466510618652,0.1897362619638443,0.0,0.0,-0.9818130731582642,0.15319766104221344,0.0,0.0,-0.9881954789161682,-0.053358767764898396
95.38101499033625,-456.35867135360763,0.0,9.166000314962487,0.19031666219234467,0.0,0.0,-0.9817013144493103,0.15515413880348206,0.0,0.0,-0.9878901839256287,-0.40957054107159085
94.3128956970556,-453.73459978729403,0.0,9.167627274307453,0.19089391827583313,0.0,0.0,-0.9815897345542908,0.1570313423871994,0.0,0.0,-0.9875935316085815,-0.05344093742878553
93.24250459717962,-451.11046090791217,0.0,9.169348374882356,0.19146928191184998,0.0,0.0,-0.9814781546592712,0.15883567929267883,0.0,0.0,-0.9873048067092896,-0.4096574653430506
92.16945974437327,-448.4861355228979,0.0,9.171164602916011,0.19204315543174744,0.0,0.0,-0.9813665151596069,0.16057364642620087,0.0,0.0,-0.9870235919952393,-0.053532666117353966
91.09337853558515,-445.86150406179854,0.0,9.173076944637222,0.19261501729488373,0.0,0.0,-0.9812548756599426,0.16225111484527588,0.0,0.0,-0.9867492914199829,-0.4097540482582633
90.0138776705978,-443.23644656670456,0.0,9.175086386274796,0.1931835114955902,0.0,0.0,-0.9811434745788574,0.1638738512992859,0.0,0.0,-0.9864811301231384,-0.053634153068746526
88.93057311093327,-440.610842682533,0.0,9.177193914057545,0.19374652206897736,0.0,0.0,-0.9810328483581543,0.16544748842716217,0.0,0.0,-0.9862184524536133,-0.40986048905537187
87.84308003809905,-437.98457164713415,0.0,9.179400514214274,0.19430115818977356,0.0,0.0,-0.9809235334396362,0.16697680950164795,0.0,0.0,-0.9859606623649597,-0.053745597521106636
86.75101281119801,-435.3575122812867,0.0,9.181707172833928,0.19484367966651917,0.0,0.0,-0.9808163046836853,0.16846689581871033,0.0,0.0,-0.98570716381073,-0.40997698696545537
85.6539851660099,-432.7295435572992,0.0,9.18411285330069,0.1953696310520172,0.0,0.0,-0.9807121157646179,0.1699216067790985,0.0,0.0,-0.9854574203491211,-0.053867096534579384
84.55161140750273,-430.10054665096214,0.0,9.186609401244707,0.19587385654449463,0.0,0.0,-0.98061203956604,0.17134244740009308,0.0,0.0,-0.9852113723754883,-0.4101030752454563
83.44371479703263,-427.47041920360607,0.0,9.189187097480197,0.19635072350502014,0.0,0.0,-0.9805172681808472,0.17272745072841644,0.0,0.0,-0.9849695563316345,-0.05399728321313946
82.33067463398649,-424.8390983570227,0.0,9.191836222821365,0.19679509103298187,0.0,0.0,-0.9804288744926453,0.1740742325782776,0.0,0.0,-0.984732449054718,-0.41023686945460625
81.21296332645889,-422.20653001705,0.0,9.194547058082431,0.19720232486724854,0.0,0.0,-0.9803478121757507,0.1753809005022049,0.0,0.0,-0.9845005869865417,-0.054134194084910436
80.09105520875595,-419.57266279656795,0.0,9.19730988407761,0.19756826758384705,0.0,0.0,-0.9802749752998352,0.17664560675621033,0.0,0.0,-0.9842744469642639,-0.41037640612102944
78.96542659103181,-416.9374480159926,0.0,9.20011498162111,0.19788914918899536,0.0,0.0,-0.9802111387252808,0.1778663992881775,0.0,0.0,-0.9840546250343323,-0.05427586567801651
77.83655580130238,-414.3008397043345,0.0,9.20295263152715,0.19816163182258606,0.0,0.0,-0.9801570177078247,0.17904144525527954,0.0,0.0,-0.9838415384292603,-0.4105197217728497
76.70492321982861,-411.66279460083655,0.0,9.20581311460994,0.19838261604309082,0.0,0.0,-0.9801132678985596,0.18016907572746277,0.0,0.0,-0.983635663986206,-0.05442033452058165
75.57101130584941,-409.02327215718566,0.0,9.2086867116837,0.19854940474033356,0.0,0.0,-0.9800804257392883,0.18124772608280182,0.0,0.0,-0.9834374785423279,-0.4106648529381911
74.4353046166451,-406.38223454029054,0.0,9.211563703562636,0.1986595094203949,0.0,0.0,-0.9800590872764587,0.18227599561214447,0.0,0.0,-0.9832473993301392,-0.05456563714072982
73.29828981892334,-403.7396466356476,0.0,9.214434371060971,0.19871066510677338,0.0,0.0,-0.9800496101379395,0.1832524687051773,0.0,0.0,-0.9830659031867981,-0.41080983614517774
72.1604556925007,-401.09547605127204,0.0,9.217288994992906,0.19870086014270782,0.0,0.0,-0.9800524115562439,0.18417569994926453,0.0,0.0,-0.9828932881355286,-0.05470981006658515
71.0222931262711,-398.44969312221554,0.0,9.220117856172667,0.1986282616853714,0.0,0.0,-0.9800679087638855,0.185044527053833,0.0,0.0,-0.9827301502227783,-0.4109527079219334
69.8842951064422,-395.8022709156648,0.0,9.222911235414466,0.19849112629890442,0.0,0.0,-0.9800962805747986,0.18585769832134247,0.0,0.0,-0.9825765490531921,-0.05485088982627201
68.74695669701782,-393.15318523661,0.0,9.22565941353251,0.1982879340648651,0.0,0.0,-0.980137825012207,0.18661412596702576,0.0,0.0,-0.9824331402778625,-0.41109150479658196
67.61077501252105,-390.50241463410936,0.0,9.228352671341021,0.19801728427410126,0.0,0.0,-0.9801927208900452,0.1873125433921814,0.0,0.0,-0.9823002219200134,-0.054986912947914024
66.47624918293246,-387.84994040812614,0.0,9.230981289654201,0.1976778209209442,0.0,0.0,-0.9802612066268921,0.18795114755630493,0.0,0.0,-0.9821741580963135,-0.41122426329724765
65.34388031083543,-385.1957466169531,0.0,9.233535549286279,0.19726836681365967,0.0,0.0,-0.9803434610366821,0.1885301023721695,0.0,0.0,-0.9820600152015686,-0.05511591595963511
64.21417142075357,-382.53982008522485,0.0,9.236005731051462,0.19678783416748047,0.0,0.0,-0.9804394841194153,0.18904829025268555,0.0,0.0,-0.9819580316543579,-0.4113490199520548
63.0876274006646,-379.88215041250686,0.0,9.23838211576396,0.19623516499996185,0.0,0.0,-0.9805494546890259,0.1895046979188919,0.0,0.0,-0.9818684458732605,-0.05523593538955929
61.96475493568634,-377.2227299824802,0.0,9.24065498423799,0.19560936093330383,0.0,0.0,-0.9806733727455139,0.1898985356092453,0.0,0.0,-0.9817913770675659,-0.41146381128912707
60.846062433918924,-374.5615539727063,0.0,9.242814617287769,0.19490957260131836,0.0,0.0,-0.9808112382888794,0.19022877514362335,0.0,0.0,-0.9817270040512085,-0.05534500776581075
59.73205994443729,-371.8986203649765,0.0,9.244851295727509,0.1941349357366562,0.0,0.0,-0.9809629321098328,0.19049470126628876,0.0,0.0,-0.981675386428833,-0.4115666738365886
58.623259067433224,-369.233929956259,0.0,9.24675530037142,0.19328460097312927,0.0,0.0,-0.9811285734176636,0.1906954050064087,0.0,0.0,-0.981636643409729,-0.05544116961651335
57.520172856491634,-366.567486370215,0.0,9.24851691203372,0.1923578381538391,0.0,0.0,-0.9813079833984375,0.19083018600940704,0.0,0.0,-0.981610894203186,-0.4116556441225634
56.423315713013395,-363.8992960693198,0.0,9.250126411528626,0.191353902220726,0.0,0.0,-0.9815011024475098,0.19089818000793457,0.0,0.0,-0.9815982580184937,-0.05552245746979145
55.33320327277184,-361.22936836755304,0.0,9.251574079670341,0.19027206301689148,0.0,0.0,-0.9817078113555908,0.19089846312999725,0.0,0.0,-0.9815987944602966,-0.4117287586751753
54.25035228461751,-358.5577154436869,0.0,9.252850197273094,0.1891116499900818,0.0,0.0,-0.9819279313087463,0.1908305585384369,0.0,0.0,-0.981612503528595,-0.05558690785376885
53.17528048132766,-355.88435235514754,0.0,9.253945045151085,0.18787382543087006,0.0,0.0,-0.9821707606315613,0.1906937062740326,0.0,0.0,-0.9816394448280334,-0.41178405402254853
52.10850644261768,-353.20929705246954,0.0,9.254848904118536,0.18655598163604736,0.0,0.0,-0.982426106929779,0.19048701226711273,0.0,0.0,-0.9816796183586121,-0.05563255729656941
51.05054945031841,-350.53257039432305,0.0,9.255552054989655,0.1851576417684555,0.0,0.0,-0.9826940298080444,0.1902099847793579,0.0,0.0,-0.9817330241203308,-0.4118195666928071
50.001929335739604,-347.8541961631227,0.0,9.25604477857866,0.18367822468280792,0.0,0.0,-0.9829743504524231,0.1898619830608368,0.0,0.0,-0.9817996621131897,-0.055657442326317086
48.96316631923885,-345.17420108122195,0.0,9.256317355699768,0.1821173131465912,0.0,0.0,-0.9832670092582703,0.18944229185581207,0.0,0.0,-0.9818795323371887,-0.4118333332140752
47.9347808420103,-342.4926148276671,0.0,9.256360067167183,0.180474653840065,0.0,0.0,-0.9835717082023621,0.18895016610622406,0.0,0.0,-0.9819725751876831,-0.05565959947113597
46.91729339013007,-339.8094700555409,0.0,9.25616319379513,0.17875033617019653,0.0,0.0,-0.9838880300521851,0.18838496506214142,0.0,0.0,-0.9820786714553833,-0.41182339011447666
45.911224310877955,-337.12480240986184,0.0,9.255717016397814,0.17694467306137085,0.0,0.0,-0.984215497970581,0.18774698674678802,0.0,0.0,-0.9822025299072266,-0.05563706525915024
44.91709362137637,-334.43865054605993,0.0,9.255011815789455,0.17505842447280884,0.0,0.0,-0.9845536351203918,0.18703478574752808,0.0,0.0,-0.9823398590087891,-0.41178777392213534
43.93542080957998,-331.7510561490095,0.0,9.254037872784263,0.173092782497406,0.0,0.0,-0.9849019646644592,0.186247780919075,0.0,0.0,-0.9824907183647156,-0.05558787621848399
42.966724627660916,-329.0620639526225,0.0,9.252785468196457,0.1710493564605713,0.0,0.0,-0.9852595925331116,0.18538540601730347,0.0,0.0,-0.9826550483703613,-0.4117245211651754
42.01152287783602,-326.3717217599967,0.0,9.251244882840243,0.16893036663532257,0.0,0.0,-0.9856256246566772,0.1844470500946045,0.0,0.0,-0.982832670211792,-0.05551006887726112
41.07033219068791,-323.6800804641138,0.0,9.249406397529839,0.16673852503299713,0.0,0.0,-0.9859991669654846,0.18343204259872437,0.0,0.0,-0.9830235242843628,-0.4116316683717206
40.143667796034784,-320.98719406907816,0.0,9.247260293079464,0.16447722911834717,0.0,0.0,-0.9863792657852173,0.18233993649482727,0.0,0.0,-0.9832276105880737,-0.05540167976360583
39.23204328641549,-318.2931197119015,0.0,9.244796850303324,0.16215044260025024,0.0,0.0,-0.9867647290229797,0.18117022514343262,0.0,0.0,-0.9834445714950562,-0.41150725206989536
38.335970373251676,-315.59791768481585,0.0,9.242006350015632,0.15976285934448242,0.0,0.0,-0.9871543049812317,0.17992214858531952,0.0,0.0,-0.9836744070053101,-0.055260745405641576
37.455958635761505,-312.9016514581113,0.0,9.238879073030612,0.15731988847255707,0.0,0.0,-0.9875468611717224,0.17859524488449097,0.0,0.0,-0.9839168190956116,-0.4113493087878236
36.59251526270471,-310.20438770349864,0.0,9.235405300162466,0.15482763946056366,0.0,0.0,-0.9879408478736877,0.17718905210494995,0.0,0.0,-0.9841715693473816,-0.055085302331492836
35.74614478704085,-307.5061963179836,0.0,9.231575312225418,0.15229304134845734,0.0,0.0,-0.9883348345756531,0.17570285499095917,0.0,0.0,-0.9844384789466858,-0.41115587505362927
34.917348813588895,-304.80715044823944,0.0,9.227379390033676,0.1497238427400589,0.0,0.0,-0.9887273907661438,0.17413625121116638,0.0,0.0,-0.9847171902656555,-0.054873387069283575
34.10662571994513,-302.10732644863606,0.0,9.222808042670717,0.14712853729724884,0.0,0.0,-0.9891169667243958,0.17248882353305817,0.0,0.0,-0.9850075840950012,-0.410924998924187
33.31446822930852,-299.4067965101886,0.0,9.217877014757942,0.14451654255390167,0.0,0.0,-0.989501953125,0.17076116800308228,0.0,0.0,-0.9853088855743408,-0.05462434525550702
32.541351348759896,-296.70561464155696,0.0,9.212649828948376,0.141898050904274,0.0,0.0,-0.9898808598518372,0.16895811259746552,0.0,0.0,-0.9856200218200684,-0.41066099964087555
31.787325839695352,-294.003815043414,0.0,9.207195329013748,0.1392834186553955,0.0,0.0,-0.9902521371841431,0.16708774864673615,0.0,0.0,-0.9859391450881958,-0.0543488654608289
31.051829629510255,-291.3014120346675,0.0,9.201582358725819,0.13668207824230194,0.0,0.0,-0.990614652633667,0.16515812277793884,0.0,0.0,-0.9862645268440247,-0.41037751629300034
30.334248141492264,-288.5983999747324,0.0,9.195879761856311,0.13410259783267975,0.0,0.0,-0.9909670948982239,0.16317692399024963,0.0,0.0,-0.9865944385528564,-0.054060855517924444
29.633963142856985,-285.8947531818778,0.0,9.190156382176975,0.13155275583267212,0.0,0.0,-0.991308867931366,0.16115151345729828,0.0,0.0,-0.9869275093078613,-0.41008845671323585
28.9503533972195,-283.1904258476626,0.0,9.184481063459543,0.12903955578804016,0.0,0.0,-0.9916391372680664,0.1590888649225235,0.0,0.0,-0.9872623085975647,-0.053774223259468346
28.28279524995575,-280.4853519474916,0.0,9.178922649475757,0.1265694499015808,0.0,0.0,-0.9919574856758118,0.1569957286119461,0.0,0.0,-0.9875974059104919,-0.40980772873425675
27.630663146757296,-277.7794451472987,0.0,9.173549983997361,0.12414821237325668,0.0,0.0,-0.9922634363174438,0.15487852692604065,0.0,0.0,-0.9879317283630371,-0.053502876518135234
26.993330085703814,-275.0725987063591,0.0,9.168431910796093,0.12178109586238861,0.0,0.0,-0.9925568103790283,0.15274327993392944,0.0,0.0,-0.9882643818855286,-0.4095492401887381
26.37016800319482,-272.36468537625655,0.0,9.163637273643692,0.11947288364171982,0.0,0.0,-0.9928373098373413,0.150596022605896,0.0,0.0,-0.9885940551757812,-0.05326072312659985
25.760548094070213,-269.6555572959739,0.0,9.159234916311894,0.11722787469625473,0.0,0.0,-0.9931049346923828,0.14844214916229248,0.0,0.0,-0.9889199137687683,-0.40932689890935436
25.163841066249542,-266.94504588311383,0.0,9.155293682572443,0.11504997313022614,0.0,0.0,-0.9933596253395081,0.14628702402114868,0.0,0.0,-0.9892411231994629,-0.05306167091753672
24.579417330194406,-264.23296172122804,0.0,9.151882416197079,0.11294271796941757,0.0,0.0,-0.9936013221740723,0.1441357284784317,0.0,0.0,-0.9895569086074829,-0.40915461272878034
24.006647123467342,-261.5190944432233,0.0,9.14906996095754,0.1109093502163887,0.0,0.0,-0.9938303232192993,0.14199309051036835,0.0,0.0,-0.9898666739463806,-0.05291962772362069
23.44490057062064,-258.8032126108076,0.0,9.146925160625567,0.10895274579524994,0.0,0.0,-0.9940468072891235,0.13986371457576752,0.0,0.0,-0.990169882774353,-0.4090462894796908
22.893547678598832,-256.0850635899403,0.0,9.1455168589729,0.10707546025514603,0.0,0.0,-0.9942507743835449,0.1377520114183426,0.0,0.0,-0.9904659986495972,-0.05284850137752639
22.35195826777305,-253.364373422219,0.0,9.144913899771277,0.1052798330783844,0.0,0.0,-0.9944425225257874,0.13566206395626068,0.0,0.0,-0.9907544851303101,-0.4090158369947603
21.81950183865651,-250.64084669213705,0.0,9.145185126792441,0.1035679280757904,0.0,0.0,-0.9946222901344299,0.13359788060188293,0.0,0.0,-0.9910350441932678,-0.052862199711928626
21.295547374268512,-247.9141663901412,0.0,9.146399383808129,0.10194160044193268,0.0,0.0,-0.9947903752326965,0.1315632313489914,0.0,0.0,-0.9913071990013123,-0.4090771631066637
20.77946307801864,-245.18399377138294,0.0,9.148625514590083,0.10040244460105896,0.0,0.0,-0.9949469566345215,0.12956178188323975,0.0,0.0,-0.9915708303451538,-0.05297463055950208
20.27061604688568,-242.44996821008246,0.0,9.151932362910037,0.09895185381174088,0.0,0.0,-0.9950922727584839,0.12759685516357422,0.0,0.0,-0.9918256998062134,-0.40924417564807547
19.768371879543345,-239.7117070493568,0.0,9.15638877253974,0.09759020805358887,0.0,0.0,-0.9952182769775391,0.12567174434661865,0.0,0.0,-0.9920714497566223,-0.05319970175292149
19.272098111445825,-236.96882710010695,0.0,9.161991296919028,0.09631946682929993,0.0,0.0,-0.9953355193138123,0.12378951162099838,0.0,0.0,-0.9923080801963806,-0.4095271314248072
18.78118651790241,-234.22107433400538,0.0,9.168303847828225,0.09514040499925613,0.0,0.0,-0.9954440593719482,0.12195313721895218,0.0,0.0,-0.9925354719161987,-0.0535185174554062
18.295059686654582,-231.46837266296393,0.0,9.174730096106412,0.09405350685119629,0.0,0.0,-0.9955439567565918,0.12016545981168747,0.0,0.0,-0.9927535653114319,-0.409851689418655
17.8131691948703,-228.71082498880122,0.0,9.180673451944022,0.09305894374847412,0.0,0.0,-0.9956352114677429,0.11842916160821915,0.0,0.0,-0.9929623007774353,-0.05381868694215414
17.334994337925526,-225.9487142119155,0.0,9.185537325531492,0.09215650707483292,0.0,0.0,-0.9957179427146912,0.11674673855304718,0.0,0.0,-0.9931614995002747,-0.41009733959984035
16.860041427346143,-223.1825042766481,0.0,9.18872512705924,0.09134536981582642,0.0,0.0,-0.9957923293113708,0.11512063443660736,0.0,0.0,-0.9933512806892395,-0.05397968701931316
16.38784366066146,-220.4128412526157,0.0,9.189640266717706,0.09062417596578598,0.0,0.0,-0.9958584904670715,0.11355322599411011,0.0,0.0,-0.9935317635536194,-0.41014355877451036
15.917961564910096,-217.640554450727,0.0,9.187686154697326,0.08999089151620865,0.0,0.0,-0.9959167242050171,0.11204666644334793,0.0,0.0,-0.9937028288841248,-0.0538809944930313
15.449984013747121,-214.86665757200575,0.0,9.18226620118852,0.08944278210401535,0.0,0.0,-0.9959673285484314,0.11060301959514618,0.0,0.0,-0.9938645362854004,-0.40986982374881314
14.983529815529698,-212.0923498866645,0.0,9.17278381638173,0.08897647261619568,0.0,0.0,-0.9960105419158936,0.10922420769929886,0.0,0.0,-0.9940170645713806,-0.05340208616945602
14.518249866424018,-209.31901744022312,0.0,9.158642410467378,0.08858783543109894,0.0,0.0,-0.996046781539917,0.10791205614805222,0.0,0.0,-0.9941604137420654,-0.4091556113288964
14.053829858464365,-206.54823428265397,0.0,9.139245393635903,0.08827194571495056,0.0,0.0,-0.9960764646530151,0.10666816681623459,0.0,0.0,-0.9942946434020996,-0.052422438854735076
13.589993527659619,-203.78176371581043,0.0,9.113996176077736,0.08802313357591629,0.0,0.0,-0.9961001873016357,0.10549409687519073,0.0,0.0,-0.9944199323654175,-0.4078803983209081
13.126506421664422,-201.02155955350935,0.0,9.082298167983307,0.08783495426177979,0.0,0.0,-0.996118426322937,0.10439116507768631,0.0,0.0,-0.994536280632019,-0.05082152935501649
12.6631801602768,-198.26976738779217,0.0,9.043554779543047,0.08770011365413666,0.0,0.0,-0.9961318373680115,0.1033606007695198,0.0,0.0,-0.9946439862251282,-0.40592366153099596
12.199877155101932,-195.52872585394215,0.0,8.997169420947394,0.08761044591665268,0.0,0.0,-0.9961411952972412,0.10240332782268524,0.0,0.0,-0.9947429895401001,-0.04847883447644813
11.736515747203537,-192.80096788591675,0.0,8.942545502386746,0.08755689114332199,0.0,0.0,-0.9961472153663635,0.10152024775743484,0.0,0.0,-0.9948334693908691,-0.40316487776530674
11.273075713481123,-190.08922195282233,0.0,8.879086434051583,0.08752947300672531,0.0,0.0,-0.9961508512496948,0.10071194916963577,0.0,0.0,-0.9949156641960144,-0.04527383102517729
10.809604083957147,-187.39641326606704,0.0,8.80619562613232,0.08751718699932098,0.0,0.0,-0.9961529970169067,0.09997885674238205,0.0,0.0,-0.9949895739555359,-0.39948352382999036
10.346221203195116,-184.72566494578393,0.0,8.72327648881938,0.08750800788402557,0.0,0.0,-0.99615478515625,0.09932074695825577,0.0,0.0,-0.9950512647628784,-0.041085995807352005
9.883126959791035,-182.08029913402396,0.0,8.629732432303202,0.08748879283666611,0.0,0.0,-0.9961573481559753,0.09873650223016739,0.0,0.0,-0.9951062798500061,-0.3947590765311935
9.420598947533724,-179.46376473766185,0.0,8.5252072634511,0.08744532614946365,0.0,0.0,-0.996161937713623,0.09821818768978119,0.0,0.0,-0.9951553344726562,-0.035806946875427625
8.959446615404296,-176.87929776127208,0.0,8.410629304328152,0.08736331015825272,0.0,0.0,-0.9961698055267334,0.09775207936763763,0.0,0.0,-0.9951996207237244,-0.3889723109189235
8.501383209124654,-174.32982946804944,0.0,8.287354149119828,0.08723042905330658,0.0,0.0,-0.9961820244789124,0.09732498973608017,0.0,0.0,-0.9952402710914612,-0.02958092893561326
8.048071880467658,-171.81788314222302,0.0,8.156737679980047,0.08703630417585373,0.0,0.0,-0.9961994290351868,0.09692491590976715,0.0,0.0,-0.9952784180641174,-0.3823755195482275
7.60100330525378,-169.34555873336782,0.0,8.020135779062741,0.0867723822593689,0.0,0.0,-0.9962226748466492,0.0965409055352211,0.0,0.0,-0.9953149557113647,-0.022681843030698756
7.161490300450336,-166.91452997347147,0.0,7.878904328521871,0.08643177151679993,0.0,0.0,-0.9962522387504578,0.09616319090127945,0.0,0.0,-0.9953508377075195,-0.3752426180057594
6.730665713316424,-164.52604198181783,0.0,7.734399210511379,0.08600907772779465,0.0,0.0,-0.996288537979126,0.09578295052051544,0.0,0.0,-0.9953868389129639,-0.015383604747340462
6.309483281994003,-162.18090932861645,0.0,7.587976307185162,0.0855003148317337,0.0,0.0,-0.9963316917419434,0.09539232403039932,0.0,0.0,-0.9954236745834351,-0.36784752187817277
5.898721152937611,-159.87951452432722,0.0,7.440991500697271,0.08490271866321564,0.0,0.0,-0.9963817596435547,0.09498430043458939,0.0,0.0,-0.9954618811607361,-0.00796012967219445
5.498987737046003,-157.6218068989447,0.0,7.294800673201602,0.08421458303928375,0.0,0.0,-0.9964386820793152,0.09455271810293198,0.0,0.0,-0.9955019950866699,-0.3604641467521289
5.11072959253008,-155.40730183398406,0.0,7.150759706852101,0.08343521505594254,0.0,0.0,-0.9965023398399353,0.09409215301275253,0.0,0.0,-0.99554443359375,-0.0006853333919166205
4.734241037621428,-153.23508030951183,0.0,7.010224483802723,0.08256472647190094,0.0,0.0,-0.9965724349021912,0.09359785914421082,0.0,0.0,-0.9955896139144897,-0.3533664082142815
4.36967521935729,-151.10378872910857,0.0,6.874550886207406,0.08160385489463806,0.0,0.0,-0.9966487288475037,0.09306563436985016,0.0,0.0,-0.995637834072113,0.006166868506836731
4.017056395081582,-149.01163898714756,0.0,6.745094796220058,0.08055384457111359,0.0,0.0,-0.9967307448387146,0.09249178320169449,0.0,0.0,-0.9956892132759094,-0.34682822185128404
3.6762932201898875,-146.95640874497556,0.0,6.623212095994719,0.07941634953022003,0.0,0.0,-0.9968180656433105,0.09187349677085876,0.0,0.0,-0.99574875831604,0.012322560437409313
3.3471928783629363,-144.9354418856034,0.0,6.510258667685289,0.07819311320781708,0.0,0.0,-0.9969102740287781,0.09120751917362213,0.0,0.0,-0.9958121180534363,-0.3411235032497976
3.029475938453198,-142.9456491200668,0.0,6.407590393445717,0.07688677310943604,0.0,0.0,-0.9970171451568604,0.09049118310213089,0.0,0.0,-0.9958793520927429,0.017507826813145277
2.722791874890279,-140.9835087228565,0.0,6.316563155429946,0.07549835741519928,0.0,0.0,-0.9971275329589844,0.08972213417291641,0.0,0.0,-0.9959505796432495,-0.33652616799647583
2.426771004540102,-139.04530438935612,0.0,6.237770155818286,0.07402940094470978,0.0,0.0,-0.997241199016571,0.08889821171760559,0.0,0.0,-0.9960261583328247,0.021487271237976613
2.141219704079401,-137.1283703759617,0.0,6.167802678287644,0.07248134166002274,0.0,0.0,-0.9973576664924622,0.08801736682653427,0.0,0.0,-0.9961056709289551,-0.3329924570100798
1.8661659261810124,-135.2315006022965,0.0,6.101943926830069,0.07085538655519485,0.0,0.0,-0.9974768161773682,0.08707793056964874,0.0,0.0,-0.996189534664154,0.02481347080654095
1.6018345710608608,-133.35495107834146,0.0,6.035476366422515,0.06915243715047836,0.0,0.0,-0.9975981116294861,0.08607851713895798,0.0,0.0,-0.9962774515151978,-0.32963550951474874
1.3486184641266423,-131.5004413978114,0.0,5.963682462041965,0.06737315654754639,0.0,0.0,-0.9977213740348816,0.08501821011304855,0.0,0.0,-0.9963696002960205,0.028439425573235366
1.1070454072138967,-129.67115557658568,0.0,5.881844678665396,0.06551814079284668,0.0,0.0,-0.9978461265563965,0.08389651775360107,0.0,0.0,-0.9964656233787537,-0.32550228813209375
0.8777401644265371,-127.87172812423933,0.0,5.7852909996446495,0.0635877251625061,0.0,0.0,-0.9979718923568726,0.08271355926990509,0.0,0.0,-0.9965653419494629,0.03331587400862662
0.6612664910568509,-126.10724857721361,0.0,5.672548552540583,0.061582379043102264,0.0,0.0,-0.9980984926223755,0.08147000521421432,0.0,0.0,-0.9966685175895691,-0.3198082251470399
0.45792362797463887,-124.38162792777077,0.0,5.547392809615632,0.0595022514462471,0.0,0.0,-0.9982253313064575,0.08016692101955414,0.0,0.0,-0.9967749714851379,0.03963687112604841
0.26775601967932466,-122.69744605814648,0.0,5.414086353594568,0.057347290217876434,0.0,0.0,-0.9983519315719604,0.07880580425262451,0.0,0.0,-0.9968841671943665,-0.3130755758530468
0.09058626685747057,-121.0559512529423,0.0,5.276891767202196,0.055117104202508926,0.0,0.0,-0.9984779357910156,0.07738844305276871,0.0,0.0,-0.996995747089386,0.04656589064081468
-0.07394995767181956,-119.4570602340069,0.0,5.140071633163327,0.05281062424182892,0.0,0.0,-0.9986029267311096,0.07591664791107178,0.0,0.0,-0.9971094131469727,-0.3061654680733059
-0.22636782628386173,-117.89935864067246,0.0,5.007888534202768,0.050426263362169266,0.0,0.0,-0.998726487159729,0.07439232617616653,0.0,0.0,-0.997224748134613,0.05324180472973178
-0.367296679138165,-116.3801022312099,0.0,4.884603922222505,0.04796146973967552,0.0,0.0,-0.9988480806350708,0.07281722128391266,0.0,0.0,-0.9973413348197937,-0.2999389725187471
-0.49741572371365067,-114.89554073600246,0.0,4.773441590836839,0.045412950217723846,0.0,0.0,-0.9989673495292664,0.07119296491146088,0.0,0.0,-0.9974589347839355,0.05885606389062398
-0.6173519379692888,-113.44183806202741,0.0,4.674670039243528,0.042776066809892654,0.0,0.0,-0.999083936214447,0.0695209726691246,0.0,0.0,-0.9975771903991699,-0.29495051031706476
-0.7276630238647046,-112.01523562260212,0.0,4.588035132512576,0.040045566856861115,0.0,0.0,-0.999197244644165,0.06780236959457397,0.0,0.0,-0.9976957440376282,0.06323156423057105
-0.8288369125634873,-110.61205300292966,0.0,4.513282735713994,0.03721446171402931,0.0,0.0,-0.9993067383766174,0.0660381019115448,0.0,0.0,-0.9978142380714417,-0.29117513674137885
-0.9212914019171667,-109.22868854711646,0.0,4.450158713917791,0.034275103360414505,0.0,0.0,-0.999411940574646,0.0642288476228714,0.0,0.0,-0.9979326128959656,0.06641964613947024
-1.0053738388041762,-107.861619881065,0.0,4.398408932193973,0.031218012794852257,0.0,0.0,-0.9995121955871582,0.0623747818171978,0.0,0.0,-0.9980504512786865,-0.2885615114017921
-1.0813607718625442,-106.50740438401996,0.0,4.357779255612541,-0.028032511472702026,0.0,0.0,0.999606728553772,0.06047265976667404,0.0,0.0,-0.9981677532196045,0.06847165000721933
-1.1494181365043443,-105.16284868942968,0.0,4.327505322489641,-0.024703307077288628,0.0,0.0,0.9996946454048157,0.05851103737950325,0.0,0.0,-0.9982848763465881,-0.2870325248804335
-1.20912638933859,-103.82597066527744,0.0,4.304201522460989,-0.021217437461018562,0.0,0.0,0.999774694442749,0.05647454410791397,0.0,0.0,-0.9984023571014404,0.06964860960462599
-1.2596217257666564,-102.4962183734279,0.0,4.283642811344394,-0.017563030123710632,0.0,0.0,0.999845564365387,0.05434852093458176,0.0,0.0,-0.9985204935073853,-0.28599420613717114
-1.3000018751275484,-101.1743461999671,0.0,4.261603765297634,-0.013728674501180649,0.0,0.0,0.999905526638031,0.05211953446269035,0.0,0.0,-0.9986394643783569,0.07076169273830074
-1.329385308328599,-99.86240627352055,0.0,4.233858960478491,-0.009705035015940666,0.0,0.0,0.9999526739120483,0.0497753843665123,0.0,0.0,-0.9987592101097107,-0.2845929533685275
-1.3469744962461494,-98.56373880080747,0.0,4.196182973044722,-0.005484201014041901,0.0,0.0,0.9999847412109375,0.047303456813097,0.0,0.0,-0.9988794922828674,0.07266452038647084
-1.3521315304368804,-97.28270507856676,0.0,4.145170559947467,-0.0010606134310364723,0.0,0.0,0.9999992847442627,-0.04469924420118332,0.0,0.0,0.9989994764328003,-0.2820165688686661
-1.3444365805521528,-96.02338131256958,0.0,4.081604750013607,0.003569094929844141,0.0,0.0,0.9999935030937195,-0.041953928768634796,0.0,0.0,0.9991186261177063,0.07587491482757486
-1.3236869802917626,-94.78914340485005,0.0,4.007601999976738,0.008406359702348709,0.0,0.0,0.9999645948410034,-0.03906206041574478,0.0,0.0,0.9992359280586243,-0.2782790562405414
-1.289876588727247,-93.58266767243403,0.0,3.9252793304347118,0.01345064677298069,0.0,0.0,0.9999094009399414,-0.03602008894085884,0.0,0.0,0.9993502497673035,0.08003262541050546
-1.24316748215025,-92.40593419665153,0.0,3.8367537619853778,0.018699605017900467,0.0,0.0,0.9998250007629395,-0.03282610699534416,0.0,0.0,0.9994603395462036,-0.27380806793501944
-1.1838552011709707,-91.26023232638903,0.0,3.7441423152265556,0.0241494532674551,0.0,0.0,0.9997081756591797,-0.029479455202817917,0.0,0.0,0.9995646476745605,0.08470997120640553
-1.1123288394299817,-90.14616799720334,0.0,3.6495620107561617,0.0297950841486454,0.0,0.0,0.9995558857917786,-0.025980686768889427,0.0,0.0,0.9996618032455444,-0.2690312848809592
-1.029027235884991,-89.06367251898165,0.0,3.555129869172014,0.035630565136671066,0.0,0.0,0.9993649125099182,-0.022331196814775467,0.0,0.0,0.9997500777244568,0.08947927128641303
-0.9343924253739692,-88.01201250050833,0.0,3.4629629110719646,0.041649289429187775,0.0,0.0,0.9991321563720703,-0.018532976508140564,0.0,0.0,0.9998277425765991,-0.2643763880072193
-0.828821319752103,-86.98980061753689,0.0,3.375178157053864,0.04784471541643143,0.0,0.0,0.9988546371459961,-0.014588327147066593,0.0,0.0,0.9998931288719177,0.09391284472167061
-0.7126163427383486,-85.9950069893027,0.0,3.293892627715564,0.054210565984249115,0.0,0.0,0.9985293745994568,-0.010499469935894012,0.0,0.0,0.9999443888664246,-0.2602710582426587
-0.5859354340133195,-85.02497100426669,0.0,3.22122334365489,0.06074150651693344,0.0,0.0,0.9981533885002136,-0.0062682731077075005,0.0,0.0,0.9999797940254211,0.09758301058332083
-0.448742157181233,-84.07641799120073,0.0,3.15927243451438,0.06743382662534714,0.0,0.0,0.9977235794067383,-0.0018961085006594658,0.0,0.0,0.999997615814209,-0.2571422244476834
-0.3008151048450547,-83.14583617572303,0.0,3.108922717869318,0.074285589158535,0.0,0.0,0.9972368478775024,0.0026163668371737003,0.0,0.0,0.9999960064888,0.10012592556539465
-0.14183460717522545,-82.2301112913878,0.0,3.0689512185005476,0.08129694312810898,0.0,0.0,0.9966897368431091,0.007269110530614853,0.0,0.0,0.9999730587005615,-0.2551234618533011
0.028587526330830393,-81.3265858537595,0.0,3.037926005961719,0.08846994489431381,0.0,0.0,0.9960786700248718,0.012062594294548035,0.0,0.0,0.9999268054962158,0.10169285549159815
0.21088487138508483,-80.43305487024936,0.0,3.0144151498064824,0.09580861032009125,0.0,0.0,0.9953995943069458,0.016997572034597397,0.0,0.0,0.999855101108551,-0.25393604487576393
0.40551190535820103,-79.54776100118661,0.0,2.996986719588484,0.10331889986991882,0.0,0.0,0.9946480989456177,0.022075174376368523,0.0,0.0,0.9997559189796448,0.1025730792399819
0.6129179725815839,-78.66938915088657,0.0,2.9842087848613885,0.11100878566503525,0.0,0.0,0.9938192963600159,0.027296587824821472,0.0,0.0,0.9996269941329956,-0.2532906946370217
0.8335194846151783,-77.79706045663106,0.0,2.974649415178838,0.1188882440328598,0.0,0.0,0.9929075241088867,0.03266284614801407,0.0,0.0,0.999466061592102,0.10305587568859556
1.0676701602339695,-76.93032564148982,0.0,2.9668766800944844,0.12696921825408936,0.0,0.0,0.9919066429138184,0.038174670189619064,0.0,0.0,0.9992707371711731,-0.252898132259024
1.3156291560350926,-76.06915770322064,0.0,2.9594586491619794,0.13526572287082672,0.0,0.0,0.9908092021942139,0.04383267089724541,0.0,0.0,0.9990385174751282,0.10343052371548972
1.5775270326419666,-75.21394385709725,0.0,2.950963629012678,0.143793985247612,0.0,0.0,0.9896075129508972,0.049639683216810226,0.0,0.0,0.9987668395042419,-0.25246909083734215
1.853363004940768,-74.36548577920708,0.0,2.9403071540356236,0.15257206559181213,0.0,0.0,0.9882922172546387,0.05560380592942238,0.0,0.0,0.9984525442123413,0.10396872952241168
2.143081618548912,-73.52534576990446,0.0,2.9274472436742878,0.16161814332008362,0.0,0.0,0.9868531823158264,0.061735354363918304,0.0,0.0,0.9980921745300293,-0.25181960041505247
2.4465905442494718,-72.69532978418209,0.0,2.912536747728542,0.17094965279102325,0.0,0.0,0.9852795004844666,0.0680449977517128,0.0,0.0,0.9976818561553955,0.10472178487320691
2.763762872549542,-71.87714677628357,0.0,2.895728515998266,0.1805831342935562,0.0,0.0,0.9835594892501831,0.07454341650009155,0.0,0.0,0.9972172975540161,-0.2509706998226143
3.0944397381700366,-71.07240158764574,0.0,2.8771753982833324,0.1905340850353241,0.0,0.0,0.9816803336143494,0.08124139159917831,0.0,0.0,0.9966940879821777,0.10565881102042576
3.4384332553698993,-70.28259039830796,0.0,2.857030244383617,0.2008170485496521,0.0,0.0,0.9796285629272461,0.08814992010593414,0.0,0.0,0.9961069822311401,-0.2499532678074771
3.795529743482136,-69.50909741881092,0.0,2.835445904098988,0.21144528687000275,0.0,0.0,0.9773896932601929,0.09528016299009323,0.0,0.0,0.9954502582550049,0.10674892921661913
4.165493220823904,-68.7531927908738,0.0,2.812575227229336,0.22243055701255798,0.0,0.0,0.9749484062194824,0.10264300554990768,0.0,0.0,0.9947180151939392,-0.24879818311709065
4.548069144288556,-68.01603165644853,0.0,2.7885710635745307,0.2337827831506729,0.0,0.0,0.9722887873649597,0.11024932563304901,0.0,0.0,0.9939036965370178,0.1079612607143366
4.942988371392405,-67.29865434744319,0.0,2.7635862629344454,0.2455093115568161,0.0,0.0,0.9693940877914429,0.11810993403196335,0.0,0.0,0.9930002093315125,-0.24753632449890456
5.349971321356297,-66.60198764240641,0.0,2.737773675108959,0.25761404633522034,0.0,0.0,0.9662477374076843,0.1262354701757431,0.0,0.0,0.9919999837875366,0.10926492676612884
5.7687323119547305,-65.9268470317498,0.0,2.711286149897944,0.2700965404510498,0.0,0.0,0.962833046913147,0.13463586568832397,0.0,0.0,0.9908947944641113,-0.24619857070036844
6.198984049306243,-65.27393992971724,0.0,2.684276537101268,0.282951295375824,0.0,0.0,0.959134042263031,0.1433209776878357,0.0,0.0,0.9896758794784546,0.11062904862454684
6.64044224858065,-64.64386976910745,0.0,2.6568976865188256,0.2961667776107788,0.0,0.0,0.9551360607147217,0.1522996425628662,0.0,0.0,0.9883340001106262,-0.24481580046893198
7.092830364663412,-64.03714091383692,0.0,2.6293024479504843,0.30972492694854736,0.0,0.0,0.9508259296417236,0.16158008575439453,0.0,0.0,0.9868592023849487,0.11202274754213984
7.5558844132190135,-63.45416432461006,0.0,2.601643671196118,0.3236004710197449,0.0,0.0,0.946193516254425,0.17116978764533997,0.0,0.0,0.9852411150932312,-0.24341889255204477
8.029357864231262,-62.89526391433071,0.0,2.574074206055602,0.3377605676651001,0.0,0.0,0.9412318468093872,0.18107473850250244,0.0,0.0,0.9834688305854797,0.11341514477145884
8.513026592051283,-62.3606835322549,0.0,2.546746902328814,0.3521648943424225,0.0,0.0,0.9359378218650818,0.19130000472068787,0.0,0.0,0.9815311431884766,-0.2420387256971565
9.006693868165298,-61.85059451931078,0.0,2.519814609815618,0.36676549911499023,0.0,0.0,0.9303133487701416,0.2018490731716156,0.0,0.0,0.9794163107872009,0.1147753615650546
9.510195385323518,-61.365103781389365,0.0,2.4934301783159105,0.3815072774887085,0.0,0.0,0.924365758895874,0.2127237319946289,0.0,0.0,0.9771121144294739,-0.24070617865171676
10.023404304342284,-60.90426233269047,0.0,2.4677464576295574,0.3963289260864258,0.0,0.0,0.9181084036827087,0.22392410039901733,0.0,0.0,0.9746063351631165,0.1160725191754765
10.54623631776363,-60.46807426736806,0.0,2.4429162975564336,0.4111635386943817,0.0,0.0,0.9115614295005798,0.23544816672801971,0.0,0.0,0.9718866944313049,-0.23945213016317515
11.078654727652255,-60.05650612467573,0.0,2.4190925478964154,0.42594000697135925,0.0,0.0,0.9047513008117676,0.24729210138320923,0.0,0.0,0.9689407348632812,0.1172757388552754
11.620675538087044,-59.66949662055713,0.0,2.3964280584493776,0.44058406352996826,0.0,0.0,0.8977113366127014,0.2594497799873352,0.0,0.0,0.965756356716156,-0.2383074589789813
12.172372566381622,-59.3069667270897,0.0,2.3750756790151897,0.4550197720527649,0.0,0.0,0.8904812932014465,0.2719128727912903,0.0,0.0,0.9623215794563293,0.11835414185700203
12.733882359593494,-58.968830217606104,0.0,2.355187343835943,0.4691707491874695,0.0,0.0,0.8831074237823486,0.28467023372650146,0.0,0.0,0.9586251378059387,-0.2373029976062921
13.305392489292563,-58.65501319793803,0.0,2.336846937894325,0.4829612076282501,0.0,0.0,0.8756415843963623,0.2977003753185272,0.0,0.0,0.9546590447425842,0.1192804249853666
13.887112554392514,-58.365467880771014,0.0,2.3200245449890926,0.4963171184062958,0.0,0.0,0.8681411743164062,0.31094855070114136,0.0,0.0,0.9504265189170837,-0.23645338180299752
14.479008766296547,-58.09954817066017,0.0,2.3046794174803296,0.5091707706451416,0.0,0.0,0.8606653809547424,0.3243316113948822,0.0,0.0,0.9459431767463684,0.12005543142520311
15.080620785996787,-57.85557438293005,0.0,2.2907708077281166,0.5214681625366211,0.0,0.0,0.8532705903053284,0.337769478559494,0.0,0.0,0.9412285089492798,-0.23575092676500697
15.691487008525339,-57.63185502350885,0.0,2.2782579680925314,0.5331679582595825,0.0,0.0,0.8460091948509216,0.3511890470981598,0.0,0.0,0.9363042116165161,0.12068739302295993
16.311186148525046,-57.42678940765599,0.0,2.267100150933666,0.5442395210266113,0.0,0.0,0.8389296531677246,0.36452367901802063,0.0,0.0,0.9311937689781189,-0.23518740064587235
16.93933199403919,-57.23885794399865,0.0,2.257256608611595,0.5546610951423645,0.0,0.0,0.8320761322975159,0.3777132034301758,0.0,0.0,0.9259223937988281,0.12118454162508474
17.575568478891167,-57.06661302400867,0.0,2.248686593486402,0.5644184947013855,0.0,0.0,0.8254885673522949,0.39070430397987366,0.0,0.0,0.9205160140991211,-0.23475457159914545
18.21956504977947,-56.90867047158555,0.0,2.241349357918168,0.5735033750534058,0.0,0.0,0.8192030191421509,0.4034498333930969,0.0,0.0,0.915001392364502,0.12155510907802586
18.871012306292478,-56.76370151148294,0.0,2.235204154266976,0.5819122195243835,0.0,0.0,0.8132514953613281,0.41590866446495056,0.0,0.0,0.9094060063362122,-0.23444420777837818
19.52961789401709,-56.630425219148336,0.0,2.2302102348929056,0.5896448493003845,0.0,0.0,0.8076624870300293,0.4280450940132141,0.0,0.0,0.9037570953369141,0.12180732722823144
20.1951026327541,-56.50760141816476,0.0,2.2263268521560398,0.5967040061950684,0.0,0.0,0.8024612665176392,0.4398275911808014,0.0,0.0,0.89808189868927,-0.23424807733712233
20.86719686360489,-56.3940239948894,0.0,2.223513258416462,0.6030939221382141,0.0,0.0,0.7976700663566589,0.45123034715652466,0.0,0.0,0.8924072980880737,0.1219494279221495
21.545637000351782,-56.28851460309875,0.0,2.2217287060342517,0.6088199615478516,0.0,0.0,0.7933082580566406,0.462230384349823,0.0,0.0,0.8867596387863159,-0.2341579484289299
22.230162272103545,-56.189916734487845,0.0,2.220932447369492,0.6138885617256165,0.0,0.0,0.7893925905227661,0.4728086590766907,0.0,0.0,0.8811649084091187,0.12198964300622829
22.92051164564325,-56.09709013373691,0.0,2.2210837347822645,0.6183068752288818,0.0,0.0,0.785936713218689,0.4829493463039398,0.0,0.0,0.875648021697998,-0.23416558920735275
23.616420917342833,-56.00890553956156,0.0,2.22214182063265,0.622082531452179,0.0,0.0,0.7829517126083374,0.49263909459114075,0.0,0.0,0.8702335357666016,0.1219362043269159
24.31761996577871,-55.9242397357257,0.0,2.2240659572807315,0.6252234578132629,0.0,0.0,0.7804459929466248,0.5018668174743652,0.0,0.0,0.8649446964263916,-0.23426276782594274
25.023830157481267,-55.8419708984045,0.0,2.226815397086591,0.6277378797531128,0.0,0.0,0.7784250378608704,0.5106230974197388,0.0,0.0,0.8598044514656067,0.12179734373066038
25.734761899383276,-55.76097422857144,0.0,2.230349392410308,0.629634439945221,0.0,0.0,0.7768917679786682,0.5189000964164734,0.0,0.0,0.8548345565795898,-0.2344412524382517
26.45011233269003,-55.68011786023063,0.0,2.2346271956119668,0.6309221386909485,0.0,0.0,0.7758463621139526,0.5266912579536438,0.0,0.0,0.8500562906265259,0.12158129306390995
27.169563163918262,-55.598259037349315,0.0,2.239608059051648,0.6316079497337341,0.0,0.0,0.7752835154533386,0.5339908003807068,0.0,0.0,0.8454899787902832,-0.23469281119783156
27.892778629852593,-55.51424055425733,0.0,2.2452512350894342,0.6317062377929688,0.0,0.0,0.7752037644386292,0.5407933592796326,0.0,0.0,0.8411552906036377,0.12129628417311267
28.619403594118378,-55.426887456078,0.0,2.2515159760854084,0.6312239170074463,0.0,0.0,0.7755947709083557,0.5470937490463257,0.0,0.0,0.8370712995529175,-0.2350092122582343
29.349061773941248,-55.33500399744541,0.0,2.258361534399648,0.6301690340042114,0.0,0.0,0.7764420509338379,0.5528874397277832,0.0,0.0,0.8332559466362,0.12095054890471672
30.08135409648492,-55.23737085934562,0.0,2.2657471623922385,0.6285639405250549,0.0,0.0,0.7777450680732727,0.5581692457199097,0.0,0.0,0.829727053642273,-0.2353822237730116
30.81585718496547,-55.13274262539218,0.0,2.27363211242326,0.6264150142669678,0.0,0.0,0.7794793844223022,0.5629339218139648,0.0,0.0,0.8265018463134766,0.12055231910517018
31.552121975416085,-55.01984552022481,0.0,2.281975636852795,0.6237367391586304,0.0,0.0,0.7816260457038879,0.5671757459640503,0.0,0.0,0.8235967755317688,-0.23580361389571539
32.28967246570147,-54.897375413982864,0.0,2.290736988040925,0.6205452084541321,0.0,0.0,0.7841638326644897,0.5708884000778198,0.0,0.0,0.8210277557373047,0.12010982662092119
33.028004598946644,-54.76399609798036,0.0,2.2998754183477352,0.6168583035469055,0.0,0.0,0.7870687246322632,0.5740644335746765,0.0,0.0,0.8188100457191467,-0.23626515077989774
33.76658528417753,-54.618337837763924,0.0,2.3093501801333005,0.6126958131790161,0.0,0.0,0.790314257144928,0.5766963958740234,0.0,0.0,0.816958487033844,0.11963130329841791
34.504851557409786,-54.45899621070905,0.0,2.3191205257577074,0.608080267906189,0.0,0.0,0.7938719987869263,0.5787831544876099,0.0,0.0,0.8154813647270203,-0.2367586025791102
35.24220988696784,-54.28457352963826,0.0,2.329145707581036,0.6030358076095581,0.0,0.0,0.7977111339569092,0.580341100692749,0.0,0.0,0.8143734335899353,0.11912498098410838
35.978033038859635,-54.09439751583251,0.0,2.3393767197985915,0.5975860953330994,0.0,0.0,0.801802396774292,0.5813959240913391,0.0,0.0,0.8136207461357117,-0.23727532036787563
36.7116347185561,-53.88844833120287,0.0,2.3496839447038345,0.5917503833770752,0.0,0.0,0.806119441986084,0.581967830657959,0.0,0.0,0.8132059574127197,0.11860441406970218
37.44225655433642,-53.66674690746902,0.0,2.3598922395143793,0.5855439901351929,0.0,0.0,0.8106390237808228,0.5820830464363098,0.0,0.0,0.8131235241889954,-0.23779089081285265
38.169070203890065,-53.429339390209535,0.0,2.3698259471591485,0.5789791941642761,0.0,0.0,0.8153409957885742,0.581756591796875,0.0,0.0,0.8133555054664612,0.11810271166340071
38.89118039973579,-53.17630252662399,0.0,2.3793094105670733,0.5720646977424622,0.0,0.0,0.8202072978019714,0.5810062885284424,0.0,0.0,0.8138924837112427,-0.2382698536112327
39.60762878946224,-52.90774887536852,0.0,2.3881669726670864,0.5648065209388733,0.0,0.0,0.825222373008728,0.5798451900482178,0.0,0.0,0.8147208094596863,0.11765536004218795
40.31739858680019,-52.62383182500343,0.0,2.396222976388117,0.5572077631950378,0.0,0.0,0.8303723931312561,0.5782852172851562,0.0,0.0,0.8158293962478638,-0.23867672248603222
41.01942004505951,-52.32475040574495,0.0,2.4033017646590933,0.549268901348114,0.0,0.0,0.8356450796127319,0.5763370990753174,0.0,0.0,0.817207396030426,0.11729784548304772
41.712576758746266,-52.01075387776065,0.0,2.409227680408947,0.5409885048866272,0.0,0.0,0.8410294055938721,0.5740092396736145,0.0,0.0,0.8188444972038269,-0.23897601116026726
42.39571279223114,-51.68214607818767,0.0,2.4138250665666035,0.5323634147644043,0.0,0.0,0.846515417098999,0.5713088512420654,0.0,0.0,0.8207312822341919,0.11706565426296406
43.06764062617784,-51.33928950837557,0.0,2.416918266060996,0.5233888626098633,0.0,0.0,0.852093517780304,0.5682416558265686,0.0,0.0,0.8228582143783569,-0.23913223335695374
43.727149903027794,-50.98260914257687,0.0,2.418331621821052,0.5140592455863953,0.0,0.0,0.8577543497085571,0.5648119449615479,0.0,0.0,0.8252163529396057,0.11699427265892082
44.37301694219978,-50.61259593942197,0.0,2.417889476775703,0.5043683648109436,0.0,0.0,0.8634883165359497,0.5610228776931763,0.0,0.0,0.8277972340583801,-0.23910990279910785
45.00401498387133,-50.22981003798928,0.0,2.415416173853878,0.4943099021911621,0.0,0.0,0.8692854046821594,0.5568764209747314,0.0,0.0,0.8305926322937012,0.1171191869479019
45.61892510722127,-49.834883621141195,0.0,2.4107360559845037,0.4838782846927643,0.0,0.0,0.8751350045204163,0.5523732900619507,0.0,0.0,0.8335944414138794,-0.23887353320974553
46.21654775497689,-49.428523429982754,0.0,2.4036734660965147,0.4730692505836487,0.0,0.0,0.8810250759124756,0.5475135445594788,0.0,0.0,0.8367947340011597,0.11747588340689126
46.795714780996654,-49.01151291483794,0.0,2.3940527471188364,0.4618802070617676,0.0,0.0,0.8869421482086182,0.5422964692115784,0.0,0.0,0.8401854038238525,-0.238387638311883
47.35532489663817,-48.58469597125055,0.0,2.3817975360338153,0.45031145215034485,0.0,0.0,0.8928714394569397,0.5367208123207092,0.0,0.0,0.8437582850456238,0.11809483346169031
47.8944654549566,-48.14888216217076,0.0,2.367334221994934,0.43836644291877747,0.0,0.0,0.8987963199615479,0.5307842493057251,0.0,0.0,0.8475056290626526,-0.23765716790587887
48.41243680871444,-47.70480329766228,0.0,2.3512479376729383,0.4260523319244385,0.0,0.0,0.9046985507011414,0.5244839191436768,0.0,0.0,0.8514191508293152,0.11890727206381128
48.908734287290685,-47.25309745683123,0.0,2.3341238766023373,0.4133804738521576,0.0,0.0,0.9105585813522339,0.517816424369812,0.0,0.0,0.8554906845092773,-0.2367923163366566
49.38302794265008,-46.794294090037205,0.0,2.316547232317656,0.40036651492118835,0.0,0.0,0.9163551926612854,0.5107772946357727,0.0,0.0,0.8597121238708496,0.11979498137111841
49.83514025775655,-46.3288001985777,0.0,2.2991031983534063,0.3870309293270111,0.0,0.0,0.9220668077468872,0.5033611059188843,0.0,0.0,0.8640753030776978,-0.23591130452028033
50.265007799439154,-45.85690364629845,0.0,2.282300010182451,0.3733993172645569,0.0,0.0,0.9276707172393799,0.4955621361732483,0.0,0.0,0.8685716390609741,0.12064362723833837
50.67259059370939,-45.378845497899384,0.0,2.2662585845284102,0.3595021069049835,0.0,0.0,0.9331443309783936,0.4873737096786499,0.0,0.0,0.8731926083564758,-0.23510113150745
51.05784478079593,-44.89484485274299,0.0,2.2509782579819957,0.34537529945373535,0.0,0.0,0.9384645819664001,0.47879254817962646,0.0,0.0,0.877927303314209,0.1214153609022987
51.42072755743674,-44.40510009061421,0.0,2.236458323744704,0.33106040954589844,0.0,0.0,0.9436094164848328,0.46982675790786743,0.0,0.0,0.8827579021453857,-0.23436780149546554
51.761520212808044,-43.90980160694023,0.0,2.222698075018049,0.31660139560699463,0.0,0.0,0.9485585689544678,0.46049532294273376,0.0,0.0,0.8876613974571228,0.12211032295920045
52.08095388537161,-43.40913735425793,0.0,2.209696805003528,0.30204105377197266,0.0,0.0,0.9532949328422546,0.45081934332847595,0.0,0.0,0.8926146030426025,-0.23371117169675237
52.37975797732672,-42.903277405743005,0.0,2.197453806902641,0.2874201238155365,0.0,0.0,0.9578045606613159,0.4408210217952728,0.0,0.0,0.8975944519042969,0.12272865619661899
52.65862438614731,-42.392373567852445,0.0,2.1859683739168934,0.27277764678001404,0.0,0.0,0.9620770215988159,0.4305224120616913,0.0,0.0,0.9025793671607971,-0.23313109932373483
52.91820899524139,-41.87656031241669,0.0,2.175239799247784,0.2581501603126526,0.0,0.0,0.9661047458648682,0.4199466109275818,0.0,0.0,0.9075483083724976,0.12327050340212958
53.15913310927831,-41.35595567650038,0.0,2.1652673760968146,0.24357205629348755,0.0,0.0,0.9698827266693115,0.40911680459976196,0.0,0.0,0.9124816060066223,-0.2326274415888374
53.38198483693753,-40.830662131920796,0.0,2.1560503976654934,0.22907526791095734,0.0,0.0,0.973408579826355,0.3980564773082733,0.0,0.0,0.9173606038093567,0.12373600736330743
53.587320423773654,-40.30076742627851,0.0,2.14758815715532,0.2146892547607422,0.0,0.0,0.9766823649406433,0.38678956031799316,0.0,0.0,0.9221678376197815,-0.2322000557044852
53.77566553784122,-39.76634539731862,0.0,2.139879947767796,0.20044083893299103,0.0,0.0,0.9797057509422302,0.3753396272659302,0.0,0.0,0.9268872141838074,0.12412531086772785
53.947516510676365,-39.227456762397594,0.0,2.132925062704423,0.1863543689250946,0.0,0.0,0.9824824333190918,0.36372992396354675,0.0,0.0,0.9315043091773987,-0.23184879888310278
54.10334153618002,-38.684149884821025,0.0,2.126722795166705,0.1724516898393631,0.0,0.0,0.9850177764892578,0.35198405385017395,0.0,0.0,0.9360058903694153,0.12443855670296618
54.243581829915236,-38.136461518758594,0.0,2.1212724383561423,0.15875232219696045,0.0,0.0,0.9873182773590088,0.34012457728385925,0.0,0.0,0.9403802156448364,-0.23157352833711475
54.36865275128345,-37.5844175344422,0.0,2.1165732854742374,0.14527328312397003,0.0,0.0,0.9893913865089417,0.3281736671924591,0.0,0.0,0.9446173310279846,0.12467588765659772
54.478944891013775,-37.02803362531818,0.0,2.1126246297224958,0.13202914595603943,0.0,0.0,0.991245687007904,0.31615281105041504,0.0,0.0,0.9487082362174988,-0.23137410127894598
54.574825126368694,-36.46731599879114,0.0,2.109425764302417,0.1190325915813446,0.0,0.0,0.9928901195526123,0.30408257246017456,0.0,0.0,0.9526456594467163,0.12483744651619764
54.65663764643554,-35.902262052204335,0.0,2.1069759824155034,-0.10629405081272125,0.0,0.0,-0.9943344593048096,0.2919832468032837,0.0,0.0,0.9564234614372253,-0.23125037492102105
54.72470494985394,-35.332861035653096,0.0,2.1052745772632586,-0.09382205456495285,0.0,0.0,-0.9955887198448181,0.27987387776374817,0.0,0.0,0.9600368142127991,0.12492337606934133
54.779328817302456,-34.75909470323589,0.0,2.1043208420471835,-0.08162359148263931,0.0,0.0,-0.996662974357605,0.2677725553512573,0.0,0.0,0.9634820818901062,-0.23120220647576473
54.8207912610517,-34.180937954321095,0.0,2.104114069968782,-0.06970364600419998,0.0,0.0,-0.9975675344467163,0.25569629669189453,0.0,0.0,0.96675705909729,0.12493381910360403
54.849355453873734,-33.59835946640298,0.0,2.104653554229555,-0.05806595832109451,0.0,0.0,-0.9983125925064087,0.24366159737110138,0.0,0.0,0.9698602557182312,-0.23122945315560176
54.86526663958628,-33.011322321113035,0.0,2.1059385880310058,-0.046712685376405716,0.0,0.0,-0.9989082217216492,-0.23168517649173737,0.0,0.0,-0.9727907180786133,0.12486891840656107
54.868753027500375,-32.41978462493586,0.0,2.1079684645746357,-0.035644762217998505,0.0,0.0,-0.9993643760681152,-0.21977761387825012,0.0,0.0,-0.9755499362945557,-0.2313319721729568
54.860026673033936,-31.823700126184523,0.0,2.110742477061948,-0.02486223727464676,0.0,0.0,-0.9996906518936157,-0.20795407891273499,0.0,0.0,-0.9781385660171509,0.12472881676578773
54.839284346750716,-31.22301882979541,0.0,2.1142599186944433,-0.014364045113325119,0.0,0.0,-0.9998966455459595,-0.19622693955898285,0.0,0.0,-0.9805585741996765,-0.23150962074025455
54.806708394084275,-30.61768761147324,0.0,2.118520082673628,-0.004148181527853012,0.0,0.0,-0.999991238117218,-0.18460704386234283,0.0,0.0,-0.9828123450279236,0.1245136569688592
54.762467588009656,-30.007650832759,0.0,2.1235222622010004,0.005788062233477831,0.0,0.0,-0.9999830722808838,-0.17310501635074615,0.0,0.0,-0.9849033951759338,-0.23176225606991982
54.70671797693164,-29.392850958564964,0.0,2.129265750478064,0.015448030084371567,0.0,0.0,-0.9998804330825806,-0.16172967851161957,0.0,0.0,-0.9868351221084595,0.12422358180335094
54.63960373006738,-28.773229178740575,0.0,2.1357498407063207,0.024835634976625443,0.0,0.0,-0.999691367149353,-0.15048983693122864,0.0,0.0,-0.9886115193367004,-0.23208973537437724
54.56125798261421,-28.148726035248167,0.0,2.1429738260872733,0.03395524248480797,0.0,0.0,-0.9994231462478638,-0.13939295709133148,0.0,0.0,-0.9902370572090149,0.12385873405683819
54.47180368300864,-27.519282056528617,0.0,2.150936999822424,0.04281172901391983,0.0,0.0,-0.9990829229354858,-0.12844550609588623,0.0,0.0,-0.9917164444923401,-0.23249191586605153
54.37135444459832,-26.884838400641126,0.0,2.159638655113279,0.05140998214483261,0.0,0.0,-0.9986773133277893,-0.11765395104885101,0.0,0.0,-0.9930545687675476,0.12341925651689603
54.26001540407419,-26.245337508801306,0.0,2.169078085161333,0.05975545197725296,0.0,0.0,-0.9982128739356995,-0.10702349245548248,0.0,0.0,-0.9942563772201538,-0.2329686547573674
54.137884089030955,-25.600723770939613,0.0,2.1792545831680927,0.06785369664430618,0.0,0.0,-0.9976950883865356,-0.0965583547949791,0.0,0.0,-0.9953272342681885,0.12290529197110009
54.00505129705163,-24.950944204921036,0.0,2.1901674423350594,0.07571054995059967,0.0,0.0,-0.9971296787261963,-0.08626264333724976,0.0,0.0,-0.9962723851203918,-0.23351980926074956
53.861601988741874,-24.295949151094167,0.0,2.2018159558637365,0.08333206921815872,0.0,0.0,-0.9965218305587769,-0.07613950967788696,0.0,0.0,-0.9970971345901489,0.1223169832070255
53.70761619717421,-23.63569298386436,0.0,2.214199416955626,0.09072443842887878,0.0,0.0,-0.9958760738372803,-0.06619198620319366,0.0,0.0,-0.9978068470954895,-0.23414523658862274
53.54316995623282,-22.970134841988717,0.0,2.227317118812234,0.09789419919252396,0.0,0.0,-0.9951968193054199,-0.05642189085483551,0.0,0.0,-0.9984069466590881,0.12165447301224729
53.368336250397455,-22.299239379359307,0.0,2.2411683546350547,0.1048479825258255,0.0,0.0,-0.9944881796836853,-0.046831097453832626,0.0,0.0,-0.9989027380943298,-0.23484479395341168
53.183185988532365,-21.62297753801041,0.0,2.255752417625594,0.1115926057100296,0.0,0.0,-0.9937539100646973,-0.037420835345983505,0.0,0.0,-0.9992994070053101,0.12091790417434128
52.98778900430522,-20.94132734517917,0.0,2.271068600985355,0.11813503503799438,0.0,0.0,-0.9929974675178528,-0.02819203771650791,0.0,0.0,-0.9996023774147034,-0.235618338567541
52.78221508589598,-20.254274736232674,0.0,2.2871161979158394,0.12448233366012573,0.0,0.0,-0.9922217726707458,-0.01914503425359726,0.0,0.0,-0.9998165965080261,0.12010741948088245
52.566535037711475,-19.561814405335884,0.0,2.3038945016185512,0.1306416243314743,0.0,0.0,-0.9914295077323914,-0.01027990598231554,0.0,0.0,-0.9999470710754395,-0.23646572764343554
52.34082177687151,-18.86395068576154,0.0,2.3214028052949964,0.13662022352218628,0.0,0.0,-0.990623414516449,-0.001596551388502121,0.0,0.0,-0.9999985694885254,0.11922316171944583
52.10515146728469,-18.160698461774135,0.0,2.3396404021466664,0.14242535829544067,0.0,0.0,-0.9898054003715515,0.006905665155500174,0.0,0.0,-0.9999760389328003,-0.23738681839351988
51.85960469419969,-17.45208411409124,0.0,2.3586065853750697,0.14806431531906128,0.0,0.0,-0.9889776706695557,0.015227102674543858,0.0,0.0,-0.9998838901519775,0.11826527367760728
51.60426768215948,-16.738146500910652,0.0,2.378300648181708,0.15354441106319427,0.0,0.0,-0.988141655921936,0.02336883172392845,0.0,0.0,-0.9997267723083496,-0.2383814680302188
51.33923352903148,-16.01893789544792,0.0,2.3987221546469364,0.15887294709682465,0.0,0.0,-0.9872989058494568,0.031331971287727356,0.0,0.0,-0.9995088577270508,0.11723388446219173
51.06460299061245,-15.294523678334743,0.0,2.4198752386066285,0.16405712068080902,0.0,0.0,-0.9864506721496582,0.0391177274286747,0.0,0.0,-0.9992343783378601,-0.23944980560394064
50.7804853319652,-14.564982319081741,0.0,2.441767836185264,0.16910414397716522,0.0,0.0,-0.9855980277061462,0.046727653592824936,0.0,0.0,-0.9989075064659119,0.11612819771579598
50.48699962767823,-13.830406525145381,0.0,2.4644079992644325,0.17402109503746033,0.0,0.0,-0.9847416877746582,0.05416334420442581,0.0,0.0,-0.9985319375991821,-0.2405932481836966
50.18427615237195,-13.090904488616594,0.0,2.4878037797257493,0.17881499230861664,0.0,0.0,-0.9838825464248657,0.061428070068359375,0.0,0.0,-0.9981113076210022,0.11494659264199208
49.87242128833147,-12.346562175628012,0.0,2.511963229450818,0.18349258601665497,0.0,0.0,-0.9830209016799927,0.06852740794420242,0.0,0.0,-0.9976490139961243,-0.2418134224122354
49.55135392090158,-11.597268440977102,0.0,2.5368944003212426,0.18806001543998718,0.0,0.0,-0.9821573495864868,0.07546715438365936,0.0,0.0,-0.9971481561660767,0.11368744259803124
49.2209265383034,-10.842843960902568,0.0,2.562605344218631,0.1925225853919983,0.0,0.0,-0.9812923073768616,0.08225275576114655,0.0,0.0,-0.9966113567352295,-0.2431119549323055
48.88098941386109,-10.08310939514395,0.0,2.589104113024598,0.19688484072685242,0.0,0.0,-0.9804264307022095,0.08888934552669525,0.0,0.0,-0.9960412979125977,0.1123491209411642
48.53139100287903,-9.31788544700165,0.0,2.6163987586207296,0.20115074515342712,0.0,0.0,-0.9795600771903992,0.09538202732801437,0.0,0.0,-0.9954404830932617,-0.24449047238665558
48.171978319865005,-8.546992871698096,0.0,2.644497332888639,0.20532365143299103,0.0,0.0,-0.9786940217018127,0.10173523426055908,0.0,0.0,-0.9948112368583679,0.11093000102864353
47.802597344087836,-7.770252482194319,0.0,2.6734078877099345,0.20940634608268738,0.0,0.0,-0.9778285622596741,0.10795333981513977,0.0,0.0,-0.9941556453704834,-0.24595060141803415
47.42309345527716,-6.987485152244527,0.0,2.7031384749662193,0.2134011685848236,0.0,0.0,-0.97696453332901,0.114040307700634,0.0,0.0,-0.9934757351875305,0.10942845621772004
47.03331190133498,-6.198511816394807,0.0,2.7336971465390993,0.21730996668338776,0.0,0.0,-0.9761024713516235,0.12000016123056412,0.0,0.0,-0.9927735328674316,-0.2474939686691897
46.63309830004618,-5.403153466670554,0.0,2.7650919543101926,0.22113415598869324,0.0,0.0,-0.975243330001831,0.12583614885807037,0.0,0.0,-0.9920507669448853,0.10784285986564465
46.222299176860396,-4.60123114565451,0.0,2.7973309501610797,0.22487470507621765,0.0,0.0,-0.9743876457214355,0.13155151903629303,0.0,0.0,-0.9913090467453003,-0.2491222007828709
45.80076254092281,-3.7925659356505577,0.0,2.8304221859733794,0.22853225469589233,0.0,0.0,-0.9735362529754639,0.1371491402387619,0.0,0.0,-0.9905501008033752,0.10617158532966994
45.368338501630554,-2.976978943600115,0.0,2.864373713628697,0.23210714757442474,0.0,0.0,-0.9726901054382324,0.14263194799423218,0.0,0.0,-0.989775538444519,-0.25083692440182637
44.9248799281127,-2.154291281424093,0.0,2.8991935850086366,0.2355993539094925,0.0,0.0,-0.9718501567840576,0.1480022817850113,0.0,0.0,-0.9889867901802063,0.10441300596704675
44.47024315412907,-1.3243240414142796,0.0,2.9348898519948046,0.23900853097438812,0.0,0.0,-0.9710173606872559,0.1532624363899231,0.0,0.0,-0.9881853461265564,-0.25263976616880457
44.00428873101582,-0.4868982663084219,0.0,2.9714705664688195,0.24233408272266388,0.0,0.0,-0.9701927900314331,0.15841451287269592,0.0,0.0,-0.9873725175857544,0.10256549513502583
43.526882231412586,0.35816508636476607,0.0,3.0089437803122596,0.24557510018348694,0.0,0.0,-0.9693774580955505,0.16346034407615662,0.0,0.0,-0.9865496754646301,-0.25453235272655406
43.03789510664895,1.2110451860745364,0.0,3.0473175454067447,0.24873045086860657,0.0,0.0,-0.9685726165771484,0.16840139031410217,0.0,0.0,-0.9857183694839478,0.10062742619085988
42.537205604088676,2.0719213720218552,0.0,3.0865998933861754,0.25179868936538696,0.0,0.0,-0.9677794575691223,0.17323920130729675,0.0,0.0,-0.9848796725273132,-0.25651630969521216
42.024700692797204,2.9409716058125044,0.0,3.126793078883207,0.2547782063484192,0.0,0.0,-0.966999351978302,0.17797493934631348,0.0,0.0,-0.9840349555015564,0.09859746732737346
41.50027942717947,3.818368772451753,0.0,3.167885648335281,0.25766703486442566,0.0,0.0,-0.9662336111068726,0.1826094537973404,0.0,0.0,-0.9831854701042175,-0.2585916919907715
40.963854531160116,4.704280297856648,0.0,3.2098641594284727,0.26046308875083923,0.0,0.0,-0.9654837250709534,0.18714365363121033,0.0,0.0,-0.9823324680328369,0.09647734050448498
40.41535371386759,5.598868332108179,0.0,3.2527151698488703,0.26316386461257935,0.0,0.0,-0.9647510051727295,0.19157810509204865,0.0,0.0,-0.9814773201942444,-0.2607558844362461
39.85472103559998,6.502289941181517,0.0,3.296425237282517,0.2657669186592102,0.0,0.0,-0.9640372395515442,0.19591303169727325,0.0,0.0,-0.9806210994720459,0.09426976134116949
39.281918325438546,7.41469730747748,0.0,3.3409809194155025,0.26826971769332886,0.0,0.0,-0.9633437991142273,0.20014874637126923,0.0,0.0,-0.9797652363777161,-0.2630061714126595
38.69692665181976,8.33623793946218,0.0,3.386368773933898,0.2706697881221771,0.0,0.0,-0.9626721739768982,0.2042851597070694,0.0,0.0,-0.9789111614227295,0.09197744545640202
38.09974784731555,9.267054890712961,0.0,3.4325753585237773,0.27296480536460876,0.0,0.0,-0.9620239734649658,0.20832206308841705,0.0,0.0,-0.9780599474906921,-0.2653398373010373
37.49040608881873,10.207286988642382,0.0,3.479587230871216,0.27515262365341187,0.0,0.0,-0.9614004492759705,0.21225900948047638,0.0,0.0,-0.9772131443023682,0.0896031084691577
36.86894953424561,11.157069073190671,0.0,3.5273909486623034,0.2772314250469208,0.0,0.0,-0.9608030319213867,0.21609535813331604,0.0,0.0,-0.9763720035552979,-0.26775416648240535
36.2354520168264,12.116532245726647,0.0,3.5759730695830787,0.2791997194290161,0.0,0.0,-0.9602328538894653,0.21983017027378082,0.0,0.0,-0.9755380153656006,0.0871494659984115
35.59001479795767,13.085804128424785,0.0,3.6253201513196336,0.2810564637184143,0.0,0.0,-0.9596911072731018,0.2234625667333603,0.0,0.0,-0.9747124314308167,-0.2702464433377869
34.93276837955234,14.065009134322725,0.0,3.6754187515580408,0.2828010320663452,0.0,0.0,-0.9591785669326782,0.226991206407547,0.0,0.0,-0.9738967418670654,0.0846192336631384
34.26387437670851,15.054268748311681,0.0,3.7262554279843725,0.2844332754611969,0.0,0.0,-0.9586958289146423,0.23041455447673798,0.0,0.0,-0.9730925559997559,-0.2728139522482077
33.58352745147848,16.053701819240697,0.0,3.777816738284704,0.2859536111354828,0.0,0.0,-0.9582433700561523,0.23373083770275116,0.0,0.0,-0.9723012447357178,0.08201512708231357
32.89195730841934,17.0634248633346,0.0,3.8300892401451274,0.2873631715774536,0.0,0.0,-0.9578216075897217,0.23693819344043732,0.0,0.0,-0.9715245962142944,-0.2754539775946937
32.18943075253178,18.083552379098755,0.0,3.8830594912516796,0.2886611521244049,0.0,0.0,-0.9574225544929504,0.24003449082374573,0.0,0.0,-0.97076416015625,0.0793398618749119
31.476253810099813,19.11419717388309,0.0,3.93671404929045,0.2898530066013336,0.0,0.0,-0.957055926322937,0.2430173009634018,0.0,0.0,-0.9700217247009277,-0.278163803758268
30.75277391288344,20.155470702224573,0.0,3.9910394719475146,0.2909417152404785,0.0,0.0,-0.9567208886146545,0.245883971452713,0.0,0.0,-0.9692990183830261,0.07659615365990868
30.019382145988036,21.207483416127115,0.0,4.046022316908945,0.2919310927391052,0.0,0.0,-0.9564163684844971,0.24863150715827942,0.0,0.0,-0.968597948551178,-0.28094071511995644
29.276523122885017,22.270334317301803,0.0,4.101607354821391,0.2928258180618286,0.0,0.0,-0.95614093542099,0.2512567937374115,0.0,0.0,-0.9679203629493713,0.07378882851281546
28.5247558603732,23.344027905619882,0.0,4.1574150850178215,0.2936314046382904,0.0,0.0,-0.9558929204940796,0.25375691056251526,0.0,0.0,-0.9672678709030151,-0.2837592873520994
27.76478245807245,24.428437161522393,0.0,4.212914398370851,0.2943544387817383,0.0,0.0,-0.9556703567504883,0.2561325132846832,0.0,0.0,-0.9666415452957153,0.07098583288892513
26.997302337299686,25.52330584389578,0.0,4.267573325512324,0.29500216245651245,0.0,0.0,-0.9554710388183594,0.25838881731033325,0.0,0.0,-0.9660407900810242,-0.2865198392279314
26.222687481634527,26.628250905753294,0.0,4.320859897074066,0.29558128118515015,0.0,0.0,-0.955292820930481,0.26053157448768616,0.0,0.0,-0.9654651880264282,0.06829459190095838
25.44131584160222,27.742764783065784,0.0,4.372242143687902,0.2960977554321289,0.0,0.0,-0.9551339149475098,0.26256629824638367,0.0,0.0,-0.9649139046669006,-0.28911490218822616
24.6536529877598,28.866217534666692,0.0,4.421188095985656,0.2965569496154785,0.0,0.0,-0.9549927115440369,0.2644980549812317,0.0,0.0,-0.9643862247467041,0.06582257410814255
23.860250664399597,29.997858810294975,0.0,4.467165784599169,0.2969636023044586,0.0,0.0,-0.9548677206039429,0.26633164286613464,0.0,0.0,-0.9638814926147461,-0.29143700767375713
23.06174542401655,31.13681962357924,0.0,4.5096432401602335,0.29732197523117065,0.0,0.0,-0.954757571220398,0.268071711063385,0.0,0.0,-0.9633990526199341,0.06367724806970493
22.258857355628038,32.28211390712592,0.0,4.54808849330069,0.29763591289520264,0.0,0.0,-0.9546611905097961,0.2697226107120514,0.0,0.0,-0.9629381895065308,-0.29337868712529536
21.452388919945175,33.432639827880365,0.0,4.581969574652363,0.2979087829589844,0.0,0.0,-0.9545775055885315,0.2712884247303009,0.0,0.0,-0.9624981880187988,0.061966082344873
20.64322115921147,34.58718475926468,0.0,4.610770177506321,0.2981436550617218,0.0,0.0,-0.9545055627822876,0.2727730870246887,0.0,0.0,-0.9620784521102905,-0.2948332630270104
19.83217499950884,35.744622713519895,0.0,4.634762704760264,0.2983432114124298,0.0,0.0,-0.9544445276260376,0.27418020367622375,0.0,0.0,-0.9616783261299133,0.06075433854416881
19.01981329513907,36.90419656886774,0.0,4.65536231362872,0.2985098361968994,0.0,0.0,-0.9543936252593994,0.27551335096359253,0.0,0.0,-0.9612972140312195,-0.295873647313296
18.20642915125234,38.06553480200023,0.0,4.674073699056698,0.2986457049846649,0.0,0.0,-0.9543523192405701,0.2767758071422577,0.0,0.0,-0.9609344601631165,0.05980931907810927
17.392049784010318,39.228646264688464,0.0,4.692401555989226,0.2987527549266815,0.0,0.0,-0.9543198943138123,0.2779706120491028,0.0,0.0,-0.9605894684791565,-0.2967992966533227
16.576440114618244,40.393915554722604,0.0,4.71185057937133,0.2988326847553253,0.0,0.0,-0.9542959332466125,0.27910080552101135,0.0,0.0,-0.9602616429328918,0.05882704516992224
15.759106085856413,41.56209900331183,0.0,4.73392546414803,0.2988869845867157,0.0,0.0,-0.9542798399925232,0.2801690995693207,0.0,0.0,-0.9599505662918091,-0.29791418982386314
14.939297697119837,42.734321292175586,0.0,4.760130905264352,0.2989169955253601,0.0,0.0,-0.9542713165283203,0.28117817640304565,0.0,0.0,-0.9596553444862366,0.057503538042835284
14.116011759120658,43.91207270930254,0.0,4.791971597665329,0.29892393946647644,0.0,0.0,-0.9542698860168457,0.28213050961494446,0.0,0.0,-0.95937579870224,-0.29952230560169024
13.28799437236366,45.097207052719824,0.0,4.830952236295964,0.2989088296890259,0.0,0.0,-0.9542752504348755,0.28302839398384094,0.0,0.0,-0.9591112732887268,0.05553481892007592
12.45374357571061,46.2919395642759,0.0,4.878574930656753,0.29887253046035767,0.0,0.0,-0.9542871713638306,0.2838740050792694,0.0,0.0,-0.9588614106178284,-0.30192749218556847
11.61167199541058,47.498615810661406,0.0,4.935398793299813,0.2988158166408539,0.0,0.0,-0.9543054699897766,0.2846693694591522,0.0,0.0,-0.9586256146430969,0.05266492686739613
10.760505089948202,48.71914199081673,0.0,4.9996407723703875,0.29873934388160706,0.0,0.0,-0.9543299078941345,0.28541645407676697,0.0,0.0,-0.958403468132019,-0.30517203658307224
9.899337438517836,49.954903744990425,0.0,5.069160361177632,0.29864364862442017,0.0,0.0,-0.95436030626297,0.2861170172691345,0.0,0.0,-0.9581945538520813,0.049153836523595895
9.027628000839796,51.20677195051485,0.0,5.141817053030728,0.2985292077064514,0.0,0.0,-0.9543964862823486,0.28677135705947876,0.0,0.0,-0.957994282245636,-0.3088415664746427
8.145195698252707,52.475107678485486,0.0,5.215470341238775,0.29839637875556946,0.0,0.0,-0.954438328742981,0.28738266229629517,0.0,0.0,-0.9578072428703308,0.04543397348278544
7.25221507164488,53.75976662322984,0.0,5.2879813542804115,0.29824548959732056,0.0,0.0,-0.9544857144355774,0.28795236349105835,0.0,0.0,-0.9576330184936523,-0.312503738850483
6.3491153231750355,55.060242279553925,0.0,5.357788956753199,0.2980768084526062,0.0,0.0,-0.9545385837554932,0.288481742143631,0.0,0.0,-0.9574711918830872,0.04190833699426083
5.436338069463543,56.376013310483906,0.0,5.424758860747375,0.2978905737400055,0.0,0.0,-0.9545968770980835,0.2889721095561981,0.0,0.0,-0.9573214054107666,-0.3158860572340273
4.514300987361384,57.706595603540315,0.0,5.488973185692157,0.29768699407577515,0.0,0.0,-0.9546604752540588,0.2894246578216553,0.0,0.0,-0.9571832418441772,0.03866518926977691
3.583398132967737,59.05154163753375,0.0,5.550514051016767,0.29746630787849426,0.0,0.0,-0.9547292590141296,0.28984054923057556,0.0,0.0,-0.9570563435554504,-0.3189941817453712
2.6440002791449366,60.41043982324982,0.0,5.609463576150376,0.2972286641597748,0.0,0.0,-0.9548032879829407,0.29022082686424255,0.0,0.0,-0.9569404721260071,0.03568794052565527
1.6964552681631617,61.782913824430196,0.0,5.665903880522211,0.2969742715358734,0.0,0.0,-0.9548823833465576,0.29056641459465027,0.0,0.0,-0.9568352699279785,-0.32184470216819117
0.7410883762387943,63.16862186521659,0.0,5.719917083561487,0.2967032492160797,0.0,0.0,-0.9549665451049805,0.29087838530540466,0.0,0.0,-0.9567403793334961,0.03296000097821711
-0.22179731316973683,64.5672560300265,0.0,5.771585304697409,0.296415776014328,0.0,0.0,-0.9550557136535645,0.2911575734615326,0.0,0.0,-0.9566556215286255,-0.324454208286167
-1.1919205303333302,65.97854156161081,0.0,5.820990663359186,0.29611197113990784,0.0,0.0,-0.95514976978302,0.2914048731327057,0.0,0.0,-0.956580638885498,0.030464780843783845
-2.169021437376101,67.40223616278287,0.0,5.868215278976046,0.2957920432090759,0.0,0.0,-0.9552486538887024,0.2916211187839508,0.0,0.0,-0.9565151929855347,-0.32683928988297806
-3.152861246323488,68.83812930708285,0.0,5.913341270977163,0.2954561114311218,0.0,0.0,-0.9553523659706116,0.2918069660663605,0.0,0.0,-0.9564590454101562,0.028185690338676905
-4.143221839722969,70.28604156340059,0.0,5.956450758791765,0.29510438442230225,0.0,0.0,-0.955460786819458,0.29196327924728394,0.0,0.0,-0.9564119577407837,-0.3290165367423014
-5.139905396345022,71.74582393931335,0.0,5.997625861849059,0.2947370111942291,0.0,0.0,-0.9555738568305969,0.2920907139778137,0.0,0.0,-0.9563736915588379,0.026106139679217655
-6.142734024360887,73.21735724767181,0.0,6.036948699578255,0.2943541407585144,0.0,0.0,-0.9556915760040283,0.29218989610671997,0.0,0.0,-0.9563441276550293,-0.33100253864781637
-7.151549404252019,74.7005515006991,0.0,6.074501391408562,0.29395604133605957,0.0,0.0,-0.9558137059211731,0.29226160049438477,0.0,0.0,-0.956322968006134,0.02420953908172735
-8.166212443585273,76.19534533563206,0.0,6.1103660567692035,0.29354292154312134,0.0,0.0,-0.9559402465820312,0.2923063635826111,0.0,0.0,-0.9563100337982178,-0.3328138853832022
-9.186602945678922,77.70170547571556,0.0,6.144624815089362,0.29311496019363403,0.0,0.0,-0.956071138381958,0.29232481122016907,0.0,0.0,-0.9563051462173462,0.02247929876252741
-10.212619294032226,79.21962623008156,0.0,6.177359785798259,0.29267245531082153,0.0,0.0,-0.9562062621116638,0.29231756925582886,0.0,0.0,-0.9563080668449402,-0.3344671667321365
-11.244178154308866,80.74912903586957,0.0,6.2086530883251045,0.29221564531326294,0.0,0.0,-0.9563455581665039,0.29228514432907104,0.0,0.0,-0.9563186168670654,0.020898828937939318
-12.281214195524232,82.29026204568694,0.0,6.2385868420991075,0.29174476861953735,0.0,0.0,-0.956488847732544,0.29222819209098816,0.0,0.0,-0.9563366174697876,-0.3359789724782983
-13.323679831992878,83.84309976332253,0.0,6.267243166549477,0.29126015305519104,0.0,0.0,-0.9566360712051392,0.2921472191810608,0.0,0.0,-0.9563618898391724,0.019451539824284325
-14.371544987481617,85.40774273041689,0.0,6.294704181105423,0.2907620668411255,0.0,0.0,-0.956787109375,0.2920428514480591,0.0,0.0,-0.9563941955566406,-0.3373658924053663
-15.424796882916892,86.9843172666096,0.0,6.321052005196163,0.2902507483959198,0.0,0.0,-0.9569417834281921,0.29191553592681885,0.0,0.0,-0.9564334154129028,0.0181208416378833
-16.483439848899398,88.57297526550286,0.0,6.346368758250888,0.289726585149765,0.0,0.0,-0.9571000933647156,0.2917657494544983,0.0,0.0,-0.9564793705940247,-0.338644516297019
-17.54749516418977,90.17389404861589,0.0,6.370736559698817,0.2891899347305298,0.0,0.0,-0.9572618007659912,0.29159408807754517,0.0,0.0,-0.9565319418907166,0.01689014459505861
-18.61700092126075,91.78727627937263,0.0,6.394237528969158,0.288641095161438,0.0,0.0,-0.9574268460273743,0.29140111804008484,0.0,0.0,-0.9565908908843994,-0.33983143393693527
-19.69201191991499,93.41334993899625,0.0,6.416953785491119,0.2880804240703583,0.0,0.0,-0.9575951099395752,0.29118722677230835,0.0,0.0,-0.9566559791564941,0.015742858912131286
-20.772599589923704,95.05236836609807,0.0,6.438967448693915,0.2875082790851593,0.0,0.0,-0.9577664732933044,0.2909529507160187,0.0,0.0,-0.956727147102356,-0.3409432351087936
-21.85885194355766,96.7046103616057,0.0,6.460360638006758,0.286950021982193,0.0,0.0,-0.9579334259033203,0.29069891571998596,0.0,0.0,-0.9568041563034058,0.014662394805421974
-22.95087355885574,98.37038036062535,0.0,6.481215472858841,0.2864037752151489,0.0,0.0,-0.9580965638160706,0.29042544960975647,0.0,0.0,-0.956886887550354,-0.3419965095962725
-24.048785594401238,100.05000867271144,0.0,6.501614072679385,0.28586795926094055,0.0,0.0,-0.9582563042640686,0.29013317823410034,0.0,0.0,-0.9569751620292664,0.013632162491253041
-25.15272583637189,101.74385179201025,0.0,6.521638556897597,0.2853410840034485,0.0,0.0,-0.9584131240844727,0.289822518825531,0.0,0.0,-0.9570688009262085,-0.3430078471830509
-26.262848778564305,103.45229277864584,0.0,6.541371044942683,0.28482189774513245,0.0,0.0,-0.9585674405097961,0.28949397802352905,0.0,0.0,-0.9571676254272461,0.012635572185945743
-27.37932573610675,105.17574171274617,0.0,6.5608936562438585,0.2843092083930969,0.0,0.0,-0.9587195515632629,0.2891480624675751,0.0,0.0,-0.9572714567184448,-0.3439938376528073
-28.502344993539754,106.91463622246476,0.0,6.580288510230336,0.28380197286605835,0.0,0.0,-0.9588698148727417,0.28878527879714966,0.0,0.0,-0.9573801755905151,0.011656034105820612
-29.6321119879422,108.66944208737058,0.0,6.599637726331311,0.28329935669898987,0.0,0.0,-0.9590184092521667,0.2884060740470886,0.0,0.0,-0.9574936032295227,-0.3449710707892201
-30.76884952780033,110.44065391862816,0.0,6.619023423976,0.282800555229187,0.0,0.0,-0.959165632724762,0.28801101446151733,0.0,0.0,-0.9576115608215332,0.010676958467199904
-31.91279804831165,112.22879591741105,0.0,6.638527722593614,0.28230488300323486,0.0,0.0,-0.9593117237091064,0.2876005172729492,0.0,0.0,-0.9577338695526123,-0.3459561363759683
-33.0642159038462,114.03442271306932,0.0,6.658232741613359,0.2818116247653961,0.0,0.0,-0.9594568014144897,0.2871750593185425,0.0,0.0,-0.9578603506088257,0.009681755486404708
-34.22337969832427,115.85812028266476,0.0,6.678220600464446,0.2813203036785126,0.0,0.0,-0.9596009850502014,0.2867351472377777,0.0,0.0,-0.9579908847808838,-0.3469656241967302
-35.3905846543014,117.70050695357996,0.0,6.698573418576091,0.280830442905426,0.0,0.0,-0.9597445130348206,0.2862812876701355,0.0,0.0,-0.9581253528594971,0.008653835379755948
-36.566145021607916,119.56223449103922,0.0,6.719373315377489,0.2803415060043335,0.0,0.0,-0.9598875045776367,0.2858138084411621,0.0,0.0,-0.9582635760307312,-0.34801612403518467
-37.750394526446904,121.4439892725215,0.0,6.740702410297856,0.27985331416130066,0.0,0.0,-0.9600300192832947,0.2853333055973053,0.0,0.0,-0.9584053158760071,0.007576608363575821
-38.94368686192306,123.3464935512063,0.0,6.762642822766401,0.2793654203414917,0.0,0.0,-0.960172176361084,0.28484025597572327,0.0,0.0,-0.9585504531860352,-0.3491242256750102
-40.14639622105773,125.27050681078666,0.0,6.785276672212334,0.2788776457309723,0.0,0.0,-0.9603139758110046,0.28433501720428467,0.0,0.0,-0.9586988687515259,0.006433484654185251
-41.35891787343133,127.21682721418237,0.0,6.808686078064868,0.27838969230651855,0.0,0.0,-0.9604555368423462,0.28381818532943726,0.0,0.0,-0.9588504433631897,-0.3503065188998857
-42.58166878669591,129.18629314891902,0.0,6.832953159753211,0.277901291847229,0.0,0.0,-0.960597038269043,0.28330254554748535,0.0,0.0,-0.9590014219284058,0.005207874467905271
-43.81508829430441,131.1797848721769,0.0,6.858160036706565,0.39909297227859497,0.0,0.0,-0.9168984889984131,0.34422576427459717,0.0,0.0,-0.9388583898544312,-0.35157959349348933
