X,Y,Z,Speed,RotW,RotX,RotY,RotZ,HarsherRotW,HarsherRotX,HarsherRotY,HarsherRotZ,TireRot
-45.100000279753296,133.29999977803112,0.0,7.0446717867241535,0.2877257764339447,0.0,0.0,-0.9577128291130066,0.28680339455604553,0.0,0.0,-0.9579894542694092,-0.35579150438000773
-46.296990175339644,135.12041216943373,0.0,7.0446717867241535,0.28774017095565796,0.0,0.0,-0.957708477973938,0.2868119478225708,0.0,0.0,-0.9579868912696838,-0.0
-47.49840693200529,136.94612043717177,0.0,7.069468782637172,0.28776711225509644,0.0,0.0,-0.9577003121376038,0.2868284285068512,0.0,0.0,-0.9579819440841675,-0.3570438779109682
-48.704270206472444,138.7771804426501,0.0,7.094395525536631,0.28780487179756165,0.0,0.0,-0.9576889276504517,0.28685227036476135,0.0,0.0,-0.9579747915267944,-0.0012589264090636654
-49.91459769952233,140.61364579489322,0.0,7.1194409522053075,0.28785187005996704,0.0,0.0,-0.9576747417449951,0.2868829369544983,0.0,0.0,-0.9579655528068542,-0.35830879844979024
-51.12940515284183,142.45556787037344,0.0,7.1445939994259895,0.287906676530838,0.0,0.0,-0.9576582312583923,0.2869197428226471,0.0,0.0,-0.9579545259475708,-0.0025292823293001088
-52.34870634594434,144.30299583225772,0.0,7.1698436039814615,0.28796806931495667,0.0,0.0,-0.957639753818512,0.2869620621204376,0.0,0.0,-0.9579417705535889,-0.35958403100309694
-53.572513093167586,146.15597664905457,0.0,7.195178702654502,0.2880348563194275,0.0,0.0,-0.9576196670532227,0.2870095372200012,0.0,0.0,-0.9579275250434875,-0.0038088327673324596
-54.80083524075027,148.01455511264237,0.0,7.220588232227899,0.2881060540676117,0.0,0.0,-0.9575982093811035,0.2870618402957916,0.0,0.0,-0.9579118490219116,-0.36086734057751096
-56.033680663990694,149.87877385566154,0.0,7.246061129484434,0.2881806790828705,0.0,0.0,-0.9575756788253784,0.28711819648742676,0.0,0.0,-0.9578949213027954,-0.005095342729783681
-57.2710552644895,151.74867336825076,0.0,7.271586331206895,0.288257896900177,0.0,0.0,-0.957552433013916,0.28717827796936035,0.0,0.0,-0.9578768610954285,-0.3621564921796554
-58.512962967478984,153.6242920141078,0.0,7.297152774178062,0.28833693265914917,0.0,0.0,-0.9575285911560059,0.28724178671836853,0.0,0.0,-0.9578577280044556,-0.006386577223276957
-59.759405719242636,155.50566604585498,0.0,7.322749395180719,0.2884170711040497,0.0,0.0,-0.9575044512748718,0.28730812668800354,0.0,0.0,-0.9578378200531006,-0.36344925081615326
-61.01038348462613,157.3928296196908,0.0,7.348365130997652,0.288497656583786,0.0,0.0,-0.9574801921844482,0.2873769998550415,0.0,0.0,-0.9578170776367188,-0.007680301254435196
-62.26589424464381,159.28581480930384,0.0,7.373988918411641,0.2885780930519104,0.0,0.0,-0.9574558734893799,0.287447988986969,0.0,0.0,-0.9577957391738892,-0.36474338149362745
-63.525933994182886,161.1846516190328,0.0,7.3996096942054725,0.28865790367126465,0.0,0.0,-0.9574317932128906,0.2875208258628845,0.0,0.0,-0.9577738642692566,-0.008974279829881249
-64.79049673980822,163.08936799624792,0.0,7.4252163951619305,0.28873661160469055,0.0,0.0,-0.95740807056427,0.28759512305259705,0.0,0.0,-0.9577515125274658,-0.3660366492187011
-66.05957449767068,164.99998984293495,0.0,7.450797958063796,0.2888137102127075,0.0,0.0,-0.9573847651481628,0.28767046332359314,0.0,0.0,-0.9577288627624512,-0.010266277956238079
-67.33315729152206,166.91654102645916,0.0,7.476343319693858,0.2888888716697693,0.0,0.0,-0.9573621153831482,0.2877466082572937,0.0,0.0,-0.9577059745788574,-0.36732681899799713
-68.61123315083908,168.83904338948884,0.0,7.5018414168348935,0.2889616787433624,0.0,0.0,-0.9573401808738708,0.287823349237442,0.0,0.0,-0.9576829075813293,-0.01155406064012876
-69.89378810906015,170.7675167590562,0.0,7.527281186269695,0.2890318036079407,0.0,0.0,-0.9573189616203308,0.28790023922920227,0.0,0.0,-0.9576597213745117,-0.36861165583813865
-71.18080620193709,172.70197895473413,0.0,7.552651564781037,0.28909891843795776,0.0,0.0,-0.9572986960411072,0.2879769802093506,0.0,0.0,-0.9576366543769836,-0.012835392888176311
-72.47226946600536,174.64244579590692,0.0,7.5779414891517085,0.2891627848148346,0.0,0.0,-0.9572794437408447,0.28805336356163025,0.0,0.0,-0.9576136469841003,-0.36988892474574836
-73.76815793717554,176.58893110811363,0.0,7.603139896164494,0.2892230749130249,0.0,0.0,-0.9572612047195435,0.28812921047210693,0.0,0.0,-0.9575907588005066,-0.014108039707003861
-75.06844964944905,178.54144672844143,0.0,7.628235722602172,0.28927960991859436,0.0,0.0,-0.9572441577911377,0.2882041335105896,0.0,0.0,-0.9575681686401367,-0.3711563907274492
-76.37312063376142,180.5000025099482,0.0,7.653217905247534,0.28933215141296387,0.0,0.0,-0.9572282433509827,0.2882779836654663,0.0,0.0,-0.9575458765029907,-0.015369766103234317
-77.68214491695569,182.46460632509206,0.0,7.678075380883356,0.2893804907798767,0.0,0.0,-0.9572136402130127,0.28835049271583557,0.0,0.0,-0.9575240015983582,-0.37241181878986446
-78.99549452088928,184.4352640681464,0.0,7.702797086292426,0.28942441940307617,0.0,0.0,-0.9572004079818726,0.2884213924407959,0.0,0.0,-0.9575026035308838,-0.016618337083490364
-80.31313946167712,186.41197965657813,0.0,7.727371958257528,0.28946375846862793,0.0,0.0,-0.9571885466575623,0.28849050402641296,0.0,0.0,-0.9574817419052124,-0.3736529739396171
-81.63504774907435,188.39475503136936,0.0,7.751788933561445,0.28949835896492004,0.0,0.0,-0.9571781158447266,0.28855764865875244,0.0,0.0,-0.9574614763259888,-0.017851517654395244
-82.96118538600071,190.38359015625986,0.0,7.776036948986961,0.2895280420780182,0.0,0.0,-0.9571691155433655,0.2886226773262024,0.0,0.0,-0.9574418663978577,-0.37487762118333007
-84.29151636821095,192.37848301588977,0.0,7.800104941316858,0.2895526885986328,0.0,0.0,-0.9571616649627686,0.2886851727962494,0.0,0.0,-0.9574229717254639,-0.019067072822571862
-85.62600268411272,194.3794296128224,0.0,7.823981847333924,0.289572149515152,0.0,0.0,-0.9571558237075806,0.2887451648712158,0.0,0.0,-0.9574048519134521,-0.37608352552762625
-86.96460431473582,196.38642396342593,0.0,7.847656603820938,0.2895863652229309,0.0,0.0,-0.9571515321731567,0.28880247473716736,0.0,0.0,-0.9573875665664673,-0.02026276759464335
-88.30727923385507,198.39945809259336,0.0,7.8711181475606855,0.2895951271057129,0.0,0.0,-0.9571489095687866,0.28885695338249207,0.0,0.0,-0.957371175289154,-0.37726845197912867
-89.65398340826992,200.41852202728342,0.0,7.894355415335951,0.28959837555885315,0.0,0.0,-0.9571479558944702,0.2889082729816437,0.0,0.0,-0.9573557376861572,-0.0214363669772325
-91.00467079824352,202.44360378885955,0.0,7.91735734392952,0.28959599137306213,0.0,0.0,-0.9571486711502075,0.2889563739299774,0.0,0.0,-0.9573412537574768,-0.3784301655444604
-92.35929335810357,204.47468938421096,0.0,7.940112870124172,0.2895878255367279,0.0,0.0,-0.9571511745452881,0.2890010476112366,0.0,0.0,-0.9573277831077576,-0.022585635976962393
-93.71780103700836,206.51176279563535,0.0,7.962610930702694,0.2895738482475281,0.0,0.0,-0.9571553468704224,0.2890421450138092,0.0,0.0,-0.9573153853416443,-0.37956643123024436
-95.08014177987954,208.5548059694661,0.0,7.9848404624478695,0.2895539700984955,0.0,0.0,-0.9571613073348999,0.2890795171260834,0.0,0.0,-0.9573041200637817,-0.023708339600456096
-96.44626152850508,210.60379880342668,0.0,8.006790402142482,0.2895281910896301,0.0,0.0,-0.9571691155433655,0.28911319375038147,0.0,0.0,-0.9572939872741699,-0.38067501404310355
-97.81610422281422,212.65871913269433,0.0,8.028449686569308,0.2894963026046753,0.0,0.0,-0.9571787118911743,0.28914299607276917,0.0,0.0,-0.9572849869728088,-0.024802242854336243
-99.18961180232743,214.71954271465793,0.0,8.049807252511144,0.28945836424827576,0.0,0.0,-0.9571901559829712,0.2891685962677002,0.0,0.0,-0.9572772979736328,-0.38175367898966095
-100.56672420778247,216.78624321235296,0.0,8.07085203675077,0.2894144058227539,0.0,0.0,-0.9572034478187561,0.28918999433517456,0.0,0.0,-0.9572708606719971,-0.025865110745226405
-101.94737938294041,218.85879217656074,0.0,8.091572976070962,0.28936442732810974,0.0,0.0,-0.957218587398529,0.2892071008682251,0.0,0.0,-0.9572657346725464,-0.38280019107653934
-103.33151327657205,220.9371590265544,0.0,8.111959007254512,0.2893085479736328,0.0,0.0,-0.9572354555130005,0.2892196476459503,0.0,0.0,-0.9572619795799255,-0.026894708279749102
-104.71905984462796,223.02131102948164,0.0,8.131999067084202,0.28924694657325745,0.0,0.0,-0.9572540521621704,0.28922760486602783,0.0,0.0,-0.9572595953941345,-0.3838123153103621
-106.10995105259335,225.1112132783686,0.0,8.151682092342813,0.28917980194091797,0.0,0.0,-0.957274317741394,0.2892308235168457,0.0,0.0,-0.9572586417198181,-0.02788880046452752
-107.50411687803002,227.20682866873494,0.0,8.170997019813136,0.2891073226928711,0.0,0.0,-0.9572961926460266,0.28922930359840393,0.0,0.0,-0.9572591185569763,-0.3847878166977521
-108.90148531330644,229.30811787380787,0.0,8.189932786277945,0.28902992606163025,0.0,0.0,-0.9573195576667786,0.28922298550605774,0.0,0.0,-0.9572610855102539,-0.028845152306184507
-110.30198236851835,231.41503931832557,0.0,8.208478328520028,0.28894785046577454,0.0,0.0,-0.9573442935943604,0.2892116606235504,0.0,0.0,-0.9572645425796509,-0.385724460245332
-111.70553207460055,233.52754915092046,0.0,8.22662258332217,0.28886160254478455,0.0,0.0,-0.9573702812194824,0.28919509053230286,0.0,0.0,-0.957269549369812,-0.029761528811343196
-113.1120564866317,235.64560121507472,0.0,8.244354487467152,0.28877174854278564,0.0,0.0,-0.9573974013328552,0.289173424243927,0.0,0.0,-0.9572761058807373,-0.3866200109597251
-114.52147568733301,237.7691470186398,0.0,8.261662977737762,0.2886788249015808,0.0,0.0,-0.9574254155158997,0.28914642333984375,0.0,0.0,-0.9572842121124268,-0.03063569498662655
-115.93370779076196,239.89813570191518,0.0,8.278536990916782,0.2885834574699402,0.0,0.0,-0.9574541449546814,0.2891140282154083,0.0,0.0,-0.9572940468788147,-0.38747223384755436
-117.34866905821197,242.0325141732922,0.0,8.294966120443718,0.2884863615036011,0.0,0.0,-0.9574834108352661,0.2890762984752655,0.0,0.0,-0.9573054313659668,-0.03146544900313847
-118.76627724699792,244.17223212506616,0.0,8.310959569398221,0.2883884012699127,0.0,0.0,-0.9575129151344299,0.2890329360961914,0.0,0.0,-0.9573185443878174,-0.3882799837947515
-120.18645545066775,246.3172478106128,0.0,8.326549038439353,0.288290411233902,0.0,0.0,-0.9575424194335938,0.2889840602874756,0.0,0.0,-0.9573333263397217,-0.03225279592440772
-121.6091323117774,248.46752836246282,0.0,8.341767465890415,0.28819337487220764,0.0,0.0,-0.9575716257095337,0.28892987966537476,0.0,0.0,-0.9573496580123901,-0.3890485912417748
-123.03424202310775,250.62302821828294,0.0,8.356647790074714,0.2880982756614685,0.0,0.0,-0.9576002359390259,0.28887122869491577,0.0,0.0,-0.9573673605918884,-0.03300432744886722
-124.46172432845427,252.78359261553328,0.0,8.371222949315563,0.288006067276001,0.0,0.0,-0.9576279520988464,0.28880855441093445,0.0,0.0,-0.9573862552642822,-0.38978471039535306
-125.89152452298447,254.94903420669272,0.0,8.38552588193627,0.2879176437854767,0.0,0.0,-0.957654595375061,0.2887428402900696,0.0,0.0,-0.9574060440063477,-0.033726697783246384
-127.3235934531566,257.11917271183245,0.0,8.39958952626014,0.2878337800502777,0.0,0.0,-0.957679808139801,0.28867483139038086,0.0,0.0,-0.9574264883995056,-0.39049499546221517
-128.75788751619498,259.29383500218523,0.0,8.413446820610485,0.28775519132614136,0.0,0.0,-0.9577034711837769,0.2886050343513489,0.0,0.0,-0.9574474692344666,-0.03442656113427395
-130.19436865911598,261.4728551448955,0.0,8.427130703310613,0.28768256306648254,0.0,0.0,-0.9577252864837646,0.2885344326496124,0.0,0.0,-0.9574687480926514,-0.3911861006490903
-131.6330043772998,263.656074440782,0.0,8.44067411268383,0.28761640191078186,0.0,0.0,-0.9577451348304749,0.28846314549446106,0.0,0.0,-0.9574902057647705,-0.03511057170867887
-133.07376771260328,265.8433414550247,0.0,8.454109987053448,0.2875572741031647,0.0,0.0,-0.9577628970146179,0.2883923351764679,0.0,0.0,-0.9575115442276001,-0.39186468016270737
-134.51663725100815,268.0345120406884,0.0,8.467471264742771,0.2875056564807892,0.0,0.0,-0.9577783942222595,0.2883220613002777,0.0,0.0,-0.9575327038764954,-0.03578538371319012
-135.96159711980036,270.22944935499623,0.0,8.480790884075113,0.2874620258808136,0.0,0.0,-0.9577915072441101,0.2882533371448517,0.0,0.0,-0.9575533866882324,-0.39253738820979533
-137.40863698427546,272.4280238682719,0.0,8.494101783373777,0.28742673993110657,0.0,0.0,-0.9578021168708801,0.2881864011287689,0.0,0.0,-0.9575735330581665,-0.036457651354536824
-138.85775204396393,274.63011336546566,0.0,8.507436900962073,0.2874002158641815,0.0,0.0,-0.95781010389328,0.28812167048454285,0.0,0.0,-0.9575929641723633,-0.393210878997083
-140.30894302837373,276.83560294018304,0.0,8.520829175163314,0.28738272190093994,0.0,0.0,-0.957815408706665,0.28805971145629883,0.0,0.0,-0.957611620426178,-0.037134028839448
-141.76221619224225,279.04438498113313,0.0,8.534311544300802,0.2873745560646057,0.0,0.0,-0.9578178524971008,0.28800103068351746,0.0,0.0,-0.9576292634010315,-0.3938918067312996
-143.21758331029366,281.2563591509127,0.0,8.547916946697846,0.28737616539001465,0.0,0.0,-0.9578173756599426,0.2879459857940674,0.0,0.0,-0.9576457738876343,-0.03782117037465221
-144.67506167149637,283.47143235704175,0.0,8.561678320677757,0.2873876988887787,0.0,0.0,-0.9578139185905457,0.2878950834274292,0.0,0.0,-0.9576610326766968,-0.3945868256191739
-146.13467407281362,285.6895187151615,0.0,8.575628604563844,0.2874094247817993,0.0,0.0,-0.9578074216842651,0.2878487706184387,0.0,0.0,-0.9576749801635742,-0.038525730166878824
-147.59644881244233,287.91053950430745,0.0,8.589800736679415,0.28744158148765564,0.0,0.0,-0.9577977657318115,0.2878071367740631,0.0,0.0,-0.957687497138977,-0.39530258986743505
-149.0604196825327,290.1344231141618,0.0,8.604227655347774,0.287484347820282,0.0,0.0,-0.9577849507331848,0.2877708077430725,0.0,0.0,-0.957698404788971,-0.03925436242285657
-150.52662595994306,292.36110498200225,0.0,8.618942290427979,0.2875378727912903,0.0,0.0,-0.9577688574790955,0.28774020075798035,0.0,0.0,-0.9577076435089111,-0.39604575325532415
-151.99510421149603,294.59051509745143,0.0,8.63392943509133,0.28760233521461487,0.0,0.0,-0.9577494859695435,0.2877153754234314,0.0,0.0,-0.9577150940895081,-0.04001128892100564
-153.46586087475077,296.8225363611226,0.0,8.649012627938392,0.28767770528793335,0.0,0.0,-0.9577268362045288,0.28769686818122864,0.0,0.0,-0.9577206969261169,-0.39680753067184243
-154.93886655178835,299.0569959915449,0.0,8.66398167963108,0.28776392340660095,0.0,0.0,-0.9577009677886963,0.28768497705459595,0.0,0.0,-0.9577242732048035,-0.04076730163275755
-156.41405604543226,301.29366570174403,0.0,8.6786264008313,0.28786057233810425,0.0,0.0,-0.9576718807220459,0.2876798212528229,0.0,0.0,-0.9577258229255676,-0.39754716305569193
-157.89132839876623,303.5322619268106,0.0,8.69273660220095,0.2879672348499298,0.0,0.0,-0.9576398134231567,0.2876819372177124,0.0,0.0,-0.9577252268791199,-0.041479938065568156
-159.37054693797597,305.7724461029876,0.0,8.70610209440194,0.2880830764770508,0.0,0.0,-0.9576049447059631,0.28769129514694214,0.0,0.0,-0.9577224850654602,-0.3982221879143278
-160.85153931853205,308.01382499873193,0.0,8.71851268809618,0.2882070243358612,0.0,0.0,-0.957567572593689,0.28770846128463745,0.0,0.0,-0.9577173590660095,-0.042106735726893385
-162.3340975747205,310.2559510981025,0.0,8.729758193945564,0.28833767771720886,0.0,0.0,-0.9575281739234924,0.28773361444473267,0.0,0.0,-0.957709789276123,-0.3987901427552058
-163.8179781725162,312.49832303669757,0.0,8.739628422612006,0.2884732782840729,0.0,0.0,-0.9574872851371765,0.2877669930458069,0.0,0.0,-0.9576997756958008,-0.042605232124188375
-165.30290206577843,314.7403860902121,0.0,8.747913184757412,0.2886117696762085,0.0,0.0,-0.957445502281189,0.28780877590179443,0.0,0.0,-0.9576871991157532,-0.39920856508578184
-166.78855475573485,316.9815327155027,0.0,8.754402291043682,0.28875070810317993,0.0,0.0,-0.9574035406112671,0.2878592908382416,0.0,0.0,-0.9576720595359802,-0.042932964764909154
-168.27458635370084,319.22110314384133,0.0,8.758885552132723,0.2888874113559723,0.0,0.0,-0.9573622345924377,0.28791874647140503,0.0,0.0,-0.9576541781425476,-0.39943499241351116
-169.76061164696432,321.4583860258073,0.0,8.761152778686442,0.28901875019073486,0.0,0.0,-0.9573225378990173,0.2879874110221863,0.0,0.0,-0.9576334953308105,-0.0430474711565112
-171.24621016774296,323.6926191270051,0.0,8.760993781366745,0.2891411781311035,0.0,0.0,-0.9572855830192566,0.2880651354789734,0.0,0.0,-0.9576100707054138,-0.3994269622458496
-172.730926265103,325.9229900735133,0.0,8.758198370835533,0.28925079107284546,0.0,0.0,-0.9572525024414062,0.2881523668766022,0.0,0.0,-0.9575837254524231,-0.04290628880645003
-174.21426917970018,328.14863714565814,0.0,8.752556357754719,0.28934335708618164,0.0,0.0,-0.9572244882583618,0.28824949264526367,0.0,0.0,-0.9575543999671936,-0.3991420120902529
-175.69571312118285,330.36865011836977,0.0,8.7438575527862,0.28941428661346436,0.0,0.0,-0.9572030305862427,0.28835663199424744,0.0,0.0,-0.9575220346450806,-0.04246695522218136
-177.17469734806744,332.5820711460208,0.0,8.731891766591882,0.28945857286453247,0.0,0.0,-0.957189679145813,0.2884734570980072,0.0,0.0,-0.9574867486953735,-0.39853767945417634
-178.65062624987002,334.78789568926203,0.0,8.716448809833679,0.2894708514213562,0.0,0.0,-0.9571860432624817,0.28859877586364746,0.0,0.0,-0.9574488997459412,-0.04168700791116098
-180.12286009863467,336.985130946345,0.0,8.69731849317349,0.28944551944732666,0.0,0.0,-0.9571937918663025,0.28872808814048767,0.0,0.0,-0.9574097394943237,-0.3975715018450759
-181.5906284704965,339.1733117554862,0.0,8.674276147763909,0.28937727212905884,0.0,0.0,-0.9572144746780396,0.2888558506965637,0.0,0.0,-0.9573710560798645,-0.04052325309249527
-183.05304360885788,341.35220472609507,0.0,8.646930654511916,0.2892617881298065,0.0,0.0,-0.9572493433952332,0.28897666931152344,0.0,0.0,-0.9573345184326172,-0.39619041632729846
-184.5091375599281,343.5214443106142,0.0,8.614784390294519,0.289095401763916,0.0,0.0,-0.957299530506134,0.28908538818359375,0.0,0.0,-0.9573016166687012,-0.038899704394646906
-185.95786364732427,345.6805243582992,0.0,8.577337996184143,0.2888752520084381,0.0,0.0,-0.9573658108711243,0.2891772985458374,0.0,0.0,-0.9572738409042358,-0.39429918430152194
-187.39809768673982,347.82879360889865,0.0,8.53409211325323,0.2885991930961609,0.0,0.0,-0.9574487209320068,0.2892483174800873,0.0,0.0,-0.9572523832321167,-0.03671556889308558
-188.82863930567652,349.9654506121684,0.0,8.484547382574215,0.2882656455039978,0.0,0.0,-0.9575487375259399,0.2892943322658539,0.0,0.0,-0.957238495349884,-0.3917969251763192
-190.2482133571774,352.08953812051647,0.0,8.42820444521953,0.2878735661506653,0.0,0.0,-0.9576660394668579,0.2893116772174835,0.0,0.0,-0.9572333097457886,-0.03386996599638431
-191.65547141468218,354.1999370104682,0.0,8.36456394226161,0.28742244839668274,0.0,0.0,-0.9578007459640503,0.2892969250679016,0.0,0.0,-0.9572378396987915,-0.38858275836026257
-193.04899333320364,356.29535979757327,0.0,8.293126514772895,0.28691229224205017,0.0,0.0,-0.9579526782035828,0.2892467677593231,0.0,0.0,-0.9572530388832092,-0.030262015113115992
-194.42728886001746,358.37434381873874,0.0,8.213392803825815,0.28634360432624817,0.0,0.0,-0.9581215977668762,0.2891594171524048,0.0,0.0,-0.9572794437408447,-0.3845558032619252
-195.78879927597504,360.4352441657031,0.0,8.124863450492809,0.28571707010269165,0.0,0.0,-0.9583070874214172,0.289031982421875,0.0,0.0,-0.9573178291320801,-0.025790835651853028
-197.1318990464231,362.476226463319,0.0,8.027039095846305,0.2850338816642761,0.0,0.0,-0.9585087895393372,0.2888627052307129,0.0,0.0,-0.9573686718940735,-0.37961517928987953
-198.45489745856312,364.49525959639766,0.0,7.919420380958745,0.28429561853408813,0.0,0.0,-0.9587261080741882,0.2886505126953125,0.0,0.0,-0.9574322700500488,-0.020355547021168152
-199.75604021993362,366.49010849893,0.0,7.801507946902564,0.2835039794445038,0.0,0.0,-0.9589583277702332,0.28839385509490967,0.0,0.0,-0.9575089812278748,-0.3736600058526987
-201.03354518865808,368.4583799542444,0.0,7.6730080190122685,0.2826607823371887,0.0,0.0,-0.9592048525810242,0.2880924940109253,0.0,0.0,-0.957598865032196,-0.01386565167317344
-202.28580173427898,370.3978246704563,0.0,7.534820693910935,0.28176775574684143,0.0,0.0,-0.959464967250824,0.28774550557136536,0.0,0.0,-0.957702100276947,-0.36668084801929796
-203.5114411052579,372.3064491158959,0.0,7.388275939684023,0.2808261513710022,0.0,0.0,-0.9597382545471191,0.28735315799713135,0.0,0.0,-0.9578184485435486,-0.006464401459693125
-204.70933466867385,374.1825199760135,0.0,7.234704294602876,0.2798365354537964,0.0,0.0,-0.9600242972373962,0.28691545128822327,0.0,0.0,-0.957947850227356,-0.3589247043283309
-205.8785917519171,376.0245701694032,0.0,7.075436296938838,0.2787984311580658,0.0,0.0,-0.9603230953216553,0.28643402457237244,0.0,0.0,-0.9580898284912109,0.0015794368061674002
-207.01855723208416,377.8314063415911,0.0,6.911802484963247,0.2777102291584015,0.0,0.0,-0.9606350064277649,0.2859084904193878,0.0,0.0,-0.9582443237304688,-0.35066037039016973
-208.12880892414074,379.60211760197035,0.0,6.745133396947454,0.27656880021095276,0.0,0.0,-0.9609606266021729,0.28534066677093506,0.0,0.0,-0.9584106802940369,0.009997067514035729
-209.2091548180728,381.3360852685262,0.0,6.576759571162796,0.27537235617637634,0.0,0.0,-0.9613105058670044,0.28473180532455444,0.0,0.0,-0.9585885405540466,-0.34215664181518707
-210.25963021310088,383.03299339075204,0.0,6.4080115458806235,0.27411139011383057,0.0,0.0,-0.9616759419441223,0.2840847373008728,0.0,0.0,-0.9587823152542114,0.018519695053539453
-211.2804947937021,384.69283983286823,0.0,6.240219859372281,0.27277734875679016,0.0,0.0,-0.9620593190193176,0.2833994925022125,0.0,0.0,-0.9589866399765015,-0.33368231421375566
-212.2722296877735,386.31594771657655,0.0,6.074715049909106,0.27135971188545227,0.0,0.0,-0.9624634981155396,0.28267794847488403,0.0,0.0,-0.9592010974884033,0.026878523814305944
-213.23553454190088,387.9029770444985,0.0,5.912827655762441,0.26984545588493347,0.0,0.0,-0.9628918170928955,0.2819221317768097,0.0,0.0,-0.9594248533248901,-0.3255061831962474
-214.1713246424901,389.4549363515905,0.0,5.755888215203636,0.2682192921638489,0.0,0.0,-0.9633482694625854,0.2811334729194641,0.0,0.0,-0.9596574902534485,0.034804758185962736
-215.080728104579,390.97319426160055,0.0,5.605227266504032,0.26646333932876587,0.0,0.0,-0.963837206363678,0.28031378984451294,0.0,0.0,-0.9598982930183411,-0.31789704437303506
-215.96508314259893,392.45949085849645,0.0,5.462175347934976,0.26455754041671753,0.0,0.0,-0.9643635153770447,0.27946481108665466,0.0,0.0,-0.9601467847824097,0.04202960255813731
-216.8259354292884,393.91594881823266,0.0,5.328062997767807,0.26247912645339966,0.0,0.0,-0.9649325013160706,0.2785879075527191,0.0,0.0,-0.9604024887084961,-0.3111236933544912
-217.66503554046668,395.3450842838175,0.0,5.204220754273868,0.2602032423019409,0.0,0.0,-0.9655497670173645,0.27768513560295105,0.0,0.0,-0.9606645703315735,0.04828426132045749
-218.4843293580969,396.7498052637093,0.0,5.091934880810661,0.25770220160484314,0.0,0.0,-0.9662209749221802,0.2767573893070221,0.0,0.0,-0.9609329700469971,-0.3054526896442282
-219.28578086578514,398.13311901211654,0.0,4.991401532137956,0.2549459934234619,0.0,0.0,-0.9669525623321533,0.27579835057258606,0.0,0.0,-0.9612092971801758,0.053361703172614294
-220.07109824767835,399.4978194028137,0.0,4.901685316132582,0.25190234184265137,0.0,0.0,-0.9677504301071167,0.2747857868671417,0.0,0.0,-0.9614998698234558,-0.30092156762375477
-220.84043045203902,400.84646793571545,0.0,4.821798274484104,0.2485405057668686,0.0,0.0,-0.9686195850372314,0.27368831634521484,0.0,0.0,-0.9618133306503296,0.05739640224576972
-221.59281195360927,402.1813889335699,0.0,4.750752448882094,0.24483467638492584,0.0,0.0,-0.9695632457733154,0.2724774479866028,0.0,0.0,-0.9621576070785522,-0.29733339461355224
-222.32727430845918,403.5046645452927,0.0,4.687559881016106,0.2407636046409607,0.0,0.0,-0.9705826044082642,0.27112722396850586,0.0,0.0,-0.9625394344329834,0.060587946077385296
-223.04283733352827,404.8181295635313,0.0,4.631232612575717,0.23630894720554352,0.0,0.0,-0.9716770052909851,0.2696130871772766,0.0,0.0,-0.9629651308059692,-0.2944885830761589
-223.73847921618434,406.1233660559862,0.0,4.580782685250488,0.23145560920238495,0.0,0.0,-0.972844660282135,0.267911821603775,0.0,0.0,-0.9634402394294739,0.06313592220492215
-224.41311597885493,407.42169780484824,0.0,4.535222140729981,0.22619061172008514,0.0,0.0,-0.974082350730896,0.2660023868083954,0.0,0.0,-0.9639695286750793,-0.2921875454741131
-225.06558949563052,408.7141845461574,0.0,4.493563020703766,0.22050249576568604,0.0,0.0,-0.975385844707489,0.2638641595840454,0.0,0.0,-0.9645572304725647,0.06523991816584207
-225.69466342063134,410.00161600074256,0.0,4.4548173668614055,0.21438130736351013,0.0,0.0,-0.97674959897995,0.26147782802581787,0.0,0.0,-0.9652070999145508,-0.2902306942699534
-226.2990265102513,411.2845056904692,0.0,4.4179972208924685,0.20781758427619934,0.0,0.0,-0.9781672358512878,0.25882506370544434,0.0,0.0,-0.9659221172332764,0.0670995214976065
-226.8773029057543,412.56308453767457,0.0,4.382114624486518,0.20080240070819855,0.0,0.0,-0.9796315431594849,0.255887895822525,0.0,0.0,-0.9667046070098877,-0.2884184419262185
-227.42806899121277,413.8372942517797,0.0,4.346181619333119,0.19332711398601532,0.0,0.0,-0.9811341166496277,0.25265026092529297,0.0,0.0,-0.9675559401512146,0.0689143197376772
-227.9498764561557,415.10678051505084,0.0,4.309210247121838,0.18538296222686768,0.0,0.0,-0.9826661944389343,0.24909725785255432,0.0,0.0,-0.9684768915176392,-0.2865512009054468
-228.44128117400726,416.37088598925163,0.0,4.270212549542239,0.17696057260036469,0.0,0.0,-0.9842178225517273,0.2452142983675003,0.0,0.0,-0.9694674611091614,0.07088390042351553
-228.90087745779655,417.6286431764129,0.0,4.2282005682838895,0.16804993152618408,0.0,0.0,-0.9857783913612366,0.24098940193653107,0.0,0.0,-0.970526397228241,-0.2844293836701766
-229.32733717504394,418.8787671800708,0.0,4.182186345036357,0.1586400866508484,0.0,0.0,-0.9873363971710205,0.23641277849674225,0.0,0.0,-0.9716514945030212,0.07320785109258288
-229.71945309568295,420.11964842801,0.0,4.1311819214892,0.14871910214424133,0.0,0.0,-0.988879382610321,0.2314760982990265,0.0,0.0,-0.9728395342826843,-0.28185340268294656
-230.07618571209696,421.3493454336967,0.0,4.074199339331988,0.13827379047870636,0.0,0.0,-0.9903939366340637,0.2261730432510376,0.0,0.0,-0.9740861654281616,0.0760857592823411
-230.39671261100324,422.56557769107803,0.0,4.010250640254289,0.1272895485162735,0.0,0.0,-0.9918655157089233,0.22050201892852783,0.0,0.0,-0.9753856062889099,-0.2786236704062951
-230.68047929565958,423.765718816119,0.0,3.9383478659456634,0.11575015634298325,0.0,0.0,-0.9932782649993896,0.2144620716571808,0.0,0.0,-0.9767314195632935,0.07971721253025149
-230.9272364326948,424.94676077357934,0.0,3.8575030580956824,-0.10363910347223282,0.0,0.0,0.9946148991584778,0.20804935693740845,0.0,0.0,-0.9781174659729004,-0.27454059930276065
-231.13670261553136,426.10455719461635,0.0,3.7671063352613268,-0.09094155579805374,0.0,0.0,0.9958562850952148,0.20125743746757507,0.0,0.0,-0.9795375466346741,0.08428270358249162
-231.3087689515737,427.2350496672001,0.0,3.670487344063954,-0.07764949649572372,0.0,0.0,0.9969807863235474,0.1940808892250061,0.0,0.0,-0.980984628200531,-0.2696608522725903
-231.44396357909343,428.33614204581687,0.0,3.573316514675228,-0.06376048922538757,0.0,0.0,0.9979652166366577,0.18651308119297028,0.0,0.0,-0.9824516177177429,0.08919032122838688
-231.54321309986983,429.4077720039368,0.0,3.4812941360413276,-0.04927828907966614,0.0,0.0,0.9987849593162537,0.17854689061641693,0.0,0.0,-0.9839305281639099,-0.2650132573920903
-231.60752729742222,430.45143189426926,0.0,3.3986983791801966,-0.034211836755275726,0.0,0.0,0.9994144439697266,0.17017385363578796,0.0,0.0,-0.9854131937026978,0.0933618241001612
-231.637738812522,431.4688097399862,0.0,3.3255717384639834,-0.01857614517211914,0.0,0.0,0.9998273849487305,-0.1613844782114029,0.0,0.0,0.9868908524513245,-0.2613199927094533
-231.63446918485414,432.4615012770398,0.0,3.2611716557701587,-0.002393134869635105,0.0,0.0,0.9999969601631165,-0.15216800570487976,0.0,0.0,0.9883540272712708,0.09661435352914224
-231.59813434497525,433.4309731548992,0.0,3.2047555729761923,0.014307557605206966,0.0,0.0,0.9998973608016968,-0.14251285791397095,0.0,0.0,0.9897923469543457,-0.2584706955986469
-231.5289553101962,434.3785340009946,0.0,3.1555809319595527,0.031489297747612,0.0,0.0,0.9995039701461792,-0.13240602612495422,0.0,0.0,0.9911949634552002,0.09909792125725533
-231.42697336951798,435.3053122402641,0.0,3.112905174597711,0.049107156693935394,0.0,0.0,0.9987934827804565,-0.12183579057455063,0.0,0.0,0.9925497174263,-0.25631535431774577
-231.29206925070778,436.21223979054895,0.0,3.075985742768137,0.06710930168628693,0.0,0.0,0.9977454543113708,-0.1107897236943245,0.0,0.0,0.9938433170318604,0.10096253902642574
-231.12398592837204,437.1000409462588,0.0,3.0440800783482977,0.08543793857097626,0.0,0.0,0.9963433146476746,-0.09925477206707001,0.0,0.0,0.9950615167617798,-0.25470395712482463
-230.92235486026425,437.9692259210654,0.0,3.016445623215665,0.10402993112802505,0.0,0.0,0.9945739507675171,-0.0872216746211052,0.0,0.0,0.9961885213851929,0.10235821857857894
-230.6867255340308,438.82008864889735,0.0,2.9923398192477086,0.12281818687915802,0.0,0.0,0.9924289584159851,-0.07468175888061523,0.0,0.0,0.9972071051597595,-0.25348649227795816
-230.41659827134475,439.65270854405907,0.0,2.9710201083218966,0.14173263311386108,0.0,0.0,0.9899047613143921,-0.06162886321544647,0.0,0.0,0.9980988502502441,0.10343497165564017
-230.11146027347468,440.466955998182,0.0,2.9517439323156993,0.16070237755775452,0.0,0.0,0.9870026707649231,-0.04806072264909744,0.0,0.0,0.9988442063331604,-0.25251294803522095
-229.77082490376503,441.2625014456958,0.0,2.9337687331065863,0.17965616285800934,0.0,0.0,0.9837291836738586,-0.03397941589355469,0.0,0.0,0.9994223713874817,0.10434280999953477
-229.3942741898113,442.0388278619676,0.0,2.916351952572028,0.19852310419082642,0.0,0.0,0.9800958633422852,-0.019395049661397934,0.0,0.0,0.9998117089271545,-0.2516333126546877
-228.98150449246705,442.79524657023046,0.0,2.8987510325894936,0.2172355055809021,0.0,0.0,0.9761189222335815,-0.004341036081314087,0.0,0.0,0.9999904632568359,0.10523174535218802
-228.53263137897295,443.5309162257295,0.0,2.880223415036451,0.23572878539562225,0.0,0.0,0.9718185663223267,0.011110035702586174,0.0,0.0,0.9999381899833679,-0.25069757439443296
-228.04985323310547,444.2448653565838,0.0,2.8600287222240897,0.25395023822784424,0.0,0.0,0.9672170281410217,0.02687709592282772,0.0,0.0,0.9996386766433716,0.10625167933261026
-227.5363494315029,444.936047596033,0.0,2.8375533300072413,0.2718609869480133,0.0,0.0,0.9623363018035889,0.04288524016737938,0.0,0.0,0.9990799427032471,-0.24956245357540022
-226.99539761409025,445.60341036236235,0.0,2.8123777756628323,0.28943392634391785,0.0,0.0,0.9571977257728577,0.05906973406672478,0.0,0.0,0.9982538223266602,0.10752317197626729
-226.43037170835422,446.2459171780305,0.0,2.7840990318193635,0.30665123462677,0.0,0.0,0.9518216252326965,0.07536971569061279,0.0,0.0,0.9971555471420288,-0.24813423418936648
-225.84474250264566,446.86256653127026,0.0,2.7523140711053267,0.3235042989253998,0.0,0.0,0.9462264776229858,0.09173310548067093,0.0,0.0,0.9957836270332336,0.10912847302243078
-225.24207444038254,447.4524112464201,0.0,2.7166198661492187,0.33998993039131165,0.0,0.0,0.9404288530349731,0.10811188817024231,0.0,0.0,0.9941386580467224,-0.2463314965653206
-224.6259704376261,448.01462080346454,0.0,2.676820559435432,0.3561101257801056,0.0,0.0,0.9344437718391418,0.12446384876966476,0.0,0.0,0.9922240376472473,0.11113853901807658
-223.9998154756347,448.5486904320557,0.0,2.6337112276842585,0.37187063694000244,0.0,0.0,0.9282843470573425,0.1407533586025238,0.0,0.0,0.9900445938110352,-0.24415425758798862
-223.36665318959493,449.05447185869036,0.0,2.5883828863789473,0.38728058338165283,0.0,0.0,0.9219617247581482,0.15695004165172577,0.0,0.0,0.9876064658164978,0.11342784918501148
-222.7291370991101,449.5321335870299,0.0,2.5419266034125214,0.4023502469062805,0.0,0.0,0.9154856204986572,0.1730278581380844,0.0,0.0,0.9849168062210083,-0.24180798067049233
-222.08949410441267,449.9821186963269,0.0,2.4954334466780095,0.4170924127101898,0.0,0.0,0.9088639616966248,0.18896591663360596,0.0,0.0,0.9819834232330322,0.11577598841402723
-221.44949920243835,450.40510078372023,0.0,2.4499944840684353,0.4315197765827179,0.0,0.0,0.9021034240722656,0.2047497034072876,0.0,0.0,0.9788140654563904,-0.2395130835689987
-220.81046028852873,450.8019385426363,0.0,2.406700783476828,0.44564560055732727,0.0,0.0,0.8952093124389648,0.22036656737327576,0.0,0.0,0.9754168391227722,0.11796253894895688
-220.17321189128984,451.17362931259146,0.0,2.366643412796214,0.45948198437690735,0.0,0.0,0.8881869912147522,0.23580852150917053,0.0,0.0,0.9717992544174194,-0.23748998403967475
-219.53811674430017,451.52126174681746,0.0,2.330913439919618,0.473040908575058,0.0,0.0,0.8810403347015381,0.2510738968849182,0.0,0.0,0.9679677486419678,0.11976708303363345
-218.9050776378878,451.84596583169497,0.0,2.300589573552193,0.48633280396461487,0.0,0.0,0.8737736344337463,0.26616138219833374,0.0,0.0,0.9639282822608948,-0.23595847563727956
-218.27374157114843,452.1487760349503,0.0,2.2760696348362983,0.4993670582771301,0.0,0.0,0.8663904666900635,0.28107690811157227,0.0,0.0,0.9596850275993347,0.12100546377686046
-217.64381104353137,452.4304852797001,0.0,2.2567295471930633,0.5121514797210693,0.0,0.0,0.8588951230049133,0.2958261966705322,0.0,0.0,0.9552416205406189,-0.23498170353408587
-217.01509928678792,452.691654584058,0.0,2.241861128495282,0.5246900916099548,0.0,0.0,0.8512933254241943,0.31042003631591797,0.0,0.0,0.9505993127822876,0.12175639401412214
-216.38755657447086,452.93263646084745,0.0,2.230756196615752,0.5369849801063538,0.0,0.0,0.8435917496681213,0.32486966252326965,0.0,0.0,0.9457586407661438,-0.23442084838865507
-215.76129100791147,453.153599377337,0.0,2.2227065694272663,0.5490332841873169,0.0,0.0,0.8358004093170166,0.3391813635826111,0.0,0.0,0.940720796585083,0.12216294084182343
-215.1364329541721,453.354684588453,0.0,2.217004064802625,0.5608291625976562,0.0,0.0,0.8279314041137695,0.35335299372673035,0.0,0.0,0.93548983335495,-0.23413284310458224
-214.51268161826084,453.5364357959863,0.0,2.212940500614618,0.5723663568496704,0.0,0.0,0.8199979662895203,0.3673834800720215,0.0,0.0,0.9300693869590759,0.12236817135636922
-213.88977618868105,453.69942483275804,0.0,2.2098076947360465,0.583638608455658,0.0,0.0,0.812013566493988,0.3812650442123413,0.0,0.0,0.9244656562805176,-0.23397462058546248
-213.26765542058158,453.84414522689343,0.0,2.2068974650397037,0.5946393013000488,0.0,0.0,0.8039925694465637,0.39499136805534363,0.0,0.0,0.918684720993042,0.12251515265416432
-212.64645769564615,453.97104195700103,0.0,2.2035016293983865,0.6053635478019714,0.0,0.0,0.7959489226341248,0.40855681896209717,0.0,0.0,0.912732720375061,-0.23380311373489093
-212.02651433978153,454.0805402486304,0.0,2.1989358955927454,0.6158057451248169,0.0,0.0,0.7878978252410889,0.4219520390033722,0.0,0.0,0.9066178798675537,0.12274574527061086
-211.4082263457642,454.1730871268922,0.0,2.1929533613290735,0.6259610652923584,0.0,0.0,0.7798541784286499,0.43516838550567627,0.0,0.0,0.9003486633300781,-0.23350096553975597
-210.7919564116781,454.24917007276326,0.0,2.1856900487934072,0.63582444190979,0.0,0.0,0.7718335390090942,0.4481959342956543,0.0,0.0,0.893934965133667,0.12311257923705864
-210.17802527564413,454.3093097108187,0.0,2.177294916562881,0.6453921794891357,0.0,0.0,0.7638511657714844,0.4610249698162079,0.0,0.0,0.8873868584632874,-0.23307696896245667
-209.56671169888386,454.3540521466206,0.0,2.1679169232146336,0.6546616554260254,0.0,0.0,0.7559217810630798,0.4736466109752655,0.0,0.0,0.8807146549224854,0.1235862152647479
-208.9582524502954,454.38396176687274,0.0,2.1577050273257994,0.6636311411857605,0.0,0.0,0.7480596899986267,0.4860513210296631,0.0,0.0,0.8739298582077026,-0.23256121664483878
-208.35284229254984,454.3996145130601,0.0,2.1468081874735176,0.6722995042800903,0.0,0.0,0.7402790188789368,0.49823126196861267,0.0,0.0,0.8670437335968018,0.12413656071183284
-207.7506339697047,454.4015916337535,0.0,2.135375362234923,0.6806668639183044,0.0,0.0,0.7325928807258606,0.5101745128631592,0.0,0.0,0.860070526599884,-0.23198380122874815
-207.15173819631656,454.3904739158352,0.0,2.1235555101871535,0.6887352466583252,0.0,0.0,0.7250127196311951,0.5218752026557922,0.0,0.0,0.8530215620994568,0.12473352293646768
-206.55622364802517,454.36683639057344,0.0,2.111497589907345,0.6965060234069824,0.0,0.0,0.7175506353378296,0.5333265066146851,0.0,0.0,0.8459091782569885,-0.23137481535603055
-205.9641169535732,454.3312435067616,0.0,2.099350559972633,0.7039830684661865,0.0,0.0,0.7102165222167969,0.5445230603218079,0.0,0.0,0.8387455344200134,0.12534700929680667
-205.37540268821738,454.2842447599989,0.0,2.087263378960157,0.7111690044403076,0.0,0.0,0.7030208706855774,0.5554585456848145,0.0,0.0,0.8315439820289612,-0.23076435166853176
-204.79002336848544,454.2263707646247,0.0,2.0753850054470515,0.7180689573287964,0.0,0.0,0.695971667766571,0.5661265850067139,0.0,0.0,0.8243180513381958,0.12594692715100392
-204.20787944822672,454.15812975282154,0.0,2.0638643980104545,0.724687933921814,0.0,0.0,0.6890767812728882,0.5765262842178345,0.0,0.0,0.8170782923698425,-0.23018250280809757
-203.62882931590673,454.0800044839256,0.0,2.0528505152275027,0.7310313582420349,0.0,0.0,0.6823433041572571,0.5866535305976868,0.0,0.0,0.809837818145752,0.1265031838572136
-203.05268929309446,453.9924495460626,0.0,2.0424923156753314,0.7371052503585815,0.0,0.0,0.6757774949073792,0.5965081453323364,0.0,0.0,0.8026068806648254,-0.22965936141657378
-202.47923363409444,453.895889031785,0.0,2.0329387579310776,0.7429154515266418,0.0,0.0,0.6693849563598633,0.6060864329338074,0.0,0.0,0.7953986525535583,0.12698568677359007
-201.9081945266803,453.7907145694767,0.0,2.0243388005718783,0.7484685182571411,0.0,0.0,0.6631700992584229,0.6153897047042847,0.0,0.0,0.7882228493690491,-0.22922502013580615
-201.33926209389202,453.6772836928445,0.0,2.0168414021748715,0.7537707686424255,0.0,0.0,0.6571372151374817,0.6244198679924011,0.0,0.0,0.7810887098312378,0.12736434325828738
-200.7720843968655,453.5559185318696,0.0,2.010595521317193,0.75882887840271,0.0,0.0,0.6512897610664368,0.6331759691238403,0.0,0.0,0.7740077376365662,-0.22890957160764056
-200.20626743867467,453.4269048101134,0.0,2.0057501165759786,0.7636492252349854,0.0,0.0,0.6456310749053955,0.6416618824005127,0.0,0.0,0.7669875025749207,0.12760906066945982
-199.64137516917393,453.290491135284,0.0,2.0024541465283656,0.7682380676269531,0.0,0.0,0.6401640176773071,0.6498795747756958,0.0,0.0,0.7600370645523071,-0.2287431084739227
-199.07692949084367,453.14688857246193,0.0,2.0008565697514906,0.7726007103919983,0.0,0.0,0.6348918676376343,0.6578304767608643,0.0,0.0,0.7531659007072449,0.1276897463652616
-198.51241026565322,452.9962704923756,0.0,2.0011063448224906,0.7767442464828491,0.0,0.0,0.6298158168792725,0.6655200719833374,0.0,0.0,0.7463799118995667,-0.2287557233764985
-197.94725532297414,452.83877269063726,0.0,2.0033524303185013,0.7806742787361145,0.0,0.0,0.6249377131462097,0.6729502081871033,0.0,0.0,0.7396877408027649,0.12757630770384693
-197.38086046859118,452.6744937779057,0.0,2.007743784816661,0.7843970060348511,0.0,0.0,0.6202586889266968,0.6801276803016663,0.0,0.0,0.7330936789512634,-0.22897750895721364
-196.8125794948797,452.5034958455827,0.0,2.0144293668941056,0.787918210029602,0.0,0.0,0.615779459476471,0.6870560646057129,0.0,0.0,0.7266043424606323,0.12723865204336993
-196.24172419223976,452.325805416921,0.0,2.0235581351279714,0.7912440896034241,0.0,0.0,0.6114999651908875,0.6937395930290222,0.0,0.0,0.7202258706092834,-0.22943855785791395
-195.66756436190042,452.1414146993608,0.0,2.0352790480953957,0.7943809032440186,0.0,0.0,0.607419490814209,0.7001831531524658,0.0,0.0,0.7139632105827332,0.12664668674198487
-195.08932790454855,451.9502831854963,0.0,2.0497408009413913,0.7973352074623108,0.0,0.0,0.6035363078117371,0.7063899040222168,0.0,0.0,0.7078229784965515,-0.23016894941579252
-194.50622630784272,451.75234834163797,0.0,2.06700179595349,0.8001134395599365,0.0,0.0,0.5998481512069702,0.7123661041259766,0.0,0.0,0.7018080353736877,0.12577491931713142
-193.91751722657898,451.54755099097196,0.0,2.0868986542705774,0.8027222752571106,0.0,0.0,0.5963524580001831,0.7181156277656555,0.0,0.0,0.695923924446106,-0.23117384124998885
-193.32251392837404,451.33584472422086,0.0,2.109234562502951,0.8051690459251404,0.0,0.0,0.5930448770523071,0.7236447334289551,0.0,0.0,0.6901727914810181,0.1246468431437792
-192.720585306535,451.1172020824645,0.0,2.1338127072609017,0.8074601888656616,0.0,0.0,0.5899215936660767,0.7289547324180603,0.0,0.0,0.6845619678497314,-0.23241516169230958
-192.1111558921262,450.8916205167402,0.0,2.160436275154726,0.8096029758453369,0.0,0.0,0.5869773626327515,0.7340521812438965,0.0,0.0,0.679093062877655,0.12330221850267696
-191.49370586519007,450.6591281348031,0.0,2.1889084527947182,0.8116049766540527,0.0,0.0,0.5842061638832092,0.7389386892318726,0.0,0.0,0.6737725734710693,-0.23385315046200617
-190.8677710650504,450.4197892349835,0.0,2.219032426791171,0.8134733438491821,0.0,0.0,0.581601619720459,0.7436201572418213,0.0,0.0,0.6686023473739624,0.12178080567457329
-190.23294299959977,450.17370961723685,0.0,2.250611383754383,0.8152158856391907,0.0,0.0,0.5791566967964172,0.7480977177619934,0.0,0.0,0.6635886430740356,-0.23544804727833002
-189.5888688534487,449.92104165220553,0.0,2.2834485102946447,0.8168407678604126,0.0,0.0,0.5768628716468811,0.7523741722106934,0.0,0.0,0.658735990524292,0.12012236494021665
-188.93525149479328,449.6619890804488,0.0,2.317346993022251,0.8183562755584717,0.0,0.0,0.5747108459472656,0.7564520239830017,0.0,0.0,0.654049277305603,-0.23716009186053233
-188.27184948083695,449.3968115059495,0.0,2.3521100185474997,0.8197715282440186,0.0,0.0,0.5726904273033142,0.760335385799408,0.0,0.0,0.649530827999115,0.11836665658035558
-187.5984770615839,449.12582155378647,0.0,2.38754077348068,0.8210957646369934,0.0,0.0,0.5707902908325195,0.7640323042869568,0.0,0.0,0.6451781988143921,-0.23894952392786467
-186.91500418180738,448.8491733716064,0.0,2.4234424444320912,0.8223381638526917,0.0,0.0,0.5689990520477295,0.7675523161888123,0.0,0.0,0.6409865617752075,0.11655344087573886
-186.22135648098262,448.5668025675255,0.0,2.459618218012024,0.8235065340995789,0.0,0.0,0.5673068165779114,0.770906925201416,0.0,0.0,0.6369480490684509,-0.24077658319957845
-185.51751529096515,448.27865381969883,0.0,2.4958712808307744,0.824608325958252,0.0,0.0,0.5657039880752563,0.7741057276725769,0.0,0.0,0.6330565810203552,0.11472247810711511
-184.80351763118682,447.9846956341844,0.0,2.532004819498639,0.8256498575210571,0.0,0.0,0.5641827583312988,0.777157723903656,0.0,0.0,0.6293059587478638,-0.24260150939492514
-184.07945620114114,447.6849210594598,0.0,2.567822020625908,0.8266367316246033,0.0,0.0,0.5627357363700867,0.7800707817077637,0.0,0.0,0.6256913542747498,0.11291352855523282
-183.34547936992715,447.3793483974366,0.0,2.6031260708228796,0.8275741934776306,0.0,0.0,0.5613561272621155,0.7828524708747864,0.0,0.0,0.6222074031829834,-0.24438454223315603
-182.6017911626274,447.0680219073652,0.0,2.6377201566998454,0.8284670114517212,0.0,0.0,0.5600377321243286,0.7855110764503479,0.0,0.0,0.6188476085662842,0.11116635250084062
-181.84865047983632,446.75101217646187,0.0,2.6714101729892836,0.829318642616272,0.0,0.0,0.5587758421897888,0.7880524396896362,0.0,0.0,0.6156080961227417,-0.2460860582073701
-181.0863367326619,446.42840221535624,0.0,2.704123847953425,0.8301330208778381,0.0,0.0,0.5575652122497559,0.7904838919639587,0.0,0.0,0.6124827861785889,0.10951414669457088
-180.3151023144459,446.1002674542789,0.0,2.735957480823386,0.8309060335159302,0.0,0.0,0.5563967227935791,0.7928118109703064,0.0,0.0,0.609466552734375,-0.24769381744322672
-179.53516911982254,445.76667397475404,0.0,2.767019736473265,0.8316488265991211,0.0,0.0,0.5552728176116943,0.7950413227081299,0.0,0.0,0.6065551042556763,0.10794534590417296
-178.74672855174433,445.4276781964235,0.0,2.797419279777155,0.8323710560798645,0.0,0.0,0.5541950464248657,0.7971775531768799,0.0,0.0,0.6037448048591614,-0.24922914791312017
-177.94994153006385,445.0833265657808,0.0,2.827264775609156,0.8330592513084412,0.0,0.0,0.5531496405601501,0.7992250323295593,0.0,0.0,0.6010317206382751,0.10643799762982947
-177.14493850177587,444.7336552489747,0.0,2.856664888843364,0.8337234854698181,0.0,0.0,0.552139401435852,0.8011890649795532,0.0,0.0,0.5984110236167908,-0.250714002116868
-176.3318194530238,444.3786898307101,0.0,2.8857282843538745,0.8343653678894043,0.0,0.0,0.55116206407547,0.8030737638473511,0.0,0.0,0.5958793759346008,0.10497014937172283
-175.51065392297537,444.01844502114443,0.0,2.9145636270147843,0.8349860906600952,0.0,0.0,0.5502157807350159,0.8048827648162842,0.0,0.0,0.5934336185455322,-0.25217033255428767
-174.681481019675,443.65292437257585,0.0,2.94327958170019,0.8355867862701416,0.0,0.0,0.5492987632751465,0.8066204786300659,0.0,0.0,0.5910694599151611,0.10351984863003563
-173.84430943798162,443.28212000762005,0.0,2.9719848132841893,0.8361687660217285,0.0,0.0,0.5484091639518738,0.8082906603813171,0.0,0.0,0.588783323764801,-0.25362009172519673
-172.99911747970853,442.90601236049895,0.0,3.0007879866408778,0.8367326259613037,0.0,0.0,0.5475459694862366,0.8098955154418945,0.0,0.0,0.5865738391876221,0.10206514290495039
-172.14585307608291,442.52456993299865,0.0,3.029797766644351,0.8372793793678284,0.0,0.0,0.5467077493667603,0.8114389181137085,0.0,0.0,0.5844368934631348,-0.2550852321294126
-171.28443381265365,442.13774906661286,0.0,3.0591228181687082,0.837809681892395,0.0,0.0,0.545893669128418,0.8129244446754456,0.0,0.0,0.5823689699172974,0.10058407969664954
-170.41474695678227,441.74549373236306,0.0,3.088871806088043,0.8383239507675171,0.0,0.0,0.5451030731201172,0.8143535256385803,0.0,0.0,0.5803689360618591,-0.2565877062667527
-169.5366494878627,441.34773533977506,0.0,3.119153395276453,0.838822603225708,0.0,0.0,0.5443353056907654,0.8157296180725098,0.0,0.0,0.5784330368041992,0.09905470650531567
-168.64996813042637,440.944392566514,0.0,3.1500762506080364,0.8393062949180603,0.0,0.0,0.5435895919799805,0.8170549869537354,0.0,0.0,0.5765594244003296,-0.25814946663703464
-167.75449939030284,440.53537121020565,0.0,3.1817490369568855,0.8397752642631531,0.0,0.0,0.5428655743598938,0.8183313608169556,0.0,0.0,0.5747464895248413,0.09745507083113134
-166.85000959402106,440.1205640640355,0.0,3.214280419197103,0.8402299284934998,0.0,0.0,0.5421626567840576,0.8195618391036987,0.0,0.0,0.5729905962944031,-0.2597924657400759
-165.93623493165177,439.69985081779276,0.0,3.24777906220278,0.8406704664230347,0.0,0.0,0.5414806604385376,0.8207476139068604,0.0,0.0,0.5712906718254089,0.09576322017427899
-165.0128815033123,439.2730979861355,0.0,3.2823536308480143,0.8410972356796265,0.0,0.0,0.5408190488815308,0.821890652179718,0.0,0.0,0.5696448087692261,-0.2615386560756938
-164.07962536957305,438.84015886597484,0.0,3.3181127900069063,0.841510534286499,0.0,0.0,0.5401773452758789,0.8229929208755493,0.0,0.0,0.5680510401725769,0.09395720203494098
-163.13611279893783,438.4008736150177,0.0,3.3551645185031416,0.841910719871521,0.0,0.0,0.5395551323890686,0.8240566849708557,0.0,0.0,0.5665068626403809,-0.2634099554946956
-162.18203619132856,437.95510478212714,0.0,3.3933469436694814,0.8422980904579163,0.0,0.0,0.5389520525932312,0.8250826597213745,0.0,0.0,0.5650113821029663,0.09202879672350969
-161.2173249570684,437.5028275708492,0.0,3.431819069407389,0.8426727056503296,0.0,0.0,0.5383681058883667,0.8260728716850281,0.0,0.0,0.5635626912117004,-0.2653529921481253
-160.2421748640474,437.0441457302438,0.0,3.469634744406349,0.8430348634719849,0.0,0.0,0.5378028154373169,0.827028214931488,0.0,0.0,0.5621598958969116,0.09011891414780465
-159.2570477772192,436.5792935499319,0.0,3.5058478173558436,0.8433849811553955,0.0,0.0,0.5372557044029236,0.827949583530426,0.0,0.0,0.5608019828796387,-0.2671819352263826
-158.26267136776968,436.10863763239894,0.0,3.539512136945352,0.8437232375144958,0.0,0.0,0.5367264151573181,0.8288390040397644,0.0,0.0,0.5594865679740906,0.08841869598671839
-157.2600387913058,435.63267841691254,0.0,3.5696815518643588,0.8440500497817993,0.0,0.0,0.5362144112586975,0.8296967148780823,0.0,0.0,0.5582139492034912,-0.26870564305057487
-156.25040833513896,435.1520514286267,0.0,3.595409910802342,0.844365656375885,0.0,0.0,0.5357194542884827,0.8305232524871826,0.0,0.0,0.5569835305213928,0.08711928391914345
-155.2353030356025,434.66752822739284,0.0,3.615751062448785,0.8446703553199768,0.0,0.0,0.5352409482002258,0.8313207030296326,0.0,0.0,0.5557925701141357,-0.2697329739418094
-154.21650886084808,434.18001635969506,0.0,3.6297638671725863,0.8449646234512329,0.0,0.0,0.5347782969474792,0.8320890665054321,0.0,0.0,0.5546417236328125,0.08641156650885051
-153.1955612834976,433.6903132967378,0.0,3.6383355622540834,0.8452487587928772,0.0,0.0,0.5343310236930847,0.8328297138214111,0.0,0.0,0.5535289645195007,-0.2701658878348143
-152.17247161061604,433.1984910071533,0.0,3.6468948065565527,0.8455235958099365,0.0,0.0,0.5338979959487915,0.8335423469543457,0.0,0.0,0.5524553656578064,0.08597928144306924
-151.1455345193872,432.7037947602885,0.0,3.6615633918777237,0.8457895517349243,0.0,0.0,0.5334784388542175,0.8342282772064209,0.0,0.0,0.5514190196990967,-0.2709067254772977
-150.11133038548095,432.2046365897413,0.0,3.688463110015328,0.8460474014282227,0.0,0.0,0.5330711603164673,0.8348886966705322,0.0,0.0,0.5504186153411865,0.08462070981995792
-149.06472781898148,431.69859062901,0.0,3.7337157527670968,0.8462981581687927,0.0,0.0,0.5326747894287109,0.8355230093002319,0.0,0.0,0.5494552254676819,-0.2731922124849628
-147.9988896645738,431.182391855999,0.0,3.8034317216561777,0.8465426564216614,0.0,0.0,0.5322878360748291,0.8361331224441528,0.0,0.0,0.5485263466835022,0.08109970129020633
-146.90638462015244,430.65247017244843,0.0,3.8997641711257556,0.8467819690704346,0.0,0.0,0.5319085717201233,0.836719810962677,0.0,0.0,0.5476309061050415,-0.27805748771069905
-145.78191751837093,430.10622625388123,0.0,4.0151224833157455,0.8470174074172974,0.0,0.0,0.5315350294113159,0.837285041809082,0.0,0.0,0.5467664003372192,0.07527352390687353
-144.62273921173684,429.5422381493529,0.0,4.140443146294653,0.8472499251365662,0.0,0.0,0.5311656594276428,0.8378298282623291,0.0,0.0,0.5459311604499817,-0.2843868141237752
-143.4286430236029,428.96030915373495,0.0,4.266662648130996,0.8474805355072021,0.0,0.0,0.5307987928390503,0.8383557200431824,0.0,0.0,0.5451231598854065,0.0688988015919067
-142.2019368737464,428.361465237284,0.0,4.384802197363086,0.847710132598877,0.0,0.0,0.5304331183433533,0.8388643860816956,0.0,0.0,0.5443401336669922,-0.29035345802438584
-140.94631311867496,427.7474127290919,0.0,4.489907823144822,0.8479395508766174,0.0,0.0,0.5300672650337219,0.8393571376800537,0.0,0.0,0.543580174446106,0.06359043665343525
-139.6652534803034,427.11976310361723,0.0,4.5827213842724355,0.8481695055961609,0.0,0.0,0.5297001600265503,0.8398348689079285,0.0,0.0,0.5428420305252075,-0.2950410116166896
-138.36190835578935,426.479973786056,0.0,4.66441634636028,0.8484005928039551,0.0,0.0,0.5293307900428772,0.8402988314628601,0.0,0.0,0.542123556137085,0.05946442846718053
-137.03909702620552,425.8293476446545,0.0,4.736166175022701,0.8486334085464478,0.0,0.0,0.5289582014083862,0.8407500982284546,0.0,0.0,0.5414235591888428,-0.2986647403370139
-135.69930794848958,425.16903235101955,0.0,4.799144335874039,0.8488683104515076,0.0,0.0,0.5285816788673401,0.8411895036697388,0.0,0.0,0.5407405495643616,0.05628371327266851
-134.34469912887852,424.50001961710893,0.0,4.854524294528649,0.8491056561470032,0.0,0.0,0.5282008647918701,0.8416179418563843,0.0,0.0,0.5400734543800354,-0.3014617079458326
-132.97709857588384,423.8231443169447,0.0,4.903479516600864,0.8493459224700928,0.0,0.0,0.5278148651123047,0.8420361876487732,0.0,0.0,0.5394211411476135,0.053811227309425336
-131.59800483083438,423.1390835003313,0.0,4.947183467705039,0.8495894074440002,0.0,0.0,0.5274232625961304,0.8424452543258667,0.0,0.0,0.5387821197509766,-0.3036689782036192
-130.208587574143,422.44835530492287,0.0,4.98680961345552,0.8498363494873047,0.0,0.0,0.5270255208015442,0.8428460955619812,0.0,0.0,0.5381548404693604,0.05180990681697678
-128.8096883057727,421.7513177718443,0.0,5.0235314194666465,0.8500871062278748,0.0,0.0,0.5266211032867432,0.843238890171051,0.0,0.0,0.5375391244888306,-0.30552361487084784
-127.40182109891221,421.0481675687017,0.0,5.058522351352769,0.8503416776657104,0.0,0.0,0.5262099504470825,0.8436244130134583,0.0,0.0,0.5369336605072021,0.0500426880348494
-125.98517342663257,420.33893862219514,0.0,5.092955874728234,0.8506004214286804,0.0,0.0,0.525791585445404,0.8439995050430298,0.0,0.0,0.5363349318504333,-0.30726268170799254
-124.55963359363707,419.62351399219204,0.0,5.127909989228787,0.8508635759353638,0.0,0.0,0.5253655910491943,0.8443729877471924,0.0,0.0,0.5357475876808167,0.0482773287166397
-123.12500482749323,418.9017318469279,0.0,5.163695100931957,0.8511313199996948,0.0,0.0,0.5249314904212952,0.8447374105453491,0.0,0.0,0.5351647734642029,-0.30907001058189004
-121.68110825850515,418.17343685562497,0.0,5.200251707473042,0.8514037728309631,0.0,0.0,0.5244892239570618,0.845101535320282,0.0,0.0,0.5345911979675293,0.046431035456988956
-120.2277835762548,417.43848054612056,0.0,5.237517929643604,0.8516811728477478,0.0,0.0,0.5240383744239807,0.8454573154449463,0.0,0.0,0.5340209603309631,-0.3109521430147467
-118.76488902190964,416.69672133540814,0.0,5.275431888235202,0.8519636392593384,0.0,0.0,0.5235787034034729,0.8458138108253479,0.0,0.0,0.5334582328796387,0.04451618906347388
-117.29230137745171,415.9480245639911,0.0,5.313931704039397,0.8522512912750244,0.0,0.0,0.5231099128723145,0.8461632132530212,0.0,0.0,0.5328971147537231,-0.3128965781563727
-115.80991595165338,415.1922625342615,0.0,5.352955497847751,0.8525443077087402,0.0,0.0,0.5226317048072815,0.8465142846107483,0.0,0.0,0.5323418974876404,0.04254529038628424
-114.31764656261949,414.42931455311896,0.0,5.392441390451822,0.8528429269790649,0.0,0.0,0.5221437811851501,0.8468591570854187,0.0,0.0,0.5317866206169128,-0.3148908151565783
-112.81542551671154,413.6590669790461,0.0,5.432327502643172,0.8531472086906433,0.0,0.0,0.5216459035873413,0.8472064137458801,0.0,0.0,0.5312362909317017,0.04053084027560999
-111.30320358366828,412.8814132738579,0.0,5.4725519552133575,0.8534572124481201,0.0,0.0,0.5211378931999207,0.8475481867790222,0.0,0.0,0.5306847095489502,-0.3169223531651735
-109.78094996773164,412.0962540593457,0.0,5.513052868953945,0.8537731170654297,0.0,0.0,0.5206193923950195,0.8478930592536926,0.0,0.0,0.5301368236541748,0.03848533958164091
-108.24865227458957,411.30349717903016,0.0,5.553768364656491,0.8540951013565063,0.0,0.0,0.5200902223587036,0.8482335209846497,0.0,0.0,0.5295859575271606,-0.31897869133196866
-106.70631647394119,410.50305776524317,0.0,5.594636563112554,0.8544233441352844,0.0,0.0,0.5195499658584595,0.848578155040741,0.0,0.0,0.5290371775627136,0.03642128915456694
-105.15396685749381,409.69485831175166,0.0,5.635595585113699,0.8547577261924744,0.0,0.0,0.5189987421035767,0.8489226698875427,0.0,0.0,0.5284873247146606,-0.32104732880677395
-103.59164599219841,408.8788287521367,0.0,5.676583551451483,0.8550986051559448,0.0,0.0,0.5184360146522522,0.8492676019668579,0.0,0.0,0.5279357433319092,0.034351189844577856
-102.01941466853468,408.05490654413774,0.0,5.717538582917464,0.855445921421051,0.0,0.0,0.5178616642951965,0.8496090769767761,0.0,0.0,0.5273796916007996,-0.32311576473939924
-100.43735184365474,407.2230367601624,0.0,5.758398800303209,0.8557999134063721,0.0,0.0,0.5172754526138306,0.8499561548233032,0.0,0.0,0.5268234014511108,0.03228754250186339
-98.84555457920015,406.3831721841677,0.0,5.799102324400272,0.8561607003211975,0.0,0.0,0.5166769623756409,0.8503046631813049,0.0,0.0,0.5262635350227356,-0.3251714982796549
-97.24413795724156,405.53527340641597,0.0,5.839587335722034,0.8565282225608826,0.0,0.0,0.5160661935806274,0.8506549596786499,0.0,0.0,0.5256998538970947,0.030242844960360282
-95.63323068463286,404.6793066327017,0.0,5.879807798985719,0.8569026589393616,0.0,0.0,0.515442967414856,0.8510070443153381,0.0,0.0,0.5251321792602539,-0.3272028348081239
-94.01296494323411,403.81523837874903,0.0,5.919754569090758,0.8572841286659241,0.0,0.0,0.5148069858551025,0.8513615727424622,0.0,0.0,0.5245593190193176,0.028225331318691704
-92.38347494077786,402.9430347173974,0.0,5.959423762533741,0.8576726317405701,0.0,0.0,0.5141581296920776,0.8517187237739563,0.0,0.0,0.5239813923835754,-0.3292063294264564
-90.74489690596617,402.0626612876102,0.0,5.998811495811244,0.8580682873725891,0.0,0.0,0.5134961605072021,0.8520785570144653,0.0,0.0,0.5233978033065796,0.026236051860231924
-89.09736908286379,401.1740833042657,0.0,6.037913885419847,0.858471155166626,0.0,0.0,0.5128207802772522,0.8524413704872131,0.0,0.0,0.5228083729743958,-0.331181197588507
-87.44103172457702,400.27726556874427,0.0,6.076727047856141,0.8588812947273254,0.0,0.0,0.5121320486068726,0.8528074622154236,0.0,0.0,0.5222122669219971,0.024275791131126156
-85.7760270862061,399.37217248032084,0.0,6.115247099616703,0.8592988848686218,0.0,0.0,0.511429488658905,0.853177011013031,0.0,0.0,0.5216095447540283,-0.33312665474813136
-84.1024994170603,398.4587680483778,0.0,6.153470157198116,0.8597238659858704,0.0,0.0,0.5107130408287048,0.853550374507904,0.0,0.0,0.5209996104240417,0.022345333677519397
-82.42059495212307,397.53701590544557,0.0,6.191392337096964,0.8601563572883606,0.0,0.0,0.5099824666976929,0.8539276719093323,0.0,0.0,0.5203821063041687,-0.33504191635918423
-80.73046190275815,396.60687932108704,0.0,6.229009755809827,0.8605964183807373,0.0,0.0,0.5092376470565796,0.8543090224266052,0.0,0.0,0.5197567343711853,0.02044546404555664
-79.03225044664472,395.6683212166309,0.0,6.266318529833291,0.8610441088676453,0.0,0.0,0.5084783434867859,0.8546950817108154,0.0,0.0,0.5191226005554199,-0.3369261978755208
-77.3261127169315,394.7213041807707,0.0,6.303314775663937,0.8614994883537292,0.0,0.0,0.5077043771743774,0.8550856113433838,0.0,0.0,0.5184797048568726,0.018576966781382598
-75.61220279059954,393.7657904860334,0.0,6.339994609798347,0.861962616443634,0.0,0.0,0.5069155693054199,0.8554807901382446,0.0,0.0,0.5178282260894775,-0.338778714750996
-73.89067667602434,392.8017421061343,0.0,6.376354148733104,0.8624335527420044,0.0,0.0,0.506111741065979,0.8558807373046875,0.0,0.0,0.5171675086021423,0.01674062643114227
-72.16169229972628,391.8291207342202,0.0,6.41238950896479,0.8629123568534851,0.0,0.0,0.5052927136421204,0.8562858700752258,0.0,0.0,0.5164969563484192,-0.340598682439465
-70.42540949230181,390.84788780201916,0.0,6.448096806989989,0.8633991479873657,0.0,0.0,0.5044582486152649,0.8566961288452148,0.0,0.0,0.5158167481422424,0.014937227540980702
-68.68198997352485,389.85800449989625,0.0,6.483472159305283,0.8638938665390015,0.0,0.0,0.5036081671714783,0.857111930847168,0.0,0.0,0.5151259303092957,-0.3423853163947828
-66.93159733661133,388.8594317978328,0.0,6.5185116824072535,0.8643965721130371,0.0,0.0,0.502742350101471,0.85753333568573,0.0,0.0,0.5144244432449341,0.013167554657042724
-65.17439703163608,387.852130467331,0.0,6.553211492792483,0.8649073243141174,0.0,0.0,0.5018606185913086,0.8579604625701904,0.0,0.0,0.5137119889259338,-0.3441378320708045
-63.410556348096506,386.8360611042541,0.0,6.587567706957557,0.8654261827468872,0.0,0.0,0.5009627938270569,0.8583935499191284,0.0,0.0,0.5129883885383606,0.011432392325473328
-61.64024439661406,385.8111841526117,0.0,6.621576441399057,0.8659531474113464,0.0,0.0,0.5000486373901367,0.8588324189186096,0.0,0.0,0.51225346326828,-0.34585544492138526
-59.863632089766234,384.77745992929357,0.0,6.655233812613561,0.8664882183074951,0.0,0.0,0.49911803007125854,0.8592774868011475,0.0,0.0,0.511506974697113,0.00973252509241751
-58.080892122041845,383.7348486497615,0.0,6.688535937097658,0.8670315742492676,0.0,0.0,0.49817073345184326,0.8597286939620972,0.0,0.0,0.5107484459877014,-0.34753737040038
-56.292198948914276,382.6833104547042,0.0,6.721478931347926,0.867591142654419,0.0,0.0,0.4972112476825714,0.8601863384246826,0.0,0.0,0.5099774599075317,0.008068737504020096
-54.49772876502462,381.622805437662,0.0,6.754058911860949,0.8681501150131226,0.0,0.0,0.49622973799705505,0.860650360584259,0.0,0.0,0.5091941356658936,-0.34918282396164374
-52.69765948147005,380.55329367362646,0.0,6.786271995133312,0.8687254190444946,0.0,0.0,0.4952356517314911,0.8611210584640503,0.0,0.0,0.50839763879776,0.006441814106425969
-50.89217058415982,379.4747351779168,0.0,6.818114743766651,0.8693002462387085,0.0,0.0,0.4942193329334259,0.861598551273346,0.0,0.0,0.5075883269309998,-0.3507910435895902
-49.08144223101179,378.38708940576356,0.0,6.849587049446647,0.8698915243148804,0.0,0.0,0.49319013953208923,0.862082839012146,0.0,0.0,0.506765604019165,0.0048523037185473905
-47.26565483856355,377.29031503192243,0.0,6.880690308613933,0.8704824447631836,0.0,0.0,0.4921383857727051,0.8625735640525818,0.0,0.0,0.5059297680854797,-0.3523619152647056
-45.444989066482044,376.184369965214,0.0,6.9114259250823835,0.8710901141166687,0.0,0.0,0.4910736083984375,0.8630715608596802,0.0,0.0,0.5050801634788513,0.003299999856504421
-43.61962580375638,375.0692113644857,0.0,6.9417953026658745,0.871705174446106,0.0,0.0,0.489990234375,0.8635765910148621,0.0,0.0,0.5042164325714111,-0.3538957222133668
-41.789746154623316,373.9447956548291,0.0,6.9717998451782766,0.8723201155662537,0.0,0.0,0.488883912563324,0.864088773727417,0.0,0.0,0.5033382773399353,0.0017846189215346975
-39.95553142423164,372.81107854404627,0.0,7.001440956433465,0.8729520440101624,0.0,0.0,0.4877642095088959,0.864608108997345,0.0,0.0,0.5024458765983582,-0.355392748034336
-38.11716310405092,371.6680150393582,0.0,7.030720040245313,0.8735916614532471,0.0,0.0,0.4866255819797516,0.8651347756385803,0.0,0.0,0.5015386343002319,0.00030587731487574654
-36.27482285703256,370.51555946435,0.0,7.0596385004276945,0.8742390871047974,0.0,0.0,0.4854680299758911,0.8656686544418335,0.0,0.0,0.5006166696548462,-0.3568532763263754
-34.428692502527774,369.3536654761441,0.0,7.0881977407944845,0.8748942613601685,0.0,0.0,0.4842914044857025,0.866209864616394,0.0,0.0,0.4996796250343323,-0.0011365085622348503
-32.578954000970896,368.18228608279736,0.0,7.116399165159552,0.8755573630332947,0.0,0.0,0.483095645904541,0.8667587041854858,0.0,0.0,0.4987269937992096,-0.3582775906882476
-30.725789438332285,367.0013736609127,0.0,7.144244177336778,0.8762286305427551,0.0,0.0,0.48188063502311707,0.8673150539398193,0.0,0.0,0.49775898456573486,-0.002542822308559345
-28.869381010350025,365.81087997346157,0.0,7.17173418114003,0.8769078850746155,0.0,0.0,0.4806462228298187,0.8678790926933289,0.0,0.0,0.49677491188049316,-0.35966597471871486
-27.009911006544343,364.6107561878067,0.0,7.198870580383184,0.8775953054428101,0.0,0.0,0.4793923497200012,0.8684506416320801,0.0,0.0,0.49577513337135315,-0.0039133475228600445
-25.14756179402311,363.40095289392156,0.0,7.225654778880113,0.8782907128334045,0.0,0.0,0.478118896484375,0.8690296411514282,0.0,0.0,0.4947595000267029,-0.36101871201653957
-23.282515801085353,362.1814201227985,0.0,7.252088180444693,0.8789942860603333,0.0,0.0,0.47682562470436096,0.869616687297821,0.0,0.0,0.49372702836990356,-0.005248367803899423
-21.414955500626835,360.95210736503685,0.0,7.278172188890796,0.8797060251235962,0.0,0.0,0.4755125641822815,0.8702114820480347,0.0,0.0,0.4926779270172119,-0.3623360861804842
-19.5450633933583,359.7129635896081,0.0,7.303908208032295,0.8804258108139038,0.0,0.0,0.4741795063018799,0.8708139061927795,0.0,0.0,0.4916124641895294,-0.006548166750439788
-17.67302199083982,358.46393726278654,0.0,7.329297641683066,0.8811537027359009,0.0,0.0,0.4728263020515442,0.87142413854599,0.0,0.0,0.4905300438404083,-0.363618380809311
-15.799013798339516,357.2049763672428,0.0,7.354341893656981,0.8818897008895874,0.0,0.0,0.47145283222198486,0.872042179107666,0.0,0.0,0.4894304871559143,-0.007813027961243557
-13.923221297523089,355.93602842128905,0.0,7.379042367767916,0.8826337456703186,0.0,0.0,0.47005897760391235,0.8726681470870972,0.0,0.0,0.4883134961128235,-0.36486587950178245
-12.045826928981192,354.6570404982723,0.0,7.4034004678297425,0.8833857774734497,0.0,0.0,0.4686446189880371,0.8733019828796387,0.0,0.0,0.487179160118103,-0.009043235035073205
-10.167013074600863,353.3679592461071,0.0,7.427417597656332,0.8841457366943359,0.0,0.0,0.4672095775604248,0.8739436864852905,0.0,0.0,0.4860268235206604,-0.3660788658566607
-8.286962039788307,352.06873090694074,0.0,7.451095161061561,0.8849135637283325,0.0,0.0,0.46575382351875305,0.8745933771133423,0.0,0.0,0.48485666513442993,-0.010239071570690872
-6.4058560307721635,350.759301333607,0.0,7.47443458086604,0.8856891989707947,0.0,0.0,0.46427732706069946,0.8752508163452148,0.0,0.0,0.4836689233779907,-0.3672576244326445
-4.523876495462769,349.4396155582049,0.0,7.497439837471805,0.8864724636077881,0.0,0.0,0.4627802073955536,0.8759162425994873,0.0,0.0,0.48246291279792786,-0.011400953217446663
-2.6412028357446324,348.10961689491285,0.0,7.52012002353983,0.8872632384300232,0.0,0.0,0.4612625241279602,0.8765895366668701,0.0,0.0,0.48123863339424133,-0.368403088375474
-0.7580122638557505,346.76924681862226,0.0,7.542484839860823,0.8880611658096313,0.0,0.0,0.459724485874176,0.8772707581520081,0.0,0.0,0.4799956977367401,-0.012530489395274624
1.1255201865762103,345.41844494819134,0.0,7.564543987225508,0.8888660669326782,0.0,0.0,0.4581663906574249,0.8779599666595459,0.0,0.0,0.47873398661613464,-0.3695171867272258
3.0092216484610184,344.0571490285115,0.0,7.5863071664245965,0.8896775245666504,0.0,0.0,0.4565887451171875,0.8786571025848389,0.0,0.0,0.4774533808231354,-0.013629639859875031
4.8929214081210155,342.6852949113724,0.0,7.607784078248797,0.8904951214790344,0.0,0.0,0.4549921154975891,0.8793618679046631,0.0,0.0,0.4761539399623871,-0.37060187924359955
6.776450891097564,341.3028165351088,0.0,7.628984423488833,0.8913184404373169,0.0,0.0,0.45337724685668945,0.8800747394561768,0.0,0.0,0.4748351573944092,-0.01470036436694755
8.659643646874088,339.90964590301394,0.0,7.649917902935412,0.89214688539505,0.0,0.0,0.451744943857193,0.8807953000068665,0.0,0.0,0.4734971821308136,-0.37165912568029547
10.542335332499412,338.50571306050637,0.0,7.670594217379248,0.8929798007011414,0.0,0.0,0.4500961899757385,0.881523609161377,0.0,0.0,0.4721399247646332,-0.015744622672191844
12.424363695097426,337.0909460710328,0.0,7.691023067611057,0.8938165903091431,0.0,0.0,0.44843214750289917,0.8822597861289978,0.0,0.0,0.47076287865638733,-0.372690885793013
14.305568553246808,335.6652709906941,0.0,7.711214154421551,0.8946565985679626,0.0,0.0,0.44675421714782715,0.8830037713050842,0.0,0.0,0.46936607360839844,-0.016764374531307746
16.18579177721773,334.2286118415794,0.0,7.731177178601448,0.8954987525939941,0.0,0.0,0.44506368041038513,0.8837553262710571,0.0,0.0,0.46794942021369934,-0.3736991193374522
18.06487726804898,332.7808905837942,0.0,7.75092184094146,0.8963423371315002,0.0,0.0,0.44336238503456116,0.8845145106315613,0.0,0.0,0.4665127098560333,-0.01776157969999531
19.942670935453137,331.32202708616694,0.0,7.7704578422322985,0.897186279296875,0.0,0.0,0.4416520893573761,0.8852813839912415,0.0,0.0,0.46505579352378845,-0.3746857860693127
21.819020674533597,329.85193909562327,0.0,7.7897948832646815,0.8980296850204468,0.0,0.0,0.4399348199367523,0.8860558271408081,0.0,0.0,0.4635787010192871,-0.018738197933954037
23.693776341301156,328.37054220520866,0.0,7.808942664829316,0.8988713026046753,0.0,0.0,0.43821272253990173,0.886837363243103,0.0,0.0,0.46208176016807556,-0.37565284574429425
25.566807115979458,326.8777694356113,0.0,7.827910887716928,0.8997099995613098,0.0,0.0,0.43648818135261536,0.8876250982284546,0.0,0.0,0.46056684851646423,-0.019696188988883923
27.438078713527762,325.3736587215999,0.0,7.84670839098707,0.9005447626113892,0.0,0.0,0.43476349115371704,0.8884180784225464,0.0,0.0,0.4590354263782501,-0.37660221459632165
29.30759083966547,323.8582848762715,0.0,7.865338549521429,0.9013745188713074,0.0,0.0,0.433040589094162,0.8892151713371277,0.0,0.0,0.4574894905090332,-0.02063710608657876
31.175345142700973,322.3317244231504,0.0,7.883802603135399,0.9021983742713928,0.0,0.0,0.43132132291793823,0.8900154829025269,0.0,0.0,0.45593059062957764,-0.37753474255662317
33.04134517546544,320.79405555492264,0.0,7.9021017867313645,0.903015673160553,0.0,0.0,0.42960745096206665,0.8908182382583618,0.0,0.0,0.4543599486351013,-0.02156130727829425
34.905596382617006,319.2453581185191,0.0,7.920237335211712,0.9038258194923401,0.0,0.0,0.42790061235427856,0.8916224837303162,0.0,0.0,0.4527795612812042,-0.37845067934855986
36.76810608785432,317.68571360008855,0.0,7.9382104834788265,0.9046279191970825,0.0,0.0,0.4262021780014038,0.8924275040626526,0.0,0.0,0.4511910080909729,-0.022469042039259646
38.62888348104551,316.1152051098671,0.0,7.956022466435102,0.9054215550422668,0.0,0.0,0.42451342940330505,0.893232524394989,0.0,0.0,0.44959521293640137,-0.37935027444736164
40.487939605278434,314.5339173669497,0.0,7.973674518982916,0.9062062501907349,0.0,0.0,0.42283570766448975,0.8940367102622986,0.0,0.0,0.4479937255382538,-0.02336055984470481
42.34528734383571,312.941936683974,0.0,7.991167876024661,0.9069815874099731,0.0,0.0,0.42117005586624146,0.8948397040367126,0.0,0.0,0.44638779759407043,-0.3802337773282578
44.20094140710211,311.3393509517163,0.0,8.008503772462726,0.907747209072113,0.0,0.0,0.41951748728752136,0.8956406116485596,0.0,0.0,0.44477856159210205,-0.02423611016985966
46.05491831940846,309.72624962361266,0.0,8.025683443199494,0.9085026383399963,0.0,0.0,0.41787898540496826,0.8964387774467468,0.0,0.0,0.44316747784614563,-0.3811014374664784
47.90723640581793,308.1027237002061,0.0,8.042708123137356,0.9092475771903992,0.0,0.0,0.41625556349754333,0.8972339034080505,0.0,0.0,0.44155552983283997,-0.02509594248995367
49.75791577885915,306.4688657135299,0.0,8.059579047178694,0.9099818468093872,0.0,0.0,0.4146478772163391,0.8980251550674438,0.0,0.0,0.4399440288543701,-0.3819535043372531
51.60697832521214,304.82476971143,0.0,8.076297450225894,0.910705029964447,0.0,0.0,0.41305676102638245,0.8988121747970581,0.0,0.0,0.4383339285850525,-0.025940306280216263
53.45444769235235,303.17053124183525,0.0,8.09286456718135,0.9114171266555786,0.0,0.0,0.41148295998573303,0.8995946049690247,0.0,0.0,0.43672603368759155,-0.3827902274158115
55.30034927515675,301.50624733697947,0.0,8.109281632947441,0.9121179580688477,0.0,0.0,0.40992721915245056,0.9003717303276062,0.0,0.0,0.4351215064525604,-0.026769451015877466
57.14471020247878,299.8320164975819,0.0,8.125549882426563,0.912807285785675,0.0,0.0,0.4083901345729828,0.9011432528495789,0.0,0.0,0.4335215091705322,-0.3836118561773833
58.98755932369523,298.14793867699314,0.0,8.141670550521097,0.9134849905967712,0.0,0.0,0.4068722128868103,0.9019087553024292,0.0,0.0,0.43192657828330994,-0.02758362617216703
60.82892719523162,296.45411526531024,0.0,8.157644872133428,0.9141508340835571,0.0,0.0,0.40537407994270325,0.9026677012443542,0.0,0.0,0.4303380846977234,-0.384418640097198
62.66884606707037,294.7506490734688,0.0,8.17347408216595,0.9148047566413879,0.0,0.0,0.40389618277549744,0.9034199118614197,0.0,0.0,0.4287566840648651,-0.0283830812243146
64.50734986924653,293.03764431731554,0.0,8.18915941552104,0.9154468178749084,0.0,0.0,0.40243902802467346,0.9041649699211121,0.0,0.0,0.4271831214427948,-0.3852108286504854
66.3444741983358,291.3152066016701,0.0,8.204702107101097,0.9160767793655396,0.0,0.0,0.40100300312042236,0.9049026966094971,0.0,0.0,0.42561814188957214,-0.029168065647549757
68.1802563039405,289.5834429043784,0.0,8.220103391808497,0.9166945219039917,0.0,0.0,0.3995886743068695,0.9056326746940613,0.0,0.0,0.4240627884864807,-0.38598867131247533
70.01473507517669,287.8424615603656,0.0,8.235364504545634,0.9173001050949097,0.0,0.0,0.3981963098049164,0.9063547253608704,0.0,0.0,0.422517329454422,-0.029938828917102145
71.84795102716915,286.09237224569205,0.0,8.250486680214893,0.9178935289382935,0.0,0.0,0.3968264162540436,0.9070683717727661,0.0,0.0,0.42098283767700195,-0.38675241755839745
73.67994628755645,284.33328596162045,0.0,8.265471153718659,0.9184747934341431,0.0,0.0,0.39547935128211975,0.9077736139297485,0.0,0.0,0.4194600284099579,-0.03069562050820146
75.51076458301304,282.5653150186967,0.0,8.280319159959323,0.9190437197685242,0.0,0.0,0.3941553831100464,0.9084700345993042,0.0,0.0,0.41794970631599426,-0.38750231686348147
77.34045122579131,280.7885730208511,0.0,8.29503193383927,0.9196003079414368,0.0,0.0,0.3928549289703369,0.9091575145721436,0.0,0.0,0.41645222902297974,-0.031438689896077676
79.16905310028879,279.00317484952586,0.0,8.309610710260882,0.9201366305351257,0.0,0.0,0.3915748596191406,0.9098357558250427,0.0,0.0,0.4149681627750397,-0.3882386187029568
80.99661864964445,277.2092366478331,0.0,8.324056724126555,0.920670211315155,0.0,0.0,0.3903229236602783,0.9105046987533569,0.0,0.0,0.4134984612464905,-0.0321682865559601
82.82319786236981,275.406875804748,0.0,8.338371210338671,0.9211832284927368,0.0,0.0,0.3890918493270874,0.9111641049385071,0.0,0.0,0.4120434522628784,-0.3889615725520536
84.64884225901673,273.5962109393448,0.0,8.352555403799617,0.9216849207878113,0.0,0.0,0.38788583874702454,0.9118138551712036,0.0,0.0,0.41060367226600647,-0.032884659963078544
86.47360487888939,271.7773618850766,0.0,8.36661053941178,0.922183632850647,0.0,0.0,0.3867085874080658,0.9124537110328674,0.0,0.0,0.40917977690696716,-0.3896714278860013
88.29754026680158,269.9504496741087,0.0,8.38053785207755,0.922661542892456,0.0,0.0,0.3855530023574829,0.913083553314209,0.0,0.0,0.407772421836853,-0.03358805959266287
90.12070445988589,268.11559652170587,0.0,8.394338576699308,0.9231279492378235,0.0,0.0,0.3844231069087982,0.9137033224105835,0.0,0.0,0.40638190507888794,-0.3903684341800295
91.94315497445753,266.2729258106823,0.0,8.408013948179446,0.9235828518867493,0.0,0.0,0.38331910967826843,0.9143128395080566,0.0,0.0,0.4050087332725525,-0.0342787349199426
93.76495079293774,264.42256207591606,0.0,8.421565201420352,0.9240261912345886,0.0,0.0,0.3822411596775055,0.9149121046066284,0.0,0.0,0.40365320444107056,-0.39105284090936804
95.58615235084011,262.56463098893477,0.0,8.434993571324402,0.924457848072052,0.0,0.0,0.3811895251274109,0.9155007600784302,0.0,0.0,0.40231627225875854,-0.03495693542014716
97.4068215238247,260.6992593425762,0.0,8.448300292793997,0.9248778223991394,0.0,0.0,0.38016432523727417,0.9160789251327515,0.0,0.0,0.4009981155395508,-0.39172489754924655
99.22702161482292,258.8265750357295,0.0,8.46148660073152,0.925286054611206,0.0,0.0,0.37916576862335205,0.9166463613510132,0.0,0.0,0.399699330329895,-0.03562291056850697
101.04681734123818,256.94670705815975,0.0,8.47455373003935,0.925682544708252,0.0,0.0,0.3781939446926117,0.9172032475471497,0.0,0.0,0.3984198570251465,-0.39238485357489455
102.8662748222253,255.05978547542298,0.0,8.487502915619888,0.9260672926902771,0.0,0.0,0.3772491216659546,0.917749285697937,0.0,0.0,0.39716047048568726,-0.03627690984025134
104.68546156605271,253.1659414138739,0.0,8.500335392375508,0.9264402985572815,0.0,0.0,0.3763314485549927,0.9182844161987305,0.0,0.0,0.395921528339386,-0.39303295846154196
106.50444645755223,251.26530704577155,0.0,8.513052395208602,0.9268014430999756,0.0,0.0,0.3754410743713379,0.9188086986541748,0.0,0.0,0.39470338821411133,-0.03691918271060962
108.32329974565799,249.3580155744885,0.0,8.525655159021559,0.9271507859230042,0.0,0.0,0.3745781183242798,0.9193219542503357,0.0,0.0,0.39350640773773193,-0.3936694616844186
110.1420930310408,247.4442012198255,0.0,8.538144918716762,0.9274883270263672,0.0,0.0,0.3737427890300751,0.9198241829872131,0.0,0.0,0.39233094453811646,-0.0375499786548118
111.96089925383924,245.5239992034382,0.0,8.5505229091966,0.9278140068054199,0.0,0.0,0.3729351758956909,0.9203154444694519,0.0,0.0,0.39117729663848877,-0.3942946127187538
113.77979268149338,243.59754573437831,0.0,8.562790365363465,0.9281279444694519,0.0,0.0,0.37215542793273926,0.9207955002784729,0.0,0.0,0.3900458812713623,-0.038169547148087846
115.59884889668186,241.6649779947554,0.0,8.57494852211973,0.9284300208091736,0.0,0.0,0.37140366435050964,0.9212644100189209,0.0,0.0,0.3889370262622833,-0.3949086610397773
117.41814478536935,239.726434125521,0.0,8.586998614367797,0.9287203550338745,0.0,0.0,0.3706800639629364,0.9217221736907959,0.0,0.0,0.3878509998321533,-0.03877813766566701
119.23775852496411,237.78205321238147,0.0,8.598941877010045,0.9289988279342651,0.0,0.0,0.36998477578163147,0.9221686124801636,0.0,0.0,0.38678812980651855,-0.3955118561227191
121.0577695725928,235.8319752718416,0.0,8.610779544948864,0.9292654991149902,0.0,0.0,0.3693179190158844,0.9226038455963135,0.0,0.0,0.3857487440109253,-0.03937599968277905
122.87825865349237,233.87634123738468,0.0,8.622512853086642,0.9295203685760498,0.0,0.0,0.36867958307266235,0.9230278134346008,0.0,0.0,0.38473305106163025,-0.3961044474428089
124.69930774952483,231.91529294579234,0.0,8.634143036325757,0.9297634363174438,0.0,0.0,0.3680698871612549,0.92344069480896,0.0,0.0,0.3837412893772125,-0.03996338267465349
126.52100008781794,229.94897312360655,0.0,8.645671329568604,0.9299947023391724,0.0,0.0,0.3674890100955963,0.9238420724868774,0.0,0.0,0.38277384638786316,-0.39668668447527594
128.34342012953323,227.97752537374055,0.0,8.657098967717571,0.9302141666412354,0.0,0.0,0.36693713068962097,0.9242320656776428,0.0,0.0,0.3818311095237732,-0.04054053611652059
130.16665355876756,226.00109416223935,0.0,8.668427185675046,0.9304218292236328,0.0,0.0,0.36641427874565125,0.9246107935905457,0.0,0.0,0.38091304898262024,-0.39725881669535046
131.99078727158792,224.0198248051967,0.0,8.67965721834341,0.9306176900863647,0.0,0.0,0.3659206032752991,0.9249782562255859,0.0,0.0,0.38002002239227295,-0.041107709483609645
133.81590936520584,222.03386345582854,0.0,8.69079030062505,0.9308017492294312,0.0,0.0,0.3654561936855316,0.9253343343734741,0.0,0.0,0.3791523575782776,-0.3978210935782615
135.6421091272926,220.04335709171016,0.0,8.701827667422355,0.930974006652832,0.0,0.0,0.3650211691856384,0.9256790280342102,0.0,0.0,0.37831011414527893,-0.04166515225115036
137.46947702543804,218.04845350217832,0.0,8.712770553637714,0.9311344623565674,0.0,0.0,0.36461561918258667,0.9260122776031494,0.0,0.0,0.37749356031417847,-0.39837376459923923
139.2981046967578,216.0493012759024,0.0,8.723620194173517,0.9312831163406372,0.0,0.0,0.3642396628856659,0.9263342022895813,0.0,0.0,0.3767029643058777,-0.04221311389437271
141.1280849376501,214.0460497886286,0.0,8.734377823932139,0.9314199686050415,0.0,0.0,0.36389338970184326,0.9266448020935059,0.0,0.0,0.3759385049343109,-0.39891707923351305
142.95951169370582,212.0388491911,0.0,8.745044677815978,0.9315450191497803,0.0,0.0,0.36357685923576355,0.9269438982009888,0.0,0.0,0.37520045042037964,-0.042751843888506
144.79248004977467,210.02785039715624,0.0,8.755621990727416,0.9316583275794983,0.0,0.0,0.363290011882782,0.92723149061203,0.0,0.0,0.37448909878730774,-0.39945128695631293
146.62708622019045,208.0132050720159,0.0,8.766110997568845,0.9317599534988403,0.0,0.0,0.36303281784057617,0.9275076389312744,0.0,0.0,0.3738044798374176,-0.04328159170878021
148.46342753915775,205.9950656207447,0.0,8.776512933242648,0.931850016117096,0.0,0.0,0.362805038690567,0.9277723431587219,0.0,0.0,0.37314677238464355,-0.39997663724286864
150.30160245130304,203.973585176914,0.0,8.78682903265121,0.9319286346435547,0.0,0.0,0.36260631680488586,0.9280216097831726,0.0,0.0,0.37251460552215576,-0.043802606830424806
152.14171050239358,201.94891759145054,0.0,8.797060530696918,0.9319959878921509,0.0,0.0,0.3624362349510193,0.9282599687576294,0.0,0.0,0.3719100058078766,-0.4004933795684094
153.98385233022555,199.92121742168337,0.0,8.807208662282163,0.9320523142814636,0.0,0.0,0.3622942268848419,0.9284873604774475,0.0,0.0,0.37133321166038513,-0.04431513872866949
155.82812965568502,197.89063992058803,0.0,8.81727466230933,0.9320979118347168,0.0,0.0,0.36217957735061646,0.9287037253379822,0.0,0.0,0.37078431248664856,-0.40100176340816535
157.67464527398403,195.8573410262343,0.0,8.827259765680804,0.9321331977844238,0.0,0.0,0.3620913326740265,0.9289091229438782,0.0,0.0,0.37026333808898926,-0.0448194368787439
159.5235030460744,193.8214773514378,0.0,8.837165207298979,0.9321585297584534,0.0,0.0,0.36202844977378845,0.9291033148765564,0.0,0.0,0.36977073550224304,-0.40150203823736613
161.37480789024238,191.7832061736193,0.0,8.846992222066232,0.9321743845939636,0.0,0.0,0.36198973655700684,0.9292863607406616,0.0,0.0,0.36930644512176514,-0.045315750755877904
163.22866577388507,189.74268542487638,0.0,8.856742044884959,0.9321813583374023,0.0,0.0,0.36197373270988464,0.9294583201408386,0.0,0.0,0.36887049674987793,-0.40199445353124125
165.0851837054729,187.70007368226734,0.0,8.866415910657539,0.9321800470352173,0.0,0.0,0.3619788885116577,0.9296190142631531,0.0,0.0,0.3684632480144501,-0.04580432983530108
166.94446972669982,185.65553015831267,0.0,8.876015054286366,0.932171106338501,0.0,0.0,0.3620034158229828,0.9297683835029602,0.0,0.0,0.3680848181247711,-0.40247925876502044
168.80663290482363,183.60921469171572,0.0,8.885540710673821,0.9321553707122803,0.0,0.0,0.3620453178882599,0.9299063682556152,0.0,0.0,0.36773547530174255,-0.04628542359224325
170.6717833251979,181.561287738306,0.0,8.894994114722298,0.932133674621582,0.0,0.0,0.3621023893356323,0.9300330877304077,0.0,0.0,0.3674149215221405,-0.4029567034139334
172.54003208400047,179.51191036220675,0.0,8.904376501334179,0.9321069717407227,0.0,0.0,0.3621722459793091,0.9301483631134033,0.0,0.0,0.36712345480918884,-0.04675928150193415
174.4114912811578,177.46124422723148,0.0,8.913689105411846,0.9320762157440186,0.0,0.0,0.36225229501724243,0.9302524328231812,0.0,0.0,0.366860568523407,-0.4034270369532096
176.28623946195066,175.40944413499403,0.0,8.9229331618577,0.9320425391197205,0.0,0.0,0.36233973503112793,0.9303461313247681,0.0,0.0,0.36662426590919495,-0.047226153039603536
178.16413569891654,173.35661795680113,0.0,8.932109741366377,0.9320069551467896,0.0,0.0,0.36243194341659546,0.9304302930831909,0.0,0.0,0.3664121925830841,-0.4038905005647589
180.04495157727385,171.3028556361939,0.0,8.941217961985226,0.9319703578948975,0.0,0.0,0.362526535987854,0.9305058121681213,0.0,0.0,0.366222083568573,-0.04768616418196969
181.9284566643468,169.24824797100058,0.0,8.950255660907489,0.9319337010383606,0.0,0.0,0.3626214563846588,0.9305734634399414,0.0,0.0,0.3660520613193512,-0.40434695000527726
183.81441871957202,167.1928866559922,0.0,8.959220653011412,0.9318975806236267,0.0,0.0,0.3627146780490875,0.9306339025497437,0.0,0.0,0.3659002482891083,-0.04813894156095566
185.70260370808302,165.13686427652993,0.0,8.968110753175226,0.9318628311157227,0.0,0.0,0.3628045320510864,0.9306880235671997,0.0,0.0,0.36576464772224426,-0.40479594496304566
187.592775815199,163.08027430191345,0.0,8.97692377627717,0.9318299293518066,0.0,0.0,0.36288943886756897,0.9307363629341125,0.0,0.0,0.36564362049102783,-0.04858404373782149
189.48469746182553,161.0232110784292,0.0,8.98565753719548,0.9317994713783264,0.0,0.0,0.36296796798706055,0.9307796955108643,0.0,0.0,0.3655353784561157,-0.405237043999324
191.37812932077154,158.96576982209592,0.0,8.994309850808396,0.9317720532417297,0.0,0.0,0.3630387783050537,0.930818498134613,0.0,0.0,0.3654385209083557,-0.04902102927382729
193.2728303339851,156.90804661110812,0.0,9.00287853199415,0.93174809217453,0.0,0.0,0.36310073733329773,0.9308534860610962,0.0,0.0,0.3653513789176941,-0.40566980567537214
195.16855773071583,154.85013837797342,0.0,9.011361395630987,0.9317280054092407,0.0,0.0,0.36315271258354187,0.9308851957321167,0.0,0.0,0.3652724325656891,-0.04944945673023321
197.06506704660353,152.79214290134604,0.0,9.019756256597132,0.9317120909690857,0.0,0.0,0.3631937801837921,0.9309141635894775,0.0,0.0,0.3652004897594452,-0.4060937885524502
198.96211214370206,150.73415879755152,0.0,9.02806092977083,0.9317008256912231,0.0,0.0,0.36322301626205444,0.9309407472610474,0.0,0.0,0.3651342988014221,-0.049868884668298696
200.85944523143925,148.67628551180417,0.0,9.036273230030314,0.931694507598877,0.0,0.0,0.363239586353302,0.9309656023979187,0.0,0.0,0.3650726079940796,-0.40650855119181817
202.7568168885173,146.61862330911512,0.0,9.04439097225383,0.9316933751106262,0.0,0.0,0.3632427752017975,0.930989146232605,0.0,0.0,0.36501413583755493,-0.05027887164928435
204.65397608575782,144.56127326488988,0.0,9.052411971319602,0.9316977262496948,0.0,0.0,0.363231897354126,0.9310118556022644,0.0,0.0,0.364957720041275,-0.40691365215473596
206.5506702098948,142.50433725521495,0.0,9.060334042105874,0.9317077398300171,0.0,0.0,0.3632063567638397,0.9310340881347656,0.0,0.0,0.3649023473262787,-0.0506789762344495
208.44664508831906,140.4479179468311,0.0,9.068154999490881,0.9317235350608826,0.0,0.0,0.36316588521003723,0.9310563802719116,0.0,0.0,0.3648468255996704,-0.40730865000246363
210.34164501477642,138.39211878679475,0.0,9.07587265835286,0.9317451119422913,0.0,0.0,0.36311060190200806,0.9310790300369263,0.0,0.0,0.36479026079177856,-0.05106875698505453
212.23541277602428,136.33704399182434,0.0,9.083484833570052,0.9317721724510193,0.0,0.0,0.36304131150245667,0.9311023950576782,0.0,0.0,0.3647317886352539,-0.4076931032962612
214.12768967944734,134.28279853733235,0.0,9.090989340020686,0.9318040609359741,0.0,0.0,0.36295950412750244,0.9311268925666809,0.0,0.0,0.36467042565345764,-0.05144777246235932
216.0182155816374,132.22948814614202,0.0,9.098383992583003,0.9318398833274841,0.0,0.0,0.3628675639629364,0.9311528205871582,0.0,0.0,0.3646053373813629,-0.40806657059738827
217.90672891793776,130.1772192768867,0.0,9.105666606135243,0.9318783283233643,0.0,0.0,0.36276882886886597,0.931180477142334,0.0,0.0,0.36453571915626526,-0.051815581227623975
219.7929667329547,128.12609911209495,0.0,9.11283499555564,0.931917667388916,0.0,0.0,0.36266767978668213,0.9312102198600769,0.0,0.0,0.3644607365131378,-0.4084286104671052
221.6766647120411,126.07623554595479,0.0,9.119886975722427,0.9319557547569275,0.0,0.0,0.36256980895996094,0.9312422871589661,0.0,0.0,0.36437955498695374,-0.05217174184210821
223.5575572137484,124.02773717176365,0.0,9.126820361513849,0.9319899082183838,0.0,0.0,0.3624820411205292,0.9312770962715149,0.0,0.0,0.36429139971733093,-0.40877878146667196
225.43537730325414,121.98071326905858,0.0,9.133632967808134,0.932016909122467,0.0,0.0,0.3624127209186554,0.9313148260116577,0.0,0.0,0.3641956150531769,-0.05251581286707219
227.3098567867638,119.9352737904276,0.0,9.14032260948352,0.9320330023765564,0.0,0.0,0.36237144470214844,0.9313557147979736,0.0,0.0,0.36409157514572144,-0.40911664215734805
229.18072624688747,117.89152934800401,0.0,9.146887101418256,0.932033896446228,0.0,0.0,0.3623694181442261,0.9314000606536865,0.0,0.0,0.36397862434387207,-0.05284735286377601
231.0477150789957,115.84959119964012,0.0,9.153324258490567,0.9320145845413208,0.0,0.0,0.36241915822029114,0.9314481616020203,0.0,0.0,0.3638559579849243,-0.40944175110039405
232.9105515285504,113.80957123476395,0.0,9.159631895578695,0.9319695830345154,0.0,0.0,0.36253488063812256,0.931500256061554,0.0,0.0,0.36372289061546326,-0.05316592039347939
234.76896272941664,111.77158195991512,0.0,9.16580782756087,0.9318926334381104,0.0,0.0,0.3627321422100067,0.9315565824508667,0.0,0.0,0.3635789453983307,-0.4097536668570696
236.622674743152,109.73573648396366,0.0,9.171849869315334,0.9317769408226013,0.0,0.0,0.36302804946899414,0.9316173195838928,0.0,0.0,0.36342352628707886,-0.053471074017442166
238.47141259927471,107.70214850300903,0.0,9.177755835720328,0.9316150546073914,0.0,0.0,0.3634411096572876,0.9316825866699219,0.0,0.0,0.36325618624687195,-0.410051947988635
240.3149003365109,105.67093228496091,0.0,9.183523541654084,0.9313987493515015,0.0,0.0,0.3639912009239197,0.9317517876625061,0.0,0.0,0.36307859420776367,-0.05376237229692482
242.15287391784437,103.64220265380257,0.0,9.189150801994835,0.9311192631721497,0.0,0.0,0.3646993041038513,0.9318208694458008,0.0,0.0,0.36290112137794495,-0.41033615305634963
243.98617439688604,101.6160749735359,0.0,9.194635431620826,0.9307675361633301,0.0,0.0,0.3655863106250763,0.9318825602531433,0.0,0.0,0.3627428114414215,-0.05403937379318702
245.81758685719822,99.592665131809,0.0,9.199975245410288,0.9303353428840637,0.0,0.0,0.36667048931121826,0.9319296479225159,0.0,0.0,0.3626222610473633,-0.410605840621474
247.65010251458747,97.57208952322776,0.0,9.205168058241464,0.9298245310783386,0.0,0.0,0.3679713308811188,0.9319552183151245,0.0,0.0,0.3625572621822357,-0.05430163706748886
249.48672238753616,95.55446503235119,0.0,9.210211684992581,0.9292207360267639,0.0,0.0,0.3694993257522583,0.931952714920044,0.0,0.0,0.3625645041465759,-0.4108605692452677
251.3304568184662,93.53990901637178,0.0,9.215103940541885,0.9285181760787964,0.0,0.0,0.37126624584198,0.931915819644928,0.0,0.0,0.3626597821712494,-0.054548720681090124
253.18432498259983,91.52853928748068,0.0,9.219842639767613,0.9277110695838928,0.0,0.0,0.37328216433525085,0.9318385720252991,0.0,0.0,0.36285775899887085,-0.4110998974889913
255.05135438443102,89.52047409492104,0.0,9.224425597547995,0.9267942309379578,0.0,0.0,0.3755558431148529,0.9317152500152588,0.0,0.0,0.3631720244884491,-0.05478018319525085
256.93458034183027,87.51583210672717,0.0,9.22885062876127,0.9257621765136719,0.0,0.0,0.3780950605869293,0.9315404891967773,0.0,0.0,0.363614946603775,-0.41132338391390416
258.83704545780233,85.51473239115336,0.0,9.233115548285676,0.9246094822883606,0.0,0.0,0.380907267332077,0.9313092231750488,0.0,0.0,0.3641977608203888,-0.05499558317123093
260.7617990799242,83.51729439779355,0.0,9.237218170999459,0.9233303070068359,0.0,0.0,0.38399919867515564,0.9310227036476135,0.0,0.0,0.3649325668811798,-0.411530587081267
262.711896747494,81.52363793839018,0.0,9.241156311780836,0.921919047832489,0.0,0.0,0.38737645745277405,0.9306726455688477,0.0,0.0,0.3658270835876465,-0.055194479170290356
264.69039962642256,79.53388316733816,0.0,9.24492778550806,0.9203704595565796,0.0,0.0,0.39104270935058594,0.930255651473999,0.0,0.0,0.36688855290412903,-0.41172106555233884
266.7003739319061,77.54815056188131,0.0,9.248530407059361,0.9186798334121704,0.0,0.0,0.3949991762638092,0.929768443107605,0.0,0.0,0.36812376976013184,-0.05537642975368945
268.7448903389196,75.56656090200626,0.0,9.25196199131298,0.9168432354927063,0.0,0.0,0.3992442488670349,0.9292081594467163,0.0,0.0,0.3695375621318817,-0.41189437788838024
270.8270233805783,73.58923525003257,0.0,9.255220353147148,0.9148580431938171,0.0,0.0,0.4037730395793915,0.9285722374916077,0.0,0.0,0.3711341917514801,-0.05554099348268787
272.9498508344121,71.61629492990372,0.0,9.258303307440112,0.9127228856086731,0.0,0.0,0.4085771143436432,0.9278584718704224,0.0,0.0,0.37291663885116577,-0.41205008265065113
275.11645309660855,69.64786150617905,0.0,9.261208669070095,0.9104377031326294,0.0,0.0,0.4136444330215454,0.9270634055137634,0.0,0.0,0.37489020824432373,-0.055687728918545565
277.3290398203907,67.68507776394263,0.0,9.263934252915346,0.9080043435096741,0.0,0.0,0.41895925998687744,0.9261814951896667,0.0,0.0,0.3770652711391449,-0.41218773840041134
279.58578617726056,65.73380819071696,0.0,9.266477873854095,0.9054276943206787,0.0,0.0,0.4244992733001709,0.9252057075500488,0.0,0.0,0.37945452332496643,-0.05581619462252274
281.8836954711521,63.801289203349654,0.0,9.26883734676458,0.9027167558670044,0.0,0.0,0.43023428320884705,0.9241286516189575,0.0,0.0,0.38207128643989563,-0.41230690369892065
284.2197625595168,61.89476724978658,0.0,9.27101048652504,0.8998852968215942,0.0,0.0,0.43612566590309143,0.9229419827461243,0.0,0.0,0.38492995500564575,-0.055925949155879284
286.5909745152774,60.02149721081329,0.0,9.27299510801371,0.8969526886940002,0.0,0.0,0.44212567806243896,0.9216363430023193,0.0,0.0,0.38804665207862854,-0.41240713710743937
288.9943111882855,58.18874090547562,0.0,9.274789026108829,0.8939446210861206,0.0,0.0,0.448176771402359,0.9202011823654175,0.0,0.0,0.3914386034011841,-0.05601655107987524
291.42674577825375,56.40376556928287,0.0,9.276390055688633,0.8908936977386475,0.0,0.0,0.4542110860347748,0.9186246991157532,0.0,0.0,0.3951249122619629,-0.41248799718722745
293.8852454190954,54.67384230537408,0.0,9.27779601163136,0.887840747833252,0.0,0.0,0.4601501226425171,0.9168933629989624,0.0,0.0,0.39912644028663635,-0.056087558955770445
296.36677177460064,53.00624450884172,0.0,9.279004708815238,0.8848350048065186,0.0,0.0,0.4659040570259094,0.9149921536445618,0.0,0.0,0.4034663140773773,-0.4125490424995446
298.86828164537314,51.40824626441408,0.0,9.28001396211852,0.8819344639778137,0.0,0.0,0.47137168049812317,0.9129040241241455,0.0,0.0,0.40816938877105713,-0.05613853134482505
301.38672758694463,49.887120717711646,0.0,9.28082158641943,0.8792062401771545,0.0,0.0,0.47644099593162537,0.9106186628341675,0.0,0.0,0.4132433533668518,-0.4125898316056512
303.91905853898794,48.449993695390454,0.0,9.281425396596207,0.8767256736755371,0.0,0.0,0.4809902608394623,0.9081555604934692,0.0,0.0,0.4186287522315979,-0.056169026808298606
306.46222046553623,47.0956178432853,0.0,9.281823207527092,0.8745688796043396,0.0,0.0,0.4849008023738861,0.9055647850036621,0.0,0.0,0.42420434951782227,-0.41260992306680705
309.01315700611633,45.80994449676354,0.0,9.282012834090319,0.8728013634681702,0.0,0.0,0.4880751967430115,0.9029006361961365,0.0,0.0,0.429845929145813,-0.05617860390745144
311.56881013770004,44.57783740821077,0.0,9.281992091164128,0.8714759349822998,0.0,0.0,0.4904380142688751,0.9002199172973633,0.0,0.0,0.43543264269828796,-0.41260887544427216
314.126120847371,43.384155955197826,0.0,9.28175879362675,0.8706318140029907,0.0,0.0,0.49193498492240906,0.8975803256034851,0.0,0.0,0.44084852933883667,-0.05616682120354349
316.6820298156007,42.21375855962025,0.0,9.281310756356426,0.8702924251556396,0.0,0.0,0.4925309121608734,0.8950390219688416,0.0,0.0,0.44598567485809326,-0.4125862472993063
319.2334781100249,41.05150616007116,0.0,9.280645794231395,0.8704718947410583,0.0,0.0,0.49221277236938477,0.8926447033882141,0.0,0.0,0.45075908303260803,-0.05613323725783481
321.777407889602,39.88331366614878,0.0,9.279761722129887,0.8711672425270081,0.0,0.0,0.4909818768501282,0.8904311060905457,0.0,0.0,0.45511648058891296,-0.4125415971931696
324.31076311903803,38.700111883058234,0.0,9.278656354930146,0.8723664283752441,0.0,0.0,0.4888489842414856,0.8884274363517761,0.0,0.0,0.45901569724082947,-0.05607741063158522
326.83049029334956,37.49433348239016,0.0,9.277327507510403,0.874050498008728,0.0,0.0,0.4858321249485016,0.88666170835495,0.0,0.0,0.46241724491119385,-0.412474483687122
329.33353917243954,36.2584204145458,0.0,9.275772994748902,0.8761935830116272,0.0,0.0,0.4819568395614624,0.8851608037948608,0.0,0.0,0.46528398990631104,-0.05599889988605489
331.8168635255497,34.98482552390245,0.0,9.273990631523871,0.8787635564804077,0.0,0.0,0.47725534439086914,0.8839495182037354,0.0,0.0,0.46758100390434265,-0.4123844653424234
334.2774218854508,33.6660144496714,0.0,9.271978232713552,0.8817225694656372,0.0,0.0,0.4717665910720825,0.8830509781837463,0.0,0.0,0.46927592158317566,-0.055897263582503465
336.71217831223214,32.2944675511723,0.0,9.269733613196182,0.8850281834602356,0.0,0.0,0.4655357599258423,0.8824850916862488,0.0,0.0,0.470339298248291,-0.41227110072033396
339.11810316653595,30.862681857151294,0.0,9.267254587850001,0.8886348009109497,0.0,0.0,0.45861417055130005,0.882267415523529,0.0,0.0,0.4707432985305786,-0.05577206028219128
341.49217389208735,29.36317303875702,0.0,9.264538971553236,0.8924939632415771,0.0,0.0,0.4510582983493805,0.8824142813682556,0.0,0.0,0.47046616673469543,-0.41213394838211354
343.8313758073638,27.788477405776995,0.0,9.261584579184134,0.8965558409690857,0.0,0.0,0.4429297149181366,0.8829348683357239,0.0,0.0,0.4694890081882477,-0.05562284854637811
346.13270290623683,26.13115392572416,0.0,9.258389225620927,0.9007705450057983,0.0,0.0,0.4342944324016571,0.8838238716125488,0.0,0.0,0.4678138494491577,-0.41197256688902223
348.3931586674236,24.38434123328307,0.0,9.254950725741855,0.9050889015197754,0.0,0.0,0.42522162199020386,0.8850534558296204,0.0,0.0,0.46548402309417725,-0.055449186936323946
350.6097568725712,22.548589321623684,0.0,9.251266894425148,0.9094667434692383,0.0,0.0,0.41577601432800293,0.8865863084793091,0.0,0.0,0.4625582695007324,-0.41178651480231987
352.77952243279935,20.629705835400213,0.0,9.247335546549053,0.9138666987419128,0.0,0.0,0.4060138761997223,0.8883876800537109,0.0,0.0,0.45908963680267334,-0.055250634013288835
354.8994922235181,18.6336055508463,0.0,9.243154496991796,0.9182571172714233,0.0,0.0,0.395984023809433,0.8904258012771606,0.0,0.0,0.45512425899505615,-0.4115753506832665
356.9667159273323,16.566196522174096,0.0,9.238721560631621,0.9226114749908447,0.0,0.0,0.38572996854782104,0.892672061920166,0.0,0.0,0.4507029354572296,-0.055026748338532494
358.97825688484056,14.433378613099197,0.0,9.234034552346763,0.926906943321228,0.0,0.0,0.37529054284095764,0.8951002955436707,0.0,0.0,0.44586116075515747,-0.4113386330931222
360.93119295313113,12.241042011844653,0.0,9.229091287015459,0.9311240911483765,0.0,0.0,0.3647019863128662,0.8976873159408569,0.0,0.0,0.44062960147857666,-0.05477708847331508
362.8226173717718,9.99506572997752,0.0,9.223889579515948,0.9352458715438843,0.0,0.0,0.3539983928203583,0.9004122018814087,0.0,0.0,0.43503445386886597,-0.4110759205931469
364.6496396360851,7.701316085443941,0.0,9.218427244726463,0.9392572045326233,0.0,0.0,0.3432137072086334,0.9032568335533142,0.0,0.0,0.4290972054004669,-0.05450121297889671
366.4093863774959,5.365645170173858,0.0,9.21270209752524,0.9431447386741638,0.0,0.0,0.3323821425437927,0.906204879283905,0.0,0.0,0.4228360652923584,-0.4107867717446002
368.0990022507335,2.993889302641417,0.0,9.206711952790524,0.946895956993103,0.0,0.0,0.3215394914150238,0.9092422723770142,0.0,0.0,0.4162646234035492,-0.05419868041653736
369.7156514478403,0.5918665172926594,0.0,9.20045823724486,0.9504998326301575,0.0,0.0,0.3107244670391083,0.9123556613922119,0.0,0.0,0.4093959629535675,-0.4104709275251222
371.2565561117807,-1.8346576882902168,0.0,9.19396148023858,0.9539456963539124,0.0,0.0,0.2999788224697113,0.915529191493988,0.0,0.0,0.402249276638031,-0.05387056137581614
372.72119552241696,-4.2817281981347355,0.0,9.187248502947533,0.9572243690490723,0.0,0.0,0.28934621810913086,0.918743371963501,0.0,0.0,0.39485299587249756,-0.4101318882679986
374.1126167624684,-6.748248271923226,0.0,9.180346130392408,0.9603292942047119,0.0,0.0,0.27886828780174255,0.921979546546936,0.0,0.0,0.3872363269329071,-0.05352195670131493
375.43418035284265,-9.233384198781533,0.0,9.173281187593897,0.9632560610771179,0.0,0.0,0.26858434081077576,0.9252198338508606,0.0,0.0,0.3794293701648712,-0.4097750729751445
376.68924027202513,-11.736311628181959,0.0,9.166080499572676,0.9660027623176575,0.0,0.0,0.2585310935974121,0.9284473061561584,0.0,0.0,0.37146204710006714,-0.05315828558913205
377.8811425195683,-14.256215969566982,0.0,9.15877089134944,0.9685693979263306,0.0,0.0,0.2487427145242691,0.9316463470458984,0.0,0.0,0.3633643090724945,-0.40940590084265777
379.0132238247001,-16.792292758408742,0.0,9.151379187944876,0.9709576368331909,0.0,0.0,0.2392507791519165,0.9348023533821106,0.0,0.0,0.35516640543937683,-0.05278496723536624
380.08881049938464,-19.343747988855593,0.0,9.143932214379673,0.9731704592704773,0.0,0.0,0.2300843596458435,0.9379024505615234,0.0,0.0,0.34689733386039734,-0.4090297910666374
381.1112174351146,-21.90979841312588,0.0,9.136456795674514,0.9752123355865479,0.0,0.0,0.22126998007297516,0.9409345984458923,0.0,0.0,0.3385867476463318,-0.052407420836115826
382.0837472426857,-24.48967180781782,0.0,9.12897975685009,0.9770886898040771,0.0,0.0,0.2128317654132843,0.9438881874084473,0.0,0.0,0.3302637040615082,-0.4086521628431816
383.00968953417,-27.08260720731525,0.0,9.121527922927088,0.9788055419921875,0.0,0.0,0.2047913372516632,0.9467543363571167,0.0,0.0,0.3219553232192993,-0.05203106558747933
383.8923203462917,-29.687855104473158,0.0,9.114128118926194,0.9803695678710938,0.0,0.0,0.19716808199882507,0.9495252966880798,0.0,0.0,0.31368881464004517,-0.40827843536838904
384.73490170439567,-32.304677618768885,0.0,9.106807169868093,0.9817880392074585,0.0,0.0,0.18997904658317566,0.952194333076477,0.0,0.0,0.30549120903015137,-0.05166132068555501
385.5406813261962,-34.93234863210989,0.0,9.09959190077348,0.9830684065818787,0.0,0.0,0.1832384616136551,0.9547563195228577,0.0,0.0,0.29738742113113403,-0.40791402783835806
386.31289246450444,-37.57015389248785,0.0,9.092509136663036,0.9842182397842407,0.0,0.0,0.17695820331573486,0.9572070837020874,0.0,0.0,0.289402037858963,-0.05130360532644168
387.0547538881468,-40.217391085663365,0.0,9.085585702557447,0.9852452874183655,0.0,0.0,0.17114777863025665,0.959543764591217,0.0,0.0,0.2815578579902649,-0.40756435944918695
387.76947000030685,-42.8733698750664,0.0,9.078848423477407,0.9861570596694946,0.0,0.0,0.1658136397600174,0.9617639780044556,0.0,0.0,0.2738778591156006,-0.05096333870623759
388.4602310935642,-45.53741191008902,0.0,9.072324124443602,0.9869609475135803,0.0,0.0,0.16096019744873047,0.9638668298721313,0.0,0.0,0.26638275384902954,-0.40723484939697463
389.13021374093455,-48.2088508029375,0.0,9.066039630476714,0.9876638054847717,0.0,0.0,0.1565891057252884,0.965851902961731,0.0,0.0,0.2590928375720978,-0.050645940021041225
389.7825813222744,-50.88703207420548,0.0,9.060021766597432,0.9882726073265076,0.0,0.0,0.15269964933395386,0.9677196741104126,0.0,0.0,0.2520271837711334,-0.4069309168778189
390.42048468546255,-53.57131306731058,0.0,9.05429735782645,0.988793671131134,0.0,0.0,0.14928869903087616,0.9694710969924927,0.0,0.0,0.24520394206047058,-0.05035682846695122
391.04706294184535,-56.26106283193262,0.0,9.048893229184445,0.9892327785491943,0.0,0.0,0.1463506817817688,0.9711076021194458,0.0,0.0,0.23864029347896576,-0.4066579810878187
391.66544439549835,-58.95566197656654,0.0,9.043836205692113,0.9895954132080078,0.0,0.0,0.14387762546539307,0.9726313948631287,0.0,0.0,0.23235204815864563,-0.05010142324006578
392.2787476059484,-61.65450249029287,0.0,9.03915311237014,0.9898867607116699,0.0,0.0,0.14185938239097595,0.974044680595398,0.0,0.0,0.22635464370250702,-0.40642146122307266
392.8900825840839,-64.35698753384227,0.0,9.03487077423921,0.9901112914085388,0.0,0.0,0.14028340578079224,0.9753499627113342,0.0,0.0,0.22066240012645721,-0.04988514353648332
393.50255212108635,-67.062531200016,0.0,9.031016016320011,0.9902673363685608,0.0,0.0,0.13913430273532867,0.976550281047821,0.0,0.0,0.21528805792331696,-0.4062267764796788
394.1192532503199,-69.77055824349603,0.0,9.027615663633233,0.9903687834739685,0.0,0.0,0.1383965015411377,0.9776484966278076,0.0,0.0,0.21024461090564728,-0.04971340855230266
394.7432788422339,-72.48050378005367,0.0,9.02469654119956,0.9904173016548157,0.0,0.0,0.1380508989095688,0.9786477088928223,0.0,0.0,0.20554345846176147,-0.40607934605373575
395.3777193324591,-75.19181295514039,0.0,9.022285474039682,0.9904145002365112,0.0,0.0,0.1380762904882431,0.9795506596565247,0.0,0.0,0.20119604468345642,-0.04959163748362194
396.0256645834073,-77.90394058181414,0.0,9.020409287174292,0.9903624653816223,0.0,0.0,0.13844940066337585,0.9803615808486938,0.0,0.0,0.19720710813999176,-0.4059845891413423
396.6901136490459,-80.61634960495107,0.0,9.019091005255152,0.9902633428573608,0.0,0.0,0.13914531469345093,0.9810863137245178,0.0,0.0,0.19357003271579742,-0.04952505758871589
397.37259794248916,-83.3285008398099,0.0,9.018320935210593,0.9901193380355835,0.0,0.0,0.14013972878456116,0.9817312955856323,0.0,0.0,0.1902715116739273,-0.40594569671484937
398.07347064370697,-86.03984752388635,0.0,9.01807268902755,0.9899322986602783,0.0,0.0,0.1414109766483307,0.9823027849197388,0.0,0.0,0.18729886412620544,-0.04951251990270367
398.79305364921254,-88.7498348750914,0.0,9.018319745167426,0.9897159337997437,0.0,0.0,0.1429414451122284,0.9828061461448669,0.0,0.0,0.18463976681232452,-0.4059581742976714
399.53167080822806,-91.45789972115796,0.0,9.019035582091629,0.9894614219665527,0.0,0.0,0.14471246302127838,0.9832459688186646,0.0,0.0,0.18228280544281006,-0.049548673282713895
400.2896477936079,-94.16347015999504,0.0,9.020193678261565,0.989169716835022,0.0,0.0,0.1467086672782898,0.9836267232894897,0.0,0.0,0.18021684885025024,-0.4060166640032237
401.06731196074514,-96.86596525087631,0.0,9.021767512138638,0.9888415932655334,0.0,0.0,0.14891664683818817,0.9839520454406738,0.0,0.0,0.1784319281578064,-0.04962815984216201
401.864992194401,-99.56479473638076,0.0,9.023730562184253,0.9884775876998901,0.0,0.0,0.15132418274879456,0.9842253923416138,0.0,0.0,0.17691807448863983,-0.40611580794492147
402.6830187433956,-102.25935879502754,0.0,9.02605630685982,0.9880779981613159,0.0,0.0,0.15392030775547028,0.984449565410614,0.0,0.0,0.17566631734371185,-0.04974562169446334
403.5217230430915,-104.94904782457094,0.0,9.028718224626738,0.9876427054405212,0.0,0.0,0.15669497847557068,0.984627366065979,0.0,0.0,0.17466750741004944,-0.40625024823618
404.3814375256005,-107.63324225595011,0.0,9.03168979394642,0.9871719479560852,0.0,0.0,0.15963900089263916,0.9847608208656311,0.0,0.0,0.17391374707221985,-0.049895700953033084
405.2624954176371,-110.31131239789919,0.0,9.034944493280264,0.9866656064987183,0.0,0.0,0.16274359822273254,0.9848492741584778,0.0,0.0,0.17339716851711273,-0.4064146269904146
406.1652305259462,-112.98261831225423,0.0,9.038455801089679,0.9861233234405518,0.0,0.0,0.16600044071674347,0.9848989248275757,0.0,0.0,0.17311084270477295,-0.05007303973128635
407.08997701022247,-115.64650971999941,0.0,9.04219719583607,0.9855450987815857,0.0,0.0,0.16940128803253174,0.9849100708961487,0.0,0.0,0.17304828763008118,-0.40660358632104043
408.03706914344775,-118.30232593811793,0.0,9.046142155980842,0.9849309921264648,0.0,0.0,0.1729382872581482,0.9848828315734863,0.0,0.0,0.1732024848461151,-0.05027228014263846
409.00684105956555,-120.94939584732435,0.0,9.050264159985405,0.9842807054519653,0.0,0.0,0.17660319805145264,0.984817385673523,0.0,0.0,0.17356760799884796,-0.40681176834147287
409.9996264884154,-123.58703789076145,0.0,9.05453668631116,0.9835943579673767,0.0,0.0,0.18038761615753174,0.9847136735916138,0.0,0.0,0.17413774132728577,-0.05048806430050484
411.01575847785335,-126.21456010376563,0.0,9.058933213419511,0.9828723073005676,0.0,0.0,0.1842828243970871,0.9845776557922363,0.0,0.0,0.17490899562835693,-0.407033815165127
412.05556910298276,-128.83126017479788,0.0,9.063427219771865,0.9821145534515381,0.0,0.0,0.1882796734571457,0.9844061732292175,0.0,0.0,0.1758756786584854,-0.050715034318300545
413.11938916242684,-131.4364255376566,0.0,9.067992183829631,0.9813220500946045,0.0,0.0,0.19236843287944794,0.9841992855072021,0.0,0.0,0.1770334094762802,-0.4072643689054181
414.2075478615774,-134.02933349508365,0.0,9.072601584054208,0.9804953932762146,0.0,0.0,0.19653885066509247,0.9839569926261902,0.0,0.0,0.17837807536125183,-0.05094783230944083
415.32037248275594,-136.6092513738796,0.0,9.077228898907011,0.9796359539031982,0.0,0.0,0.20077984035015106,0.9836792349815369,0.0,0.0,0.1799059361219406,-0.4074980716757617
416.458188042235,-139.17543671164572,0.0,9.081847606849438,0.9787449240684509,0.0,0.0,0.20507942140102386,0.9833660125732422,0.0,0.0,0.18161296844482422,-0.051181100387341194
417.62131693406496,-141.7271374752649,0.0,9.086431186342896,0.977824330329895,0.0,0.0,0.20942500233650208,0.9830166101455688,0.0,0.0,0.18349649012088776,-0.40772956558957274
418.8100785606699,-144.2635923112344,0.0,9.090953115848789,0.9768764972686768,0.0,0.0,0.21380281448364258,0.9826309680938721,0.0,0.0,0.18555200099945068,-0.05140948066541662
420.0247888530078,-146.7840309554799,0.0,9.095386873828527,0.975904107093811,0.0,0.0,0.2181982845067978,0.9822094440460205,0.0,0.0,0.18777251243591309,-0.40795349276026655
421.2655636081635,-149.28793226626587,0.0,9.099706189652576,0.974910318851471,0.0,0.0,0.2225961536169052,0.9817534685134888,0.0,0.0,0.19014406204223633,-0.05162762792925746
422.5319068773069,-151.77556975731395,0.0,9.103896773427753,0.9738985300064087,0.0,0.0,0.22698239982128143,0.981264591217041,0.0,0.0,0.19265228509902954,-0.40816513840547747
423.82320269841983,-154.24737389714616,0.0,9.107961325403418,0.9728716611862183,0.0,0.0,0.23134423792362213,0.9807442426681519,0.0,0.0,0.19528448581695557,-0.05183290833206883
425.1388326618965,-156.70377846306326,0.0,9.111903837104053,0.971832811832428,0.0,0.0,0.2356703132390976,0.9801940321922302,0.0,0.0,0.19802819192409515,-0.4083642551580349
426.4781760448444,-159.145220441435,0.0,9.115728300054139,0.9707851409912109,0.0,0.0,0.23994997143745422,0.9796156883239746,0.0,0.0,0.2008705735206604,-0.05202606302651758
427.8406099415471,-161.57213993096323,0.0,9.119438705778153,0.9697313904762268,0.0,0.0,0.24417367577552795,0.9790105819702148,0.0,0.0,0.2037999927997589,-0.4085516493865204
429.225509390065,-163.9849800489352,0.0,9.123039045800592,0.9686746001243591,0.0,0.0,0.24833281338214874,0.9783802628517151,0.0,0.0,0.20680563151836395,-0.052207898381186224
430.6322474949523,-166.3841868404877,0.0,9.126533311645924,0.9676176905632019,0.0,0.0,0.2524196207523346,0.9777262806892395,0.0,0.0,0.20987635850906372,-0.408728127459517
432.06019554606723,-168.77020919089549,0.0,9.129925494838641,0.9665634036064148,0.0,0.0,0.2564271092414856,0.977050244808197,0.0,0.0,0.2130018174648285,-0.05237922076465684
433.5087231334539,-171.1434987409036,0.0,9.13321958690322,0.9655144214630127,0.0,0.0,0.26034894585609436,0.9763538837432861,0.0,0.0,0.21617212891578674,-0.40889449574560677
434.97719825827585,-173.50450980511366,0.0,9.136419579364143,0.9644733667373657,0.0,0.0,0.2641793191432953,0.9756385087966919,0.0,0.0,0.21937844157218933,-0.052540836545511505
436.46498743978316,-175.85369929344552,0.0,9.139529463745896,0.9634428024291992,0.0,0.0,0.26791316270828247,0.9749060869216919,0.0,0.0,0.2226112186908722,-0.40905156061337217
437.9714558182948,-178.19152663568127,0.0,9.142553231572961,0.9624252915382385,0.0,0.0,0.2715458273887634,0.9741582274436951,0.0,0.0,0.22586219012737274,-0.052693552092332896
439.4959672541754,-180.51845370910792,0.0,9.145494874369817,0.9614230990409851,0.0,0.0,0.2750731110572815,0.9733964800834656,0.0,0.0,0.22912311553955078,-0.4092001284313952
441.0378844227967,-182.83494476927245,0.0,9.148358383660952,0.9604384899139404,0.0,0.0,0.2784914970397949,0.9726226329803467,0.0,0.0,0.23238663375377655,-0.05283817377370337
442.59656890546256,-185.1414663838583,0.0,9.151147750970841,0.9594736099243164,0.0,0.0,0.2817975580692291,0.9718382954597473,0.0,0.0,0.23564550280570984,-0.40934100556825825
444.1713812762834,-187.43848736969485,0.0,9.153866967823976,0.958530843257904,0.0,0.0,0.28498825430870056,0.9710453748703003,0.0,0.0,0.2388923168182373,-0.05297550795820516
445.7616811849898,-189.7264787329129,0.0,9.156520025744829,0.9576117992401123,0.0,0.0,0.2880609631538391,0.9702456593513489,0.0,0.0,0.24212037026882172,-0.4094749983925438
447.3668274356674,-192.00591361225304,0.0,9.159110916257893,0.9567187428474426,0.0,0.0,0.2910134494304657,0.969440758228302,0.0,0.0,0.24532361328601837,-0.0531063610144204
448.986178061403,-194.27726722553896,0.0,9.161643630887642,0.955853283405304,0.0,0.0,0.29384368658065796,0.9686325192451477,0.0,0.0,0.24849556386470795,-0.4096029132728342
450.6190903948287,-196.54101681932292,0.0,9.164122161158563,0.9550172686576843,0.0,0.0,0.29654985666275024,0.9678226709365845,0.0,0.0,0.25163137912750244,-0.05323153931093155
452.26492113455447,-198.79764162171347,0.0,9.166550498595134,0.9542121887207031,0.0,0.0,0.29913029074668884,0.9670130014419556,0.0,0.0,0.2547251880168915,-0.40972555657771154
453.9230264074762,-201.04762279839338,0.0,9.168932634721843,0.9534397125244141,0.0,0.0,0.3015836179256439,0.966205358505249,0.0,0.0,0.2577717900276184,-0.05335184921632091
455.5927618269485,-203.29144341183328,0.0,9.171272561063171,0.952701210975647,0.0,0.0,0.3039085566997528,0.9654014706611633,0.0,0.0,0.2607664465904236,-0.4098437346757584
457.2734825468176,-205.52958838371313,0.0,9.173574269143598,0.9519981145858765,0.0,0.0,0.30610406398773193,0.964603066444397,0.0,0.0,0.2637048661708832,-0.053468097099170775
458.96454331129695,-207.7625444605534,0.0,9.175841750487608,0.9513316750526428,0.0,0.0,0.3081691861152649,0.9638117551803589,0.0,0.0,0.26658251881599426,-0.4099582539355569
460.6652985006825,-209.99080018256618,0.0,9.178078996619682,0.9507030248641968,0.0,0.0,0.31010308861732483,0.9630293846130371,0.0,0.0,0.2693953514099121,-0.05358108932806338
462.3751021728984,-212.21484585573177,0.0,9.180289999064307,0.9501133561134338,0.0,0.0,0.31190499663352966,0.9622575640678406,0.0,0.0,0.27213943004608154,-0.4100699207256895
464.0933081008619,-214.43517352710694,0.0,9.182478749345963,0.9495636224746704,0.0,0.0,0.31357431411743164,0.9614979028701782,0.0,0.0,0.27481135725975037,-0.05369163227158136
465.8192698056635,-216.65227696337075,0.0,9.184649238989127,0.9490549564361572,0.0,0.0,0.3151107132434845,0.9607521295547485,0.0,0.0,0.2774076461791992,-0.4101795414147382
467.55234058555067,-218.8666516326134,0.0,9.186805459518293,0.9485880136489868,0.0,0.0,0.3165135681629181,0.9600217938423157,0.0,0.0,0.27992507815361023,-0.053800532298306836
469.29187354071155,-221.07879468937568,0.0,9.188951402457931,0.9481559991836548,0.0,0.0,0.31777989864349365,0.9593082666397095,0.0,0.0,0.2823604345321655,-0.4102879223712856
471.03722159384796,-223.28920496294188,0.0,9.191091059332532,0.9477695226669312,0.0,0.0,0.31891292333602905,0.9586133360862732,0.0,0.0,0.2847108244895935,-0.053908595776822055
472.7877375065335,-225.49838294889335,0.0,9.193228421666571,0.9474286437034607,0.0,0.0,0.3199126124382019,0.9579383134841919,0.0,0.0,0.286974161863327,-0.41039586996391386
474.5427738913481,-227.70683080392902,0.0,9.19536748098454,0.9471335411071777,0.0,0.0,0.32077887654304504,0.9572845697402954,0.0,0.0,0.2891472280025482,-0.054016629075709366
476.30168321978124,-229.915052343954,0.0,9.197512228810915,0.946884036064148,0.0,0.0,0.3215121328830719,0.9566537737846375,0.0,0.0,0.2912274897098541,-0.4105041905612055
478.06381782590023,-232.12355304544735,0.0,9.199666656670182,0.9466800093650818,0.0,0.0,0.322113037109375,0.9560469388961792,0.0,0.0,0.29321327805519104,-0.05412543856355112
479.8285299057726,-234.3328400501109,0.0,9.201834756086818,0.946520984172821,0.0,0.0,0.32258275151252747,0.95546555519104,0.0,0.0,0.2951023578643799,-0.41061369053174274
481.595171512639,-236.54342217280322,0.0,9.204020518585311,0.9464065432548523,0.0,0.0,0.32292237877845764,0.9549108743667603,0.0,0.0,0.296891987323761,-0.0542358306089295
483.3630945478274,-238.75580991276968,0.0,9.20622793569014,0.946336030960083,0.0,0.0,0.32313379645347595,0.954383909702301,0.0,0.0,0.2985810935497284,-0.41072517624410787
485.13165074740226,-240.9705154681666,0.0,9.20846099892579,0.9463084936141968,0.0,0.0,0.32321926951408386,0.953886091709137,0.0,0.0,0.3001677393913269,-0.054348611580426975
486.9001916645409,-243.1880527538928,0.0,9.210723699816741,0.9463229775428772,0.0,0.0,0.32318130135536194,0.9534183740615845,0.0,0.0,0.30165034532546997,-0.41083945406688316
488.66806864763197,-245.40893742272905,0.0,9.21302002988748,0.9463782906532288,0.0,0.0,0.32302290201187134,0.9529818892478943,0.0,0.0,0.3030267059803009,-0.05446458784662589
490.434632814083,-247.6336868897941,0.0,9.215353980662481,0.9464730620384216,0.0,0.0,0.3227476477622986,0.9525775909423828,0.0,0.0,0.3042955696582794,-0.41095733036865095
492.1992350198343,-249.8628203603218,0.0,9.217729543666236,0.9466056823730469,0.0,0.0,0.32235950231552124,0.9522063136100769,0.0,0.0,0.3054555356502533,-0.05458456577610843
493.9612258245683,-252.09685886076915,0.0,9.22015071042322,0.946774423122406,0.0,0.0,0.3218631148338318,0.9518688917160034,0.0,0.0,0.306505411863327,-0.41107961151799355
495.7199554526062,-254.33632527325798,0.0,9.22262147245792,0.9469773769378662,0.0,0.0,0.32126328349113464,0.9515663385391235,0.0,0.0,0.30744343996047974,-0.054709351737456946
497.4747737494821,-256.58174437336044,0.0,9.225145821294817,0.9472124576568604,0.0,0.0,0.3205655813217163,0.9512989521026611,0.0,0.0,0.30826932191848755,-0.4112071038834934
499.22503013418543,-258.83364287123476,0.0,9.227727748458397,0.947477400302887,0.0,0.0,0.31977587938308716,0.9510680437088013,0.0,0.0,0.3089810013771057,-0.0548397520992539
500.9700734800589,-261.0925493691027,0.0,9.23037089043013,0.9477697014808655,0.0,0.0,0.31890103220939636,0.9508699178695679,0.0,0.0,0.309578001499176,-0.4113405959022678
502.7092591245802,-263.358985987129,0.0,9.233075910425999,0.9480868577957153,0.0,0.0,0.3179480731487274,0.9507089257240295,0.0,0.0,0.3100644648075104,-0.05497636927076244
504.4421871914977,-265.6332273314285,0.0,9.235841988932624,0.9484263062477112,0.0,0.0,0.31692394614219666,0.9505833983421326,0.0,0.0,0.3104451298713684,-0.4114802968369458
506.16875040157504,-267.91525225592414,0.0,9.238668295550116,0.9487856030464172,0.0,0.0,0.315835177898407,0.9504913091659546,0.0,0.0,0.31072551012039185,-0.05511911202922165
507.88885812189926,-270.2050221805467,0.0,9.241553999878592,0.9491628408432007,0.0,0.0,0.3146873712539673,0.9504309892654419,0.0,0.0,0.31091010570526123,-0.41162603947979814
509.60241920543456,-272.50249838928636,0.0,9.244498271518161,0.9495655298233032,0.0,0.0,0.3134887218475342,0.9504008293151855,0.0,0.0,0.31100326776504517,-0.05526781261707864
511.30934198785917,-274.8076420233041,0.0,9.247500280068936,0.9499817490577698,0.0,0.0,0.31224048137664795,0.9503992795944214,0.0,0.0,0.3110091984272003,-0.4117776560732716
513.0095342845194,-277.1204140741162,0.0,9.250559195131029,0.950410008430481,0.0,0.0,0.31094682216644287,0.9504246711730957,0.0,0.0,0.31093257665634155,-0.05542230327678033
514.7029033874999,-279.4407753768506,0.0,9.253674186304556,0.950849175453186,0.0,0.0,0.30961158871650696,0.9504756927490234,0.0,0.0,0.31077682971954346,-0.4119349788598134
516.3893560628144,-281.7686866035789,0.0,9.25684442318962,0.9512979388237,0.0,0.0,0.3082379698753357,0.9505513310432434,0.0,0.0,0.3105446398258209,-0.055582416250773425
518.0687985477118,-284.1041082567185,0.0,9.260069075386342,0.9517555236816406,0.0,0.0,0.3068290054798126,0.9506499171257019,0.0,0.0,0.3102407455444336,-0.4120978400818701
519.7411365481012,-286.44700066250914,0.0,9.263347312494833,0.9522207975387573,0.0,0.0,0.30538734793663025,0.950770378112793,0.0,0.0,0.30986782908439636,-0.05574798378150525
521.4062752360948,-288.797323964561,0.0,9.266678304115198,0.952692985534668,0.0,0.0,0.303915411233902,0.9509116411209106,0.0,0.0,0.309428870677948,-0.4122660719818886
523.0641192476703,-291.15503811747783,0.0,9.27006121984756,0.9531713724136353,0.0,0.0,0.30241528153419495,0.951072633266449,0.0,0.0,0.30892670154571533,-0.05591883811142251
524.7145726804505,-293.5201028805488,0.0,9.273495229292024,0.9536552429199219,0.0,0.0,0.30088886618614197,0.9512524008750916,0.0,0.0,0.30836400389671326,-0.41243950680231606
526.3575390916035,-295.89247781151744,0.0,9.276979502048704,0.9541438817977905,0.0,0.0,0.2993379533290863,0.9514544606208801,0.0,0.0,0.3077448606491089,-0.05609481148297196
527.9929214958606,-298.2721222604193,0.0,9.280513207717716,0.9546368718147278,0.0,0.0,0.29776400327682495,0.9516737461090088,0.0,0.0,0.3070705235004425,-0.4126179767855995
529.6206223636549,-300.65899536349457,0.0,9.284095515899168,0.9551335573196411,0.0,0.0,0.2961682379245758,0.9519093036651611,0.0,0.0,0.3063436448574066,-0.05627573613860082
531.2405436193789,-303.0530560371716,0.0,9.28772559619317,0.9556335806846619,0.0,0.0,0.2945519685745239,0.9521602392196655,0.0,0.0,0.30556631088256836,-0.4128013141741855
532.8525866397624,-305.45426297212424,0.0,9.291402618199838,0.9561366438865662,0.0,0.0,0.2929162383079529,0.9524260759353638,0.0,0.0,0.3047400414943695,-0.05646144432075578
534.4566522523709,-307.8625746274004,0.0,9.295125751519285,0.9566422700881958,0.0,0.0,0.29126185178756714,0.9527058005332947,0.0,0.0,0.30386725068092346,-0.41298935121052116
536.0526407342246,-310.2779492246237,0.0,9.298894165751623,0.9571499228477478,0.0,0.0,0.28958985209465027,0.9529987573623657,0.0,0.0,0.30294978618621826,-0.05665176827188401
537.6404518105377,-312.7003447422683,0.0,9.302707030496963,0.9576595425605774,0.0,0.0,0.28790083527565,0.9533044099807739,0.0,0.0,0.3019890785217285,-0.4131819201370535
539.219984653581,-315.12971891000535,0.0,9.306563515355414,0.9581706523895264,0.0,0.0,0.28619539737701416,0.9536218643188477,0.0,0.0,0.3009874224662781,-0.05684654023443203
540.7911378816636,-317.5660292031216,0.0,9.310462789927096,0.9586832523345947,0.0,0.0,0.2844740152359009,0.9539504647254944,0.0,0.0,0.2999463379383087,-0.41337885319622936
542.353809558238,-320.00923283701206,0.0,9.314404023812115,0.9591969847679138,0.0,0.0,0.28273725509643555,0.9542897939682007,0.0,0.0,0.29886680841445923,-0.057045592450847116
543.9078971911281,-322.45928676174464,0.0,9.318386386610584,0.9597116708755493,0.0,0.0,0.280985563993454,0.9546392560005188,0.0,0.0,0.297750324010849,-0.4135799826304955
545.4532977318783,-324.91614765669675,0.0,9.322409047922614,0.9602270722389221,0.0,0.0,0.27921923995018005,0.9549981355667114,0.0,0.0,0.2965984642505646,-0.05724875716357586
546.9899075752277,-327.3797719252669,0.0,9.326471177348326,0.9607431292533875,0.0,0.0,0.2774384915828705,0.9553662538528442,0.0,0.0,0.2954120337963104,-0.41378514068229916
548.5176225587055,-329.85011568965604,0.0,9.33057194448782,0.961259663105011,0.0,0.0,0.2756437361240387,0.9557428956031799,0.0,0.0,0.29419267177581787,-0.057455866615065465
550.0363379623524,-332.3271347857256,0.0,9.33471051894122,0.9617764353752136,0.0,0.0,0.2738351821899414,0.956127405166626,0.0,0.0,0.2929416000843048,-0.41399415959408703
551.5459485085648,-334.81078475792486,0.0,9.33888607030863,0.9622934460639954,0.0,0.0,0.2720128893852234,0.9565197229385376,0.0,0.0,0.29165881872177124,-0.057666753047762975
553.0463483620648,-337.3010208542949,0.0,9.343097768190164,0.9628105163574219,0.0,0.0,0.27017712593078613,0.9569191336631775,0.0,0.0,0.290346622467041,-0.4142068716083059
554.5374311299943,-339.7977980215437,0.0,9.347344782185937,0.9633274674415588,0.0,0.0,0.268327921628952,0.9573252201080322,0.0,0.0,0.28900542855262756,-0.05788124870411515
556.0190898621347,-342.30107090019527,0.0,9.35162628189606,0.9638442993164062,0.0,0.0,0.2664652466773987,0.9577378630638123,0.0,0.0,0.28763547539711,-0.41442310896740303
557.4912170512544,-344.8107938198129,0.0,9.35594143692064,0.9643609523773193,0.0,0.0,0.2645893394947052,0.9581565856933594,0.0,0.0,0.28623849153518677,-0.058099185826568644
558.9537046335794,-347.3269207942956,0.0,9.360289416859791,0.9648773074150085,0.0,0.0,0.2627001404762268,0.9585806727409363,0.0,0.0,0.2848154604434967,-0.4146427039138248
560.4064439893929,-349.84940551724765,0.0,9.364669391313639,0.9653933048248291,0.0,0.0,0.2607975900173187,0.9590102434158325,0.0,0.0,0.28336605429649353,-0.05832039665757105
561.8493259437623,-352.37820135742476,0.0,9.369080529882277,0.9659088850021362,0.0,0.0,0.2588818371295929,0.9594447612762451,0.0,0.0,0.281891793012619,-0.4148654886900187
563.2822407673941,-354.9132613542513,0.0,9.37352200216583,0.9664238691329956,0.0,0.0,0.2569526731967926,0.959883987903595,0.0,0.0,0.28039252758026123,-0.05854471343956863
564.7050781776135,-357.4545382134131,0.0,9.377992977764402,0.9669382572174072,0.0,0.0,0.25501003861427307,0.9603278636932373,0.0,0.0,0.27886906266212463,-0.4150912955384315
566.1177273394776,-360.001984302526,0.0,9.382492626278111,0.9674520492553711,0.0,0.0,0.2530539631843567,0.9607757925987244,0.0,0.0,0.27732235193252563,-0.05877196841500848
567.5200768670152,-362.5555516468771,0.0,9.387020117307065,0.9679651260375977,0.0,0.0,0.2510845363140106,0.9612274169921875,0.0,0.0,0.27575331926345825,-0.4153199567015099
568.912014824596,-365.1151919252426,0.0,9.39157462045138,0.9684772491455078,0.0,0.0,0.24910172820091248,0.9616826176643372,0.0,0.0,0.27416181564331055,-0.05900199382633753
570.2934287284296,-367.68085646577885,0.0,9.396155305311169,0.9689884185791016,0.0,0.0,0.2471056580543518,0.9621413946151733,0.0,0.0,0.27254775166511536,-0.4155513044217013
571.6642055481972,-370.2524962419908,0.0,9.40076134148654,0.9694986343383789,0.0,0.0,0.24509687721729279,0.9626032114028931,0.0,0.0,0.2709125280380249,-0.059234621916002705
573.0242317088109,-372.83006186877384,0.0,9.405391898577609,0.9700073599815369,0.0,0.0,0.24307535588741302,0.9630680084228516,0.0,0.0,0.26925578713417053,-0.41578517094145223
574.3733930923091,-375.41350359853317,0.0,9.410046146184484,0.9705146551132202,0.0,0.0,0.24104183912277222,0.9635355472564697,0.0,0.0,0.2675781548023224,-0.059469684926450994
575.7115750398779,-378.0027713173777,0.0,9.41472325390728,0.9710202813148499,0.0,0.0,0.23899701237678528,0.9640055894851685,0.0,0.0,0.26588019728660583,-0.4160213885032096
577.0386623540107,-380.59781454139096,0.0,9.419422391346108,0.9715238213539124,0.0,0.0,0.23694168031215668,0.9644778370857239,0.0,0.0,0.26416200399398804,-0.05970701510012921
578.3545393007979,-383.19858241297777,0.0,9.424142728101087,0.9720251560211182,0.0,0.0,0.23487678170204163,0.964952290058136,0.0,0.0,0.26242369413375854,-0.41625978934942065
579.6590896123502,-385.80502369728754,0.0,9.428883433772318,0.9725238084793091,0.0,0.0,0.23280362784862518,0.9654286503791809,0.0,0.0,0.2606657147407532,-0.05994644467948429
580.9521964893563,-388.41708677871486,0.0,9.433643677959923,0.9730193018913269,0.0,0.0,0.23072369396686554,0.9659066796302795,0.0,0.0,0.25888878107070923,-0.416500205722532
582.2337426037761,-391.034719657477,0.0,9.43842263026401,0.9735114574432373,0.0,0.0,0.22863857448101044,0.9663864970207214,0.0,0.0,0.25709202885627747,-0.06018780590696349
583.5036101016668,-393.65786994626785,0.0,9.443219460284688,0.9739995002746582,0.0,0.0,0.22655023634433746,0.9668676853179932,0.0,0.0,0.2552762031555176,-0.4167424698649904
584.7616806061465,-396.28648486699075,0.0,9.448033337622073,0.9744831919670105,0.0,0.0,0.22446084022521973,0.9673501253128052,0.0,0.0,0.2534419298171997,-0.060430931025013235
586.0078352204929,-398.92051124756796,0.0,9.452863431876276,0.9749617576599121,0.0,0.0,0.2223726212978363,0.9678337574005127,0.0,0.0,0.25158870220184326,-0.4169864140192431
587.2419545313786,-401.5598955188292,0.0,9.457708912647417,0.9754348397254944,0.0,0.0,0.22028839588165283,0.9683184623718262,0.0,0.0,0.24971693754196167,-0.060675652276081016
588.4639186122444,-404.2045837114773,0.0,9.462568949535592,0.97590172290802,0.0,0.0,0.21821075677871704,0.9688040018081665,0.0,0.0,0.24782662093639374,-0.4172318704277368
589.673607051408,-406.85452145313405,0.0,9.46744271214093,0.9763616919517517,0.0,0.0,0.21614307165145874,0.9692898392677307,0.0,0.0,0.24591973423957825,-0.060921801902613204
590.8709765374565,-409.50965396546343,0.0,9.472329370063532,0.9768142104148865,0.0,0.0,0.21408863365650177,0.9697751998901367,0.0,0.0,0.24399839341640472,-0.4174786713329187
592.0562332325137,-412.1699260613748,0.0,9.477228092903516,0.9772586226463318,0.0,0.0,0.2120504379272461,0.9702594876289368,0.0,0.0,0.24206534028053284,-0.06116921214705684
593.229633953897,-414.83528214230483,0.0,9.48213805026099,0.977694571018219,0.0,0.0,0.21003127098083496,0.970741868019104,0.0,0.0,0.2401239573955536,-0.4177266489772356
594.3914362038063,-417.50566619558066,0.0,9.48705841173607,0.9781215786933899,0.0,0.0,0.20803381502628326,0.9712217450141907,0.0,0.0,0.2381758838891983,-0.06141771525185885
595.5418981787875,-420.1810217918607,0.0,9.491988346928869,0.978539228439331,0.0,0.0,0.20606043934822083,0.9716983437538147,0.0,0.0,0.23622402548789978,-0.4179756356031345
596.681278778851,-422.8612920826573,0.0,9.496927025439494,0.9789472222328186,0.0,0.0,0.20411309599876404,0.9721711277961731,0.0,0.0,0.23427055776119232,-0.06166714345946617
597.8098376162443,-425.54641979794036,0.0,9.50187361686806,0.979345440864563,0.0,0.0,0.20219388604164124,0.9726396203041077,0.0,0.0,0.2323179990053177,-0.41822546345306216
598.9278350238801,-428.23634724382043,0.0,9.506827290814686,0.9797335863113403,0.0,0.0,0.20030449330806732,0.9731033444404602,0.0,0.0,0.23036819696426392,-0.061917329012325995
600.0355320634128,-430.931016300314,0.0,9.511787216879469,0.9801114797592163,0.0,0.0,0.19844679534435272,0.9735616445541382,0.0,0.0,0.2284233421087265,-0.41847596476946536
601.1331905329702,-433.63036841918915,0.0,9.516752564662537,0.9804791808128357,0.0,0.0,0.1966220885515213,0.9740143418312073,0.0,0.0,0.22648531198501587,-0.062168104152884984
602.2210729745307,-436.3343446218946,0.0,9.521722503763995,0.9808363914489746,0.0,0.0,0.19483181834220886,0.9744608998298645,0.0,0.0,0.22455640137195587,-0.4187269717947915
603.2994426809506,-439.0428854975694,0.0,9.526696203783953,0.9811834096908569,0.0,0.0,0.19307702779769897,0.9749009609222412,0.0,0.0,0.2226380705833435,-0.0624193011235899
604.368563702639,-441.7559312011351,0.0,9.531672834322528,0.9815200567245483,0.0,0.0,0.1913590133190155,0.9753342866897583,0.0,0.0,0.2207319140434265,-0.4189783167714872
605.4287008538765,-444.47342145147246,0.0,9.536651564979827,0.9818462133407593,0.0,0.0,0.18967869877815247,0.9757605791091919,0.0,0.0,0.2188396453857422,-0.06267075216688789
606.4801197187783,-447.19529552967737,0.0,9.541631565355967,0.9821619391441345,0.0,0.0,0.18803726136684418,0.9761794805526733,0.0,0.0,0.21696354448795319,-0.4192298319419993
607.5230866569021,-449.9214922774049,0.0,9.546612005051058,0.9824672937393188,0.0,0.0,0.18643547594547272,0.9765907526016235,0.0,0.0,0.21510453522205353,-0.06292228952522577
608.5578688084953,-452.65195009529225,0.0,9.551592053665216,0.9827622771263123,0.0,0.0,0.18487419188022614,0.9769943356513977,0.0,0.0,0.21326422691345215,-0.419481349548775
609.5847340993841,-455.38660694146904,0.0,9.55657088079855,0.9830469489097595,0.0,0.0,0.1833542138338089,0.9773899912834167,0.0,0.0,0.2114439159631729,-0.06317374544105075
610.6039512454995,-458.1254003301498,0.0,9.561547656051172,0.983321487903595,0.0,0.0,0.18187618255615234,0.9777774214744568,0.0,0.0,0.20964528620243073,-0.4197327018342609
611.6157897570439,-460.8682673303126,0.0,9.566521549023195,0.9835858345031738,0.0,0.0,0.18044064939022064,0.9781565070152283,0.0,0.0,0.20786932110786438,-0.06342495215680949
612.6205199422911,-463.61514456446105,0.0,9.57149172931473,0.9838403463363647,0.0,0.0,0.17904826998710632,0.9785272479057312,0.0,0.0,0.20611704885959625,-0.4199837210409041
613.618412911022,-466.36596820747275,0.0,9.576457366525888,0.9840764403343201,0.0,0.0,0.17769822478294373,0.9788894653320312,0.0,0.0,0.20438998937606812,-0.06367574191494879
614.6097405775946,-469.12067398553194,0.0,9.581417630256787,0.9843040704727173,0.0,0.0,0.17639273405075073,0.9792429804801941,0.0,0.0,0.20268893241882324,-0.4202342394111515
615.5947756636457,-471.8791971751497,0.0,9.586371690107532,0.9845231771469116,0.0,0.0,0.17513220012187958,0.9795877933502197,0.0,0.0,0.2010154277086258,-0.0639259469579157
616.573791700422,-474.64147260226775,0.0,9.591318715678245,0.9847337603569031,0.0,0.0,0.1739170104265213,0.9799239635467529,0.0,0.0,0.1993705779314041,-0.4204840891874502
617.547063030744,-477.40743464145186,0.0,9.596257876569027,0.9849358201026917,0.0,0.0,0.17274749279022217,0.9802512526512146,0.0,0.0,0.19775515794754028,-0.06417539952815715
618.5148648105935,-480.17701721516926,0.0,9.601188342379999,0.9851292967796326,0.0,0.0,0.17162400484085083,0.9805697202682495,0.0,0.0,0.19616985321044922,-0.4207331026122468
619.4774730103331,-482.95015379315515,0.0,9.60610928271127,0.9853141903877258,0.0,0.0,0.17054694890975952,0.9808793663978577,0.0,0.0,0.19461548328399658,-0.06442393186812034
620.4351644155456,-485.72677739186474,0.0,9.61101986716295,0.9854905605316162,0.0,0.0,0.16951647400856018,0.9811801314353943,0.0,0.0,0.19309397041797638,-0.4209811119279882
621.3882166275023,-488.506820574015,0.0,9.615919265335153,0.9856583476066589,0.0,0.0,0.1685328334569931,0.9814720749855042,0.0,0.0,0.19160480797290802,-0.06467137622025182
622.3369080632503,-491.29021544821325,0.0,9.620806646827994,0.9858176112174988,0.0,0.0,0.16759634017944336,0.9817549586296082,0.0,0.0,0.1901496797800064,-0.4212279493771216
623.2815179553253,-494.0768936686737,0.0,9.625681181241578,0.9859684109687805,0.0,0.0,0.1667071282863617,0.9820289611816406,0.0,0.0,0.1887294352054596,-0.06491756482699845
624.2223263510792,-496.8667864350239,0.0,9.630542038176028,0.9861108660697937,0.0,0.0,0.16586510837078094,0.9822942018508911,0.0,0.0,0.18734407424926758,-0.42147344720209384
625.1596141116318,-499.65982449219956,0.0,9.635388387231448,0.9862449765205383,0.0,0.0,0.1650702953338623,0.9825505018234253,0.0,0.0,0.18599490821361542,-0.06516232993080756
626.093662910436,-502.4559381304281,0.0,9.64021939800795,0.9863709211349487,0.0,0.0,0.16432222723960876,0.9827980995178223,0.0,0.0,0.18468192219734192,-0.4217174376453515
627.0247552314627,-505.25505718530354,0.0,9.645034240105653,0.9864887595176697,0.0,0.0,0.16362076997756958,0.983036994934082,0.0,0.0,0.18340642750263214,-0.0654055037741259
627.9531743669961,-508.0571110379485,0.0,9.649832083124664,0.9865986704826355,0.0,0.0,0.16296541690826416,0.983267068862915,0.0,0.0,0.1821690797805786,-0.42195975294934196
628.8792044150476,-510.8620286152694,0.0,9.654612096665096,0.9867007732391357,0.0,0.0,0.1623554229736328,0.9834884405136108,0.0,0.0,0.18097029626369476,-0.06564691859940025
629.803130276378,-513.6697383903,0.0,9.659373450327061,0.9867952466011047,0.0,0.0,0.1617898792028427,0.9837011694908142,0.0,0.0,0.17981064319610596,-0.4222002253565119
630.7252376511339,-516.4801683826374,0.0,9.664115313710672,0.9868823885917664,0.0,0.0,0.1612679660320282,0.9839051365852356,0.0,0.0,0.1786908507347107,-0.06588640664907758
631.6458130350903,-519.2932461589672,0.0,9.668836856416045,0.9869623780250549,0.0,0.0,0.16078825294971466,0.9841005802154541,0.0,0.0,0.17761074006557465,-0.42243868710930843
632.5651437155063,-522.1088988336819,0.0,9.673537248043283,0.9870355129241943,0.0,0.0,0.1603495329618454,0.984287679195404,0.0,0.0,0.17657126486301422,-0.06612380016560487
633.4835177665839,-524.9270530695899,0.0,9.678215658192503,0.9871020317077637,0.0,0.0,0.15995033085346222,0.9844661951065063,0.0,0.0,0.17557312548160553,-0.42267497045017804
634.4012240445358,-527.7476350787177,0.0,9.682871256463825,0.987162172794342,0.0,0.0,0.15958893299102783,0.9846363663673401,0.0,0.0,0.17461638152599335,-0.06635893139142929
635.3185521822563,-530.5705706232027,0.0,9.687503212457349,0.9872163534164429,0.0,0.0,0.15926328301429749,0.9847981929779053,0.0,0.0,0.17370153963565826,-0.42290890762156813
636.2357925835985,-533.3957850162802,0.0,9.692110695773193,0.9872649312019348,0.0,0.0,0.15897135436534882,0.9849516153335571,0.0,0.0,0.1728295534849167,-0.0665916325689972
637.1532364172499,-536.2232031233607,0.0,9.69669287601147,0.9873083233833313,0.0,0.0,0.15871082246303558,0.98509681224823,0.0,0.0,0.17199958860874176,-0.4231403308659255
638.0711756102144,-539.0527493632051,0.0,9.701248922772288,0.9873469471931458,0.0,0.0,0.15847913920879364,0.9852340817451477,0.0,0.0,0.17121195793151855,-0.06682173594075569
638.989855990501,-541.8843564839431,0.0,9.705778087162207,0.9873812198638916,0.0,0.0,0.15827374160289764,0.9853637218475342,0.0,0.0,0.17046456038951874,-0.42336907654218403
639.9093298107435,-544.7179932658181,0.0,9.7102801397748,0.9874115586280823,0.0,0.0,0.15809212625026703,0.9854861497879028,0.0,0.0,0.16975554823875427,-0.06704911233533117
640.8295991426884,-547.5536378049751,0.0,9.714755055145371,0.9874383211135864,0.0,0.0,0.15793198347091675,0.9855973124504089,0.0,0.0,0.1690828949213028,-0.42359508236898047
641.750666063142,-550.3912681414772,0.0,9.719202808292007,0.9874618649482727,0.0,0.0,0.15779128670692444,0.9857026934623718,0.0,0.0,0.16844528913497925,-0.067273746332636
642.6725326539353,-553.2308622596452,0.0,9.7236233742328,0.987482488155365,0.0,0.0,0.15766829252243042,0.9858025312423706,0.0,0.0,0.16784080862998962,-0.4238183432750811
643.5952010018109,-556.0723980884125,0.0,9.728016727985837,0.9875004887580872,0.0,0.0,0.1575612723827362,0.9858972430229187,0.0,0.0,0.1672678142786026,-0.06749563288581972
644.5186731983111,-558.9158535016837,0.0,9.732382844569216,0.9875160455703735,0.0,0.0,0.1574687957763672,0.9859869480133057,0.0,0.0,0.16672486066818237,-0.42403885421363563
645.4429513396633,-561.7612063186931,0.0,9.736721699001025,0.9875293970108032,0.0,0.0,0.15738976001739502,0.9860718846321106,0.0,0.0,0.1662110984325409,-0.0677147669480323
646.3680375266666,-564.6084343043646,0.0,9.741033266299354,0.9875407218933105,0.0,0.0,0.1573227047920227,0.9861524105072021,0.0,0.0,0.16572409868240356,-0.42425661013779364
647.2939338645778,-567.4575151696756,0.0,9.745317521482292,0.9875502586364746,0.0,0.0,0.15726669132709503,0.9862285852432251,0.0,0.0,0.16526347398757935,-0.06793114347242307
648.2206424629948,-570.3084265720202,0.0,9.749574439567928,0.987558126449585,0.0,0.0,0.15722067654132843,0.9863007068634033,0.0,0.0,0.16482743620872498,-0.42447160600070455
649.1481654357445,-573.1611461155751,0.0,9.753803995574364,0.9875645041465759,0.0,0.0,0.1571837067604065,0.9863689541816711,0.0,0.0,0.1644148975610733,-0.0681447574121421
650.0765049007641,-576.0156513516687,0.0,9.758006164519681,0.9875694513320923,0.0,0.0,0.15715539455413818,0.9864333868026733,0.0,0.0,0.16402564942836761,-0.4246838367555185
651.0056629799872,-578.8719197791487,0.0,9.76218092142197,0.9875731468200684,0.0,0.0,0.1571347862482071,0.9864943027496338,0.0,0.0,0.16365787386894226,-0.06835560372033855
651.9356417992252,-581.7299288447543,0.0,9.766328241299323,0.9875757098197937,0.0,0.0,0.15712125599384308,0.986551821231842,0.0,0.0,0.16331017017364502,-0.42489329735538484
652.8664434880525,-584.5896559434887,0.0,9.770448099169837,0.9875771999359131,0.0,0.0,0.15711423754692078,0.9866061806678772,0.0,0.0,0.16298170387744904,-0.06856367735016244
653.798070179687,-587.4510784189923,0.0,9.774540470051594,0.9875776767730713,0.0,0.0,0.15711325407028198,0.9866575002670288,0.0,0.0,0.16267214715480804,-0.4250999827534534
654.7305240108739,-590.3141735639219,0.0,9.778605328962692,0.9875771999359131,0.0,0.0,0.1571178436279297,0.9867058992385864,0.0,0.0,0.16238006949424744,-0.06876897325476333
655.6638071217664,-593.1789186203248,0.0,9.782642650921215,0.987575888633728,0.0,0.0,0.1571275293827057,0.9867514371871948,0.0,0.0,0.16210554540157318,-0.4253038879028737
656.597921655808,-596.0452907800213,0.0,9.786652410945255,0.9875738024711609,0.0,0.0,0.1571420282125473,0.9867942333221436,0.0,0.0,0.16184736788272858,-0.06897148638729061
657.5328697596119,-598.9132671849843,0.0,9.79063458405291,0.9875710010528564,0.0,0.0,0.1571609228849411,0.9868346452713013,0.0,0.0,0.1616039276123047,-0.42550500775679573
658.4686535828433,-601.7828249277219,0.0,9.794589145262265,0.9875674843788147,0.0,0.0,0.15718400478363037,0.9868726134300232,0.0,0.0,0.1613752692937851,-0.06917121170089441
659.4052752780981,-604.6539410516635,0.0,9.798516069591404,0.9875633120536804,0.0,0.0,0.15721096098423004,0.9869081974029541,0.0,0.0,0.16116082668304443,-0.4257033372683684
660.3427370007821,-607.526592551544,0.0,9.802415332058434,0.9875585436820984,0.0,0.0,0.1572416126728058,0.9869415163993835,0.0,0.0,0.1609603464603424,-0.06936814414872416
661.2810409089927,-610.4007563737928,0.0,9.806286907681436,0.9875532388687134,0.0,0.0,0.15727560222148895,0.9869728684425354,0.0,0.0,0.1607717126607895,-0.4258988713907423
662.2201891633948,-613.2764094169231,0.0,9.8101307714785,0.9875473976135254,0.0,0.0,0.15731282532215118,0.9870020747184753,0.0,0.0,0.16059604287147522,-0.06956227868392939
663.1601839271007,-616.1535285319214,0.0,9.81394689846772,0.9875410795211792,0.0,0.0,0.15735316276550293,0.9870293140411377,0.0,0.0,0.16043207049369812,-0.4260916050770665
664.1010273655479,-619.0320905226439,0.0,9.817735263667183,0.9875343441963196,0.0,0.0,0.1573963314294815,0.987054705619812,0.0,0.0,0.16027997434139252,-0.06975361025965987
665.0427216463768,-621.9120721462058,0.0,9.821495842094986,0.9875271320343018,0.0,0.0,0.15744222700595856,0.9870783686637878,0.0,0.0,0.16013793647289276,-0.4262815332804909
665.9852689393068,-624.7934501133806,0.0,9.825228608769216,0.9875194430351257,0.0,0.0,0.15749074518680573,0.9871004223823547,0.0,0.0,0.16000571846961975,-0.06994213382906544
666.9286714160148,-627.6762010889973,0.0,9.828933538707961,0.987511396408081,0.0,0.0,0.15754181146621704,0.9871208071708679,0.0,0.0,0.1598837971687317,-0.4264686509541649
667.8729312500102,-630.5603016923378,0.0,9.832610606929318,0.9875028729438782,0.0,0.0,0.15759527683258057,0.9871396422386169,0.0,0.0,0.1597711741924286,-0.07012784434529556
668.8180506165111,-633.4457284975396,0.0,9.836259788451375,0.9874940514564514,0.0,0.0,0.15765100717544556,0.9871569871902466,0.0,0.0,0.1596677005290985,-0.4266529530512385
669.7640316923201,-636.3324580339964,0.0,9.839881058292221,0.987484872341156,0.0,0.0,0.15770897269248962,0.9871729612350464,0.0,0.0,0.15957258641719818,-0.0703107367614999
670.7108766557,-639.2204667867632,0.0,9.84347439146995,0.9874752759933472,0.0,0.0,0.15776917338371277,0.9871875643730164,0.0,0.0,0.15948574244976044,-0.4268344345248612
671.658587686247,-642.1097311969613,0.0,9.847039763002652,0.9874653816223145,0.0,0.0,0.15783140063285828,0.9872007966041565,0.0,0.0,0.15940721333026886,-0.07049080603082825
672.6071669647665,-645.0002276621843,0.0,9.850577147908414,0.9874551296234131,0.0,0.0,0.15789565443992615,0.9872128367424011,0.0,0.0,0.15933626890182495,-0.4270130903281826
673.5566166731463,-647.891932536908,0.0,9.854086521205332,0.9874445796012878,0.0,0.0,0.15796181559562683,0.987223744392395,0.0,0.0,0.1592722088098526,-0.07066804710643015
674.506938994231,-650.7848221329003,0.0,9.857567857911492,0.9874337315559387,0.0,0.0,0.1580299586057663,0.9872334599494934,0.0,0.0,0.15921513736248016,-0.4271889154143523
675.458136111694,-653.6788727196326,0.0,9.861021133044991,0.9874225854873657,0.0,0.0,0.1580999493598938,0.9872419834136963,0.0,0.0,0.15916520357131958,-0.0708424549414553
676.4102102099109,-656.5740605246924,0.0,9.864446321623916,0.9874110817909241,0.0,0.0,0.15817175805568695,0.9872493743896484,0.0,0.0,0.15912200510501862,-0.42736190473652025
677.3631634738327,-659.4703617341994,0.0,9.867843398666357,0.9873992800712585,0.0,0.0,0.15824538469314575,0.987255871295929,0.0,0.0,0.15908460319042206,-0.0710140244890533
678.3169980888564,-662.3677524932195,0.0,9.871212339190405,0.9873872399330139,0.0,0.0,0.15832069516181946,0.9872614145278931,0.0,0.0,0.1590530276298523,-0.42753205324783583
679.271716240698,-665.2662089061863,0.0,9.874553118214157,0.9873749017715454,0.0,0.0,0.15839770436286926,0.9872658848762512,0.0,0.0,0.15902772545814514,-0.07118275070237412
680.2273201152625,-668.1657070373157,0.0,9.877865710755692,0.987362265586853,0.0,0.0,0.15847647190093994,0.9872695207595825,0.0,0.0,0.1590074747800827,-0.4276993559014487
681.183811898516,-671.0662229110302,0.0,9.881150091833115,0.9873493909835815,0.0,0.0,0.15855690836906433,0.987272322177887,0.0,0.0,0.15899232029914856,-0.07134862853456725
682.1411937763555,-673.9677325123799,0.0,9.884406236464505,0.9873361587524414,0.0,0.0,0.15863916277885437,0.9872742295265198,0.0,0.0,0.15898293256759644,-0.42786380765050874
683.0994679344795,-676.8702117874674,0.0,9.887634119667956,0.9873226284980774,0.0,0.0,0.15872305631637573,0.9872753024101257,0.0,0.0,0.1589784175157547,-0.07151165293878192
684.0586365582575,-679.7736366438696,0.0,9.890833716461561,0.9873088598251343,0.0,0.0,0.1588086187839508,0.9872756004333496,0.0,0.0,0.15897850692272186,-0.4280254034481656
685.0187018325996,-682.67798295107,0.0,9.89400500186341,0.9872947931289673,0.0,0.0,0.15889586508274078,0.9872750639915466,0.0,0.0,0.15898360311985016,-0.07167181886816826
685.9796659418251,-685.583226540881,0.0,9.897147950891592,0.9872804880142212,0.0,0.0,0.15898466110229492,0.9872738718986511,0.0,0.0,0.15899281203746796,-0.4281841382475687
686.941531069532,-688.4893432078775,0.0,9.900262538564204,0.987265944480896,0.0,0.0,0.1590750813484192,0.9872719049453735,0.0,0.0,0.15900671482086182,-0.07182912127587598
687.9042993984649,-691.3963087098282,0.0,9.903348739899329,0.9872511029243469,0.0,0.0,0.15916700661182404,0.9872692823410034,0.0,0.0,0.1590244472026825,-0.42834000700186786
688.8679731103831,-694.3040987681245,0.0,9.906406529915062,0.9872360229492188,0.0,0.0,0.15926052629947662,0.9872660040855408,0.0,0.0,0.15904611349105835,-0.07198355511505444
689.8325543859279,-697.2126890682185,0.0,9.909435883629493,0.9872206449508667,0.0,0.0,0.15935561060905457,0.9872621297836304,0.0,0.0,0.15907153487205505,-0.42849300466421286
690.7980454044904,-700.1220552600561,0.0,9.912436776060712,0.9872050285339355,0.0,0.0,0.15945228934288025,0.9872575402259827,0.0,0.0,0.15910127758979797,-0.07213511533885336
691.7644483440783,-703.0321729585152,0.0,9.91540918222681,0.9871891736984253,0.0,0.0,0.15955041348934174,0.9872523546218872,0.0,0.0,0.1591346710920334,-0.4286431261877532
692.731765381182,-705.943017743843,0.0,9.91835307714588,0.9871730804443359,0.0,0.0,0.1596500724554062,0.9872466921806335,0.0,0.0,0.15917137265205383,-0.07228379690042258
693.6999986906416,-708.8545651620959,0.0,9.92126843583601,0.9871566891670227,0.0,0.0,0.15975120663642883,0.9872404336929321,0.0,0.0,0.159211203455925,-0.42879036652563846
694.6691504455116,-711.7667907255807,0.0,9.924155233315295,0.9871400594711304,0.0,0.0,0.15985402464866638,0.9872336387634277,0.0,0.0,0.159254789352417,-0.07242959475291183
695.6392228169282,-714.6796699132977,0.0,9.927013444601819,0.9871230721473694,0.0,0.0,0.15995851159095764,0.9872262477874756,0.0,0.0,0.15930160880088806,-0.4289347206310184
696.6102179739726,-717.5931781713831,0.0,9.92984304471368,0.9871058464050293,0.0,0.0,0.16006465256214142,0.9872182607650757,0.0,0.0,0.1593516767024994,-0.0725725038494705
697.582138083538,-720.5072909135574,0.0,9.932644008668966,0.9870884418487549,0.0,0.0,0.16017213463783264,0.9872097373008728,0.0,0.0,0.15940529108047485,-0.42907618345704296
698.5549853101915,-723.4219835215672,0.0,9.935416311485763,0.9870707392692566,0.0,0.0,0.1602812111377716,0.9872007966041565,0.0,0.0,0.15946133434772491,-0.07271251914324811
699.5287618160403,-726.3372313456372,0.0,9.938159928182168,0.9870527386665344,0.0,0.0,0.1603919118642807,0.987191379070282,0.0,0.0,0.15952061116695404,-0.4292147499568613
700.5034697605953,-729.253009704918,0.0,9.940874833776272,0.9870344996452332,0.0,0.0,0.16050413250923157,0.9871814250946045,0.0,0.0,0.15958312153816223,-0.07284963558739482
701.4791113006338,-732.1692938879372,0.0,9.943561003286161,0.9870160222053528,0.0,0.0,0.16061784327030182,0.9871710538864136,0.0,0.0,0.15964806079864502,-0.4293504150836234
702.4556885900636,-735.0860591530515,0.0,9.946218411729928,0.9869972467422485,0.0,0.0,0.16073311865329742,0.9871602058410645,0.0,0.0,0.15971578657627106,-0.07298384813505981
703.4332037797849,-738.0032807288986,0.0,9.948847034125668,0.9869781732559204,0.0,0.0,0.160849928855896,0.9871488809585571,0.0,0.0,0.15978646278381348,-0.4294831737904789
704.4116590175543,-740.920933814855,0.0,9.951446845491464,0.9869588613510132,0.0,0.0,0.16096831858158112,0.9871371984481812,0.0,0.0,0.1598588526248932,-0.07311515173939304
705.3910564478455,-743.8389935814889,0.0,9.954017820845417,0.9869392514228821,0.0,0.0,0.1610882580280304,0.9871249794960022,0.0,0.0,0.15993472933769226,-0.42961302103057747
706.371398211712,-746.7574351710189,0.0,9.956559935205608,0.9869194030761719,0.0,0.0,0.16120970249176025,0.987112283706665,0.0,0.0,0.1600131392478943,-0.0732435413535441
707.3526864466485,-749.6762336977731,0.0,9.959073163590134,0.9868993163108826,0.0,0.0,0.1613326221704483,0.987099289894104,0.0,0.0,0.1600934863090515,-0.42973995175706864
708.3349232864532,-752.5953642486485,0.0,9.96155748101708,0.9868789315223694,0.0,0.0,0.16145716607570648,0.9870858192443848,0.0,0.0,0.16017690300941467,-0.07336901193066264
709.318110861087,-755.5148018835717,0.0,9.964012862504545,0.9868583083152771,0.0,0.0,0.16158324480056763,0.9870719313621521,0.0,0.0,0.16026262938976288,-0.42986396092310225
710.3022512965351,-758.4345216359619,0.0,9.966439283070612,0.9868373870849609,0.0,0.0,0.1617109477519989,0.9870576858520508,0.0,0.0,0.16035056114196777,-0.07349155842389826
711.2873467146683,-761.354498513196,0.0,9.968836717733375,0.9868161678314209,0.0,0.0,0.16184017062187195,0.987043023109436,0.0,0.0,0.16044102609157562,-0.4299850434818277
712.2733992331009,-764.2747074970699,0.0,9.971205141510925,0.9867947101593018,0.0,0.0,0.16197094321250916,0.9870280027389526,0.0,0.0,0.16053342819213867,-0.0736111757864008
713.260410965052,-767.1951235442687,0.0,9.973544529421353,0.9867730140686035,0.0,0.0,0.16210313141345978,0.9870126843452454,0.0,0.0,0.1606278419494629,-0.4301031943863948
714.2483840192056,-770.1157215868324,0.0,9.975854856482751,0.9867509603500366,0.0,0.0,0.16223691403865814,0.9869970083236694,0.0,0.0,0.16072429716587067,-0.07372785897131989
715.2373204995679,-773.0364765326254,0.0,9.97813609771321,0.9867286682128906,0.0,0.0,0.16237227618694305,0.9869809746742249,0.0,0.0,0.1608230322599411,-0.43021840858995325
716.2272225053275,-775.9573632658048,0.0,9.980388228130815,0.9867061376571655,0.0,0.0,0.1625090092420578,0.9869645237922668,0.0,0.0,0.16092389822006226,-0.07384160293180503
717.2180921307134,-778.8783566472937,0.0,9.982611222753665,0.9866833090782166,0.0,0.0,0.16264736652374268,0.9869476556777954,0.0,0.0,0.1610274314880371,-0.4303306810456528
718.2099314648542,-781.7994315152521,0.0,9.984805056599843,0.9866602420806885,0.0,0.0,0.16278716921806335,0.9869304299354553,0.0,0.0,0.16113270819187164,-0.07395240262100594
719.2027425916342,-784.7205626855507,0.0,9.986969704687445,0.9866369366645813,0.0,0.0,0.16292813420295715,0.9869129061698914,0.0,0.0,0.16123995184898376,-0.4304400067066428
720.1965275895541,-787.6417249522476,0.0,9.98910514203456,0.9866134524345398,0.0,0.0,0.16307029128074646,0.9868950843811035,0.0,0.0,0.16134876012802124,-0.07406025299207236
721.1912885315852,-790.5628930880612,0.0,9.991211343659282,0.986589789390564,0.0,0.0,0.16321343183517456,0.9868768453598022,0.0,0.0,0.16145998239517212,-0.43054638052607325
722.1870274850291,-793.4840418448488,0.0,9.993288284579696,0.9865659475326538,0.0,0.0,0.1633574366569519,0.9868583083152771,0.0,0.0,0.1615733504295349,-0.0741651489981538
723.1837465113736,-796.4051459540862,0.0,9.995335939813895,0.9865420460700989,0.0,0.0,0.1635018140077591,0.9868394136428833,0.0,0.0,0.16168859601020813,-0.4306497974570935
724.1814476661491,-799.326180127345,0.0,9.997354284379977,0.9865180253982544,0.0,0.0,0.16364651918411255,0.9868201017379761,0.0,0.0,0.16180622577667236,-0.0742670855924003
725.1801329987852,-802.247119056774,0.0,9.999343293296022,0.9864940047264099,0.0,0.0,0.1637912094593048,0.9868005514144897,0.0,0.0,0.16192521154880524,-0.4307502524528533
726.1798045524671,-805.1679374155817,0.0,10.001302941580125,0.9864699840545654,0.0,0.0,0.1639356017112732,0.9867806434631348,0.0,0.0,0.1620464026927948,-0.07436605772796107
727.180464363991,-808.0886098585185,0.0,10.003233204250378,0.9864461421966553,0.0,0.0,0.16407912969589233,0.9867603778839111,0.0,0.0,0.16216954588890076,-0.4308477404665025
728.1821144636202,-811.0091110223603,0.0,10.005134056324872,0.9864224791526794,0.0,0.0,0.1642214059829712,0.9867397546768188,0.0,0.0,0.1622946858406067,-0.07446206035798603
729.1847568749399,-813.9294155263945,0.0,10.007005472821694,0.9863990545272827,0.0,0.0,0.16436195373535156,0.9867189526557922,0.0,0.0,0.1624211221933365,-0.4309422564511904
730.1883936147125,-816.8494979729057,0.0,10.00884742875894,0.9863760471343994,0.0,0.0,0.16450011730194092,0.986697793006897,0.0,0.0,0.1625492423772812,-0.0745550884356247
731.193026692732,-819.7693329476634,0.0,10.010659899154698,0.9863534569740295,0.0,0.0,0.16463540494441986,0.9866763353347778,0.0,0.0,0.16267912089824677,-0.4310337953600671
732.1986581107784,-822.688895021179,0.0,10.012442859174278,0.9863314628601074,0.0,0.0,0.16476717591285706,0.9866545796394348,0.0,0.0,0.16281066834926605,-0.07464513692146207
733.2052780932049,-825.6081683131233,0.0,10.014196883671863,0.9863101243972778,0.0,0.0,0.1648947149515152,0.9866325259208679,0.0,0.0,0.16294381022453308,-0.4311223824559047
734.2128356739807,-828.5271705672881,0.0,10.015924512573363,0.9862896203994751,0.0,0.0,0.16501742601394653,0.9866104125976562,0.0,0.0,0.16307705640792847,-0.07473239090638645
735.221271061439,-831.4459276130092,0.0,10.0176286876842,0.9862699508666992,0.0,0.0,0.16513480246067047,0.9865882396697998,0.0,0.0,0.16321073472499847,-0.43120845190594687
736.2305246947501,-834.3644661770758,0.0,10.019312350809807,0.9862512946128845,0.0,0.0,0.1652461588382721,0.9865663647651672,0.0,0.0,0.16334298253059387,-0.07481742439757871
737.240537246077,-837.2828138820078,0.0,10.020978443755615,0.9862337708473206,0.0,0.0,0.16535113751888275,0.9865446090698242,0.0,0.0,0.16347429156303406,-0.431292598014321
738.2512496224717,-840.2009992444722,0.0,10.022629908327037,0.9862173199653625,0.0,0.0,0.1654493659734726,0.9865229725837708,0.0,0.0,0.16360457241535187,-0.07490083169916567
739.2626029675209,-843.1190516738486,0.0,10.02426968632951,0.9862020611763,0.0,0.0,0.16554053127765656,0.9865015745162964,0.0,0.0,0.16373325884342194,-0.43137541508515304
740.2745386627375,-846.0370014709368,0.0,10.025900719568453,0.9861880540847778,0.0,0.0,0.16562415659427643,0.9864808320999146,0.0,0.0,0.16385811567306519,-0.0749832071152739
741.2869983286987,-848.9548798268113,0.0,10.027525949849295,0.9861753582954407,0.0,0.0,0.16570010781288147,0.9864604473114014,0.0,0.0,0.16398072242736816,-0.4314574974225693
742.2999238259264,-851.8727188218188,0.0,10.029148318977466,0.9861639738082886,0.0,0.0,0.16576795279979706,0.9864405989646912,0.0,0.0,0.1641002744436264,-0.07506514495002997
743.3132572555166,-854.7905514247233,0.0,10.030770768758385,0.9861540198326111,0.0,0.0,0.1658274382352829,0.9864213466644287,0.0,0.0,0.16421599686145782,-0.43153943933069655
744.326940959514,-857.7084114919971,0.0,10.032396240997489,0.9861454963684082,0.0,0.0,0.16587848961353302,0.9864027500152588,0.0,0.0,0.16432775557041168,-0.07514723950756047
745.3409175210262,-860.6263337672544,0.0,10.034027677500198,0.9861384034156799,0.0,0.0,0.16592080891132355,0.9863848686218262,0.0,0.0,0.1644349843263626,-0.43162183511366164
746.3551297640881,-863.5443538808341,0.0,10.035668020071938,0.986132800579071,0.0,0.0,0.16595424711704254,0.9863676428794861,0.0,0.0,0.16453838348388672,-0.07523008509199175
747.3695207532675,-866.4625083495272,0.0,10.037320210518137,0.9861287474632263,0.0,0.0,0.1659785509109497,0.9863513708114624,0.0,0.0,0.16463643312454224,-0.4317052790755909
748.3840337930145,-869.3808345764495,0.0,10.038987190644221,0.9861262440681458,0.0,0.0,0.1659935712814331,0.9863358736038208,0.0,0.0,0.16472956538200378,-0.0753142760074505
749.3986124267553,-872.2993708510645,0.0,10.040671902255617,0.9861253499984741,0.0,0.0,0.1659991443157196,0.986321210861206,0.0,0.0,0.16481739282608032,-0.43179036552061095
750.4132004357292,-875.2181563493476,0.0,10.042377287157748,0.9861260652542114,0.0,0.0,0.16599518060684204,0.9863076210021973,0.0,0.0,0.16489939391613007,-0.07540040655806318
751.427741837567,-878.1372311341012,0.0,10.044106287156048,0.9861283898353577,0.0,0.0,0.16598165035247803,0.9862949848175049,0.0,0.0,0.16497543454170227,-0.4318776887528482
752.442180884614,-881.0566361554144,0.0,10.045861844055938,0.9861323237419128,0.0,0.0,0.1659584641456604,0.9862833619117737,0.0,0.0,0.16504548490047455,-0.07548907104795671
753.4564620619935,-883.976413251271,0.0,10.047646899662844,0.986137866973877,0.0,0.0,0.16592547297477722,0.9862728118896484,0.0,0.0,0.16510891914367676,-0.43196784307642927
754.470530085414,-886.8966051483048,0.0,10.049464395782193,0.9861450791358948,0.0,0.0,0.16588272154331207,0.9862632751464844,0.0,0.0,0.16516637802124023,-0.07558086378125722
755.4843298987154,-889.8172554627016,0.0,10.051317274219416,0.9861540198326111,0.0,0.0,0.1658298224210739,0.986254870891571,0.0,0.0,0.1652170717716217,-0.43206142279548093
756.4978066711592,-892.7384087012488,0.0,10.053208476779929,0.9861645698547363,0.0,0.0,0.1657671183347702,0.986247718334198,0.0,0.0,0.16526012122631073,-0.07567637906209118
757.5109057944567,-895.660110262535,0.0,10.05514094526917,0.9861767888069153,0.0,0.0,0.1656942218542099,0.9862417578697205,0.0,0.0,0.16529621183872223,-0.43215902221412944
758.5235728795403,-898.5824064382947,0.0,10.057117621492559,0.9861907362937927,0.0,0.0,0.16561128199100494,0.9862369894981384,0.0,0.0,0.16532523930072784,-0.07577621119458561
759.5357537530716,-901.5053444149027,0.0,10.059141447255527,0.9862062931060791,0.0,0.0,0.16551823914051056,0.9862334132194519,0.0,0.0,0.1653469055891037,-0.4322612356365016
760.5473944536917,-904.4289722750192,0.0,10.061215364363495,0.986223578453064,0.0,0.0,0.16541486978530884,0.9862312078475952,0.0,0.0,0.165360689163208,-0.07588095448286675
761.5584412280098,-907.3533389993806,0.0,10.063342314621893,0.9862426519393921,0.0,0.0,0.16530108451843262,0.9862303733825684,0.0,0.0,0.16536618769168854,-0.43236865736672375
762.5688405263279,-910.2784944687397,0.0,10.065525239836145,0.9862633943557739,0.0,0.0,0.16517704725265503,0.9862307906150818,0.0,0.0,0.1653643101453781,-0.07599120323106129
763.5785389981068,-913.2044894659584,0.0,10.067767081811683,0.9862858057022095,0.0,0.0,0.1650427281856537,0.9862325191497803,0.0,0.0,0.16535446047782898,-0.4324818817089227
764.5874834871678,-916.1313756782465,0.0,10.070070782353923,0.9863100051879883,0.0,0.0,0.16489796340465546,0.9862355589866638,0.0,0.0,0.16533660888671875,-0.07610755174329559
765.5956210266309,-919.0592056995528,0.0,10.0724392832683,0.9863358736038208,0.0,0.0,0.1647428423166275,0.9862401485443115,0.0,0.0,0.16530929505825043,-0.4326015029672246
766.6028988335902,-921.9880330331065,0.0,10.07487552636024,0.9863634705543518,0.0,0.0,0.16457721590995789,0.9862460494041443,0.0,0.0,0.16527454555034637,-0.07623059432369655
767.6092643035227,-924.9179120941068,0.0,10.077382453435167,0.9863927364349365,0.0,0.0,0.16440105438232422,0.9862534999847412,0.0,0.0,0.1652304232120514,-0.43272811544575635
768.614665004435,-927.8488982125684,0.0,10.079963006298506,0.9864237308502197,0.0,0.0,0.16421416401863098,0.986262321472168,0.0,0.0,0.16517770290374756,-0.07636092527639032
769.6190486707414,-930.7810476363134,0.0,10.082620126755689,0.9864564538002014,0.0,0.0,0.16401681303977966,0.9862725138664246,0.0,0.0,0.16511712968349457,-0.4328623134486444
770.6223631968768,-933.7144175341185,0.0,10.085356756612137,0.9864908456802368,0.0,0.0,0.16380883753299713,0.9862841963768005,0.0,0.0,0.16504740715026855,-0.07649913890550392
771.6245566306405,-936.6490659990133,0.0,10.08817583767328,0.9865270256996155,0.0,0.0,0.16359032690525055,0.9862974286079407,0.0,0.0,0.16496838629245758,-0.43300469128001523
772.6255771662748,-939.5850520517317,0.0,10.091080311744545,0.9865648150444031,0.0,0.0,0.16336140036582947,0.9863120317459106,0.0,0.0,0.16488099098205566,-0.0766458295151638
773.625373137269,-942.5224356443157,0.0,10.094073120631348,0.9866043329238892,0.0,0.0,0.16312183439731598,0.986328125,0.0,0.0,0.1647842675447464,-0.4331558432439952
774.6238930089,-945.4612776638758,0.0,10.097157206139132,0.986645519733429,0.0,0.0,0.1628715842962265,0.9863458871841431,0.0,0.0,0.16467776894569397,-0.07680159140949633
775.6210853704956,-948.4016399365008,0.0,10.100335510073313,0.9866883754730225,0.0,0.0,0.1626107543706894,0.9863650798797607,0.0,0.0,0.16456244885921478,-0.4333163636447113
776.6168989274287,-951.3435852313288,0.0,10.103610974239318,0.9867329001426697,0.0,0.0,0.16233932971954346,0.9863858222961426,0.0,0.0,0.16443753242492676,-0.07696701889262797
777.6112824928383,-954.2871772647676,0.0,10.106986540442575,0.9867790937423706,0.0,0.0,0.1620573103427887,0.986407995223999,0.0,0.0,0.1643035113811493,-0.43348684678628996
778.6041849790748,-957.2324807048749,0.0,10.110465150488514,0.9868268966674805,0.0,0.0,0.1617647260427475,0.9864317178726196,0.0,0.0,0.16416023671627045,-0.07714270626868541
779.5955553888706,-960.1795611758947,0.0,10.114049746182557,0.986876368522644,0.0,0.0,0.16146160662174225,0.9864570498466492,0.0,0.0,0.16400696337223053,-0.4336678869728579
780.585342806233,-963.1284852629503,0.0,10.11774326933013,0.9869274497032166,0.0,0.0,0.16114778816699982,0.9864839911460876,0.0,0.0,0.163844034075737,-0.07732924784179512
781.5734963870601,-966.0793205168956,0.0,10.12154866173666,0.9869800806045532,0.0,0.0,0.16082362830638885,0.9865123629570007,0.0,0.0,0.1636718064546585,-0.4338600785085413
782.5599653494762,-969.0321354593262,0.0,10.125468865207578,0.9870343208312988,0.0,0.0,0.16048890352249146,0.986542284488678,0.0,0.0,0.16348981857299805,-0.07752723791608379
783.5446989611804,-971.9869995796175,0.0,10.129506793678708,0.9870901703834534,0.0,0.0,0.16014359891414642,0.9865738153457642,0.0,0.0,0.1632978469133377,-0.43406401428991154
784.5276421349303,-974.943970103794,0.0,10.133620006540287,0.9871476292610168,0.0,0.0,0.15978749096393585,0.986607015132904,0.0,0.0,0.1630956083536148,-0.07773497593939588
785.5087221658216,-977.9030518003711,0.0,10.137628437657861,0.9872066378593445,0.0,0.0,0.15942107141017914,0.9866417646408081,0.0,0.0,0.1628836691379547,-0.4342664603059507
786.4878464268376,-980.8641892998278,0.0,10.141326014048788,0.9872671365737915,0.0,0.0,0.15904423594474792,0.9866780042648315,0.0,0.0,0.1626623421907425,-0.0779217222217658
787.4649026193397,-983.8272669866043,0.0,10.144506662730418,0.9873291254043579,0.0,0.0,0.1586570143699646,0.9867158532142639,0.0,0.0,0.1624302864074707,-0.4344270991282552
788.4397590421038,-986.7921088805282,0.0,10.146964310720119,0.9873926043510437,0.0,0.0,0.15825961530208588,0.9867551922798157,0.0,0.0,0.16218893229961395,-0.07804584585760937
789.412264878847,-989.7584785076863,0.0,10.148492885035248,0.9874575734138489,0.0,0.0,0.15785205364227295,0.9867962598800659,0.0,0.0,0.16193661093711853,-0.43450429985124145
790.3822505041402,-992.7260787607868,0.0,10.148886312693152,0.9875239133834839,0.0,0.0,0.15743443369865417,0.9868387579917908,0.0,0.0,0.1616746187210083,-0.07806571594134198
791.3495278075271,-995.694551749089,0.0,10.147938520711199,0.9875916242599487,0.0,0.0,0.15700700879096985,0.9868828058242798,0.0,0.0,0.16140247881412506,-0.4344564315693246
792.3138905356132,-998.6634786380091,0.0,10.14544343610674,0.9876607060432434,0.0,0.0,0.15656977891921997,0.986928403377533,0.0,0.0,0.1611204892396927,-0.07793970156737934
793.2751146517988,-1001.6323794785603,0.0,10.14119498589714,0.9877310395240784,0.0,0.0,0.1561233550310135,0.9869754314422607,0.0,0.0,0.16082878410816193,-0.43424186337692067
794.2329587132501,-1004.6007130268134,0.0,10.13498709709975,0.9878026247024536,0.0,0.0,0.15566745400428772,0.9870240688323975,0.0,0.0,0.16052652895450592,-0.07762617183013737
795.1871642646032,-1007.5678765536289,0.0,10.126613696731932,0.9878754019737244,0.0,0.0,0.155202716588974,0.9870741963386536,0.0,0.0,0.16021430492401123,-0.4338189643684451
796.1374562478006,-1010.5332056449611,0.0,10.115868711811041,0.9879493713378906,0.0,0.0,0.15472906827926636,0.9871259331703186,0.0,0.0,0.15989138185977936,-0.07708349582403179
797.0835434273442,-1013.4959739930777,0.0,10.102546069354432,0.9880244135856628,0.0,0.0,0.1542469710111618,0.987179160118103,0.0,0.0,0.15955859422683716,-0.43314610363831324
798.0251188301373,-1016.4553931791265,0.0,10.086439696379468,0.988100528717041,0.0,0.0,0.15375664830207825,0.9872338771820068,0.0,0.0,0.15921548008918762,-0.07627004264347809
798.9618601989594,-1019.4106124475209,0.0,10.067343519903504,0.9881775379180908,0.0,0.0,0.1532585322856903,0.9872899651527405,0.0,0.0,0.15886260569095612,-0.4321816502809413
799.8934304584889,-1022.3607184727008,0.0,10.045051466943907,0.988255500793457,0.0,0.0,0.15275272727012634,0.9873474836349487,0.0,0.0,0.15849991142749786,-0.07514418138289242
800.819478192657,-1025.3047351188973,0.0,10.019357464518015,0.9883342981338501,0.0,0.0,0.15223968029022217,0.9874065518379211,0.0,0.0,0.15812666714191437,-0.43088397339074463
801.739638131957,-1028.2416231935988,0.0,9.990055439643204,0.98841392993927,0.0,0.0,0.15171968936920166,0.9874669313430786,0.0,0.0,0.15774375200271606,-0.07366428113668994
802.6535157910738,-1031.1702292729342,0.0,9.95676623619414,0.9884942173957825,0.0,0.0,0.15119318664073944,0.9875287413597107,0.0,0.0,0.15735100209712982,-0.4292027004892767
803.5606034787418,-1034.0890119496037,0.0,9.918182047760446,0.988575279712677,0.0,0.0,0.15066029131412506,0.9875918626785278,0.0,0.0,0.1569487452507019,-0.07171558475114986
804.4602544438635,-1036.9959493614138,0.0,9.87268494421989,0.9886569380760193,0.0,0.0,0.15012148022651672,0.98765629529953,0.0,0.0,0.15653695166110992,-0.4269048669771273
805.3516857999684,-1039.8885377041674,0.0,9.818656778278132,0.9887391328811646,0.0,0.0,0.14957717061042786,0.987721860408783,0.0,0.0,0.15611669421195984,-0.06898688950156623
806.2339815364473,-1042.7637897644338,0.0,9.754479402640833,0.988821804523468,0.0,0.0,0.14902770519256592,0.9877888560295105,0.0,0.0,0.15568608045578003,-0.4236635853792839
807.1060955725244,-1045.618233420455,0.0,9.678534670013692,0.9889048337936401,0.0,0.0,0.14847345650196075,0.9878568649291992,0.0,0.0,0.1552472859621048,-0.06515129694463989
807.9668880722966,-1048.4480196674317,0.0,9.589575542428463,0.9889882802963257,0.0,0.0,0.14791469275951385,0.9879259467124939,0.0,0.0,0.1548004150390625,-0.41917070014770674
808.8153038872449,-1051.2495040013605,0.0,9.488327593607268,0.9890720248222351,0.0,0.0,0.14735190570354462,0.9879961609840393,0.0,0.0,0.15434473752975464,-0.06003776417589263
809.6504294926531,-1054.0194398165065,0.0,9.376169259252377,0.9891559481620789,0.0,0.0,0.14678546786308289,0.9880673289299011,0.0,0.0,0.15388184785842896,-0.41350613780655066
810.4714906797303,-1056.7549796107724,0.0,9.254479393807312,0.9892399907112122,0.0,0.0,0.14621601998806,0.9881394505500793,0.0,0.0,0.1534111648797989,-0.053891811375636756
811.2778501149039,-1059.4536761261859,0.0,9.124636851715612,0.989324152469635,0.0,0.0,0.14564362168312073,0.9882123470306396,0.0,0.0,0.15293346345424652,-0.40694843366050526
812.0690048275618,-1062.113483536097,0.0,8.988020487420798,0.9894083738327026,0.0,0.0,0.14506874978542328,0.9882860779762268,0.0,0.0,0.15244907140731812,-0.046991994997110764
812.8445836489781,-1064.7327586674055,0.0,8.846009155366406,0.9894925355911255,0.0,0.0,0.1444917768239975,0.9883605241775513,0.0,0.0,0.15195824205875397,-0.39977614416280877
813.6043446239842,-1067.310262246594,0.0,8.699981709995965,0.9895766377449036,0.0,0.0,0.1439134031534195,0.9884356260299683,0.0,0.0,0.1514616310596466,-0.039616871493553085
814.348172415401,-1069.8451601590014,0.0,8.551317005752978,0.9896605610847473,0.0,0.0,0.14333389699459076,0.9885112643241882,0.0,0.0,0.15095999836921692,-0.3922678257666983
815.0760757192904,-1072.3370247116604,0.0,8.401393897081025,0.989744246006012,0.0,0.0,0.14275355637073517,0.9885872602462769,0.0,0.0,0.15045413374900818,-0.032044997318201984
815.7881847067954,-1074.7858358911149,0.0,8.251591238423611,0.9898276329040527,0.0,0.0,0.14217263460159302,0.9886638522148132,0.0,0.0,0.14994275569915771,-0.3847020349254147
816.4847485056887,-1077.1919826089156,0.0,8.103287884224265,0.9899107813835144,0.0,0.0,0.14159101247787476,0.9887406826019287,0.0,0.0,0.14942818880081177,-0.024554928924295616
817.166132731802,-1079.556263928964,0.0,7.957862688926525,0.9899938702583313,0.0,0.0,0.14100803434848785,0.9888178706169128,0.0,0.0,0.14890962839126587,-0.3773573280921955
817.832817077266,-1081.879890272493,0.0,7.816694506973907,0.9900771379470825,0.0,0.0,0.1404213011264801,0.9888952374458313,0.0,0.0,0.14838804304599762,-0.017425222765072523
818.485392958984,-1084.1644845982642,0.0,7.6811621928099525,0.9901610016822815,0.0,0.0,0.13982750475406647,0.9889728426933289,0.0,0.0,0.14786306023597717,-0.3705122617202786
819.1245612270274,-1086.412083557463,0.0,7.552644600878182,0.9902461171150208,0.0,0.0,0.13922174274921417,0.9890504479408264,0.0,0.0,0.1473362147808075,-0.010934435293770917
819.7511299286798,-1088.625138624825,0.0,7.432520585622135,0.9903333187103271,0.0,0.0,0.13859760761260986,0.9891281723976135,0.0,0.0,0.14680694043636322,-0.36444539226290257
820.3660121197044,-1090.8065172096617,0.0,7.3221690014853325,0.9904237389564514,0.0,0.0,0.1379467248916626,0.9892060160636902,0.0,0.0,0.1462753713130951,-0.0053611229636293944
820.9702237100834,-1092.959503752723,0.0,7.222968702911294,0.9905186891555786,0.0,0.0,0.13725876808166504,0.9892837405204773,0.0,0.0,0.14574278891086578,-0.3594352761733047
821.5648581112375,-1095.0877175436924,0.0,7.1360193988829,0.9906197786331177,0.0,0.0,0.13652083277702332,0.9893613457679749,0.0,0.0,0.14520905911922455,-0.0009697439722963219
822.1508802150659,-1097.1943774360952,0.0,7.059954411542806,0.9907287955284119,0.0,0.0,0.13571792840957642,0.9894390106201172,0.0,0.0,0.1446729451417923,-0.3555936101460272
822.7290225395064,-1099.2819168037527,0.0,6.992121372043657,0.9908479452133179,0.0,0.0,0.13483256101608276,0.9895164966583252,0.0,0.0,0.14413639903068542,0.0024561671135192586
823.2997885891244,-1101.351978114843,0.0,6.929856806441019,0.9909795522689819,0.0,0.0,0.13384376466274261,0.9895939230918884,0.0,0.0,0.14359846711158752,-0.35244893511559094
823.8634571237199,-1103.4054108173111,0.0,6.87049724079045,0.9911262392997742,0.0,0.0,0.13272728025913239,0.9896761775016785,0.0,0.0,0.14305946230888367,0.005454124974659136
824.4200864195291,-1105.4422692193505,0.0,6.811379201147512,0.9913005828857422,0.0,0.0,0.13145595788955688,0.989753246307373,0.0,0.0,0.1425185352563858,-0.34946317553766476
824.9695185282886,-1107.4618103628563,0.0,6.749839213567769,0.9914970993995667,0.0,0.0,0.12999609112739563,0.9898301959037781,0.0,0.0,0.1419767290353775,0.008562205155454194
825.5113835284681,-1109.4624918931831,0.0,6.683213804106782,0.9917197823524475,0.0,0.0,0.1283111274242401,0.9899070262908936,0.0,0.0,0.1414337158203125,-0.3460982558679179
826.0451037511075,-1111.441969934485,0.0,6.608839498820111,0.9919731616973877,0.0,0.0,0.12635821104049683,0.989988386631012,0.0,0.0,0.1408906877040863,0.012318483200235542
826.5698979500019,-1113.3970969863508,0.0,6.5240528237632995,0.9922616481781006,0.0,0.0,0.12408965080976486,0.9900651574134827,0.0,0.0,0.14034229516983032,-0.34181610056201833
827.0847844544575,-1115.3239197480007,0.0,6.426190304991943,0.9925897717475891,0.0,0.0,0.12145230919122696,0.9901499152183533,0.0,0.0,0.13976873457431793,0.01726103465333434
827.5875612954934,-1117.2175474184094,0.0,6.312588468561586,0.9929609894752502,0.0,0.0,0.11839038133621216,0.990244448184967,0.0,0.0,0.13912086188793182,-0.33607863407563665
828.0731093367899,-1119.0721306820074,0.0,6.181260392963879,0.9933773875236511,0.0,0.0,0.11485444009304047,0.9903547167778015,0.0,0.0,0.13835585117340088,0.023893765744127604
828.5366529688595,-1120.8829738845939,0.0,6.036075645013439,0.9938381910324097,0.0,0.0,0.11080426722764969,0.9904861450195312,0.0,0.0,0.13743220269680023,-0.32874607104783665
828.9745866063176,-1122.6475161958065,0.0,5.883905739402105,0.9943408966064453,0.0,0.0,0.10620559751987457,0.990642786026001,0.0,0.0,0.13631601631641388,0.03157911451237683
829.3844132637396,-1124.365337786938,0.0,5.7316465996421595,0.9948805570602417,0.0,0.0,0.10103201866149902,0.9908279776573181,0.0,0.0,0.13497976958751678,-0.32105621550440505
829.7646180095422,-1126.0381503525578,0.0,5.586194149245888,0.9954500794410706,0.0,0.0,0.09526219964027405,0.9910448789596558,0.0,0.0,0.1333928406238556,0.03892519786572385
830.1144896845846,-1127.6697807194128,0.0,5.454444311725583,0.9960405826568604,0.0,0.0,0.08888041973114014,0.9912952780723572,0.0,0.0,0.13153257966041565,-0.31440218330640984
830.4338611065708,-1129.2659452790035,0.0,5.342611452969,0.9966413378715515,0.0,0.0,0.08187320828437805,0.9915809631347656,0.0,0.0,0.12937359511852264,0.044573322045349306
830.7225628699201,-1130.8324837815042,0.0,5.251069998737256,0.9972398281097412,0.0,0.0,0.07423137873411179,0.9919023513793945,0.0,0.0,0.1268967092037201,-0.3097788775371299
830.9801721107322,-1132.3744617966677,0.0,5.177226039315255,0.9978219270706177,0.0,0.0,0.06594957411289215,0.9922601580619812,0.0,0.0,0.1240774616599083,0.048302814945450356
831.2059915364727,-1133.8961587079257,0.0,5.118462262507621,0.9983717799186707,0.0,0.0,0.05702745541930199,0.9926541447639465,0.0,0.0,0.12089471518993378,-0.30681101002159283
831.3990510072229,-1135.4010654998308,0.0,5.072161356118993,0.9988719820976257,0.0,0.0,0.04746969789266586,0.9930829405784607,0.0,0.0,0.11732910573482513,0.050641244561037635
831.5581284180421,-1136.8918876792327,0.0,5.035714904299457,0.9993039965629578,0.0,0.0,0.03728736191987991,0.9935447573661804,0.0,0.0,0.11336078494787216,-0.3049702801317173
831.6817974278064,-1138.3706810720569,0.0,5.006966107370142,0.99964839220047,0.0,0.0,0.026497669517993927,0.9940372109413147,0.0,0.0,0.10896600037813187,0.05209320400191214
831.7684747825436,-1139.8390479705085,0.0,4.984414617662677,0.9998852014541626,0.0,0.0,0.015125949867069721,0.9945564866065979,0.0,0.0,0.10412649065256119,-0.3038313160050776
831.8164469672834,-1141.2981543604778,0.0,4.966611756038697,0.9999945759773254,0.0,0.0,0.0032043494284152985,0.9950981140136719,0.0,0.0,0.09882309287786484,0.05299233842736567
831.8239041219616,-1142.7487329969786,0.0,4.952108843359841,0.9999572038650513,0.0,0.0,-0.009227155707776546,0.9956561326980591,0.0,0.0,0.09303928911685944,-0.30309884566776163
831.7889832723705,-1144.191087656647,0.0,4.939457200487745,0.9997551441192627,0.0,0.0,-0.022120170295238495,0.9962236881256104,0.0,0.0,0.08675793558359146,0.053631310289592726
831.7098208378945,-1145.6250985573602,0.0,4.927208148284045,0.9993723630905151,0.0,0.0,-0.0354197658598423,0.9967925548553467,0.0,0.0,0.07996531575918198,-0.3024802066675748
831.5846143531663,-1147.0502289342537,0.0,4.913913007610381,0.9987955093383789,0.0,0.0,-0.04906286299228668,0.9973527193069458,0.0,0.0,0.07265312224626541,0.05430278204078792
831.4116932557015,-1148.4655327530866,0.0,4.898123099328388,0.9980147480964661,0.0,0.0,-0.06297950446605682,0.9978934526443481,0.0,0.0,0.06481142342090607,-0.3016827365523227
831.1895975457663,-1149.8696686250642,0.0,4.878407495051502,0.9970238208770752,0.0,0.0,-0.07709445059299469,0.9984024167060852,0.0,0.0,0.056438788771629333,0.055298519630529674
830.9171108534372,-1151.2611595941337,0.0,4.854209337105048,0.9958209991455078,0.0,0.0,-0.0913267657160759,0.9988663196563721,0.0,0.0,0.04753488674759865,-0.30046060736310787
830.5932147355804,-1152.638755896051,0.0,4.826226877704443,0.9944093823432922,0.0,0.0,-0.10559386014938354,0.9992706775665283,0.0,0.0,0.03810761123895645,0.0567117751558128
830.2170559404722,-1154.001459986198,0.0,4.795255468920103,0.9927969574928284,0.0,0.0,-0.11980956047773361,0.9996004700660706,0.0,0.0,0.028170667588710785,-0.2988963947982422
829.7879115474805,-1155.3485228200254,0.0,4.762090462822447,0.9909964203834534,0.0,0.0,-0.13388842344284058,0.9998397827148438,0.0,0.0,0.017765706405043602,0.05838677546377519
829.3057396717212,-1156.679439537261,0.0,4.727527211481893,0.9890251159667969,0.0,0.0,-0.14774714410305023,0.9999735355377197,0.0,0.0,0.006970422342419624,-0.29715077604366874
828.7734413268097,-1157.9939445916227,0.0,4.692361066968859,0.9869029521942139,0.0,0.0,-0.16131463646888733,0.9999895095825195,0.0,0.0,-0.004132336936891079,0.060162843368473856
828.1946633466168,-1159.2920063657537,0.0,4.65738738135376,0.9846511483192444,0.0,0.0,-0.17453300952911377,0.9998786449432373,0.0,0.0,-0.01546557992696762,-0.2953844282853304
827.5728176073878,-1160.573814763095,0.0,4.623377840586858,0.9822916984558105,0.0,0.0,-0.1873566210269928,0.999634861946106,0.0,0.0,-0.026963550597429276,0.06188049694255979
826.9111083366826,-1161.8396632925355,0.0,4.590697622625116,0.979846715927124,0.0,0.0,-0.1997498869895935,0.9992547631263733,0.0,0.0,-0.038561560213565826,-0.29373391222665657
826.2125775390789,-1163.089852148798,0.0,4.55936980788703,0.9773378372192383,0.0,0.0,-0.2116844654083252,0.9987375736236572,0.0,0.0,-0.05020570755004883,0.06346270980811969
825.4801151610994,-1164.3246844775376,0.0,4.529406813054891,0.9747858643531799,0.0,0.0,-0.22314095497131348,0.9980844855308533,0.0,0.0,-0.061844952404499054,-0.2922206296593768
824.7164677632808,-1165.5444656345967,0.0,4.500821054810987,0.9722108840942383,0.0,0.0,-0.2341056615114212,0.9972987174987793,0.0,0.0,-0.07343615591526031,0.0649064349719532
823.924246980055,-1166.7495024582022,0.0,4.473624949837609,0.9696313142776489,0.0,0.0,-0.24457067251205444,0.9963853359222412,0.0,0.0,-0.08493668586015701,-0.2908470890041557
823.1059377797111,-1167.940102552662,0.0,4.447830914817048,0.9670642614364624,0.0,0.0,-0.2545315623283386,0.995350182056427,0.0,0.0,-0.09631315618753433,0.06620916401339572
822.2639065368971,-1169.1165735820632,0.0,4.423451366431594,0.9645257592201233,0.0,0.0,-0.26398807764053345,0.9942003488540649,0.0,0.0,-0.1075364425778389,-0.28961579868165804
821.4004089303364,-1170.2792225724816,0.0,4.4004987213635385,0.9620304703712463,0.0,0.0,-0.2729414403438568,0.9929441213607788,0.0,0.0,-0.11857692897319794,0.06736838851178237
820.5175976786396,-1171.428355221169,0.0,4.378985396295167,0.9595916271209717,0.0,0.0,-0.28139591217041016,0.9915899038314819,0.0,0.0,-0.12941449880599976,-0.28852926711254834
819.6175301273205,-1172.564275211172,0.0,4.358923807908779,0.9572209715843201,0.0,0.0,-0.28935733437538147,0.9901466369628906,0.0,0.0,-0.1400303840637207,0.06838160004644839
818.7021757003736,-1173.687283529804,0.0,4.340326372886659,0.954929769039154,0.0,0.0,-0.296831339597702,0.9886239767074585,0.0,0.0,-0.15040481090545654,-0.28759000271749174
817.7734232300096,-1174.7976777893678,0.0,4.3232055079111,0.9527279138565063,0.0,0.0,-0.3038242757320404,0.9870315790176392,0.0,0.0,-0.16052386164665222,0.06924629019672915
816.8330881784149,-1175.895751548505,0.0,4.307573629664389,0.9506248235702515,0.0,0.0,-0.31034180521965027,0.9853792786598206,0.0,0.0,-0.1703733205795288,-0.2868005139171528
815.882919765689,-1176.9817936325092,0.0,4.293443154828821,0.9486289024353027,0.0,0.0,-0.31639036536216736,0.9836764335632324,0.0,0.0,-0.17994491755962372,0.0699599505419598
814.9246080184124,-1178.0560874509108,0.0,4.280826500086682,0.946747899055481,0.0,0.0,-0.3219754099845886,0.9819328784942627,0.0,0.0,-0.18922823667526245,-0.28616330913219623
813.9597907535982,-1179.1189103106187,0.0,4.269736082120266,0.9449892044067383,0.0,0.0,-0.3271009624004364,0.9801584482192993,0.0,0.0,-0.19821447134017944,0.07052007266147572
812.9900605131438,-1180.170532722855,0.0,4.260184317611861,0.9433599710464478,0.0,0.0,-0.3317704498767853,0.9783621430397034,0.0,0.0,-0.20689913630485535,-0.2856808967832869
812.0169714642366,-1181.2112177020997,0.0,4.252183623243759,0.9418667554855347,0.0,0.0,-0.33598601818084717,0.976553201675415,0.0,0.0,-0.21527595818042755,0.0709241481346122
811.0420462815516,-1182.2412200552008,0.0,4.245746415698249,0.9405163526535034,0.0,0.0,-0.3397481441497803,0.9747400879859924,0.0,0.0,-0.22334212064743042,-0.2853557852910894
810.0667830274896,-1183.2607856587927,0.0,4.240885111657621,0.9393150806427002,0.0,0.0,-0.34305551648139954,0.9729319214820862,0.0,0.0,-0.23109212517738342,0.07116966854070447
809.0926620471241,-1184.2701507231,0.0,4.237612127804169,0.9382692575454712,0.0,0.0,-0.3459056615829468,0.971137285232544,0.0,0.0,-0.2385212630033493,-0.2851904830762686
808.1211528949865,-1185.2695410401675,0.0,4.23593988082018,0.9373849630355835,0.0,0.0,-0.348294734954834,0.9693644642829895,0.0,0.0,-0.2456265687942505,0.07125412545908782
807.1537213112949,-1186.2591712145127,0.0,4.235880787387946,0.9366681575775146,0.0,0.0,-0.3502179980278015,0.9676212668418884,0.0,0.0,-0.25240659713745117,-0.2851874985594891
806.1918362374913,-1187.2392439083533,0.0,4.237447264189756,0.9361245036125183,0.0,0.0,-0.35166865587234497,0.9659159183502197,0.0,0.0,-0.25885581970214844,0.07117501046909741
805.2367285718015,-1188.210249668112,0.0,4.2406517279079035,0.9357544779777527,0.0,0.0,-0.35263821482658386,0.9642577171325684,0.0,0.0,-0.26496583223342896,-0.2853493401614158
804.2887905017021,-1189.1737019072955,0.0,4.2455065952246756,0.9355710744857788,0.0,0.0,-0.35312241315841675,0.9626550674438477,0.0,0.0,-0.27073046565055847,0.07092981515006855
803.3482455985483,-1190.131333860002,0.0,4.252024282822364,0.9355756640434265,0.0,0.0,-0.3531118333339691,0.961116373538971,0.0,0.0,-0.2761435806751251,-0.2856785163027132
802.4153340708189,-1191.0848825932012,0.0,4.26021598637544,0.9357681274414062,0.0,0.0,-0.35259899497032166,0.9596505165100098,0.0,0.0,-0.28119516372680664,0.07051609274839807
801.4903291849641,-1192.0360799810474,0.0,4.270027926504615,0.9361475110054016,0.0,0.0,-0.35157686471939087,0.9582652449607849,0.0,0.0,-0.2858801782131195,-0.2861740688344897
800.5735593991737,-1192.986637083348,0.0,4.281310107992607,0.9367238283157349,0.0,0.0,-0.3500444293022156,0.9569689035415649,0.0,0.0,-0.29019004106521606,0.06994628560253985
799.6654102810292,-1193.938248056902,0.0,4.293904762991013,0.9374882578849792,0.0,0.0,-0.34799647331237793,0.9557696580886841,0.0,0.0,-0.29411569237709045,-0.2868101625212779
798.7663244058992,-1194.8925951128886,0.0,4.30765412365143,0.9384377598762512,0.0,0.0,-0.3454318046569824,0.9546753168106079,0.0,0.0,-0.29764869809150696,0.06925187344797337
797.8768009570775,-1195.8513527589746,0.0,4.322400422125457,0.9395665526390076,0.0,0.0,-0.3423525094985962,0.9536935091018677,0.0,0.0,-0.3007795810699463,-0.2875549250704712
796.9973950199194,-1196.8161913172744,0.0,4.3379858905646955,0.9408676028251648,0.0,0.0,-0.33876293897628784,0.9528311491012573,0.0,0.0,-0.30350038409233093,0.06846472857730476
796.1287165612933,-1197.788779705564,0.0,4.354252761120742,0.9423317909240723,0.0,0.0,-0.33467066287994385,0.9520943760871887,0.0,0.0,-0.3058038651943207,-0.2883764841894635
795.2714290849378,-1198.7707874659402,0.0,4.371043265945197,0.9439480900764465,0.0,0.0,-0.33008629083633423,0.9514897465705872,0.0,0.0,-0.30767983198165894,0.06761672328314045
794.4262479528402,-1199.7638860225231,0.0,4.388199637189657,0.9457037448883057,0.0,0.0,-0.32502350211143494,0.9510220885276794,0.0,0.0,-0.309122234582901,-0.2892429675856484
793.5939383624811,-1200.7697491477531,0.0,4.405564107005721,0.947584867477417,0.0,0.0,-0.3194986879825592,0.950695812702179,0.0,0.0,-0.3101242780685425,0.06673972985808674
792.7753129698025,-1201.7900526154035,0.0,4.422978907544989,0.9495764970779419,0.0,0.0,-0.31353098154067993,0.9505120515823364,0.0,0.0,-0.31067660450935364,-0.2901225029664195
791.9712291479573,-1202.8264730175674,0.0,4.440286270959063,0.9516624808311462,0.0,0.0,-0.30714184045791626,0.950480043888092,0.0,0.0,-0.31077486276626587,0.06586562059474968
791.1825858723867,-1203.8806857226612,0.0,4.457328429399534,0.9538260698318481,0.0,0.0,-0.30035609006881714,0.9505965113639832,0.0,0.0,-0.31041452288627625,-0.2909832180391706
790.4103202235042,-1204.9543619518672,0.0,4.473947615018006,0.9560506343841553,0.0,0.0,-0.29319900274276733,0.9508649110794067,0.0,0.0,-0.30959266424179077,0.06502626778573595
789.6554034992276,-1206.0491649524613,0.0,4.489986059966077,0.9583189487457275,0.0,0.0,-0.2856982946395874,0.9512832760810852,0.0,0.0,-0.30830591917037964,-0.29179324051129535
788.918836930865,-1207.1667452481515,0.0,4.505285996395342,0.9606147408485413,0.0,0.0,-0.277881920337677,0.9518505334854126,0.0,0.0,-0.30655139684677124,0.0642535437236518
788.201646997358,-1208.3087349488746,0.0,4.519689656457406,0.9629217386245728,0.0,0.0,-0.2697794437408447,0.9525623321533203,0.0,0.0,-0.30433356761932373,-0.29252069809018744
787.504880334493,-1209.4767411021087,0.0,4.533039272303864,0.9652249217033386,0.0,0.0,-0.261419415473938,0.9534109234809875,0.0,0.0,-0.3016655445098877,0.06357932070110336
786.8295686339524,-1210.6717746202269,0.0,4.545177076086317,0.9675104022026062,0.0,0.0,-0.2528301179409027,0.9543827176094055,0.0,0.0,-0.2985776662826538,-0.29313371848324055
786.1766395212078,-1211.8926577518537,0.0,4.55594529995636,0.9697659015655518,0.0,0.0,-0.24403569102287292,0.9554640650749207,0.0,0.0,-0.29509973526000977,0.06303547101069715
785.5469946422426,-1213.1376207114067,0.0,4.565186176065595,0.9719815850257874,0.0,0.0,-0.23505569994449615,0.956643283367157,0.0,0.0,-0.29125523567199707,-0.29360042939784836
784.9415298098015,-1214.4048027043896,0.0,4.572742171197615,0.9741485118865967,0.0,0.0,-0.22590714693069458,0.9579082727432251,0.0,0.0,-0.28706809878349304,0.06265385509493851
784.3611179805193,-1215.6922780305767,0.0,4.578541661421804,0.9762592911720276,0.0,0.0,-0.21660368144512177,0.9592470526695251,0.0,0.0,-0.2825629413127899,-0.2938933329445246
783.806579887358,-1216.9981214803008,0.0,4.582726545419657,0.9783074259757996,0.0,0.0,-0.20715701580047607,0.9606502056121826,0.0,0.0,-0.2777556777000427,0.06244249731726917
783.2786824639858,-1218.3204258661265,0.0,4.585471333629057,0.9802871942520142,0.0,0.0,-0.19757676124572754,0.9621080756187439,0.0,0.0,-0.2726633548736572,-0.294031958611666
782.7781421927754,-1219.657309918106,0.0,4.586950536487881,0.9821934700012207,0.0,0.0,-0.1878710687160492,0.963611364364624,0.0,0.0,-0.26730257272720337,0.06236779010217708
782.3056287840494,-1221.0069253384268,0.0,4.587338664434005,0.9840215444564819,0.0,0.0,-0.1780480444431305,0.9651521444320679,0.0,0.0,-0.26168495416641235,-0.2940515610331874
781.8617691804302,-1222.367462998795,0.0,4.586810227905315,0.9857673048973083,0.0,0.0,-0.1681145280599594,0.9667222499847412,0.0,0.0,-0.25582361221313477,0.06239447881574728
781.4471518800922,-1223.7371582688131,0.0,4.585539737339686,0.9874263405799866,0.0,0.0,-0.1580784171819687,0.9683153629302979,0.0,0.0,-0.24972590804100037,-0.2939873948430041
781.0623315728875,-1225.1142954678483,0.0,4.583701703174997,0.9889950156211853,0.0,0.0,-0.14794807136058807,0.9699249863624573,0.0,0.0,-0.24339990317821503,0.06248730882406489
780.707834083744,-1226.4972114363854,0.0,4.5814706358491275,0.990469217300415,0.0,0.0,-0.13773298263549805,0.9715448617935181,0.0,0.0,-0.23685184121131897,-0.2938747146750309
780.3841616183923,-1227.8842982257206,0.0,4.579021045799958,0.9918455481529236,0.0,0.0,-0.12744444608688354,0.973169207572937,0.0,0.0,-0.23008693754673004,0.06261102549321487
780.0917983073907,-1229.274004906931,0.0,4.576527443465365,0.9931203722953796,0.0,0.0,-0.1170961856842041,0.9747927784919739,0.0,0.0,-0.22310827672481537,-0.29374877516318276
779.8312160455639,-1230.664838501507,0.0,4.5741643392832305,0.9942906498908997,0.0,0.0,-0.10670393705368042,0.9764108061790466,0.0,0.0,-0.2159174531698227,0.06273037418928223
779.6028806253745,-1232.0553640367293,0.0,4.572106243691432,0.9953535199165344,0.0,0.0,-0.0962863638997078,0.9780186414718628,0.0,0.0,-0.20851390063762665,-0.2936448309413747
779.4072581643737,-1233.4442037288964,0.0,4.57052766712785,0.9963065981864929,0.0,0.0,-0.08586526662111282,0.9796104431152344,0.0,0.0,-0.20090357959270477,0.06281010027835202
779.2446839077362,-1234.830203658225,0.0,4.569603120030362,0.9971480965614319,0.0,0.0,-0.0754665657877922,0.9811784625053406,0.0,0.0,-0.19310064613819122,-0.29359813664352186
779.1146490008605,-1236.2133104306074,0.0,4.56950711283685,0.9978775978088379,0.0,0.0,-0.0651148334145546,0.9827151894569397,0.0,0.0,-0.18512126803398132,0.06281494912650923
779.0163353818841,-1237.5939237532887,0.0,4.570414155985189,0.99849534034729,0.0,0.0,-0.05483373999595642,0.9842125177383423,0.0,0.0,-0.17698831856250763,-0.29364394690353895
778.948949240315,-1238.9724944147329,0.0,4.57249875991326,0.9990028142929077,0.0,0.0,-0.044645268470048904,0.9856643080711365,0.0,0.0,-0.16871614754199982,0.062709666099839
778.9117256853166,-1240.349521048919,0.0,4.575928335200111,0.9994022846221924,0.0,0.0,-0.034570034593343735,0.987064003944397,0.0,0.0,-0.16032461822032928,-0.2938171577766123
778.9039318663989,-1241.725514130929,0.0,4.580750981635968,0.9996967315673828,0.0,0.0,-0.02462739497423172,0.9884066581726074,0.0,0.0,-0.15182781219482422,0.06246609809802808
778.9248654143532,-1243.1009664666747,0.0,4.586915769703889,0.9998898506164551,0.0,0.0,-0.014835626818239689,0.989686906337738,0.0,0.0,-0.1432453691959381,-0.2941285107093356
778.973850510065,-1244.4763527131545,0.0,4.594368770515868,0.9999862909317017,0.0,0.0,-0.005210851319134235,0.9909003973007202,0.0,0.0,-0.13459506630897522,0.062089683915604904
779.0502340396258,-1245.8521297873267,0.0,4.603056055183893,0.9999908804893494,0.0,0.0,0.004231322091072798,0.9920436143875122,0.0,0.0,-0.1258930116891861,-0.2945672624602459
779.1533818837088,-1247.2287372590906,0.0,4.612923694819954,0.999908983707428,0.0,0.0,0.01347687840461731,0.9931133389472961,0.0,0.0,-0.11715560406446457,0.061591318277419954
779.2826753357338,-1248.606597728922,0.0,4.623917760536039,0.9997463226318359,0.0,0.0,0.02251330018043518,0.994107186794281,0.0,0.0,-0.10839921981096268,-0.29512251830449265
779.4375076441605,-1249.9861171906168,0.0,4.635984323444143,0.9995089173316956,0.0,0.0,0.03132808580994606,0.9950234889984131,0.0,0.0,-0.09963866323232651,0.06098189590832381
779.6172806750279,-1251.3676853794934,0.0,4.64906945465625,0.9992029666900635,0.0,0.0,0.039910688996315,0.9958606958389282,0.0,0.0,-0.09089058637619019,-0.29578338351722533
779.8214016916004,-1252.751676106345,0.0,4.663119225284356,0.998835027217865,0.0,0.0,0.048251911997795105,0.9966182112693787,0.0,0.0,-0.08216872811317444,0.06027231153316698
780.0492802486996,-1254.138447577322,0.0,4.678079706440443,0.9984114170074463,0.0,0.0,0.05634257197380066,0.9972959756851196,0.0,0.0,-0.07348708063364029,-0.2965389633735934
780.3003251999817,-1255.52834269987,0.0,4.69389696923651,0.9979385733604431,0.0,0.0,0.06417440623044968,0.9978941082954407,0.0,0.0,-0.06486160308122635,0.0594734598768
780.5739418170713,-1256.9216893747555,0.0,4.710517084784541,0.9974231719970703,0.0,0.0,0.07174060493707657,0.9984135627746582,0.0,0.0,-0.05630270391702652,-0.2973783631487465
780.869529020093,-1258.3188007741585,0.0,4.727886124196526,0.996871829032898,0.0,0.0,0.07903439551591873,0.9988555312156677,0.0,0.0,-0.04782462120056152,0.05859623566407349
781.1864767197267,-1259.7199756057305,0.0,4.745950158584455,0.9962906837463379,0.0,0.0,0.08605028688907623,0.9992218613624573,0.0,0.0,-0.039438147097826004,-0.29829068811783377
781.5241632714822,-1261.125498362456,0.0,4.76465525906032,0.9956861734390259,0.0,0.0,0.0927828699350357,0.9995142221450806,0.0,0.0,-0.031158624216914177,0.0576515336198378
781.8819530434208,-1262.5356395581014,0.0,4.783947496736109,0.9950644969940186,0.0,0.0,0.09922799468040466,0.999735414981842,0.0,0.0,-0.022993847727775574,-0.2992650435560049
782.2591940990513,-1263.9506559479732,0.0,4.803772942723812,0.9944316148757935,0.0,0.0,0.10538136214017868,0.9998879432678223,0.0,0.0,-0.0149555504322052,0.056650248468943704
782.6552159976079,-1265.370790734659,0.0,4.824077668135421,0.9937933683395386,0.0,0.0,0.1112394779920578,0.9999749064445496,0.0,0.0,-0.007054643705487251,-0.3002905347384094
783.0693277143525,-1266.7962737583682,0.0,4.844807744082924,0.9931553602218628,0.0,0.0,0.11679866909980774,0.9999995827674866,0.0,0.0,0.0006982092745602131,0.055603274936241565
783.5008156839625,-1268.2273216714575,0.0,4.865909241678309,0.9925228357315063,0.0,0.0,0.12205667048692703,0.9999654293060303,0.0,0.0,0.008295661769807339,-0.30135626694019657
783.9489419704374,-1269.6641380966719,0.0,4.887328232033573,0.9919010996818542,0.0,0.0,0.12701041996479034,0.9998761415481567,0.0,0.0,0.01572871394455433,0.05452150774658179
784.4129425673115,-1271.1069137686072,0.0,4.909010786260698,0.9912951588630676,0.0,0.0,0.1316566914319992,0.9997355937957764,0.0,0.0,0.022988416254520416,-0.30245134543651603
784.8920258322718,-1272.555826657856,0.0,4.930902975471674,0.9907095432281494,0.0,0.0,0.13599325716495514,0.9995477199554443,0.0,0.0,0.030065007507801056,0.05341584162481536
785.3853710605582,-1274.0110420772724,0.0,4.952950870778496,0.9901485443115234,0.0,0.0,0.14001820981502533,0.9993167519569397,0.0,0.0,0.03695371001958847,-0.3035648755025172
785.8921272017777,-1275.4727127697768,0.0,4.97510054329315,0.9896167516708374,0.0,0.0,0.1437288224697113,0.9990469813346863,0.0,0.0,0.04364444687962532,0.05229717129579248
786.4114117249668,-1276.9409789770898,0.0,4.997298064127627,0.9891179203987122,0.0,0.0,0.1471225768327713,0.9987424612045288,0.0,0.0,0.05013241618871689,-0.3046859624133494
786.942309636919,-1278.4159684887647,0.0,5.019489504393918,0.9886558651924133,0.0,0.0,0.15019655227661133,0.9984075427055359,0.0,0.0,0.05641134828329086,0.05117639148436365
787.4838726589311,-1279.8977966708985,0.0,5.041620935204011,0.9882339239120483,0.0,0.0,0.15294857323169708,0.9980465173721313,0.0,0.0,0.06247392296791077,-0.3058037114441622
788.0351185672189,-1281.3865664738576,0.0,5.063638427669898,0.9878553748130798,0.0,0.0,0.15537507832050323,0.9976637363433838,0.0,0.0,0.06831496208906174,0.050064396915379505
788.5950307023278,-1282.8823684184028,0.0,5.085488052903567,0.9875231981277466,0.0,0.0,0.15747317671775818,0.9972635507583618,0.0,0.0,0.07392701506614685,-0.3069072278701051
789.1625576528749,-1284.3852805595438,0.0,5.107115882017013,0.9872397184371948,0.0,0.0,0.15924054384231567,0.9968501329421997,0.0,0.0,0.0793066993355751,0.048972082313690324
789.7366131189459,-1285.8953684275011,0.0,5.128467986122217,0.9870074987411499,0.0,0.0,0.16067367792129517,0.9964278340339661,0.0,0.0,0.08444763720035553,-0.30798561696632754
790.3160759604269,-1287.4126849451643,0.0,5.149490436331172,0.9868229031562805,0.0,0.0,0.1617690920829773,0.9960008263587952,0.0,0.0,0.08934345096349716,0.047910342404147155
790.8997910836714,-1288.9372720135766,0.0,5.170135039744934,0.9866964817047119,0.0,0.0,0.16252565383911133,0.9955730438232422,0.0,0.0,0.09399101138114929,-0.30902827370439634
791.4865968384888,-1290.469230811047,0.0,5.190592098128686,0.9866280555725098,0.0,0.0,0.16294056177139282,0.9951483011245728,0.0,0.0,0.09838604182004929,0.046877157637291
792.07536142303,-1292.0088163244495,0.0,5.211371008962883,0.9866169691085815,0.0,0.0,0.1630118191242218,0.9947308301925659,0.0,0.0,0.1025211364030838,-0.3100777136455174
792.6649844780702,-1293.5564447643374,0.0,5.233003455488888,0.9866625070571899,0.0,0.0,0.16273817420005798,0.9943240880966187,0.0,0.0,0.1063944473862648,0.0457846098329473
793.2543943373419,-1295.1126946502382,0.0,5.256021120948065,0.9867634773254395,0.0,0.0,0.1621180772781372,0.9939318895339966,0.0,0.0,0.10999855399131775,-0.3112402220020415
793.8425433802306,-1296.6783081380017,0.0,5.280955688581783,0.9869181513786316,0.0,0.0,0.16115175187587738,0.9935574531555176,0.0,0.0,0.11333081126213074,0.04452528823528479
794.4284014227882,-1298.2541925984156,0.0,5.308338841631405,0.9871246814727783,0.0,0.0,0.15983900427818298,0.9932043552398682,0.0,0.0,0.11638385057449341,-0.31262320952980016
795.0109470705421,-1299.8414224583494,0.0,5.338702263338301,0.9873947501182556,0.0,0.0,0.1581832766532898,0.9928757548332214,0.0,0.0,0.11915457248687744,0.042991782088471875
795.5891569399109,-1301.4412413182542,0.0,5.372577636943828,0.9877157807350159,0.0,0.0,0.15618430078029633,0.9925748109817505,0.0,0.0,0.12163663655519485,-0.3143340869846248
796.1619926340168,-1303.0550643629426,0.0,5.410496645689354,0.9880852103233337,0.0,0.0,0.1538444608449936,0.9923040866851807,0.0,0.0,0.12382566183805466,0.04107668063667763
796.7283853331645,-1304.6844810862267,0.0,5.452990972816247,0.9885004758834839,0.0,0.0,0.15116553008556366,0.9920666217803955,0.0,0.0,0.1257140040397644,-0.3164802651223466
797.2872178300042,-1306.3312583542195,0.0,5.500592301565867,0.9889582991600037,0.0,0.0,0.14815063774585724,0.9918647408485413,0.0,0.0,0.1272975504398346,0.038672573124070575
797.8373315246671,-1307.9973186307586,0.0,5.553832315179583,0.9894554018974304,0.0,0.0,0.14480240643024445,0.9916998744010925,0.0,0.0,0.12857477366924286,-0.319169154698797
798.3777894024103,-1309.6844831086837,0.0,5.613242696898759,0.9899879693984985,0.0,0.0,0.14112204313278198,0.9915732145309448,0.0,0.0,0.12954825162887573,0.03567204879481928
798.9077453466939,-1311.3945222231857,0.0,5.679230333633076,0.9905523657798767,0.0,0.0,0.13711020350456238,0.9914811253547668,0.0,0.0,0.13021765649318695,-0.3225018636247726
799.4260722859042,-1313.1287465277862,0.0,5.75030369372385,0.9911447763442993,0.0,0.0,0.13276506960391998,0.9914321303367615,0.0,0.0,0.130581796169281,0.03208248515387113
799.9312440422589,-1314.887555671995,0.0,5.8234937702310114,0.9917610883712769,0.0,0.0,0.12808355689048767,0.9914247393608093,0.0,0.0,0.13063965737819672,-0.3261983321352353
800.4213740545787,-1316.6704179270052,0.0,5.895792610544149,0.9923970699310303,0.0,0.0,0.123061902821064,0.9914575815200806,0.0,0.0,0.13038718700408936,0.02843102857239954
800.8942676874833,-1318.4758638129429,0.0,5.964192262052807,0.9930480718612671,0.0,0.0,0.11769604682922363,0.9915288090705872,0.0,0.0,0.12982261180877686,-0.32965285998920796
801.3474849544884,-1320.3014823706894,0.0,6.025684772146567,0.9937090277671814,0.0,0.0,0.11198101192712784,0.991644024848938,0.0,0.0,0.1289457082748413,0.025325346244431834
801.7784140449253,-1322.143920320509,0.0,6.077262188215007,0.9943743944168091,0.0,0.0,0.10591185092926025,0.9917992353439331,0.0,0.0,0.12775126099586487,-0.33225777999266454
802.184359042636,-1323.9989001192882,0.0,6.115968632436666,0.9950382709503174,0.0,0.0,0.09948427230119705,0.9919938445091248,0.0,0.0,0.1262369602918625,0.023370475324146045
802.562753645127,-1325.8618413879274,0.0,6.140878370174408,0.9956938028335571,0.0,0.0,0.09269528090953827,0.9922263026237488,0.0,0.0,0.12440141290426254,-0.3335158475551767
802.9113555449973,-1327.728670353205,0.0,6.1537062176280575,0.9963340163230896,0.0,0.0,0.0855422094464302,0.9924952387809753,0.0,0.0,0.12224157899618149,0.022722604240628386
803.2282390897086,-1329.5958817385003,0.0,6.156343798119652,0.9969511032104492,0.0,0.0,0.07802370190620422,0.9927987456321716,0.0,0.0,0.11975635588169098,-0.33364905869111583
803.5117683437209,-1331.4605452702924,0.0,6.150682734971234,0.9975367188453674,0.0,0.0,0.07014057785272598,0.9931343197822571,0.0,0.0,0.11694499105215073,0.023008516520851507
803.7605637407296,-1333.3203102925575,0.0,6.138614651504841,0.9980826377868652,0.0,0.0,0.06189115345478058,0.9934993386268616,0.0,0.0,0.11380534619092941,-0.33303955952614644
803.9734626418485,-1335.1734084460136,0.0,6.122031171042509,0.9985793828964233,0.0,0.0,0.053280193358659744,0.9938908219337463,0.0,0.0,0.11033687740564346,0.023846066039151015
804.1494741330687,-1337.0186544090477,0.0,6.102823916906285,0.999017596244812,0.0,0.0,0.04431217536330223,0.994305431842804,0.0,0.0,0.10653854161500931,-0.33206949618593307
804.287728376015,-1338.8554447246202,0.0,6.082884512400809,0.9993874430656433,0.0,0.0,0.034994520246982574,0.9947395324707031,0.0,0.0,0.10240863263607025,0.024853106670740754
804.3874165708252,-1340.6836591869503,0.0,6.06378734451032,0.999678909778595,0.0,0.0,0.0253371000289917,0.9951890110969543,0.0,0.0,0.09794750064611435,-0.3311049927571206
804.4477321018253,-1342.5032796349278,0.0,6.045852289365468,0.9998820424079895,0.0,0.0,0.015351375564932823,0.9956493377685547,0.0,0.0,0.09315400570631027,0.025758917536642445
804.4678581531142,-1344.3142953262693,0.0,6.029089163035853,0.9999870657920837,0.0,0.0,0.005052770487964153,0.9961159229278564,0.0,0.0,0.08802749961614609,-0.33025837021522086
804.446965195875,-1346.1167021194744,0.0,6.0135077815910885,0.9999845027923584,0.0,0.0,-0.005541172344237566,0.9965836405754089,0.0,0.0,0.08256673067808151,0.026545855993448775
804.3842084729453,-1347.9105016579492,0.0,5.999117961100773,0.9998652935028076,0.0,0.0,-0.016409702599048615,0.9970470666885376,0.0,0.0,0.07677076756954193,-0.32953161160459893
804.2787254774315,-1349.695700555329,0.0,5.985929517634518,0.9996209144592285,0.0,0.0,-0.027528837323188782,0.9975002408027649,0.0,0.0,0.07064198702573776,0.027211938996795026
804.129633422079,-1351.4723095810075,0.0,5.973952267261926,0.9992440938949585,0.0,0.0,-0.03887135908007622,0.997937023639679,0.0,0.0,0.06417912989854813,-0.3289266999696196
803.9360266960275,-1353.2403428448506,0.0,5.963196026052602,0.9987285733222961,0.0,0.0,-0.05040803924202919,0.9983510971069336,0.0,0.0,0.05738354101777077,0.027755183502316483
803.6969743054991,-1354.9998169800504,0.0,5.953670610076159,0.9980694651603699,0.0,0.0,-0.06210627034306526,0.9987351894378662,0.0,0.0,0.05025639757514,-0.32844561835464775
803.4115172948808,-1356.7507503230513,0.0,5.945385835402196,0.9972632527351379,0.0,0.0,-0.07393144071102142,0.9990825653076172,0.0,0.0,0.04280088096857071,0.028173606465647982
803.0786661445773,-1358.493162089433,0.0,5.938351518100323,0.9963082671165466,0.0,0.0,-0.0858469009399414,0.9993857145309448,0.0,0.0,0.03502001613378525,-0.3280903498040481
802.6973981419144,-1360.2270715446293,0.0,5.932577474240142,0.9952045679092407,0.0,0.0,-0.0978146344423294,0.9996368288993835,0.0,0.0,0.026918543502688408,0.028465224842424808
802.2666547212858,-1361.9524971683195,0.0,5.928073519891261,0.9939541816711426,0.0,0.0,-0.10979512333869934,0.9998281598091125,0.0,0.0,0.018500104546546936,-0.32786287736218545
801.7853389100846,-1363.6694553368,0.0,5.924847830047258,0.9925609230995178,0.0,0.0,-0.12174820899963379,0.9999515414237976,0.0,0.0,0.009776671417057514,0.02862813847090978
801.2523880389103,-1365.377949968855,0.0,5.922896854011751,0.991030752658844,0.0,0.0,-0.13363318145275116,0.9999990463256836,0.0,0.0,0.0007802322506904602,-0.32776434321897796
800.6681008892384,-1367.0778604524428,0.0,5.922211939212311,0.9893710613250732,0.0,0.0,-0.14541243016719818,0.999963641166687,0.0,0.0,-0.008449289947748184,0.028662730127447134
800.0339855627038,-1368.7689533279924,0.0,5.922784412125576,0.9875898957252502,0.0,0.0,-0.1570545881986618,0.9998394846916199,0.0,0.0,-0.017877286300063133,-0.32779325599237524
799.351553859321,-1370.4509810715142,0.0,5.924605599228178,0.985696017742157,0.0,0.0,-0.16853275895118713,0.999622106552124,0.0,0.0,-0.027465980499982834,0.0285707509808511
798.6222811854389,-1372.1236845307392,0.0,5.927666826996753,0.9836984872817993,0.0,0.0,-0.1798253357410431,0.9993078708648682,0.0,0.0,-0.03718402236700058,-0.3279478634554346
797.8476103730603,-1373.7867917336787,0.0,5.931959421907934,0.9816066026687622,0.0,0.0,-0.19091445207595825,0.9988942742347717,0.0,0.0,-0.04700283706188202,0.02835395325806417
797.0289554534686,-1375.4400167021593,0.0,5.937474710438357,0.9794295430183411,0.0,0.0,-0.20178627967834473,0.9983797669410706,0.0,0.0,-0.05689435079693794,-0.3282264133812135
796.167705390569,-1377.083058268694,0.0,5.944204019064654,0.9771760702133179,0.0,0.0,-0.21243050694465637,0.9977637529373169,0.0,0.0,-0.0668330267071724,0.02801408918602899
795.2652277792304,-1378.7155988950713,0.0,5.952138674263461,0.9748550653457642,0.0,0.0,-0.2228391468524933,0.9970464706420898,0.0,0.0,-0.07679539918899536,-0.32862715354276945
794.3228725137799,-1380.3373034911172,0.0,5.961270002511411,0.9724748134613037,0.0,0.0,-0.233007550239563,0.996228814125061,0.0,0.0,-0.08676017075777054,0.027552910991688107
793.341975431681,-1381.9478182320977,0.0,5.971589330285139,0.970042884349823,0.0,0.0,-0.24293333292007446,0.9953121542930603,0.0,0.0,-0.09671059995889664,-0.32914833171315977
792.3238619373151,-1383.5467693732942,0.0,5.983087984061279,0.9675666093826294,0.0,0.0,-0.25261563062667847,0.9942987561225891,0.0,0.0,-0.1066272109746933,0.026972170901984116
791.2698506106558,-1385.1337620603076,0.0,5.995757290316466,0.9650529026985168,0.0,0.0,-0.262054979801178,0.9931908249855042,0.0,0.0,-0.11649663001298904,-0.329788195665442
790.181256805538,-1386.708379133688,0.0,6.009588575527334,0.9625076055526733,0.0,0.0,-0.27125445008277893,0.9919914603233337,0.0,0.0,-0.1263030618429184,0.026273621143859505
789.059396242099,-1388.2701799265249,0.0,6.024573166170517,0.9599365592002869,0.0,0.0,-0.28021714091300964,0.9907037019729614,0.0,0.0,-0.13603520393371582,-0.33054499317267344
787.9055885978734,-1389.8186990536665,0.0,6.040702388722649,0.9573448896408081,0.0,0.0,-0.2889474630355835,0.9893309473991394,0.0,0.0,-0.1456841230392456,0.025459013944256814
786.7211611019236,-1391.35344519127,0.0,6.057967569660363,0.9547373056411743,0.0,0.0,-0.2974499762058258,0.9878768920898438,0.0,0.0,-0.1552378386259079,-0.3314169720079115
785.5074521362965,-1392.8738998454157,0.0,6.076360035460298,0.9521182775497437,0.0,0.0,-0.30572977662086487,0.986345112323761,0.0,0.0,-0.16469034552574158,0.024530101530118698
784.2658158527723,-1394.3795149105413,0.0,6.095866229422571,0.9494916796684265,0.0,0.0,-0.3137921094894409,0.984739363193512,0.0,0.0,-0.1740347445011139,-0.3324021333191374
782.9976384865939,-1395.869696916664,0.0,6.116412330814492,0.9468612670898438,0.0,0.0,-0.321642130613327,0.9830636978149414,0.0,0.0,-0.18326368927955627,0.023492419641637896
781.7043516600021,-1397.3437972340712,0.0,6.137883911206068,0.9442306160926819,0.0,0.0,-0.3292846381664276,0.9813218712806702,0.0,0.0,-0.19237297773361206,-0.3334865565712373
780.3874375590855,-1398.8011126261208,0.0,6.160165783340587,0.9416033625602722,0.0,0.0,-0.3367236256599426,0.9795173406600952,0.0,0.0,-0.20135977864265442,0.022367072564136947
779.0484335100658,-1400.2408861765582,0.0,6.183142759961332,0.9389829039573669,0.0,0.0,-0.3439633548259735,0.9776543378829956,0.0,0.0,-0.21021923422813416,-0.3346470099359214
777.6889360962734,-1401.6623084058913,0.0,6.206699653811593,0.9363727569580078,0.0,0.0,-0.3510066270828247,0.975735604763031,0.0,0.0,-0.21895214915275574,0.02117733045048742
776.310604805585,-1403.0645185826118,0.0,6.2307212776346415,0.9337770342826843,0.0,0.0,-0.3578548729419708,0.9737651348114014,0.0,0.0,-0.22755540907382965,-0.3358602232603178
774.9151651967694,-1404.446606235183,0.0,6.255092444173769,0.9311997294425964,0.0,0.0,-0.364509254693985,0.9717456102371216,0.0,0.0,-0.23603087663650513,0.01994646345356177
773.504127960975,-1405.807894811234,0.0,6.279697966172263,0.9286451935768127,0.0,0.0,-0.37096866965293884,0.9696808457374573,0.0,0.0,-0.2443748116493225,-0.33710292639155487
772.0778821786091,-1407.1488470875436,0.0,6.304427732597244,0.9261186122894287,0.0,0.0,-0.3772324025630951,0.9675745368003845,0.0,0.0,-0.2525855004787445,0.01869748535129001
770.6365301868428,-1408.4702376212476,0.0,6.32923322463564,0.923624575138092,0.0,0.0,-0.38329827785491943,0.9654299020767212,0.0,0.0,-0.2606627643108368,-0.33835572901975663
769.1801806591546,-1409.7728621269503,0.0,6.354106921365626,0.921168327331543,0.0,0.0,-0.38916414976119995,0.9632503986358643,0.0,0.0,-0.2686050534248352,0.01744123804169473
767.708948565577,-1411.0575381205651,0.0,6.379042044116964,0.9187553524971008,0.0,0.0,-0.3948272466659546,0.961040735244751,0.0,0.0,-0.276406854391098,-0.33961507865366264
766.222955296154,-1412.3251053890715,0.0,6.404031814219418,0.9163910746574402,0.0,0.0,-0.400284081697464,0.9588043093681335,0.0,0.0,-0.2840675115585327,0.01617912844056074
764.7223287818758,-1413.5764264476343,0.0,6.429069453002753,0.9140809774398804,0.0,0.0,-0.40553152561187744,0.9565458297729492,0.0,0.0,-0.2915821075439453,-0.3408796058649422
763.2072036129829,-1414.812386983641,0.0,6.454148181796731,0.9118308424949646,0.0,0.0,-0.41056591272354126,0.9542689323425293,0.0,0.0,-0.29894956946372986,0.01491252597621845
761.6777211545563,-1416.0338962871947,0.0,6.479261221931113,0.9096462726593018,0.0,0.0,-0.41538354754447937,0.9519791007041931,0.0,0.0,-0.3061631917953491,-0.3421479412252645
760.1340296592799,-1417.2418876676002,0.0,6.5044017947356565,0.9075329899787903,0.0,0.0,-0.4199807345867157,0.9496800899505615,0.0,0.0,-0.31322163343429565,0.013642800076999029
758.5762843772782,-1418.4373188553777,0.0,6.529563121540135,0.9054967164993286,0.0,0.0,-0.4243532717227936,0.9473773241043091,0.0,0.0,-0.320119172334671,-0.34341871530629875
757.0046476629242,-1419.6211723893248,0.0,6.554738423674304,0.9035426378250122,0.0,0.0,-0.428498238325119,0.9450758099555969,0.0,0.0,-0.32685133814811707,0.01237132017123288
755.4192890785139,-1420.7944559881391,0.0,6.57992092246793,0.9016758799552917,0.0,0.0,-0.4324124753475189,0.9427801370620728,0.0,0.0,-0.3334149718284607,-0.3446905586797142
753.8203854946975,-1421.9582029061287,0.0,6.605103839250775,0.8999012112617493,0.0,0.0,-0.43609359860420227,0.9404956698417664,0.0,0.0,-0.3398055136203766,0.011099455687250792
752.2081211875601,-1423.1134722725049,0.0,6.630280395352601,0.8982234001159668,0.0,0.0,-0.43953919410705566,0.938227117061615,0.0,0.0,-0.34602007269859314,-0.34596210191718013
750.5826879322459,-1424.2613494137659,0.0,6.655443812103171,0.8966462016105652,0.0,0.0,-0.44274789094924927,0.9359800815582275,0.0,0.0,-0.35205259919166565,0.009828576053383609
748.944285093011,-1425.4029461586717,0.0,6.68058731083225,0.8951727151870728,0.0,0.0,-0.44571954011917114,0.933759868144989,0.0,0.0,-0.3578996956348419,-0.3472319755903659
747.2931197095963,-1426.5394011253084,0.0,6.705704112869604,0.8938053250312805,0.0,0.0,-0.4484550356864929,0.9315725564956665,0.0,0.0,-0.36355501413345337,0.008560050697961674
745.6294065798091,-1427.6718799897178,0.0,6.7307874395449865,0.8925461769104004,0.0,0.0,-0.45095565915107727,0.9294223189353943,0.0,0.0,-0.36901745200157166,-0.34849881027094076
743.9533683381986,-1428.8015757356075,0.0,6.755830512188164,0.8913962841033936,0.0,0.0,-0.453224241733551,0.927314281463623,0.0,0.0,-0.3742830157279968,0.007295249049316277
742.2652355307097,-1429.9297088846085,0.0,6.780826552128902,0.8903563618659973,0.0,0.0,-0.4552639126777649,0.9252546429634094,0.0,0.0,-0.37934622168540955,-0.34976123653057395
740.5652466852076,-1431.057527706569,0.0,6.805768780696964,0.8894256353378296,0.0,0.0,-0.45707979798316956,0.9232472777366638,0.0,0.0,-0.3842058777809143,0.006035540535777817
738.8536483777536,-1432.1863084093718,0.0,6.830650419222108,0.8886027336120605,0.0,0.0,-0.4586774706840515,0.9212987422943115,0.0,0.0,-0.38885506987571716,-0.3510178849409348
737.1306952945132,-1433.3173553077556,0.0,6.855464689034101,0.887885332107544,0.0,0.0,-0.46006470918655396,0.919413685798645,0.0,0.0,-0.39329132437705994,0.004782294585677194
735.39665028919,-1434.4520009706189,0.0,6.880204811462702,0.8872633576393127,0.0,0.0,-0.46124568581581116,0.9175960421562195,0.0,0.0,-0.39751365780830383,-0.35226738607369246
733.6517844358642,-1435.59160634629,0.0,6.90486400783768,0.8867430090904236,0.0,0.0,-0.46223482489585876,0.9158512949943542,0.0,0.0,-0.40151727199554443,0.0035368806273449738
731.8963770771203,-1436.7375608652442,0.0,6.9294354994887915,0.8863187432289124,0.0,0.0,-0.4630424678325653,0.9141844511032104,0.0,0.0,-0.4052979648113251,-0.35350837050051626
730.1307158673476,-1437.891282519749,0.0,6.95391250774581,0.8859843611717224,0.0,0.0,-0.463680237531662,0.9125988483428955,0.0,0.0,-0.4088558554649353,0.0023006680891117792
728.3550968111002,-1439.0542179199213,0.0,6.978288253938482,0.8857330083847046,0.0,0.0,-0.4641607701778412,0.9110997915267944,0.0,0.0,-0.41218575835227966,-0.3547394687930755
726.5698242964006,-1440.2278416096135,0.0,7.002555959396581,0.8855574131011963,0.0,0.0,-0.4644976854324341,0.909687340259552,0.0,0.0,-0.4152939021587372,0.0010750263993088427
724.7752111228679,-1441.413242901545,0.0,7.02670884544987,0.8854494690895081,0.0,0.0,-0.46470609307289124,0.9083586931228638,0.0,0.0,-0.4181919991970062,-0.35595931152303967
722.9715785245626,-1442.6104189472721,0.0,7.05074013342811,0.8854020833969116,0.0,0.0,-0.4647991359233856,0.9071111679077148,0.0,0.0,-0.4208911657333374,-0.00013867501373354685
721.1592561874271,-1443.8191793623735,0.0,7.0746430446610615,0.8854091167449951,0.0,0.0,-0.46478837728500366,0.9059416055679321,0.0,0.0,-0.4234028160572052,-0.35716652926207765
719.3385822612148,-1445.0393272808885,0.0,7.098410800478492,0.8854647874832153,0.0,0.0,-0.4646846055984497,0.9048481583595276,0.0,0.0,-0.42573460936546326,-0.0013390667216845453
717.5099033657854,-1446.2706593202051,0.0,7.122036622210162,0.885563850402832,0.0,0.0,-0.46449747681617737,0.9038269519805908,0.0,0.0,-0.42789825797080994,-0.3583597525818589
715.6735745916704,-1447.5129655500482,0.0,7.145513731185832,0.8857017159461975,0.0,0.0,-0.46423569321632385,0.9028749465942383,0.0,0.0,-0.42990344762802124,-0.0025247792962134197
713.8299594947806,-1448.7660294656657,0.0,7.168835348735269,0.8858744502067566,0.0,0.0,-0.46390655636787415,0.9019896984100342,0.0,0.0,-0.43175747990608215,-0.35953761205405266
711.9794300851584,-1450.0296279652878,0.0,7.191994696188239,0.8860781788825989,0.0,0.0,-0.46351727843284607,0.9011686444282532,0.0,0.0,-0.4334688186645508,-0.003694443308989659
710.1223668096607,-1451.3035313319588,0.0,7.214984994874495,0.8863096833229065,0.0,0.0,-0.46307384967803955,0.9004084467887878,0.0,0.0,-0.4350458085536957,-0.3606987382503282
708.2591585284677,-1452.5875032198123,0.0,7.237799466123806,0.8865660429000854,0.0,0.0,-0.4625817537307739,0.8997069001197815,0.0,0.0,-0.43649476766586304,-0.004846689331682197
706.3902024853106,-1453.88130064489,0.0,7.2604313312659325,0.8868443369865417,0.0,0.0,-0.46204644441604614,0.8990615606307983,0.0,0.0,-0.4378223717212677,-0.3618417617423548
704.5159042713171,-1455.1846739805712,0.0,7.28287381163064,0.8871423602104187,0.0,0.0,-0.4614720940589905,0.8984695076942444,0.0,0.0,-0.43903619050979614,-0.005980147935960356
702.6366777823705,-1456.4973669577068,0.0,7.30512012854769,0.8874577879905701,0.0,0.0,-0.460862934589386,0.8979291319847107,0.0,0.0,-0.4401403069496155,-0.36296531310180175
700.7529451698807,-1457.8191166695387,0.0,7.327163503346845,0.8877885341644287,0.0,0.0,-0.4602230191230774,0.8974379301071167,0.0,0.0,-0.44114094972610474,-0.007093449693493459
698.8651367848718,-1459.1496535814726,0.0,7.348997157357868,0.8881324529647827,0.0,0.0,-0.4595562517642975,0.8969930410385132,0.0,0.0,-0.4420449137687683,-0.36406802290033824
696.9736911152957,-1460.4887015457966,0.0,7.370614311910523,0.8884880542755127,0.0,0.0,-0.45886555314064026,0.8965927958488464,0.0,0.0,-0.4428563714027405,-0.008185225175950772
695.0790547164602,-1461.8359778214137,0.0,7.392008188334573,0.8888533711433411,0.0,0.0,-0.4581546485424042,0.8962348699569702,0.0,0.0,-0.4435800313949585,-0.3651485217096337
693.1816821345056,-1463.1911930986653,0.0,7.413172007959784,0.8892269730567932,0.0,0.0,-0.45742616057395935,0.8959177136421204,0.0,0.0,-0.44422024488449097,-0.00925410495500184
691.2820358228178,-1464.5540515293167,0.0,7.434098992115912,0.8896071910858154,0.0,0.0,-0.45668333768844604,0.8956358432769775,0.0,0.0,-0.4447799026966095,-0.36620544010135736
689.3805860513066,-1465.9242507617835,0.0,7.454782362132722,0.8899925947189331,0.0,0.0,-0.4559289216995239,0.8953920602798462,0.0,0.0,-0.4452645778656006,-0.010298719602315487
687.477810808462,-1467.3014819816556,0.0,7.475215339339976,0.890381932258606,0.0,0.0,-0.45516544580459595,0.8951840400695801,0.0,0.0,-0.44567885994911194,-0.36723740864717824
685.5741956961049,-1468.6854299575969,0.0,7.495391145067442,0.890773355960846,0.0,0.0,-0.45439645648002625,0.895010769367218,0.0,0.0,-0.4460243582725525,-0.0113176996895612
683.6702338167619,-1470.0757730926828,0.0,7.515303000644876,0.891165554523468,0.0,0.0,-0.4536244571208954,0.8948693871498108,0.0,0.0,-0.44630682468414307,-0.3682430579187659
681.7664256535822,-1471.4721834812342,0.0,7.5349441274020466,0.8915570974349976,0.0,0.0,-0.452852338552475,0.8947598338127136,0.0,0.0,-0.4465261697769165,-0.012309675788408136
679.8632792106463,-1472.874326773391,0.0,7.554306681609783,0.8919464945793152,0.0,0.0,-0.4520829916000366,0.8946791291236877,0.0,0.0,-0.4466882050037384,-0.36922096469693444
677.9612713152354,-1474.2818752350818,0.0,7.573376139647199,0.8923319578170776,0.0,0.0,-0.4513201415538788,0.8946256041526794,0.0,0.0,-0.44679611921310425,-0.013272779729691764
676.0605113266452,-1475.6946264872217,0.0,7.59213539395302,0.8927121758460999,0.0,0.0,-0.4505663514137268,0.8945974111557007,0.0,0.0,-0.4468533396720886,-0.370168401783087
674.1609061749874,-1477.1124451141716,0.0,7.610567331376144,0.8930857181549072,0.0,0.0,-0.44982466101646423,0.8945918679237366,0.0,0.0,-0.44686535000801086,-0.01420368566015251
672.2623608996063,-1478.5351917184096,0.0,7.6286548387654785,0.8934513330459595,0.0,0.0,-0.4490974545478821,0.8946071267127991,0.0,0.0,-0.4468357563018799,-0.37108191225729587
670.3647806992551,-1479.9627222112397,0.0,7.646380802969924,0.8938079476356506,0.0,0.0,-0.44838711619377136,0.8946409225463867,0.0,0.0,-0.4467688500881195,-0.015098936377548777
668.4680709520533,-1481.394887828276,0.0,7.663728110838382,0.8941546678543091,0.0,0.0,-0.4476955831050873,0.894691526889801,0.0,0.0,-0.4466681480407715,-0.37195803891731893
666.5721372441458,-1482.8315351483654,0.0,7.680679649219762,0.8944903612136841,0.0,0.0,-0.4470250606536865,0.8947573304176331,0.0,0.0,-0.446536660194397,-0.015955074679638748
664.6768854071853,-1484.2725061159902,0.0,7.697218304962958,0.8948143124580383,0.0,0.0,-0.446377158164978,0.8948372006416321,0.0,0.0,-0.44637665152549744,-0.3727933245609147
662.7822215647294,-1485.7176380671926,0.0,7.713326964916883,0.8951255679130554,0.0,0.0,-0.445753812789917,0.8949277997016907,0.0,0.0,-0.4461948573589325,-0.01676864336418038
660.8880521876548,-1487.1667637590467,0.0,7.728988515930433,0.8954235315322876,0.0,0.0,-0.445156455039978,0.8950293064117432,0.0,0.0,-0.4459909498691559,-0.37358431198584147
658.9942841586799,-1488.6197114027204,0.0,7.744185844852512,0.8957075476646423,0.0,0.0,-0.4445864260196686,0.895139753818512,0.0,0.0,-0.4457687735557556,-0.017536185228931855
657.1008248460724,-1490.0763047001494,0.0,7.758901838532026,0.8959770202636719,0.0,0.0,-0.4440450966358185,0.8952574729919434,0.0,0.0,-0.44553160667419434,-0.3743275439898573
655.2075821866218,-1491.5363628843538,0.0,7.773119383817878,0.896231472492218,0.0,0.0,-0.4435335695743561,0.8953814506530762,0.0,0.0,-0.4452815055847168,-0.018254243071651688
653.3144647779393,-1492.9997007634147,0.0,7.786821367558971,0.8964701890945435,0.0,0.0,-0.44305330514907837,0.8955100774765015,0.0,0.0,-0.4450218081474304,-0.37501956337072057
651.4213819801477,-1494.46612876814,0.0,7.799990676604203,0.8966927528381348,0.0,0.0,-0.4426051080226898,0.8956423401832581,0.0,0.0,-0.4447546899318695,-0.01891935969009778
649.5282440270014,-1495.9354530034236,0.0,7.812610197802482,0.8968989253044128,0.0,0.0,-0.4421897530555725,0.8957765698432922,0.0,0.0,-0.44448336958885193,-0.3756569129261892
647.6349621464885,-1497.4074753033192,0.0,7.824662818002711,0.8970881700515747,0.0,0.0,-0.4418083429336548,0.8959128260612488,0.0,0.0,-0.44420772790908813,-0.01952807788202854
645.7414486909325,-1498.8819932898302,0.0,7.836131424053791,0.8972601294517517,0.0,0.0,-0.4414617121219635,0.8960487246513367,0.0,0.0,-0.4439326822757721,-0.3762361354540215
643.8476172766183,-1500.3588004354262,0.0,7.846998902804627,0.89741450548172,0.0,0.0,-0.44115057587623596,0.8961840867996216,0.0,0.0,-0.4436585307121277,-0.020076940445202085
641.9533829329529,-1501.837686129276,0.0,7.8572481411041215,0.8975508809089661,0.0,0.0,-0.4408758282661438,0.8963181376457214,0.0,0.0,-0.44338685274124146,-0.3767537737519757
640.0586622611559,-1503.318435747205,0.0,7.86686202580118,0.8976690173149109,0.0,0.0,-0.4406379163265228,0.8964487910270691,0.0,0.0,-0.4431220591068268,-0.02056249017737677
638.1633736024618,-1504.8008307253563,0.0,7.875823443744699,0.8977687358856201,0.0,0.0,-0.4404374063014984,0.8965762257575989,0.0,0.0,-0.4428635835647583,-0.3772063706178101
636.2674372158173,-1506.284648637547,0.0,7.8841152817835916,0.8978497385978699,0.0,0.0,-0.4402748942375183,0.896698534488678,0.0,0.0,-0.44261544942855835,-0.02098126987631066
634.3707754650277,-1507.769663276299,0.0,7.891720426766753,0.8979119062423706,0.0,0.0,-0.440150648355484,0.8968158960342407,0.0,0.0,-0.4423774480819702,-0.3775904688492829
632.473313015305,-1509.2556447375223,0.0,7.898621765543086,0.8979548811912537,0.0,0.0,-0.4400651752948761,0.8969275951385498,0.0,0.0,-0.44215089082717896,-0.021329822339761884
630.5749770391534,-1510.742359508816,0.0,7.904802184961499,0.897978663444519,0.0,0.0,-0.44001877307891846,0.8970328569412231,0.0,0.0,-0.44193732738494873,-0.3779026112441522
628.6756974315115,-1512.2295705613592,0.0,7.910244571870891,0.8979828357696533,0.0,0.0,-0.4400121867656708,0.8971302509307861,0.0,0.0,-0.44173985719680786,-0.021604690365488732
626.7754070340676,-1513.7170374453463,0.0,7.914931813120167,0.897967517375946,0.0,0.0,-0.4400451183319092,0.8972192406654358,0.0,0.0,-0.44155946373939514,-0.37813934060017623
624.8740418686347,-1515.2045163889215,0.0,7.918846795558228,0.8979324698448181,0.0,0.0,-0.44011813402175903,0.8972998857498169,0.0,0.0,-0.44139617681503296,-0.021802416751249387
622.9715413794689,-1516.6917604005669,0.0,7.921972406033982,0.8978773355484009,0.0,0.0,-0.44023194909095764,0.897370457649231,0.0,0.0,-0.4412534236907959,-0.3782971997151133
621.0678486843967,-1518.1785193748722,0.0,7.924291531396325,0.8978016972541809,0.0,0.0,-0.4403870701789856,0.8974315524101257,0.0,0.0,-0.4411299526691437,-0.02191954429480214
619.1629108346012,-1519.6645402016402,0.0,7.9257870584941665,0.8977047801017761,0.0,0.0,-0.44058528542518616,0.8974816799163818,0.0,0.0,-0.4410289525985718,-0.3783727313867214
617.256679082898,-1521.1495668782466,0.0,7.926441874176408,0.8975857496261597,0.0,0.0,-0.4408281147480011,0.8975207209587097,0.0,0.0,-0.440950483083725,-0.021952615793905284
615.3491091603264,-1522.633340625176,0.0,7.926238865291951,0.8974433541297913,0.0,0.0,-0.4411180913448334,0.8975486159324646,0.0,0.0,-0.4408946931362152,-0.37836247841275883
613.4401615608494,-1524.1156000046653,0.0,7.9251609186896985,0.8972760438919067,0.0,0.0,-0.44145795702934265,0.8975639939308167,0.0,0.0,-0.44086435437202454,-0.02189817404631683
611.5298018339573,-1525.5960810423453,0.0,7.9231909212185565,0.8970821499824524,0.0,0.0,-0.4418509602546692,0.8975667953491211,0.0,0.0,-0.4408596456050873,-0.378262983590984
609.6180008849375,-1527.0745173518026,0.0,7.920311759727424,0.8968596458435059,0.0,0.0,-0.44230109453201294,0.8975571393966675,0.0,0.0,-0.4408802092075348,-0.02175276184979502
607.7047352825647,-1528.5506402619521,0.0,7.916506321065208,0.8966059684753418,0.0,0.0,-0.44281312823295593,0.8975335359573364,0.0,0.0,-0.4409290552139282,-0.37807078971915486
605.7899875739471,-1530.0241789471036,0.0,7.911757492080809,0.8963185548782349,0.0,0.0,-0.4433917999267578,0.8974967002868652,0.0,0.0,-0.44100475311279297,-0.02151292200209809
603.8737466062455,-1531.4948605596205,0.0,7.90604815962313,0.8959943056106567,0.0,0.0,-0.44404321908950806,0.8974456191062927,0.0,0.0,-0.44110921025276184,-0.37778243959502966
601.9560078549649,-1532.9624103650326,0.0,7.899361210541077,0.8956295847892761,0.0,0.0,-0.4447738230228424,0.8973801136016846,0.0,0.0,-0.4412427842617035,-0.021175197300984328
600.0367737584985,-1534.4265518794841,0.0,7.891679531683551,0.8952205181121826,0.0,0.0,-0.4455907940864563,0.8973001837730408,0.0,0.0,-0.441405326128006,-0.3773944760163668
598.1160540585921,-1535.8870070093697,0.0,7.882986009899454,0.8947625160217285,0.0,0.0,-0.4465024769306183,0.8972053527832031,0.0,0.0,-0.44159775972366333,-0.02073613054421175
596.1938661463682,-1537.3434961930197,0.0,7.873263532037691,0.8942506313323975,0.0,0.0,-0.4475177228450775,0.8970951437950134,0.0,0.0,-0.44182097911834717,-0.3769034417809241
594.2702354135417,-1538.79573854428,0.0,7.862494984947167,0.8936871886253357,0.0,0.0,-0.448650985956192,0.896969199180603,0.0,0.0,-0.44207563996315,-0.020192264529538873
592.3451956084339,-1540.2434519978265,0.0,7.850663255476778,0.8930583000183105,0.0,0.0,-0.44990891218185425,0.8968273997306824,0.0,0.0,-0.4423619210720062,-0.37630587968646
590.4187891963692,-1541.6863534560453,0.0,7.837751230475438,0.8923566937446594,0.0,0.0,-0.4513048529624939,0.896666944026947,0.0,0.0,-0.4426850974559784,-0.019540142054723708
588.4911220554898,-1543.1238924551167,0.0,7.8231821677172535,0.8915749788284302,0.0,0.0,-0.4528522789478302,0.8964809775352478,0.0,0.0,-0.4430587589740753,-0.3755700684360467
586.5627303481481,-1544.5537955855536,0.0,7.803126071861447,0.8907056450843811,0.0,0.0,-0.4545636773109436,0.896260678768158,0.0,0.0,-0.44350019097328186,-0.018527207920592037
584.6352194141868,-1545.9725130478564,0.0,7.772580421446254,0.8897424936294556,0.0,0.0,-0.456449031829834,0.8960006833076477,0.0,0.0,-0.4440193772315979,-0.37402735881911775
582.711502897788,-1547.3756571635986,0.0,7.726541128328038,0.888680100440979,0.0,0.0,-0.4585166573524475,0.8956975340843201,0.0,0.0,-0.4446336030960083,-0.016201991096439716
580.79584572952,-1548.7580554944943,0.0,7.660004104363142,0.8875135183334351,0.0,0.0,-0.46077272295951843,0.8953419327735901,0.0,0.0,-0.4453521966934204,-0.3706669030633149
578.8938570682594,-1550.1138575444668,0.0,7.568194366917963,0.8862391710281372,0.0,0.0,-0.4632206857204437,0.8949284553527832,0.0,0.0,-0.4461852014064789,-0.011565135669915516
577.0110711914243,-1551.4376395849072,0.0,7.4521581581486425,0.8848547339439392,0.0,0.0,-0.4658610224723816,0.8944535851478577,0.0,0.0,-0.44713860750198364,-0.3648064884790058
575.1513983056394,-1552.7255128959714,0.0,7.319087075820032,0.8833580613136292,0.0,0.0,-0.4686937928199768,0.8939138054847717,0.0,0.0,-0.44821882247924805,-0.004844373936147228
573.3170126429625,-1553.975140462281,0.0,7.176466709043601,0.8817487359046936,0.0,0.0,-0.47171539068222046,0.8933055400848389,0.0,0.0,-0.44943171739578247,-0.3576034396519134
571.5083013026118,-1555.1856792058604,0.0,7.0317826469308455,0.8800263404846191,0.0,0.0,-0.4749217927455902,0.8926268815994263,0.0,0.0,-0.4507797956466675,0.0024629019281333653
569.7238028141757,-1556.3577040471284,0.0,6.892519695564298,0.8781906962394714,0.0,0.0,-0.4783080220222473,0.8918757438659668,0.0,0.0,-0.45226573944091797,-0.35056995725966356
567.9606067413898,-1557.4928176168416,0.0,6.764366269696103,0.87624192237854,0.0,0.0,-0.48186951875686646,0.8910493850708008,0.0,0.0,-0.45389309525489807,0.008935297174001822
566.2157752264638,-1558.5926438497177,0.0,6.647383135558093,0.8741798400878906,0.0,0.0,-0.4856007993221283,0.8901463747024536,0.0,0.0,-0.4556627869606018,-0.3446617181617843
564.4866230215487,-1559.6586307291316,0.0,6.5405319809546665,0.8720040321350098,0.0,0.0,-0.48949748277664185,0.8891642689704895,0.0,0.0,-0.4575774669647217,0.014331820133770878
562.7707176237819,-1560.6920466553595,0.0,6.442774493690224,0.8697142601013184,0.0,0.0,-0.4935547709465027,0.8881034851074219,0.0,0.0,-0.4596337676048279,-0.3397244713302468
561.0658811097845,-1561.6939797489033,0.0,6.353072361569162,0.867309033870697,0.0,0.0,-0.49776938557624817,0.8869618773460388,0.0,0.0,-0.4618339240550995,0.01886223084695582
559.370193498159,-1562.6653397870573,0.0,6.270387272395867,0.8647871017456055,0.0,0.0,-0.5021380186080933,0.8857372999191284,0.0,0.0,-0.4641789495944977,-0.3355484567255349
557.6819975021757,-1563.6068625287955,0.0,6.193680913974762,0.8621463179588318,0.0,0.0,-0.5066587328910828,0.8844295144081116,0.0,0.0,-0.46666663885116577,0.022736289353072203
555.9999045610796,-1564.51911622822,0.0,6.121914974110235,0.8593839406967163,0.0,0.0,-0.5113303661346436,0.8830364346504211,0.0,0.0,-0.46929797530174255,-0.3319239143081346
554.3228020579647,-1565.402510171156,0.0,6.054051140606683,0.8564965128898621,0.0,0.0,-0.5161522626876831,0.8815582990646362,0.0,0.0,-0.4720693826675415,0.026163755691635482
552.6498616454038,-1566.2573050938245,0.0,5.989051101268504,0.8534799814224243,0.0,0.0,-0.521125316619873,0.8799934387207031,0.0,0.0,-0.47498059272766113,-0.3286410840385296
550.9805486075112,-1567.0836253576542,0.0,5.925876543900097,0.8503287434577942,0.0,0.0,-0.5262515544891357,0.8783420324325562,0.0,0.0,-0.4780280888080597,0.029354389902161104
549.314632189121,-1567.881472760682,0.0,5.863489156305859,0.8470361828804016,0.0,0.0,-0.5315347909927368,0.876602828502655,0.0,0.0,-0.48121050000190735,-0.3254902058772045
547.6521968197005,-1568.6507418642302,0.0,5.800850626290192,0.8435946702957153,0.0,0.0,-0.536980152130127,0.8747763633728027,0.0,0.0,-0.4845231771469116,0.032517952024164576
545.9936541516781,-1569.391236704032,0.0,5.73692264165749,0.8399946093559265,0.0,0.0,-0.5425945520401001,0.8728592991828918,0.0,0.0,-0.48796865344047546,-0.32226151978464385
544.3398769450426,-1570.102557695613,0.0,5.6707438266533075,0.8362252116203308,0.0,0.0,-0.5483860969543457,0.8708474636077881,0.0,0.0,-0.4915502369403839,0.03586031641831522
542.692891016057,-1570.783314770535,0.0,5.602177391081849,0.832274854183197,0.0,0.0,-0.554362952709198,0.8687369227409363,0.0,0.0,-0.4952709674835205,-0.3187985684931561
541.0550579380423,-1571.4318436927708,0.0,5.531587163892751,0.8281319737434387,0.0,0.0,-0.5605331659317017,0.8665189146995544,0.0,0.0,-0.4991414248943329,0.03942547940766361
539.4285451897821,-1572.0467114744606,0.0,5.459344015077663,0.8237854242324829,0.0,0.0,-0.566901683807373,0.8641878962516785,0.0,0.0,-0.503166675567627,-0.3151499246136062
537.815318699364,-1572.6267109747903,0.0,5.3858188146282595,0.8192233443260193,0.0,0.0,-0.5734745264053345,0.8617387413978577,0.0,0.0,-0.5073500871658325,0.04313887336975469
536.2171397355208,-1573.170850566319,0.0,5.311382432536201,0.8144336342811584,0.0,0.0,-0.5802567601203918,0.8591635227203369,0.0,0.0,-0.5116991996765137,-0.3113905113766335
534.635563280062,-1573.678341781145,0.0,5.236405738793154,0.8094043731689453,0.0,0.0,-0.5872519016265869,0.8564580678939819,0.0,0.0,-0.5162150263786316,0.046925575073948955
533.0719377683596,-1574.148585151019,0.0,5.161259603390789,0.8041240572929382,0.0,0.0,-0.5944616198539734,0.8536149859428406,0.0,0.0,-0.5209029912948608,-0.3075952520128777
531.5274060837136,-1574.581154450624,0.0,5.086314896320766,0.7985804677009583,0.0,0.0,-0.601888120174408,0.8506277799606323,0.0,0.0,-0.5257670879364014,0.05071066128960672
530.0029076921481,-1574.975779545156,0.0,5.011942487574755,0.7927614450454712,0.0,0.0,-0.6095320582389832,0.847488284111023,0.0,0.0,-0.5308129191398621,-0.3038390697529782
528.499181806621,-1575.3323280321995,0.0,4.938513247144421,0.786655068397522,0.0,0.0,-0.6173926591873169,0.8441906571388245,0.0,0.0,-0.5360419750213623,0.054419208786088274
527.0167714736715,-1575.6507858539646,0.0,4.866398045021421,0.7802501320838928,0.0,0.0,-0.6254674792289734,0.8407291173934937,0.0,0.0,-0.5414549708366394,-0.30019688782757414
525.5560284810904,-1575.9312370394584,0.0,4.79596775119744,0.7735342383384705,0.0,0.0,-0.6337542533874512,0.8370949029922485,0.0,0.0,-0.5470567941665649,0.05797629433275395
524.1171189920748,-1576.1738427171924,0.0,4.727593235664137,0.766498327255249,0.0,0.0,-0.6422460675239563,0.8332821726799011,0.0,0.0,-0.5528472065925598,-0.29674362946730626
522.7000298195421,-1576.378819517954,0.0,4.6616453684131764,0.7591326832771301,0.0,0.0,-0.6509357690811157,0.8292820453643799,0.0,0.0,-0.5588295459747314,0.06130699469896403
521.3045752635727,-1576.5464174639706,0.0,4.598495019436224,0.7514293193817139,0.0,0.0,-0.659813404083252,0.8250868320465088,0.0,0.0,-0.5650052428245544,-0.2935542179028137
519.9304044453954,-1576.676897415806,0.0,4.538513058724946,0.7433831691741943,0.0,0.0,-0.6688656210899353,0.8206900954246521,0.0,0.0,-0.5713730454444885,0.06433638665407909
518.5770090826974,-1576.7705081215756,0.0,4.482070356271009,0.7349904775619507,0.0,0.0,-0.6780771613121033,0.8160842657089233,0.0,0.0,-0.5779324173927307,-0.2907035763647361
517.2437316633683,-1576.8274628846848,0.0,4.42953778206608,0.7262506484985352,0.0,0.0,-0.687429666519165,0.8112584948539734,0.0,0.0,-0.5846872329711914,0.06698954696745932
515.9297739879856,-1576.8479158364535,0.0,4.381286206101825,0.7171655297279358,0.0,0.0,-0.6969025135040283,0.806205153465271,0.0,0.0,-0.5916357040405273,-0.28826662808371306
514.6342338008932,-1576.8319385056807,0.0,4.337593432711527,0.7077391743659973,0.0,0.0,-0.7064734697341919,0.8009176850318909,0.0,0.0,-0.5987740159034729,0.06919625269424201
513.3562629259945,-1576.779507461676,0.0,4.298233072577321,0.6979787945747375,0.0,0.0,-0.7161181569099426,0.7953876256942749,0.0,0.0,-0.6061006784439087,-0.286278731107238
512.09512231471,-1576.6905096270368,0.0,4.2628087864590185,0.6878962516784668,0.0,0.0,-0.7258086204528809,0.7896028757095337,0.0,0.0,-0.6136177778244019,0.07098535805375222
510.8501848734732,-1576.564751664622,0.0,4.230924105164313,0.6775059103965759,0.0,0.0,-0.7355169653892517,0.7835583686828613,0.0,0.0,-0.6213178038597107,-0.2846683936681115
509.6209373041591,-1576.4019705188832,0.0,4.202182559500904,0.6668243408203125,0.0,0.0,-0.745214581489563,0.7772422432899475,0.0,0.0,-0.6292011141777039,0.07243695126907593
508.40698105445404,-1576.201845079298,0.0,4.17618768027649,0.6558728218078613,0.0,0.0,-0.7548710703849792,0.7706481218338013,0.0,0.0,-0.6372606158256531,-0.28335552098000977
507.20803242509027,-1575.9640089461834,0.0,4.152542998298773,0.6446758508682251,0.0,0.0,-0.7644557356834412,0.7637689709663391,0.0,0.0,-0.6454895734786987,0.07363112712653638
506.0239218718257,-1575.6880642871101,0.0,4.1308520443754535,0.6332597136497498,0.0,0.0,-0.7739391922950745,0.7565968632698059,0.0,0.0,-0.6538814306259155,-0.2822600182566098
504.85459253287536,-1575.37359677682,0.0,4.110718349314231,0.6216544508934021,0.0,0.0,-0.7832912802696228,0.7491267323493958,0.0,0.0,-0.6624264717102051,0.07464798041245671
503.70009800710875,-1575.020191615113,0.0,4.091745443922804,0.6098931431770325,0.0,0.0,-0.792483389377594,0.7413537502288818,0.0,0.0,-0.6711142063140869,-0.28130179071158823
502.5605994267784,-1574.627450932757,0.0,4.073536859008875,0.598008930683136,0.0,0.0,-0.8014892339706421,0.733288586139679,0.0,0.0,-0.6799173355102539,0.07556760591316017
501.43639136602724,-1574.1954355082369,0.0,4.0556961253801385,0.586037278175354,0.0,0.0,-0.810283899307251,0.7249478697776794,0.0,0.0,-0.6888036727905273,-0.28040074355862166
500.32794024765553,-1573.7254956592606,0.0,4.037879313705018,0.5740096569061279,0.0,0.0,-0.8188482522964478,0.7163559198379517,0.0,0.0,-0.697735071182251,0.07646744488665108
499.2357308417246,-1573.2191959039665,0.0,4.020021862892187,0.561954140663147,0.0,0.0,-0.8271681666374207,0.7075275778770447,0.0,0.0,-0.7066857814788818,-0.2794988521034282
498.1602242670886,-1572.678068664279,0.0,4.0021517028945555,0.5498965382575989,0.0,0.0,-0.8352326154708862,0.6984875202178955,0.0,0.0,-0.7156223058700562,0.07736997821986477
497.10185854282105,-1572.1036132083836,0.0,3.98429682318231,0.5378578901290894,0.0,0.0,-0.8430353403091431,0.6892538070678711,0.0,0.0,-0.7245201468467712,-0.2785970905017996
496.06104921352687,-1571.4972947218505,0.0,3.9664852132256385,0.5258556604385376,0.0,0.0,-0.8505735397338867,0.6798430681228638,0.0,0.0,-0.7333577871322632,0.07826955448030273
495.0381900299931,-1570.8605434980077,0.0,3.9487448624947277,0.5139063596725464,0.0,0.0,-0.8578460812568665,0.6702730655670166,0.0,0.0,-0.7421146631240845,-0.2777011131921577
494.03365368326644,-1570.194754244217,0.0,3.931103760459765,0.5020228028297424,0.0,0.0,-0.8648541569709778,0.6605638265609741,0.0,0.0,-0.7507699728012085,0.07916051922954329
493.04779259030084,-1569.5012855006844,0.0,3.9135898965909384,0.49021461606025696,0.0,0.0,-0.8716016411781311,0.650728166103363,0.0,0.0,-0.7593108415603638,-0.27681657461292397
492.0809397293793,-1568.7814591684592,0.0,3.8962312603584346,0.4784899353981018,0.0,0.0,-0.8780928254127502,0.6407819986343384,0.0,0.0,-0.7677229642868042,0.08003721802916466
491.13340952359374,-1568.036560143302,0.0,3.879055841232437,0.4668544828891754,0.0,0.0,-0.8843340277671814,0.6307382583618164,0.0,0.0,-0.7759957313537598,-0.27594912920252007
490.20549877074495,-1567.267836052134,0.0,3.862091628683142,0.4553122818470001,0.0,0.0,-0.8903316259384155,0.6206119060516357,0.0,0.0,-0.7841179966926575,0.08089399644074524
489.2974876181145,-1566.4764970888475,0.0,3.8453666121807286,0.44386550784111023,0.0,0.0,-0.8960933089256287,0.6104164123535156,0.0,0.0,-0.792080819606781,-0.2751044313993679
488.4096405806633,-1565.6637159463069,0.0,3.828908781195389,0.4325138330459595,0.0,0.0,-0.9016271829605103,0.6001606583595276,0.0,0.0,-0.7998796105384827,0.08172520002586342
487.5422076013178,-1564.8306278414818,0.0,3.812746125197309,0.4212557375431061,0.0,0.0,-0.9069417715072632,0.5898556113243103,0.0,0.0,-0.8075088262557983,-0.27428813564188914
486.69542515210884,-1563.978330630702,0.0,3.7969066336566746,0.4100891351699829,0.0,0.0,-0.9120453000068665,0.5795114040374756,0.0,0.0,-0.8149641752243042,0.08252517434609752
485.8695173750696,-1563.1078850121849,0.0,3.7814182960436753,0.39900949597358704,0.0,0.0,-0.9169465899467468,0.56913161277771,0.0,0.0,-0.8222464323043823,-0.27350589636850536
485.0646972619007,-1562.2203148130477,0.0,3.766309101828496,0.38801199197769165,0.0,0.0,-0.921654224395752,0.5587278008460999,0.0,0.0,-0.8293511271476746,0.08328826496302577
484.28116787158115,-1561.3166073582065,0.0,3.7516070404813258,0.37709084153175354,0.0,0.0,-0.926176130771637,0.5483049750328064,0.0,0.0,-0.8362784385681152,-0.2727633680176382
483.5191235852101,-1560.3977139186495,0.0,3.7373401014723506,0.36623838543891907,0.0,0.0,-0.9305208921432495,0.537871241569519,0.0,0.0,-0.8430270552635193,0.08400881743822652
482.7787513975441,-1559.4645502367757,0.0,3.7235362742717566,0.35544702410697937,0.0,0.0,-0.9346962571144104,0.527428150177002,0.0,0.0,-0.8495997190475464,-0.2720662050277092
482.0602322448415,-1558.517997126628,0.0,3.710223548349736,0.3447079062461853,0.0,0.0,-0.9387098550796509,0.5169814229011536,0.0,0.0,-0.8559967875480652,0.08468117733327807
481.3637423687769,-1557.5589011470254,0.0,3.6974299131764714,0.334011048078537,0.0,0.0,-0.9425689578056335,0.50653076171875,0.0,0.0,-0.8622219562530518,-0.2714200618371403
480.68945471639177,-1556.5880753458216,0.0,3.685183358222153,0.3233468532562256,0.0,0.0,-0.9462803602218628,0.4960809648036957,0.0,0.0,-0.8682762980461121,0.08529969020975883
480.0375403761838,-1555.6063000736665,0.0,3.6735118729569662,0.3127042353153229,0.0,0.0,-0.9498504996299744,0.48563334345817566,0.0,0.0,-0.8741625547409058,-0.27083059288435307
479.4081700506616,-1554.6143238659129,0.0,3.6624434468510985,0.30207183957099915,0.0,0.0,-0.9532850384712219,0.4751885235309601,0.0,0.0,-0.8798839449882507,0.08585870162924708
478.80151556584974,-1553.6128643914815,0.0,3.6520060693747376,0.29143771529197693,0.0,0.0,-0.9565896391868591,0.46474531292915344,0.0,0.0,-0.8854444026947021,-0.27030345260776917
478.21775141845444,-1552.602609467787,0.0,3.642227729998072,0.2807891368865967,0.0,0.0,-0.9597693085670471,0.4543030560016632,0.0,0.0,-0.8908472657203674,0.0863525571533211
477.65705636158526,-1551.5842181410233,0.0,3.6331364181912864,0.2701128423213959,0.0,0.0,-0.962828516960144,0.4438595175743103,0.0,0.0,-0.896096408367157,-0.2698442954458103
477.11961503014703,-1550.5583218313886,0.0,3.62476012342457,0.2593958377838135,0.0,0.0,-0.965770959854126,0.43341386318206787,0.0,0.0,-0.9011950492858887,0.08677560234355927
476.6056196072414,-1549.5255255431168,0.0,3.617126835168107,0.24862413108348846,0.0,0.0,-0.9685998558998108,0.4229632318019867,0.0,0.0,-0.9061468839645386,-0.26945877583689803
476.115271533133,-1548.4864091394193,0.0,3.6102645428920908,0.23778443038463593,0.0,0.0,-0.9713177680969238,0.41250142455101013,0.0,0.0,-0.9109569787979126,0.08712218276153993
475.6487832585742,-1547.441528682777,0.0,3.604201236066703,0.22686399519443512,0.0,0.0,-0.973926305770874,0.40202680230140686,0.0,0.0,-0.9156278967857361,-0.2691525482194542
475.206380044524,-1546.3914178413056,0.0,3.5989649041621328,0.2158500701189041,0.0,0.0,-0.976426362991333,0.39153462648391724,0.0,0.0,-0.9201634526252747,0.08738664396884147
474.7883018105439,-1545.3365893622502,0.0,3.594583536648569,0.20473018288612366,0.0,0.0,-0.9788182973861694,0.38101786375045776,0.0,0.0,-0.9245677590370178,-0.2689312670319005
474.3948050344081,-1544.277536613977,0.0,3.5910851229961978,0.19349327683448792,0.0,0.0,-0.9811014533042908,0.37046927213668823,0.0,0.0,-0.9288447499275208,0.08756333152704207
474.02616470573867,-1543.2147351982153,0.0,3.588497652675204,0.1821289360523224,0.0,0.0,-0.983274519443512,0.3598840832710266,0.0,0.0,-0.9329970479011536,-0.26880058671265844
473.6826763367372,-1542.148644634615,0.0,3.58684911515578,0.17062939703464508,0.0,0.0,-0.9853351712226868,0.34925422072410583,0.0,0.0,-0.9370280504226685,0.08764659099772007
473.3646580333812,-1541.07971012011,0.0,3.5861674999081075,0.15898774564266205,0.0,0.0,-0.9872804880142212,0.33857300877571106,0.0,0.0,-0.9409401416778564,-0.2687661617001497
473.0724526307356,-1540.0083643659293,0.0,3.5864807964023773,0.14719949662685394,0.0,0.0,-0.9891067147254944,0.3278299570083618,0.0,0.0,-0.9447367191314697,0.08763076794245392
472.8064298963379,-1538.9350295155439,0.0,3.5878169941087776,0.13526210188865662,0.0,0.0,-0.9908097386360168,0.31701672077178955,0.0,0.0,-0.9484198093414307,-0.26883364643279617
472.56698880592364,-1537.8601191472262,0.0,3.590204082497493,0.12317638099193573,0.0,0.0,-0.992384672164917,0.3061244785785675,0.0,0.0,-0.9519913792610168,0.0875102079228218
472.35455989608687,-1536.7840403653804,0.0,3.5936700510387114,0.1109466552734375,0.0,0.0,-0.9938262701034546,0.29514172673225403,0.0,0.0,-0.9554533958435059,-0.26900869534901933
472.169607698801,-1535.7071959852378,0.0,3.5982428892026204,-0.09857786446809769,0.0,0.0,0.9951292276382446,0.2840594947338104,0.0,0.0,-0.9588065147399902,0.08727925650040214
472.01263326307645,-1534.6299868160083,0.0,3.6039505864594075,-0.08608169108629227,0.0,0.0,0.9962878823280334,0.27286484837532043,0.0,0.0,-0.9620522856712341,-0.2692969628872409
471.8841767693883,-1533.5528140480858,0.0,3.6108211322792596,-0.07347247749567032,0.0,0.0,0.9972970485687256,0.26154595613479614,0.0,0.0,-0.9651908874511719,0.08693225923677325
471.7848202428788,-1532.4760817504252,0.0,3.618882516132364,-0.06076830253005028,0.0,0.0,0.9981517195701599,0.2500956058502197,0.0,0.0,-0.9682210087776184,-0.26970410348588253
471.71515906560865,-1531.4001758748457,0.0,3.628162727488908,-0.047991346567869186,0.0,0.0,0.9988475441932678,0.2385139912366867,0.0,0.0,-0.9711389541625977,0.08646356169351344
471.67534502284525,-1530.32512016674,0.0,3.638689755819079,-0.035165198147296906,0.0,0.0,0.9993813633918762,0.2268027514219284,0.0,0.0,-0.9739406108856201,-0.27023577158336587
471.66518039244585,-1529.2506476942624,0.0,3.650491590593066,-0.022313043475151062,0.0,0.0,0.9997509121894836,-0.21498575806617737,0.0,0.0,0.9766170978546143,0.08586750943220092
471.6844905573678,-1528.1764824741872,0.0,3.663596221281056,-0.009457427076995373,0.0,0.0,0.9999550580978394,-0.20306329429149628,0.0,0.0,0.9791655540466309,-0.2708976216181128
471.7331342540901,-1527.1023478639427,0.0,3.678031637353233,0.0033803666010499,0.0,0.0,0.9999940395355225,-0.1910453587770462,0.0,0.0,0.9815810918807983,0.0851384480144142
471.81100325185616,-1526.027967033956,0.0,3.6938258282797856,0.016179585829377174,0.0,0.0,0.9998688697814941,-0.17894279956817627,0.0,0.0,0.9838593602180481,-0.2716953080285448
471.9180219869987,-1524.953063461052,0.0,3.711006783530902,0.028920097276568413,0.0,0.0,0.999581515789032,-0.1667662113904953,0.0,0.0,0.9859963655471802,0.08427072300173158
472.05414714866555,-1523.8773614442282,0.0,3.7296024925767695,0.04158348590135574,0.0,0.0,0.99913489818573,-0.15452443063259125,0.0,0.0,0.9879889488220215,-0.27263448525308354
472.21936721184204,-1522.8005866442093,0.0,3.7496409448875747,0.05415171757340431,0.0,0.0,0.9985325932502747,-0.1422296166419983,0.0,0.0,0.9898335933685303,0.08325867995573127
472.4137008225653,-1521.7224722803523,0.0,3.7711303846808066,0.06660827994346619,0.0,0.0,0.997779130935669,-0.12989266216754913,0.0,0.0,0.9915279150009155,-0.2737198104951659
472.6371852176442,-1520.6428062036728,0.0,3.7939148813388472,0.07893763482570648,0.0,0.0,0.996879518032074,-0.11752583086490631,0.0,0.0,0.9930697083473206,0.08210794780128475
472.8898632588352,-1519.5614532666557,0.0,3.817757120936126,0.09112581610679626,0.0,0.0,0.9958392381668091,-0.10513979196548462,0.0,0.0,0.9944574236869812,-0.27492396401018
473.1717733870744,-1518.4783542508155,0.0,3.8424192054833437,0.10315912216901779,0.0,0.0,0.99466472864151,-0.09274740517139435,0.0,0.0,0.9956896305084229,0.0808623879756677
473.48293990725676,-1517.3935245371533,0.0,3.8676632369912003,0.11502587795257568,0.0,0.0,0.9933624267578125,-0.0803586095571518,0.0,0.0,0.9967659115791321,-0.27619891509643535
473.82336358724035,-1516.307052682394,0.0,3.893251317470389,0.12671509385108948,0.0,0.0,0.991939127445221,-0.06798496097326279,0.0,0.0,0.9976862072944641,0.07957006067873892
474.19301258400844,-1515.219098896247,0.0,3.918945548931612,0.13821668922901154,0.0,0.0,0.9904019236564636,-0.05563909187912941,0.0,0.0,0.9984508156776428,-0.27749660355407285
474.59181371499824,-1514.129893415444,0.0,3.94450803338557,0.14952236413955688,0.0,0.0,0.9887582659721375,-0.043332409113645554,0.0,0.0,0.9990605711936951,0.0782790261103572
475.01964409705727,-1513.039734770905,0.0,3.9697008728429624,0.1606243997812271,0.0,0.0,0.9870155453681946,-0.031076718121767044,0.0,0.0,0.9995168447494507,-0.27876896918323407
475.47632317925377,-1511.948987945091,0.0,3.9942861693144884,0.17151623964309692,0.0,0.0,0.9851812124252319,-0.018880803138017654,0.0,0.0,0.9998216032981873,0.07703734447038113
475.96160519885547,-1510.8580824173819,0.0,4.018026024810846,0.18219247460365295,0.0,0.0,0.9832627177238464,-0.0067580388858914375,0.0,0.0,0.9999769926071167,-0.2799679517840602
476.4751720921568,-1509.767510096229,0.0,4.040682541342736,0.19264847040176392,0.0,0.0,0.9812676906585693,0.005282820668071508,0.0,0.0,0.9999858140945435,0.07589307595866948
477.01662689348086,-1508.6778231377953,0.0,4.062017820920857,0.20287945866584778,0.0,0.0,0.9792035222053528,0.017227496951818466,0.0,0.0,0.9998513460159302,-0.28104549115669253
477.5854893846806,-1507.5896284257685,0.0,4.081806105183315,0.21288326382637024,0.0,0.0,0.9770774245262146,0.029068997129797935,0.0,0.0,0.9995772242546082,0.07489366766258573
478.1812212646671,-1506.5035312298487,0.0,4.100026302361893,0.22265733778476715,0.0,0.0,0.9748965501785278,0.04079822078347206,0.0,0.0,0.9991672039031982,-0.2819657031354086
478.8032536111479,-1505.420089934075,0.0,4.116827546090932,0.2322002500295639,0.0,0.0,0.9726677536964417,0.05240442603826523,0.0,0.0,0.9986257553100586,0.07404511999950295
479.450993859889,-1504.339815564829,0.0,4.1323641479997075,0.2415115237236023,0.0,0.0,0.9703977108001709,0.06387767195701599,0.0,0.0,0.9979575872421265,-0.28275037999948816
480.1238318636885,-1503.2631727812268,0.0,4.146790419717488,0.25059062242507935,0.0,0.0,0.9680930376052856,0.07521186769008636,0.0,0.0,0.9971674084663391,0.07331652041779688
480.82114568111365,-1502.1905809337113,0.0,4.160260672873541,0.2594383955001831,0.0,0.0,0.9657595753669739,0.0863991528749466,0.0,0.0,0.996260404586792,-0.28343069581545044
481.54230707386205,-1501.122415190072,0.0,4.172929219097136,0.2680559456348419,0.0,0.0,0.9634032249450684,0.09743258357048035,0.0,0.0,0.9952418804168701,0.07267669485094863
482.28668669440333,-1500.0590077282586,0.0,4.184950370017543,0.2764456868171692,0.0,0.0,0.9610294103622437,0.10830682516098022,0.0,0.0,0.9941172003746033,-0.2840378246498145
483.0536589480781,-1499.000648995504,0.0,4.196478437264032,0.2846093773841858,0.0,0.0,0.9586434364318848,0.11901556700468063,0.0,0.0,0.9928920865058899,0.07209446923243915
483.8426065160793,-1497.9475890334784,0.0,4.207667732465869,0.2925499379634857,0.0,0.0,0.9562501311302185,0.1295548379421234,0.0,0.0,0.9915719628334045,-0.2846029405690992
484.6529245276841,-1496.9000388694494,0.0,4.218672567252325,0.30027109384536743,0.0,0.0,0.9538537859916687,0.13991999626159668,0.0,0.0,0.9901624917984009,0.07153866949574947
485.4840243717664,-1495.8581719736983,0.0,4.229647253252669,0.3077763617038727,0.0,0.0,0.9514586329460144,0.1501052975654602,0.0,0.0,0.9886696934700012,-0.28515721763982366
486.33533713898436,-1494.8221257837592,0.0,4.240746102096168,0.31507018208503723,0.0,0.0,0.9490683078765869,0.16010938584804535,0.0,0.0,0.9870989322662354,0.07097812157436068
487.2063166870809,-1493.7920032964394,0.0,4.252123425412093,0.32215622067451477,0.0,0.0,0.9466863870620728,0.16993115842342377,0.0,0.0,0.9854556322097778,-0.28573182992850676
488.09644232249474,-1492.7678747289585,0.0,4.263933534829713,0.3290390968322754,0.0,0.0,0.9443160891532898,0.17956958711147308,0.0,0.0,0.9837449789047241,0.07038165140175359
489.00522109191314,-1491.7497792510194,0.0,4.276330741978294,0.33572274446487427,0.0,0.0,0.9419606328010559,0.1890190690755844,0.0,0.0,0.9819731116294861,-0.28635795150166743
489.9321896775104,-1490.7377267901086,0.0,4.289469358487111,0.34221234917640686,0.0,0.0,0.9396225214004517,0.1982840895652771,0.0,0.0,0.9801442623138428,0.06971808491140932
490.8769158894323,-1489.7316999128652,0.0,4.303503695985426,0.34851256012916565,0.0,0.0,0.9373039603233337,0.20736253261566162,0.0,0.0,0.9782639145851135,-0.2870667564258248
491.83899974854666,-1488.731655785942,0.0,4.318588066102514,0.35462743043899536,0.0,0.0,0.9350075125694275,0.21625372767448425,0.0,0.0,0.9763369560241699,0.06895624803680894
492.8180741516261,-1487.7375282204216,0.0,4.33487678046764,0.36056220531463623,0.0,0.0,0.932735025882721,0.2249569594860077,0.0,0.0,0.9743683934211731,-0.28788941876749785
493.81380510994694,-1486.7492298045104,0.0,4.352524150710076,0.3663220703601837,0.0,0.0,0.9304879307746887,0.23347364366054535,0.0,0.0,0.9723628759384155,0.06806496671143339
494.82589155072105,-1485.7666541299825,0.0,4.371684488459092,0.3719114661216736,0.0,0.0,0.9282680153846741,0.24180492758750916,0.0,0.0,0.9703246355056763,-0.2888571125932057
495.8540646689065,-1484.7896781185873,0.0,4.39251210534395,0.3773362636566162,0.0,0.0,0.9260761141777039,0.24995620548725128,0.0,0.0,0.9682568311691284,0.06701306686876374
496.8980868146499,-1483.8181644555045,0.0,4.415161312993926,0.38260167837142944,0.0,0.0,0.9239131808280945,0.2579256594181061,0.0,0.0,0.9661643505096436,-0.29000101196946704
497.95774736981446,-1482.8519664209277,0.0,4.439775872490464,0.38771361112594604,0.0,0.0,0.9217796325683594,0.26571694016456604,0.0,0.0,0.9640507698059082,0.06576990729823148
499.03281423995554,-1481.8909714256408,0.0,4.466307915716479,0.39267709851264954,0.0,0.0,0.9196762442588806,0.27332931756973267,0.0,0.0,0.9619201421737671,-0.2913410141525991
500.122988836441,-1480.9351365569048,0.0,4.494542625787843,0.3974991738796234,0.0,0.0,0.9176024198532104,0.2807677984237671,0.0,0.0,0.9597753286361694,0.06434391184008179
501.2278990309077,-1479.9844878643175,0.0,4.524259600792155,0.40218591690063477,0.0,0.0,0.9155579209327698,0.2880333662033081,0.0,0.0,0.9576199650764465,-0.29284187147604923
502.34709392212017,-1479.0391182997037,0.0,4.555238438817015,0.4067440330982208,0.0,0.0,0.9135420322418213,0.29513123631477356,0.0,0.0,0.9554563760757446,0.0627793240610485
503.48003911783894,-1478.0991855372874,0.0,4.5872587379500205,0.4111800789833069,0.0,0.0,0.9115540981292725,0.30206233263015747,0.0,0.0,0.9532879590988159,-0.29445905830094854
504.62611255304046,-1477.1649096652318,0.0,4.620100096278771,0.41550102829933167,0.0,0.0,0.9095926284790039,0.30882877111434937,0.0,0.0,0.9511173367500305,0.06112066960000054
505.7846008698293,-1476.236570740091,0.0,4.65354211189087,0.4197136461734772,0.0,0.0,0.9076564311981201,0.315434992313385,0.0,0.0,0.9489469528198242,-0.2961480489884283
506.95469638780787,-1475.3145061963219,0.0,4.687364382873909,0.4238254725933075,0.0,0.0,0.9057437777519226,0.3218822777271271,0.0,0.0,0.9467793703079224,0.059412474095806606
508.13549469646455,-1474.399108103645,0.0,4.721346507315489,0.42784324288368225,0.0,0.0,0.9038529396057129,0.3281756639480591,0.0,0.0,0.9446163177490234,-0.29786431789961915
509.32599290330944,-1473.4908202657912,0.0,4.7552680833032115,0.4317738115787506,0.0,0.0,0.9019818305969238,0.3343166708946228,0.0,0.0,0.9424604177474976,0.05769926318733576
510.5250885729919,-1472.5901351550172,0.0,4.788908708924673,0.43562471866607666,0.0,0.0,0.9001283645629883,0.34030693769454956,0.0,0.0,0.9403140544891357,-0.29956333939565255
511.73157939346174,-1471.6975906776934,0.0,4.822047982267475,0.4394029676914215,0.0,0.0,0.8982900381088257,0.34614795446395874,0.0,0.0,0.938179612159729,0.05602556251345686
512.9441636053426,-1470.8137667673093,0.0,4.854465501419217,0.44311535358428955,0.0,0.0,0.8964645266532898,0.3518467843532562,0.0,0.0,0.9360572695732117,-0.3012005878376597
514.1614431018065,-1469.939281058188,0.0,4.885940864467495,0.44676876068115234,0.0,0.0,0.8946492671966553,0.35740551352500916,0.0,0.0,0.9339490532875061,0.05443589771303875
515.3824540918479,-1469.0745749623147,0.0,4.916253669499911,0.4503692090511322,0.0,0.0,0.892842173576355,0.3628358840942383,0.0,0.0,0.9318528175354004,-0.3027315375867716
516.6074242700064,-1468.2196098579857,0.0,4.9451835146040635,0.453921377658844,0.0,0.0,0.8910415172576904,0.3681448698043823,0.0,0.0,0.9297682642936707,0.05297479442495023
517.8367437305612,-1467.3742717662738,0.0,4.972536743305307,0.4574289917945862,0.0,0.0,0.889245867729187,0.37334200739860535,0.0,0.0,0.9276936054229736,-0.3041130137838041
519.070840605408,-1466.5384035608975,0.0,4.998343841706949,0.4608936011791229,0.0,0.0,0.8874551057815552,0.37843358516693115,0.0,0.0,0.9256283640861511,0.051671405616786514
520.3102063737333,-1465.711788632723,0.0,5.022747142137645,0.4643173813819885,0.0,0.0,0.8856686353683472,0.3834284245967865,0.0,0.0,0.9235705137252808,-0.30534550370454633
521.5553938361033,-1464.8941540889948,0.0,5.045889800053084,0.4676993489265442,0.0,0.0,0.8838873505592346,0.3883267641067505,0.0,0.0,0.9215216040611267,0.05050258450994616
522.8070151860193,-1464.0851739006375,0.0,5.06791497090895,0.47103846073150635,0.0,0.0,0.8821125030517578,0.39313700795173645,0.0,0.0,0.9194797277450562,-0.3064578860710042
524.0657403988199,-1463.2844718388317,0.0,5.088965810160929,0.47433218359947205,0.0,0.0,0.8803457617759705,0.39786258339881897,0.0,0.0,0.9174448847770691,0.04943941081035125
525.3322959522126,-1462.49162418709,0.0,5.109185473264712,0.4775761663913727,0.0,0.0,0.8785902857780457,0.402508944272995,0.0,0.0,0.91541588306427,-0.30747908117725586
526.6074638914338,-1461.7061622163942,0.0,5.128717115675983,0.48076486587524414,0.0,0.0,0.8768495321273804,0.4070757329463959,0.0,0.0,0.9133942723274231,0.04845296422392337
527.8920812509501,-1460.9275744121549,0.0,5.147703892850431,0.48389217257499695,0.0,0.0,0.8751276135444641,0.4115668833255768,0.0,0.0,0.9113795161247253,-0.30843800931737947
529.1870398437496,-1460.155308442787,0.0,5.1662889602437385,0.4869503378868103,0.0,0.0,0.8734295964241028,0.41598618030548096,0.0,0.0,0.9093709588050842,0.0475143244565846
530.4932864285864,-1459.3887728605696,0.0,5.1846154733116,0.4899303913116455,0.0,0.0,0.8717613816261292,0.42033281922340393,0.0,0.0,0.9073700308799744,-0.3093635907854533
531.8118232650977,-1458.627338526174,0.0,5.202826587509692,0.4928227961063385,0.0,0.0,0.8701294660568237,0.424606591463089,0.0,0.0,0.9053778648376465,0.0465945712142567
533.1437090664691,-1457.8703397487918,0.0,5.221065458293708,0.4956163465976715,0.0,0.0,0.8685413599014282,0.42880797386169434,0.0,0.0,0.9033955335617065,-0.3102847458755551
534.4900603593121,-1457.117075134159,0.0,5.239475241119334,0.49829939007759094,0.0,0.0,0.8670048117637634,0.43293899297714233,0.0,0.0,0.9014230966567993,0.04566478420286152
535.8520532606185,-1456.3668081329943,0.0,5.2581990914422585,0.5008591413497925,0.0,0.0,0.8655285239219666,0.4370001554489136,0.0,0.0,0.8994613885879517,-0.31123039488176346
537.2309256821196,-1455.6187672823708,0.0,5.2773801647181635,0.5032822489738464,0.0,0.0,0.8641217947006226,0.44098883867263794,0.0,0.0,0.8975125551223755,0.04469604312832087
538.627979973034,-1454.8721461324,0.0,5.2971616164027395,0.5055542588233948,0.0,0.0,0.8627946376800537,0.4449024200439453,0.0,0.0,0.895578920841217,-0.3122294580981562
540.0445860131142,-1454.1261028502684,0.0,5.3176866019516735,0.5076608061790466,0.0,0.0,0.861556887626648,0.4487435519695282,0.0,0.0,0.8936603665351868,0.04365942769655656
541.4821847690703,-1453.3797594931234,0.0,5.339098276820652,0.5095857381820679,0.0,0.0,0.860419750213623,0.45251068472862244,0.0,0.0,0.8917587995529175,-0.3133108558188117
542.9422923288369,-1452.6322009406242,0.0,5.36153979646536,0.5113120675086975,0.0,0.0,0.859394907951355,0.45620205998420715,0.0,0.0,0.8898760080337524,0.04252601761349051
544.4265044298364,-1451.8824734770203,0.0,5.38515431634149,0.5128231644630432,0.0,0.0,0.8584940433502197,0.45981210470199585,0.0,0.0,0.8880160450935364,-0.31450350833780816
545.9364578330778,-1451.1295830115394,0.0,5.410084991904722,0.5140998959541321,0.0,0.0,0.8577300906181335,0.4633282423019409,0.0,0.0,0.8861865401268005,0.0412668925850444
547.4725093248869,-1450.3724929245543,0.0,5.436474978610743,0.5151206254959106,0.0,0.0,0.8571099638938904,0.4667333662509918,0.0,0.0,0.8843979239463806,-0.31583633594922333
549.033453407331,-1449.6101215254478,0.0,5.464467431915244,0.5158736705780029,0.0,0.0,0.85665363073349,0.47001293301582336,0.0,0.0,0.882659375667572,0.03985313231714033
550.6179948840734,-1448.8413391063818,0.0,5.494205507273908,0.5163428783416748,0.0,0.0,0.8563703894615173,0.4731505215167999,0.0,0.0,0.8809815049171448,-0.31733825894713563
552.2248336459458,-1448.0649645742,0.0,5.525832360142427,0.5165130496025085,0.0,0.0,0.8562687039375305,0.47613275051116943,0.0,0.0,0.8793731927871704,0.038255816515699925
553.8526567650007,-1447.2797625483022,0.0,5.55948473766186,0.5163688659667969,0.0,0.0,0.8563565015792847,0.4789464473724365,0.0,0.0,0.8778439164161682,-0.31903787397336963
555.5000456564339,-1446.484480556227,0.0,5.595008899196046,0.5158964991569519,0.0,0.0,0.8566405177116394,0.4815804064273834,0.0,0.0,0.8764017820358276,0.03646166694326636
557.165346956368,-1445.677903991408,0.0,5.631847907005826,0.5150811672210693,0.0,0.0,0.8571272492408752,0.4840218722820282,0.0,0.0,0.8750557899475098,-0.32089842992335854
558.8466532704103,-1444.8588603670485,0.0,5.669415110824301,0.5139139294624329,0.0,0.0,0.8578302264213562,0.4862593710422516,0.0,0.0,0.8738144636154175,0.03456433341708076
560.5417957717016,-1444.0262208515906,0.0,5.70712386038458,0.5123772025108337,0.0,0.0,0.8587511777877808,0.48827996850013733,0.0,0.0,0.8726869225502014,-0.3228029122243828
562.2483401955933,-1443.1789033195564,0.0,5.744387505419747,0.5104568600654602,0.0,0.0,0.8598958253860474,0.4900742471218109,0.0,0.0,0.8716805577278137,0.0326823311425774
563.9635863934011,-1442.3158769866359,0.0,5.780619395662906,0.5081385970115662,0.0,0.0,0.8612691164016724,0.491630494594574,0.0,0.0,0.8708037734031677,-0.324632805671007
565.684571609041,-1441.4361686950026,0.0,5.815232880847162,0.5054082274436951,0.0,0.0,0.8628753423690796,0.4929359555244446,0.0,0.0,0.870065450668335,0.030934175325190716
567.4080776357404,-1440.538870908637,0.0,5.84764131070561,0.5022518038749695,0.0,0.0,0.864717423915863,0.4939820170402527,0.0,0.0,0.8694720268249512,-0.3262695950577973
569.1306419952899,-1439.6231514688454,0.0,5.877258034971353,0.4986550211906433,0.0,0.0,0.8667972683906555,0.49475207924842834,0.0,0.0,0.8690341114997864,0.029438381170355243
570.8485732591963,-1438.6882651470435,0.0,5.903496403377489,0.49460476636886597,0.0,0.0,0.86911541223526,0.4952363073825836,0.0,0.0,0.8687548041343689,-0.3275947651793193
572.5579705994516,-1437.7335670151763,0.0,5.925769765657119,0.4900888502597809,0.0,0.0,0.8716704249382019,0.49542251229286194,0.0,0.0,0.8686482906341553,0.028313463883505252
574.2547476163433,-1436.7585276338673,0.0,5.943491471543339,0.4850960075855255,0.0,0.0,0.8744592070579529,0.4952949583530426,0.0,0.0,0.8687210083007812,-0.32848980083013857
575.9346604417248,-1435.7627500343956,0.0,5.956074870769254,0.47961747646331787,0.0,0.0,0.8774763345718384,0.4948417544364929,0.0,0.0,0.8689764738082886,0.02767793867007523
577.5933400585012,-1434.7459884430482,0.0,5.9629333130679605,0.47364553809165955,0.0,0.0,0.880714476108551,0.4940488040447235,0.0,0.0,0.8694281578063965,-0.3288361868048207
579.2263287108815,-1433.7081686652161,0.0,5.963480148172557,0.46717703342437744,0.0,0.0,0.8841628432273865,0.4929021894931793,0.0,0.0,0.8700793385505676,0.02765032073549961
580.8291202054571,-1432.6494100119835,0.0,5.957128725816147,0.4602118134498596,0.0,0.0,0.8878083229064941,0.49138572812080383,0.0,0.0,0.8709371089935303,-0.32851540789793127
582.3972038207779,-1431.5700486140183,0.0,5.943292395731825,0.45275405049324036,0.0,0.0,0.8916348218917847,0.4894848167896271,0.0,0.0,0.872007429599762,0.028349125285212884
583.9261923717817,-1430.4706024046188,0.0,5.921701537557027,0.4448137581348419,0.0,0.0,0.8956224918365479,0.48718398809432983,0.0,0.0,0.8732953667640686,-0.32742496051536574
585.4121936952909,-1429.3515340658182,0.0,5.893417917582514,0.43640702962875366,0.0,0.0,0.8997488617897034,0.48446887731552124,0.0,0.0,0.8748049139976501,0.029777590940491316
586.8518913879333,-1428.213171276492,0.0,5.859852746714194,0.4275554418563843,0.0,0.0,0.9039885997772217,0.48132461309432983,0.0,0.0,0.8765391111373901,-0.32572974986545056
588.2425209180791,-1427.0556843926063,0.0,5.822417237280491,0.4182879328727722,0.0,0.0,0.908314049243927,0.4777339696884155,0.0,0.0,0.8785015344619751,0.031668273235122724
589.5818364578425,-1425.8790603804928,0.0,5.782522601609836,0.4086397588253021,0.0,0.0,0.9126953482627869,0.4736878275871277,0.0,0.0,0.8806902170181274,-0.32371486927602355
590.8680842870431,-1424.683082376122,0.0,5.741580052030651,0.398653119802475,0.0,0.0,0.9171014428138733,0.4691929519176483,0.0,0.0,0.8830934762954712,0.033736078769425026
592.1009523669813,-1423.4678903999977,0.0,5.701000800871357,0.3883734941482544,0.0,0.0,0.9215017557144165,0.46427303552627563,0.0,0.0,0.8856900930404663,-0.32166541214676625
593.282076483846,-1422.2342810022622,0.0,5.662194393717839,0.3778434991836548,0.0,0.0,0.9258692860603333,0.45895281434059143,0.0,0.0,0.8884589076042175,0.03569599832263298
594.4133604941873,-1420.9828521829365,0.0,5.626155104744376,0.36710262298583984,0.0,0.0,0.9301802515983582,0.45325252413749695,0.0,0.0,0.8913805484771729,-0.3198452460369954
595.496608492117,-1419.7141143849026,0.0,5.592918251643935,0.35618793964385986,0.0,0.0,0.9344141483306885,0.4471980929374695,0.0,0.0,0.8944334387779236,0.03737462726709967
596.533502694662,-1418.4285256466715,0.0,5.562384219240564,0.34513336420059204,0.0,0.0,0.9385534524917603,0.44081026315689087,0.0,0.0,0.8975989818572998,-0.31830312318834025
597.5256106586464,-1417.1264979255454,0.0,5.534453392358318,0.3339705169200897,0.0,0.0,0.9425833225250244,0.43411099910736084,0.0,0.0,0.9008581638336182,0.0387852750894353
598.4743921525802,-1415.8084030542316,0.0,5.509026155821242,0.32272887229919434,0.0,0.0,0.9464913010597229,0.42712268233299255,0.0,0.0,0.9041925072669983,-0.3170189193228313
599.3812057072954,-1414.4745783549301,0.0,5.486002894453384,0.3114347755908966,0.0,0.0,0.9502673745155334,0.4198634624481201,0.0,0.0,0.9075862169265747,0.03994806606760992
600.2473148673934,-1413.1253319329078,0.0,5.465283993078796,0.300113320350647,0.0,0.0,0.9539033770561218,0.4123542606830597,0.0,0.0,0.9110224843025208,-0.3159725101624986
601.0738941640093,-1411.7609476697082,0.0,5.446769836521525,0.2887871563434601,0.0,0.0,0.9573931097984314,0.4046124517917633,0.0,0.0,0.9144873023033142,0.0408831244795933
601.8620348278793,-1410.3816899343549,0.0,5.4303608096056175,0.2774769067764282,0.0,0.0,0.960732102394104,0.3966580629348755,0.0,0.0,0.9179655909538269,-0.315143771429372
602.6127502602706,-1408.9878080292572,0.0,5.415957297155132,0.266201913356781,0.0,0.0,0.963917076587677,0.3885098099708557,0.0,0.0,0.9214438199996948,0.041610574603355266
603.3269812779662,-1407.5795403859204,0.0,5.403459683994111,0.2549789547920227,0.0,0.0,0.9669464230537415,0.38018372654914856,0.0,0.0,0.9249103665351868,-0.31451257884548206
604.0056011471903,-1406.157118524104,0.0,5.392768354946606,0.24382354319095612,0.0,0.0,0.9698194861412048,0.371696799993515,0.0,0.0,0.9283536672592163,0.042150540716865637
604.649420420118,-1404.720770786661,0.0,5.383783694836663,0.23274971544742584,0.0,0.0,0.9725365042686462,0.36306697130203247,0.0,0.0,0.9317625761032104,-0.3140588081328587
605.2591915864288,-1403.2707258609723,0.0,5.376406088488334,0.22176986932754517,0.0,0.0,0.9750987887382507,0.35430723428726196,0.0,0.0,0.9351286888122559,0.042523147098094294
605.8356135512312,-1401.80721609665,0.0,5.370535920725668,0.21089529991149902,0.0,0.0,0.9775084257125854,0.34543368220329285,0.0,0.0,0.9384428262710571,-0.31376233501353207
606.3793359496128,-1400.3304806280466,0.0,5.366073576372714,0.200135737657547,0.0,0.0,0.9797679781913757,0.33646291494369507,0.0,0.0,0.9416964650154114,0.04274851802501117
606.8909633070376,-1398.8407683089888,0.0,5.36291944025352,0.18949978053569794,0.0,0.0,0.9818805456161499,0.32740575075149536,0.0,0.0,0.9448835849761963,-0.3136030352095323
607.371059053846,-1397.3383404661542,0.0,5.360973897192135,0.17899484932422638,0.0,0.0,0.9838497042655945,0.3182782530784607,0.0,0.0,0.9479970932006836,0.0428467777755861
607.8201494011793,-1395.8234734765683,0.0,5.36013733201261,0.16862694919109344,0.0,0.0,0.9856796860694885,0.30909162759780884,0.0,0.0,0.9510321021080017,-0.31356078444288965
608.2387270847702,-1394.296461173812,0.0,5.360310129538996,0.15840157866477966,0.0,0.0,0.9873745441436768,0.29985782504081726,0.0,0.0,0.9539837837219238,0.04283805062778889
608.6272549822131,-1392.7576170867135,0.0,5.3613926745953355,0.1483229249715805,0.0,0.0,0.9889387488365173,0.29058852791786194,0.0,0.0,0.9568479657173157,-0.3136154584356341
608.9861696085314,-1391.2072765135667,0.0,5.3632853520056845,0.13839463889598846,0.0,0.0,0.9903769493103027,0.28129586577415466,0.0,0.0,0.9596209526062012,0.04274246085958944
609.3158844941213,-1389.6457984342182,0.0,5.365888546594087,0.1286190152168274,0.0,0.0,0.991693913936615,0.2719890773296356,0.0,0.0,0.9623002409934998,-0.3137469329097959
609.6167934484479,-1388.0735672617523,0.0,5.369102643184596,0.11899755895137787,0.0,0.0,0.9928943514823914,0.2626781165599823,0.0,0.0,0.9648833870887756,0.04258013274895772
609.8892737122169,-1386.4909944349497,0.0,5.372828026601259,0.10953175276517868,0.0,0.0,0.9939830899238586,0.25337308645248413,0.0,0.0,0.9673685431480408,-0.31393508358740513
610.1336890001301,-1384.8985198521889,0.0,5.376965081668127,0.10022201389074326,0.0,0.0,0.9949648380279541,0.2440830022096634,0.0,0.0,0.9697542190551758,0.042371190573863404
610.3503924357655,-1383.296613147044,0.0,5.3814141932092445,0.09106753766536713,0.0,0.0,0.9958444833755493,0.23481476306915283,0.0,0.0,0.9720399975776672,-0.3141597861904919
610.5397293795961,-1381.685774805441,0.0,5.3860757460486655,0.08206839859485626,0.0,0.0,0.9966264367103577,0.22557570040225983,0.0,0.0,0.974225640296936,0.042135758612276475
610.7020401506835,-1380.0665371239484,0.0,5.390850125010438,-0.07322221249341965,0.0,0.0,-0.9973154067993164,0.2163742035627365,0.0,0.0,0.9763104915618896,-0.3144009164410864
610.8376626421355,-1378.4394650085148,0.0,5.395637714918609,-0.06452777236700058,0.0,0.0,-0.9979157447814941,0.20721837878227234,0.0,0.0,0.9782947301864624,0.04189396114216676
610.9469348300307,-1376.8051566127892,0.0,5.400338900597232,-0.05598241835832596,0.0,0.0,-0.9984316229820251,0.19811083376407623,0.0,0.0,0.9801796674728394,-0.3146383500612189
611.0301971751604,-1375.1642438150466,0.0,5.404854066870351,-0.047583770006895065,0.0,0.0,-0.9988670945167542,0.18905875086784363,0.0,0.0,0.9819657802581787,0.04166592244150413
611.087795172546,-1373.5173831265677,0.0,5.409114452972402,-0.03932909294962883,0.0,0.0,-0.9992261528968811,0.18006828427314758,0.0,0.0,0.9836540818214417,-0.3148535210764739
611.1200816389347,-1371.8651870164633,0.0,5.413276198780701,-0.03121565654873848,0.0,0.0,-0.9995125532150269,-0.17114418745040894,0.0,0.0,-0.985245943069458,0.041455733259266825
611.1274128673507,-1370.208192692697,0.0,5.417595032375598,-0.023239966481924057,0.0,0.0,-0.9997297525405884,-0.1622886210680008,0.0,0.0,-0.9867433309555054,-0.31507164398530707
611.1101428005704,-1368.5468612519346,0.0,5.422327126177506,-0.015399239957332611,0.0,0.0,-0.9998812079429626,-0.15350742638111115,0.0,0.0,-0.9881475567817688,0.04121673862280678
611.0686174769958,-1366.8815773855288,0.0,5.42772865260684,-0.00769066484645009,0.0,0.0,-0.9999703168869019,-0.14480343461036682,0.0,0.0,-0.9894605278968811,-0.3153444483504249
611.0031697556678,-1365.2126495093753,0.0,5.43405578408401,-0.00011126697063446045,0.0,0.0,-0.9999998211860657,-0.13617955148220062,0.0,0.0,-0.9906843304634094,0.04089718652800017
610.914114317883,-1363.5403103205983,0.0,5.441564693029435,0.007341513875871897,0.0,0.0,-0.9999728798866272,-0.1276375949382782,0.0,0.0,-0.9918210506439209,-0.3157236861759514
610.8017429418034,-1361.8647177850494,0.0,5.450511551863524,0.014669898897409439,0.0,0.0,-0.9998922348022461,-0.11917936056852341,0.0,0.0,-0.9928728938102722,0.04044532497072295
610.6663200456774,-1360.1859565609998,0.0,5.461152533006691,0.021876052021980286,0.0,0.0,-0.9997605681419373,-0.1108066737651825,0.0,0.0,-0.9938420653343201,-0.3162611094660103
610.5080784948134,-1358.504039866274,0.0,5.47374380887935,0.028961768373847008,0.0,0.0,-0.9995803833007812,-0.1025213822722435,0.0,0.0,-0.9947308897972107,0.03980940194685123
610.3272156672878,-1356.8189117983702,0.0,5.488541551901917,0.035928379744291306,0.0,0.0,-0.9993542432785034,-0.09432387351989746,0.0,0.0,-0.9955416321754456,-0.3170084702247258
610.1238897735128,-1355.1304501198363,0.0,5.5058019344948015,0.042776912450790405,0.0,0.0,-0.9990845918655396,-0.08621388673782349,0.0,0.0,-0.9962766170501709,0.03893766545226102
609.898216425257,-1353.4384695243862,0.0,5.5257811290784185,0.04950777068734169,0.0,0.0,-0.9987736940383911,-0.07819107919931412,0.0,0.0,-0.9969383478164673,-0.3180175204562215
609.6502654505105,-1351.7427254029155,0.0,5.548735308073182,0.05612127482891083,0.0,0.0,-0.9984239339828491,-0.07025577127933502,0.0,0.0,-0.9975289702415466,0.03777836348282848
609.380057951723,-1350.0429181327165,0.0,5.574920643899507,0.0626167431473732,0.0,0.0,-0.9980376362800598,-0.062406860291957855,0.0,0.0,-0.9980507493019104,-0.31934001216462177
609.0875646087931,-1348.3386420961485,0.0,5.604593308977803,0.0689932182431221,0.0,0.0,-0.9976170659065247,-0.054644886404275894,0.0,0.0,-0.9985059499740601,0.03627974403442974
608.7727107576405,-1346.6289714970253,0.0,5.638009475728486,0.07524938881397247,0.0,0.0,-0.9971647262573242,-0.046971313655376434,0.0,0.0,-0.9988963007926941,-0.3210276973540503
608.4353714887508,-1344.9126876471978,0.0,5.67540609510091,0.0813835859298706,0.0,0.0,-0.99668288230896,-0.03938642144203186,0.0,0.0,-0.9992240071296692,0.03439102588430737
608.0754108101505,-1343.188716978349,0.0,5.71632804184712,0.08739501237869263,0.0,0.0,-0.9961737990379333,-0.03189164400100708,0.0,0.0,-0.9994913339614868,-0.3230944623412326
607.6927514478606,-1341.4563912051478,0.0,5.759451828112045,0.09328211843967438,0.0,0.0,-0.9956397414207458,-0.02448796108365059,0.0,0.0,-0.9997001886367798,0.032213056881028324
607.287403723159,-1339.7154580663541,0.0,5.803398917228277,0.09904376417398453,0.0,0.0,-0.9950830936431885,-0.017176246270537376,0.0,0.0,-0.9998525381088257,-0.32531401229659784
606.8594899363358,-1337.9660745429296,0.0,5.846794328904513,0.10467790067195892,0.0,0.0,-0.9945061802864075,-0.009958740323781967,0.0,0.0,-0.9999504089355469,0.03002136942263256
606.4092324309039,-1336.208667024079,0.0,5.888713997452892,0.1101829931139946,0.0,0.0,-0.9939112663269043,-0.0028368839994072914,0.0,0.0,-0.999995768070221,-0.3274311672737887
605.936896229896,-1334.4436641164355,0.0,5.929120900928032,0.11555683612823486,0.0,0.0,-0.9933007955551147,0.004187860060483217,0.0,0.0,-0.9999910593032837,0.027980616721867912
605.4427802398797,-1332.6714659378567,0.0,5.968081528089644,0.12079732120037079,0.0,0.0,-0.9926770925521851,0.011113811284303665,0.0,0.0,-0.9999380707740784,-0.3293988757162944
604.9272155149632,-1330.8924445034154,0.0,6.005662367697434,0.1259022355079651,0.0,0.0,-0.992042601108551,0.01793704368174076,0.0,0.0,-0.9998390674591064,0.026082594519454327
604.39056353424,-1329.106944109251,0.0,6.041929908511111,0.13086964190006256,0.0,0.0,-0.9913994669914246,0.024656327441334724,0.0,0.0,-0.999695897102356,-0.33123056969678316
603.8332145001976,-1327.315281712647,0.0,6.076950639290389,0.1356971263885498,0.0,0.0,-0.9907503128051758,0.031268410384655,0.0,0.0,-0.9995109438896179,0.02431387074272312
603.2555856652377,-1325.5177473067827,0.0,6.110791048794962,0.14038285613059998,0.0,0.0,-0.9900972247123718,0.037772998213768005,0.0,0.0,-0.9992862343788147,-0.3329396812879232
602.6581196930827,-1323.7146042886668,0.0,6.143517625784545,0.14492443203926086,0.0,0.0,-0.9894426465034485,0.044165998697280884,0.0,0.0,-0.9990241527557373,0.022661013319006773
602.0412830614904,-1321.9060898188732,0.0,6.175196859018844,0.14931972324848175,0.0,0.0,-0.9887888431549072,0.05044631287455559,0.0,0.0,-0.9987267255783081,-0.3345396425623827
601.4055645123553,-1320.0924151717504,0.0,6.205895237257567,0.1535668820142746,0.0,0.0,-0.9881380796432495,0.05661085620522499,0.0,0.0,-0.9983962774276733,0.021110590175636934
600.7514735549371,-1318.2737660748426,0.0,6.235679249260425,0.1576634645462036,0.0,0.0,-0.9874926805496216,0.06265562772750854,0.0,0.0,-0.9980351328849792,-0.3360438855928301
600.0795390276489,-1316.4503030363621,0.0,6.264615383787124,0.16160759329795837,0.0,0.0,-0.9868548512458801,0.06858036667108536,0.0,0.0,-0.9976454973220825,0.01964916923994503
599.3903077235308,-1314.6221616595749,0.0,6.292770129597368,0.1653977334499359,0.0,0.0,-0.9862267971038818,0.07438300549983978,0.0,0.0,-0.9972296953201294,-0.3374658424519333
598.6843430842522,-1312.7894529430637,0.0,6.32020997545087,0.16903184354305267,0.0,0.0,-0.9856104850769043,0.08006033301353455,0.0,0.0,-0.9967899322509766,0.0182633184392631
597.962223967217,-1310.9522635658648,0.0,6.347001410107333,0.1725080907344818,0.0,0.0,-0.9850078821182251,0.08560971170663834,0.0,0.0,-0.996328592300415,-0.3388189452123607
597.2245434901012,-1309.1106561565398,0.0,6.3732109223264715,0.17582476139068604,0.0,0.0,-0.9844211935997009,0.09102951735258102,0.0,0.0,-0.9958480596542358,0.01693960570092279
596.4719079569132,-1307.264669545297,0.0,6.3989050008679875,0.17898018658161163,0.0,0.0,-0.9838523864746094,0.09631767123937607,0.0,0.0,-0.9953504800796509,-0.3401166259467807
595.7049358694677,-1305.414318998317,0.0,6.424150134491588,0.1819729059934616,0.0,0.0,-0.9833033084869385,0.10147170722484589,0.0,0.0,-0.9948382377624512,0.01566459895225608
594.924257027961,-1303.5595964334839,0.0,6.4490128119569805,0.1848008930683136,0.0,0.0,-0.9827758073806763,0.10649015009403229,0.0,0.0,-0.9943135380744934,-0.3413723167278611
594.130511724176,-1301.7004706167615,0.0,6.473559522023878,0.1874626874923706,0.0,0.0,-0.9822715520858765,0.11137039214372635,0.0,0.0,-0.9937787055969238,0.01442486612059457
593.3243500306891,-1299.8368873384838,0.0,6.497856753451982,0.1899566650390625,0.0,0.0,-0.9817923307418823,0.11610964685678482,0.0,0.0,-0.9932361841201782,-0.34259944962827044
592.5064311893275,-1297.968769568865,0.0,6.521970995001005,0.19228127598762512,0.0,0.0,-0.981339693069458,0.12070794403553009,0.0,0.0,-0.9926878213882446,0.013206975133270238
591.6774231020205,-1296.0960175920475,0.0,6.54596873543065,0.19443467259407043,0.0,0.0,-0.9809153079986572,0.12516231834888458,0.0,0.0,-0.9921360611915588,-0.34381145672067676
590.8380019271069,-1294.2185091180388,0.0,6.569916463500631,0.1964154690504074,0.0,0.0,-0.9805206060409546,0.1294717788696289,0.0,0.0,-0.9915828108787537,0.011997493917614566
589.9888517841001,-1292.3360993718918,0.0,6.593880667970648,0.1982218325138092,0.0,0.0,-0.9801570177078247,0.13363319635391235,0.0,0.0,-0.9910306334495544,-0.3450217700777483
589.1306645698813,-1290.4486211594974,0.0,6.617927837600421,0.19985222816467285,0.0,0.0,-0.9798259139060974,0.13764631748199463,0.0,0.0,-0.9904811978340149,0.010782990400959369
588.2641398892781,-1288.555884909359,0.0,6.642124461149644,0.20130500197410583,0.0,0.0,-0.9795284867286682,0.14150840044021606,0.0,0.0,-0.9899368286132812,-0.3462438217721535
587.3899856358544,-1286.6576798437902,0.0,6.6665329728051,0.20257645845413208,0.0,0.0,-0.9792585968971252,0.1452188342809677,0.0,0.0,-0.9893994331359863,0.009550237287047514
586.5089245536473,-1284.7537877321374,0.0,6.691167414147725,0.20366723835468292,0.0,0.0,-0.9790273308753967,0.14877533912658691,0.0,0.0,-0.9888708591461182,-0.34748798547632653
585.6216988318015,-1282.8439918640806,0.0,6.716009997708194,0.20457521080970764,0.0,0.0,-0.9788352847099304,0.15217585861682892,0.0,0.0,-0.9883531928062439,0.008295561349650094
584.7290706342851,-1280.928077104844,0.0,6.741042377535142,0.20529846847057343,0.0,0.0,-0.9786828756332397,0.15541917085647583,0.0,0.0,-0.9878483414649963,-0.3487522470837482
583.8318225300609,-1279.0058297968267,0.0,6.766246207677214,0.20583553612232208,0.0,0.0,-0.978570282459259,0.15850362181663513,0.0,0.0,-0.9873581528663635,0.007022640635404087
582.9307578955805,-1277.0770376670387,0.0,6.79160314218305,0.20618513226509094,0.0,0.0,-0.9784976840019226,0.16142715513706207,0.0,0.0,-0.986884355545044,-0.35003290034161866
582.0267012888002,-1275.1414897405075,0.0,6.817094835101286,0.2063465267419815,0.0,0.0,-0.9784650802612305,0.1641872078180313,0.0,0.0,-0.98642897605896,0.005735181397109268
581.1204987938871,-1273.1989762598298,0.0,6.842702940480563,0.20631957054138184,0.0,0.0,-0.9784721732139587,0.16678400337696075,0.0,0.0,-0.9859932065010071,-0.35132623899713766
580.2130183357727,-1271.2492886110454,0.0,6.868409112369528,0.2061046063899994,0.0,0.0,-0.9785184860229492,0.16921527683734894,0.0,0.0,-0.9855788350105286,0.004436889887565576
579.3051499636861,-1269.2922192560236,0.0,6.894195004816809,0.20570307970046997,0.0,0.0,-0.9786033034324646,0.1714785397052765,0.0,0.0,-0.9851876497268677,-0.3526285567975054
578.3978061027893,-1267.3275616715382,0.0,6.920042271871053,0.20511683821678162,0.0,0.0,-0.978725790977478,0.1735718697309494,0.0,0.0,-0.9848210215568542,0.0031314723595734506
577.4919217730156,-1265.3551102952317,0.0,6.945932567580899,0.20434875786304474,0.0,0.0,-0.978884756565094,0.17549431324005127,0.0,0.0,-0.9844802021980286,-0.35393614748992186
576.5884547742038,-1263.3746604786484,0.0,6.971847545994986,0.20340262353420258,0.0,0.0,-0.9790788292884827,0.17724308371543884,0.0,0.0,-0.9841668605804443,0.0018226350659326651
575.6883858366099,-1261.3860084475466,0.0,6.997768861161951,0.20228330790996552,0.0,0.0,-0.9793063402175903,0.17881634831428528,0.0,0.0,-0.9838823080062866,-0.3552453048215867
574.7927187358672,-1259.3889512696705,0.0,7.02367816713044,0.20099836587905884,0.0,0.0,-0.9795747399330139,0.1802116483449936,0.0,0.0,-0.9836276769638062,0.0005140842594433259
573.9024803714594,-1257.3832868301984,0.0,7.04955711794909,0.19955313205718994,0.0,0.0,-0.9798732399940491,0.18142621219158173,0.0,0.0,-0.9834043383598328,-0.3565523225397003
573.018720807767,-1255.3688138150508,0.0,7.075387367666539,0.19795627892017365,0.0,0.0,-0.9801996946334839,0.18245911598205566,0.0,0.0,-0.9832133650779724,-0.0007904738070945716
572.1425132767425,-1253.345331702267,0.0,7.101150570331428,0.1962168663740158,0.0,0.0,-0.9805513620376587,0.18330718576908112,0.0,0.0,-0.983055591583252,-0.35785349439146236
571.2749541412724,-1251.3126407616555,0.0,7.1268283799924035,0.19434590637683868,0.0,0.0,-0.9809256792068481,0.18396726250648499,0.0,0.0,-0.9829279184341431,-0.002087332880881254
570.4171628182779,-1249.2705420629059,0.0,7.152402450698097,0.1923556923866272,0.0,0.0,-0.9813193082809448,0.18443827331066132,0.0,0.0,-0.9828376173973083,-0.35914511412407313
569.5702816606225,-1247.2188374923794,0.0,7.177854436497146,0.19025956094264984,0.0,0.0,-0.9817289113998413,0.1847204864025116,0.0,0.0,-0.9827841520309448,-0.0033727867091160046
568.7354187132614,-1245.1573400658606,0.0,7.203165992495284,0.1880728155374527,0.0,0.0,-0.9821509718894958,0.18482190370559692,0.0,0.0,-0.9827653169631958,-0.36042347553812054
567.9129547116615,-1243.0859976809447,0.0,7.228322474078407,0.1858103722333908,0.0,0.0,-0.9825822114944458,0.1847551316022873,0.0,0.0,-0.9827781915664673,-0.00464331608200097
567.1027471745504,-1241.0048526532512,0.0,7.2533212296358105,0.1834852248430252,0.0,0.0,-0.9830196499824524,0.18452994525432587,0.0,0.0,-0.9828203320503235,-0.36168603895011064
566.3046353165689,-1238.9139499789771,0.0,7.278162032958771,0.18110992014408112,0.0,0.0,-0.9834606051445007,0.18415625393390656,0.0,0.0,-0.9828892946243286,-0.005897902108413067
565.5184507478068,-1236.8133354079537,0.0,7.302844657838556,0.17869561910629272,0.0,0.0,-0.9839025139808655,0.1836441308259964,0.0,0.0,-0.982982873916626,-0.3629326361662615
564.744017475312,-1234.7030554448093,0.0,7.3273688780664425,0.176252543926239,0.0,0.0,-0.984343409538269,0.18300378322601318,0.0,0.0,-0.9830986857414246,-0.007136499089619441
563.9811519060966,-1232.5831573500038,0.0,7.351734467433702,0.1737898588180542,0.0,0.0,-0.9847814440727234,0.18224570155143738,0.0,0.0,-0.9832407832145691,-0.36416322148784025
563.2296628516416,-1230.4536891407442,0.0,7.375941199731609,0.1713162213563919,0.0,0.0,-0.9852149486541748,0.18137744069099426,0.0,0.0,-0.9834024906158447,-0.008359061326887463
562.4893515338995,-1228.3146995917723,0.0,7.399988848751436,0.16883961856365204,0.0,0.0,-0.985642671585083,0.18040765821933746,0.0,0.0,-0.9835818409919739,-0.3653777492161143
561.7600115927983,-1226.1662382360232,0.0,7.423877188284457,0.1663668304681778,0.0,0.0,-0.9860631227493286,0.17934376001358032,0.0,0.0,-0.9837772846221924,-0.009565543121484499
561.0414290952477,-1224.008355365165,0.0,7.447605992121942,0.16390475630760193,0.0,0.0,-0.9864754676818848,0.17819523811340332,0.0,0.0,-0.9839867949485779,-0.36657617365235096
560.3333825456458,-1221.8411020300061,0.0,7.47117503405517,0.16145937144756317,0.0,0.0,-0.9868786931037903,0.176967591047287,0.0,0.0,-0.9842091798782349,-0.010755898774677808
559.6356428978916,-1219.6645300407833,0.0,7.494584087875417,0.159036323428154,0.0,0.0,-0.9872721433639526,0.17566806077957153,0.0,0.0,-0.9844426512718201,-0.367758449097818
558.9479735688984,-1217.478691967317,0.0,7.517832927373939,0.15664087235927582,0.0,0.0,-0.9876551032066345,0.17430521547794342,0.0,0.0,-0.9846855401992798,-0.011930082587734425
558.2701304536153,-1215.2836411390467,0.0,7.540921326342025,0.15427760779857635,0.0,0.0,-0.9880270957946777,0.17288489639759064,0.0,0.0,-0.9849364161491394,-0.368924529853782
557.6018619415473,-1213.0794316449374,0.0,7.56384905857094,0.15195100009441376,0.0,0.0,-0.9883876442909241,0.1714124232530594,0.0,0.0,-0.9851942658424377,-0.013088048861922053
556.9429089347864,-1210.8661183332608,0.0,7.586615897851961,0.14966529607772827,0.0,0.0,-0.9887363910675049,0.16989515721797943,0.0,0.0,-0.9854575395584106,-0.3700743702215103
556.29300486754,-1208.6437568112487,0.0,7.609221617976361,0.14742416143417358,0.0,0.0,-0.9890730381011963,0.1683383733034134,0.0,0.0,-0.9857251048088074,-0.014229751898507947
555.6518757271673,-1206.4124034446245,0.0,7.631665992735411,0.14523088932037354,0.0,0.0,-0.9893975257873535,0.1667478084564209,0.0,0.0,-0.9859958291053772,-0.3712079245022704
555.0192400767177,-1204.1721153570045,0.0,7.653948795920387,0.14308865368366241,0.0,0.0,-0.9897096157073975,0.16512878239154816,0.0,0.0,-0.9862686395645142,-0.015355145998759201
554.3948090789687,-1201.9229504291745,0.0,7.676069801322561,0.14100082218647003,0.0,0.0,-0.9900091886520386,0.1634860783815384,0.0,0.0,-0.9865425825119019,-0.37232514699732977
553.7782865219697,-1199.6649672982437,0.0,7.698028782733205,0.13896997272968292,0.0,0.0,-0.9902963042259216,0.1618247777223587,0.0,0.0,-0.9868165850639343,-0.01646418546394318
553.1693688460803,-1197.3982253566662,0.0,7.719825513943595,0.13699881732463837,0.0,0.0,-0.9905709624290466,0.16015076637268066,0.0,0.0,-0.9870898723602295,-0.37342599200795557
552.567745172512,-1195.1227847511432,0.0,7.741459768745004,0.13508979976177216,0.0,0.0,-0.9908331632614136,0.1584675908088684,0.0,0.0,-0.98736172914505,-0.01755682459532748
551.9730973333636,-1192.8387063813964,0.0,7.762931320928698,0.13324512541294098,0.0,0.0,-0.9910828471183777,0.15677930414676666,0.0,0.0,-0.9876314401626587,-0.37451041383541483
551.3850999031531,-1190.5460518988161,0.0,7.784239944285961,0.13146713376045227,0.0,0.0,-0.9913202524185181,0.15509094297885895,0.0,0.0,-0.9878981113433838,-0.018633017694179133
550.8034202318427,-1188.2448837049822,0.0,7.805385412608058,0.1297575831413269,0.0,0.0,-0.9915454983711243,0.1534060388803482,0.0,0.0,-0.9881613254547119,-0.3755783667809753
550.2277184793546,-1185.9352649500654,0.0,7.826367499686267,0.1281183660030365,0.0,0.0,-0.9917585849761963,0.15172916650772095,0.0,0.0,-0.9884203672409058,-0.01969271906176545
549.6576476515775,-1183.6172595310961,0.0,7.847185979311861,0.12655138969421387,0.0,0.0,-0.991959810256958,0.15006369352340698,0.0,0.0,-0.9886747002601624,-0.3766298051459043
549.0928536378553,-1181.2909320901122,0.0,7.8678406252761075,0.1250580996274948,0.0,0.0,-0.9921491146087646,0.14841310679912567,0.0,0.0,-0.9889240264892578,-0.02073588299935364
548.532975249965,-1178.9563480121851,0.0,7.888331211370284,0.12364020198583603,0.0,0.0,-0.9923267960548401,0.14678069949150085,0.0,0.0,-0.9891677498817444,-0.3776646832314688
547.9776442625696,-1176.6135734233135,0.0,7.908657511385666,0.12229802459478378,0.0,0.0,-0.9924848675727844,0.14517106115818024,0.0,0.0,-0.9894053339958191,-0.021762463808211285
547.4264854551533,-1174.2626751881962,0.0,7.9288192991135285,0.12103425711393356,0.0,0.0,-0.9926332235336304,0.14358586072921753,0.0,0.0,-0.9896368384361267,-0.3786829553389366
546.8791166554281,-1171.9037209078856,0.0,7.948816348345133,0.11984988301992416,0.0,0.0,-0.9927719235420227,0.14202865958213806,0.0,0.0,-0.9898615479469299,-0.022772415789605482
546.3351487842133,-1169.5367789173108,0.0,7.968648432871761,0.1187463030219078,0.0,0.0,-0.9929009675979614,0.1405028998851776,0.0,0.0,-0.9900793433189392,-0.3796845757695743
545.7941859017803,-1167.1619182826792,0.0,7.9883153264846865,0.11772438883781433,0.0,0.0,-0.9930201768875122,0.1390112191438675,0.0,0.0,-0.9902899861335754,-0.023765693244803765
545.2558252556631,-1164.7792087987534,0.0,8.007816802975176,0.11678452044725418,0.0,0.0,-0.9931296706199646,0.13755691051483154,0.0,0.0,-0.99049311876297,-0.38066949882464957
544.7196573299262,-1162.388720986011,0.0,8.02715263613451,0.1159273087978363,0.0,0.0,-0.9932295083999634,0.13614194095134735,0.0,0.0,-0.9906887412071228,-0.024742250475073113
544.1852658958892,-1159.99052608767,0.0,8.04632259975396,0.11515261977910995,0.0,0.0,-0.9933196306228638,0.13476897776126862,0.0,0.0,-0.9908764958381653,-0.38163767880542987
543.6522280643012,-1157.5846960666054,0.0,8.065326467624793,0.1144600510597229,0.0,0.0,-0.9934002757072449,0.1334400326013565,0.0,0.0,-0.9910563826560974,-0.02570204178168084
543.1201143389626,-1155.1713036021322,0.0,8.084164013538294,0.11384877562522888,0.0,0.0,-0.9934715628623962,0.1321583390235901,0.0,0.0,-0.9912281036376953,-0.38258907001318243
542.5884886717861,-1152.7504220866722,0.0,8.102835011285725,0.11331745237112045,0.0,0.0,-0.9935336709022522,0.13092607259750366,0.0,0.0,-0.991391658782959,-0.02664502146589459
542.0569085192988,-1150.322125622302,0.0,8.121339234658365,0.11286434531211853,0.0,0.0,-0.9935868382453918,0.12974417209625244,0.0,0.0,-0.9915471076965332,-0.3835236267491743
541.5249249005693,-1147.8864890171708,0.0,8.139676457447484,0.11248693615198135,0.0,0.0,-0.9936313629150391,0.12861627340316772,0.0,0.0,-0.9916940927505493,-0.027571143828981404
540.9920824565669,-1145.4435877818064,0.0,8.157846453444359,0.11218259483575821,0.0,0.0,-0.9936675429344177,0.12754333019256592,0.0,0.0,-0.9918326139450073,-0.384441303314673
540.4579195109374,-1142.9934981252984,0.0,8.175848996440259,0.11194777488708496,0.0,0.0,-0.9936957359313965,0.1265278458595276,0.0,0.0,-0.9919626712799072,-0.0284803631722087
539.921968132195,-1140.536296951356,0.0,8.19368386022646,0.11177858710289001,0.0,0.0,-0.9937164783477783,0.12557271122932434,0.0,0.0,-0.9920840263366699,-0.38534205401094584
539.3837541973243,-1138.0720618542573,0.0,8.211350818594237,0.11167040467262268,0.0,0.0,-0.9937302470207214,0.12467755377292633,0.0,0.0,-0.9921970367431641,-0.02937263379684385
538.842797456783,-1135.60087111467,0.0,8.228849645334858,0.11161821335554123,0.0,0.0,-0.9937375783920288,0.12384536117315292,0.0,0.0,-0.9923012256622314,-0.38622583313926007
538.2986116009029,-1133.1228036953555,0.0,8.2461801142396,0.11161614954471588,0.0,0.0,-0.9937391877174377,0.12307756394147873,0.0,0.0,-0.9923967719078064,-0.030247910004154055
537.7507043276801,-1130.637939236761,0.0,8.263341999099733,0.11165801435709,0.0,0.0,-0.993735671043396,0.12237569689750671,0.0,0.0,-0.9924836158752441,-0.38709259500088294
537.1985774119496,-1128.146358052486,0.0,8.280335073706533,0.11173658072948456,0.0,0.0,-0.9937279224395752,0.12173958867788315,0.0,0.0,-0.9925578832626343,-0.031106146095406573
536.6417267759364,-1125.6481411246384,0.0,8.297159111851279,0.11184445768594742,0.0,0.0,-0.9937167167663574,0.12116977572441101,0.0,0.0,-0.9926246404647827,-0.38794229389708224
536.0797671740951,-1123.143370099068,0.0,8.31381388732523,0.1119735985994339,0.0,0.0,-0.9937030076980591,0.12066153436899185,0.0,0.0,-0.9926843643188477,-0.031947296371868716
535.5128373610547,-1120.6321272804885,0.0,8.330299173919668,0.11211627721786499,0.0,0.0,-0.993687629699707,0.12020701915025711,0.0,0.0,-0.9927379488945007,-0.3887748841291246
534.9412181007932,-1118.1144956274854,0.0,8.346614745425862,0.11226599663496017,0.0,0.0,-0.9936712980270386,0.11980307847261429,0.0,0.0,-0.9927857518196106,-0.032771315134807855
534.3651938519133,-1115.5905587474017,0.0,8.36276037563509,0.11241645365953445,0.0,0.0,-0.9936548471450806,0.11944279819726944,0.0,0.0,-0.9928284883499146,-0.38959031999827753
533.7850527256413,-1113.06040089112,0.0,8.378735838338622,0.11256223917007446,0.0,0.0,-0.993638813495636,0.1191229522228241,0.0,0.0,-0.9928665161132812,-0.033578156685491245
533.2010864438438,-1110.5241069477202,0.0,8.394540907327736,0.11269840598106384,0.0,0.0,-0.9936238527297974,0.11883798241615295,0.0,0.0,-0.9929004907608032,-0.3903885558058085
532.6135902962584,-1107.981762439032,0.0,8.410175356393696,0.11282040923833847,0.0,0.0,-0.9936104416847229,0.11858299374580383,0.0,0.0,-0.9929310083389282,-0.0343677753251862
532.0228630969394,-1105.4334535140713,0.0,8.425638959327783,0.11292420327663422,0.0,0.0,-0.9935990571975708,0.11835436522960663,0.0,0.0,-0.9929584264755249,-0.39116954585298463
531.4292071399302,-1102.879266943368,0.0,8.440931489921265,0.11300601810216904,0.0,0.0,-0.9935901761054993,0.11814790964126587,0.0,0.0,-0.9929832220077515,-0.03514012535516009
530.8329281541565,-1100.319290113177,0.0,8.456052721965422,0.11306256055831909,0.0,0.0,-0.993584156036377,0.11796079576015472,0.0,0.0,-0.9930057525634766,-0.39193324444107336
530.2343352575575,-1097.7536110195854,0.0,8.471002429251524,0.11309070140123367,0.0,0.0,-0.9935812950134277,0.11778779327869415,0.0,0.0,-0.993026614189148,-0.03589516107668034
529.6337409104507,-1095.182318262507,0.0,8.485780385570838,0.11308770626783371,0.0,0.0,-0.9935819506645203,0.11762621253728867,0.0,0.0,-0.9930461049079895,-0.3926796058713417
529.0314608681389,-1092.6055010395628,0.0,8.500386364714645,0.11305105686187744,0.0,0.0,-0.9935864210128784,0.11747239530086517,0.0,0.0,-0.9930646419525146,-0.03663283679101409
528.4278141327683,-1090.0232491398679,0.0,8.514820140474214,0.11297870427370071,0.0,0.0,-0.9935948848724365,0.11732344329357147,0.0,0.0,-0.993082582950592,-0.3934085844450573
527.8231229044344,-1087.4356529376917,0.0,8.529081486640823,0.11286832392215729,0.0,0.0,-0.9936075806617737,0.11717664450407028,0.0,0.0,-0.9931002855300903,-0.037353106799428715
527.2177125315502,-1084.8428033860255,0.0,8.543170177005738,0.11271816492080688,0.0,0.0,-0.993624746799469,0.11702854931354523,0.0,0.0,-0.9931180477142334,-0.3941201344634873
526.6119114604775,-1082.2447920100394,0.0,8.557085985360239,0.1125265434384346,0.0,0.0,-0.993646502494812,0.11687812209129333,0.0,0.0,-0.9931360483169556,-0.038055925403191415
526.0060511844256,-1079.6417109004317,0.0,8.570828685495595,0.11229153722524643,0.0,0.0,-0.9936730265617371,0.11672058701515198,0.0,0.0,-0.9931548237800598,-0.39481421022789925
525.4004661916297,-1077.0336527066777,0.0,8.58439805120308,0.11201198399066925,0.0,0.0,-0.9937044382095337,0.11655382066965103,0.0,0.0,-0.9931746125221252,-0.03874124690356939
524.7954939128064,-1074.420710630173,0.0,8.597793856273972,0.11168649047613144,0.0,0.0,-0.9937407970428467,0.1163763776421547,0.0,0.0,-0.9931955933570862,-0.39549076603956046
524.1914746678992,-1071.8029784172727,0.0,8.611015874499534,0.11131368577480316,0.0,0.0,-0.9937822222709656,0.1161845326423645,0.0,0.0,-0.993218183517456,-0.03940902560183013
523.5887516121171,-1069.1805503522307,0.0,8.624063879671045,0.1108928769826889,0.0,0.0,-0.9938287734985352,0.11597707122564316,0.0,0.0,-0.9932424426078796,-0.39614975619973775
522.987670681271,-1066.5535212500379,0.0,8.63693764557978,0.11042368412017822,0.0,0.0,-0.9938803911209106,0.1157531663775444,0.0,0.0,-0.9932685494422913,-0.04005921579924099
522.3885805364197,-1063.9219864491586,0.0,8.64963694601701,0.10990643501281738,0.0,0.0,-0.9939368963241577,0.11550938338041306,0.0,0.0,-0.9932968020439148,-0.39679113500969887
521.7918325078222,-1061.2860418041644,0.0,8.66216155477401,0.10934171825647354,0.0,0.0,-0.9939981698989868,0.11524346470832825,0.0,0.0,-0.9933274984359741,-0.04069177179706929
521.1977805382164,-1058.6457836782795,0.0,8.674511245642046,0.10873118788003922,0.0,0.0,-0.9940639734268188,0.11495388299226761,0.0,0.0,-0.993360698223114,-0.3974148567707108
520.6067811254173,-1056.0013089358165,0.0,8.686685792412398,0.10807736963033676,0.0,0.0,-0.9941340088844299,0.11463963985443115,0.0,0.0,-0.993396520614624,-0.041306647896582005
520.0191932642488,-1053.3527149345236,0.0,8.69868496887634,0.10738315433263779,0.0,0.0,-0.9942078590393066,0.11429773271083832,0.0,0.0,-0.993435263633728,-0.39802087578404116
519.4353783878156,-1050.7000995178314,0.0,8.710508548825143,0.10665315389633179,0.0,0.0,-0.994284987449646,0.1139279156923294,0.0,0.0,-0.9934769868850708,-0.04190379839904679
518.8557003081207,-1048.0435610070092,0.0,8.72215630605008,0.10589243471622467,0.0,0.0,-0.9943647384643555,0.11352787166833878,0.0,0.0,-0.9935218095779419,-0.3986091463509572
518.2805251560327,-1045.3831981932208,0.0,8.73362801434242,0.10510717332363129,0.0,0.0,-0.9944464564323425,0.11309615522623062,0.0,0.0,-0.9935698509216309,-0.04248317760573067
517.7102213206173,-1042.7191103294945,0.0,8.744923447493445,0.10430479794740677,0.0,0.0,-0.9945293664932251,0.1126311793923378,0.0,0.0,-0.993621289730072,-0.3991796227727261
517.1451593878319,-1040.0513971225955,0.0,8.756042379294424,0.10349379479885101,0.0,0.0,-0.9946126341819763,0.11213187873363495,0.0,0.0,-0.9936761260032654,-0.043044739817901356
516.5857120785978,-1037.3801587248115,0.0,8.766984583536628,0.10268399864435196,0.0,0.0,-0.9946953058242798,0.11159657686948776,0.0,0.0,-0.9937344789505005,-0.3997322593506152
516.0322541862504,-1034.7054957256448,0.0,8.777749834011333,0.10188619047403336,0.0,0.0,-0.9947763085365295,0.11102379858493805,0.0,0.0,-0.9937964081764221,-0.04358843933682588
515.4851625133822,-1032.0275091434185,0.0,8.78833790450981,0.10111277550458908,0.0,0.0,-0.9948544502258301,0.11041298508644104,0.0,0.0,-0.9938619136810303,-0.40026701038589174
514.944815808079,-1029.3463004167916,0.0,8.798748568823331,0.1003771498799324,0.0,0.0,-0.9949284791946411,0.10976307839155197,0.0,0.0,-0.9939362406730652,-0.04411423046377139
514.4115946995629,-1026.6619713961875,0.0,8.808981600743174,0.09969430416822433,0.0,0.0,-0.9949970841407776,0.10907255113124847,0.0,0.0,-0.9940143823623657,-0.4007838301798232
513.8858816332458,-1023.9746243351437,0.0,8.81903677406061,0.09908038377761841,0.0,0.0,-0.9950587749481201,0.10834423452615738,0.0,0.0,-0.9940959215164185,-0.04462206750000558
513.3679649500202,-1021.2843799008178,0.0,8.828913862566917,0.09855306148529053,0.0,0.0,-0.9951119422912598,0.10758929699659348,0.0,0.0,-0.9941796064376831,-0.4012826730336771
512.8571416458194,-1018.5915458197151,0.0,8.838612640053354,0.09812899678945541,0.0,0.0,-0.9951549768447876,0.10682017356157303,0.0,0.0,-0.9942640662193298,-0.04511190474679527
512.3521163141561,-1015.8965418613769,0.0,8.848132880311205,0.09782366454601288,0.0,0.0,-0.9951865077018738,0.10605128854513168,0.0,0.0,-0.9943477511405945,-0.40176349324872007
511.8515769867252,-1013.199792297311,0.0,8.857472041138447,0.09765108674764633,0.0,0.0,-0.9952050447463989,0.10529428720474243,0.0,0.0,-0.9944294691085815,-0.04558357953604997
511.3542036711702,-1010.5017283532068,0.0,8.866614610160202,0.09762388467788696,0.0,0.0,-0.995209276676178,0.10456164181232452,0.0,0.0,-0.9945079684257507,-0.40222523915890973
510.85866884010073,-1007.8027894935182,0.0,8.875540562505385,0.09775363653898239,0.0,0.0,-0.9951978921890259,0.10386461019515991,0.0,0.0,-0.994581937789917,-0.0460343852100491
510.3636377051817,-1005.1034233194629,0.0,8.884229868742844,0.0980510339140892,0.0,0.0,-0.9951695203781128,0.10321375727653503,0.0,0.0,-0.9946460723876953,-0.40266409300928646
509.8677685387029,-1002.4040854525125,0.0,8.892662499441432,0.09852548688650131,0.0,0.0,-0.9951227903366089,0.10262004286050797,0.0,0.0,-0.9947047233581543,-0.04646027564937172
509.3697130431594,-999.705239404717,0.0,8.900818425169987,0.09918595850467682,0.0,0.0,-0.9950563907623291,0.10209375619888306,0.0,0.0,-0.9947569966316223,-0.4030760084501226
508.86811676906825,-997.0073564357845,0.0,8.90867761649737,0.10004030913114548,0.0,0.0,-0.9949687719345093,0.10164372622966766,0.0,0.0,-0.9948019981384277,-0.046857204504289984
508.36161958123245,-994.3109153968783,0.0,8.916220043992421,0.10109591484069824,0.0,0.0,-0.9948583841323853,0.10128000378608704,0.0,0.0,-0.9948387145996094,-0.4034569391316909
507.8488561736368,-991.6164025610849,0.0,8.92342567822399,0.10235926508903503,0.0,0.0,-0.9947236776351929,0.10101104527711868,0.0,0.0,-0.9948663115501404,-0.04722112542507628
507.32845663311986,-988.9243114405153,0.0,8.930274489760931,0.10383788496255875,0.0,0.0,-0.994575023651123,0.10084515810012817,0.0,0.0,-0.9948837757110596,-0.40380283870426364
506.7990470519476,-986.2351425900242,0.0,8.936746449172086,0.105536088347435,0.0,0.0,-0.994399905204773,0.10079044103622437,0.0,0.0,-0.9948902130126953,-0.047547992062003275
506.25925018936687,-983.5494033975194,0.0,8.942821527026304,0.10745906084775925,0.0,0.0,-0.994196891784668,0.10085493326187134,0.0,0.0,-0.9948844909667969,-0.40410966081811306
505.707686182188,-980.8676078608636,0.0,8.94847969389244,0.10961133241653442,0.0,0.0,-0.9939643144607544,0.10104578733444214,0.0,0.0,-0.9948655962944031,-0.04783375806534346
505.1429733044057,-978.190276351383,0.0,8.953700920339335,0.11199706047773361,0.0,0.0,-0.9937002062797546,0.10137031972408295,0.0,0.0,-0.9948323369026184,-0.40437335912351186
504.5637287758193,-975.5179353639791,0.0,8.958465176935839,0.11461980640888214,0.0,0.0,-0.9934026598930359,0.10183514654636383,0.0,0.0,-0.9947835803031921,-0.04807437708536888
503.9685696195829,-972.8511172539061,0.0,8.962752434250802,0.11748255789279938,0.0,0.0,-0.9930694699287415,0.10244674980640411,0.0,0.0,-0.994718074798584,-0.40458988727073225
503.35611356855156,-970.1903599602196,0.0,8.966542662853076,0.12058810144662857,0.0,0.0,-0.9926981925964355,0.10321267694234848,0.0,0.0,-0.9946407675743103,-0.04826580277235237
502.72498002026316,-967.536206715995,0.0,8.969815833311506,0.12393859773874283,0.0,0.0,-0.992286205291748,0.10413768142461777,0.0,0.0,-0.9945461750030518,-0.4047551989100469
502.07379104032265,-964.8892057453523,0.0,8.972551916194938,0.12753553688526154,0.0,0.0,-0.9918311238288879,0.10522785037755966,0.0,0.0,-0.9944331049919128,-0.0484039887765661
501.401172413922,-962.2499099473961,0.0,8.974730882072222,0.13138030469417572,0.0,0.0,-0.9913296699523926,0.10648807138204575,0.0,0.0,-0.994300365447998,-0.404865247691728
500.70575474516136,-959.6188765671599,0.0,8.976332701512211,0.1354735642671585,0.0,0.0,-0.9907789826393127,0.10792384296655655,0.0,0.0,-0.9941468834877014,-0.04848488874828266
499.98617460378546,-956.9966668536844,0.0,8.97733734508375,0.1398155391216278,0.0,0.0,-0.9901760816574097,0.10954003036022186,0.0,0.0,-0.9939712285995483,-0.40491598726604816
499.2410757187993,-954.3838457050389,0.0,8.97772478443209,0.14440590143203735,0.0,0.0,-0.989517331123352,0.11134135723114014,0.0,0.0,-0.9937722086906433,-0.04850445639213813
498.4691100945084,-951.780980890823,0.0,8.977476408979266,0.14924335479736328,0.0,0.0,-0.988799512386322,0.11333149671554565,0.0,0.0,-0.9935482144355774,-0.40490344305125914
497.66893889159763,-949.1886414676076,0.0,8.976577817514805,0.15432621538639069,0.0,0.0,-0.9880192279815674,0.11551486700773239,0.0,0.0,-0.9932976365089417,-0.04845907298484209
496.83923358779924,-946.607397198449,0.0,8.975015386427513,0.15965183079242706,0.0,0.0,-0.9871727824211121,0.11789467930793762,0.0,0.0,-0.9930186867713928,-0.4048245323902848
495.9786772294879,-944.037818191967,0.0,8.972775492106178,0.16521666944026947,0.0,0.0,-0.9862567186355591,0.1204739362001419,0.0,0.0,-0.992709755897522,-0.048345947009017065
495.08596571226155,-941.4804745336625,0.0,8.969844510939607,0.17101626098155975,0.0,0.0,-0.9852677583694458,0.12325602769851685,0.0,0.0,-0.9923688769340515,-0.40467650303843783
494.15980908977724,-938.9359359096718,0.0,8.966208819316593,0.17704546451568604,0.0,0.0,-0.9842022657394409,0.1262432336807251,0.0,0.0,-0.9919939041137695,-0.04816232621997596
493.19893291006946,-936.4047712231878,0.0,8.961854793625937,0.1832980513572693,0.0,0.0,-0.9830570220947266,0.12943769991397858,0.0,0.0,-0.9915825724601746,-0.40445660275103096
492.20207957853233,-933.8875482037865,0.0,8.956768810256435,0.18976695835590363,0.0,0.0,-0.9818288683891296,0.13284039497375488,0.0,0.0,-0.9911329746246338,-0.047905458373031395
491.16800974668695,-931.3848330098879,0.0,8.950937245596883,0.19644492864608765,0.0,0.0,-0.9805145263671875,0.13645270466804504,0.0,0.0,-0.9906424880027771,-0.4041620792833768
490.09550372582555,-928.8971898246457,0.0,8.94434647603608,0.20332390069961548,0.0,0.0,-0.9791111946105957,0.14027521014213562,0.0,0.0,-0.9901089072227478,-0.047572591223495886
488.9833629245474,-926.4251804455043,0.0,8.936982877962828,0.2103957086801529,0.0,0.0,-0.9776159524917603,0.14430895447731018,0.0,0.0,-0.9895293116569519,-0.40379018039078834
487.83041130918167,-923.9693638677502,0.0,8.928832827765918,0.21765188872814178,0.0,0.0,-0.9760262370109558,0.14855241775512695,0.0,0.0,-0.9889013767242432,-0.04716097252668222
486.6354968860102,-921.5302958623356,0.0,8.919882701834155,0.22508394718170166,0.0,0.0,-0.9743392467498779,0.15300528705120087,0.0,0.0,-0.9882225394248962,-0.40333815382857807
485.39749320417457,-919.1085285483034,0.0,8.910118876556334,0.23268373310565948,0.0,0.0,-0.9725523591041565,0.1576661914587021,0.0,0.0,-0.9874898791313171,-0.04666785003790341
484.1153008780881,-916.7046099601499,0.0,8.899527728321246,0.24044348299503326,0.0,0.0,-0.9706630706787109,0.16253237426280975,0.0,0.0,-0.9867008924484253,-0.40280324735205847
482.7878491281215,-914.3190836104696,0.0,8.8880956335177,0.24835607409477234,0.0,0.0,-0.9686686992645264,0.1676018238067627,0.0,0.0,-0.9858527183532715,-0.046090471512471864
481.41409733827766,-911.9524880482422,0.0,8.87580896853449,0.2564154267311096,0.0,0.0,-0.9665665626525879,0.17287087440490723,0.0,0.0,-0.984942615032196,-0.4021827087165427
479.99303662952263,-909.6053564131482,0.0,8.86265410976041,0.26461654901504517,0.0,0.0,-0.9643536806106567,0.17833605408668518,0.0,0.0,-0.9839679598808289,-0.0454260847057002
478.52369144737565,-907.2782159863001,0.0,8.848617433584264,0.2729555368423462,0.0,0.0,-0.9620267152786255,0.18399152159690857,0.0,0.0,-0.9829263091087341,-0.4014737856773435
477.0052804222698,-904.9717606104958,0.0,8.833685316394844,0.2814304828643799,0.0,0.0,-0.9595816731452942,0.18982891738414764,0.0,0.0,-0.9818158149719238,-0.04467193737290115
475.43851577273983,-902.6882589552223,0.0,8.817844134580954,0.29004108905792236,0.0,0.0,-0.957014262676239,0.19584083557128906,0.0,0.0,-0.9806344509124756,-0.40067372598977324
473.82491216328947,-900.4308020815706,0.0,8.801080264531384,0.29878902435302734,0.0,0.0,-0.9543192386627197,0.20202085375785828,0.0,0.0,-0.9793801307678223,-0.04382527726938751
472.16600243689226,-898.2024498869815,0.0,8.783380630094808,0.30767741799354553,0.0,0.0,-0.9514907598495483,0.20836393535137177,0.0,0.0,-0.9780503511428833,-0.3997798050586331
470.4633216101865,-896.0062101656716,0.0,8.764770697273507,0.31671079993247986,0.0,0.0,-0.94852215051651,0.21486562490463257,0.0,0.0,-0.9766427874565125,-0.04288538167235206
468.71839225191155,-893.8450206655805,0.0,8.745339199493177,0.32589447498321533,0.0,0.0,-0.9454061388969421,0.2215237319469452,0.0,0.0,-0.9751542210578918,-0.39879841628184876
466.93271988833874,-891.721746656335,0.0,8.72518074672675,0.33523446321487427,0.0,0.0,-0.9421346187591553,0.22833652794361115,0.0,0.0,-0.9735815525054932,-0.04186727799727996
465.1077896658388,-889.6391805089664,0.0,8.704389948947146,0.3447367548942566,0.0,0.0,-0.9386992454528809,0.23530340194702148,0.0,0.0,-0.9719213843345642,-0.3977483759899496
463.2450632088668,-887.6000417653408,0.0,8.683061416127295,0.35440677404403687,0.0,0.0,-0.9350912570953369,0.24242469668388367,0.0,0.0,-0.9701696634292603,-0.04079007937001472
461.34597567213723,-885.6069776896242,0.0,8.661289758240123,0.36424893140792847,0.0,0.0,-0.9313015341758728,0.24970084428787231,0.0,0.0,-0.9683224558830261,-0.39664879730877933
459.4119329853781,-883.6625642936953,0.0,8.639169585258552,0.37426623702049255,0.0,0.0,-0.927321195602417,0.2571347653865814,0.0,0.0,-0.9663749933242798,-0.03967289891640002
457.44430928871907,-881.7693078281192,0.0,8.61679550715551,0.38445913791656494,0.0,0.0,-0.9231418967247009,0.2647281289100647,0.0,0.0,-0.9643226265907288,-0.3955187933641813
455.4444445564649,-879.9296467301216,0.0,8.594262133903918,0.3948255181312561,0.0,0.0,-0.9187560081481934,0.27248433232307434,0.0,0.0,-0.9621597528457642,-0.038534849762279166
453.4136424067307,-878.1459540198917,0.0,8.57166407547671,0.40536028146743774,0.0,0.0,-0.9141569137573242,0.2804066240787506,0.0,0.0,-0.9598808288574219,-0.39437747728199907
451.3531680942239,-876.4205401366211,0.0,8.549095941846799,0.4160545766353607,0.0,0.0,-0.9093395471572876,0.2885007858276367,0.0,0.0,-0.9574791789054871,-0.03739504503349578
449.2642466832414,-874.7556562057803,0.0,8.526652342987115,0.42689549922943115,0.0,0.0,-0.9043009281158447,0.2967708110809326,0.0,0.0,-0.9549481868743896,-0.3932439621880756
447.148061397826,-873.1534977294036,0.0,8.504427888870586,0.4378662407398224,0.0,0.0,-0.8990401029586792,0.30522218346595764,0.0,0.0,-0.952280580997467,-0.036272597855893374
445.00575214592016,-871.6162086914991,0.0,8.482517189470146,0.44894447922706604,0.0,0.0,-0.8935595750808716,0.3138602674007416,0.0,0.0,-0.949468731880188,-0.3921373612082554
442.83841421427377,-870.1458860711416,0.0,8.461014854758707,0.46010372042655945,0.0,0.0,-0.8878651261329651,0.3226913511753082,0.0,0.0,-0.9465036392211914,-0.035186621355315695
440.64709713083437,-868.74458475637,0.0,8.4400154947092,0.471312016248703,0.0,0.0,-0.8819664120674133,0.3317212760448456,0.0,0.0,-0.9433769583702087,-0.3910767874683813
438.4328036913664,-867.4143228526614,0.0,8.419613719294551,0.48253291845321655,0.0,0.0,-0.8758777379989624,0.34095659852027893,0.0,0.0,-0.940078616142273,-0.03415622865760609
436.19648914706266,-866.1570873805078,0.0,8.399904138487683,0.49372515082359314,0.0,0.0,-0.8696179389953613,0.3504023253917694,0.0,0.0,-0.9365988373756409,-0.39008135409429706
433.9390605500049,-864.9748403574681,0.0,8.380981362261524,0.5048428773880005,0.0,0.0,-0.8632112741470337,0.3600652515888214,0.0,0.0,-0.9329266548156738,-0.03320053288860819
431.6613762534324,-863.8695252610248,0.0,8.362940000588996,0.515836238861084,0.0,0.0,-0.8566871285438538,0.36994656920433044,0.0,0.0,-0.9290525913238525,-0.38917017421184613
429.3642455639301,-862.8430721674852,0.0,8.345874663443025,0.5266522169113159,0.0,0.0,-0.8500809073448181,0.3800274431705475,0.0,0.0,-0.924974799156189,-0.03233864717416518
427.0484285428175,-861.8960075384581,0.0,8.32987996079654,0.5372369289398193,0.0,0.0,-0.8434313535690308,0.3902658224105835,0.0,0.0,-0.9207018613815308,-0.38836236094687215
424.71463595424694,-861.0249550184197,0.0,8.315050502622462,0.5475431680679321,0.0,0.0,-0.8367774486541748,0.40061578154563904,0.0,0.0,-0.9162457585334778,-0.03158968464012085
422.363529357759,-860.2259199421541,0.0,8.301480898893722,0.5575310587882996,0.0,0.0,-0.8301560878753662,0.4110334515571594,0.0,0.0,-0.9116199612617493,-0.38767702742521865
419.9957213710342,-859.4949772292089,0.0,8.289265663013392,0.5671677589416504,0.0,0.0,-0.8236022591590881,0.42147502303123474,0.0,0.0,-0.9068397283554077,-0.030972753535053688
417.611787528423,-858.8282723859621,0.0,8.278459592509325,0.5764281749725342,0.0,0.0,-0.8171477913856506,0.4319003224372864,0.0,0.0,-0.9019210338592529,-0.3871312662886496
415.21229655746004,-858.2220245597078,0.0,8.269016772668607,0.5852928757667542,0.0,0.0,-0.8108218908309937,0.4422704875469208,0.0,0.0,-0.8968814015388489,-0.03049584344208811
412.79781703846726,-857.672519951664,0.0,8.26087556455057,0.5937484502792358,0.0,0.0,-0.8046506643295288,0.4525512456893921,0.0,0.0,-0.8917381167411804,-0.386720094161476
410.36891951398337,-857.1761040964589,0.0,8.253974329214545,0.6017872095108032,0.0,0.0,-0.7986564636230469,0.46270930767059326,0.0,0.0,-0.886509895324707,-0.030147296202894913
407.9261784846832,-856.7291745760216,0.0,8.248251427719865,0.6094064116477966,0.0,0.0,-0.7928579449653625,0.4727128744125366,0.0,0.0,-0.8812164068222046,-0.38643105873245176
405.4701742945109,-856.3281741578434,0.0,8.243645221125854,0.6166079044342041,0.0,0.0,-0.7872703671455383,0.4825352132320404,0.0,0.0,-0.8758765459060669,-0.029914659506227737
403.0014949074107,-855.9695843487498,0.0,8.240094070491843,0.6233976483345032,0.0,0.0,-0.7819046974182129,0.4921501874923706,0.0,0.0,-0.8705103993415833,-0.38625170769032996
400.52073757777634,-855.6499193564205,0.0,8.237536336877168,0.6297860145568848,0.0,0.0,-0.7767684459686279,0.5015343427658081,0.0,0.0,-0.8651377558708191,-0.029785481040840167
398.0285104164445,-855.3657204519453,0.0,8.235910381341153,0.635786235332489,0.0,0.0,-0.7718650102615356,0.5106664299964905,0.0,0.0,-0.859778881072998,-0.3861695887238645
395.5254338538166,-855.1135507276626,0.0,8.235154564943132,0.6414157152175903,0.0,0.0,-0.7671931982040405,0.5195292830467224,0.0,0.0,-0.8544524908065796,-0.02974730849548557
393.01214200143795,-854.8899902454555,0.0,8.235207248742434,0.6466952562332153,0.0,0.0,-0.7627480626106262,0.5281046032905579,0.0,0.0,-0.849179208278656,-0.386172249521809
390.4892839131436,-854.6916315715166,0.0,8.236006793798389,0.651648759841919,0.0,0.0,-0.7585204839706421,0.5363783836364746,0.0,0.0,-0.8439774513244629,-0.029787689558917696
387.9575247466728,-854.5150756943909,0.0,8.237491561170325,0.6563035249710083,0.0,0.0,-0.754496693611145,0.5443378686904907,0.0,0.0,-0.8388658761978149,-0.38624723777291686
385.41754682645626,-854.3569283238284,0.0,8.239599911917574,0.6606895923614502,0.0,0.0,-0.7506589293479919,0.5519713163375854,0.0,0.0,-0.8338629007339478,-0.02989417191988991
382.87005060810003,-854.2137965686421,0.0,8.24227020709947,0.6648406982421875,0.0,0.0,-0.7469848990440369,0.5592775940895081,0.0,0.0,-0.8289801478385925,-0.3863821011659419
380.3157420781622,-854.0825320954052,0.0,8.245440807775337,0.6687932014465332,0.0,0.0,-0.7434481978416443,0.5662711262702942,0.0,0.0,-0.8242188096046448,-0.030054303267155857
377.75521793324526,-853.962340944156,0.0,8.249050075004506,0.672582745552063,0.0,0.0,-0.7400217056274414,0.5729732513427734,0.0,0.0,-0.8195738792419434,-0.38656438738963733
375.18902309301046,-853.8537425636958,0.0,8.253036369846312,0.6762431859970093,0.0,0.0,-0.7366781830787659,0.5794040560722351,0.0,0.0,-0.8150401711463928,-0.030255631289469287
372.61772203667283,-853.7572748177168,0.0,8.25733805336008,0.6798062920570374,0.0,0.0,-0.7333914637565613,0.5855820178985596,0.0,0.0,-0.8106129169464111,-0.38678164413275695
370.041897542263,-853.6734795847761,0.0,8.261901314967309,0.683302104473114,0.0,0.0,-0.7301355600357056,0.5915254950523376,0.0,0.0,-0.8062860369682312,-0.03048609904741012
367.46214014104794,-853.6029022545323,0.0,8.266707169328084,0.6867601871490479,0.0,0.0,-0.7268839478492737,0.5972506999969482,0.0,0.0,-0.8020543456077576,-0.3870243640499679
364.87904532528245,-853.5460916793322,0.0,8.27174631163816,0.6902087926864624,0.0,0.0,-0.7236101627349854,0.6027734875679016,0.0,0.0,-0.7979120016098022,-0.03074060118428268
362.2932137527712,-853.5036002517404,0.0,8.277009437480427,0.6936755180358887,0.0,0.0,-0.7202875018119812,0.6081094145774841,0.0,0.0,-0.7938529253005981,-0.3872901784864459
359.70525144088515,-853.4759839736698,0.0,8.28248724243776,0.6971869468688965,0.0,0.0,-0.7168891429901123,0.6132724285125732,0.0,0.0,-0.7898711562156677,-0.031017258000309633
357.1157699498998,-853.4638025170917,0.0,8.288170422093055,0.7007689476013184,0.0,0.0,-0.7133879661560059,0.6182758212089539,0.0,0.0,-0.785960853099823,-0.38757720776196586
354.5253865556335,-853.4676192762861,0.0,8.294049672029185,0.7044461965560913,0.0,0.0,-0.7097570300102234,0.6231386661529541,0.0,0.0,-0.7821109890937805,-0.031314189815265736
351.9347244113644,-853.4881679598668,0.0,8.300115687829049,0.7082418203353882,0.0,0.0,-0.7059696316719055,0.6278843283653259,0.0,0.0,-0.7783063650131226,-0.3878835721963024
349.3444126989943,-853.5275514973781,0.0,8.306359165075522,0.7121754884719849,0.0,0.0,-0.7020012736320496,0.6325396299362183,0.0,0.0,-0.7745275497436523,-0.03162951694892596
346.7550867694386,-853.5885520676751,0.0,8.312770799351489,0.7162622213363647,0.0,0.0,-0.6978309154510498,0.637130081653595,0.0,0.0,-0.7707559466362,-0.38820739210923
344.1673882721787,-853.6739707650534,0.0,8.319341286239835,0.7205132246017456,0.0,0.0,-0.6934410333633423,0.6416796445846558,0.0,0.0,-0.7669723629951477,-0.031961359721064675
341.5819652739614,-853.7866234823142,0.0,8.32606132132345,0.7249351143836975,0.0,0.0,-0.6888169646263123,0.6462106108665466,0.0,0.0,-0.7631587386131287,-0.3885467878205237
338.99947236658045,-853.9293412915591,0.0,8.332921600185216,0.7295305132865906,0.0,0.0,-0.6839479804039001,0.6507441401481628,0.0,0.0,-0.759296715259552,-0.03230783845145685
336.42057076369724,-854.1049707808287,0.0,8.339912818408019,0.7342984080314636,0.0,0.0,-0.6788266897201538,0.655299961566925,0.0,0.0,-0.7553682923316956,-0.3888998796499582
333.8459283866421,-854.3163743463577,0.0,8.34702567157474,0.739233136177063,0.0,0.0,-0.6734493970870972,0.6598965525627136,0.0,0.0,-0.7513560056686401,-0.03266707345987707
331.2762199391451,-854.566430440213,0.0,8.35425085526827,0.7443262338638306,0.0,0.0,-0.6678161025047302,0.6645517349243164,0.0,0.0,-0.747241735458374,-0.3892647879173083
328.71212697092847,-854.8580337730609,0.0,8.361579065071489,0.7495648860931396,0.0,0.0,-0.6619307994842529,0.6692803502082825,0.0,0.0,-0.7430094480514526,-0.033037185066100205
326.15433793009896,-855.194095471806,0.0,8.369000996567284,0.754933774471283,0.0,0.0,-0.6558008193969727,0.674098014831543,0.0,0.0,-0.7386414408683777,-0.38963963294234844
323.60354820427784,-855.5775431918289,0.0,8.37650734533854,0.7604144811630249,0.0,0.0,-0.6494378447532654,0.6790184378623962,0.0,0.0,-0.7341208457946777,-0.03341629358990106
321.0604601503956,-856.0113211835469,0.0,8.384088806968146,0.765985906124115,0.0,0.0,-0.6428571939468384,0.6840529441833496,0.0,0.0,-0.7294321656227112,-0.39002253504485374
318.52578311308224,-856.4983903130063,0.0,8.391736077038976,0.7716244459152222,0.0,0.0,-0.6360781788825989,0.6892117261886597,0.0,0.0,-0.7245597839355469,-0.03380251935105416
316.000233431584,-857.0417280362145,0.0,8.399439851133923,0.7773050665855408,0.0,0.0,-0.6291236877441406,0.694500744342804,0.0,0.0,-0.719491720199585,-0.39041161454459855
313.48453443512744,-857.6443173661402,0.0,8.407190824835874,0.7830010652542114,0.0,0.0,-0.6220202445983887,0.6999136209487915,0.0,0.0,-0.7142271995544434,-0.03419398266933449
310.9794164266556,-858.3077498874471,0.0,8.414979693727712,0.788686215877533,0.0,0.0,-0.6147958040237427,0.705428957939148,0.0,0.0,-0.7087803483009338,-0.390804991761358
308.4856166548697,-859.0308436110621,0.0,8.422797153392315,0.7943379282951355,0.0,0.0,-0.607475996017456,0.7110263109207153,0.0,0.0,-0.7031651139259338,-0.03458880386451646
306.0038792744886,-859.8120827707555,0.0,8.430633899412577,0.7999368906021118,0.0,0.0,-0.6000840067863464,0.7166861891746521,0.0,0.0,-0.6973955631256104,-0.39120078701490657
303.53495529465073,-860.6499419351633,0.0,8.438480627371378,0.8054671287536621,0.0,0.0,-0.5926403403282166,0.7223901748657227,0.0,0.0,-0.6914854049682617,-0.03498510325637516
301.0796025153918,-861.5428856539806,0.0,8.446328032851607,0.8109157681465149,0.0,0.0,-0.585162878036499,0.7281224727630615,0.0,0.0,-0.6854467988014221,-0.3915971206250191
298.6385854521006,-862.4893681311324,0.0,8.45416681143615,0.8162721395492554,0.0,0.0,-0.5776674747467041,0.7338683605194092,0.0,0.0,-0.6792913675308228,-0.0353810011646854
296.2126752479005,-863.4878329250944,0.0,8.46198765870788,0.8215281963348389,0.0,0.0,-0.5701677799224854,0.7396131157875061,0.0,0.0,-0.6730319857597351,-0.3919921129114702
293.80264957385765,-864.5367126765532,0.0,8.469781270249694,0.8266775012016296,0.0,0.0,-0.5626757740974426,0.745343804359436,0.0,0.0,-0.6666799187660217,-0.03577461790922137
291.4092925169574,-865.6344288635908,0.0,8.477538341644472,0.8317156434059143,0.0,0.0,-0.5552016496658325,0.751049280166626,0.0,0.0,-0.660245954990387,-0.3923838841940348
289.03339445576404,-866.7793915845787,0.0,8.485249568475103,0.8366395831108093,0.0,0.0,-0.547753632068634,0.7567189931869507,0.0,0.0,-0.6537400484085083,-0.036164073809758224
286.67575192369674,-867.96999936897,0.0,8.492905646324466,0.8414478302001953,0.0,0.0,-0.5403385162353516,0.7623436450958252,0.0,0.0,-0.647172212600708,-0.3927705547924875
284.3371674598507,-869.2046390161736,0.0,8.50049727077545,0.8461394309997559,0.0,0.0,-0.5329616069793701,0.7679150700569153,0.0,0.0,-0.6405515074729919,-0.036547489186070536
282.01844944728776,-870.481685462706,0.0,8.508015137410942,0.8507146835327148,0.0,0.0,-0.5256275534629822,0.7734261751174927,0.0,0.0,-0.6338860988616943,-0.3931502450266033
279.7204119387411,-871.799501677789,0.0,8.515449941813822,0.8551751375198364,0.0,0.0,-0.5183390378952026,0.7788701057434082,0.0,0.0,-0.6271849274635315,-0.036922984357933175
277.4438744696584,-873.1564385875931,0.0,8.522792379566976,0.8595221042633057,0.0,0.0,-0.5110984444618225,0.7842410802841187,0.0,0.0,-0.6204558610916138,-0.3935210752161565
275.1896618585309,-874.5508350282939,0.0,8.530033146253292,0.863757848739624,0.0,0.0,-0.5039069056510925,0.7895346283912659,0.0,0.0,-0.6137056350708008,-0.03728867964512089
272.95860399444723,-875.9810177281216,0.0,8.537162937455655,0.8678849339485168,0.0,0.0,-0.4967648684978485,0.7947468757629395,0.0,0.0,-0.606940507888794,-0.3938811656809223
270.7515356118121,-877.44530131858,0.0,8.544172448756942,0.8719063401222229,0.0,0.0,-0.48967209458351135,0.7998754978179932,0.0,0.0,-0.6001652479171753,-0.03764269536740811
268.56915418851196,-878.9421989249187,0.0,8.551052375740047,0.875825047492981,0.0,0.0,-0.48262813687324524,0.8049207329750061,0.0,0.0,-0.5933815240859985,-0.3942286367406751
266.4115966468685,-880.471050111589,0.0,8.557793413987854,0.8796437382698059,0.0,0.0,-0.4756326377391815,0.8098817467689514,0.0,0.0,-0.5865923166275024,-0.03798315184457002
264.27886046248796,-882.0313955907685,0.0,8.564386268966455,0.8833649158477783,0.0,0.0,-0.46868547797203064,0.8147591352462769,0.0,0.0,-0.5797988176345825,-0.39456160921434186
262.17094216851865,-883.622770690315,0.0,8.570825562770228,0.8869908452033997,0.0,0.0,-0.46178674697875977,0.8195531964302063,0.0,0.0,-0.5730025172233582,-0.03830836870334642
260.0878349045978,-885.2447072244975,0.0,8.577115786938963,0.8905237913131714,0.0,0.0,-0.4549366235733032,0.8242632746696472,0.0,0.0,-0.5662062168121338,-0.39487929730367194
258.0295281348673,-886.8967339487614,0.0,8.583262963340319,0.893965482711792,0.0,0.0,-0.4481356143951416,0.8288893699645996,0.0,0.0,-0.5594119429588318,-0.03861883215796036
255.99600775346264,-888.5783767391805,0.0,8.589273113841946,0.8973182439804077,0.0,0.0,-0.44138380885124207,0.8334323167800903,0.0,0.0,-0.5526208877563477,-0.3951828402582995
253.98725618925698,-890.2891587672132,0.0,8.595152260311501,0.9005838632583618,0.0,0.0,-0.4346819519996643,0.8378915786743164,0.0,0.0,-0.5458359718322754,-0.038915758747331886
252.00325250985304,-892.0286006697058,0.0,8.600906424616637,0.9037640690803528,0.0,0.0,-0.42803052067756653,0.8422679305076599,0.0,0.0,-0.5390586256980896,-0.3954734546171447
250.04397252479288,-893.7962207141131,0.0,8.60654162862501,0.9068606495857239,0.0,0.0,-0.4214303493499756,0.8465608358383179,0.0,0.0,-0.5322915315628052,-0.03920036501038099
248.1093888879848,-895.5915349588768,0.0,8.612063894204272,0.9098749756813049,0.0,0.0,-0.4148820638656616,0.8507710695266724,0.0,0.0,-0.5255360007286072,-0.39575235691912775
246.19947119931766,-897.4140574089366,0.0,8.617479243222082,0.9128090143203735,0.0,0.0,-0.40838631987571716,0.8548986911773682,0.0,0.0,-0.5187945365905762,-0.03947386748602788
244.31418610546058,-899.2633001663211,0.0,8.62279369754609,0.9156642556190491,0.0,0.0,-0.4019436240196228,0.8589439988136292,0.0,0.0,-0.5120689272880554,-0.3960207637031686
242.45349739982473,-901.1387735757951,0.0,8.628013279043952,0.9184422492980957,0.0,0.0,-0.39555463194847107,0.8629070520401001,0.0,0.0,-0.5053620338439941,-0.03973748271319261
240.61736612168056,-903.0399863655136,0.0,8.633144009583326,0.9211445450782776,0.0,0.0,-0.38922005891799927,0.8667890429496765,0.0,0.0,-0.49867433309555054,-0.39627989150818743
238.80575065441428,-904.9664457826622,0.0,8.638191911031862,0.9237728118896484,0.0,0.0,-0.38294047117233276,0.8705897927284241,0.0,0.0,-0.4920087158679962,-0.03999242723079549
237.01860682291309,-906.9176577240386,0.0,8.643163005257218,0.9263283014297485,0.0,0.0,-0.376716673374176,0.8743102550506592,0.0,0.0,-0.4853665232658386,-0.3965309568731044
235.2558879900691,-908.893126861553,0.0,8.648063314127043,0.9288127422332764,0.0,0.0,-0.3705490231513977,0.8779507875442505,0.0,0.0,-0.47874993085861206,-0.04023991757775636
233.51754515238764,-910.892356762617,0.0,8.652898859508998,0.9312275052070618,0.0,0.0,-0.364437997341156,0.8815119862556458,0.0,0.0,-0.472160667181015,-0.39677517633683945
231.80352703469651,-912.9148500053814,0.0,8.657675663270732,0.9335741996765137,0.0,0.0,-0.35838404297828674,0.8849947452545166,0.0,0.0,-0.4656001329421997,-0.04048117029299547
230.11378018393867,-914.9601082888145,0.0,8.662399747279906,0.9358541965484619,0.0,0.0,-0.35238733887672424,0.8883997201919556,0.0,0.0,-0.4590699374675751,-0.39701376643831293
228.4482490620478,-917.0276325375728,0.0,8.66707713340417,0.9380690455436707,0.0,0.0,-0.3464483916759491,0.8917274475097656,0.0,0.0,-0.4525721073150635,-0.04071740191543305
226.80687613789115,-919.1169230016603,0.0,8.67171384351118,0.9402201175689697,0.0,0.0,-0.3405672311782837,0.8949790000915527,0.0,0.0,-0.44610750675201416,-0.3972479437164447
225.18960197827926,-921.2274793508315,0.0,8.676315899468591,0.9423089623451233,0.0,0.0,-0.3347441852092743,0.8981550335884094,0.0,0.0,-0.4396783411502838,-0.04094982898398919
223.59636533802725,-923.358800763728,0.0,8.680889323144056,0.9443369507789612,0.0,0.0,-0.3289794325828552,0.901256263256073,0.0,0.0,-0.4332859516143799,-0.39747892471015506
222.02710324906792,-925.5103860117265,0.0,8.685440136405226,0.9463056921958923,0.0,0.0,-0.3232726752758026,0.904283881187439,0.0,0.0,-0.4269309937953949,-0.04117966803758366
220.481751108609,-927.6817335374612,0.0,8.689974361119763,0.9482164978981018,0.0,0.0,-0.31762418150901794,0.9072387218475342,0.0,0.0,-0.420615553855896,-0.39770792595836396
218.96024276632414,-929.8723415280189,0.0,8.69449801915532,0.9500707387924194,0.0,0.0,-0.31203389167785645,0.9101218581199646,0.0,0.0,-0.41433998942375183,-0.041408135615137065
217.46251061057887,-932.0817079827698,0.0,8.69901713237955,0.9518698453903198,0.0,0.0,-0.3065016567707062,0.9129343032836914,0.0,0.0,-0.4081058204174042,-0.3979361639999917
215.98848565368468,-934.3093307758206,0.0,8.703537722660105,0.9536153078079224,0.0,0.0,-0.30102744698524475,0.9156771302223206,0.0,0.0,-0.4019140303134918,-0.041636448255569114
214.5380976161722,-936.5547077130725,0.0,8.708065811864644,0.955308198928833,0.0,0.0,-0.29561108350753784,0.9183512330055237,0.0,0.0,-0.39576563239097595,-0.3981648553739584
213.11127501008735,-938.8173365838553,0.0,8.712607421860818,0.9569498896598816,0.0,0.0,-0.29025283455848694,0.9209578633308411,0.0,0.0,-0.3896615207195282,-0.04186582249780013
211.70794522130217,-941.0967152071233,0.0,8.717168574516286,0.9585413932800293,0.0,0.0,-0.2849530577659607,0.9234980344772339,0.0,0.0,-0.38360241055488586,-0.398395216619184
210.3280345908348,-943.3923414721986,0.0,8.721755291698695,0.9600839018821716,0.0,0.0,-0.2797119617462158,0.925973117351532,0.0,0.0,-0.37758880853652954,-0.04209747488075016
208.9714684951845,-945.7037133740292,0.0,8.726373595275705,0.9615784287452698,0.0,0.0,-0.2745302617549896,0.928384006023407,0.0,0.0,-0.37162163853645325,-0.3986284642745885
207.63817142567044,-948.0303290429508,0.0,8.731029507114972,0.9630259275436401,0.0,0.0,-0.2694087028503418,0.930732011795044,0.0,0.0,-0.3657016456127167,-0.042332621943339366
206.32806706677346,-950.3716867689399,0.0,8.735729049084146,0.9644271731376648,0.0,0.0,-0.2643485367298126,0.9330179691314697,0.0,0.0,-0.3598293960094452,-0.39886581487909223
205.04107837348624,-952.7272850203171,0.0,8.740478243050886,0.9657831192016602,0.0,0.0,-0.2593511641025543,0.9352434277534485,0.0,0.0,-0.3540048897266388,-0.04257248022448784
203.77712764766125,-955.0966224569034,0.0,8.745283110882845,0.9670943021774292,0.0,0.0,-0.254418283700943,0.9374093413352966,0.0,0.0,-0.3482291102409363,-0.39910848497161544
202.53613661335945,-957.4791979375946,0.0,8.750149674447677,0.968361496925354,0.0,0.0,-0.2495521605014801,0.9395171403884888,0.0,0.0,-0.3425016701221466,-0.04281826626311569
201.3180264912001,-959.874510522336,0.0,8.755083955613035,0.9695849418640137,0.0,0.0,-0.2447553426027298,0.9415678381919861,0.0,0.0,-0.3368229866027832,-0.399357691091078
200.12271807170873,-962.2820594684783,0.0,8.760091976246574,0.9707653522491455,0.0,0.0,-0.24003086984157562,0.9435626864433289,0.0,0.0,-0.3311934173107147,-0.04307119659814296
198.95013178766106,-964.7013442214961,0.0,8.76517975821595,0.9719029068946838,0.0,0.0,-0.2353821098804474,0.9455029368400574,0.0,0.0,-0.3256133198738098,-0.3996146497764
197.80018778542834,-967.1318644000326,0.0,8.77035332338882,0.9729981422424316,0.0,0.0,-0.230813130736351,0.9473896622657776,0.0,0.0,-0.32008224725723267,-0.04333248776848986
196.67280599531773,-969.5731197752635,0.0,8.775618693632833,0.9740509986877441,0.0,0.0,-0.2263283133506775,0.9492239952087402,0.0,0.0,-0.3146005868911743,-0.3998805775665017
195.56790620091377,-972.0246102445415,0.0,8.780981890815646,0.9750618934631348,0.0,0.0,-0.2219327986240387,0.9510071277618408,0.0,0.0,-0.3091685175895691,-0.043603356313076325
194.4854046966689,-974.485837558772,0.0,8.786448936804918,0.9760308861732483,0.0,0.0,-0.21763189136981964,0.9527392387390137,0.0,0.0,-0.3037888705730438,-0.4001566910003034
193.42496284485358,-976.9564350281312,0.0,8.792025853468298,0.9769580364227295,0.0,0.0,-0.21343128383159637,0.9544203281402588,0.0,0.0,-0.2984653115272522,-0.04388501877082274
192.38581369553484,-979.4362569520682,0.0,8.797718662673436,0.9778437614440918,0.0,0.0,-0.20933647453784943,0.9560502171516418,0.0,0.0,-0.2932027280330658,-0.40044420661672453
191.36714690096568,-981.925180042478,0.0,8.803533386288,0.9786881804466248,0.0,0.0,-0.20535220205783844,0.9576287865638733,0.0,0.0,-0.28800520300865173,-0.04417869168064925
190.36814931250277,-984.4230824567381,0.0,8.809476034670523,0.9794919490814209,0.0,0.0,-0.2014831006526947,0.9591562151908875,0.0,0.0,-0.28287672996520996,-0.40074434037341755
189.3880052702178,-986.9298429066251,0.0,8.81554949013683,0.9802557229995728,0.0,0.0,-0.19773341715335846,0.9606325626373291,0.0,0.0,-0.2778215706348419,-0.04448543185571524
188.42589730092038,-989.4453385447327,0.0,8.821749283239274,0.9809802174568176,0.0,0.0,-0.19410690665245056,0.9620582461357117,0.0,0.0,-0.27284353971481323,-0.4010574612371774
187.48100605648642,-991.9694446190825,0.0,8.828069889340949,0.9816662073135376,0.0,0.0,-0.19060713052749634,0.963433563709259,0.0,0.0,-0.2679465115070343,-0.044804654386102816
186.55251013618516,-994.5020344270988,0.0,8.83450578380493,0.9823145866394043,0.0,0.0,-0.1872374415397644,0.9647590517997742,0.0,0.0,-0.26313406229019165,-0.401382506412126
185.63958591636924,-997.0429792710895,0.0,8.841051441994312,0.9829259514808655,0.0,0.0,-0.18400071561336517,0.9660351872444153,0.0,0.0,-0.2584097981452942,-0.045135243183546336
184.7414073875549,-999.5921484152301,0.0,8.847701339272174,0.9835013747215271,0.0,0.0,-0.18089981377124786,0.9672622680664062,0.0,0.0,-0.2537776827812195,-0.40171835980999776
183.85714599892248,-1002.1494090440492,0.0,8.854449951001609,0.9840417504310608,0.0,0.0,-0.17793713510036469,0.9684414267539978,0.0,0.0,-0.24924035370349884,-0.045476082159780495
182.98597051025794,-1004.7146262224412,0.0,8.8612917525457,0.9845479130744934,0.0,0.0,-0.1751149296760559,0.9695731401443481,0.0,0.0,-0.24480140209197998,-0.40206390534252756
182.12704685137436,-1007.2876628571834,0.0,8.868221219267534,0.9850207567214966,0.0,0.0,-0.17243537306785583,0.970658004283905,0.0,0.0,-0.24046358466148376,-0.045826055226539764
181.27953798903974,-1009.8683796599917,0.0,8.875232826530198,0.9854611158370972,0.0,0.0,-0.16990020871162415,0.9716969132423401,0.0,0.0,-0.2362302988767624,-0.40241802692145
180.4426038014491,-1012.4566351120991,0.0,8.882321049696774,0.9858700037002563,0.0,0.0,-0.16751113533973694,0.9726908206939697,0.0,0.0,-0.2321038693189621,-0.04618404629555872
179.61540096027616,-1015.0522854303734,0.0,8.889480364130357,0.9862483143806458,0.0,0.0,-0.16526953876018524,0.9736404418945312,0.0,0.0,-0.2280876338481903,-0.40277960845849964
178.79708282033866,-1017.655184534987,0.0,8.896705245194024,0.9865968823432922,0.0,0.0,-0.1631762981414795,0.9745466709136963,0.0,0.0,-0.22418414056301117,-0.04654893927857229
177.9867993169227,-1020.2651840186311,0.0,8.903990168250862,0.9869165420532227,0.0,0.0,-0.16123200953006744,0.9754104614257812,0.0,0.0,-0.22039538621902466,-0.40314753386541063
177.18369687080002,-1022.882133117295,0.0,8.911329608663964,0.9872081875801086,0.0,0.0,-0.15943652391433716,0.9762325882911682,0.0,0.0,-0.21672452986240387,-0.04691961808731482
176.38691830098347,-1025.5058786826164,0.0,8.91871804179641,0.9874727129936218,0.0,0.0,-0.15778952836990356,0.9770142436027527,0.0,0.0,-0.21317312121391296,-0.40352068705391797
175.59560274526288,-1028.136265155803,0.0,8.926149943011291,0.9877111911773682,0.0,0.0,-0.1562899500131607,0.9777563214302063,0.0,0.0,-0.20974361896514893,-0.04729496663352095
174.80888558856347,-1030.7731345431457,0.0,8.933619787671688,0.9879160523414612,0.0,0.0,-0.15493500232696533,0.9784595966339111,0.0,0.0,-0.2064381092786789,-0.4038979519357562
174.02589839917397,-1033.4163263931218,0.0,8.941122051140693,0.9880992770195007,0.0,0.0,-0.15372398495674133,0.9791250228881836,0.0,0.0,-0.20325857400894165,-0.047673868828925214
173.24576887288836,-1036.065677775104,0.0,8.948651208781387,0.9882612228393555,0.0,0.0,-0.15265409648418427,0.9797535538673401,0.0,0.0,-0.20020687580108643,-0.40427821242266
172.46762078510662,-1038.7210232596854,0.0,8.956201735956858,0.9884025454521179,0.0,0.0,-0.15172183513641357,0.980346143245697,0.0,0.0,-0.1972847431898117,-0.04805520858526213
171.6905739509449,-1041.38219490062,0.0,8.963768108030195,0.9885239005088806,0.0,0.0,-0.15092286467552185,0.9809035062789917,0.0,0.0,-0.19449427723884583,-0.40466035242636383
170.91374419339854,-1044.0490222184037,0.0,8.971344800364477,0.9886261224746704,0.0,0.0,-0.15025228261947632,0.9814268350601196,0.0,0.0,-0.19183649122714996,-0.04843786981426629
170.13624331960926,-1046.7213321854877,0.0,8.978926288322798,0.9887099266052246,0.0,0.0,-0.14970462024211884,0.981916606426239,0.0,0.0,-0.18931320309638977,-0.4050432558586023
169.3571791052824,-1049.3989492131527,0.0,8.986507047268239,0.9887763261795044,0.0,0.0,-0.1492735594511032,0.9823739528656006,0.0,0.0,-0.18692553043365479,-0.04882073642767237
168.57565528730248,-1052.0816951400407,0.0,8.994081552563888,0.9888262152671814,0.0,0.0,-0.14895221590995789,0.9827995300292969,0.0,0.0,-0.18467506766319275,-0.40542580663110983
167.79077156460085,-1054.7693892223526,0.0,9.001644279572831,0.9888608455657959,0.0,0.0,-0.14873293042182922,0.9831940531730652,0.0,0.0,-0.1825631707906723,-0.04920269233721497
167.0016236073139,-1057.461848125741,0.0,9.009189703658157,0.9888812899589539,0.0,0.0,-0.1486072689294815,0.9835583567619324,0.0,0.0,-0.1805902123451233,-0.4058068886556212
166.20730307429125,-1060.1588859188819,0.0,9.016712300182949,0.9888889193534851,0.0,0.0,-0.14856620132923126,0.9838935732841492,0.0,0.0,-0.17875473201274872,-0.04958262145462872
165.40703855608024,-1062.860314068753,0.0,9.024206544510292,0.9888851046562195,0.0,0.0,-0.1486002504825592,0.9842017292976379,0.0,0.0,-0.17704996466636658,-0.40618538584387087
164.600747453858,-1065.565941437628,0.0,9.031666912003278,0.9888712167739868,0.0,0.0,-0.14870034158229828,0.9844847917556763,0.0,0.0,-0.1754690557718277,-0.049959407691648194
163.7885594857548,-1068.2755742817847,0.0,9.039087878024986,0.9888483881950378,0.0,0.0,-0.14885856211185455,0.984744668006897,0.0,0.0,-0.17400522530078888,-0.40656018210759354
162.97060569334997,-1070.9890162519482,0.0,9.046463917938508,0.9888176321983337,0.0,0.0,-0.1490676999092102,0.9849828481674194,0.0,0.0,-0.1726514995098114,-0.050331934960007874
162.14701839795504,-1073.7060683954821,0.0,9.053789507106927,0.9887800216674805,0.0,0.0,-0.14932121336460114,0.9852010607719421,0.0,0.0,-0.1714019924402237,-0.4069301613585238
161.3179312097947,-1076.4265291603185,0.0,9.061059120893333,0.9887363314628601,0.0,0.0,-0.14961333572864532,0.9854006171226501,0.0,0.0,-0.17025071382522583,-0.0506990871714425
160.4834790358967,-1079.1501944006613,0.0,9.068267234660805,0.9886873364448547,0.0,0.0,-0.14993879199028015,0.9855829477310181,0.0,0.0,-0.16919218003749847,-0.4072942075083961
159.64379808669028,-1081.8768573844497,0.0,9.075408323772438,0.9886337518692017,0.0,0.0,-0.1502929925918579,0.9857491254806519,0.0,0.0,-0.16822117567062378,-0.05105974823768661
158.79902588129806,-1084.6063088026126,0.0,9.082476863591308,0.9885761737823486,0.0,0.0,-0.15067161619663239,0.9859004020690918,0.0,0.0,-0.16733232140541077,-0.4076512044689451
157.94930125152084,-1087.338336780097,0.0,9.089467329480511,0.9885152578353882,0.0,0.0,-0.1510707437992096,0.9860377907752991,0.0,0.0,-0.16652125120162964,-0.051412802070474606
157.09476434450355,-1090.0727268887103,0.0,9.09637419680313,0.9884515404701233,0.0,0.0,-0.15148669481277466,0.9861621856689453,0.0,0.0,-0.16578309237957,-0.4080000361519056
156.23555662407708,-1092.809262161755,0.0,9.103191940922247,0.9883855581283569,0.0,0.0,-0.15191592276096344,0.9862701892852783,0.0,0.0,-0.16511276364326477,-0.05175713258154119
155.37182087076886,-1095.5477231104885,0.0,9.10991503720095,0.9883178472518921,0.0,0.0,-0.15235519409179688,0.9863678812980652,0.0,0.0,-0.164507657289505,-0.40833958646901186
154.50370118047448,-1098.2878877423968,0.0,9.11653796100233,0.9882488250732422,0.0,0.0,-0.15280114114284515,0.9864559769630432,0.0,0.0,-0.16396303474903107,-0.052091623682620936
153.6313429617853,-1101.0295315813041,0.0,9.12305518768947,0.988179087638855,0.0,0.0,-0.1532505750656128,0.9865350127220154,0.0,0.0,-0.16347581148147583,-0.40866873933199876
152.754892931963,-1103.772427689322,0.0,9.129461192625454,0.9881091117858887,0.0,0.0,-0.15370017290115356,0.9866054058074951,0.0,0.0,-0.1630426049232483,-0.05241515928544843
151.874499111559,-1106.5163466906333,0.0,9.135750451173374,0.988039493560791,0.0,0.0,-0.15414661169052124,0.9866678714752197,0.0,0.0,-0.16265949606895447,-0.40898637865260073
150.99031081766847,-1109.2610567971376,0.0,9.14191743869631,0.9879707098007202,0.0,0.0,-0.15458635985851288,0.9867228269577026,0.0,0.0,-0.1623232662677765,-0.05272662330175837
150.10247865581476,-1112.0063238359517,0.0,9.14795663055735,0.9879034161567688,0.0,0.0,-0.155015766620636,0.9867706894874573,0.0,0.0,-0.16203145682811737,-0.4092913883425522
149.21115451046026,-1114.7519112787706,0.0,9.153862502119585,0.9878382086753845,0.0,0.0,-0.15543103218078613,0.9868119359016418,0.0,0.0,-0.16178104281425476,-0.053024899643285384
148.3164915341376,-1117.4975802730974,0.0,9.159629528746091,0.9877757430076599,0.0,0.0,-0.15582811832427979,0.9868469834327698,0.0,0.0,-0.1615690141916275,-0.40958265231358787
147.418644135194,-1120.243089675351,0.0,9.165252185799964,0.9877167344093323,0.0,0.0,-0.15620273351669312,0.9868762493133545,0.0,0.0,-0.1613929122686386,-0.05330887222176389
146.51776796414885,-1122.9881960858456,0.0,9.170724948644285,0.9876619577407837,0.0,0.0,-0.1565503627061844,0.9868999719619751,0.0,0.0,-0.16125068068504333,-0.4098590544774424
145.61401989865556,-1125.7326538856585,0.0,9.176042292642144,0.9876121878623962,0.0,0.0,-0.1568661630153656,0.9869186878204346,0.0,0.0,-0.16113951802253723,-0.053577424948928476
144.70755802706748,-1128.4762152753772,0.0,9.181198693156622,0.987568199634552,0.0,0.0,-0.15714505314826965,0.9869325757026672,0.0,0.0,-0.16105780005455017,-0.4101194787458504
143.79854163060406,-1131.218630315734,0.0,9.186188625547205,0.9875310063362122,0.0,0.0,-0.15738146007061005,0.9869421720504761,0.0,0.0,-0.16100269556045532,-0.05382944173633164
142.88713219142343,-1133.9596457645382,0.0,9.191002520444513,0.9875015616416931,0.0,0.0,-0.1575694978237152,0.9869481325149536,0.0,0.0,-0.1609695851802826,-0.41036260475076497
141.97365208847677,-1136.699000449533,0.0,9.19561509451021,0.9874807000160217,0.0,0.0,-0.15770335495471954,0.9869514107704163,0.0,0.0,-0.1609531193971634,-0.05406240002247792
141.05879307713303,-1139.4364242167903,0.0,9.199997248828735,0.9874693155288696,0.0,0.0,-0.15777786076068878,0.9869529604911804,0.0,0.0,-0.16094699501991272,-0.41058392567594304
140.1433034025673,-1142.1716380293442,0.0,9.204119884484566,0.9874680042266846,0.0,0.0,-0.15778908133506775,0.9869537949562073,0.0,0.0,-0.16094504296779633,-0.054270613944489565
139.22793617133448,-1144.9043540753723,0.0,9.207953902562155,0.98747718334198,0.0,0.0,-0.15773440897464752,0.9869548082351685,0.0,0.0,-0.16094166040420532,-0.41077756295258894
138.31344912403796,-1147.6342758859385,0.0,9.211470204145957,0.9874969720840454,0.0,0.0,-0.1576128602027893,0.9869568347930908,0.0,0.0,-0.16093188524246216,-0.0544482049335705
137.40060437304302,-1150.3610984623006,0.0,9.214639690320446,0.9875271320343018,0.0,0.0,-0.15742522478103638,0.9869607090950012,0.0,0.0,-0.1609104871749878,-0.4109376380119066
136.49016810520573,-1153.0845084127636,0.0,9.217433262170065,0.9875671863555908,0.0,0.0,-0.15717419981956482,0.9869672656059265,0.0,0.0,-0.16087257862091064,-0.05458929442092497
135.58291024960158,-1155.8041840990902,0.0,9.219821820779286,0.9876163005828857,0.0,0.0,-0.15686464309692383,0.986977219581604,0.0,0.0,-0.16081373393535614,-0.41105827228509956
134.67960411027806,-1158.5197957924288,0.0,9.221776267232563,0.987673282623291,0.0,0.0,-0.1565035730600357,0.9869913458824158,0.0,0.0,-0.16072888672351837,-0.054688003837757126
133.7810259640742,-1161.2310058387368,0.0,9.223267502614357,0.987736701965332,0.0,0.0,-0.15610066056251526,0.9870102405548096,0.0,0.0,-0.1606139838695526,-0.411133587203372
132.8879546235825,-1163.937468833659,0.0,9.224266428009132,0.9878045320510864,0.0,0.0,-0.1556680053472519,0.9870345592498779,0.0,0.0,-0.16046540439128876,-0.05473845461527099
132.0011709653625,-1166.6388318068161,0.0,9.224743944501345,0.9878745675086975,0.0,0.0,-0.15522024035453796,0.9870649576187134,0.0,0.0,-0.16027815639972687,-0.4111577041979282
131.12145742355196,-1169.334734415433,0.0,9.224670953175453,0.9879440069198608,0.0,0.0,-0.15477488934993744,0.9871019124984741,0.0,0.0,-0.16004933416843414,-0.054734768184670435
130.24959744905416,-1172.0248091472495,0.0,9.224018355115916,0.9880098700523376,0.0,0.0,-0.15435217320919037,0.9871460199356079,0.0,0.0,-0.15977449715137482,-0.4111247446999718
129.3863749345237,-1174.7086815326163,0.0,9.222757051407203,0.9880685806274414,0.0,0.0,-0.15397517383098602,0.987197756767273,0.0,0.0,-0.15945059061050415,-0.054671065977159705
128.53257360541556,-1177.3859703656917,0.0,9.22085794313376,0.9881162643432617,0.0,0.0,-0.15366995334625244,0.9872575402259827,0.0,0.0,-0.15907350182533264,-0.41102883014070696
127.68897637740136,-1180.0562879346194,0.0,9.21829193138006,0.9881484508514404,0.0,0.0,-0.15346521139144897,0.9873258471488953,0.0,0.0,-0.1586403101682663,-0.0545414694239425
126.85636468050762,-1182.719240260576,0.0,9.21502991723055,0.988160252571106,0.0,0.0,-0.15339259803295135,0.9874030947685242,0.0,0.0,-0.15814721584320068,-0.4108640819513378
126.03551775038015,-1185.374427345535,0.0,9.211042801769704,0.9881461262702942,0.0,0.0,-0.15348662436008453,0.9874891638755798,0.0,0.0,-0.15759378671646118,-0.05434009995622302
125.2272115826291,-1188.0214434286108,0.0,9.20630148608197,0.9880998730659485,0.0,0.0,-0.15378445386886597,0.9875820279121399,0.0,0.0,-0.15699321031570435,-0.41062462156306834
124.43130725339984,-1190.6598772508064,0.0,9.200776871251813,0.9880147576332092,0.0,0.0,-0.1543242186307907,0.9876770377159119,0.0,0.0,-0.15637636184692383,-0.054061079005205015
123.64474989762563,-1193.289311832705,0.0,9.194438124120609,0.9878844618797302,0.0,0.0,-0.15513968467712402,0.9877694249153137,0.0,0.0,-0.15577544271945953,-0.4103044828190681
122.86393289244491,-1195.9092658005616,0.0,9.18704736131265,0.9877028465270996,0.0,0.0,-0.15625979006290436,0.987854540348053,0.0,0.0,-0.15522299706935883,-0.05368780815631824
122.08531922793719,-1198.5190807910471,0.0,9.177966070767699,0.987474799156189,0.0,0.0,-0.1577102094888687,0.987928032875061,0.0,0.0,-0.15474796295166016,-0.4098458317814443
121.3054509955232,-1201.1179114188333,0.0,9.166509918519825,0.9871878623962402,0.0,0.0,-0.15950913727283478,0.9879856109619141,0.0,0.0,-0.1543796807527542,-0.053109214608445865
120.5209589346497,-1203.704728605796,0.0,9.151994570603083,0.9868376851081848,0.0,0.0,-0.16167135536670685,0.9880229234695435,0.0,0.0,-0.15414541959762573,-0.4091127334018108
119.72857597881544,-1206.2783231064236,0.0,9.133735693051525,0.9864200949668884,0.0,0.0,-0.16420739889144897,0.9880358576774597,0.0,0.0,-0.15407003462314606,-0.05218704907553895
118.92515472734047,-1208.8373092188463,0.0,9.111048951899221,0.9859312176704407,0.0,0.0,-0.16712389886379242,0.988020122051239,0.0,0.0,-0.15417779982089996,-0.40796693839411863
118.10768874026041,-1211.3801286679072,0.0,9.083250013180223,0.9853670597076416,0.0,0.0,-0.17042411863803864,0.9879714250564575,0.0,0.0,-0.15449056029319763,-0.05078306227154916
117.27333751866055,-1213.9050546433027,0.0,9.049654542928591,0.9847236275672913,0.0,0.0,-0.17410734295845032,0.9878854751586914,0.0,0.0,-0.1550280749797821,-0.4062701974723191
116.4194549918114,-1216.4101959721706,0.0,9.00957820717839,0.9839974045753479,0.0,0.0,-0.1781696230173111,0.987764835357666,0.0,0.0,-0.15580984950065613,-0.04875900491042784
115.54362128587599,-1218.8935014015128,0.0,8.962336671963667,0.9831845760345459,0.0,0.0,-0.1826036423444748,0.9876021146774292,0.0,0.0,-0.15685157477855682,-0.4038842613503634
114.64367749703139,-1221.3527639615934,0.0,8.907245603318492,0.9822821617126465,0.0,0.0,-0.18739856779575348,0.9873943328857422,0.0,0.0,-0.15816648304462433,-0.04597662770612598
113.71776313495855,-1223.785625376922,0.0,8.843620667276912,0.9812873601913452,0.0,0.0,-0.1925410032272339,0.9871384501457214,0.0,0.0,-0.15976719558238983,-0.4006708807422029
112.7643558412665,-1226.1895804866651,0.0,8.770777529873,0.9801979064941406,0.0,0.0,-0.19801387190818787,0.9868314266204834,0.0,0.0,-0.16166241466999054,-0.042297681372594986
111.78231292208284,-1228.5619816313579,0.0,8.688031857140805,0.9790120720863342,0.0,0.0,-0.20379720628261566,0.9864705801010132,0.0,0.0,-0.16385890543460846,-0.3964918063617891
110.77091416540904,-1230.900042957628,0.0,8.594699315114392,0.9777287244796753,0.0,0.0,-0.20986826717853546,0.9860531091690063,0.0,0.0,-0.1663600504398346,-0.03758391662378624
109.72990534268295,-1233.2008445873598,0.0,8.490095569827814,0.976347804069519,0.0,0.0,-0.21620246767997742,0.9855765104293823,0.0,0.0,-0.16916733980178833,-0.39120878892307304
108.65954172116405,-1235.4613365923608,0.0,8.373536287315131,0.9748696088790894,0.0,0.0,-0.22277317941188812,0.9850384593009949,0.0,0.0,-0.1722782999277115,-0.03169708417365075
107.56063084031014,-1237.678342710148,0.0,8.244337133610406,0.9732957482337952,0.0,0.0,-0.2295524924993515,0.9844367504119873,0.0,0.0,-0.1756891906261444,-0.3846835791400061
106.43457373233369,-1239.8485637311433,0.0,8.101813774747642,0.9716281890869141,0.0,0.0,-0.23651134967803955,0.9837695360183716,0.0,0.0,-0.1793925166130066,-0.0244989347361374
105.28340369595998,-1241.9685804822093,0.0,7.9452818767609985,0.9698700308799744,0.0,0.0,-0.24362096190452576,0.9830353856086731,0.0,0.0,-0.1833762526512146,-0.3767779277265393
104.10984036776041,-1244.0348563094394,0.0,7.774125167915676,0.9680250883102417,0.0,0.0,-0.250851571559906,0.982235312461853,0.0,0.0,-0.18761834502220154,-0.015854656511626153
102.91734975316749,-1246.0449283021912,0.0,7.595055653729513,0.9660975337028503,0.0,0.0,-0.25817567110061646,0.9813710451126099,0.0,0.0,-0.1920912265777588,-0.36773401286865226
101.70787908352607,-1248.0008459330656,0.0,7.428554336772325,0.9640909433364868,0.0,0.0,-0.2655707597732544,0.9804435968399048,0.0,0.0,-0.1967729926109314,-0.007445499089545893
100.47979496433544,-1249.9096770554183,0.0,7.293504118978683,0.9620079398155212,0.0,0.0,-0.273020476102829,0.979453980922699,0.0,0.0,-0.20164398849010468,-0.3609132947982664
99.23062178131848,-1251.7784825459655,0.0,7.1899151133379355,0.9598498344421387,0.0,0.0,-0.2805134952068329,0.9784026145935059,0.0,0.0,-0.20668752491474152,-0.0022137311278919714
97.95839249698611,-1253.6124262502183,0.0,7.1107316703902,0.9576171636581421,0.0,0.0,-0.28804296255111694,0.9772893786430359,0.0,0.0,-0.21189075708389282,-0.3569141310130272
96.66188389186492,-1255.4147828173543,0.0,7.048885768115535,0.9553099274635315,0.0,0.0,-0.2956051528453827,0.9761139154434204,0.0,0.0,-0.21724292635917664,0.0009097992900203855
95.34082654343109,-1257.1869734120146,0.0,6.997309384493996,0.9529271721839905,0.0,0.0,-0.30319860577583313,0.9748762249946594,0.0,0.0,-0.222732812166214,-0.3543092631533535
93.99609583453733,-1258.9286247620669,0.0,6.9489344975056415,0.9504675269126892,0.0,0.0,-0.310822993516922,0.97357577085495,0.0,0.0,-0.22835183143615723,0.003352975400543301
92.62988661071644,-1260.6376506541433,0.0,6.896693085130529,0.9479295015335083,0.0,0.0,-0.3184795379638672,0.9722117781639099,0.0,0.0,-0.23409220576286316,-0.3516708079828933
91.24587267328906,-1262.3103548395457,0.0,6.8335171253487115,0.9453116655349731,0.0,0.0,-0.32616788148880005,0.9707841277122498,0.0,0.0,-0.23994490504264832,0.00654368044002912
89.84929576473944,-1263.9416172116296,0.0,6.752603515933256,0.9426125288009644,0.0,0.0,-0.3338882625102997,0.969292402267456,0.0,0.0,-0.24590280652046204,-0.3475842620528198
88.44556983157536,-1265.5267149420986,0.0,6.654279905654138,0.9398309588432312,0.0,0.0,-0.34163913130760193,0.9677367210388184,0.0,0.0,-0.2519562840461731,0.011509519343014862
87.03856589754878,-1267.0631490203573,0.0,6.546633722531823,0.9369663596153259,0.0,0.0,-0.3494189381599426,0.9661170244216919,0.0,0.0,-0.25809764862060547,-0.34214758613755136
85.6303494262604,-1268.5506041077326,0.0,6.4381434019405726,0.9340178370475769,0.0,0.0,-0.35722601413726807,0.9644330739974976,0.0,0.0,-0.2643210291862488,0.016988828463785077
84.22101648783426,-1269.9907928352975,0.0,6.337287379254655,0.9309840798377991,0.0,0.0,-0.36505937576293945,0.962684154510498,0.0,0.0,-0.2706221044063568,-0.33705384761806056
82.80867425155283,-1271.3871621305161,0.0,6.251994773137885,0.9278635382652283,0.0,0.0,-0.372919499874115,0.9608698487281799,0.0,0.0,-0.27699577808380127,0.02129653584341995
81.39077915462161,-1272.743346837746,0.0,6.183886817048897,0.924653947353363,0.0,0.0,-0.38080811500549316,0.9589892029762268,0.0,0.0,-0.2834383249282837,-0.3336140518559905
79.96507665845505,-1274.0622535716534,0.0,6.130551838281615,0.9213517904281616,0.0,0.0,-0.3887295424938202,0.9570398330688477,0.0,0.0,-0.2899523973464966,0.023990221639747344
78.5296751984603,-1275.34607511821,0.0,6.089512578675307,0.917953610420227,0.0,0.0,-0.39668750762939453,0.9550207257270813,0.0,0.0,-0.29653510451316833,-0.33154136197688405
77.0830998622293,-1276.5963249619135,0.0,6.05829178006918,0.9144551157951355,0.0,0.0,-0.4046873450279236,0.952929675579071,0.0,0.0,-0.3031877279281616,0.025567029650157835
75.62434114692013,-1277.81387697994,0.0,6.03441218430247,0.9108515381813049,0.0,0.0,-0.41273415088653564,0.9507644176483154,0.0,0.0,-0.30991142988204956,-0.3303353217866462
74.1528994582698,-1278.9990104477174,0.0,6.015396533214402,0.9071376323699951,0.0,0.0,-0.4208342432975769,0.9485219120979309,0.0,0.0,-0.31670859456062317,0.026527416068747145
72.66882582222587,-1280.151460513927,0.0,5.998767568644216,0.9033076763153076,0.0,0.0,-0.4289933443069458,0.9461997151374817,0.0,0.0,-0.32358068227767944,-0.32949547509118227
71.17275911652735,-1281.2704742592841,0.0,5.9820480324311385,0.8993560075759888,0.0,0.0,-0.4372170567512512,0.9437946677207947,0.0,0.0,-0.3305302858352661,0.027371837089609663
69.66595999278002,-1282.354872354703,0.0,5.9627606664143995,0.895276665687561,0.0,0.0,-0.4455104172229767,0.9413034915924072,0.0,0.0,-0.3375597298145294,-0.3285213656963975
68.15032619755671,-1283.403126585559,0.0,5.9384880726620635,0.8910636305809021,0.0,0.0,-0.45387816429138184,0.938724160194397,0.0,0.0,-0.34466803073883057,0.028597725662959983
66.62801782341262,-1284.4136913789894,0.0,5.90836374997625,0.8867110013961792,0.0,0.0,-0.46232399344444275,0.9360522627830505,0.0,0.0,-0.3518597483634949,-0.3269999352577201
65.10103094920389,-1285.3853038305924,0.0,5.873175471249808,0.8822131752967834,0.0,0.0,-0.4708501994609833,0.9332861304283142,0.0,0.0,-0.3591325879096985,0.030374911457224762
63.57116265074642,-1286.3169805949976,0.0,5.833791572067836,0.8775640726089478,0.0,0.0,-0.4794591963291168,0.9304217100143433,0.0,0.0,-0.3664896786212921,-0.3250108494404488
62.03999748770035,-1287.20799782615,0.0,5.791080388015426,0.8727583885192871,0.0,0.0,-0.48815229535102844,0.9274568557739258,0.0,0.0,-0.373929500579834,0.03253204196492221
60.50889523318814,-1288.0578692122497,0.0,5.74591025467768,0.8677906394004822,0.0,0.0,-0.49692991375923157,0.924387514591217,0.0,0.0,-0.3814540505409241,-0.322729529574906
58.97897984533515,-1288.8663222857585,0.0,5.699149507639692,0.8626550436019897,0.0,0.0,-0.5057925581932068,0.9212108254432678,0.0,0.0,-0.38906311988830566,0.034893695855729656
57.45112966155641,-1289.633273179974,0.0,5.651666482486556,0.8573462963104248,0.0,0.0,-0.514739990234375,0.9179235100746155,0.0,0.0,-0.3967566192150116,-0.3203313969914143
55.92596878131572,-1290.3587999879971,0.0,5.604329514803372,0.8518597483634949,0.0,0.0,-0.5237699747085571,0.9145231246948242,0.0,0.0,-0.4045330286026001,0.03728445179932477
54.40385959120306,-1291.0431148576956,0.0,5.558006940175235,0.8461899757385254,0.0,0.0,-0.5328812599182129,0.9110055565834045,0.0,0.0,-0.4123934209346771,-0.31799187302029625
52.88489637737909,-1291.6865349276472,0.0,5.5135670941872394,0.8403319716453552,0.0,0.0,-0.5420719981193542,0.9073672890663147,0.0,0.0,-0.42033815383911133,0.039528888465385215
51.36889998975258,-1292.2894521647315,0.0,5.471878221884063,0.8342815041542053,0.0,0.0,-0.5513386726379395,0.9036052227020264,0.0,0.0,-0.4283658266067505,-0.31588637441912576
49.855473248761626,-1292.8522806859648,0.0,5.433594405184273,0.8280338644981384,0.0,0.0,-0.5606778860092163,0.8997142314910889,0.0,0.0,-0.43647900223731995,0.04146241456133415
48.344187678054254,-1293.3753687851727,0.0,5.3986970293886385,0.8215857148170471,0.0,0.0,-0.5700847506523132,0.8956921100616455,0.0,0.0,-0.4446742832660675,-0.3141238806920735
46.834623569676,-1293.8589845861582,0.0,5.367035744103604,0.8149345517158508,0.0,0.0,-0.5795525908470154,0.8915337324142456,0.0,0.0,-0.45295387506484985,0.04306146937370964
45.32637358150798,-1294.3033177375396,0.0,5.33846019893562,0.8080790042877197,0.0,0.0,-0.5890738368034363,0.8872351050376892,0.0,0.0,-0.4613170921802521,-0.31268067134015515
43.819046073953885,-1294.7084813399263,0.0,5.312820043491138,0.8010194897651672,0.0,0.0,-0.5986380577087402,0.8827928900718689,0.0,0.0,-0.46976208686828613,0.04435642671939061
42.312268204083765,-1295.074514096723,0.0,5.289964927376613,0.7937578558921814,0.0,0.0,-0.6082338094711304,0.8782021403312683,0.0,0.0,-0.478289395570755,-0.3115263725464923
40.80568879354249,-1295.401382682404,0.0,5.269744500198494,0.7862979769706726,0.0,0.0,-0.6178475022315979,0.873457670211792,0.0,0.0,-0.4868999421596527,0.045377660415255205
39.298980984738975,-1295.6889843243302,0.0,5.252008411563239,0.7786468863487244,0.0,0.0,-0.6274622678756714,0.86855548620224,0.0,0.0,-0.4955916404724121,-0.31063061049420665
37.791844698186075,-1295.937149596201,0.0,5.236606311077297,0.7708128690719604,0.0,0.0,-0.637061357498169,0.863492488861084,0.0,0.0,-0.5043613910675049,0.04615554427818158
36.2840089023297,-1296.145645422971,0.0,5.223387848347122,0.7628081440925598,0.0,0.0,-0.6466246843338013,0.8582638502120972,0.0,0.0,-0.5132083892822266,-0.30996301136642007
34.77523370577124,-1296.3141782985902,0.0,5.212202672979165,0.7546471357345581,0.0,0.0,-0.6561306715011597,0.8528653383255005,0.0,0.0,-0.52213054895401,0.046720452125048106
33.26531228049024,-1296.4423977192225,0.0,5.202900434579881,0.7463468313217163,0.0,0.0,-0.6655569672584534,0.8472912907600403,0.0,0.0,-0.5311279892921448,-0.3094932013462542
31.754072623445815,-1296.5298998356873,0.0,5.195330782755723,0.7379279732704163,0.0,0.0,-0.674879252910614,0.8415398597717285,0.0,0.0,-0.540194571018219,0.04710275777273287
30.241379162835635,-1296.5762313297596,0.0,5.189343367113143,0.7294137477874756,0.0,0.0,-0.6840725541114807,0.8356075882911682,0.0,0.0,-0.5493264198303223,-0.30919080661683096
28.72713421426809,-1296.5808935196508,0.0,5.1847878372585905,0.720829963684082,0.0,0.0,-0.6931117177009583,0.8294894695281982,0.0,0.0,-0.5585219860076904,0.04733283503811425
27.21127929117133,-1296.543346700497,0.0,5.181513842798522,0.7122060656547546,0.0,0.0,-0.7019702792167664,0.8231834173202515,0.0,0.0,-0.5677751898765564,-0.30902545336127196
25.69379627293971,-1296.4630147260084,0.0,5.1793710333393905,0.7035732269287109,0.0,0.0,-0.7106225490570068,0.8166868686676025,0.0,0.0,-0.5770806670188904,0.04744105773807045
24.17470843355017,-1296.3392898375632,0.0,5.1782090584876475,0.6949658989906311,0.0,0.0,-0.7190425395965576,0.8100073933601379,0.0,0.0,-0.5864191651344299,-0.3089667677626991
22.654042985832497,-1296.1718928903688,0.0,5.1778775678497455,0.6864197254180908,0.0,0.0,-0.7272053360939026,0.80316162109375,0.0,0.0,-0.595760703086853,0.04745779968947961
21.131709864144288,-1295.9620083240115,0.0,5.178226211032137,0.6779679656028748,0.0,0.0,-0.7350912690162659,0.7961702346801758,0.0,0.0,-0.6050723791122437,-0.308984376004234
19.60762059183216,-1295.7111946442253,0.0,5.179104637641275,0.6696423888206482,0.0,0.0,-0.7426835298538208,0.7890540957450867,0.0,0.0,-0.6143235564231873,0.04741343470922016
18.08173045434699,-1295.4210042224913,0.0,5.180362497283613,0.6614706516265869,0.0,0.0,-0.7499708533287048,0.7818329334259033,0.0,0.0,-0.6234878301620483,-0.3090479042689986
16.554032433507505,-1295.0929888455069,0.0,5.181870894271568,0.6534785032272339,0.0,0.0,-0.7569449543952942,0.7745279669761658,0.0,0.0,-0.6325395703315735,0.04733725304316183
15.024518968739251,-1294.728695682692,0.0,5.1836311734822385,0.6456891298294067,0.0,0.0,-0.7636001706123352,0.7671600580215454,0.0,0.0,-0.6414556503295898,-0.3091368072594365
13.493167547810263,-1294.3296640923595,0.0,5.185693561377204,0.638123095035553,0.0,0.0,-0.7699341177940369,0.7597486972808838,0.0,0.0,-0.6502166986465454,0.04723309203836562
11.959940659446978,-1293.8974248284817,0.0,5.188108371450666,0.6307990550994873,0.0,0.0,-0.7759460210800171,0.7523143887519836,0.0,0.0,-0.658804178237915,-0.3092587673641568
10.424785781454537,-1293.4334994840553,0.0,5.190925917196837,0.6237332820892334,0.0,0.0,-0.7816370725631714,0.7448758482933044,0.0,0.0,-0.6672029495239258,0.04709079174815495
8.887635378763903,-1292.939400166981,0.0,5.194196512109917,0.6169399619102478,0.0,0.0,-0.7870100736618042,0.737450361251831,0.0,0.0,-0.6754012107849121,-0.30942394892542346
7.348406911423606,-1292.4166294091067,0.0,5.197970469684115,0.6104320287704468,0.0,0.0,-0.7920684218406677,0.7300580739974976,0.0,0.0,-0.6833849549293518,0.04690018783026617
5.8070028525920385,-1291.8666803093774,0.0,5.20229810341364,0.6042209267616272,0.0,0.0,-0.7968166470527649,0.7227150797843933,0.0,0.0,-0.6911458969116211,-0.3096425162855005
4.263310716587016,-1291.291036912305,0.0,5.207229726792692,0.598315954208374,0.0,0.0,-0.8012601137161255,0.7154392004013062,0.0,0.0,-0.6986749172210693,0.04665111594243526
2.7172030970695586,-1290.6911748233583,0.0,5.212815653315481,0.5927258133888245,0.0,0.0,-0.8054041266441345,0.7082462310791016,0.0,0.0,-0.7059652805328369,-0.3099246337866514
1.1685377154562597,-1290.0685620632587,0.0,5.219106196476213,0.5874578952789307,0.0,0.0,-0.8092546463012695,0.7011504173278809,0.0,0.0,-0.7130131721496582,0.046333411742398245
-0.38284252032588784,-1289.4246601636382,0.0,5.226151669769092,0.5825189352035522,0.0,0.0,-0.8128169775009155,0.6941675543785095,0.0,0.0,-0.7198132872581482,-0.31028046577114027
-1.9371094466030192,-1288.7609255070183,0.0,5.234002386688327,0.5779148936271667,0.0,0.0,-0.8160969614982605,0.6873102784156799,0.0,0.0,-0.7263637781143188,0.04593691088789148
-3.4944495640761337,-1288.0788109146258,0.0,5.242708660728122,0.5736508965492249,0.0,0.0,-0.8190997242927551,0.6805918216705322,0.0,0.0,-0.732662558555603,-0.31072017658123097
-5.055063947114849,-1287.3797674861794,0.0,5.252320805382686,0.5697324275970459,0.0,0.0,-0.8218300342559814,0.6740248799324036,0.0,0.0,-0.7387083768844604,0.04545144903665088
-6.619168142001807,-1286.6652466964479,0.0,5.262889134146219,0.5661638975143433,0.0,0.0,-0.8242924809455872,0.667622447013855,0.0,0.0,-0.7444998025894165,-0.31125393055918715
-8.18699205387789,-1285.9367027541007,0.0,5.274463960512933,0.5629496574401855,0.0,0.0,-0.8264908790588379,0.6613945364952087,0.0,0.0,-0.7500379681587219,0.04486686184641275
-9.75877982211344,-1285.1955952291437,0.0,5.287095597977033,0.5600947737693787,0.0,0.0,-0.828428328037262,0.6553516983985901,0.0,0.0,-0.7553235292434692,-0.31189189204727297
-11.33478968377187,-1284.4433919560881,0.0,5.300834360032724,0.5576034188270569,0.0,0.0,-0.8301072716712952,0.6495051980018616,0.0,0.0,-0.7603567242622375,0.044172984974913176
-12.91529382482393,-1283.6815722208728,0.0,5.315730560174217,0.5554802417755127,0.0,0.0,-0.8315294981002808,0.6438643932342529,0.0,0.0,-0.7651392221450806,-0.3126442253877524
-14.500578218699248,-1282.9116302405378,0.0,5.331834511895709,0.5537306070327759,0.0,0.0,-0.832695722579956,0.6384380459785461,0.0,0.0,-0.7696728110313416,0.04335965407988834
-16.09094245173791,-1282.135078945656,0.0,5.349196528691412,0.5523592233657837,0.0,0.0,-0.8336060643196106,0.6332331895828247,0.0,0.0,-0.7739607095718384,-0.3135210949228889
-17.686699535050327,-1281.353454076622,0.0,5.367866924055529,0.551369309425354,0.0,0.0,-0.8342536091804504,0.6282623410224915,0.0,0.0,-0.7780011892318726,0.04241670481907428
-19.288175702240675,-1280.5683186060503,0.0,5.387896011482269,0.5507722496986389,0.0,0.0,-0.8346458673477173,0.6235315203666687,0.0,0.0,-0.7817978858947754,-0.3145326649949465
-20.895710192408348,-1279.7812675007574,0.0,5.409334104465837,0.5505736470222473,0.0,0.0,-0.8347775340080261,0.6190496683120728,0.0,0.0,-0.7853515148162842,0.041333972850207235
-22.50965501776778,-1278.993932838111,0.0,5.43223151650044,0.5507790446281433,0.0,0.0,-0.8346425890922546,0.6148253679275513,0.0,0.0,-0.788662850856781,-0.315689099946189
-24.130374715182086,-1278.2079892928937,0.0,5.4566385610802834,0.5513949394226074,0.0,0.0,-0.8342337012290955,0.6108679175376892,0.0,0.0,-0.791732132434845,0.04010129383102318
-25.758246080843737,-1277.4251600122823,0.0,5.482605551699573,0.5524287223815918,0.0,0.0,-0.8335421681404114,0.6071835160255432,0.0,0.0,-0.7945612072944641,-0.3170005641188804
-27.393657878609773,-1276.6472229021886,0.0,5.510182772722627,0.5538957118988037,0.0,0.0,-0.8325713872909546,0.6037827134132385,0.0,0.0,-0.797148585319519,0.0387085048904649
-29.036987074125584,-1275.8760282643761,0.0,5.539341395931931,0.5557998418807983,0.0,0.0,-0.8313042521476746,0.6006749272346497,0.0,0.0,-0.7994930148124695,-0.318473221856724
-30.688524054199394,-1275.1135390564627,0.0,5.569801202354782,0.5581490993499756,0.0,0.0,-0.8297309875488281,0.5978673696517944,0.0,0.0,-0.8015947341918945,0.03717013082870474
-32.34845782366803,-1274.3618400809498,0.0,5.6012321530369125,0.5609512329101562,0.0,0.0,-0.8278409838676453,0.5953701138496399,0.0,0.0,-0.8034512996673584,-0.32006064360834674
-34.01687606976892,-1273.6231383509146,0.0,5.6333042090240575,0.5642127394676208,0.0,0.0,-0.8256231546401978,0.5931923389434814,0.0,0.0,-0.8050605654716492,0.03555033002127311
-35.69376530198586,-1272.899761712093,0.0,5.665687331361951,0.5679387450218201,0.0,0.0,-0.8230656981468201,0.5913448929786682,0.0,0.0,-0.8064185976982117,-0.3216961548375333
-37.37901107048485,-1272.1941556498518,0.0,5.698051481096326,0.5721324682235718,0.0,0.0,-0.8201570510864258,0.5898366570472717,0.0,0.0,-0.8075224161148071,0.03391577700438553
-39.07239826626676,-1271.5088782080381,0.0,5.730066619272914,0.5767948031425476,0.0,0.0,-0.8168856501579285,0.5886796116828918,0.0,0.0,-0.8083662986755371,-0.32331308100806805
-40.77361150612287,-1270.8465929473066,0.0,5.761402706937453,0.5819239616394043,0.0,0.0,-0.8132403492927551,0.5878851413726807,0.0,0.0,-0.8089442849159241,0.03233314631425732
-42.48223560530866,-1270.2100598734357,0.0,5.7917297051356735,0.5875147581100464,0.0,0.0,-0.809211015701294,0.5874626040458679,0.0,0.0,-0.8092479705810547,-0.32484474758373577
-44.19775614059532,-1269.6021242712934,0.0,5.820717574913309,0.5935584306716919,0.0,0.0,-0.8047889471054077,0.5874281525611877,0.0,0.0,-0.8092731237411499,0.030869112487104
-45.91956010602142,-1269.0257033876594,0.0,5.848036277316104,0.6000418663024902,0.0,0.0,-0.7999669909477234,0.5877891182899475,0.0,0.0,-0.8090087175369263,-0.3262244800283214
-47.64693666318777,-1268.4837709160556,0.0,5.873355773389772,0.6069486737251282,0.0,0.0,-0.7947397232055664,0.5885617733001709,0.0,0.0,-0.8084473609924316,0.029590350059141013
-49.37907798738986,-1267.9793392491456,0.0,5.8963460241800565,0.6142559051513672,0.0,0.0,-0.7891058325767517,0.5897555947303772,0.0,0.0,-0.8075773119926453,-0.3273856038056085
-51.11508021021312,-1267.5154394791662,0.0,5.916676990732695,0.6219372749328613,0.0,0.0,-0.7830660939216614,0.591382622718811,0.0,0.0,-0.8063869476318359,0.028563533566583532
-52.85394445843663,-1267.095099144293,0.0,5.934018634093414,0.6299596428871155,0.0,0.0,-0.7766270637512207,0.5934535264968872,0.0,0.0,-0.8048645257949829,-0.3282614443793822
-54.59457798820637,-1266.7213177388037,0.0,5.948040915307951,0.6382863521575928,0.0,0.0,-0.7697982788085938,0.5959800481796265,0.0,0.0,-0.8029959201812744,0.02785533754564734
-56.33579541245879,-1266.3970400274175,0.0,5.958413795422041,0.6468742489814758,0.0,0.0,-0.7625960111618042,0.598969578742981,0.0,0.0,-0.8007689118385315,-0.3287853272134272
-58.0763200184614,-1266.125127229178,0.0,5.964807235481416,0.6556775569915771,0.0,0.0,-0.7550405263900757,0.6024293303489685,0.0,0.0,-0.7981696128845215,0.027532436532547555
-59.81478517114918,-1265.908326163737,0.0,5.96689119653181,0.6646443009376526,0.0,0.0,-0.7471596002578735,0.6063469052314758,0.0,0.0,-0.7951978445053101,-0.3288905777715278
-61.549748585629175,-1265.7487110306854,0.0,5.964482779423969,0.673721194267273,0.0,0.0,-0.7389853000640869,0.6106950640678406,0.0,0.0,-0.7918636798858643,0.02765407376021628
-63.27983405170626,-1265.6459086195634,0.0,5.958227272323304,0.682858407497406,0.0,0.0,-0.7305505275726318,0.6154376864433289,0.0,0.0,-0.7881835699081421,-0.3285746430694741
-65.00391040405765,-1265.5987866363203,0.0,5.949059484453795,0.6920100450515747,0.0,0.0,-0.7218876481056213,0.6205396056175232,0.0,0.0,-0.784173309803009,0.028117093349585454
-66.721125881914,-1265.6061187355979,0.0,5.93791452946482,0.7011359333992004,0.0,0.0,-0.7130274772644043,0.6259652972221375,0.0,0.0,-0.7798492908477783,-0.3280117665548794
-68.43090633955856,-1265.6666312085442,0.0,5.9257275210057445,0.7101998329162598,0.0,0.0,-0.7039998769760132,0.6316812634468079,0.0,0.0,-0.7752266526222229,0.028732598827316547
-70.1329527631199,-1265.7790471775572,0.0,5.91343357272595,0.7191699743270874,0.0,0.0,-0.6948339939117432,0.6376544833183289,0.0,0.0,-0.7703211307525635,-0.32739086007610185
-71.82720632546412,-1265.9421247500686,0.0,5.901856938586305,0.7280188798904419,0.0,0.0,-0.6855568885803223,0.6438511610031128,0.0,0.0,-0.7651494741439819,0.029317277319217794
-73.51366831220332,-1266.1546667150346,0.0,5.891203725341766,0.7367227077484131,0.0,0.0,-0.6761946678161621,0.6502440571784973,0.0,0.0,-0.7597242593765259,-0.3268528190031454
-75.19233782897437,-1266.4155172999533,0.0,5.881465866576883,0.7452619075775146,0.0,0.0,-0.6667715311050415,0.6568009853363037,0.0,0.0,-0.7540629506111145,0.02980908836794932
-76.86321132771238,-1266.7235601976097,0.0,5.872635086850627,0.7536194324493408,0.0,0.0,-0.6573106050491333,0.6634950637817383,0.0,0.0,-0.7481796741485596,-0.3264068200270719
-78.5262822022887,-1267.0777166432506,0.0,5.86470311072197,0.7617814540863037,0.0,0.0,-0.6478335857391357,0.670299232006073,0.0,0.0,-0.7420899868011475,0.030209693222931988
-80.18154039276489,-1267.476943536964,0.0,5.8576616627498765,0.7697375416755676,0.0,0.0,-0.6383600234985352,0.6771889925003052,0.0,0.0,-0.7358083724975586,-0.3260511913416126
-81.82897199775114,-1267.920231609174,0.0,5.851502467493327,0.7774794101715088,0.0,0.0,-0.6289080381393433,0.684140682220459,0.0,0.0,-0.7293493151664734,0.030520763690434494
-83.46855889441616,-1268.4066036272109,0.0,5.846217249511289,0.7850008010864258,0.0,0.0,-0.6194943785667419,0.6911347508430481,0.0,0.0,-0.7227252125740051,-0.32578426114049963
-85.10027836565725,-1268.9351126410027,0.0,5.841797733362729,0.7922980189323425,0.0,0.0,-0.6101337671279907,0.6981489062309265,0.0,0.0,-0.7159518599510193,0.030743971576725426
-86.72410273402558,-1269.504840265978,0.0,5.838235643606624,0.7993684411048889,0.0,0.0,-0.60084068775177,0.7051635980606079,0.0,0.0,-0.7090439200401306,-0.32560435761746404
-88.33999900195187,-1270.114895001356,0.0,5.835522704801944,0.8062116503715515,0.0,0.0,-0.5916268229484558,0.712164044380188,0.0,0.0,-0.7020125389099121,0.03088098868807293
-89.9479284978918,-1270.7644105820323,0.0,5.833650641507655,0.8128278851509094,0.0,0.0,-0.5825035572052002,0.7191319465637207,0.0,0.0,-0.6948729753494263,-0.3255098089662374
-91.54784652798854,-1271.4525443623534,0.0,5.832611178282734,0.8192191123962402,0.0,0.0,-0.5734802484512329,0.7260549664497375,0.0,0.0,-0.6876361966133118,0.03093348683074576
-93.1397020328838,-1272.1784757301134,0.0,5.832396039686148,0.8253881335258484,0.0,0.0,-0.5645652413368225,0.7329195737838745,0.0,0.0,-0.6803149580955505,-0.3254989433805512
-94.7234372493277,-1272.9414045491728,0.0,5.832996950276871,0.8313384652137756,0.0,0.0,-0.5557659268379211,0.7397143840789795,0.0,0.0,-0.6729207038879395,0.030903137811012227
-96.29898737623562,-1273.7405496291435,0.0,5.834405634613872,0.8370745778083801,0.0,0.0,-0.5470883250236511,0.7464281916618347,0.0,0.0,-0.6654656529426575,-0.32557008905413704
-97.86628024487776,-1274.5751472206534,0.0,5.8366138172561195,0.8426012396812439,0.0,0.0,-0.5385373830795288,0.7530520558357239,0.0,0.0,-0.6579605340957642,0.03079161343514114
-99.42523599288081,-1275.4444495347361,0.0,5.839613222762589,0.8479240536689758,0.0,0.0,-0.5301172137260437,0.7595788240432739,0.0,0.0,-0.6504148244857788,-0.3257215741807264
-100.97576674175754,-1276.3477232849636,0.0,5.843395575692248,0.85304856300354,0.0,0.0,-0.5218311548233032,0.7660002708435059,0.0,0.0,-0.6428397297859192,0.030600585509400757
-102.51777627766583,-1277.2842482509666,0.0,5.847952600604069,0.8579808473587036,0.0,0.0,-0.5136812925338745,0.7723113298416138,0.0,0.0,-0.635243833065033,-0.32595172695405067
-104.05115973514698,-1278.2533158620615,0.0,5.853276022057023,0.8627270460128784,0.0,0.0,-0.5056694149971008,0.778506338596344,0.0,0.0,-0.6276363134384155,0.03033172584005961
-105.57580328357142,-1279.2542277997245,0.0,5.859357564610081,0.8672937750816345,0.0,0.0,-0.49779629707336426,0.7845810651779175,0.0,0.0,-0.6200258731842041,-0.32625887556784144
-107.09158381606197,-1280.2862946177222,0.0,5.866188952822214,0.8716873526573181,0.0,0.0,-0.49006199836730957,0.7905332446098328,0.0,0.0,-0.6124188899993896,0.02998670623338623
-108.59836864065618,-1281.3488343787424,0.0,5.873761911252393,0.8759140968322754,0.0,0.0,-0.48246675729751587,0.7963579893112183,0.0,0.0,-0.6048253178596497,-0.3266413482158303
-110.09601517349651,-1282.441171306406,0.0,5.882068164459588,0.8799805641174316,0.0,0.0,-0.4750094413757324,0.8020545840263367,0.0,0.0,-0.5972504615783691,0.029567198495649094
-111.58437063384261,-1283.5626344516106,0.0,5.891099437002773,0.8838931322097778,0.0,0.0,-0.4676888883113861,0.8076220154762268,0.0,0.0,-0.5897002220153809,-0.32709747309174875
-113.06327174070904,-1284.7125563721693,0.0,5.900847453440915,0.8876579403877258,0.0,0.0,-0.4605032205581665,0.813058078289032,0.0,0.0,-0.5821822285652161,0.029074874433116682
-114.53254441094896,-1285.8902718247673,0.0,5.911303938332986,0.8912814855575562,0.0,0.0,-0.4534503221511841,0.8183637857437134,0.0,0.0,-0.5747003555297852,-0.32762557838932804
-115.99200345861587,-1287.095116468302,0.0,5.922460616237958,0.8947696685791016,0.0,0.0,-0.4465278387069702,0.8235379457473755,0.0,0.0,-0.5672612190246582,0.028511405852057525
-117.44145229544438,-1288.3264255777008,0.0,5.934309211714798,0.8981285095214844,0.0,0.0,-0.43973278999328613,0.8285819888114929,0.0,0.0,-0.5598677396774292,-0.32822399230229987
-118.88068263229543,-1289.5835327673658,0.0,5.946841449322482,0.9013638496398926,0.0,0.0,-0.43306222558021545,0.8334965705871582,0.0,0.0,-0.5525245070457458,0.027878464558740157
-120.30947418143924,-1290.8657687234154,0.0,5.960049053619982,0.9044813513755798,0.0,0.0,-0.42651280760765076,0.8382833003997803,0.0,0.0,-0.5452347993850708,-0.3288910430243958
-121.7275943595428,-1292.1724599439556,0.0,5.973923749166262,0.9074864387512207,0.0,0.0,-0.4200810194015503,0.8429427146911621,0.0,0.0,-0.538003146648407,0.02717772235943311
-123.13479799124578,-1293.502927486626,0.0,5.988457260520299,0.9103842973709106,0.0,0.0,-0.41376322507858276,0.8474777340888977,0.0,0.0,-0.5308309197425842,-0.32962505874934717
-124.5308270132202,-1294.8564857227232,0.0,6.003641312241062,0.9131802320480347,0.0,0.0,-0.407555490732193,0.8518899083137512,0.0,0.0,-0.5237208008766174,0.02641085106040464
-125.91541017862315,-1296.2324410972333,0.0,6.019467628887521,0.9158790707588196,0.0,0.0,-0.40145382285118103,0.8561808466911316,0.0,0.0,-0.5166763067245483,-0.3304243676708855
-127.28826276184441,-1297.6300908941369,0.0,6.035927935018647,0.9184854030609131,0.0,0.0,-0.39545443654060364,0.8603527545928955,0.0,0.0,-0.5096992254257202,0.025579522467923554
-128.64908626348577,-1299.0487220063985,0.0,6.053013955193415,0.9210038781166077,0.0,0.0,-0.38955289125442505,0.8644093871116638,0.0,0.0,-0.5027888417243958,-0.3312872979827425
-129.99756811549628,-1300.4876097100735,0.0,6.070717413970789,0.9234386682510376,0.0,0.0,-0.3837454915046692,0.8683532476425171,0.0,0.0,-0.49594637751579285,0.024685408388258223
-131.33338138641008,-1301.9460164420134,0.0,6.0890300359097465,0.9257937073707581,0.0,0.0,-0.3780286908149719,0.872185468673706,0.0,0.0,-0.4891754984855652,-0.3322121778786495
-132.65618448664102,-1303.423190580678,0.0,6.107943545569254,0.9280728101730347,0.0,0.0,-0.37239840626716614,0.8759101629257202,0.0,0.0,-0.4824743866920471,0.023730180627677067
-133.96562087378902,-1304.9183652295947,0.0,6.1274496675082855,0.9302794933319092,0.0,0.0,-0.366851270198822,0.8795299530029297,0.0,0.0,-0.47584372758865356,-0.33319733555233794
-135.2613187579333,-1306.430757003049,0.0,6.147540126285807,0.9324170351028442,0.0,0.0,-0.36138400435447693,0.8830475211143494,0.0,0.0,-0.4692837595939636,0.02271551099244873
-136.54289080689531,-1307.95956481362,0.0,6.1682066464607965,0.9344881772994995,0.0,0.0,-0.35599416494369507,0.8864661455154419,0.0,0.0,-0.46279361844062805,-0.3342410991975394
-137.80993385144876,-1309.5039686611944,0.0,6.189440952592221,0.9364957809448242,0.0,0.0,-0.350678950548172,0.8897883296012878,0.0,0.0,-0.4563734531402588,0.02164307128884141
-139.06202859048688,-1311.0631284231492,0.0,6.2112347692390575,0.9384419918060303,0.0,0.0,-0.3454366624355316,0.8930171728134155,0.0,0.0,-0.45002251863479614,-0.33534179700798566
-140.29873929614263,-1312.6361826454138,0.0,6.233579820960265,0.9403290748596191,0.0,0.0,-0.3402663767337799,0.8961556553840637,0.0,0.0,-0.44373953342437744,0.020514533323123807
-141.51961351888187,-1314.2222473341408,0.0,6.2564678323148195,0.9421587586402893,0.0,0.0,-0.3351668119430542,0.8992071747779846,0.0,0.0,-0.4375227093696594,-0.3364977571774076
-142.72418179259287,-1315.8204147477854,0.0,6.279890527861694,0.9439325332641602,0.0,0.0,-0.33013829588890076,0.9021745324134827,0.0,0.0,-0.4313708245754242,0.019331568901564455
-143.91198109862802,-1317.4297802140456,0.0,6.303839632159859,0.9456514716148376,0.0,0.0,-0.3251817226409912,0.9050598740577698,0.0,0.0,-0.42528387904167175,-0.3377073078995371
-145.08299454206053,-1319.0499598868435,0.0,6.328306869768284,0.9473166465759277,0.0,0.0,-0.3202981650829315,0.9078661203384399,0.0,0.0,-0.4192599058151245,0.018095849830431887
-146.23762103929656,-1320.6810541314144,0.0,6.353283965245941,0.948928952217102,0.0,0.0,-0.3154895603656769,0.9105945825576782,0.0,0.0,-0.41330039501190186,-0.33896877736810566
-147.37627881793486,-1322.3231789749266,0.0,6.378762643151801,0.9504888653755188,0.0,0.0,-0.31075814366340637,0.9132475256919861,0.0,0.0,-0.4074048697948456,0.01680904791599447
-148.49939107712623,-1323.976448331188,0.0,6.404734628044834,0.9519973397254944,0.0,0.0,-0.30610600113868713,0.9158262610435486,0.0,0.0,-0.4015745520591736,-0.34028049377684466
-149.60738653108373,-1325.6409737406598,0.0,6.431190962718569,0.9534547328948975,0.0,0.0,-0.30153563618659973,0.9183327555656433,0.0,0.0,-0.39580872654914856,0.015472869397119005
-150.7006938841678,-1327.3168546924753,0.0,6.458085773703902,0.9548617601394653,0.0,0.0,-0.29705002903938293,0.9207682609558105,0.0,0.0,-0.3901095986366272,-0.34163881756398273
-151.77973395234923,-1329.0041640777717,0.0,6.485318150580929,0.9562188386917114,0.0,0.0,-0.29265210032463074,0.9231340885162354,0.0,0.0,-0.38447749614715576,0.014097496827572165
-152.84492085658948,-1330.7029466310885,0.0,6.51278269485597,0.9575265049934387,0.0,0.0,-0.28834497928619385,0.9254317879676819,0.0,0.0,-0.37891364097595215,-0.3430259157596918
-153.89666388830372,-1332.4132185406072,0.0,6.540374008035344,0.9587850570678711,0.0,0.0,-0.284131795167923,0.92766273021698,0.0,0.0,-0.3734186291694641,0.012703996161947229
-154.93536924895844,-1334.134967070684,0.0,6.567986691625369,0.9599952101707458,0.0,0.0,-0.2800160050392151,0.929827094078064,0.0,0.0,-0.36799609661102295,-0.34442049573898603
-155.96144165961422,-1335.8681501971269,0.0,6.5955153471323715,0.9611573219299316,0.0,0.0,-0.2760007083415985,0.9319269061088562,0.0,0.0,-0.36264559626579285,0.011313660025229932
-156.97528583598952,-1337.6126962557394,0.0,6.6228545760626645,0.9622718095779419,0.0,0.0,-0.27208948135375977,0.9339627027511597,0.0,0.0,-0.35736989974975586,-0.3458012648768796
-157.97730782443145,-1339.3685036046595,0.0,6.649898979922572,0.9633392095565796,0.0,0.0,-0.2682860195636749,0.9359351396560669,0.0,0.0,-0.35217174887657166,0.009947781042406345
-158.96791619405997,-1341.1354403010932,0.0,6.676543160218415,0.9643598794937134,0.0,0.0,-0.26459360122680664,0.9378453493118286,0.0,0.0,-0.34705284237861633,-0.3471469305483869
-159.9475230802702,-1342.9133437930452,0.0,6.7026817184565095,0.965334415435791,0.0,0.0,-0.26101553440093994,0.9396942853927612,0.0,0.0,-0.34201493859291077,0.008627651838462258
-160.91654507475707,-1344.7020206266861,0.0,6.72820925614319,0.9662633538246155,0.0,0.0,-0.25755545496940613,0.9414826035499573,0.0,0.0,-0.3370612561702728,-0.34843620012852233
-161.87540395725796,-1346.5012461700067,0.0,6.7530203747847555,0.9671471118927002,0.0,0.0,-0.2542164921760559,0.9432113766670227,0.0,0.0,-0.33219292759895325,0.007374565038383185
-162.82452726430196,-1348.3107643534195,0.0,6.777009675887534,0.9679862260818481,0.0,0.0,-0.25100237131118774,0.9448808431625366,0.0,0.0,-0.3274141848087311,-0.34964778099229904
-163.7643486903965,-1350.1302874279756,0.0,6.800071760957849,0.9687812924385071,0.0,0.0,-0.24791593849658966,0.9464921951293945,0.0,0.0,-0.3227265775203705,0.00620981326715514
-164.69530831728753,-1351.959495741848,0.0,6.82210123150202,0.9695327877998352,0.0,0.0,-0.24496053159236908,0.9480459094047546,0.0,0.0,-0.3181333839893341,-0.3507603805147319
-165.61785266719616,-1353.7980375357522,0.0,6.8429926890263655,0.970241129398346,0.0,0.0,-0.2421395629644394,0.949542760848999,0.0,0.0,-0.31363731622695923,0.005154689149763969
-166.53243457625155,-1355.6455287579138,0.0,6.862640735037206,0.9709069132804871,0.0,0.0,-0.23945580422878265,0.9509836435317993,0.0,0.0,-0.30924099683761597,-0.351752706070835
-167.43951288472036,-1357.5015528992137,0.0,6.8809399710408625,0.9715307950973511,0.0,0.0,-0.23691213130950928,0.952368974685669,0.0,0.0,-0.3049479126930237,0.004230485311195464
-168.33955196876485,-1359.3656609067536,0.0,6.897785211756172,0.9721131920814514,0.0,0.0,-0.2345110923051834,0.9536998271942139,0.0,0.0,-0.30075985193252563,-0.3526034758039314
-169.23303179115757,-1361.2373936760932,0.0,6.91315472135631,0.9726545214653015,0.0,0.0,-0.23225590586662292,0.9549768567085266,0.0,0.0,-0.2966803014278412,0.0034542474526026434
-170.12047334395203,-1363.1163391193065,0.0,6.927236598302054,0.9731553196907043,0.0,0.0,-0.23014883697032928,0.9562007784843445,0.0,0.0,-0.29271164536476135,-0.3533146817102821
-171.0024403476007,-1365.002141599143,0.0,6.940251401316876,0.9736160039901733,0.0,0.0,-0.22819235920906067,0.95737224817276,0.0,0.0,-0.28885701298713684,0.002796934169025711
-171.8795369774127,-1366.8945025811363,0.0,6.952419689124243,0.9740368723869324,0.0,0.0,-0.22638890147209167,0.9584921002388,0.0,0.0,-0.28511911630630493,-0.3539292417005531
-172.75240592673532,-1368.7931812496056,0.0,6.963962020447635,0.9744184613227844,0.0,0.0,-0.22474071383476257,0.9595611095428467,0.0,0.0,-0.2815004885196686,0.0022139881425917163
-173.62172681309875,-1370.6979950864422,0.0,6.975098954010524,0.9747611284255981,0.0,0.0,-0.2232501208782196,0.9605797529220581,0.0,0.0,-0.2780044674873352,-0.3544917130926181
-174.48821493266965,-1372.6088204118516,0.0,6.986051048536382,0.9750569462776184,0.0,0.0,-0.22191676497459412,0.9615493416786194,0.0,0.0,-0.2746318578720093,0.0016608520554271533
-175.3526203676706,-1374.5255928863305,0.0,6.997038862748682,0.9753170013427734,0.0,0.0,-0.22074541449546814,0.962470293045044,0.0,0.0,-0.27138641476631165,-0.35504665320435047
-176.2157274509742,-1376.4483079733159,0.0,7.008282955370898,0.9755411148071289,0.0,0.0,-0.21973742544651031,0.9633435010910034,0.0,0.0,-0.2682703137397766,0.0010929685896586827
-177.07835459189175,-1378.3770213620815,0.0,7.020003885126504,0.9757289886474609,0.0,0.0,-0.21889404952526093,0.9641695618629456,0.0,0.0,-0.26528605818748474,-0.35563861935362345
-177.941354467189,-1380.3118493504833,0.0,7.03242221073897,0.9758804440498352,0.0,0.0,-0.2182166576385498,0.964949369430542,0.0,0.0,-0.2624352276325226,0.0004657804274128541
-178.8056145816572,-1382.2529691872749,0.0,7.045758490931779,0.9759952425956726,0.0,0.0,-0.21770581603050232,0.9656839370727539,0.0,0.0,-0.25971949100494385,-0.35631216885831074
-179.67205820307834,-1384.2006193737054,0.0,7.06023328442839,0.9760730862617493,0.0,0.0,-0.21736234426498413,0.9663735628128052,0.0,0.0,-0.2571415901184082,-0.00026526974918367197
-180.54164567718843,-1386.1550999241101,0.0,7.076067149952285,0.9761137962341309,0.0,0.0,-0.21718674898147583,0.9670188426971436,0.0,0.0,-0.2547043561935425,-0.3571118590362853
-181.41537612926948,-1388.1167725852051,0.0,7.093480646226935,0.9761171340942383,0.0,0.0,-0.21717871725559235,0.9676205515861511,0.0,0.0,-0.252408504486084,-0.0011447392580043458
-182.29428956026092,-1390.0860610137054,0.0,7.112694331975814,0.976082980632782,0.0,0.0,-0.2173381745815277,0.9681793451309204,0.0,0.0,-0.25025635957717896,-0.3580822472054206
-183.17946934680936,-1392.0634509118206,0.0,7.133928765922392,0.9760109782218933,0.0,0.0,-0.21766476333141327,0.9686959981918335,0.0,0.0,-0.2482493817806244,-0.002217185416922396
-184.07204515646856,-1394.049490120057,0.0,7.157404506790151,0.9759009480476379,0.0,0.0,-0.21815773844718933,0.9691710472106934,0.0,0.0,-0.24638837575912476,-0.3592678906835903
-184.97319629131098,-1396.0447886666,0.0,7.183342113302555,0.975752592086792,0.0,0.0,-0.21881651878356934,0.9696045517921448,0.0,0.0,-0.244676873087883,-0.003527165543811439
-185.88415547555067,-1398.050018772388,0.0,7.21196214418308,0.9755655527114868,0.0,0.0,-0.21964016556739807,0.9699971675872803,0.0,0.0,-0.24311569333076477,-0.3607133467886674
-186.80621310538493,-1400.0659148107497,0.0,7.2434851581552016,0.9753394722938538,0.0,0.0,-0.2206275761127472,0.9703494906425476,0.0,0.0,-0.24170567095279694,-0.005119236956544815
-187.74072198217834,-1402.09327322026,0.0,7.278131713942391,0.975074052810669,0.0,0.0,-0.22177773714065552,0.9706616997718811,0.0,0.0,-0.24044902622699738,-0.3624631728385254
-188.6890409696254,-1404.1328205341297,0.0,7.315649685531039,0.9747785925865173,0.0,0.0,-0.22309209406375885,0.9709339141845703,0.0,0.0,-0.23934733867645264,-0.0070140840064765175
-189.6522641762959,-1406.1846335986547,0.0,7.353712328512723,0.9744431972503662,0.0,0.0,-0.22456762194633484,0.9711664915084839,0.0,0.0,-0.23840218782424927,-0.3643855285446711
-190.6311311187427,-1408.2479778334014,0.0,7.3894238896142355,0.9740676283836365,0.0,0.0,-0.22620345652103424,0.9713596701622009,0.0,0.0,-0.23761363327503204,-0.008817698203522573
-191.62600346712452,-1410.321304330391,0.0,7.419888600209727,0.9736512899398804,0.0,0.0,-0.22799913585186005,0.9715096354484558,0.0,0.0,-0.23698283731937408,-0.3659241502919181
-192.63682772112273,-1412.4022290774683,0.0,7.44221069167335,0.9731934070587158,0.0,0.0,-0.2299536168575287,0.9716218709945679,0.0,0.0,-0.23651349544525146,-0.009945076560271271
-193.6628982688548,-1414.4870861075465,0.0,7.453494395379251,0.9726933836936951,0.0,0.0,-0.2320660948753357,0.9716963768005371,0.0,0.0,-0.23620440065860748,-0.3664940343174687
-194.7028956711401,-1416.5710804749433,0.0,7.451472147455704,0.972150444984436,0.0,0.0,-0.23433558642864227,0.9717325568199158,0.0,0.0,-0.23605599999427795,-0.009842942826758794
-195.75545412201,-1418.6495280449979,0.0,7.436608301219449,0.9715636968612671,0.0,0.0,-0.2367604523897171,0.971729576587677,0.0,0.0,-0.23606956005096436,-0.3657433350126073
-196.81927576108865,-1420.7181039729328,0.0,7.410109656875905,0.9709325432777405,0.0,0.0,-0.2393389344215393,0.971686840057373,0.0,0.0,-0.23624539375305176,-0.00850462745587277
-197.89313601718527,-1422.772857970144,0.0,7.3731830294062295,0.9702562093734741,0.0,0.0,-0.24206878244876862,0.9716041684150696,0.0,0.0,-0.2365817427635193,-0.36387835382727013
-198.97589044540072,-1424.8102265579712,0.0,7.327035233791624,0.9695338606834412,0.0,0.0,-0.24494777619838715,0.9714807271957397,0.0,0.0,-0.23707892000675201,-0.006173930707660313
-200.06648296797067,-1426.827042267349,0.0,7.272873085013247,0.9687649607658386,0.0,0.0,-0.24797320365905762,0.9713204503059387,0.0,0.0,-0.23773835599422455,-0.36114289176775616
-201.1639554124401,-1428.8205398020125,0.0,7.211903398052273,0.9679487347602844,0.0,0.0,-0.2511421740055084,0.9711206555366516,0.0,0.0,-0.23855632543563843,-0.0030946535884192605
-202.26745352490568,-1430.788350923825,0.0,7.14530274316271,0.9670842289924622,0.0,0.0,-0.2544517517089844,0.9708809852600098,0.0,0.0,-0.23953260481357574,-0.3577792223288893
-203.37620022773103,-1432.7284388346877,0.0,7.074005960325596,0.9661709070205688,0.0,0.0,-0.2578989267349243,0.9706015586853027,0.0,0.0,-0.24066516757011414,0.0005061940296168244
-204.48948655414807,-1434.639066093293,0.0,6.998831988569063,0.9652079939842224,0.0,0.0,-0.261480450630188,0.9702820777893066,0.0,0.0,-0.24195265769958496,-0.3539825570886604
-205.60668035218154,-1436.5187926561914,0.0,6.92059903726643,0.9641948342323303,0.0,0.0,-0.2651928663253784,0.9699220061302185,0.0,0.0,-0.24339450895786285,0.00445735318631546
-206.72723565248216,-1438.3664723797708,0.0,6.840125315791003,0.9631305932998657,0.0,0.0,-0.2690325677394867,0.9695215821266174,0.0,0.0,-0.24498681724071503,-0.34991822772121456
-207.85070251089002,-1440.1812479118225,0.0,6.758229033516101,0.9620146751403809,0.0,0.0,-0.2729964852333069,0.9690803289413452,0.0,0.0,-0.2467283010482788,0.008593529058785243
-208.97673725088535,-1441.962544107695,0.0,6.675728399815037,0.9608464241027832,0.0,0.0,-0.2770806849002838,0.9685977697372437,0.0,0.0,-0.24861761927604675,-0.3457515290494437
-210.10510915718334,-1443.7100541612526,0.0,6.593419115831207,0.9596247673034668,0.0,0.0,-0.2812821865081787,0.9680739641189575,0.0,0.0,-0.25065094232559204,0.012750563603423193
-211.23564708693283,-1445.4236348028207,0.0,6.511731158077095,0.958349347114563,0.0,0.0,-0.2855975925922394,0.9675080180168152,0.0,0.0,-0.2528279721736908,-0.3416258746174179
-212.36819296458128,-1447.1032227167286,0.0,6.430797393797797,0.9570189714431763,0.0,0.0,-0.29002445936203003,0.9668999314308167,0.0,0.0,-0.25514471530914307,0.01683812745591301
-213.50260276495413,-1448.7488286621792,0.0,6.3507420910723855,0.9556328654289246,0.0,0.0,-0.29455968737602234,0.9662495851516724,0.0,0.0,-0.2575978934764862,-0.33758267751007387
-214.63874893198178,-1450.3605338218933,0.0,6.271689517979936,0.9541898369789124,0.0,0.0,-0.29920142889022827,0.9655558466911316,0.0,0.0,-0.2601873576641083,0.020830681652501404
-215.77652278790282,-1451.9384860907849,0.0,6.193763942599523,0.9526880979537964,0.0,0.0,-0.303949236869812,0.9648186564445496,0.0,0.0,-0.26290830969810486,-0.33364704238985105
-216.91583692837668,-1453.4828963177583,0.0,6.11708963301022,0.951125979423523,0.0,0.0,-0.30880239605903625,0.964037299156189,0.0,0.0,-0.26575973629951477,0.02470312153074905
-218.05662759956522,-1454.9940345125242,0.0,6.041790857291105,0.949501633644104,0.0,0.0,-0.3137613534927368,0.9632112979888916,0.0,0.0,-0.26873865723609924,-0.32984407391918874
-219.19885705392707,-1456.4722260281508,0.0,5.967991883521247,0.9478122591972351,0.0,0.0,-0.3188280761241913,0.9623402953147888,0.0,0.0,-0.2718416154384613,0.02843034242821668
-220.34251588213752,-1457.9178477287874,0.0,5.8958169797797,0.946054995059967,0.0,0.0,-0.32400521636009216,0.9614229202270508,0.0,0.0,-0.27506861090660095,-0.3261988767605247
-221.4876253192465,-1459.331324150718,0.0,5.8253904141455894,0.9442263245582581,0.0,0.0,-0.32929661870002747,0.9604599475860596,0.0,0.0,-0.2784130871295929,0.03198723968246464
-222.63423952390497,-1460.7131236635678,0.0,5.756836454697963,0.9423217177391052,0.0,0.0,-0.3347080945968628,0.9594497084617615,0.0,0.0,-0.28187525272369385,-0.3227365555763011
-223.78244783021185,-1462.0637546371313,0.0,5.6902793695158955,0.9403361678123474,0.0,0.0,-0.340246319770813,0.9583919644355774,0.0,0.0,-0.2854515314102173,0.03534870863105388
-224.9323769724736,-1463.3837616179167,0.0,5.625843426678462,0.9382637143135071,0.0,0.0,-0.34592050313949585,0.9572857618331909,0.0,0.0,-0.2891397476196289,-0.31948221502895596
-226.0841932839191,-1464.6737215180556,0.0,5.563652894264736,0.936097264289856,0.0,0.0,-0.3517407178878784,0.9561309218406677,0.0,0.0,-0.2929364740848541,0.03848964461154508
-227.23810487117046,-1465.9342398178314,0.0,5.503832040353796,0.933829128742218,0.0,0.0,-0.3577190637588501,0.9549264907836914,0.0,0.0,-0.29683950543403625,-0.3164609597809287
-228.39436376704995,-1467.1659467815937,0.0,5.44650513302471,0.9314497709274292,0.0,0.0,-0.36386966705322266,0.9536717534065247,0.0,0.0,-0.30084654688835144,0.041384942961498916
-229.55326806506642,-1468.3694936853456,0.0,5.3917964403565595,0.9289484024047852,0.0,0.0,-0.3702086806297302,0.9523656964302063,0.0,0.0,-0.3049560487270355,-0.31369789449465846
-230.71516403973357,-1469.545549052804,0.0,5.339830230428413,0.9263128638267517,0.0,0.0,-0.3767545819282532,0.9510074257850647,0.0,0.0,-0.30916628241539,0.04400949901847595
-231.8804416177508,-1470.6947872065903,0.0,5.290700805758545,0.9235292673110962,0.0,0.0,-0.3835275173187256,0.9495933055877686,0.0,0.0,-0.31348270177841187,-0.31121661042042265
-233.04950568565968,-1471.817419715276,0.0,5.2443669118500935,0.9205818176269531,0.0,0.0,-0.3905492126941681,0.9481167793273926,0.0,0.0,-0.3179205656051636,0.04634959467041794
-234.22276728383986,-1472.9125735687587,0.0,5.200748980724437,0.9174545407295227,0.0,0.0,-0.3978401720523834,0.9465706944465637,0.0,0.0,-0.3224945068359375,-0.30901368460599554
-235.40064296443904,-1473.9792503379456,0.0,5.159767442065512,0.9141311049461365,0.0,0.0,-0.4054183065891266,0.9449479579925537,0.0,0.0,-0.3272189497947693,0.04841936935016161
-236.5835541320773,-1475.0164860554685,0.0,5.121342725557247,0.9105955958366394,0.0,0.0,-0.41329821944236755,0.9432410597801208,0.0,0.0,-0.33210718631744385,-0.30707304235810334
-237.7719263686435,-1476.0233420823088,0.0,5.0853952608835815,0.9068313241004944,0.0,0.0,-0.42149364948272705,0.9414419531822205,0.0,0.0,-0.3371734321117401,0.05023489786903357
-238.96618874364634,-1476.9988967789382,0.0,5.051845477728445,0.9028221964836121,0.0,0.0,-0.430014044046402,0.9395421743392944,0.0,0.0,-0.3424317240715027,-0.3053786088654197
-240.16677311127876,-1477.942237927245,0.0,5.020613805775774,0.8985533118247986,0.0,0.0,-0.43886440992355347,0.9375339150428772,0.0,0.0,-0.3478924334049225,0.0518122550383604
-241.37411339503944,-1478.8524558544507,0.0,4.9916206747095035,0.894010066986084,0.0,0.0,-0.4480467736721039,0.9354078769683838,0.0,0.0,-0.3535691499710083,-0.30391430931661817
-242.58864486050084,-1479.7286372148697,0.0,4.964786514213564,0.8891792893409729,0.0,0.0,-0.4575587809085846,0.9331542253494263,0.0,0.0,-0.35947486758232117,0.05316751566946848
-243.81080337654714,-1480.5698593896695,0.0,4.940031753971886,0.884049654006958,0.0,0.0,-0.46739277243614197,0.9307637810707092,0.0,0.0,-0.3656198978424072,-0.3026640689003718
-245.04102466521502,-1481.3751854688605,0.0,4.917276823668416,0.87861168384552,0.0,0.0,-0.47753673791885376,0.9282252788543701,0.0,0.0,-0.37201735377311707,0.054316754573684095
-246.27974354002993,-1482.1436597834922,0.0,4.896442152987082,0.8728586435317993,0.0,0.0,-0.48797282576560974,0.9255272746086121,0.0,0.0,-0.3786799907684326,-0.3016118128053549
-247.52739313258243,-1482.8743039595545,0.0,4.877448171611817,0.8667871952056885,0.0,0.0,-0.49867796897888184,0.9226592183113098,0.0,0.0,-0.38561564683914185,0.055276046562333786
-248.7844041069119,-1483.566113468365,0.0,4.8602153092265565,0.8603967428207397,0.0,0.0,-0.5096246600151062,0.9196099042892456,0.0,0.0,-0.3928323984146118,-0.30074146622024067
-250.05120386112173,-1484.218054651257,0.0,4.844663995515232,0.8536914587020874,0.0,0.0,-0.520779013633728,0.9163675308227539,0.0,0.0,-0.4003375470638275,0.05606146644674412
-251.32821571553927,-1484.8290621992112,0.0,4.830714660161777,0.8466793298721313,0.0,0.0,-0.5321032404899597,0.9129173755645752,0.0,0.0,-0.4081438481807709,-0.30003695433370253
-252.6158580866002,-1485.3980370707004,0.0,4.818287732850131,0.8393732309341431,0.0,0.0,-0.5435552597045898,0.9092478156089783,0.0,0.0,-0.4162547290325165,0.05668908903824141
-253.91454364557075,-1485.9238448334204,0.0,4.807303643264224,0.8317903876304626,0.0,0.0,-0.5550896525382996,0.9053462743759155,0.0,0.0,-0.42467355728149414,-0.29948220233441436
-255.2246784611346,-1486.405314417833,0.0,4.79768282108799,0.8239529728889465,0.0,0.0,-0.566658079624176,0.9011997580528259,0.0,0.0,-0.433403342962265,0.05717498914815225
-256.54666112478634,-1486.841237272472,0.0,4.789345696005361,0.8158888816833496,0.0,0.0,-0.5782086253166199,0.8967965841293335,0.0,0.0,-0.44244253635406494,-0.2990611354110493
-257.88088185797693,-1487.230366912858,0.0,4.782212697700276,0.8076294660568237,0.0,0.0,-0.5896902084350586,0.8921290040016174,0.0,0.0,-0.4517803490161896,0.05753524158780304
-259.22762975663045,-1487.5717205160215,0.0,4.7762042558566655,0.799210786819458,0.0,0.0,-0.6010506749153137,0.8872056007385254,0.0,0.0,-0.46137383580207825,-0.2987576787522811
-260.5866520455492,-1487.866023801131,0.0,4.771240800158464,0.7906690239906311,0.0,0.0,-0.61224365234375,0.8820374608039856,0.0,0.0,-0.47117891907691956,0.05778592116852033
-261.9574967976464,-1488.1145831012557,0.0,4.767242929731263,0.7820377349853516,0.0,0.0,-0.6232309341430664,0.8766377568244934,0.0,0.0,-0.4811505675315857,-0.2985557661044427
-263.3397049758353,-1488.318660271707,0.0,4.76413908698583,0.7733498215675354,0.0,0.0,-0.6339793801307678,0.8710219264030457,0.0,0.0,-0.4912436902523041,0.057942680903138144
-264.7328116520582,-1488.4794777132827,0.0,4.761868695960376,0.7646350860595703,0.0,0.0,-0.6444635391235352,0.8652010560035706,0.0,0.0,-0.5014246702194214,-0.29844109989103595
-266.13634427628415,-1488.5982231662397,0.0,4.760372000176658,0.7559221982955933,0.0,0.0,-0.6546614170074463,0.8591889142990112,0.0,0.0,-0.5116580724716187,0.05801827159928555
-267.54982085007117,-1488.6760542188085,0.0,4.759589243156436,0.7472374439239502,0.0,0.0,-0.6645569801330566,0.8530012369155884,0.0,0.0,-0.5219085812568665,-0.2984015667081965
-268.9727482345321,-1488.7141025904823,0.0,4.75946066842147,0.738604724407196,0.0,0.0,-0.6741385459899902,0.8466541767120361,0.0,0.0,-0.5321433544158936,0.05802476527276876
-270.4046205906962,-1488.7134781949085,0.0,4.759926519493515,0.7300456762313843,0.0,0.0,-0.6833982467651367,0.8401607275009155,0.0,0.0,-0.5423373579978943,-0.298425094540118
-271.84491795067845,-1488.6752729864452,0.0,4.760927039894334,0.7215802669525146,0.0,0.0,-0.6923305988311768,0.833538830280304,0.0,0.0,-0.5524606108665466,0.057974233939394076
-273.29310491843466,-1488.6005645937023,0.0,4.762402473145682,0.7132259607315063,0.0,0.0,-0.7009340524673462,0.8268020153045654,0.0,0.0,-0.562492847442627,-0.2984996113709942
-274.7486294992049,-1488.4904197427254,0.0,4.764293062769323,0.704998254776001,0.0,0.0,-0.7092089056968689,0.819965660572052,0.0,0.0,-0.5724124312400818,0.05787874961496775
-276.210922057062,-1488.3458974718399,0.0,4.766539052287011,0.6969110369682312,0.0,0.0,-0.7171573638916016,0.8130466938018799,0.0,0.0,-0.5821983218193054,-0.2986130451850188
-277.67939440022457,-1488.1680521396236,0.0,4.769080685220507,0.6889761686325073,0.0,0.0,-0.7247837781906128,0.8060577511787415,0.0,0.0,-0.5918368697166443,0.05775038431529625
-279.15343899406423,-1487.9579362269642,0.0,4.771858205091571,0.6812039017677307,0.0,0.0,-0.7320935130119324,0.7990124225616455,0.0,0.0,-0.6013144254684448,-0.29875332396638565
-280.6324283018874,-1487.7166029336904,0.0,4.774811855421957,0.6736030578613281,0.0,0.0,-0.7390931248664856,0.791927695274353,0.0,0.0,-0.6106148362159729,0.05760121005618582
-282.11571425377775,-1487.4451085698786,0.0,4.777881879733429,0.6661804914474487,0.0,0.0,-0.7457903623580933,0.7848148345947266,0.0,0.0,-0.6197302341461182,-0.2989083756992883
-283.6026278438854,-1487.1445147415798,0.0,4.7810085215477445,0.6589422821998596,0.0,0.0,-0.7521933913230896,0.7776884436607361,0.0,0.0,-0.6286499500274658,0.057443298853442626
-285.0924825424117,-1486.8158894843623,0.0,4.784143853860441,0.6518931984901428,0.0,0.0,-0.7583106756210327,0.7705612182617188,0.0,0.0,-0.6373659372329712,-0.2990667258160912
-286.5846032818438,-1486.4603015213493,0.0,4.787333350167636,0.6450368165969849,0.0,0.0,-0.764151394367218,0.763441801071167,0.0,0.0,-0.6458765864372253,0.05728221318136212
-288.07834027014474,-1486.0788154552679,0.0,4.790666803583282,0.6383763551712036,0.0,0.0,-0.7697242498397827,0.7563455104827881,0.0,0.0,-0.6541723012924194,-0.29923508204920457
-289.5730689466367,-1485.672489631197,0.0,4.794234274680308,0.6319133043289185,0.0,0.0,-0.7750389575958252,0.7492799162864685,0.0,0.0,-0.6622534394264221,0.05710203787343143
-291.0681896570212,-1485.2423743304992,0.0,4.798125824031645,0.6256473660469055,0.0,0.0,-0.7801058888435364,0.7422544956207275,0.0,0.0,-0.6701180338859558,-0.2994316249457367
-292.5631271295317,-1484.7895102809337,0.0,4.802431512210224,0.6195788979530334,0.0,0.0,-0.7849342823028564,0.735281765460968,0.0,0.0,-0.677761435508728,0.056884578874513314
-294.05732975087943,-1484.3149274840266,0.0,4.807241399788977,0.613706648349762,0.0,0.0,-0.7895340323448181,0.7283701300621033,0.0,0.0,-0.6851838231086731,-0.2996745485608253
-295.5502686403647,-1483.8196443609368,0.0,4.812645547340833,0.6080283522605896,0.0,0.0,-0.7939152121543884,0.7215262651443481,0.0,0.0,-0.692387044429779,0.05661164212947015
-297.04143652012925,-1483.304667218362,0.0,4.818734015438727,0.6025408506393433,0.0,0.0,-0.7980879545211792,0.7147576212882996,0.0,0.0,-0.6993722319602966,-0.29998204694960784
-298.53034637909536,-1482.7709900364728,0.0,4.825596864655587,0.5972402691841125,0.0,0.0,-0.8020622730255127,0.7080725431442261,0.0,0.0,-0.7061396837234497,0.056265033583164065
-300.0165299275847,-1482.2195945814028,0.0,4.833324155564348,0.5921223759651184,0.0,0.0,-0.8058479428291321,0.7014762163162231,0.0,0.0,-0.7126927971839905,-0.30037231416722204
-301.49953583899696,-1481.6514508455473,0.0,4.842005948737936,0.5871816873550415,0.0,0.0,-0.8094549775123596,0.6949735879898071,0.0,0.0,-0.7190351486206055,0.05582655918045765
-302.97892777423317,-1481.06751781972,0.0,4.851732304749284,0.5824124813079834,0.0,0.0,-0.8128932118415833,0.6885730624198914,0.0,0.0,-0.7251668572425842,-0.3008635442688053
-304.4542821837476,-1480.468744602211,0.0,4.862593284171324,0.5778079628944397,0.0,0.0,-0.8161725997924805,0.6822786927223206,0.0,0.0,-0.7310919761657715,0.055278024866213166
-305.92518588126796,-1479.8560718508768,0.0,4.874678947576986,0.5733612775802612,0.0,0.0,-0.8193024396896362,0.6760943531990051,0.0,0.0,-0.7368148565292358,-0.3014739313094953
-307.39123338224397,-1479.2304335856375,0.0,4.888079355539202,0.5690649747848511,0.0,0.0,-0.8222923874855042,0.6700245141983032,0.0,0.0,-0.7423387169837952,0.0546012365852932
-308.8520239990458,-1478.5927593501672,0.0,4.902884568630902,0.5649102926254272,0.0,0.0,-0.8251522183418274,0.6640735864639282,0.0,0.0,-0.7476669549942017,-0.3022216693444296
-310.3071586837956,-1477.943976743074,0.0,4.919184647425018,0.5608888268470764,0.0,0.0,-0.8278911113739014,0.6582443714141846,0.0,0.0,-0.7528041005134583,0.05377800028256005
-311.75623660847367,-1477.2850143305993,0.0,4.937069652494482,0.5569912791252136,0.0,0.0,-0.830518364906311,0.6525405049324036,0.0,0.0,-0.7577537298202515,-0.303124952428746
-313.19885147062,-1476.6168049546784,0.0,4.956629644412224,0.5532078742980957,0.0,0.0,-0.8330432772636414,0.6469641327857971,0.0,0.0,-0.762520432472229,0.052790121902876075
-314.63458751149426,-1475.9402894522705,0.0,4.977954683751175,0.5495287775993347,0.0,0.0,-0.8354747891426086,0.641514241695404,0.0,0.0,-0.7671113014221191,-0.30420197461758186
-316.0631876866216,-1475.2562307017247,0.0,5.001134831084267,0.5459429621696472,0.0,0.0,-0.8378223180770874,0.6361885666847229,0.0,0.0,-0.771533727645874,0.051619407391103767
-317.4852135780154,-1474.5644857049583,0.0,5.026260146984431,0.5424418449401855,0.0,0.0,-0.8400932550430298,0.6309799551963806,0.0,0.0,-0.7757993340492249,-0.305470929966075
-318.90147688574433,-1473.8646260863727,0.0,5.053386207275695,0.5390165448188782,0.0,0.0,-0.8422950506210327,0.6258831024169922,0.0,0.0,-0.7799170613288879,0.050249404346090376
-320.3127580046006,-1473.1562253366885,0.0,5.08242696446908,0.5356600284576416,0.0,0.0,-0.8444336652755737,0.6208939552307129,0.0,0.0,-0.7838946580886841,-0.3069376348748317
-321.71979884566264,-1472.4388638911482,0.0,5.113260019699084,0.5323662757873535,0.0,0.0,-0.846514105796814,0.6160052418708801,0.0,0.0,-0.787742018699646,0.04869217933447395
-323.12330603629493,-1471.7121292262334,0.0,5.14576297407619,0.529130220413208,0.0,0.0,-0.8485406041145325,0.6112124919891357,0.0,0.0,-0.7914665341377258,-0.3085791982272108
-324.5239540215937,-1470.9756159821018,0.0,5.1798134287108795,0.5259475708007812,0.0,0.0,-0.8505169749259949,0.6065146327018738,0.0,0.0,-0.7950721979141235,0.046972459403429034
-325.92238806745536,-1470.2289261126643,0.0,5.215288984713635,0.5228143930435181,0.0,0.0,-0.852446436882019,0.6019062399864197,0.0,0.0,-0.7985666990280151,-0.31037089297482473
-327.3192271641985,-1469.4716690652924,0.0,5.2520672431949365,0.5197281241416931,0.0,0.0,-0.8543315529823303,0.5973808169364929,0.0,0.0,-0.8019576668739319,0.04511497160134309
-328.7150668284324,-1468.7034619922524,0.0,5.290025805265283,0.516686737537384,0.0,0.0,-0.8561744689941406,0.5929375290870667,0.0,0.0,-0.8052483201026917,-0.31228799206928665
-330.1104817997293,-1467.923929996026,0.0,5.329042272035129,0.5136887431144714,0.0,0.0,-0.8579765558242798,0.5885717868804932,0.0,0.0,-0.8084447979927063,0.043144442976603414
-331.50602862756114,-1467.1327064107365,0.0,5.368994244614968,0.5107330679893494,0.0,0.0,-0.8597393035888672,0.5842814445495605,0.0,0.0,-0.8115509748458862,-0.3143057684622078
-332.9022481429468,-1466.3294331219665,0.0,5.409759324115282,0.5078192353248596,0.0,0.0,-0.8614636063575745,0.5800607800483704,0.0,0.0,-0.8145730495452881,0.04108560057759758
-334.2996678082908,-1465.5137609272635,0.0,5.4512151116465555,0.5049475431442261,0.0,0.0,-0.8631499409675598,0.5759100317955017,0.0,0.0,-0.817513108253479,-0.3163994951052014
-335.6988039380332,-1464.685349939685,0.0,5.4932392083192685,0.5021184086799622,0.0,0.0,-0.8647986650466919,0.5718291401863098,0.0,0.0,-0.8203728199005127,0.03896317145271305
-337.10016378190966,-1463.8438700367103,0.0,5.535709215243904,0.4993322193622589,0.0,0.0,-0.8664104342460632,0.5678126215934753,0.0,0.0,-0.8231579065322876,-0.3185444449498799
-338.50424746188224,-1462.9890013568715,0.0,5.578502733530944,0.4965893030166626,0.0,0.0,-0.8679854273796082,0.5638571381568909,0.0,0.0,-0.8258723020553589,0.03680188265033729
-339.91154975317085,-1462.120434846416,0.0,5.621497364290872,0.4938899874687195,0.0,0.0,-0.8695241808891296,0.5599647164344788,0.0,0.0,-0.8285164833068848,-0.320715890947856
-341.3225616992296,-1461.2378728582905,0.0,5.664570708634165,0.491234689950943,0.0,0.0,-0.8710271120071411,0.5561345219612122,0.0,0.0,-0.8310924172401428,0.03462646121885776
-342.7377720500344,-1460.3410298056735,0.0,5.707600367671311,0.48862266540527344,0.0,0.0,-0.8724951148033142,0.5523646473884583,0.0,0.0,-0.8336027264595032,-0.32288910605074217
-344.1576685126555,-1459.4296328722305,0.0,5.75046394251279,0.4860536456108093,0.0,0.0,-0.8739287853240967,0.5486533045768738,0.0,0.0,-0.8360500931739807,0.03246163420666187
-345.5827388027973,-1458.5034227811573,0.0,5.793039034269084,0.4835260510444641,0.0,0.0,-0.8753297328948975,0.5450016260147095,0.0,0.0,-0.8384350538253784,-0.3250393632101509
-347.0134714857742,-1457.562154624998,0.0,5.835203244050674,0.48103809356689453,0.0,0.0,-0.8766995072364807,0.5414107441902161,0.0,0.0,-0.840758204460144,0.030332128662137137
-348.45035659529833,-1456.6055987580799,0.0,5.876834172968042,0.4785865843296051,0.0,0.0,-0.8780401349067688,0.5378788113594055,0.0,0.0,-0.8430220484733582,-0.3271419353776948
-349.8938860184586,-1455.6335417532794,0.0,5.917809422131673,0.4761682152748108,0.0,0.0,-0.8793540000915527,0.5344073176383972,0.0,0.0,-0.8452268838882446,0.02826267163367091
-351.34455363537836,-1454.645787424661,0.0,5.958006592652047,0.47377872467041016,0.0,0.0,-0.8806436657905579,0.5309987664222717,0.0,0.0,-0.8473724126815796,-0.3291720955049864
-352.8028552022655,-1453.6421579173455,0.0,5.997303285639645,0.4714125394821167,0.0,0.0,-0.8819125890731812,0.5276499390602112,0.0,0.0,-0.8494616746902466,0.026277990169650822
-354.2692879669045,-1452.6224948657741,0.0,6.035577102204951,0.46906352043151855,0.0,0.0,-0.8831642270088196,0.5243645906448364,0.0,0.0,-0.8514935970306396,-0.3311051165436382
-355.74435000610123,-1451.5866606212803,0.0,6.072705643458447,0.4667239785194397,0.0,0.0,-0.884402871131897,0.5211414098739624,0.0,0.0,-0.8534700870513916,0.024402811318464113
-357.22853927514717,-1450.5345395496602,0.0,6.108566510510613,0.46438536047935486,0.0,0.0,-0.8856331706047058,0.5179848074913025,0.0,0.0,-0.8553895354270935,-0.3329162714452627
-358.7223523600983,-1449.4660393991376,0.0,6.143037304471948,0.4620378613471985,0.0,0.0,-0.8868601322174072,0.5148940682411194,0.0,0.0,-0.8572536110877991,0.02266186212849769
-360.2262829244587,-1448.3810927388236,0.0,6.175995626452902,0.4596707224845886,0.0,0.0,-0.8880893588066101,0.5118674039840698,0.0,0.0,-0.8590642213821411,-0.3345808331614726
-361.74078009570667,-1447.2796584674759,0.0,6.207319077563976,0.45727160573005676,0.0,0.0,-0.8893271088600159,0.50890052318573,0.0,0.0,-0.8608250617980957,0.021079869648140515
-363.26544731567327,-1446.1617233919765,0.0,6.23688525891565,0.4548277258872986,0.0,0.0,-0.8905794024467468,0.5059838891029358,0.0,0.0,-0.8625427484512329,-0.3360740746438804
-364.79905899172195,-1445.0273013738308,0.0,6.264585511015157,0.45232778787612915,0.0,0.0,-0.8918517827987671,0.5031078457832336,0.0,0.0,-0.8642234206199646,0.019680867016852288
-366.340356104346,-1443.8763982454743,0.0,6.2905105615782615,0.4497612714767456,0.0,0.0,-0.8931488394737244,0.5002641677856445,0.0,0.0,-0.8658726811408997,-0.337383420631916
-367.88811616740537,-1442.708983589282,0.0,6.314901519074459,0.4471171200275421,0.0,0.0,-0.8944754600524902,0.49744272232055664,0.0,0.0,-0.86749666929245,0.01844900047664033
-369.4411561824218,-1441.5249882508929,0.0,6.338003184955796,0.4443863034248352,0.0,0.0,-0.895835280418396,0.4946362376213074,0.0,0.0,-0.8690999746322632,-0.33855017143400373
-370.99833423411354,-1440.3243023878936,0.0,6.360060360674311,0.44155988097190857,0.0,0.0,-0.8972318172454834,0.4918360114097595,0.0,0.0,-0.8706876039505005,0.017335001702977915
-372.5585506135064,-1439.1067733955565,0.0,6.381317847682045,0.43862900137901306,0.0,0.0,-0.8986682891845703,0.4890362322330475,0.0,0.0,-0.8722632527351379,-0.3396237818889397
-374.1207484545659,-1437.8722037096134,0.0,6.402020447431035,0.4355853497982025,0.0,0.0,-0.9001474976539612,0.4862282872200012,0.0,0.0,-0.873831570148468,0.016289415857069278
-375.6839138715059,-1436.620348485625,0.0,6.422412961373325,0.4324210286140442,0.0,0.0,-0.9016718864440918,0.4834033250808716,0.0,0.0,-0.8753974437713623,-0.34065370683552
-377.24707558474734,-1435.35091315404,0.0,6.442740190960954,0.42912837862968445,0.0,0.0,-0.9032434225082397,0.4805552363395691,0.0,0.0,-0.8769640922546387,0.015262788100118274
-378.80930402391243,-1434.0635508494727,0.0,6.463246937645968,0.425700843334198,0.0,0.0,-0.9048638939857483,0.47767746448516846,0.0,0.0,-0.8785349130630493,-0.34168940111254087
-380.3697098962416,-1432.757859712089,0.0,6.484178002880398,0.42213135957717896,0.0,0.0,-0.9065344929695129,0.47476255893707275,0.0,0.0,-0.8801136016845703,0.014205663593328866
-381.9274422084164,-1431.4333800582688,0.0,6.505778188116292,0.4184141159057617,0.0,0.0,-0.9082562327384949,0.47180384397506714,0.0,0.0,-0.88170325756073,-0.3427803195587981
-383.48168572891353,-1430.08959141692,0.0,6.528292294805685,0.41454359889030457,0.0,0.0,-0.910029411315918,0.46879374980926514,0.0,0.0,-0.8833073973655701,0.01306858749790496
-385.03165787678813,-1428.7259094269048,0.0,6.551965124400621,0.41051432490348816,0.0,0.0,-0.9118541479110718,0.4657266438007355,0.0,0.0,-0.8849284648895264,-0.34397591701308783
-386.576604849469,-1427.3416827452595,0.0,6.577040745220872,0.40632209181785583,0.0,0.0,-0.9137299060821533,0.4625953435897827,0.0,0.0,-0.8865694999694824,0.011802142001932692
-388.115767335715,-1425.9362173075224,0.0,6.603634039828948,0.4019630551338196,0.0,0.0,-0.9156558513641357,0.45939335227012634,0.0,0.0,-0.8882328271865845,-0.3453190127003644
-389.64831335431614,-1424.5088341560793,0.0,6.631583589530581,0.397433876991272,0.0,0.0,-0.9176307916641235,0.456113338470459,0.0,0.0,-0.8899216055870056,0.010390548582658365
-391.17332927900867,-1423.0588785789646,0.0,6.660692371837589,0.392731636762619,0.0,0.0,-0.919653058052063,0.4527494013309479,0.0,0.0,-0.8916376829147339,-0.3467891532209204
-392.6898197308845,-1421.5857219815534,0.0,6.6907633642618185,0.38785454630851746,0.0,0.0,-0.9217204451560974,0.4492930769920349,0.0,0.0,-0.8933843374252319,0.008871811591535661
-394.19670790123956,-1420.0887638655036,0.0,6.7215995443151035,0.38280153274536133,0.0,0.0,-0.923830509185791,0.4457407593727112,0.0,0.0,-0.8951619267463684,-0.34834653605189436
-395.69283631926504,-1418.5674339197983,0.0,6.753003889509283,0.3775720000267029,0.0,0.0,-0.9259801506996155,0.44208234548568726,0.0,0.0,-0.8969743847846985,0.007285733551425588
-397.1769680797354,-1417.0211942284707,0.0,6.784779377356191,0.3721662163734436,0.0,0.0,-0.9281659722328186,0.4383118450641632,0.0,0.0,-0.8988229036331177,-0.3499513586704251
-398.64778854630816,-1415.4495415992833,0.0,6.816728985367668,0.36658573150634766,0.0,0.0,-0.9303841590881348,0.4344226121902466,0.0,0.0,-0.9007090926170349,0.005672116985189379
-400.1039075462564,-1413.852010017237,0.0,6.848655691055545,0.3608323931694031,0.0,0.0,-0.9326305389404297,0.4304075539112091,0.0,0.0,-0.9026345610618591,-0.35156381855365126
-401.5438620723789,-1412.2281732263732,0.0,6.880362471931662,0.35490959882736206,0.0,0.0,-0.9349004626274109,0.42626166343688965,0.0,0.0,-0.9045999050140381,0.004070764415688599
-402.96611950748127,-1410.5776474428517,0.0,6.911652305507855,0.34882137179374695,0.0,0.0,-0.9371891021728516,0.421977162361145,0.0,0.0,-0.9066064953804016,-0.3531441131787115
-404.36909614082674,-1408.9001092732783,0.0,6.942328169295957,0.34257256984710693,0.0,0.0,-0.9394913911819458,0.4175548851490021,0.0,0.0,-0.9086517095565796,0.002521478365784424
-405.7514670633709,-1407.1956108406937,0.0,6.972193045978163,0.33616843819618225,0.0,0.0,-0.9418018460273743,0.4129968285560608,0.0,0.0,-0.9107325673103333,-0.35465244028387344
-407.11217772585655,-1405.464570530242,0.0,7.0010930480171165,0.32961305975914,0.0,0.0,-0.9441159963607788,0.40830469131469727,0.0,0.0,-0.9128457307815552,0.0010618823032110258
-408.4501857568769,-1403.707441710976,0.0,7.029022017130567,0.3229104280471802,0.0,0.0,-0.9464293122291565,0.40348055958747864,0.0,0.0,-0.9149882197380066,-0.3560629942795022
-409.7644552730632,-1401.9246917488222,0.0,7.056005398795672,0.31606313586235046,0.0,0.0,-0.9487380385398865,0.39852598309516907,0.0,0.0,-0.917156994342804,-0.00030091475058219297
-411.0539570969432,-1400.1168012564049,0.0,7.082068638489588,0.30907347798347473,0.0,0.0,-0.951038122177124,0.39344191551208496,0.0,0.0,-0.9193493723869324,-0.3573793195165687
-412.3176689508549,-1398.2842633468415,0.0,7.107237181689472,0.30194318294525146,0.0,0.0,-0.9533259868621826,0.38823047280311584,0.0,0.0,-0.9215621948242188,-0.0015720532960308842
-413.5545756260972,-1396.4275828929551,0.0,7.131536473872481,0.2946736216545105,0.0,0.0,-0.955597996711731,0.3828919529914856,0.0,0.0,-0.9237930178642273,-0.35860655649550854
-414.763669126568,-1394.5472757932544,0.0,7.15499196051577,0.28726574778556824,0.0,0.0,-0.9578509330749512,0.37742823362350464,0.0,0.0,-0.9260386228561401,-0.0027566738335706997
-415.9439487861681,-1392.6438682459905,0.0,7.177629087096495,0.2797202467918396,0.0,0.0,-0.9600814580917358,0.37183865904808044,0.0,0.0,-0.9282971620559692,-0.3597498457167573
-417.0944213593008,-1390.7178960325416,0.0,7.1994732990918235,0.27203822135925293,0.0,0.0,-0.9622862935066223,0.36612334847450256,0.0,0.0,-0.930566132068634,-0.003859916863637791
-418.21410108380843,-1388.7699038113376,0.0,7.220550041978898,0.2642211318016052,0.0,0.0,-0.9644619822502136,0.3602827787399292,0.0,0.0,-0.9328429102897644,-0.360814327680751
-419.30200971576477,-1386.800444423454,0.0,7.240884761234876,0.25627022981643677,0.0,0.0,-0.966605007648468,0.3543170392513275,0.0,0.0,-0.9351250529289246,-0.004886922886666978
-420.3571765355388,-1384.8100782109905,0.0,7.260502902336923,0.24818772077560425,0.0,0.0,-0.9687118530273438,0.3482269048690796,0.0,0.0,-0.9374100565910339,-0.3618051428879251
-421.3786383246018,-1382.7993723492682,0.0,7.279429910762188,0.23997637629508972,0.0,0.0,-0.9707785844802856,0.342011034488678,0.0,0.0,-0.9396958351135254,-0.005842832403094467
-422.36543931258194,-1380.7689001938554,0.0,7.297691231987832,0.2316397726535797,0.0,0.0,-0.9728015065193176,0.3356684744358063,0.0,0.0,-0.9419800043106079,-0.3627274318387152
-423.3166310940983,-1378.7192406433512,0.0,7.31531231149101,0.22318245470523834,0.0,0.0,-0.9747765064239502,0.32919853925704956,0.0,0.0,-0.9442604780197144,-0.006732785913356021
-424.23127251493366,-1376.6509775188567,0.0,7.332318594748884,0.21461015939712524,0.0,0.0,-0.9766996502876282,0.3226020932197571,0.0,0.0,-0.9465344548225403,-0.3635863350335573
-425.1084295271432,-1374.5646989609697,0.0,7.348735527238603,0.20592966675758362,0.0,0.0,-0.9785667657852173,0.3158772587776184,0.0,0.0,-0.9487998485565186,-0.007561923917887292
-425.9471750127197,-1372.4609968451252,0.0,7.364588554437326,0.19714908301830292,0.0,0.0,-0.9803735017776489,0.3090224266052246,0.0,0.0,-0.9510543942451477,-0.3643869929728867
-426.74658857546,-1370.3404662160494,0.0,7.37990312182221,0.18827781081199646,0.0,0.0,-0.9821157455444336,0.30203819274902344,0.0,0.0,-0.9532954692840576,-0.008335386917123877
-427.5057563007016,-1368.2037047420706,0.0,7.394704674870415,0.17932650446891785,0.0,0.0,-0.9837895631790161,0.2949220538139343,0.0,0.0,-0.9555209279060364,-0.3651345461571395
-428.22377048262854,-1366.0513121899467,0.0,7.409018659059095,0.17030760645866394,0.0,0.0,-0.9853909015655518,0.2876739799976349,0.0,0.0,-0.9577280282974243,-0.00905831541150165
-428.8997293188548,-1363.883889920899,0.0,7.422870519865406,0.16123494505882263,0.0,0.0,-0.9869160056114197,0.28029248118400574,0.0,0.0,-0.9599142670631409,-0.36583413508675117
-429.53273657202135,-1361.7020404084399,0.0,7.436285702766505,0.15212373435497284,0.0,0.0,-0.9883614182472229,0.2727758288383484,0.0,0.0,-0.962077260017395,-0.00973584990145615
-430.1219011981551,-1359.5063667785896,0.0,7.449289653239551,0.14299096167087555,0.0,0.0,-0.9897239208221436,0.26512420177459717,0.0,0.0,-0.9642139077186584,-0.3664909002621575
-430.66633749733995,-1357.2974723730188,0.0,7.461907816761698,0.1338549554347992,0.0,0.0,-0.9910008907318115,0.2573438882827759,0.0,0.0,-0.9663195013999939,-0.010373130887423199
-431.1655190015188,-1355.0759603356498,0.0,7.474165638810106,0.12473493069410324,0.0,0.0,-0.9921901226043701,0.24944771826267242,0.0,0.0,-0.9683879017829895,-0.36710998218379426
-431.61989185545855,-1352.8424332231846,0.0,7.486088564861927,0.11564856022596359,0.0,0.0,-0.9932901859283447,0.2414497286081314,0.0,0.0,-0.970413088798523,-0.01097529886983839
-432.0300804960322,-1350.597492640027,0.0,7.497702040394319,0.10661214590072632,0.0,0.0,-0.9943006634712219,0.2333628386259079,0.0,0.0,-0.9723895192146301,-0.3676965213520969
-432.3967256001566,-1348.3417388980386,0.0,7.509031510884448,0.09764064848423004,0.0,0.0,-0.995221734046936,0.22520023584365845,0.0,0.0,-0.9743123650550842,-0.011547494349137821
-432.7204830599534,-1346.0757707015157,0.0,7.5201024218094545,0.0887470468878746,0.0,0.0,-0.9960541129112244,0.21697558462619781,0.0,0.0,-0.9761768579483032,-0.3682556582675013
-433.00202299502234,-1343.8001848577956,0.0,7.530940218646504,0.07994098961353302,0.0,0.0,-0.9967994689941406,0.2087002545595169,0.0,0.0,-0.9779795408248901,-0.012094857825756478
-433.24202880253114,-1341.5155760138437,0.0,7.5415703468727555,-0.07123786956071854,0.0,0.0,0.9974592328071594,0.20038644969463348,0.0,0.0,-0.9797167778015137,-0.36879253343044327
-433.441196245783,-1339.2225364191668,0.0,7.552018251965362,-0.0626450926065445,0.0,0.0,0.998035728931427,0.19204573333263397,0.0,0.0,-0.9813858270645142,-0.012622529800130566
-433.60023258187994,-1336.9216557153875,0.0,7.562309379401479,-0.05417073890566826,0.0,0.0,0.9985315799713135,0.18368929624557495,0.0,0.0,-0.9829842448234558,-0.36931228734135824
-433.71985572907005,-1334.6135207527896,0.0,7.572469174658268,-0.045821938663721085,0.0,0.0,0.9989495873451233,0.17532719671726227,0.0,0.0,-0.9845101833343506,-0.013135650772695684
-433.8007934743237,-1332.2987154341342,0.0,7.58252308321288,-0.037604644894599915,0.0,0.0,0.9992926120758057,0.16696995496749878,0.0,0.0,-0.9859619736671448,-0.3698200605006821
-433.8437827216646,-1329.9778205860396,0.0,7.592496550542477,-0.029523782432079315,0.0,0.0,0.999563992023468,-0.15862703323364258,0.0,0.0,0.9873385429382324,-0.013639361243887427
-433.84956878174455,-1327.6514138582047,0.0,7.602415022124214,-0.021583423018455505,0.0,0.0,0.999767005443573,-0.15030694007873535,0.0,0.0,0.9886392951011658,-0.37032099340885066
-433.81890470312925,-1325.3200696507408,0.0,7.612303943435242,-0.013786638155579567,0.0,0.0,0.9999048113822937,-0.14201921224594116,0.0,0.0,0.9898638129234314,-0.014138801714141336
-433.75255064574526,-1322.984359069893,0.0,7.62218875995273,-0.006135265342891216,0.0,0.0,0.9999809265136719,-0.1337711215019226,0.0,0.0,0.9910121560096741,-0.37082022656629954
-433.6512732969132,-1320.6448499124056,0.0,7.6320949171538235,0.0013695694506168365,0.0,0.0,0.9999987483024597,-0.1255711168050766,0.0,0.0,0.9920845031738281,-0.014639112683893563
-433.5158453303829,-1318.3021066787974,0.0,7.642047860515687,0.008727675303816795,0.0,0.0,0.9999616742134094,-0.11742603778839111,0.0,0.0,0.9930815696716309,-0.37132290047346433
-433.34704490877056,-1315.9566906158109,0.0,7.6520730355154685,0.01593954488635063,0.0,0.0,0.9998726844787598,-0.10934280604124069,0.0,0.0,0.9940040707588196,-0.015145434653579537
-433.14565522979075,-1313.6091597883021,0.0,7.662195887630333,0.023006485775113106,0.0,0.0,0.9997351765632629,-0.10132702440023422,0.0,0.0,0.994853138923645,-0.3718341556307807
-432.91246411667345,-1311.2600691808475,0.0,7.672441862337435,0.02993038296699524,0.0,0.0,0.9995518922805786,-0.09338516741991043,0.0,0.0,0.9956300258636475,-0.01566290812363519
-432.6482636531459,-1308.9099708293338,0.0,7.682836405113927,0.03671393170952797,0.0,0.0,0.9993256330490112,-0.08552312850952148,0.0,0.0,0.9963362216949463,-0.37235913253868436
-432.3538498633709,-1306.5594139828327,0.0,7.693404961436971,0.043360259383916855,0.0,0.0,0.9990593194961548,-0.07774542272090912,0.0,0.0,0.9969732761383057,-0.016196673594495947
-432.030022437227,-1304.2089452960483,0.0,7.70417297678372,0.049873270094394684,0.0,0.0,0.9987553954124451,-0.07005646079778671,0.0,0.0,0.9975430369377136,-0.3729029716976111
-431.67758453013045,-1301.859109237265,0.0,7.715165289956305,0.05625714361667633,0.0,0.0,0.9984161853790283,-0.06246040761470795,0.0,0.0,0.998047411441803,-0.016751840926444717
-431.2973433858365,-1299.5104530805258,0.0,7.7263911313842275,0.06251657754182816,0.0,0.0,0.9980437755584717,-0.054962001740932465,0.0,0.0,0.9984884858131409,-0.37346993338588996
-430.89011137226487,-1297.1635321583394,0.0,7.7378431443454785,0.0686565637588501,0.0,0.0,0.9976401925086975,-0.047563109546899796,0.0,0.0,0.9988681674003601,-0.01733022541943724
-430.4566994756265,-1294.818903636794,0.0,7.749513169460192,0.07468254864215851,0.0,0.0,0.9972072243690491,-0.04026356711983681,0.0,0.0,0.9991889595985413,-0.3740593285937038
-429.99765903271106,-1292.4768803161855,0.0,7.761393047348507,0.08059997856616974,0.0,0.0,0.9967464208602905,-0.033062055706977844,0.0,0.0,0.9994533061981201,-0.017930219252180413
-429.51320295974466,-1290.1374553773453,0.0,7.773474618630566,0.08641376346349716,0.0,0.0,0.9962592124938965,-0.02595617063343525,0.0,0.0,0.9996629953384399,-0.3746695089614845
-429.0035225751101,-1287.800603872371,0.0,7.785749723926491,0.09212806075811386,0.0,0.0,0.9957470297813416,-0.01894429326057434,0.0,0.0,0.999820351600647,-0.01855017406510595
-428.46881018012266,-1285.4663039996217,0.0,7.798210203856431,0.09774689376354218,0.0,0.0,0.9952111840248108,-0.01202458143234253,0.0,0.0,0.9999275803565979,-0.37529882612966325
-427.9092592656476,-1283.1345370742888,0.0,7.810847899040524,0.10327348858118057,0.0,0.0,0.9946528673171997,-0.005195926874876022,0.0,0.0,0.9999862909317017,-0.019188441498646014
-427.32506471488864,-1280.8052874988052,0.0,7.823654650098901,0.10871075093746185,0.0,0.0,0.9940733313560486,0.0015435912646353245,0.0,0.0,0.9999985694885254,-0.3759456317386722
-426.71642300232344,-1278.4785427330658,0.0,7.8366222976517,0.11406147480010986,0.0,0.0,0.9934735298156738,0.008195224218070507,0.0,0.0,0.9999662637710571,-0.019843373193231872
-426.08353238875503,-1276.1542932644531,0.0,7.849742682319062,0.11932791769504547,0.0,0.0,0.9928547739982605,0.014759780839085579,0.0,0.0,0.999890923500061,-0.37660827742894293
-425.4265931124587,-1273.8325325776889,0.0,7.863007644721116,0.12451222538948059,0.0,0.0,0.9922178983688354,0.02123865857720375,0.0,0.0,0.9997742772102356,-0.020513320789295242
-424.7458075763823,-1271.513257124465,0.0,7.87640902547801,0.12961624562740326,0.0,0.0,0.9915640354156494,0.02763346955180168,0.0,0.0,0.9996179342269897,-0.37728511484090727
-424.0413805313711,-1269.1964662928847,0.0,7.889938665209872,0.13464170694351196,0.0,0.0,0.9908941388130188,0.03394560515880585,0.0,0.0,0.9994235038757324,-0.02119663592726806
-423.31351925537774,-1266.8821623766894,0.0,7.903588404536843,0.13958969712257385,0.0,0.0,0.99020916223526,0.040174588561058044,0.0,0.0,0.999192476272583,-0.37797449561499674
-422.5624337286166,-1264.5703505442784,0.0,7.9173500840790565,0.14446185529232025,0.0,0.0,0.9895101189613342,0.046322301030159,0.0,0.0,0.9989262819290161,-0.021891670247581818
-421.7883368046197,-1262.2610388075084,0.0,7.93121554445665,0.1492592692375183,0.0,0.0,0.9887977838516235,0.05238886922597885,0.0,0.0,0.9986265301704407,-0.37867477139164296
-420.99144437714654,-1259.9542379902696,0.0,7.94517662628977,0.1539829969406128,0.0,0.0,0.9880732297897339,0.05837537720799446,0.0,0.0,0.998294472694397,-0.022596775390668622
-420.1719755429049,-1257.6499616968401,0.0,7.9592251701985415,0.15863381326198578,0.0,0.0,0.9873372316360474,0.06428344547748566,0.0,0.0,0.9979315400123596,-0.3793842938112779
-419.33015276002817,-1255.348226280016,0.0,7.973353016803111,0.163212388753891,0.0,0.0,0.9865908026695251,0.07011248916387558,0.0,0.0,0.9975389242172241,-0.02331030299696002
-418.4662020022577,-1253.0490508089972,0.0,7.987552006723604,0.16771985590457916,0.0,0.0,0.9858345985412598,0.0758635401725769,0.0,0.0,0.9971180558204651,-0.3801014145143331
-417.5803529087813,-1250.7524570370592,0.0,8.001813980580163,0.17215675115585327,0.0,0.0,0.9850695133209229,0.08153732866048813,0.0,0.0,0.9966701865196228,-0.024030604706887282
-416.6728389296598,-1248.4584693689628,0.0,8.01613077899293,0.17652370035648346,0.0,0.0,0.9842962622642517,0.08713454753160477,0.0,0.0,0.9961965084075928,-0.38082448514124045
-415.7438974667993,-1246.167114828142,0.0,8.030494242582035,0.18082144856452942,0.0,0.0,0.9835157990455627,0.09265520423650742,0.0,0.0,0.9956981539726257,-0.02475603216088257
-414.79377001039734,-1243.8784230236445,0.0,8.04489621196762,0.18505045771598816,0.0,0.0,0.9827290177345276,0.09810031950473785,0.0,0.0,0.9951764345169067,-0.3815518573324316
-413.82270227080505,-1241.5924261168177,0.0,8.059328527769814,0.18921104073524475,0.0,0.0,0.9819364547729492,0.10347024351358414,0.0,0.0,0.9946324229240417,-0.025484936999377206
-412.8309443057482,-1239.3091587877655,0.0,8.073783030608766,0.19330373406410217,0.0,0.0,0.9811390042304993,0.10876597464084625,0.0,0.0,0.9940672516822815,-0.38228188272833824
-411.81875064283474,-1237.028658201539,0.0,8.088251561104602,0.19732911884784698,0.0,0.0,0.9803373217582703,0.11398738622665405,0.0,0.0,0.9934821128845215,-0.026215670862803298
-410.7863803972893,-1234.7509639740904,0.0,8.102725959877468,0.20128756761550903,0.0,0.0,0.9795322418212891,0.11913491785526276,0.0,0.0,0.9928779602050781,-0.38301291296939205
-409.73409738484537,-1232.476118137966,0.0,8.117198067547495,0.20517948269844055,0.0,0.0,0.9787243604660034,0.12420931458473206,0.0,0.0,0.9922559857368469,-0.026946585391592504
-408.66217022972904,-1230.2041651077536,0.0,8.131659724734819,0.2090049535036087,0.0,0.0,0.977914571762085,0.12921100854873657,0.0,0.0,0.9916170239448547,-0.3837432996960246
-407.57087246766577,-1227.935151645271,0.0,8.14610277205958,0.21276451647281647,0.0,0.0,0.9771034121513367,0.13413971662521362,0.0,0.0,0.9909622669219971,-0.027676032226176372
-406.46048264384126,-1225.669126824508,0.0,8.160519050141914,0.21645858883857727,0.0,0.0,0.9762916564941406,0.13899679481983185,0.0,0.0,0.9902927279472351,-0.38447139454866774
-405.33128440574467,-1223.4061419963061,0.0,8.17490039960196,0.2200874537229538,0.0,0.0,0.9754799604415894,0.14378222823143005,0.0,0.0,0.9896092414855957,-0.028402363006986786
-404.1835665908261,-1221.1462507527922,0.0,8.189238661059854,0.22365130484104156,0.0,0.0,0.9746690392494202,0.1484960913658142,0.0,0.0,0.9889129400253296,-0.3851955491677533
-403.0176233088978,-1218.8895088915513,0.0,8.203525675135731,0.22715066373348236,0.0,0.0,0.9738594889640808,0.15313871204853058,0.0,0.0,0.9882045984268188,-0.02912392937445535
-401.83375401920347,-1216.6359743795526,0.0,8.21775328244973,0.23058567941188812,0.0,0.0,0.973051905632019,0.15771158039569855,0.0,0.0,0.9874851107597351,-0.38591411519371277
-400.63226360209006,-1214.3857073168172,0.0,8.231913323621987,0.23395667970180511,0.0,0.0,0.9722469449043274,0.16221314668655396,0.0,0.0,0.9867556095123291,-0.02983908296901383
-399.41346242520785,-1212.138769899839,0.0,8.24599763927264,0.237264022231102,0.0,0.0,0.9714452028274536,0.16664531826972961,0.0,0.0,0.9860167503356934,-0.38662544426697804
-398.1776664041646,-1209.8952263847511,0.0,8.259998070021826,0.24050825834274292,0.0,0.0,0.9706470370292664,0.17100711166858673,0.0,0.0,0.9852696061134338,-0.030546175431094003
-396.9251970575686,-1207.655143050246,0.0,8.27390645648968,0.24368973076343536,0.0,0.0,0.9698532223701477,0.17530028522014618,0.0,0.0,0.9845148324966431,-0.38732788802798074
-395.65638155638425,-1205.4185881602468,0.0,8.28771463929634,0.24680882692337036,0.0,0.0,0.9690640568733215,0.17952483892440796,0.0,0.0,0.9837533235549927,-0.031243558401127303
-394.37155276753197,-1203.1856319263359,0.0,8.30141445906194,0.24986624717712402,0.0,0.0,0.9682801365852356,0.18368110060691833,0.0,0.0,0.98298579454422,-0.3880197981171525
-393.0710492916634,-1200.9563464699395,0.0,8.314997756406624,0.25286293029785156,0.0,0.0,0.9675019979476929,0.18776880204677582,0.0,0.0,0.9822131395339966,-0.03192958351954572
-391.7552154950355,-1198.7308057842652,0.0,8.328456371950525,0.25579971075057983,0.0,0.0,0.9667296409606934,0.1917886584997177,0.0,0.0,0.9814361929893494,-0.3886995261749252
-390.42440153542844,-1196.5090856960144,0.0,8.34178214631378,0.25867778062820435,0.0,0.0,0.9659635424613953,0.1957414746284485,0.0,0.0,0.9806553721427917,-0.03260260242678081
-389.0789633820251,-1194.2912638268506,0.0,8.35496692011652,0.2614980936050415,0.0,0.0,0.9652039408683777,0.19962696731090546,0.0,0.0,0.9798718094825745,-0.38936542384173034
-387.71926282919367,-1192.0774195546378,0.0,8.368002533978894,0.26426249742507935,0.0,0.0,0.9644507765769958,0.20344580709934235,0.0,0.0,0.9790860414505005,-0.03326096676326429
-386.3456675041071,-1189.8676339744534,0.0,8.380880828521033,0.26697221398353577,0.0,0.0,0.9637041687965393,0.2071978598833084,0.0,0.0,0.9782988429069519,-0.390015842758
-384.958550868134,-1187.6619898593758,0.0,8.393593644363072,0.26962944865226746,0.0,0.0,0.9629640579223633,0.2108840048313141,0.0,0.0,0.9775108098983765,-0.03390302816942786
-383.5582922119361,-1185.4605716210526,0.0,8.406132822125151,0.2722362279891968,0.0,0.0,0.962230384349823,0.2145044505596161,0.0,0.0,0.9767227172851562,-0.3906491345641656
-382.145276644216,-1183.2634652700508,0.0,8.418490202427403,0.2747947871685028,0.0,0.0,0.9615027904510498,0.21805927157402039,0.0,0.0,0.9759352803230286,-0.034527138285703196
-380.7198950740531,-1181.0707583760009,0.0,8.430657625889973,0.277307391166687,0.0,0.0,0.9607811570167542,0.22154919803142548,0.0,0.0,0.9751489758491516,-0.39126365090065907
-379.28254418676806,-1178.8825400275314,0.0,8.442626933132988,0.27977705001831055,0.0,0.0,0.9600648283958435,0.22497405111789703,0.0,0.0,0.9743645787239075,-0.035131648752522115
-377.83362640601854,-1176.698900781135,0.0,8.454390006916421,0.2822066843509674,0.0,0.0,0.9593534469604492,0.2283342480659485,0.0,0.0,0.9735826253890991,-0.391857745536186
-376.37354915841075,-1174.5199315843365,0.0,8.4659427644683,0.2845994532108307,0.0,0.0,0.958646297454834,0.23163078725337982,0.0,0.0,0.9728035926818848,-0.035715121356152346
-374.9027235353258,-1172.3457218795095,0.0,8.477288442771332,0.2869589924812317,0.0,0.0,0.9579427242279053,0.2348632663488388,0.0,0.0,0.9720283150672913,-0.3924307595918947
-373.42155842402866,-1170.1763594176366,0.0,8.488431052024975,0.2892886698246002,0.0,0.0,0.9572417736053467,0.23803481459617615,0.0,0.0,0.9712565541267395,-0.03627787939926563
-371.93027798371844,-1168.0119302729624,0.0,8.499374602428691,0.29159218072891235,0.0,0.0,0.9565425515174866,0.24114854633808136,0.0,0.0,0.9704881906509399,-0.39298346415773894
-370.42888015585214,-1165.8525188577962,0.0,8.510123104181941,0.2938728332519531,0.0,0.0,0.9558443427085876,0.24420782923698425,0.0,0.0,0.9697228670120239,-0.036820733023167185
-368.91734916071533,-1163.698207937446,0.0,8.520680567484188,0.29613369703292847,0.0,0.0,0.9551463723182678,0.24721571803092957,0.0,0.0,0.9689604043960571,-0.3935166693750241
-367.39566906694273,-1161.5490786452963,0.0,8.531051002534884,0.29837721586227417,0.0,0.0,0.9544479846954346,0.25017547607421875,0.0,0.0,0.9682005643844604,-0.03734449236916193
-365.8638237779112,-1159.4052104980133,0.0,8.5412384195335,0.3006059229373932,0.0,0.0,0.9537484049797058,0.25309038162231445,0.0,0.0,0.9674426317214966,-0.3940311853850552
-364.3217970179263,-1157.266681410892,0.0,8.551246828679492,0.3028215765953064,0.0,0.0,0.9530471563339233,0.2559621334075928,0.0,0.0,0.9666867852210999,-0.037849967578555466
-362.76957231819244,-1155.1335677133225,0.0,8.561080240172322,0.30502623319625854,0.0,0.0,0.9523439407348633,0.25879335403442383,0.0,0.0,0.9659327268600464,-0.3945278223291375
-361.2071330025744,-1153.0059441643884,0.0,8.57074266421145,0.30722156167030334,0.0,0.0,0.9516379833221436,0.26158592104911804,0.0,0.0,0.9651802778244019,-0.03833796879265289
-359.6344621731521,-1150.8838839685936,0.0,8.580238110996337,0.30940884351730347,0.0,0.0,0.9509291648864746,0.2643428444862366,0.0,0.0,0.964428722858429,-0.39500739034857624
-358.0515426955642,-1148.767458791706,0.0,8.589570590726442,0.31158971786499023,0.0,0.0,0.9502166509628296,0.26706647872924805,0.0,0.0,0.9636781215667725,-0.03880930615275918
-356.4583571841489,-1146.6567387767304,0.0,8.598744113601228,0.3137650489807129,0.0,0.0,0.949500560760498,0.269758015871048,0.0,0.0,0.9629281759262085,-0.39547069958467657
-354.85488798687544,-1144.5517925599902,0.0,8.607762689820163,0.31593579053878784,0.0,0.0,0.9487804770469666,0.272419810295105,0.0,0.0,0.9621785879135132,-0.039264789800180167
-353.24111717007224,-1142.4526872873328,0.0,8.616630329582696,0.31810298562049866,0.0,0.0,0.9480559825897217,0.27505359053611755,0.0,0.0,0.9614289999008179,-0.3959185601787439
-351.6170265029566,-1140.3594886304506,0.0,8.625351043088287,0.3202674984931946,0.0,0.0,0.9473269581794739,0.27766144275665283,0.0,0.0,0.9606791138648987,-0.039705229876220105
-349.9825974419568,-1138.2722608033137,0.0,8.633928840536408,0.3224300146102905,0.0,0.0,0.9465931057929993,0.2802446782588959,0.0,0.0,0.9599286913871765,-0.3963517822720833
-348.33781111483563,-1136.191066578709,0.0,8.642367732126514,0.32459115982055664,0.0,0.0,0.9458542466163635,0.28280434012413025,0.0,0.0,0.9591777324676514,-0.04013143652218504
-346.6826483046151,-1134.1159673048987,0.0,8.650671728058065,0.32675155997276306,0.0,0.0,0.9451101422309875,0.2853427529335022,0.0,0.0,0.9584256410598755,-0.39677117600600004
-345.0170894333007,-1132.0470229223763,0.0,8.658844838530523,0.3289116322994232,0.0,0.0,0.9443605542182922,0.28785982728004456,0.0,0.0,0.9576725363731384,-0.04054421987937995
-343.3411145454103,-1129.9842919807377,0.0,8.666891073743345,0.3310718536376953,0.0,0.0,0.943605363368988,0.2903582751750946,0.0,0.0,0.9569180011749268,-0.3971775515217991
-341.6547032913018,-1127.9278316556458,0.0,8.674814443895999,0.33323225378990173,0.0,0.0,0.942844569683075,0.29283854365348816,0.0,0.0,0.9561619162559509,-0.04094439008910988
-339.9578349103116,-1125.8776977659118,0.0,8.68261895918794,0.335393488407135,0.0,0.0,0.9420778751373291,0.29530224204063416,0.0,0.0,0.9554038643836975,-0.397571718960786
-338.2504882136928,-1123.833944790664,0.0,8.690308629818633,0.33755558729171753,0.0,0.0,0.9413052797317505,0.29774972796440125,0.0,0.0,0.9546439051628113,-0.04133275729268021
-336.53264156736236,-1121.7966258866254,0.0,8.697887465987534,0.3397192060947418,0.0,0.0,0.9405266046524048,0.30018293857574463,0.0,0.0,0.953881561756134,-0.39795448846426595
-334.80427287445127,-1119.7657929054844,0.0,8.70535947789411,0.3418842852115631,0.0,0.0,0.9397417306900024,0.30260169506073,0.0,0.0,0.9531170129776001,-0.04171013163139614
-333.0653595576689,-1117.741496411366,0.0,8.712728675737813,0.3440510034561157,0.0,0.0,0.9389505982398987,0.3050084710121155,0.0,0.0,0.9523495435714722,-0.39832667017354384
-331.3158785414707,-1115.7237856983954,0.0,8.719999069718106,0.3462192416191101,0.0,0.0,0.9381532073020935,0.30740249156951904,0.0,0.0,0.9515794515609741,-0.04207732324656249
-329.55580623403563,-1113.7127088083585,0.0,8.727174670034461,0.348389208316803,0.0,0.0,0.9373495578765869,0.30978479981422424,0.0,0.0,0.9508066177368164,-0.39868907422992544
-327.7851185090547,-1111.7083125484517,0.0,8.734259486886328,0.3505612015724182,0.0,0.0,0.9365395307540894,0.31215712428092957,0.0,0.0,0.9500304460525513,-0.04243514227948508
-326.0037906873303,-1109.7106425091263,0.0,8.741257530473169,0.3527348041534424,0.0,0.0,0.935723066329956,0.3145189881324768,0.0,0.0,0.949251115322113,-0.39904251077471536
-324.2117975181854,-1107.719743082025,0.0,8.748172810994445,0.35491055250167847,0.0,0.0,0.9349001049995422,0.3168724775314331,0.0,0.0,0.948468029499054,-0.04278439887146873
-322.40911316068565,-1105.7356574780026,0.0,8.755009338649621,0.3570879399776459,0.0,0.0,0.9340706467628479,0.3192165493965149,0.0,0.0,0.9476816654205322,-0.3993877899492192
-320.59571116467225,-1103.7584277452404,0.0,8.761771123638152,0.35926735401153564,0.0,0.0,0.9332345724105835,0.3215526044368744,0.0,0.0,0.9468916654586792,-0.04312590316381876
-318.7715644516088,-1101.7880947874446,0.0,8.768462176159503,0.36144864559173584,0.0,0.0,0.9323920011520386,0.3238813281059265,0.0,0.0,0.9460976123809814,-0.3997257218947419
-316.93664529524114,-1099.8246983821336,0.0,8.775086506413132,0.3636315166950226,0.0,0.0,0.9315428733825684,0.3262028694152832,0.0,0.0,0.9452997446060181,-0.04346046529784048
-315.0909253020693,-1097.8682771990102,0.0,8.781648124598505,0.3658159673213959,0.0,0.0,0.9306871891021729,0.32851818203926086,0.0,0.0,0.9444975852966309,-0.400057116752589
-313.234375391636,-1095.9188688184183,0.0,8.788151040915073,0.3680017590522766,0.0,0.0,0.9298250675201416,0.33082839846611023,0.0,0.0,0.9436907172203064,-0.043788895414838935
-311.36696577662644,-1093.9765097498846,0.0,8.794599265562306,0.37018877267837524,0.0,0.0,0.9289565086364746,0.3331320285797119,0.0,0.0,0.9428799748420715,-0.4003827846640654
-309.4886659427834,-1092.0412354507434,0.0,8.800996808739663,0.3723767399787903,0.0,0.0,0.9280815124511719,0.33542996644973755,0.0,0.0,0.9420648813247681,-0.04411200365611956
-307.5994446286396,-1090.113080344846,0.0,8.807347680646602,0.37456539273262024,0.0,0.0,0.927200436592102,0.33772405982017517,0.0,0.0,0.941244900226593,-0.4007035357704765
-305.6992698050569,-1088.192077841346,0.0,8.813655891482584,0.3767540156841278,0.0,0.0,0.9263132810592651,0.3400125503540039,0.0,0.0,0.9404206275939941,-0.04443060016298733
-303.78810865459104,-1086.2782603535782,0.0,8.819925451447071,0.3789423704147339,0.0,0.0,0.9254201650619507,0.3422960937023163,0.0,0.0,0.9395918846130371,-0.40102018021312735
-301.8659275506634,-1084.371659318007,0.0,8.826160370739528,0.3811299800872803,0.0,0.0,0.9245213866233826,0.3445766568183899,0.0,0.0,0.9387578964233398,-0.0447454950767478
-299.93269203654745,-1082.4723052132608,0.0,8.832364659559406,0.38331612944602966,0.0,0.0,0.9236171841621399,0.34685349464416504,0.0,0.0,0.937919020652771,-0.40133352813332324
-297.98836680417446,-1080.5802275792505,0.0,8.838542328106174,0.3855001628398895,0.0,0.0,0.9227077960968018,0.34912681579589844,0.0,0.0,0.9370751976966858,-0.04505749853870572
-296.03291567275085,-1078.6954550363612,0.0,8.844697386579288,0.38768136501312256,0.0,0.0,0.9217934608459473,0.3513967990875244,0.0,0.0,0.9362263679504395,-0.40164438967236943
-294.06630156718757,-1076.8180153047294,0.0,8.850833845178213,0.3898587226867676,0.0,0.0,0.9208745956420898,0.3536633849143982,0.0,0.0,0.9353724718093872,-0.04536742069016658
-292.08848649634774,-1074.9479352235994,0.0,8.856955714102408,0.39203163981437683,0.0,0.0,0.9199516773223877,0.35592740774154663,0.0,0.0,0.9345133304595947,-0.4019535749715712
-290.09943153110385,-1073.0852407707546,0.0,8.86306700355133,0.3941988945007324,0.0,0.0,0.9190251231193542,0.3581879734992981,0.0,0.0,0.9336491823196411,-0.045676071672435425
-288.09909678220964,-1071.2299570820376,0.0,8.869171723724447,0.3963594436645508,0.0,0.0,0.9180954098701477,0.36044564843177795,0.0,0.0,0.9327799677848816,-0.40226189417223357
-286.08744137798647,-1069.3821084709432,0.0,8.875273884821215,0.39851242303848267,0.0,0.0,0.9171628952026367,0.36270052194595337,0.0,0.0,0.9319055080413818,-0.04598426162681768
-284.06442698978225,-1067.5417181261744,0.0,8.881376914588406,0.40065643191337585,0.0,0.0,0.9162282943725586,0.3649519979953766,0.0,0.0,0.9310261011123657,-0.4025701279988594
-282.03009341011756,-1065.7087990691996,0.0,8.887481111436548,0.40279069542884827,0.0,0.0,0.9152920246124268,0.36719977855682373,0.0,0.0,0.9301418662071228,-0.04629255439692587
-279.9845590042833,-1063.8833543425335,0.0,8.893585727356752,0.40491390228271484,0.0,0.0,0.914354681968689,0.36944255232810974,0.0,0.0,0.9292533993721008,-0.40287844193422323
-277.92794625488006,-1062.0653866550454,0.0,8.899690013598073,0.4070252776145935,0.0,0.0,0.9134167432785034,0.3716791868209839,0.0,0.0,0.9283611178398132,-0.04660085168184103
-275.86037839356686,-1060.2548988152957,0.0,8.90579322140955,0.40912410616874695,0.0,0.0,0.9124785661697388,0.3739098608493805,0.0,0.0,0.9274649620056152,-0.4031866847529847
-273.7819794059494,-1058.4518937277753,0.0,8.91189460204023,0.4112098515033722,0.0,0.0,0.9115405082702637,0.37613290548324585,0.0,0.0,0.9265656471252441,-0.046909002218744056
-271.69287403628704,-1056.6563743891465,0.0,8.917993406739157,0.4132814407348633,0.0,0.0,0.9106031656265259,0.3783476650714874,0.0,0.0,0.9256634712219238,-0.4034947051923245
-269.5931877920317,-1054.8683438844998,0.0,8.924088886755378,0.4153387248516083,0.0,0.0,0.9096666574478149,0.38055455684661865,0.0,0.0,0.9247583746910095,-0.047216854744815795
-267.4830469481939,-1053.087805383626,0.0,8.930180293337934,0.4173813760280609,0.0,0.0,0.9087311625480652,0.38275185227394104,0.0,0.0,0.9238511919975281,-0.40380235198942327
-265.3625785515269,-1051.3147621372902,0.0,8.936266877735871,0.4194085896015167,0.0,0.0,0.9077973961830139,0.38493916392326355,0.0,0.0,0.9229419827461243,-0.04752425799723686
-263.23191042454187,-1049.549217473531,0.0,8.94234789119824,0.42142045497894287,0.0,0.0,0.906865119934082,0.38711681962013245,0.0,0.0,0.9220306873321533,-0.4041094738814621
-261.09117116934505,-1047.7911747939636,0.0,8.948422584974079,0.4234166443347931,0.0,0.0,0.905934751033783,0.3892842233181,0.0,0.0,0.9211176633834839,-0.04783106071318832
-258.9404901712955,-1046.0406375700973,0.0,8.954490210312434,0.4253968596458435,0.0,0.0,0.9050066471099854,0.39144033193588257,0.0,0.0,0.9202035069465637,-0.40441591960562145
-256.77999760248434,-1044.297609339667,0.0,8.960550018462351,0.42736077308654785,0.0,0.0,0.904080867767334,0.393585205078125,0.0,0.0,0.919288158416748,-0.04813711162985079
-254.60982442503635,-1042.562093702975,0.0,8.966601260672874,0.42930829524993896,0.0,0.0,0.9031578302383423,0.3957177996635437,0.0,0.0,0.9183722138404846,-0.4047215378990822
-252.43010239423228,-1040.8340943192502,0.0,8.972643188193052,0.43123945593833923,0.0,0.0,0.9022372364997864,0.3978385329246521,0.0,0.0,0.9174554944038391,-0.048442259484405226
-250.24096406144537,-1039.1136149030133,0.0,8.978675052271921,0.4331541359424591,0.0,0.0,0.9013197422027588,0.399946391582489,0.0,0.0,0.9165385365486145,-0.40502617749902514
-248.0425427769024,-1037.4006592204628,0.0,8.984696104158537,0.4350522458553314,0.0,0.0,0.9004050493240356,0.4020417034626007,0.0,0.0,0.9156213402748108,-0.048746353014032295
-245.834972692255,-1035.695231085868,0.0,8.990705595101938,0.4369337856769562,0.0,0.0,0.8994935750961304,0.4041241705417633,0.0,0.0,0.9147042036056519,-0.4053296871426312
-243.61838876297261,-1033.9973343579782,0.0,8.996702776351169,0.4387984275817871,0.0,0.0,0.8985854387283325,0.4061928391456604,0.0,0.0,0.9137874841690063,-0.049049240955912676
-241.3929267505496,-1032.3069729364452,0.0,9.002686899155277,0.44064638018608093,0.0,0.0,0.8976807594299316,0.4082481861114502,0.0,0.0,0.9128710627555847,-0.40563191556708106
-239.158723224525,-1030.6241507582602,0.0,9.008657214763307,0.4424775540828705,0.0,0.0,0.8967795372009277,0.4102899730205536,0.0,0.0,0.9119552373886108,-0.049350772047227376
-236.91591556431618,-1028.9488717942006,0.0,9.0146129744243,0.44429200887680054,0.0,0.0,0.8958819508552551,0.4123179018497467,0.0,0.0,0.9110400676727295,-0.40593271150955546
-234.66464196086764,-1027.2811400452956,0.0,9.020553429387308,0.44608986377716064,0.0,0.0,0.8949880003929138,0.41433185338974,0.0,0.0,0.9101259708404541,-0.04965079502515701
-232.40504141811115,-1025.6209595393036,0.0,9.02647783090137,0.4478711783885956,0.0,0.0,0.8940979242324829,0.41633129119873047,0.0,0.0,0.9092130661010742,-0.40623192370723543
-230.13725375423317,-1023.9683343272028,0.0,9.03238543021553,0.4496360719203949,0.0,0.0,0.8932116627693176,0.4183163344860077,0.0,0.0,0.9083014726638794,-0.049949158626882206
-227.8614196027557,-1022.3232684796958,0.0,9.038275478578841,0.45138463377952576,0.0,0.0,0.8923293352127075,0.4202873110771179,0.0,0.0,0.9073911309242249,-0.40652940089730166
-225.57768041342922,-1020.6857660837326,0.0,9.044147227240337,0.45311686396598816,0.0,0.0,0.8914510011672974,0.42224371433258057,0.0,0.0,0.9064825177192688,-0.050245711589584074
-223.2861784529243,-1019.0558312390414,0.0,9.049999927449072,0.45483270287513733,0.0,0.0,0.8905767202377319,0.4241844713687897,0.0,0.0,0.9055759906768799,-0.40682499181693466
-220.98705680534397,-1017.4334680546814,0.0,9.055832830454086,0.4565325081348419,0.0,0.0,0.8897066116333008,0.4261108934879303,0.0,0.0,0.9046710729598999,-0.0505403026504434
-218.6804593725321,-1015.8186806456043,0.0,9.061645187504427,0.4582161605358124,0.0,0.0,0.8888406157493591,0.4280228912830353,0.0,0.0,0.903768002986908,-0.40711854520331553
-216.3665308741914,-1014.2114731292346,0.0,9.06743624984914,0.45988374948501587,0.0,0.0,0.8879790902137756,0.4299198389053345,0.0,0.0,0.9028671979904175,-0.05083278054664098
-214.04541684780827,-1012.6118496220624,0.0,9.073205268737265,0.46153518557548523,0.0,0.0,0.8871219158172607,0.4318016767501831,0.0,0.0,0.9019687175750732,-0.4074099097936249
-211.71726364837912,-1011.0198142362538,0.0,9.078951495417853,0.46317052841186523,0.0,0.0,0.8862691521644592,0.4336683452129364,0.0,0.0,0.90107262134552,-0.051122994015357526
-209.38221844794126,-1009.4353710762748,0.0,9.084674181139942,0.4647897779941559,0.0,0.0,0.8854211568832397,0.43552011251449585,0.0,0.0,0.9001789689064026,-0.40769893432504356
-207.04042923490618,-1007.8585242355309,0.0,9.090372577152582,0.46639284491539,0.0,0.0,0.884577751159668,0.4373571574687958,0.0,0.0,0.8992878794670105,-0.05141079179377367
-204.69204481319454,-1006.2892777930247,0.0,9.096045934704819,0.46797966957092285,0.0,0.0,0.8837392926216125,0.4391784369945526,0.0,0.0,0.8983997702598572,-0.4079854675347525
-202.3372148011702,-1004.7276358100237,0.0,9.101693505045693,0.4695499837398529,0.0,0.0,0.8829059600830078,0.4409848749637604,0.0,0.0,0.8975143432617188,-0.05169602261907036
-199.976089630381,-1003.1736023267531,0.0,9.107314539424253,0.47110381722450256,0.0,0.0,0.8820778131484985,0.4427768886089325,0.0,0.0,0.8966315984725952,-0.4082693581599323
-197.6088205440887,-1001.6271813590944,0.0,9.112908289089543,0.47264090180397034,0.0,0.0,0.881255030632019,0.4445534944534302,0.0,0.0,0.8957521915435791,-0.05197853522842838
-195.23555959560548,-1000.0883768953081,0.0,9.118474005290606,0.4741608798503876,0.0,0.0,0.8804380893707275,0.44631507992744446,0.0,0.0,0.8948757648468018,-0.4085504549377639
-192.85645964642723,-998.5571928927698,0.0,9.12401093927649,0.4756632149219513,0.0,0.0,0.8796274065971375,0.44806137681007385,0.0,0.0,0.8940026164054871,-0.05225817835902846
-190.47167436415762,-997.0336332747211,0.0,9.129518342296238,0.47714754939079285,0.0,0.0,0.8788231611251831,0.449792742729187,0.0,0.0,0.8931326866149902,-0.408828606605428
-188.0813582202345,-995.5177019270398,0.0,9.134995465598893,0.47861340641975403,0.0,0.0,0.8780256509780884,0.45150965452194214,0.0,0.0,0.892266035079956,-0.05253480074805139
-185.68566648745474,-994.0094026950293,0.0,9.140441560433507,0.480060338973999,0.0,0.0,0.8772352933883667,0.4532112181186676,0.0,0.0,0.8914030194282532,-0.4091036619001055
-183.28475523728227,-992.5087393802171,0.0,9.145855878049115,0.48148784041404724,0.0,0.0,0.8764525651931763,0.45489826798439026,0.0,0.0,0.8905432224273682,-0.052808251132678063
-180.87878133696404,-991.0157157371804,0.0,9.151237669694769,0.48289522528648376,0.0,0.0,0.8756780028343201,0.4565710425376892,0.0,0.0,0.8896868228912354,-0.4093754695589769
-178.4679024464269,-989.5303293092065,0.0,9.156586186619512,0.4842816889286041,0.0,0.0,0.8749120235443115,0.45822805166244507,0.0,0.0,0.8888345956802368,-0.05307837825008932
-176.05227701497418,-988.0525132777872,0.0,9.161900680072389,0.48564648628234863,0.0,0.0,0.8741551637649536,0.4598691761493683,0.0,0.0,0.8879867196083069,-0.4096438783192232
-173.63206427777504,-986.5821622781752,0.0,9.167180401302442,0.4869890511035919,0.0,0.0,0.8734079003334045,0.4614931643009186,0.0,0.0,0.8871437311172485,-0.05334503083746572
-171.20742425213822,-985.1191700066527,0.0,9.172424601558722,0.4883088171482086,0.0,0.0,0.8726707696914673,0.4631005525588989,0.0,0.0,0.8863056302070618,-0.40990873691802526
-168.77851773358623,-983.6634297254926,0.0,9.177632532090271,0.48960521817207336,0.0,0.0,0.8719440698623657,0.4646894931793213,0.0,0.0,0.8854736089706421,-0.05360805763198839
-166.34550629170764,-982.214834263836,0.0,9.182803444146131,0.49087780714035034,0.0,0.0,0.8712282776832581,0.4662599265575409,0.0,0.0,0.8846477270126343,-0.41016989409256366
-163.90855226581073,-980.7732760187389,0.0,9.187936588975349,0.492125928401947,0.0,0.0,0.8705238699913025,0.4678119719028473,0.0,0.0,0.8838278651237488,-0.05386730737083778
-161.46781876035575,-979.3386469563851,0.0,9.193031217826972,0.49334457516670227,0.0,0.0,0.8698235750198364,0.46934473514556885,0.0,0.0,0.8830149173736572,-0.41042719858001936
-159.02346964018102,-977.9108386134701,0.0,9.19808658195004,0.4945422112941742,0.0,0.0,0.8691452145576477,0.4708576500415802,0.0,0.0,0.882209062576294,-0.05412262879119478
-156.57566952551417,-976.4897420987521,0.0,9.203101932593604,0.4957076907157898,0.0,0.0,0.8684724569320679,0.47235023975372314,0.0,0.0,0.8814107179641724,-0.4106804991175731
-154.12458378677184,-975.0752480947738,0.0,9.208076521006706,0.49684908986091614,0.0,0.0,0.8678233027458191,0.4738224446773529,0.0,0.0,0.8806201219558716,-0.054373870630240295
-151.67037853914326,-973.6672468597548,0.0,9.213009598438392,0.497954785823822,0.0,0.0,0.867182195186615,0.4752742648124695,0.0,0.0,0.8798373937606812,-0.41092964444240576
-149.21322063696059,-972.2656282296522,0.0,9.217900416137702,0.499027818441391,0.0,0.0,0.8665592074394226,0.47670531272888184,0.0,0.0,0.8790629506111145,-0.05462088162515494
-146.75327766785387,-970.8702816203955,0.0,9.222748225353687,0.5000650882720947,0.0,0.0,0.8659562468528748,0.4781138300895691,0.0,0.0,0.878297746181488,-0.4111744832916979
-144.29071794669477,-969.4810960302939,0.0,9.22755227733539,0.5010634660720825,0.0,0.0,0.8653751611709595,0.47950121760368347,0.0,0.0,0.877541184425354,-0.05486351051311972
-141.82571050931531,-968.0979600426105,0.0,9.232311823331855,0.5020188689231873,0.0,0.0,0.8648183941841125,0.4808657765388489,0.0,0.0,0.876794159412384,-0.41141486440263053
-139.35842510601876,-966.7207618283154,0.0,9.23702611459213,0.5029272437095642,0.0,0.0,0.8642884492874146,0.4822080135345459,0.0,0.0,0.8760566711425781,-0.055101606031315364
-136.8890321948706,-965.3493891490093,0.0,9.241694402365251,0.5037840604782104,0.0,0.0,0.8637881875038147,0.48352766036987305,0.0,0.0,0.8753290176391602,-0.41165063651238415
-134.4177029347703,-963.9837293600201,0.0,9.246315937900272,0.5045838952064514,0.0,0.0,0.8633208870887756,0.4848248064517975,0.0,0.0,0.8746111989021301,-0.0553350169169225
-131.94460917830773,-962.6236694136751,0.0,9.250889972446236,0.5053208470344543,0.0,0.0,0.8628901243209839,0.4860990643501282,0.0,0.0,0.8739036321640015,-0.4118816483581399
-129.46992346440163,-961.269095862748,0.0,9.25541575725219,0.505988359451294,0.0,0.0,0.8624998331069946,0.48734942078590393,0.0,0.0,0.8732069730758667,-0.05556359190712218
-126.99381901071438,-959.919894864078,0.0,9.259892543567172,0.5065796375274658,0.0,0.0,0.8621542453765869,0.4885759949684143,0.0,0.0,0.8725212216377258,-0.41210774867707844
-124.51646970585776,-958.575952182369,0.0,9.26431958264023,0.507086992263794,0.0,0.0,0.8618580102920532,0.489778608083725,0.0,0.0,0.8718467950820923,-0.05578717973909475
-122.03805010136414,-957.2371516016591,0.0,9.268696125720412,0.5075024366378784,0.0,0.0,0.8616158962249756,0.4909527599811554,0.0,0.0,0.8711861371994019,-0.4123287862063806
-119.5587354034557,-955.9030627061309,0.0,9.27302142405676,0.5078177452087402,0.0,0.0,0.8614327907562256,0.4920913875102997,0.0,0.0,0.870543360710144,-0.056005629150021385
-117.07870146458147,-954.5725646462027,0.0,9.277294728898323,0.5080259442329407,0.0,0.0,0.8613128662109375,0.49318742752075195,0.0,0.0,0.869922935962677,-0.4125446096832272
-114.59812477473227,-953.2444418862735,0.0,9.281515291494141,0.5081208348274231,0.0,0.0,0.8612596392631531,0.49423444271087646,0.0,0.0,0.869328498840332,-0.056218788877082926
-112.11718245254673,-951.9174755782323,0.0,9.285682363093256,0.5080975294113159,0.0,0.0,0.8612759709358215,0.49522554874420166,0.0,0.0,0.8687642216682434,-0.4127550678447987
-109.63605223618488,-950.5904436275457,0.0,9.28979519494472,0.5079520344734192,0.0,0.0,0.86136394739151,0.4961543083190918,0.0,0.0,0.8682340979576111,-0.05642650765745982
-107.1549124739865,-949.2621207610264,0.0,9.293853038297579,0.5076812505722046,0.0,0.0,0.8615251779556274,0.4970158040523529,0.0,0.0,0.8677412867546082,-0.41296000942827643
-104.67394211490584,-947.9312785962798,0.0,9.297855144400868,0.5072832703590393,0.0,0.0,0.8617603778839111,0.49780452251434326,0.0,0.0,0.8672890663146973,-0.056628634228333086
-102.19332069872273,-946.5966857128366,0.0,9.301800764503643,0.5067572593688965,0.0,0.0,0.8620697259902954,0.4985145628452301,0.0,0.0,0.866881251335144,-0.4131592831708408
-99.7132283460383,-945.2571077249684,0.0,9.305689149854942,0.5061028003692627,0.0,0.0,0.8624529838562012,0.4991413652896881,0.0,0.0,0.8665204048156738,-0.05682501732688355
-97.23384574804311,-943.9113073561863,0.0,9.309519551703808,0.5053208470344543,0.0,0.0,0.8629090785980225,0.4996778964996338,0.0,0.0,0.8662068843841553,-0.41335273780967235
-94.75535415606232,-942.5580445154301,0.0,9.313291221299297,0.5044127702713013,0.0,0.0,0.8634366393089294,0.5001227259635925,0.0,0.0,0.865947425365448,-0.05701550569029212
-92.27793537088195,-941.1960763749411,0.0,9.317003409890443,0.5033811926841736,0.0,0.0,0.8640336394309998,0.5004714131355286,0.0,0.0,0.8657444715499878,-0.41354022208195246
-89.8017717318515,-939.824157449827,0.0,9.320655368726294,0.5022345185279846,0.0,0.0,0.8647065758705139,0.5007196664810181,0.0,0.0,0.8656004071235657,-0.057199948055739136
-87.32704610576518,-938.4410396793138,0.0,9.324246349055896,0.5009716749191284,0.0,0.0,0.8654435276985168,0.5008643269538879,0.0,0.0,0.8655168414115906,-0.41372158472486165
-84.85394187551618,-937.0454725096869,0.0,9.327775602128293,0.49959760904312134,0.0,0.0,0.8662413358688354,0.5009012818336487,0.0,0.0,0.8654959201812744,-0.057378193160405655
-82.38264292853496,-935.636202978926,0.0,9.331242379192531,0.4981181025505066,0.0,0.0,0.8670960664749146,0.5008269548416138,0.0,0.0,0.8655392527580261,-0.41389667447558076
-79.9133336420191,-934.2119758012941,0.0,9.334645942769276,0.4965396225452423,0.0,0.0,0.8680034875869751,0.5006414651870728,0.0,0.0,0.865646481513977,-0.05755009031074626
-77.44621227861222,-932.7716138579581,0.0,9.337986059727287,0.4948689043521881,0.0,0.0,0.8689590692520142,0.500347375869751,0.0,0.0,0.8658156394958496,-0.4140653672512379
-74.98160709792764,-931.3147094484931,0.0,9.341263193175852,0.49311262369155884,0.0,0.0,0.8699585199356079,0.4999484717845917,0.0,0.0,0.8660441637039185,-0.057715602101077845
-72.5199190672331,-929.8412839975952,0.0,9.344477857129455,0.49127647280693054,0.0,0.0,0.8709980249404907,0.49944868683815,0.0,0.0,0.8663293719291687,-0.4142277240165714
-70.06155048534602,-928.3513639618955,0.0,9.347630565602588,0.4893657863140106,0.0,0.0,0.8720740079879761,0.4988551139831543,0.0,0.0,0.866672694683075,-0.057874829801741134
-67.60690418109854,-926.8449762003644,0.0,9.350721832609738,0.48738524317741394,0.0,0.0,0.8731832504272461,0.4981688857078552,0.0,0.0,0.8670685887336731,-0.41438384861289207
-65.15638348993312,-925.3221479681398,0.0,9.353752172165382,0.48533904552459717,0.0,0.0,0.8743230104446411,0.49739402532577515,0.0,0.0,0.8675144910812378,-0.0580278772540464
-62.7103922307926,-923.7829069103859,0.0,9.356722098284024,0.48323071002960205,0.0,0.0,0.875490665435791,0.4965336322784424,0.0,0.0,0.8680083751678467,-0.41453384488151035
-60.269334683259906,-922.2272810561464,0.0,9.35963212498014,0.48106327652931213,0.0,0.0,0.8766838312149048,0.495590478181839,0.0,0.0,0.8685480952262878,-0.05817484829930475
-57.8336155649853,-920.6552988122241,0.0,9.362482766268215,0.4788397252559662,0.0,0.0,0.8779007196426392,0.494567334651947,0.0,0.0,0.8691319227218628,-0.41467781666373643
-55.403640009376936,-919.0669889570632,0.0,9.365274536162744,0.4765622019767761,0.0,0.0,0.8791393637657166,0.4934670627117157,0.0,0.0,0.869757890701294,-0.0583158467788264
-52.9798135435793,-917.4623806346534,0.0,9.368007948678207,0.4742330014705658,0.0,0.0,0.8803982138633728,0.49229225516319275,0.0,0.0,0.8704239130020142,-0.41481586780088103
-50.56254206671487,-915.841503348439,0.0,9.3706835178291,0.47185391187667847,0.0,0.0,0.8816757202148438,0.49104517698287964,0.0,0.0,0.8711286783218384,-0.05845097653392195
-48.15223182842136,-914.2043869552506,0.0,9.373301757629898,0.46942630410194397,0.0,0.0,0.8829708099365234,0.4897276759147644,0.0,0.0,0.8718705177307129,-0.4149481021342547
-45.74928940765433,-912.551061659244,0.0,9.375863182095099,0.4669516086578369,0.0,0.0,0.884282112121582,0.4883420467376709,0.0,0.0,0.872647762298584,-0.05858034140590179
-43.35412169178302,-910.8815580058572,0.0,9.378368305239189,0.46443086862564087,0.0,0.0,0.8856087327003479,0.4868907332420349,0.0,0.0,0.8734589219093323,-0.4150746235051683
-40.96713585596556,-909.1959068757809,0.0,9.380817641076646,0.46186506748199463,0.0,0.0,0.8869496583938599,0.485374391078949,0.0,0.0,0.8743029236793518,-0.05870404523607642
-38.58873934280903,-907.494139478946,0.0,9.383211703621965,0.45925474166870117,0.0,0.0,0.8883040547370911,0.4837955832481384,0.0,0.0,0.875177800655365,-0.4151955357549319
-36.219339842317964,-905.7762873485228,0.0,9.385551006889635,0.4566006362438202,0.0,0.0,0.8896713256835938,0.482154905796051,0.0,0.0,0.8760831356048584,-0.05882219186575671
-33.859345272132444,-904.042382334943,0.0,9.387836064894131,0.45390310883522034,0.0,0.0,0.8910506367683411,0.4804542064666748,0.0,0.0,0.8770172595977783,-0.4153109427248559
-31.509163758049255,-902.2924565999274,0.0,9.390067391649952,0.4511624276638031,0.0,0.0,0.89244145154953,0.47869452834129333,0.0,0.0,0.8779792189598083,-0.058934885136252724
-29.169203614845358,-900.526542610543,0.0,9.392245501171583,0.44837889075279236,0.0,0.0,0.8938432335853577,0.4768775403499603,0.0,0.0,0.8789675235748291,-0.4154209482562515
-26.839873327378317,-898.7446731332624,0.0,9.39437090747351,0.44555243849754333,0.0,0.0,0.8952555656433105,0.4750033915042877,0.0,0.0,0.8799818754196167,-0.05904222888887528
-24.521581531994578,-896.9468812280538,0.0,9.396444124570218,0.4426831603050232,0.0,0.0,0.8966777324676514,0.4730735719203949,0.0,0.0,0.8810209631919861,-0.41552565619042864
-22.214736998223664,-895.1332002424786,0.0,9.398465666476193,0.4397710859775543,0.0,0.0,0.8981096148490906,0.4710887670516968,0.0,0.0,0.8820840120315552,-0.0591443269649346
-19.91974861076956,-893.3036638058096,0.0,9.400436047205929,0.4368158280849457,0.0,0.0,0.8995506763458252,0.46905022859573364,0.0,0.0,0.8831698894500732,-0.41562517036869817
-17.637025351804418,-891.4583058231717,0.0,9.402355780773908,0.4338170886039734,0.0,0.0,0.9010007977485657,0.46695801615715027,0.0,0.0,0.884277880191803,-0.05924128320574157
-15.366976283550848,-889.5971604696902,0.0,9.404225381194617,0.43077442049980164,0.0,0.0,0.9024593830108643,0.4648130238056183,0.0,0.0,0.8854074478149414,-0.4157195946323704
-13.110010531172664,-887.7202621846685,0.0,9.406045362482544,0.4276875853538513,0.0,0.0,0.9039263725280762,0.46261587738990784,0.0,0.0,0.8865576386451721,-0.059333201452606565
-10.866537265961455,-885.8276456657778,0.0,9.407816238652176,0.42455628514289856,0.0,0.0,0.905401349067688,0.4603671133518219,0.0,0.0,0.8877274990081787,-0.41580903282275583
-8.636965688824947,-883.9193458632683,0.0,9.409538523717998,0.42137980461120605,0.0,0.0,0.9068841338157654,0.4580666720867157,0.0,0.0,0.8889169096946716,-0.05942018554684003
-6.4217050140781335,-881.995397974198,0.0,9.411212731694501,0.4181576371192932,0.0,0.0,0.9083742499351501,0.4557149112224579,0.0,0.0,0.8901249170303345,-0.41589358878116506
-4.221164453539149,-880.055837436682,0.0,9.412839376596173,0.41488927602767944,0.0,0.0,0.9098717570304871,0.4533126652240753,0.0,0.0,0.8913507461547852,-0.05950233932975274
-2.0357532009254298,-878.10069992416,0.0,9.414418972437495,0.41157394647598267,0.0,0.0,0.9113762974739075,0.45085957646369934,0.0,0.0,0.8925941586494446,-0.41597336634890864
0.13411958343663155,-876.1300213396892,0.0,9.415952033232958,0.4082110524177551,0.0,0.0,0.9128873944282532,0.44835591316223145,0.0,0.0,0.8938544392585754,-0.05957976664265491
2.288044787607933,-874.1438378102449,0.0,9.41743907299705,0.4047999382019043,0.0,0.0,0.914405107498169,0.4458019435405731,0.0,0.0,0.8951311111450195,-0.4160484693672971
4.42561336271253,-872.1421856810581,0.0,9.418880605744256,0.4013398587703705,0.0,0.0,0.9159289598464966,0.44319742918014526,0.0,0.0,0.8964235782623291,-0.05965257132685725
6.546416337315194,-870.1251015099594,0.0,9.420277145489067,0.39783039689064026,0.0,0.0,0.9174588322639465,0.44054293632507324,0.0,0.0,0.8977311253547668,-0.41611900167764104
8.650044831486774,-868.092622061751,0.0,9.421629206245962,0.3942703902721405,0.0,0.0,0.9189943671226501,0.4378378391265869,0.0,0.0,0.8990536332130432,-0.059720857223670154
10.736090070557646,-866.0447843025986,0.0,9.422937302029435,0.3906593322753906,0.0,0.0,0.9205350279808044,0.4350820779800415,0.0,0.0,0.9003905057907104,-0.4161850671212508
12.804143398566314,-863.9816253944431,0.0,9.424201946853973,0.38699695467948914,0.0,0.0,0.9220806360244751,0.4322757422924042,0.0,0.0,0.9017412066459656,-0.05978472817440439
14.853796291389173,-861.9031826894368,0.0,9.425423654734061,0.383282870054245,0.0,0.0,0.9236307144165039,0.42941832542419434,0.0,0.0,0.9031053781509399,-0.41624676953943707
16.884640369567585,-859.8094937243956,0.0,9.42660293968418,0.3795171082019806,0.0,0.0,0.9251844882965088,0.426509827375412,0.0,0.0,0.9044826030731201,-0.05984428802037001
18.89626741081273,-857.7005962152806,0.0,9.42774031571883,0.3756997585296631,0.0,0.0,0.9267411828041077,0.4235498011112213,0.0,0.0,0.9058725833892822,-0.4163042127735103
20.88826936220676,-855.5765280516941,0.0,9.428836296852488,0.37183159589767456,0.0,0.0,0.9282999038696289,0.42053836584091187,0.0,0.0,0.9072745442390442,-0.059899640602877946
22.86023835208249,-853.4373272914029,0.0,9.429891397099649,0.36791348457336426,0.0,0.0,0.9298598170280457,0.41747498512268066,0.0,0.0,0.9086881875991821,-0.41635750066478106
24.81176670158987,-851.2830321548859,0.0,9.430906130474792,0.3639468252658844,0.0,0.0,0.9314196109771729,0.4143597483634949,0.0,0.0,0.9101130366325378,-0.05995088976323876
26.74244693595226,-849.1136810198959,0.0,9.431881010992406,0.35993319749832153,0.0,0.0,0.9329780340194702,0.41119104623794556,0.0,0.0,0.9115489721298218,-0.41640673705455944
28.651871795401405,-846.929312416053,0.0,9.432816552666983,0.3558751344680786,0.0,0.0,0.9345335364341736,0.4079696536064148,0.0,0.0,0.9129953980445862,-0.059998139342762935
30.539634245798098,-844.7299650194564,0.0,9.433713269513008,0.35177546739578247,0.0,0.0,0.9360843896865845,0.4046945571899414,0.0,0.0,0.9144518375396729,-0.4164520257841567
32.40532748893612,-842.5156776473212,0.0,9.434571675544964,0.34763768315315247,0.0,0.0,0.937628984451294,0.4013656973838806,0.0,0.0,0.9159178137779236,-0.06004149318276064
34.248544972529764,-840.286489252638,0.0,9.435392284777341,0.3434656262397766,0.0,0.0,0.9391652345657349,0.39798176288604736,0.0,0.0,0.9173932671546936,-0.41649347069488285
36.06888039988101,-838.0424389188549,0.0,9.43617561122463,0.33926403522491455,0.0,0.0,0.9406912326812744,0.394543319940567,0.0,0.0,0.9188772439956665,-0.06008105512454287
37.865927739231424,-835.7835658545854,0.0,9.436922168901313,0.3350381851196289,0.0,0.0,0.9422046542167664,0.3910490870475769,0.0,0.0,0.9203698039054871,-0.4165311756280487
39.63928123279328,-833.5099093883375,0.0,9.437632471821876,0.33079391717910767,0.0,0.0,0.9437031149864197,0.3874991238117218,0.0,0.0,0.9218699932098389,-0.060116929009419784
41.38853540546115,-831.2215089632716,0.0,9.438307034000811,0.3265379071235657,0.0,0.0,0.9451841115951538,0.3838924169540405,0.0,0.0,0.9233777523040771,-0.4165652444249646
43.113285073205674,-828.9184041319763,0.0,9.438946369452598,0.32227757573127747,0.0,0.0,0.9466451406478882,0.38023123145103455,0.0,0.0,0.9248913526535034,-0.06014921867870193
44.81322678129488,-826.6006540329132,0.0,9.439550992191732,0.3180207908153534,0.0,0.0,0.9480835199356079,0.37651991844177246,0.0,0.0,0.9264083504676819,-0.41659578092694105
46.48863407411874,-824.2684286685986,0.0,9.440121416232696,0.3137751817703247,0.0,0.0,0.9494971632957458,0.37276506423950195,0.0,0.0,0.9279256463050842,-0.06017802797370014
48.13998455772714,-821.921937269111,0.0,9.440658155589981,0.3095477223396301,0.0,0.0,0.9508837461471558,0.3689715564250946,0.0,0.0,0.9294406175613403,-0.41662288897528876
49.76775666804389,-819.5613892509738,0.0,9.441161724278068,0.30534490942955017,0.0,0.0,0.9522416591644287,0.3651449382305145,0.0,0.0,0.9309507012367249,-0.060203460735724745
51.37242941637876,-817.1869941618731,0.0,9.44163263631145,0.3011725842952728,0.0,0.0,0.9535694718360901,0.36129069328308105,0.0,0.0,0.9324531555175781,-0.41664667241131814
52.95448236622355,-814.7989616698861,0.0,9.442071405704606,0.2970362901687622,0.0,0.0,0.9548660516738892,0.3574140667915344,0.0,0.0,0.9339458346366882,-0.06022562080608618
54.51439561043789,-812.3975015528714,0.0,9.442478546472028,0.29294106364250183,0.0,0.0,0.9561305046081543,0.35351935029029846,0.0,0.0,0.9354270100593567,-0.41666723507633946
56.0526497488271,-809.9828236880196,0.0,9.442854572628207,0.28889140486717224,0.0,0.0,0.9573618769645691,0.3496117889881134,0.0,0.0,0.9368944764137268,-0.06024461202609521
57.56972586610855,-807.5551380415731,0.0,9.443199998187627,0.284891813993454,0.0,0.0,0.9585596919059753,0.3456961512565613,0.0,0.0,0.9383465051651001,-0.41668468081166365
59.06610551027531,-805.1146546586973,0.0,9.443515337164772,0.2809460163116455,0.0,0.0,0.9597235321998596,0.3417765200138092,0.0,0.0,0.9397812485694885,-0.06026053823706218
60.54227067134673,-802.661583653526,0.0,9.443801103574135,0.27705782651901245,0.0,0.0,0.9608531594276428,0.33785751461982727,0.0,0.0,0.9411971569061279,-0.41669911345860117
61.99870376051477,-800.1961351993657,0.0,9.444057811430193,0.2732304036617279,0.0,0.0,0.9619485139846802,0.33394336700439453,0.0,0.0,0.9425930380821228,-0.06027350328029746
63.43588758968557,-797.7185195190605,0.0,9.444285974747446,0.2694668471813202,0.0,0.0,0.9630095362663269,0.3300378918647766,0.0,0.0,0.9439675807952881,-0.41671063685846244
64.85430535141181,-795.2289468755282,0.0,9.444486107540373,0.265769898891449,0.0,0.0,0.9640363454818726,0.32614508271217346,0.0,0.0,0.945319652557373,-0.060283610997111936
66.25444059922363,-792.7276275624515,0.0,9.444658723823464,0.2621421813964844,0.0,0.0,0.9650291204452515,0.32226890325546265,0.0,0.0,0.946648120880127,-0.41671935485255795
67.63677722835178,-790.214771895142,0.0,9.444804337611204,0.25858595967292786,0.0,0.0,0.9659881591796875,0.31841224431991577,0.0,0.0,0.9479523301124573,-0.06029096522881594
69.00179945684725,-787.6905902015642,0.0,9.44492346291808,0.2551034390926361,0.0,0.0,0.9669137001037598,0.31457918882369995,0.0,0.0,0.9492312073707581,-0.4167253712821982
70.34999180709848,-785.1552928135233,0.0,9.44501661375858,0.25169652700424194,0.0,0.0,0.9678061604499817,0.3107730746269226,0.0,0.0,0.950484037399292,-0.06029566981672002
71.68183908774385,-782.6090900580202,0.0,9.445084304147192,0.24836696684360504,0.0,0.0,0.9686658382415771,0.306996613740921,0.0,0.0,0.9517105221748352,-0.41672878998869367
72.99782637597957,-780.0521922487738,0.0,9.445127048098403,0.24511641263961792,0.0,0.0,0.9694934487342834,0.3032531142234802,0.0,0.0,0.9529099464416504,-0.06029782860213473
74.2984390002684,-777.4848096779026,0.0,9.445145359626698,0.2419462651014328,0.0,0.0,0.9702894687652588,0.2995455861091614,0.0,0.0,0.9540818929672241,-0.4167297148133551
75.58416252344334,-774.907152607775,0.0,9.44513975274657,0.23885789513587952,0.0,0.0,0.9710544347763062,0.29587677121162415,0.0,0.0,0.9552260041236877,-0.06029754542637067
76.85548272620919,-772.3194312630275,0.0,9.445110741472497,0.23585250973701477,0.0,0.0,0.9717888236045837,0.29224929213523865,0.0,0.0,0.9563421010971069,-0.41672824959749283
78.11288559104335,-769.7218558227453,0.0,9.445058839818973,0.23293116688728333,0.0,0.0,0.9724931716918945,0.2886659801006317,0.0,0.0,0.9574297070503235,-0.060294924130738115
79.35685728649617,-767.1146364128078,0.0,9.444984561800482,0.23009468615055084,0.0,0.0,0.973168134689331,0.2851290702819824,0.0,0.0,0.9584888815879822,-0.41672449818241747
80.58788415188629,-764.4979830984038,0.0,9.444888421431513,0.22734396159648895,0.0,0.0,0.9738143682479858,0.2816412150859833,0.0,0.0,0.9595195651054382,-0.06029006855654778
81.80645268239799,-761.8721058767131,0.0,9.444770932726549,0.22467969357967377,0.0,0.0,0.9744325280189514,0.2782043218612671,0.0,0.0,0.9605217576026917,-0.41671856440943944
83.0130495145786,-759.237214669746,0.0,9.444632609700083,0.22210225462913513,0.0,0.0,0.9750232696533203,0.2748207151889801,0.0,0.0,0.9614953398704529,-0.06028308254511017
84.20816141223162,-756.5935193173619,0.0,9.444473966366598,0.21961171925067902,0.0,0.0,0.9755871891975403,0.27149224281311035,0.0,0.0,0.9624403715133667,-0.41671055211986946
85.39227525271161,-753.9412295704451,0.0,9.444295516740585,0.21720777451992035,0.0,0.0,0.9761252999305725,0.26822102069854736,0.0,0.0,0.9633570313453674,-0.06027406993773582
86.56587801362103,-751.2805550842472,0.0,9.444097774836525,0.21488957107067108,0.0,0.0,0.9766383171081543,0.26500871777534485,0.0,0.0,0.9642456769943237,-0.41670056515501797
87.72945675990017,-748.6117054119047,0.0,9.44388125466891,0.21265582740306854,0.0,0.0,0.9771271347999573,0.26185718178749084,0.0,0.0,0.9651063680648804,-0.06026313457573501
88.88349863132588,-745.9348899981111,0.0,9.443646470252228,0.21050462126731873,0.0,0.0,0.9775928258895874,0.2587679624557495,0.0,0.0,0.9659392237663269,-0.4166887073561957
90.02849083040346,-743.2503181729643,0.0,9.44339393560096,0.20843347907066345,0.0,0.0,0.9780364632606506,0.25574302673339844,0.0,0.0,0.9667445421218872,-0.06025038030041846
91.16492061066215,-740.5581991459779,0.0,9.443124164729596,0.20643912255764008,0.0,0.0,0.978459358215332,0.25278303027153015,0.0,0.0,0.9675227403640747,-0.41667508256471264
92.29327526534986,-737.85874200026,0.0,9.442837671652626,0.20451772212982178,0.0,0.0,0.9788628220558167,0.24988992512226105,0.0,0.0,0.9682739973068237,-0.060235910953096716
93.41404211652764,-735.1521556868584,0.0,9.442534970384536,0.20266464352607727,0.0,0.0,0.979248046875,0.24706494808197021,0.0,0.0,0.9689986705780029,-0.41665979462187985
94.52770850456668,-732.4386490192716,0.0,9.442216574939811,0.20087456703186035,0.0,0.0,0.9796168208122253,0.2443092167377472,0.0,0.0,0.9696971774101257,-0.06021983037508033
95.63476177804425,-729.7184306681272,0.0,9.44188299933294,0.1991412490606308,0.0,0.0,0.9799705743789673,0.24162383377552032,0.0,0.0,0.970369815826416,-0.4166429473690075
96.73568928403853,-726.9917091560324,0.0,9.441534757578404,0.19745779037475586,0.0,0.0,0.9803112149238586,0.23901022970676422,0.0,0.0,0.9710168838500977,-0.060202242407679574
97.8309783588284,-724.2586928525793,0.0,9.4411723636907,0.19581635296344757,0.0,0.0,0.9806404709815979,0.23646922409534454,0.0,0.0,0.9716388583183289,-0.41662464464740634
98.92111631898806,-721.5195899695334,0.0,9.440796331684313,0.19420816004276276,0.0,0.0,0.9809602499008179,0.2340012937784195,0.0,0.0,0.972236156463623,-0.06018325089220539
100.00659045288764,-718.774608556173,0.0,9.440407175573723,0.19262373447418213,0.0,0.0,0.9812725782394409,0.23160789906978607,0.0,0.0,0.9728091359138489,-0.41660499029838666
101.08788801259024,-716.0239564948064,0.0,9.440005409373422,0.1910526156425476,0.0,0.0,0.9815795421600342,0.22928939759731293,0.0,0.0,0.973358154296875,-0.06016295966996793
102.16549620604903,-713.2678414967138,0.0,9.43959154620574,0.18948349356651306,0.0,0.0,0.9818836450576782,0.2270442396402359,0.0,0.0,0.9738843441009521,-0.41658408811820075
103.239828977848,-710.5064695777438,0.0,9.439166085761881,0.18790408968925476,0.0,0.0,0.9821871519088745,0.22486498951911926,0.0,0.0,0.9743897318840027,-0.060141471768762944
104.31049716163852,-707.7400298627075,0.0,9.438729517351778,0.18630267679691315,0.0,0.0,0.9824922680854797,0.2227421998977661,0.0,0.0,0.9748772978782654,-0.4165620392085995
105.37661558893933,-704.9687009756099,0.0,9.438282330015873,0.18466846644878387,0.0,0.0,0.9828007221221924,0.22066694498062134,0.0,0.0,0.9753492474555969,-0.06011888654977793
106.43729207867162,-702.192661216565,0.0,9.437825012794601,0.18299169838428497,0.0,0.0,0.9831143617630005,0.21863049268722534,0.0,0.0,0.9758076667785645,-0.41653894237924227
107.49163478655416,-699.4120887114883,0.0,9.437358054728419,0.1812634915113449,0.0,0.0,0.9834344983100891,0.2166251242160797,0.0,0.0,0.9762548208236694,-0.06009530280906167
108.53875221266613,-696.6271614090808,0.0,9.436881944857769,0.17947575449943542,0.0,0.0,0.9837623834609985,0.2146427482366562,0.0,0.0,0.9766926765441895,-0.4165148964261791
109.57775320831159,-693.8380570779545,0.0,9.436397172223089,0.1776210367679596,0.0,0.0,0.9840988516807556,0.21267563104629517,0.0,0.0,0.977122962474823,-0.06007081934266367
110.60774698219032,-691.0449533038937,0.0,9.435904225864832,0.17569246888160706,0.0,0.0,0.9844450950622559,0.21071675419807434,0.0,0.0,0.9775472283363342,-0.4164900001454591
111.62784310587257,-688.2480274872505,0.0,9.435403594823438,0.1736837774515152,0.0,0.0,0.9848015308380127,0.2087593823671341,0.0,0.0,0.9779671430587769,-0.06004553494663367
112.63715151858001,-685.4474568404778,0.0,9.434895768139356,0.17158913612365723,0.0,0.0,0.9851686358451843,0.20679715275764465,0.0,0.0,0.9783839583396912,-0.4164643523331317
113.63478253127144,-682.6434183857995,0.0,9.434381234853024,0.16940313577651978,0.0,0.0,0.9855467081069946,0.20482368767261505,0.0,0.0,0.9787989854812622,-0.06001954841702101
114.6198468300348,-679.8360889530144,0.0,9.433860484004896,0.1671207696199417,0.0,0.0,0.9859362840652466,0.20283277332782745,0.0,0.0,0.9792134761810303,-0.41643805178524645
115.59145547878387,-677.0256451774391,0.0,9.433334004635409,0.16473740339279175,0.0,0.0,0.9863373637199402,0.20081888139247894,0.0,0.0,0.9796284437179565,-0.059992958549875186
116.5487199212619,-674.212263497986,0.0,9.432802285785012,0.16224853694438934,0.0,0.0,0.9867498874664307,0.1987762451171875,0.0,0.0,0.9800449013710022,-0.4164111972978527
117.49075198235286,-671.3961201553741,0.0,9.432265816494148,0.15964996814727783,0.0,0.0,0.9871736168861389,0.19669966399669647,0.0,0.0,0.9804636836051941,-0.05996586414124566
118.41666386869686,-668.5773911904803,0.0,9.431725085803263,0.156937837600708,0.0,0.0,0.9876083731651306,0.19458384811878204,0.0,0.0,0.9808857440948486,-0.41638388766699996
119.32556816861438,-665.7562524428264,0.0,9.4311805827528,0.15410836040973663,0.0,0.0,0.9880537986755371,0.1924239695072174,0.0,0.0,0.9813117384910583,-0.05993836398718183
120.21657785133608,-662.9328795492005,0.0,9.430632796383202,0.15115801990032196,0.0,0.0,0.988509476184845,0.19021514058113098,0.0,0.0,0.981742262840271,-0.4163562216887375
121.08880626554316,-660.1074479424105,0.0,9.43008221573492,0.14808329939842224,0.0,0.0,0.9889748096466064,0.18795260787010193,0.0,0.0,0.9821780323982239,-0.0599105568837332
121.9413671372124,-657.2801328501806,0.0,9.429529329848393,0.14488095045089722,0.0,0.0,0.9894490242004395,0.18563181161880493,0.0,0.0,0.9826192855834961,-0.41632829815911493
122.77337456676968,-654.4511092941813,0.0,9.42897462776407,0.14154782891273499,0.0,0.0,0.9899313449859619,0.18324841558933258,0.0,0.0,0.9830665588378906,-0.05988254162694917
123.58394302555367,-651.6205520891913,0.0,9.428418598522391,0.13808086514472961,0.0,0.0,0.9904208779335022,0.18079811334609985,0.0,0.0,0.9835202097892761,-0.4163002158741817
124.37218735158706,-648.7886358423988,0.0,9.427861731163809,0.1344771832227707,0.0,0.0,0.9909166097640991,0.1782766878604889,0.0,0.0,0.9839802980422974,-0.05985441701287936
125.13722274465613,-645.9555349528373,0.0,9.427304514728759,0.13073387742042542,0.0,0.0,0.991417407989502,0.17568010091781616,0.0,0.0,0.984447181224823,-0.4162720736299872
125.87816476070117,-643.1214236109562,0.0,9.426747438257689,0.1268482208251953,0.0,0.0,0.9919220209121704,0.17300452291965485,0.0,0.0,0.9849209785461426,-0.05982628183757277
126.59412930551392,-640.2864757983309,0.0,9.426190990791047,0.1228175088763237,0.0,0.0,0.9924291372299194,0.17024566233158112,0.0,0.0,0.9854015111923218,-0.41624397022258114
127.28423262774828,-637.450865287499,0.0,9.425635661369276,0.11863917857408524,0.0,0.0,0.9929372668266296,0.16740018129348755,0.0,0.0,0.9858888983726501,-0.05979823489707925
127.9475913112372,-634.6147656419457,0.0,9.425081939032822,0.11431078612804413,0.0,0.0,0.9934449195861816,0.16446422040462494,0.0,0.0,0.9863829016685486,-0.41621600444801277
128.58332226662378,-631.7783502162085,0.0,9.424530312822125,0.10982993245124817,0.0,0.0,0.9939501285552979,0.16143421828746796,0.0,0.0,0.9868833422660828,-0.05977037498744803
129.19054272229923,-628.9417921561329,0.0,9.423981271777633,0.10519440472126007,0.0,0.0,0.9944514632225037,0.15830659866333008,0.0,0.0,0.9873898029327393,-0.4161882751023314
129.76837021465542,-626.10526439925,0.0,9.423435304939792,0.10040199011564255,0.0,0.0,0.9949468374252319,0.1550777554512024,0.0,0.0,0.987902045249939,-0.05974280090472878
130.31592257764538,-623.2689396753004,0.0,9.422892901349048,0.09545072168111801,0.0,0.0,0.995434045791626,0.15174466371536255,0.0,0.0,0.9884194731712341,-0.4161608809815867
130.83231793165805,-620.4329905068802,0.0,9.422354550045842,0.09033861011266708,0.0,0.0,0.9959110021591187,0.1483035385608673,0.0,0.0,0.9889416098594666,-0.05971561144497095
131.3166746717019,-617.5975892102393,0.0,9.42182074007062,0.08506399393081665,0.0,0.0,0.9963753819465637,0.1447511464357376,0.0,0.0,0.9894678592681885,-0.41613392088182805
131.76811145490294,-614.7629078961969,0.0,9.421291960463826,0.07962524145841599,0.0,0.0,0.9968247413635254,0.14108483493328094,0.0,0.0,0.9899973273277283,-0.05968890540422378
132.1857471873137,-611.9291184712039,0.0,9.420768700265905,0.07402101904153824,0.0,0.0,0.9972565174102783,0.1373012810945511,0.0,0.0,0.9905292391777039,-0.41610749359910476
132.56870101003418,-609.0963926385365,0.0,9.420251448517307,0.06825018674135208,0.0,0.0,0.9976680278778076,0.1333976686000824,0.0,0.0,0.9910625219345093,-0.059662781578536994
132.91609228464637,-606.2649018996249,0.0,9.419740694258467,0.062312327325344086,0.0,0.0,0.9980565309524536,0.1293707638978958,0.0,0.0,0.9915962219238281,-0.41608169792946637
133.22704057796147,-603.4348175555114,0.0,9.419236926529837,0.056207407265901566,0.0,0.0,0.998418927192688,0.12521818280220032,0.0,0.0,0.9921291470527649,-0.05963733876395971
133.50066564607923,-600.6063107084553,0.0,9.41874063437186,-0.049936551600694656,0.0,0.0,-0.9987522959709167,0.12093688547611237,0.0,0.0,0.9926600456237793,-0.4160566326689625
133.73608741776093,-597.7795522636619,0.0,9.41825230682498,-0.04350212216377258,0.0,0.0,-0.9990532398223877,0.11652465909719467,0.0,0.0,0.9931877851486206,-0.059612675756541555
133.93242597711637,-594.9547129311485,0.0,9.417772432929644,-0.0369076132774353,0.0,0.0,-0.9993185997009277,0.1119789406657219,0.0,0.0,0.9937106370925903,-0.41603239661364244
134.08880154560288,-592.1319632277504,0.0,9.417301501726294,-0.030158037319779396,0.0,0.0,-0.999545156955719,0.10729726403951645,0.0,0.0,0.9942269921302795,-0.059588891352331974
134.20433446333953,-589.311473479252,0.0,9.416840002255373,-0.023259906098246574,0.0,0.0,-0.9997294545173645,0.10247772932052612,0.0,0.0,0.9947353005409241,-0.41600908855955554
134.27814516973373,-586.4934138226615,0.0,9.416388423557335,-0.016221405938267708,0.0,0.0,-0.9998683929443359,0.09751857072114944,0.0,0.0,0.9952337741851807,-0.05956608434738053
134.30935418342264,-583.6779542086141,0.0,9.415947254672616,-0.009052630513906479,0.0,0.0,-0.9999589323997498,-0.09241743385791779,0.0,0.0,-0.9957203269004822,-0.41598680730275156
134.29708208152766,-580.8652644039166,0.0,9.415516984641663,-0.0017653265967965126,0.0,0.0,-0.9999983906745911,-0.0871729925274849,0.0,0.0,-0.9961931109428406,-0.059544353537736405
134.24044947822355,-578.0555139942153,0.0,9.41509810250492,0.005626861471682787,0.0,0.0,-0.9999842047691345,-0.08178409188985825,0.0,0.0,-0.9966499209403992,-0.41596565163927973
134.1385770026215,-575.2488723868097,0.0,9.414691097302834,0.013108339160680771,0.0,0.0,-0.9999141693115234,-0.07624923437833786,0.0,0.0,-0.997088611125946,-0.05952379771944927
133.9905852759659,-572.445508813594,0.0,9.41429645807585,0.020661735907197,0.0,0.0,-0.9997865557670593,-0.07056770473718643,0.0,0.0,-0.9975067377090454,-0.41594572036518956
133.7955948881455,-569.645592334135,0.0,9.413914673864406,0.02826778218150139,0.0,0.0,-0.9996004104614258,-0.06473874300718307,0.0,0.0,-0.997901976108551,-0.05950451568856835
133.55272637351845,-566.8492918388841,0.0,9.413546233708956,0.03590533882379532,0.0,0.0,-0.9993550777435303,-0.05876193940639496,0.0,0.0,-0.9982717633247375,-0.41592711227653045
133.2611001860516,-564.0567760525242,0.0,9.413191626649944,0.04355156421661377,0.0,0.0,-0.9990510940551758,-0.05263720452785492,0.0,0.0,-0.9986134767532349,-0.05948660624114349
132.9198366737734,-561.2682135374505,0.0,9.41285134172781,0.051181912422180176,0.0,0.0,-0.9986891746520996,-0.04636465013027191,0.0,0.0,-0.9989243745803833,-0.41590992616935196
132.5280560525414,-558.4837726973868,0.0,9.412525867982998,0.058770254254341125,0.0,0.0,-0.9982713460922241,-0.03994886949658394,0.0,0.0,-0.9992015361785889,-0.0594701681732237
132.08491581275482,-555.7036178930534,0.0,9.412215694455957,0.06628894805908203,0.0,0.0,-0.9978002905845642,-0.033405084162950516,0.0,0.0,-0.9994416832923889,-0.41589426083970343
131.5907382395899,-552.9277923322478,0.0,9.41192131018713,0.07371103018522263,0.0,0.0,-0.9972795248031616,-0.02675613947212696,0.0,0.0,-0.9996417760848999,-0.059455300280858714
131.0472092212901,-550.1561974215148,0.0,9.411643204216965,0.08101239800453186,0.0,0.0,-0.9967129230499268,-0.020024895668029785,0.0,0.0,-0.9997992515563965,-0.4158802150836345
130.45609153183028,-547.388726413381,0.0,9.411381865585902,0.08817169815301895,0.0,0.0,-0.9961051940917969,-0.013232732191681862,0.0,0.0,-0.9999122619628906,-0.05944210136009792
129.81914727842607,-544.6252724626283,0.0,9.411137783334384,0.0951702669262886,0.0,0.0,-0.9954609274864197,-0.006399587262421846,0.0,0.0,-0.9999794363975525,-0.4158678876971942
129.13813792169694,-541.8657286254687,0.0,9.410911446502862,0.10199157893657684,0.0,0.0,-0.9947851896286011,0.00045485328882932663,0.0,0.0,-0.9999998807907104,-0.05943067020699072
128.41482429719298,-539.1099878586334,0.0,9.410703344131777,0.10862124711275101,0.0,0.0,-0.994083046913147,0.007312482222914696,0.0,0.0,-0.9999731779098511,-0.41585737747643237
127.65096663829185,-536.3579430184017,0.0,9.410513965261577,0.11504685133695602,0.0,0.0,-0.9933599233627319,0.014155954122543335,0.0,0.0,-0.9998996257781982,-0.05942110561758668
126.84832460045551,-533.609486859528,0.0,9.4103437989327,0.12125762552022934,0.0,0.0,-0.9926210045814514,0.020969094708561897,0.0,0.0,-0.999779999256134,-0.4158487832173982
126.00865728685804,-530.8645120341116,0.0,9.4101933341856,0.12724432349205017,0.0,0.0,-0.9918713569641113,0.027736730873584747,0.0,0.0,-0.9996150732040405,-0.05941350638793508
125.13372327537641,-528.122911090373,0.0,9.41006306006072,0.1329989731311798,0.0,0.0,-0.9911161065101624,0.034444425255060196,0.0,0.0,-0.9994063377380371,-0.41584220371614167
124.22528064694961,-525.3845764713602,0.0,9.409953465598496,0.13851508498191833,0.0,0.0,-0.9903602600097656,0.04107866436243057,0.0,0.0,-0.9991557002067566,-0.05940797131408537
123.2850870153009,-522.6494005135665,0.0,9.409865039839378,0.1437874436378479,0.0,0.0,-0.9896085262298584,0.04762724041938782,0.0,0.0,-0.9988649487495422,-0.41583773776871147
122.31489955803221,-519.9172754454837,0.0,9.409798271823814,0.14881198108196259,0.0,0.0,-0.9888653755187988,0.05407851189374924,0.0,0.0,-0.9985365271568298,-0.05940459919208718
121.31647504908027,-517.1880933860624,0.0,9.409753650592249,0.15358597040176392,0.0,0.0,-0.9881351590156555,0.06042144075036049,0.0,0.0,-0.9981728196144104,-0.4158354841711577
120.29156989254376,-514.4617463430998,0.0,9.409731665185118,0.15810775756835938,0.0,0.0,-0.9874216914176941,0.06664577126502991,0.0,0.0,-0.9977765083312988,-0.05940348881798968
119.24194015787947,-511.738126211554,0.0,9.40973280464288,0.16237671673297882,0.0,0.0,-0.9867286682128906,0.07274231314659119,0.0,0.0,-0.9973505735397339,-0.4158355417195295
118.16934161646464,-509.0171247717702,0.0,9.40975755800597,0.16639330983161926,0.0,0.0,-0.9860592484474182,0.0787021592259407,0.0,0.0,-0.9968979954719543,-0.059404738987842653
117.07552977952828,-506.2986336876285,0.0,9.409806414314833,0.17015910148620605,0.0,0.0,-0.9854164719581604,0.08451738208532333,0.0,0.0,-0.9964218139648438,-0.4158380092098761
115.96225993745709,-503.5825445046228,0.0,9.409879862609921,0.17367658019065857,0.0,0.0,-0.9848026037216187,0.09018030017614365,0.0,0.0,-0.9959253072738647,-0.05940844849769561
114.83128720046733,-500.8687486478495,0.0,9.40997839193167,0.17694927752017975,0.0,0.0,-0.9842198491096497,0.09568413347005844,0.0,0.0,-0.9954115748405457,-0.4158429854382473
113.68436654064953,-498.1571374199212,0.0,9.41010249132053,0.17998166382312775,0.0,0.0,-0.9836698770523071,0.10102242976427078,0.0,0.0,-0.9948838949203491,-0.05941471614359756
112.52325283538947,-495.44760199880744,0.0,9.410252649816945,0.18277901411056519,0.0,0.0,-0.9831539392471313,0.1061892956495285,0.0,0.0,-0.9943457245826721,-0.4158505692006926
111.34970091215565,-492.74003343558314,0.0,9.410429356461357,0.18534773588180542,0.0,0.0,-0.9826728701591492,0.11117913573980331,0.0,0.0,-0.993800163269043,-0.05942364072159817
110.16546559466795,-490.0343226521114,0.0,9.410633100294218,0.1876949965953827,0.0,0.0,-0.9822272062301636,0.11598683148622513,0.0,0.0,-0.9932506084442139,-0.4158608592932613
108.97230175043744,-487.3303604386387,0.0,9.410864370355963,0.1898289918899536,0.0,0.0,-0.9818170666694641,0.1206076517701149,0.0,0.0,-0.9927002191543579,-0.0594353210277469
107.77196433968534,-484.62803745131436,0.0,9.411123655687046,0.1917586326599121,0.0,0.0,-0.9814419746398926,0.12503716349601746,0.0,0.0,-0.9921519756317139,-0.4158739545120029
106.5662084656377,-481.92724420962804,0.0,9.411411445327904,0.1934940069913864,0.0,0.0,-0.981101393699646,0.12927116453647614,0.0,0.0,-0.9916091561317444,-0.059449855858093203
105.35678942620189,-479.22787109377236,0.0,9.411728228318989,0.19504594802856445,0.0,0.0,-0.9807939529418945,0.13330672681331635,0.0,0.0,-0.9910746812820435,-0.4158899536529668
104.14546157570783,-476.5298083419225,0.0,9.412074493700736,0.19642451405525208,0.0,0.0,-0.9805096387863159,0.13714568316936493,0.0,0.0,-0.9905507564544678,-0.059467344008686474
102.93358812325994,-473.83294604743264,0.0,9.412450730513601,0.19764438271522522,0.0,0.0,-0.9802582263946533,0.1407947838306427,0.0,0.0,-0.9900386929512024,-0.41590895551220247
101.72157839321058,-471.1371741559663,0.0,9.41285742779802,0.19871656596660614,0.0,0.0,-0.9800374507904053,0.14426136016845703,0.0,0.0,-0.9895395040512085,-0.059487884275576275
100.50969912707255,-468.44238246252655,0.0,9.413295074594442,0.19965100288391113,0.0,0.0,-0.9798452854156494,0.14755184948444366,0.0,0.0,-0.989054262638092,-0.41593105888575915
99.29821708142539,-465.74846060842947,0.0,9.413764159943316,0.20045660436153412,0.0,0.0,-0.9796798229217529,0.15067307651042938,0.0,0.0,-0.9885836839675903,-0.05951157545481234
98.08739903704804,-463.05529807817743,0.0,9.414265172885075,0.20114140212535858,0.0,0.0,-0.9795395135879517,0.15363122522830963,0.0,0.0,-0.9881282448768616,-0.41595636256968643
96.87751180827007,-460.3627841962636,0.0,9.414798602460177,0.2017126977443695,0.0,0.0,-0.9794226884841919,0.15643203258514404,0.0,0.0,-0.9876887202262878,-0.05953851634244367
95.66882225253724,-457.67080812389537,0.0,9.415364937709054,0.20217694342136383,0.0,0.0,-0.9793280959129333,0.15908101201057434,0.0,0.0,-0.9872655272483826,-0.4159849653600338
94.4615972801883,-454.97925885563353,0.0,9.415964667672162,0.20254001021385193,0.0,0.0,-0.9792545437812805,0.16158360242843628,0.0,0.0,-0.9868590831756592,-0.05956880573451978
93.25610386445011,-452.28802521595554,0.0,9.41659828138994,0.2028072327375412,0.0,0.0,-0.9792007803916931,0.16394472122192383,0.0,0.0,-0.9864696264266968,-0.4160169660528509
92.05260905164586,-449.5969958557363,0.0,9.417266267902836,0.2029833197593689,0.0,0.0,-0.9791659116744995,0.16616925597190857,0.0,0.0,-0.9860973358154297,-0.05960254242709029
90.85137997161739,-446.90605924864553,0.0,9.417969116251289,0.20307262241840363,0.0,0.0,-0.9791489839553833,0.1682615429162979,0.0,0.0,-0.9857425093650818,-0.4160524634441869
89.65268384836769,-444.2151036874719,0.0,9.418707315475745,0.2030792385339737,0.0,0.0,-0.9791490435600281,0.17022573947906494,0.0,0.0,-0.9854052066802979,-0.0596398252162042
88.45678801091451,-441.52401728035807,0.0,9.419481354616655,0.20300686359405518,0.0,0.0,-0.9791653156280518,0.17206606268882751,0.0,0.0,-0.9850854873657227,-0.4160915563300915
87.26395990436481,-438.8326879469618,0.0,9.420291722714461,0.20285895466804504,0.0,0.0,-0.9791970252990723,0.1737862527370453,0.0,0.0,-0.984783411026001,-0.05968075289791158
86.07446710120286,-436.1410034145304,0.0,9.421138908809606,0.20263874530792236,0.0,0.0,-0.9792434573173523,0.1753900945186615,0.0,0.0,-0.9844990372657776,-0.41613434350661394
84.88857731279808,-433.4488512138971,0.0,9.422023401942537,0.20234930515289307,0.0,0.0,-0.9793038964271545,0.17688071727752686,0.0,0.0,-0.9842322468757629,-0.05972542426826166
83.70655840112947,-430.7561186753951,0.0,9.422945691153693,0.20199355483055115,0.0,0.0,-0.9793776273727417,0.17826178669929504,0.0,0.0,-0.983983039855957,-0.4161809237698036
82.52867839072807,-428.06269292468806,0.0,9.423906265483526,0.20157429575920105,0.0,0.0,-0.979464054107666,0.17953608930110931,0.0,0.0,-0.9837512969970703,-0.05977393812330378
81.35520548084129,-425.3684608785264,0.0,9.424905613972479,0.20109429955482483,0.0,0.0,-0.979562520980835,0.1807064265012741,0.0,0.0,-0.9835370182991028,-0.4162313959157103
80.18640805781135,-422.67330924040914,0.0,9.425944225660993,0.20055630803108215,0.0,0.0,-0.9796723127365112,0.18177592754364014,0.0,0.0,-0.9833398461341858,-0.05982639325908734
79.02255470767905,-419.9771244961777,0.0,9.427022589589514,0.19996298849582672,0.0,0.0,-0.9797928333282471,0.18274706602096558,0.0,0.0,-0.9831598401069641,-0.41628585874038304
77.86391422900255,-417.279792909513,0.0,9.428141194798492,0.199317067861557,0.0,0.0,-0.9799234867095947,0.1836223155260086,0.0,0.0,-0.9829968810081482,-0.059882888471661955
76.71075564590124,-414.58120051736216,0.0,9.429300530328364,0.19862118363380432,0.0,0.0,-0.9800636172294617,0.1844039112329483,0.0,0.0,-0.9828505516052246,-0.4163444110398716
75.56334822132023,-411.88123312527864,0.0,9.430501085219586,0.19787810742855072,0.0,0.0,-0.9802125692367554,0.1850934624671936,0.0,0.0,-0.9827161431312561,-0.059943522557077134
74.42196147214015,-409.17977630653456,0.0,9.43174333503765,0.19709065556526184,0.0,0.0,-0.9803696274757385,0.18569397926330566,0.0,0.0,-0.9825994968414307,-0.41640715092967284
73.28686532473792,-406.47671573628554,0.0,9.433026572674876,0.19626165926456451,0.0,0.0,-0.9805341362953186,0.18620799481868744,0.0,0.0,-0.9824999570846558,-0.06000833253875526
72.1583184167679,-403.77194286908957,0.0,9.434348002483217,0.19539403915405273,0.0,0.0,-0.9807054996490479,0.18663892149925232,0.0,0.0,-0.9824168086051941,-0.41647388980888195
71.03645298716492,-401.0654039400328,0.0,9.435704615587992,0.19449061155319214,0.0,0.0,-0.9808831214904785,0.18699033558368683,0.0,0.0,-0.9823493361473083,-0.06007684835212779
69.92132517798971,-398.35707858054474,0.0,9.43709340311452,0.19355377554893494,0.0,0.0,-0.9810663461685181,0.18726544082164764,0.0,0.0,-0.9822967648506165,-0.41654403059304995
68.81299057012393,-395.64694770776384,0.0,9.438511356188114,0.19258585572242737,0.0,0.0,-0.9812546372413635,0.1874677836894989,0.0,0.0,-0.9822583794593811,-0.060148462143723436
67.71150523135125,-392.9349930769752,0.0,9.439955465934093,0.19158881902694702,0.0,0.0,-0.9814476370811462,0.1876002997159958,0.0,0.0,-0.9822335243225098,-0.4166169654287054
66.61692570681898,-390.22119728356586,0.0,9.441422723477777,0.19056448340415955,0.0,0.0,-0.9816448092460632,0.187666118144989,0.0,0.0,-0.9822215437889099,-0.06022256606007115
65.52930900922229,-387.5055437650127,0.0,9.442910119944475,0.18951444327831268,0.0,0.0,-0.9818457961082458,0.1876678317785263,0.0,0.0,-0.982221782207489,-0.4166920864623771
64.44871260872422,-384.7880168029365,0.0,9.444414646459508,0.18844018876552582,0.0,0.0,-0.9820502400398254,0.18760812282562256,0.0,0.0,-0.9822336435317993,-0.06029855224769903
63.37519442259885,-382.0686015251941,0.0,9.445933294148196,0.18734301626682281,0.0,0.0,-0.9822578430175781,0.1874896138906479,0.0,0.0,-0.9822566509246826,-0.4167687858405936
62.30881280460394,-379.3472839080227,0.0,9.44746305413585,0.1862257719039917,0.0,0.0,-0.9824773073196411,0.18731461465358734,0.0,0.0,-0.9822902083396912,-0.0603758128531362
61.24962653408104,-376.6240507782352,0.0,9.449000917547789,0.18508604168891907,0.0,0.0,-0.9826894402503967,0.18708544969558716,0.0,0.0,-0.9823338389396667,-0.4168464557098834
60.19769480478264,-373.8988898154637,0.0,9.450543875509332,0.18392826616764069,0.0,0.0,-0.982913076877594,0.18680426478385925,0.0,0.0,-0.9823870062828064,-0.060453740022911207
59.15307721342429,-371.1717895544501,0.0,9.452088919145794,0.18274980783462524,0.0,0.0,-0.9831289052963257,0.1864730417728424,0.0,0.0,-0.9824493527412415,-0.41692448821677536
58.115833747965894,-368.4427393873917,0.0,9.453633039582495,0.18155494332313538,0.0,0.0,-0.9833561182022095,0.18609389662742615,0.0,0.0,-0.982520341873169,-0.06053172590355266
57.086024775615535,-365.7117295663302,0.0,9.455173227944742,0.18034245073795319,0.0,0.0,-0.9835838675498962,0.18566849827766418,0.0,0.0,-0.9825995564460754,-0.41700227550779795
56.06371103056202,-362.9787512055962,0.0,9.456706475357866,0.17911143600940704,0.0,0.0,-0.9838036298751831,0.18519854545593262,0.0,0.0,-0.9826866984367371,-0.06060916264158922
55.04895360142911,-360.24379628429585,0.0,9.45822977294717,0.1778659075498581,0.0,0.0,-0.9840342998504639,0.1846858561038971,0.0,0.0,-0.9827812314033508,-0.4170792097294799
54.04181391845996,-357.50685764885844,0.0,9.45974011183798,0.1766044646501541,0.0,0.0,-0.9842653274536133,0.18413197994232178,0.0,0.0,-0.9828828573226929,-0.06068544238354934
53.0423537404201,-354.7679290156194,0.0,9.461234483155609,0.1753275990486145,0.0,0.0,-0.9844967126846313,0.18353846669197083,0.0,0.0,-0.9829912781715393,-0.41715468302835007
52.05063514123079,-352.0270049734666,0.0,9.462709878025377,0.1740342378616333,0.0,0.0,-0.9847196340560913,0.18290750682353973,0.0,0.0,-0.9831109642982483,-0.060759957275961896
51.06672049632357,-349.284080986528,0.0,9.464163287572596,0.1727280467748642,0.0,0.0,-0.9849534034729004,0.18223965167999268,0.0,0.0,-0.9832369089126587,-0.4172280875509369
50.09067246872037,-346.53915339691235,0.0,9.465591702922588,0.171407550573349,0.0,0.0,-0.9851870536804199,0.18153615295886993,0.0,0.0,-0.9833687543869019,-0.060832099465355394
49.122553994837936,-343.79221942749865,0.0,9.466992115200664,0.1700730323791504,0.0,0.0,-0.9854208827018738,0.1807982623577118,0.0,0.0,-0.9835061430931091,-0.41729881544376907
48.162428270015916,-341.04327718477504,0.0,9.468361515532145,0.16872480511665344,0.0,0.0,-0.9856547117233276,0.18002712726593018,0.0,0.0,-0.9836488962173462,-0.060901261098258386
47.21035873377159,-338.292325661732,0.0,9.46969689504235,0.16736310720443726,0.0,0.0,-0.9858884811401367,0.17922383546829224,0.0,0.0,-0.9837967753410339,-0.4173662588533754
46.26640905477471,-335.53936474079495,0.0,9.470995244856589,0.16598819196224213,0.0,0.0,-0.9861223101615906,0.17838943004608154,0.0,0.0,-0.9839495420455933,-0.0609668343211997
45.33064311555212,-332.7843951968198,0.0,9.472253556100183,0.1646002233028412,0.0,0.0,-0.9863559603691101,0.17752490937709808,0.0,0.0,-0.9841068983078003,-0.41742980992628426
44.40312499691323,-330.02741870012886,0.0,9.473468819898452,0.16319940984249115,0.0,0.0,-0.9865895509719849,0.17663130164146423,0.0,0.0,-0.9842686653137207,-0.06102821128070823
43.48391896210191,-327.2684378195999,0.0,9.474638027376706,0.16178590059280396,0.0,0.0,-0.9868229627609253,0.17570939660072327,0.0,0.0,-0.9844343662261963,-0.41748886080902436
42.57308944067237,-324.5074560258008,0.0,9.475758169660265,0.16035988926887512,0.0,0.0,-0.987056314945221,0.1747601181268692,0.0,0.0,-0.9846040606498718,-0.06108478412331225
41.67070101209377,-321.7444776941851,0.0,9.476826237874443,0.15892145037651062,0.0,0.0,-0.987289309501648,0.17378418147563934,0.0,0.0,-0.9847774505615234,-0.41754280364812424
40.776818389075984,-318.9795081083216,0.0,9.477839223144565,0.1574707329273224,0.0,0.0,-0.9875221252441406,0.17278237640857697,0.0,0.0,-0.984954297542572,-0.06113594499554065
39.89150640062466,-316.21255346318355,0.0,9.478794116595939,0.15600784122943878,0.0,0.0,-0.9877545833587646,0.17175552248954773,0.0,0.0,-0.9851344227790833,-0.41759103059011277
39.0148299748233,-313.443620868487,0.0,9.479687909353885,0.15453289449214935,0.0,0.0,-0.9879866242408752,0.17070412635803223,0.0,0.0,-0.985317587852478,-0.06118108604392175
38.14685412134043,-310.6727183520725,0.0,9.48051759254372,0.15304598212242126,0.0,0.0,-0.9882181882858276,0.1696290373802185,0.0,0.0,-0.9855036735534668,-0.4176329337815186
37.287643913666116,-307.89985486334024,0.0,9.481280157290763,0.15154722332954407,0.0,0.0,-0.9884492754936218,0.16853080689907074,0.0,0.0,-0.9856925010681152,-0.06121959941498456
36.43726447107724,-305.12504027673447,0.0,9.481972594720329,0.15003667771816254,0.0,0.0,-0.988679826259613,0.16741007566452026,0.0,0.0,-0.985883891582489,-0.4176679053688704
35.59578094033135,-302.34828539527484,0.0,9.482591895957734,0.14851441979408264,0.0,0.0,-0.9889098405838013,0.1662672907114029,0.0,0.0,-0.9860774874687195,-0.061250877255257574
34.7632584770906,-299.5696019541366,0.0,9.483135052128294,0.14698050916194916,0.0,0.0,-0.9891390800476074,0.16510310769081116,0.0,0.0,-0.986273467540741,-0.4176953374986966
33.93976222707693,-296.7890026242795,0.0,9.483599054357326,0.14543497562408447,0.0,0.0,-0.9893674850463867,0.16391797363758087,0.0,0.0,-0.9864714741706848,-0.06127431171126935
33.12535730695963,-294.00650101612723,0.0,9.48398089377015,0.14387798309326172,0.0,0.0,-0.9895951747894287,0.1627124398946762,0.0,0.0,-0.9866712689399719,-0.4177146223175261
32.32010878497433,-291.22211168329034,0.0,9.484277561492078,0.1423095464706421,0.0,0.0,-0.9898219108581543,0.1614869087934494,0.0,0.0,-0.9868728518486023,-0.06128929492954854
31.524081661278053,-288.43585012634287,0.0,9.484486048648431,0.14072972536087036,0.0,0.0,-0.990047812461853,0.16024188697338104,0.0,0.0,-0.9870760440826416,-0.41772515197188737
30.737340848036915,-285.6477327966395,0.0,9.484603346364526,0.1391385793685913,0.0,0.0,-0.9902726411819458,0.1589776873588562,0.0,0.0,-0.9872806072235107,-0.06129521905662405
29.95995114925347,-282.85777710018994,0.0,9.484626445765675,0.1375361680984497,0.0,0.0,-0.9904965758323669,0.15769481658935547,0.0,0.0,-0.9874865412712097,-0.41772631860830906
29.191977240327816,-280.06600140156814,0.0,9.484552337977203,0.13592255115509033,0.0,0.0,-0.9907193779945374,0.15639357268810272,0.0,0.0,-0.9876935482025146,-0.06129147623902437
28.43348364736145,-277.2724250278798,0.0,9.484378014124415,0.13429775834083557,0.0,0.0,-0.9909409284591675,0.1550743728876114,0.0,0.0,-0.9879016280174255,-0.41771751437331983
27.684534726199402,-274.4770682727685,0.0,9.484100465332642,0.1326618641614914,0.0,0.0,-0.9911612868309021,0.15373751521110535,0.0,0.0,-0.9881106615066528,-0.061277458623278214
26.945194641216467,-271.6799524004757,0.0,9.483716682727188,0.13101492822170258,0.0,0.0,-0.9913803339004517,0.1523834615945816,0.0,0.0,-0.9883204698562622,-0.4176981314134484
26.21552734384502,-268.8810996499377,0.0,9.483223657433372,0.1293569952249527,0.0,0.0,-0.9915979504585266,0.15101251006126404,0.0,0.0,-0.9885308742523193,-0.061252558355913755
25.495596550850124,-266.0805332389342,0.0,9.482618380576522,0.12768815457820892,0.0,0.0,-0.9918142557144165,0.14962485432624817,0.0,0.0,-0.988741934299469,-0.4176675618752237
24.785465722352647,-263.2782773682854,0.0,9.481897843281942,0.12600849568843842,0.0,0.0,-0.9920290112495422,0.14822086691856384,0.0,0.0,-0.9889535307884216,-0.06121616758346027
24.085198039599263,-260.4743572260834,0.0,9.481059036674955,0.12431808561086655,0.0,0.0,-0.9922422170639038,0.14680077135562897,0.0,0.0,-0.9891653656959534,-0.4176251979051738
23.39485638248654,-257.6687989919785,0.0,9.480098951880874,0.12261712551116943,0.0,0.0,-0.992453932762146,0.14536483585834503,0.0,0.0,-0.9893774390220642,-0.06116767845244614
22.714503306836786,-254.86162984150343,0.0,9.479014580025023,0.12090583890676498,0.0,0.0,-0.9926638007164001,0.1439133733510971,0.0,0.0,-0.9895896315574646,-0.4175704316498277
22.044201021430883,-252.05287795044512,0.0,9.477802912232708,0.11918461322784424,0.0,0.0,-0.9928719401359558,0.14244665205478668,0.0,0.0,-0.9898018836975098,-0.06110648310939992
21.3840113647982,-249.2425724992562,0.0,9.47646093962926,0.11745397746562958,0.0,0.0,-0.9930782318115234,0.14096486568450928,0.0,0.0,-0.9900140166282654,-0.4175026552557141
20.733995781768254,-246.4307436775143,0.0,9.47498565333998,0.11571457982063293,0.0,0.0,-0.9932823777198792,0.13946829736232758,0.0,0.0,-0.9902259707450867,-0.061031973700850506
20.094215299784402,-243.61742268841908,0.0,9.473374044490196,0.1139673963189125,0.0,0.0,-0.9934842586517334,0.1379571110010147,0.0,0.0,-0.9904376864433289,-0.41742126086936143
19.464730504983205,-240.80264175333159,0.0,9.47162310420522,0.11221349984407425,0.0,0.0,-0.9936839938163757,0.1364315152168274,0.0,0.0,-0.9906489849090576,-0.06094354237332639
18.845601518043136,-237.98643411635805,0.0,9.46972982361037,0.11045417934656143,0.0,0.0,-0.9938811659812927,0.13489177823066711,0.0,0.0,-0.990859866142273,-0.4173256406372983
18.236887969803526,-235.1688340489707,0.0,9.467691193830966,0.10869097709655762,0.0,0.0,-0.9940756559371948,0.1333380937576294,0.0,0.0,-0.9910701513290405,-0.06084058127335651
17.63864897665895,-232.34987685467354,0.0,9.465504205992316,0.10692562162876129,0.0,0.0,-0.9942671656608582,0.13177061080932617,0.0,0.0,-0.9912799000740051,-0.4172151867060534
17.050943115729556,-229.52959887370207,0.0,9.463165851219749,0.10516004264354706,0.0,0.0,-0.9944552779197693,0.13018955290317535,0.0,0.0,-0.9914888143539429,-0.06072248254746926
16.47382839981344,-226.70803748776876,0.0,9.460673120638571,0.10339641571044922,0.0,0.0,-0.9946402311325073,0.12859509885311127,0.0,0.0,-0.991696834564209,-0.4170892912221555
15.90736225212071,-223.88523112483745,0.0,9.458023005374104,0.101637102663517,0.0,0.0,-0.9948214888572693,0.12698744237422943,0.0,0.0,-0.991904079914093,-0.06058863834219319
15.351601480797262,-221.06121926394704,0.0,9.455212496551665,0.09988459944725037,0.0,0.0,-0.9949988722801208,0.12536673247814178,0.0,0.0,-0.9921102523803711,-0.4169473463321333
14.806602659222463,-218.23604456610258,0.0,9.452231474764897,0.0981416404247284,0.0,0.0,-0.995172381401062,0.12373317778110504,0.0,0.0,-0.9923152923583984,-0.06043808168629583
14.27245546089561,-215.40993145569092,0.0,9.448473034584593,0.09641117602586746,0.0,0.0,-0.9953415989875793,0.12208699434995651,0.0,0.0,-0.9925192594528198,-0.4167575261210068
13.749336179662007,-212.58359788858596,0.0,9.442291321565843,0.09469637274742126,0.0,0.0,-0.9955061674118042,0.12042834609746933,0.0,0.0,-0.9927219152450562,-0.06012587395807617
13.237503910444469,-209.75828838584488,0.0,9.431936324863305,0.09300070255994797,0.0,0.0,-0.995665967464447,0.11875764280557632,0.0,0.0,-0.9929232001304626,-0.4162345464895655
12.737290430037557,-206.9357759911273,0.0,9.41565803363164,0.0913279578089714,0.0,0.0,-0.9958207607269287,0.11707601696252823,0.0,0.0,-0.9931228756904602,-0.059303738037285
12.24906961375262,-204.11835124078416,0.0,9.39170643702551,0.0896822139620781,0.0,0.0,-0.9959703683853149,0.1153864860534668,0.0,0.0,-0.9933205246925354,-0.4150248698932963
11.773004367284539,-201.30866920218207,0.0,9.35833152419956,0.088067427277565,0.0,0.0,-0.9961144328117371,0.113693006336689,0.0,0.0,-0.9935157895088196,-0.05761813637940871
11.309124181622893,-198.5098074559844,0.0,9.313783284308476,0.08648722618818283,0.0,0.0,-0.9962528944015503,0.11199942976236343,0.0,0.0,-0.9937081336975098,-0.41277495878768605
10.857500638137351,-195.7253668550865,0.0,9.25638440068942,0.08494482934474945,0.0,0.0,-0.9963855147361755,0.11030948907136917,0.0,0.0,-0.9938971400260925,-0.054719202863294736
10.418167294430676,-192.9589622427558,0.0,9.186176677015018,0.08344317972660065,0.0,0.0,-0.9965124130249023,0.1086268350481987,0.0,0.0,-0.9940825700759888,-0.4092291141576658
9.991044914204604,-190.21369933624982,0.0,9.10494764941483,0.08198487013578415,0.0,0.0,-0.9966335296630859,0.1069548949599266,0.0,0.0,-0.9942638278007507,-0.05061672672187112
9.575951472047846,-187.49215093165262,0.0,9.014562871018935,0.08057214319705963,0.0,0.0,-0.9967487454414368,0.10529697686433792,0.0,0.0,-0.9944407939910889,-0.4046642263598933
9.172614555114174,-184.7963555426881,0.0,8.916887894957396,0.07920625060796738,0.0,0.0,-0.996849775314331,0.10365608334541321,0.0,0.0,-0.9946131110191345,-0.04568364712280343
8.780682229556044,-182.12781510415712,0.0,8.813788274360286,0.07788961380720139,0.0,0.0,-0.9969464540481567,0.10203514993190765,0.0,0.0,-0.9947806000709534,-0.3994571748145847
8.3997323967925,-179.48749181316168,0.0,8.707129562357677,0.07662352174520493,0.0,0.0,-0.9970388412475586,0.10043676197528839,0.0,0.0,-0.9949432015419006,-0.040296843486308076
8.029280689577725,-176.87580418586896,0.0,8.59877731207964,0.0754089504480362,0.0,0.0,-0.9971268177032471,0.09886337071657181,0.0,0.0,-0.9951007962226868,-0.39398483894195657
7.668786977164801,-174.29262240807674,0.0,8.490597076656245,0.07424662262201309,0.0,0.0,-0.9972104430198669,0.09731711447238922,0.0,0.0,-0.9952532052993774,-0.034833195232601255
7.317660562843266,-171.73726305428755,0.0,8.384454409217566,0.07313689589500427,0.0,0.0,-0.997289776802063,0.09579996764659882,0.0,0.0,-0.9954004287719727,-0.3886240981622253
6.975264166071566,-169.20848324276594,0.0,8.282214862893671,0.07207989692687988,0.0,0.0,-0.99736487865448,0.09431367367506027,0.0,0.0,-0.9955423474311829,-0.029669581781899435
6.640924480865021,-166.70453230422325,0.0,8.185554498327676,0.07107549905776978,0.0,0.0,-0.9974357485771179,0.09285973757505417,0.0,0.0,-0.9956790208816528,-0.38374226156798313
6.314012290907753,-164.2237464717491,0.0,8.094190593850445,0.07012339681386948,0.0,0.0,-0.9975025057792664,0.09143953025341034,0.0,0.0,-0.9958104491233826,-0.025055243171938357
5.993985157503646,-161.7649038919967,0.0,8.006683696872942,0.06922297924757004,0.0,0.0,-0.9975652694702148,0.0900542214512825,0.0,0.0,-0.9959366917610168,-0.37932272131659406
5.680382891061291,-159.32723249108778,0.0,7.921579359434782,0.06837362796068192,0.0,0.0,-0.9976241588592529,0.08870483189821243,0.0,0.0,-0.9960578083992004,-0.02075704431142522
5.37282329510657,-156.91041370294707,0.0,7.837423133575582,0.06757453829050064,0.0,0.0,-0.9976792335510254,0.08739231526851654,0.0,0.0,-0.9961737990379333,-0.3750724068792607
5.070998743751913,-154.51458660146045,0.0,7.752760571334959,0.06682470440864563,0.0,0.0,-0.9977306723594666,0.08611741662025452,0.0,0.0,-0.9962847828865051,-0.016481157329575613
4.7746735372179385,-152.14035240067545,0.0,7.666137224752535,0.0661231279373169,0.0,0.0,-0.9977785348892212,0.08488085120916367,0.0,0.0,-0.9963908791542053,-0.3706974903851989
4.4836819847572675,-149.78877928234823,0.0,7.576098645867891,0.0654686987400055,0.0,0.0,-0.9978229999542236,0.08368317782878876,0.0,0.0,-0.9964921474456787,-0.011933754355603676
4.197927166470816,-147.46140750325304,0.0,7.481190386720708,0.06485994905233383,0.0,0.0,-0.9978641867637634,0.08252480626106262,0.0,0.0,-0.9965887665748596,-0.365904143963624
3.917380325189438,-145.16025472596698,0.0,7.379957999350572,0.06429498642683029,0.0,0.0,-0.9979022741317749,0.08140616118907928,0.0,0.0,-0.9966807961463928,-0.006821007518728106
3.6420808369758793,-142.8878215064179,0.0,7.270947035797103,0.06377124786376953,0.0,0.0,-0.9979374408721924,0.08032747358083725,0.0,0.0,-0.9967682957649231,-0.3603985397437518
3.372136704069722,-140.64709685950064,0.0,7.152703048099916,0.06328532844781876,0.0,0.0,-0.9979699850082397,0.07928893715143204,0.0,0.0,-0.9968515038490295,-0.0008490889481631569
3.1077255074548593,-138.44156381061185,0.0,7.023771588298631,0.06283285468816757,0.0,0.0,-0.9980002045631409,0.07829061150550842,0.0,0.0,-0.9969304203987122,-0.353886849854798
2.849092358991614,-136.27517638622612,0.0,6.882788457610018,0.062408383935689926,0.0,0.0,-0.9980283975601196,0.07733242958784103,0.0,0.0,-0.9970051646232605,0.006271271187625438
2.5964759653877123,-134.15172800833054,0.0,6.73040435177535,0.062005188316106796,0.0,0.0,-0.9980549812316895,0.07641427218914032,0.0,0.0,-0.9970760345458984,-0.34619068289345123
2.3500362222779394,-132.07422102512993,0.0,6.569251631537981,0.061615239828825,0.0,0.0,-0.9980804920196533,0.07553582638502121,0.0,0.0,-0.9971429705619812,0.01441029746224004
2.1098523246040335,-130.04482941431132,0.0,6.4020462603378,0.06122902035713196,0.0,0.0,-0.9981054663658142,0.07469681650400162,0.0,0.0,-0.9972061514854431,-0.3377459671762703
1.875922888893668,-128.0648875404494,0.0,6.231504201614695,0.060835592448711395,0.0,0.0,-0.9981306791305542,0.07389666885137558,0.0,0.0,-0.9972656965255737,0.023023532751285714
1.6481650900074232,-126.13487892556974,0.0,6.060341418808559,0.06042240560054779,0.0,0.0,-0.9981566667556763,0.07313485443592072,0.0,0.0,-0.9973219037055969,-0.3291013821860614
1.4264129700953008,-124.25442518673289,0.0,5.891273875359277,0.059975460171699524,0.0,0.0,-0.998184323310852,0.07241068035364151,0.0,0.0,-0.9973747134208679,0.031562297571956555
1.2104150733635626,-122.42227526189714,0.0,5.727017534706736,0.05947904661297798,0.0,0.0,-0.9982144236564636,0.07172313332557678,0.0,0.0,-0.9974198341369629,-0.3208056074056301
0.9998315485786726,-120.63629500705831,0.0,5.570288360290828,0.05891598016023636,0.0,0.0,-0.9982478618621826,0.07107178866863251,0.0,0.0,-0.9974626302719116,0.03947791244144688
0.7942308430225891,-118.89345720456976,0.0,5.423802315551446,0.058267299085855484,0.0,0.0,-0.9982855319976807,0.07045572251081467,0.0,0.0,-0.9975031614303589,-0.3134073223177825
0.5930860877914097,-117.18983197523127,0.0,5.290275363928469,0.05751211568713188,0.0,0.0,-0.9983282685279846,0.069874107837677,0.0,0.0,-0.9975414276123047,0.04622169787695074
0.3957712457438487,-115.52057753591245,0.0,5.172423468861795,0.056627485901117325,0.0,0.0,-0.9983769655227661,0.06932608038187027,0.0,0.0,-0.9975774884223938,-0.3074552064053242
0.20156622179972894,-113.88000851653231,0.0,5.072723751891473,0.055587831884622574,0.0,0.0,-0.9984323382377625,0.06880887597799301,0.0,0.0,-0.9976115226745605,0.05125703711787605
0.009852419472074103,-112.26326963810001,0.0,4.988469600197106,0.05436455458402634,0.0,0.0,-0.9984950423240662,0.06830939650535583,0.0,0.0,-0.9976443648338318,-0.30319994621873997
-0.1793069254282713,-110.66819608558357,0.0,4.911937062040591,0.05292758345603943,0.0,0.0,-0.9985772371292114,0.06780023872852325,0.0,0.0,-0.9976775646209717,0.05512231682275051
-0.36415911071743745,-109.0959121850146,0.0,4.835395090290885,0.05124855041503906,0.0,0.0,-0.9986688494682312,0.06725335121154785,0.0,0.0,-0.9977127313613892,-0.2993341900697649
-0.5426578579893245,-107.54875907212529,0.0,4.7553897466601365,0.04930318146944046,0.0,0.0,-0.998769998550415,0.06664350628852844,0.0,0.0,-0.9977512359619141,0.0591629907434954
-0.7129857192187762,-106.02875042157055,0.0,4.672590384659918,0.04707033932209015,0.0,0.0,-0.9988802671432495,0.0659482479095459,0.0,0.0,-0.9977998733520508,-0.2951524041101579
-0.873559316886378,-104.5375160671209,0.0,4.587834037769128,0.04453180357813835,0.0,0.0,-0.998998761177063,0.06514688581228256,0.0,0.0,-0.9978547692298889,0.06344361432383833
-1.023022502327712,-103.07630331087027,0.0,4.501957739466677,0.041671887040138245,0.0,0.0,-0.9991238713264465,0.06422097980976105,0.0,0.0,-0.9979168176651001,-0.29081521732720583
-1.1602345212951042,-101.64598117052388,0.0,4.415798523231473,0.038477297872304916,0.0,0.0,-0.9992533922195435,0.06315401196479797,0.0,0.0,-0.9979866743087769,0.06779508989127286
-1.284253819720054,-100.24704721196014,0.0,4.330193422542422,0.03493693098425865,0.0,0.0,-0.9993845820426941,0.06193111091852188,0.0,0.0,-0.9980649948120117,-0.2864917273934154
-1.394318103805562,-98.87963662200355,0.0,4.2459794708784315,-0.03104127012193203,0.0,0.0,0.9995140433311462,0.060538846999406815,0.0,0.0,-0.998151957988739,0.0720483197732926
-1.489821231437459,-97.54353319428364,0.0,4.163993701718408,-0.026783309876918793,0.0,0.0,0.9996379017829895,0.05896507948637009,0.0,0.0,-0.998247504234314,-0.282351031981293
-1.570287458144859,-96.23818192842786,0.0,4.085073148541259,-0.02215738780796528,0.0,0.0,0.9997517466545105,0.057198572903871536,0.0,0.0,-0.998351514339447,0.07603420629739108
-1.6353434921159373,-94.96270297860595,0.0,4.0100548448258895,-0.017159145325422287,0.0,0.0,0.9998504519462585,0.055229004472494125,0.0,0.0,-0.9984635710716248,-0.2785622287633451
-1.6846887306222829,-93.71590673079709,0.0,3.939775824051209,-0.011785674840211868,0.0,0.0,0.9999286532402039,0.053046613931655884,0.0,0.0,-0.9985828399658203,0.0795836517910618
-1.7180639560041189,-92.49630983829586,0.0,3.8750731196961223,-0.006035034544765949,0.0,0.0,0.9999802708625793,0.050641801208257675,0.0,0.0,-0.9987085461616516,-0.2752944154120781
-1.7352186642773004,-91.30215210122839,0.0,3.816783765239537,9.403470903635025e-05,0.0,0.0,0.9999986886978149,-0.048005785793066025,0.0,0.0,0.9988395571708679,0.08252755858179844
-1.7358770843111153,-90.13141413781067,0.0,3.7657447941603603,0.006602540612220764,0.0,0.0,0.9999771118164062,-0.04512827470898628,0.0,0.0,0.9989743232727051,-0.27271668959999845
-1.719702820927442,-88.98183586230351,0.0,3.7227932399375,0.013491635210812092,0.0,0.0,0.9999080896377563,-0.041999850422143936,0.0,0.0,0.9991114735603333,0.08469682899709441
-1.6862667063840282,-87.8510629808086,0.0,3.6883499255854226,0.020762871950864792,0.0,0.0,0.9997835755348206,-0.038610100746154785,0.0,0.0,0.999248743057251,-0.2709771282690855
-1.635050195463214,-86.73724521040933,0.0,3.6609125743838478,0.02841838449239731,0.0,0.0,0.9995953440666199,-0.03494858741760254,0.0,0.0,0.9993840456008911,0.08608255380525481
-1.5654784049568595,-85.63919486949891,0.0,3.6384238583909165,0.03646057844161987,0.0,0.0,0.999334454536438,-0.03100450336933136,0.0,0.0,0.9995146989822388,-0.26984133453206877
-1.476960997998089,-84.55636853502887,0.0,3.61882639629696,0.04489193484187126,0.0,0.0,0.9989911913871765,-0.02676708810031414,0.0,0.0,0.9996376037597656,0.0870723246180809
-1.3689395952227708,-83.48884489932752,0.0,3.6000628067923275,0.05371470749378204,0.0,0.0,0.9985557794570923,-0.022226013243198395,0.0,0.0,0.9997492432594299,-0.26889367849648127
-1.2409416546677705,-82.4372989008412,0.0,3.5800757085673487,0.06293041259050369,0.0,0.0,0.9980174899101257,-0.017371762543916702,0.0,0.0,0.9998457431793213,0.08808177402338285
-1.0926406182928203,-81.4029722499225,0.0,3.5568077203123614,0.07253944873809814,0.0,0.0,0.9973650574684143,-0.012195918709039688,0.0,0.0,0.9999225735664368,-0.2677185275745122
-0.9239217951398335,-80.38764004144996,0.0,3.528203354075614,0.0825406014919281,0.0,0.0,0.996587336063385,-0.006691785994917154,0.0,0.0,0.9999748468399048,0.08952643898483473
-0.7349096261541046,-79.39335895871882,0.0,3.4929702321102267,0.09293051064014435,0.0,0.0,0.995672345161438,-0.0008544456213712692,0.0,0.0,0.9999971389770508,-0.2659390769701997
-0.5258947150223428,-78.42190190987084,0.0,3.451744479069103,0.10370383411645889,0.0,0.0,0.9946079850196838,0.005318914540112019,0.0,0.0,0.9999836683273315,0.09160854772428542
-0.2973000332702074,-77.47468061864036,0.0,3.4054621932479576,0.11485328525304794,0.0,0.0,0.9933822154998779,0.011829249560832977,0.0,0.0,0.9999280571937561,-0.2636015877873136
-0.049655374949917785,-76.55275781545595,0.0,3.355059472942503,0.126369446516037,0.0,0.0,0.9919829964637756,0.01867544837296009,0.0,0.0,0.999823808670044,0.09415413965890432
0.21643106521084654,-75.6568611016032,0.0,3.301472416448454,0.13824087381362915,0.0,0.0,0.9903984069824219,0.025854308158159256,0.0,0.0,0.9996640086174011,-0.2608951707926646
0.5003034959158534,-74.78739822413202,0.0,3.2456371220615234,0.15045399963855743,0.0,0.0,0.9886168241500854,0.03336137905716896,0.0,0.0,0.9994418025016785,0.09697410402188059
0.8012912293049359,-73.9444739669699,0.0,3.188489688077427,0.16299335658550262,0.0,0.0,0.9866269826889038,0.04119332134723663,0.0,0.0,0.9991497993469238,-0.2580089367530638
1.118742818282536,-73.12808311172435,0.0,3.1309662127918774,0.17584103345870972,0.0,0.0,0.9844183921813965,0.04934914410114288,0.0,0.0,0.9987803101539612,0.09987933004640331
1.452061219239413,-72.33836350277933,0.0,3.074002794500589,0.18897509574890137,0.0,0.0,0.981981635093689,0.05782763287425041,0.0,0.0,0.9983254671096802,-0.2551319964353219
1.8007396324864056,-71.57520444324406,0.0,3.0185355314992752,0.20236963033676147,0.0,0.0,0.9793089628219604,0.0666271299123764,0.0,0.0,0.9977769255638123,0.10268070696566156
2.164396679218322,-70.83820339023075,0.0,2.9654920126560538,0.21599481999874115,0.0,0.0,0.9763942956924438,0.07574545592069626,0.0,0.0,0.9971262216567993,-0.2524530308371794
2.5427564921438797,-70.12679664331195,0.0,2.9153792614547953,0.2298172563314438,0.0,0.0,0.9732336401939392,0.08517974615097046,0.0,0.0,0.9963646531105042,0.10521165399602814
2.9355849009234847,-69.44042371435827,0.0,2.868099497543833,0.24380013346672058,0.0,0.0,0.9698253870010376,0.09492646902799606,0.0,0.0,0.9954833388328552,-0.2500651639729894
3.342681799754836,-68.77854495104494,0.0,2.823508052033203,0.25790339708328247,0.0,0.0,0.9661706686019897,0.10498134791851044,0.0,0.0,0.9944733381271362,0.10746374720363572
3.7638784472162494,-68.14064612321147,0.0,2.781460256032937,0.2720840573310852,0.0,0.0,0.9622734189033508,0.11533910781145096,0.0,0.0,0.993325412273407,-0.24794153791236992
4.199034486676123,-67.5262420324861,0.0,2.741811440653056,0.28629666566848755,0.0,0.0,0.9581409096717834,0.1259935051202774,0.0,0.0,0.9920304417610168,0.10946621262686204
4.648034719782393,-66.93487924066415,0.0,2.7044169370036175,0.30049389600753784,0.0,0.0,0.9537835121154785,0.13693749904632568,0.0,0.0,0.9905790686607361,-0.24605292661694372
5.110785660142642,-66.36613800044621,0.0,2.6691320761946438,0.31462687253952026,0.0,0.0,0.9492151737213135,0.148162379860878,0.0,0.0,0.9889624714851379,0.11124827630408293
5.58721188959025,-65.81963346160444,0.0,2.635812189336169,0.32864585518836975,0.0,0.0,0.9444530010223389,0.15965840220451355,0.0,0.0,0.9871718287467957,-0.24437010404833387
6.077252235427048,-65.2950162162549,0.0,2.6043126075382235,0.3425009548664093,0.0,0.0,0.9395171999931335,0.17141196131706238,0.0,0.0,0.9851990342140198,0.11283916427367613
6.580855783086467,-64.79197223820759,0.0,2.5744886619108414,0.3561423420906067,0.0,0.0,0.9344313144683838,0.18339385092258453,0.0,0.0,0.983039140701294,-0.24286384416816306
7.097818370041375,-64.310073566857,0.0,2.5461956835640565,0.36952245235443115,0.0,0.0,0.929221510887146,0.19555383920669556,0.0,0.0,0.9806925654411316,0.11426810257401881
7.627347904745724,-63.848375586915765,0.0,2.5192890036079016,0.38260123133659363,0.0,0.0,0.9239132404327393,0.2078406661748886,0.0,0.0,0.9781622886657715,-0.24150492093805426
8.168554465230615,-63.40587682627894,0.0,2.49362395315241,0.3953467309474945,0.0,0.0,0.9185316562652588,0.22020699083805084,0.0,0.0,0.9754528403282166,0.11556431724348812
8.720590956623226,-62.981652378113154,0.0,2.4690558633076143,0.4077341556549072,0.0,0.0,0.9131004214286804,0.23260928690433502,0.0,0.0,0.97257000207901,-0.24026410831963024
9.282644084099008,-62.57484735433319,0.0,2.4454400651835493,0.4197447896003723,0.0,0.0,0.9076419472694397,0.2450072169303894,0.0,0.0,0.9695209860801697,0.1167570343204611
9.853928872937908,-62.18466900754966,0.0,2.4226433207159346,0.43136534094810486,0.0,0.0,0.9021772146224976,0.2573646008968353,0.0,0.0,0.9663141965866089,-0.23911275758894263
10.43370432843591,-61.81036709113906,0.0,2.4006256742479772,0.44258683919906616,0.0,0.0,0.8967255353927612,0.26964861154556274,0.0,0.0,0.962958574295044,0.11786903666732762
11.021280813622745,-61.451224447594036,0.0,2.3793926904557,0.45340418815612793,0.0,0.0,0.8913049101829529,0.28182998299598694,0.0,0.0,0.9594640731811523,-0.23804038467014074
11.616017565376122,-61.10655555139856,0.0,2.358950241404422,0.4638153314590454,0.0,0.0,0.8859317302703857,0.2938823103904724,0.0,0.0,0.9558413624763489,0.11890148358910935
12.217320226985068,-60.77570515217303,0.0,2.3393041991594647,0.47382062673568726,0.0,0.0,0.8806211948394775,0.30578282475471497,0.0,0.0,0.9521010518074036,-0.23704816031433484
12.82463846312244,-60.458046964351,0.0,2.320460435786149,0.4834222197532654,0.0,0.0,0.8753870725631714,0.3175112009048462,0.0,0.0,0.9482542872428894,0.11985318880998388
13.437463653493007,-60.15298240161171,0.0,2.302424823349796,0.4926237165927887,0.0,0.0,0.870242178440094,0.3290500044822693,0.0,0.0,0.9443122744560242,-0.2361372707973473
14.055326661417961,-59.85993935429725,0.0,2.2852032339157278,0.501429557800293,0.0,0.0,0.8651981949806213,0.3403841555118561,0.0,0.0,0.9402862191200256,0.12072296605412874
14.677795673624926,-59.5783710080388,0.0,2.268801539549262,0.5098450183868408,0.0,0.0,0.8602660298347473,0.35150107741355896,0.0,0.0,0.9361872673034668,-0.23530890239500057
15.304474107487389,-59.30775470182541,0.0,2.2532256123157173,0.5178753733634949,0.0,0.0,0.855455756187439,0.3623899817466736,0.0,0.0,0.9320263266563416,0.12150962904572192
15.934998581991044,-59.0475908237288,0.0,2.2384813242804227,0.5255260467529297,0.0,0.0,0.850777268409729,0.373042494058609,0.0,0.0,0.9278140664100647,-0.234564241383117
16.569036948641354,-58.797401742517415,0.0,2.224574547508697,0.5328019857406616,0.0,0.0,0.8462396860122681,0.3834516108036041,0.0,0.0,0.9235607981681824,0.12221199150894037
17.2062863785648,-58.556730773366006,0.0,2.211511154065859,0.5397078394889832,0.0,0.0,0.8418521881103516,0.3936117887496948,0.0,0.0,0.9192765355110168,-0.2339044740375191
17.84647150200523,-58.325141175874506,0.0,2.199297016017228,0.5462473630905151,0.0,0.0,0.8376235961914062,0.40351948142051697,0.0,0.0,0.914970874786377,0.12282886716796214
18.489342596417913,-58.10221518259255,0.0,2.187938005428127,0.5524236559867859,0.0,0.0,0.8335632085800171,0.4131717383861542,0.0,0.0,0.9106529355049133,-0.23333078663402917
19.134673819330565,-57.88755305623876,0.0,2.177439994363877,0.5582387447357178,0.0,0.0,0.8296800851821899,0.42256733775138855,0.0,0.0,0.9063314199447632,0.12335906974696469
19.782261482109813,-57.6807721737915,0.0,2.167808854889798,0.5636934041976929,0.0,0.0,0.8259837627410889,0.43170565366744995,0.0,0.0,0.9020144939422607,-0.23284436544846965
20.43192236075112,-57.481506135607276,0.0,2.159050459071211,0.5687875151634216,0.0,0.0,0.8224841952323914,0.4405865967273712,0.0,0.0,0.8977100849151611,0.12380141297012566
21.083492039759317,-57.28940389770998,0.0,2.151170678973436,0.573519229888916,0.0,0.0,0.8191918134689331,0.44920817017555237,0.0,0.0,0.8934270143508911,-0.23244639675666284
21.736823285149136,-57.10410225239137,0.0,2.144175386661796,0.5778855681419373,0.0,0.0,0.8161174058914185,0.45756202936172485,0.0,0.0,0.8891775608062744,0.12415471056162264
22.391784442555323,-56.92500148452435,0.0,2.13807045420161,0.5818837285041809,0.0,0.0,0.8132715821266174,0.46563854813575745,0.0,0.0,0.8849748969078064,-0.23213806683443122
23.04825785636336,-56.75138162302809,0.0,2.1328617536582,0.5855114459991455,0.0,0.0,0.8106637001037598,0.47342950105667114,0.0,0.0,0.8808315992355347,0.12441777624563326
23.70613830574207,-56.5825381702315,0.0,2.128555157096886,0.5887670516967773,0.0,0.0,0.8083024024963379,0.480927437543869,0.0,0.0,0.8767602443695068,-0.2319205619575972
24.36533145336609,-56.41778098241677,0.0,2.1251565365829896,0.591649055480957,0.0,0.0,0.8061953186988831,0.48812663555145264,0.0,0.0,0.8727726340293884,0.1245894237463351
25.02575230255586,-56.25643172415388,0.0,2.1226717641818307,0.5941564440727234,0.0,0.0,0.8043493032455444,0.4950217604637146,0.0,0.0,0.8688803911209106,-0.2317950684019831
25.687323658477833,-56.09782132918419,0.0,2.1211067119587312,0.5962884426116943,0.0,0.0,0.8027701377868652,0.5016087889671326,0.0,0.0,0.8650944232940674,0.12466846678790577
26.349974588947546,-55.941287460514545,0.0,2.1204672519790115,0.5980442762374878,0.0,0.0,0.8014628887176514,0.5078837275505066,0.0,0.0,0.8614254593849182,-0.2317627724434114
27.01363888030665,-55.786171962214475,0.0,2.120759256307993,0.5994235873222351,0.0,0.0,0.8004319071769714,0.5138430595397949,0.0,0.0,0.8578839898109436,0.12465371909452286
27.678253483699812,-55.63181829524425,0.0,2.1219885970109957,0.6004216074943542,0.0,0.0,0.7996746897697449,0.5194844007492065,0.0,0.0,0.8544797301292419,-0.23182486035770444
28.34375694700736,-55.477568949439515,0.0,2.1241611461533405,0.6010453104972839,0.0,0.0,0.7992033958435059,0.5248047113418579,0.0,0.0,0.8512224555015564,0.12454399439036402
29.010087827523705,-55.32276282358383,0.0,2.12728277580035,0.6012929081916809,0.0,0.0,0.7990177273750305,0.529801607131958,0.0,0.0,0.8481213450431824,-0.2319825184206847
29.67718308035939,-55.166732565272746,0.0,2.1313593580173418,0.601162850856781,0.0,0.0,0.7991164922714233,0.5344727635383606,0.0,0.0,0.8451855778694153,0.12433810639960685
30.344976417402364,-55.00880186203545,0.0,2.13639676486964,0.600653886795044,0.0,0.0,0.7994978427886963,0.5388155579566956,0.0,0.0,0.8424237370491028,-0.23223693290817454
31.013396631513483,-54.84828267492551,0.0,2.1424008684225635,0.599764883518219,0.0,0.0,0.8001591563224792,0.5428270101547241,0.0,0.0,0.8398445844650269,0.12403486884642892
31.682365880449332,-54.6844724055225,0.0,2.149377540741433,0.598502516746521,0.0,0.0,0.8011071085929871,0.5465042591094971,0.0,0.0,0.8374562859535217,-0.23258929009599622
32.3517979248694,-54.51665098698476,0.0,2.1573326538915714,0.5968625545501709,0.0,0.0,0.8023322820663452,0.5498438477516174,0.0,0.0,0.8352673649787903,0.12363309545500777
33.02159631454553,-54.34407788949362,0.0,2.1662720799382975,0.5948457717895508,0.0,0.0,0.8038308024406433,0.5528422594070435,0.0,0.0,0.833285927772522,-0.23304077625997227
33.69165251673559,-54.16598903008628,0.0,2.1762016909469337,0.592453122138977,0.0,0.0,0.8055974841117859,0.5554948449134827,0.0,0.0,0.8315200209617615,0.12313159994952108
34.361843980438955,-53.98159357652953,0.0,2.1871273589827984,0.5896860957145691,0.0,0.0,0.807626485824585,0.5577967762947083,0.0,0.0,0.8299775123596191,-0.23359257767592506
35.03203213003162,-53.7900706345096,0.0,2.199054956111216,0.5865465402603149,0.0,0.0,0.8099106550216675,0.5597429275512695,0.0,0.0,0.8286661505699158,0.12252919605414649
35.70206028154833,-53.59056580701422,0.0,2.211990354397504,0.5830368995666504,0.0,0.0,0.8124417662620544,0.5613311529159546,0.0,0.0,0.8275911211967468,-0.234245880619677
36.37174913564285,-53.382228729813335,0.0,2.225939425906985,0.5791599750518799,0.0,0.0,0.81521075963974,0.5625668168067932,0.0,0.0,0.8267516493797302,0.1218246974930616
37.040876658221556,-53.16452328506637,0.0,2.2409080427049806,0.5749172568321228,0.0,0.0,0.8182089328765869,0.563456654548645,0.0,0.0,0.8261454105377197,-0.2350018713670505
37.70918469393727,-52.937065986629634,0.0,2.2569020768568095,0.5703083276748657,0.0,0.0,0.8214285373687744,0.5640040040016174,0.0,0.0,0.8257667422294617,0.12101691799044396
38.376386112060246,-52.69945294923534,0.0,2.273927400427795,0.5653308033943176,0.0,0.0,0.824862539768219,0.5642179250717163,0.0,0.0,0.8256200551986694,-0.23586173619386797
39.04216211780634,-52.45125751840197,0.0,2.2919898854832557,0.5599804520606995,0.0,0.0,0.8285044431686401,0.5640988945960999,0.0,0.0,0.8257014751434326,0.12010467127047122
39.70615589158903,-52.19203058481652,0.0,2.3110832814148194,0.5542513132095337,0.0,0.0,0.8323482275009155,0.563646674156189,0.0,0.0,0.826007068157196,-0.2368260491197045
40.3679102907115,-51.921324612351604,0.0,2.330990520755814,0.5481360554695129,0.0,0.0,0.8363882303237915,0.5628647208213806,0.0,0.0,0.8265410661697388,0.11909925514213815
41.026819155218234,-51.63871890316942,0.0,2.351315745499662,0.5416257977485657,0.0,0.0,0.8406188488006592,0.5617498159408569,0.0,0.0,0.8272998929023743,-0.23785257562191905
41.68213115448433,-51.343827734435756,0.0,2.371657434795299,0.534710705280304,0.0,0.0,0.8450344800949097,0.5602990984916687,0.0,0.0,0.8282837271690369,0.11807189709690397
42.332956779138556,-51.03630843329617,0.0,2.391614067791637,0.5273799896240234,0.0,0.0,0.8496290445327759,0.5585087537765503,0.0,0.0,0.8294926285743713,-0.23886048637930984
42.97827690546145,-50.715870013314515,0.0,2.410784123637611,0.5196220278739929,0.0,0.0,0.8543958067893982,0.5563740730285645,0.0,0.0,0.8309265375137329,0.11710371245821839
43.61695300286765,-50.38228238311747,0.0,2.4287660814821495,0.5114250183105469,0.0,0.0,0.859327495098114,0.5538887977600098,0.0,0.0,0.8325858116149902,-0.23976866606842795
44.247739040083054,-50.035386126627195,0.0,2.4451584204741805,0.5027771592140198,0.0,0.0,0.8644157648086548,0.5510458946228027,0.0,0.0,0.8344705700874329,0.11627581654952994
44.869295125376546,-49.67510284160678,0.0,2.4595596197626293,0.4936670660972595,0.0,0.0,0.869650661945343,0.5478376150131226,0.0,0.0,0.8365806341171265,-0.24049599936582433
45.48020289067785,-49.301446009180076,0.0,2.4715681584964257,0.48408493399620056,0.0,0.0,0.8750206828117371,0.5442555546760559,0.0,0.0,0.8389158248901367,0.11566932469428767
46.07898259831257,-48.914532351588235,0.0,2.4807825158244965,0.4740228056907654,0.0,0.0,0.8805122375488281,0.5402910113334656,0.0,0.0,0.8414749503135681,-0.24096137094805012
46.66411191256486,-48.514593618582836,0.0,2.4868011708957694,0.4634755253791809,0.0,0.0,0.886109471321106,0.5359346866607666,0.0,0.0,0.8442564606666565,0.11536535221594055
47.23404623616893,-48.10198872464384,0.0,2.4892226028591713,0.45244142413139343,0.0,0.0,0.891793966293335,0.5311779379844666,0.0,0.0,0.8472575545310974,-0.24108366549165627
47.78724185586436,-47.6772150386797,0.0,2.4876516445373116,0.44092312455177307,0.0,0.0,0.8975446820259094,0.5260117650032043,0.0,0.0,0.8504747748374939,0.11544469354532741
48.32224176881386,-47.24086770056654,0.0,2.4819905660114783,0.42892834544181824,0.0,0.0,0.9033382534980774,0.5204280614852905,0.0,0.0,0.8539032340049744,-0.240797752434796
48.8377744563651,-46.79356759888651,0.0,2.472560029571743,0.41647011041641235,0.0,0.0,0.9091492891311646,0.5144195556640625,0.0,0.0,0.8575366139411926,0.11592098326450596
49.3327574561133,-46.335949088231146,0.0,2.459712128555577,0.4035670757293701,0.0,0.0,0.9149500131607056,0.5079799890518188,0.0,0.0,0.861366868019104,-0.24014886854509065
49.80629190519856,-45.86865229098624,0.0,2.443798956300447,0.39024385809898376,0.0,0.0,0.9207115173339844,0.5011039972305298,0.0,0.0,0.8653852343559265,0.11672467883294688
50.2576554345908,-45.392314928738976,0.0,2.4251726061438252,0.37653103470802307,0.0,0.0,0.9264039993286133,0.4937879741191864,0.0,0.0,0.8695806860923767,-0.23920814378970573
50.6862935167324,-44.90756375977254,0.0,2.404185171423178,0.3624650537967682,0.0,0.0,0.9319972991943359,0.486029714345932,0.0,0.0,0.8739408254623413,0.11778465028348463
51.09180938459759,-44.415005697299634,0.0,2.381188745475977,0.34808802604675293,0.0,0.0,0.9374616742134094,0.47782886028289795,0.0,0.0,0.8784517049789429,-0.2380467081358067
51.47395265144914,-43.91521868017254,0.0,2.356535421639692,0.33344724774360657,0.0,0.0,0.9427685141563416,0.46918684244155884,0.0,0.0,0.883097767829895,0.11902976764895357
51.83260676734703,-43.40874236370944,0.0,2.33057729325179,0.3185943365097046,0.0,0.0,0.9478908777236938,0.46010756492614746,0.0,0.0,0.8878621459007263,-0.23673569155055912
52.1677754507258,-42.89606869308567,0.0,2.303666453649733,0.3035849630832672,0.0,0.0,0.9528040885925293,0.45059695839881897,0.0,0.0,0.8927266001701355,0.12038890096218877
52.4795682312595,-42.37763241539685,0.0,2.2761549961710097,0.28847765922546387,0.0,0.0,0.9574863314628601,0.4406631290912628,0.0,0.0,0.8976716995239258,-0.23534622400112865
52.768185233846246,-41.853801579098615,0.0,2.248395014153078,0.27333301305770874,0.0,0.0,0.9619193077087402,0.4303204119205475,0.0,0.0,0.902675449848175,0.1217909202560237
53.03390317659372,-41.324869536837305,0.0,2.2207386009334087,0.2582126259803772,0.0,0.0,0.9660879373550415,0.4196002781391144,0.0,0.0,0.9077082872390747,-0.23394943545468072
53.27730514414921,-40.791241526740826,0.0,2.1935378498494713,0.24317598342895508,0.0,0.0,0.9699819087982178,0.40855127573013306,0.0,0.0,0.9127346873283386,0.12316469556329328
53.49948661570489,-40.25360278290592,0.0,2.1671448542387357,0.228274866938591,0.0,0.0,0.9735963940620422,0.39722108840942383,0.0,0.0,0.9177224040031433,-0.23261645587838092
53.70157426567337,-39.712539866452296,0.0,2.1419117074386707,0.21355360746383667,0.0,0.0,0.976931095123291,0.38565483689308167,0.0,0.0,0.922642707824707,0.1244390969168319
53.88465349500068,-39.168487786021366,0.0,2.1181905027867454,0.1990492194890976,0.0,0.0,0.9799892902374268,0.3738945424556732,0.0,0.0,0.9274708032608032,-0.2314184152393948
54.04975881608284,-38.621727493895605,0.0,2.09633333362043,0.18479220569133759,0.0,0.0,0.9827775359153748,0.3619791865348816,0.0,0.0,0.932185709476471,0.1255429943494741
54.19786300429623,-38.072393409410466,0.0,2.076658897130844,0.17080682516098022,0.0,0.0,0.9853043556213379,0.3499450385570526,0.0,0.0,0.9367697834968567,-0.23042475683082986
54.32985461968715,-37.520544789190566,0.0,2.0592220159211663,0.15711191296577454,0.0,0.0,0.9875806570053101,0.3378256559371948,0.0,0.0,0.9412083625793457,0.12642364491561944
54.44653458212858,-36.96620503828635,0.0,2.043952222967314,0.14372113347053528,0.0,0.0,0.9896180033683777,0.3256509006023407,0.0,0.0,0.945489764213562,-0.22965355516649388
54.548623459911646,-36.40936872435177,0.0,2.0307782932119194,0.13064399361610413,0.0,0.0,0.9914292097091675,0.3134486675262451,0.0,0.0,0.949604868888855,0.12708899490326564
54.63676830267842,-35.8500078664832,0.0,2.0196290015976195,0.1178860291838646,0.0,0.0,0.9930270314216614,0.3012438118457794,0.0,0.0,0.9535468220710754,-0.22909045963041813
54.71154900572357,-35.28807774786034,0.0,2.010433123067048,-0.1054496169090271,0.0,0.0,-0.99442458152771,0.2890594005584717,0.0,0.0,0.9573108553886414,0.12755343321289045
54.77348425102567,-34.723522299638965,0.0,2.0031194325628414,-0.09333379566669464,0.0,0.0,-0.9956347942352295,0.27691543102264404,0.0,0.0,0.9608940482139587,-0.22872108132212488
54.82303706638852,-34.15627909857589,0.0,1.9976167050276334,-0.08153559267520905,0.0,0.0,-0.9966703653335571,0.2648302912712097,0.0,0.0,0.9642947912216187,0.12783134874497168
54.86062004036298,-33.58628401617117,0.0,1.9938537154040594,-0.07004974037408829,0.0,0.0,-0.9975433349609375,0.25282052159309387,0.0,0.0,0.9675129652023315,-0.22853103134113628
54.88660022712896,-33.01347555282211,0.0,1.9917592386347542,-0.05886935815215111,0.0,0.0,-0.9982655644416809,0.24090033769607544,0.0,0.0,0.9705496430397034,0.12793713039998708
54.90130377224969,-32.43779888641266,0.0,1.9912620496623534,-0.04798598960042,0.0,0.0,-0.9988478422164917,0.22907640039920807,0.0,0.0,0.9734082818031311,-0.22850592078697463
54.90502028712672,-31.859209661045004,0.0,1.992290923429493,-0.03739031404256821,0.0,0.0,-0.9993006587028503,-0.21737177670001984,0.0,0.0,-0.9760887026786804,0.12788516707841438
54.89800699708429,-31.277677538075025,0.0,1.9947746348788058,-0.02707209624350071,0.0,0.0,-0.9996334314346313,-0.20579007267951965,0.0,0.0,-0.9785959720611572,-0.22863136075916213
54.8804926852701,-30.693189528355234,0.0,1.9986419589529283,-0.0170204509049654,0.0,0.0,-0.9998550415039062,-0.19433926045894623,0.0,0.0,-0.980934202671051,0.1276898476807314
54.85268145196737,-30.10575312151304,0.0,2.0038216705944953,-0.00722428597509861,0.0,0.0,-0.9999737739562988,-0.18302638828754425,0.0,0.0,-0.9831077456474304,-0.22889296235722106
54.814756306459245,-29.51539922520024,0.0,2.010242544746141,0.002327792812138796,0.0,0.0,-0.9999971389770508,-0.17185696959495544,0.0,0.0,-0.9851217269897461,0.12736556110741598
54.76688260625819,-28.922184924568583,0.0,2.0178333563505007,0.011647036299109459,0.0,0.0,-0.999932050704956,-0.16083544492721558,0.0,0.0,-0.9869810938835144,-0.2292763366806736
54.70921135630294,-28.326196069669177,0.0,2.02652288035021,0.020744390785694122,0.0,0.0,-0.9997846484184265,-0.1499655693769455,0.0,0.0,-0.988690972328186,0.12692669625894581
54.64188237862929,-27.727549696128108,0.0,2.036239891687904,0.029630566015839577,0.0,0.0,-0.9995607137680054,-0.1392492651939392,0.0,0.0,-0.9902570843696594,-0.22976709482904195
54.56502610460741,-27.126393005270053,0.0,2.046913165306217,0.038315773010253906,0.0,0.0,-0.9992654919624329,-0.12868629395961761,0.0,0.0,-0.9916850924491882,0.12638764203579866
54.47870249888006,-26.522738510729578,0.0,2.0584714761477843,0.046809323132038116,0.0,0.0,-0.9989036917686462,-0.11827387660741806,0.0,0.0,-0.9929808378219604,-0.23035084790184837
54.38287057309749,-25.916379079967037,0.0,2.070843657900942,0.05511941388249397,0.0,0.0,-0.9984796047210693,-0.10800990462303162,0.0,0.0,-0.9941496849060059,0.12576278437149777
54.277474974560256,-25.3071062630068,0.0,2.0839726704194996,0.06325336545705795,0.0,0.0,-0.9979974627494812,-0.09789250791072845,0.0,0.0,-0.9951969385147095,-0.23101392934217957
54.16245322040167,-24.694720116422737,0.0,2.097833854531457,0.07121750712394714,0.0,0.0,-0.9974608421325684,-0.08791948854923248,0.0,0.0,-0.9961275458335876,0.12506272456786355
54.03773635762875,-24.07902783692693,0.0,2.112407069473126,0.07901735603809357,0.0,0.0,-0.9968732595443726,-0.07808917760848999,0.0,0.0,-0.996946394443512,-0.2317499502988295
53.903249800230135,-23.459843721223706,0.0,2.1276721744808142,0.08665771782398224,0.0,0.0,-0.9962381720542908,-0.06839969009160995,0.0,0.0,-0.9976580142974854,0.12429175966848534
53.758914165200856,-22.8369891259936,0.0,2.1436090287908347,0.09414277970790863,0.0,0.0,-0.9955586194992065,-0.05884964019060135,0.0,0.0,-0.9982668161392212,-0.23255484193064868
53.60464610877713,-22.210292427863543,0.0,2.160197491639496,0.10147608816623688,0.0,0.0,-0.9948378801345825,-0.049437712877988815,0.0,0.0,-0.9987771511077881,0.12345395851451252
53.44035916404126,-21.579588983284843,0.0,2.177417422263108,0.10866066813468933,0.0,0.0,-0.9940788745880127,-0.0401625856757164,0.0,0.0,-0.9991930723190308,-0.23342453539648766
53.26596458090163,-20.944721088191013,0.0,2.1952486798979822,0.11569902300834656,0.0,0.0,-0.993284285068512,-0.031023157760500908,0.0,0.0,-0.9995185136795044,0.12255338994709462
53.0813721693231,-20.305537937365255,0.0,2.213671123780427,0.12259330600500107,0.0,0.0,-0.9924569129943848,-0.022018762305378914,0.0,0.0,-0.9997574090957642,-0.234354961855197
52.88649114653273,-19.661895583413,0.0,2.2326646131467545,0.12934520840644836,0.0,0.0,-0.9915995001792908,-0.013148396275937557,0.0,0.0,-0.9999134540557861,0.12159412280738112
52.68123098879301,-19.01365689526708,0.0,2.2522090072332794,0.13595621287822723,0.0,0.0,-0.9907147288322449,-0.004411407746374607,0.0,0.0,-0.9999902248382568,-0.23534205246562756
52.465502288193115,-18.3606915161446,0.0,2.272284165276301,0.14242731034755707,0.0,0.0,-0.9898051023483276,0.004192809108644724,0.0,0.0,-0.999991238117218,0.12058022593652144
52.23921761477113,-17.702875820883303,0.0,2.2928699465121336,0.1487594097852707,0.0,0.0,-0.988873302936554,0.01266454067081213,0.0,0.0,-0.9999197721481323,-0.23638173838662918
52.00229238414782,-17.04009287259943,0.0,2.313946210177089,0.15495309233665466,0.0,0.0,-0.9879217743873596,0.02100422978401184,0.0,0.0,-0.9997793436050415,0.11951576817566509
51.75464573071274,-16.372232378602877,0.0,2.3354928155074766,0.1610088050365448,0.0,0.0,-0.9869529008865356,0.02921213023364544,0.0,0.0,-0.9995731711387634,-0.2374699507770528
51.496201386272524,-15.699190645520082,0.0,2.3574896217396075,0.1669267863035202,0.0,0.0,-0.9859691858291626,0.037288397550582886,0.0,0.0,-0.999304473400116,0.11840481836596152
51.22688856393718,-15.020870533577812,0.0,2.37991648810979,0.172707200050354,0.0,0.0,-0.984973132610321,0.045233067125082016,0.0,0.0,-0.9989763498306274,-0.2386026207957489
50.94664284688845,-14.337181410007018,0.0,2.4027532738543362,0.1783500611782074,0.0,0.0,-0.9839669466018677,0.0530460849404335,0.0,0.0,-0.9985918998718262,0.1172514453485602
50.65540708154092,-13.648039101525239,0.0,2.425979838209555,0.18385529518127441,0.0,0.0,-0.9829531908035278,0.0607273243367672,0.0,0.0,-0.9981542825698853,-0.23977567960156804
50.35313227448511,-12.953365845881057,0.0,2.4495760404117566,0.1892227828502655,0.0,0.0,-0.9819340705871582,0.06827662885189056,0.0,0.0,-0.9976662993431091,0.11605971796461063
50.03977849246552,-12.253090242428417,0.0,2.4735217396972518,0.19445228576660156,0.0,0.0,-0.9809118509292603,0.07569378614425659,0.0,0.0,-0.9971310496330261,-0.2409850583533607
49.71531576452165,-11.547147201708555,0.0,2.4977967953023503,0.19954350590705872,0.0,0.0,-0.9798888564109802,0.08297837525606155,0.0,0.0,-0.9965512752532959,0.11483370505526219
49.37972498530363,-10.835477894042176,0.0,2.5223810664633626,0.2044961154460907,0.0,0.0,-0.97886723279953,0.09013020992279053,0.0,0.0,-0.9959299564361572,-0.24222668820997748
49.03299881843728,-10.118029697105953,0.0,2.547254412416598,0.20930957794189453,0.0,0.0,-0.9778491854667664,0.0971486046910286,0.0,0.0,-0.9952697157859802,0.11357747546166444
48.67514259870933,-9.394756142512586,0.0,2.5723966923983683,0.21398326754570007,0.0,0.0,-0.976837158203125,0.10403318703174591,0.0,0.0,-0.994573712348938,-0.2434965003302689
48.306175231705936,-8.665616861375412,0.0,2.5977877656449815,0.2185162752866745,0.0,0.0,-0.9758332371711731,0.1107834056019783,0.0,0.0,-0.9938444495201111,0.11229509802496682
47.92613008944482,-7.9305775288939255,0.0,2.62340749139275,0.2229074239730835,0.0,0.0,-0.9748395681381226,0.11739856004714966,0.0,0.0,-0.9930846691131592,-0.24479042587308547
47.53505590040232,-7.189609807949083,0.0,2.649235728877982,0.22715520858764648,0.0,0.0,-0.9738584756851196,0.12387815117835999,0.0,0.0,-0.9922971725463867,0.11099064158631872
47.13301763224897,-6.442691291748316,0.0,2.6752523373369876,0.23125778138637543,0.0,0.0,-0.9728924036026001,0.13022135198116302,0.0,0.0,-0.9914847612380981,-0.24610439599727768
46.72009727733544,-5.689805286260171,0.0,2.701437748003948,0.23521293699741364,0.0,0.0,-0.9719437956809998,0.1364273875951767,0.0,0.0,-0.9906498789787292,0.10966814609808839
46.296377036814015,-4.930909373824189,0.0,2.7278852852710918,0.239018052816391,0.0,0.0,-0.9710150957107544,0.1424955129623413,0.0,0.0,-0.9897952675819397,-0.24744013020268898
45.861899468986934,-4.165866861340687,0.0,2.754936161514092,0.24267038702964783,0.0,0.0,-0.9701087474822998,0.14842505753040314,0.0,0.0,-0.9889234900474548,0.10830194022722978
45.41665911219734,-3.394438509655633,0.0,2.782964519952371,0.2461671382188797,0.0,0.0,-0.9692274332046509,0.15421529114246368,0.0,0.0,-0.988037109375,-0.2488557038611879
44.96059962616792,-2.6162834740403778,0.0,2.812344503805344,0.24950560927391052,0.0,0.0,-0.9683732986450195,0.15986518561840057,0.0,0.0,-0.9871386885643005,0.10681810265889782
44.493611588892314,-1.8309602543076342,0.0,2.843450256292426,0.2526836395263672,0.0,0.0,-0.9675489068031311,0.16537410020828247,0.0,0.0,-0.9862307906150818,-0.2504267014615456
44.01553091930948,-1.037927532534166,0.0,2.8766563695307577,0.25569942593574524,0.0,0.0,-0.966756284236908,0.17074117064476013,0.0,0.0,-0.98531574010849,0.10514102623271948
43.526123706890886,-0.23652168950098473,0.0,2.912422770222198,0.25855180621147156,0.0,0.0,-0.9659974575042725,0.17596575617790222,0.0,0.0,-0.9843961596488953,-0.25223308533485067
43.025053858557726,0.5740929601329605,0.0,2.951395162107493,0.2612401843070984,0.0,0.0,-0.9652738571166992,0.18104688823223114,0.0,0.0,-0.9834742546081543,0.10317272361225002
42.51187782254638,1.3949291430776936,0.0,2.9942436856451295,0.2637646794319153,0.0,0.0,-0.9645870327949524,0.18598364293575287,0.0,0.0,-0.9825527667999268,-0.2543971521801859
41.986044820837954,2.2271748056042333,0.0,3.041638481293597,0.2661260664463043,0.0,0.0,-0.9639382362365723,0.19077491760253906,0.0,0.0,-0.981633722782135,0.10077904706434768
41.446898752618765,3.0721912395873168,0.0,3.094249689511381,0.26832565665245056,0.0,0.0,-0.9633282423019409,0.1954195201396942,0.0,0.0,-0.9807196259498596,-0.25705428390835683
40.893682826646526,3.9315097999723014,0.0,3.15274251292643,0.270365446805954,0.0,0.0,-0.9627577066421509,0.1999158412218094,0.0,0.0,-0.9798129200935364,0.09782486406358765
40.325705621484616,4.806584056342918,0.0,3.2168774965028524,0.27224797010421753,0.0,0.0,-0.9622269868850708,0.2042621672153473,0.0,0.0,-0.9789160490036011,-0.2602934244930246
39.742700696958124,5.698260581135424,0.0,3.2844624869046326,0.27397629618644714,0.0,0.0,-0.9617363214492798,0.2084561586380005,0.0,0.0,-0.9780315160751343,0.09441148070996239
39.14489160989506,6.606715900471539,0.0,3.353051011041277,0.2755540609359741,0.0,0.0,-0.9612854719161987,0.21249474585056305,0.0,0.0,-0.9771621227264404,-0.2637574913686127
38.533007681701754,7.531463206740292,0.0,3.4201965958222904,0.27698561549186707,0.0,0.0,-0.9608739018440247,0.2163747251033783,0.0,0.0,-0.9763103723526001,0.09102028955940614
37.908293781516555,8.471359302800243,0.0,3.483452768157176,0.2782739996910095,0.0,0.0,-0.9604931473731995,0.22009208798408508,0.0,0.0,-0.975479006767273,-0.2669522475471423
37.27251316637593,9.424611732248806,0.0,3.54037305495544,0.27942848205566406,0.0,0.0,-0.9601519703865051,0.22364258766174316,0.0,0.0,-0.9746711850166321,0.08814552759989788
36.62794244996203,10.388786017676646,0.0,3.588510983126589,0.2804566025733948,0.0,0.0,-0.9598482251167297,0.22702142596244812,0.0,0.0,-0.9738897085189819,-0.2693834560406347
35.977357918562056,11.360812899467387,0.0,3.625420079580124,0.2813674211502075,0.0,0.0,-0.9595792293548584,0.23022547364234924,0.0,0.0,-0.973137378692627,0.08628143181941633
35.323913598977654,12.337139913257204,0.0,3.6491942976295957,0.2821715474128723,0.0,0.0,-0.959341824054718,0.2332572191953659,0.0,0.0,-0.9724150896072388,-0.27058417412394137
34.670164878070935,13.314752358554854,0.0,3.6617211389324575,0.28288042545318604,0.0,0.0,-0.9591326713562012,0.23612527549266815,0.0,0.0,-0.9717226028442383,0.08564876306674654
34.01751349161216,14.291603671062825,0.0,3.6665129649552033,0.28350457549095154,0.0,0.0,-0.9589486122131348,0.23883850872516632,0.0,0.0,-0.971059262752533,-0.27082618553923155
33.366663754485465,15.266600130059526,0.0,3.6670883173370052,0.2840534746646881,0.0,0.0,-0.9587868452072144,0.24140530824661255,0.0,0.0,-0.9704243540763855,0.08561970486564544
32.717689345164814,16.23958995194542,0.0,3.666965737717037,0.2845357656478882,0.0,0.0,-0.9586447477340698,0.2438335120677948,0.0,0.0,-0.9698171019554138,-0.27081999464933415
32.07004241394204,17.211353674599657,0.0,3.6696637677344657,0.28495925664901733,0.0,0.0,-0.9585201144218445,0.24613067507743835,0.0,0.0,-0.9692366719245911,0.08548344072335104
31.422561976260383,18.183595019539194,0.0,3.6787009490284612,0.2853308916091919,0.0,0.0,-0.9584107995033264,0.2483038604259491,0.0,0.0,-0.9686822295188904,-0.2712764179470107
30.77348163124153,19.15893218614357,0.0,3.6975958232381965,0.28565704822540283,0.0,0.0,-0.9583148956298828,0.25035980343818665,0.0,0.0,-0.9681528210639954,0.08452915414710177
30.120436686507478,20.140889481260665,0.0,3.72986693200284,0.2859433889389038,0.0,0.0,-0.95823073387146,0.25230491161346436,0.0,0.0,-0.9676476716995239,-0.272906271925023
29.460470796383035,21.133889146686258,0.0,3.779032816961564,0.2861950695514679,0.0,0.0,-0.9581568241119385,0.25414514541625977,0.0,0.0,-0.967166006565094,0.0820460286441359
28.790111925748523,22.14313825797271,0.0,3.8482114360328272,0.2864167392253876,0.0,0.0,-0.9580917358398438,0.2558862864971161,0.0,0.0,-0.9667068123817444,-0.27640014157508674
28.10633467591001,23.173179145503898,0.0,3.9350055942573685,0.2866126596927643,0.0,0.0,-0.9580342173576355,0.2575337588787079,0.0,0.0,-0.9662691354751587,0.0776624852994621
27.407248382441118,24.22684817366533,0.0,4.033004791199163,0.28678667545318604,0.0,0.0,-0.9579831957817078,0.2590927481651306,0.0,0.0,-0.9658522009849548,-0.28134959596608644
26.69209783571278,25.305268447589928,0.0,4.1357078593251835,0.28694236278533936,0.0,0.0,-0.9579375982284546,0.2605683207511902,0.0,0.0,-0.9654552340507507,0.07247546165673374
25.961248622072368,26.40786650798874,0.0,4.236613631102411,0.2870830297470093,0.0,0.0,-0.95789635181427,0.26196518540382385,0.0,0.0,-0.9650771617889404,-0.28644584706594645
25.216173087846716,27.53238912448493,0.0,4.329220938997819,0.28721168637275696,0.0,0.0,-0.9578585624694824,0.26328790187835693,0.0,0.0,-0.9647172093391418,0.0677983248943394
24.45936281754309,28.675032344058522,0.0,4.407462575376525,0.2873311936855316,0.0,0.0,-0.9578235149383545,0.2645408809185028,0.0,0.0,-0.9643743634223938,-0.29039744486285074
23.69341470586824,29.83182053650607,0.0,4.470547655082125,0.28744417428970337,0.0,0.0,-0.9577902555465698,0.2657284140586853,0.0,0.0,-0.9640477895736694,0.06461220975769291
22.920430427846007,30.999515344941443,0.0,4.521202641777835,0.2875530421733856,0.0,0.0,-0.9577581882476807,0.266854465007782,0.0,0.0,-0.9637366533279419,-0.2929557775242502
22.142012310649527,32.175624695389,0.0,4.562217927246538,0.28766006231307983,0.0,0.0,-0.9577265977859497,0.267922967672348,0.0,0.0,-0.9634401202201843,0.06254073069361701
21.359269788121477,33.35839529475829,0.0,4.5963839032711205,0.2877672612667084,0.0,0.0,-0.9576948881149292,0.2689376175403595,0.0,0.0,-0.9631574153900146,-0.29468133186892614
20.572825256698344,34.54680540153174,0.0,4.626490961634444,0.28787654638290405,0.0,0.0,-0.9576625227928162,0.269901841878891,0.0,0.0,-0.9628875851631165,0.061020172190418887
19.7828192152129,35.740557984483274,0.0,4.6553294941194014,0.28798961639404297,0.0,0.0,-0.9576289653778076,0.2708190679550171,0.0,0.0,-0.962630033493042,-0.2961378234085705
18.98892276634776,36.94006202073931,0.0,4.685641713419199,0.2881081700325012,0.0,0.0,-0.9575936794281006,0.2716924548149109,0.0,0.0,-0.9623838067054749,0.05948925202376246
18.190571175403264,38.14607913683201,0.0,4.718808738132246,0.28823360800743103,0.0,0.0,-0.9575562477111816,0.2725251317024231,0.0,0.0,-0.9621483087539673,-0.2978129256668052
17.38722138370511,39.35933389899537,0.0,4.754693181044113,0.2883673310279846,0.0,0.0,-0.9575162529945374,0.2733200490474701,0.0,0.0,-0.9619228839874268,0.057676906422153035
16.578364641870692,40.58049418199424,0.0,4.793077875261353,0.2885105013847351,0.0,0.0,-0.9574733972549438,0.27407994866371155,0.0,0.0,-0.9617066383361816,-0.29975154658686787
15.763525638087875,41.81017198550853,0.0,4.833745653890535,0.2886640727519989,0.0,0.0,-0.9574273228645325,0.27480757236480713,0.0,0.0,-0.9614989757537842,0.05562297820855805
14.94226167193632,43.04892422336924,0.0,4.876479350038218,0.28882887959480286,0.0,0.0,-0.9573777914047241,0.27550551295280457,0.0,0.0,-0.9612992405891418,-0.3019098140690741
14.114161875297995,44.29725348552831,0.0,4.9210617968109664,0.28900548815727234,0.0,0.0,-0.9573246240615845,0.27617496252059937,0.0,0.0,-0.961102306842804,0.05337133948266165
13.278846482629888,45.55560877207292,0.0,4.967275827315339,0.2891942262649536,0.0,0.0,-0.9572676420211792,0.27681973576545715,0.0,0.0,-0.9609125852584839,-0.3042438560137394
12.435966153566428,46.82438619802952,0.0,5.014904274657896,0.2893952429294586,0.0,0.0,-0.9572069644927979,0.27744215726852417,0.0,0.0,-0.9607293605804443,0.05096586234414868
11.585201351439743,48.10392966720282,0.0,5.063729971945203,0.2896084189414978,0.0,0.0,-0.9571425318717957,0.2780444324016571,0.0,0.0,-0.9605519771575928,-0.3067098003211791
10.726261781892568,49.39453151280127,0.0,5.113535752283819,0.2898333966732025,0.0,0.0,-0.9570744037628174,0.27862855792045593,0.0,0.0,-0.9603798389434814,0.04845041889270346
9.858885896266893,50.69643310217589,0.0,5.164104448780306,0.2900695204734802,0.0,0.0,-0.9570028185844421,0.27919670939445496,0.0,0.0,-0.9602122902870178,-0.3092637748917088
8.98284046490887,52.00982540260077,0.0,5.215218894541228,0.2903158962726593,0.0,0.0,-0.956928014755249,0.2797507643699646,0.0,0.0,-0.9600487947463989,0.04586888122801047
8.097920225931395,53.334849504657974,0.0,5.266661922673142,0.290571391582489,0.0,0.0,-0.9568504095077515,0.28029265999794006,0.0,0.0,-0.959888756275177,-0.3118619076256439
7.203947615294646,54.671597099490285,0.0,5.318216366282615,0.29083451628685,0.0,0.0,-0.9567703604698181,0.2808241844177246,0.0,0.0,-0.9597316384315491,0.04326512144975431
6.300772584314155,56.020110905933066,0.0,5.369665058476203,0.2911035418510437,0.0,0.0,-0.956688404083252,0.2813471555709839,0.0,0.0,-0.9595769047737122,-0.31446032642329985
5.388272510899823,57.38038504330494,0.0,5.4207908323604705,0.2913764417171478,0.0,0.0,-0.9566052556037903,0.2818632423877716,0.0,0.0,-0.9594240188598633,0.04068301165761956
4.466352210919082,58.75236534549723,0.0,5.471376521041999,0.2916509211063385,0.0,0.0,-0.9565215110778809,0.2823740839958191,0.0,0.0,-0.9592725038528442,-0.31701515918499323
3.5349440560978858,60.13594961189823,0.0,5.521204957627312,0.2919243574142456,0.0,0.0,-0.9564380645751953,0.2828812003135681,0.0,0.0,-0.9591218829154968,0.03816642395129066
2.5940082048088646,61.53098779064011,0.0,5.570058975222988,0.29219377040863037,0.0,0.0,-0.9563557505607605,0.28338563442230225,0.0,0.0,-0.9589718580245972,-0.31948253381103753
1.6435373502594326,62.93728208967553,0.0,5.6177214069355905,0.2924559414386749,0.0,0.0,-0.9562755823135376,0.2838868200778961,0.0,0.0,-0.9588226079940796,0.03575923043045215
0.6836745482977459,64.3545870112807,0.0,5.663975085871679,0.29270756244659424,0.0,0.0,-0.9561985731124878,0.28438323736190796,0.0,0.0,-0.9586745500564575,-0.3218185782017491
-0.2852672668315309,65.78260955802602,0.0,5.708603853892795,0.29294562339782715,0.0,0.0,-0.9561257362365723,0.28487324714660645,0.0,0.0,-0.9585282206535339,0.03350525224756756
-1.262943707772458,67.22103448033887,0.0,5.751493038470848,0.2931672930717468,0.0,0.0,-0.9560578465461731,0.2853552997112274,0.0,0.0,-0.9583841562271118,-0.3239846986349841
-2.249017397853149,68.66957078070891,0.0,5.792714869996169,0.29337000846862793,0.0,0.0,-0.9559957981109619,0.2858278751373291,0.0,0.0,-0.9582427740097046,0.03142334156447052
-3.2431616392808764,70.12795645682164,0.0,5.832361694935206,0.2935512959957123,0.0,0.0,-0.955940306186676,0.2862895429134369,0.0,0.0,-0.9581045508384705,-0.32598706353089507
-4.2450606677908675,71.59595822621824,0.0,5.87052585975441,0.2937088906764984,0.0,0.0,-0.955892026424408,0.28673872351646423,0.0,0.0,-0.9579699039459229,0.02949585849279357
-5.254409898476791,73.07337126920379,0.0,5.907299710920232,0.2938407361507416,0.0,0.0,-0.955851674079895,0.2871740162372589,0.0,0.0,-0.9578393697738647,-0.32784432874129016
-6.270916161337668,74.56001899198105,0.0,5.94277559489912,0.29394492506980896,0.0,0.0,-0.955819845199585,0.2875940501689911,0.0,0.0,-0.9577133655548096,0.0277041471807285
-7.294297925168164,76.05575281188116,0.0,5.977045858157527,0.29401957988739014,0.0,0.0,-0.9557970762252808,0.28799745440483093,0.0,0.0,-0.9575923085212708,-0.32957515011797733
-8.324285508499369,77.56045196645289,0.0,6.010202847161904,0.29406309127807617,0.0,0.0,-0.9557839035987854,0.2883829176425934,0.0,0.0,-0.9574766159057617,0.02602955177646704
-9.360621276368644,79.07402334806169,0.0,6.042338908378696,0.29407384991645813,0.0,0.0,-0.9557807445526123,0.2887491285800934,0.0,0.0,-0.9573667049407959,-0.3311981835127648
-10.403059821779395,80.59640136556925,0.0,6.07354638827436,0.2940504252910614,0.0,0.0,-0.9557881355285645,0.2890948951244354,0.0,0.0,-0.9572629332542419,0.024453416428201202
-11.451368130766353,82.12754783456005,0.0,6.103917633315341,0.29399141669273376,0.0,0.0,-0.9558063745498657,0.28941893577575684,0.0,0.0,-0.9571657180786133,-0.33273208477746086
-12.505325730058626,83.66745189752363,0.0,6.133544989968093,0.29389557242393494,0.0,0.0,-0.9558359384536743,0.2897200882434845,0.0,0.0,-0.9570754766464233,0.02295708528412288
-13.564724816374778,85.21612997531085,0.0,6.162520804699066,0.2937617003917694,0.0,0.0,-0.9558771252632141,0.2899971902370453,0.0,0.0,-0.956992506980896,-0.33419550976387363
-14.629370366444713,86.7736257511366,0.0,6.190937423974709,0.29358866810798645,0.0,0.0,-0.955930233001709,0.29024913907051086,0.0,0.0,-0.9569171667098999,0.021521902492423695
-15.69908022689301,88.34001018834319,0.0,6.218887194261479,0.2933754324913025,0.0,0.0,-0.9559956192970276,0.29047492146492004,0.0,0.0,-0.9568498134613037,-0.3356071143238115
-16.773685183158577,89.91538158310115,0.0,6.2464624620258125,0.29312095046043396,0.0,0.0,-0.9560734629631042,0.2906734049320221,0.0,0.0,-0.9567907452583313,0.020129212201295765
-17.853029006650566,91.49986565318306,0.0,6.273755573734167,0.29282426834106445,0.0,0.0,-0.9561641216278076,0.29084354639053345,0.0,0.0,-0.9567403197288513,-0.33698555430908195
-18.93696847937923,93.09361566394557,0.0,6.300858875852993,0.2924845218658447,0.0,0.0,-0.9562676548957825,0.2909843623638153,0.0,0.0,-0.9566987752914429,0.018760358558930823
-20.025373395299983,94.69681259261856,0.0,6.327864714848744,0.29210078716278076,0.0,0.0,-0.9563844203948975,0.2910950183868408,0.0,0.0,-0.9566664099693298,-0.33834948557149364
-21.118126537635614,96.30966533202424,0.0,6.354865437187864,0.2916722595691681,0.0,0.0,-0.9565145373344421,0.29117441177368164,0.0,0.0,-0.9566435813903809,0.01739668571352071
-22.215123631435585,97.9324109348471,0.0,6.381953389336807,0.2912355959415436,0.0,0.0,-0.9566469788551331,0.2912217080593109,0.0,0.0,-0.9566304683685303,-0.3397175639628544
-23.316273270627843,99.56531489960048,0.0,6.409220917762021,0.29078906774520874,0.0,0.0,-0.9567821621894836,0.2912360429763794,0.0,0.0,-0.956627368927002,0.01601953781325738
-24.42149681881706,101.20867149948515,0.0,6.436760368929962,0.2903311550617218,0.0,0.0,-0.9569206237792969,0.29121652245521545,0.0,0.0,-0.956634521484375,-0.34110844533497264
-25.53072828304553,102.86280415535586,0.0,6.464664089307075,0.2898603677749634,0.0,0.0,-0.9570627212524414,0.29116231203079224,0.0,0.0,-0.9566521644592285,0.014610259006332504
-26.64391415972501,104.5280658541007,0.0,6.49302442535981,0.2893754541873932,0.0,0.0,-0.9572088718414307,0.29107263684272766,0.0,0.0,-0.956680417060852,-0.3425407855396562
-27.761013251901474,106.20483961379253,0.0,6.521933723554622,0.28887519240379333,0.0,0.0,-0.9573593735694885,0.2909466624259949,0.0,0.0,-0.9567195773124695,0.01315019344093793
-28.881996456967585,107.89353899705293,0.0,6.551484330357956,0.2883584797382355,0.0,0.0,-0.9575144648551941,0.290783554315567,0.0,0.0,-0.9567698240280151,-0.34403324042871347
-30.00684652390136,109.59460867419037,0.0,6.5817685922362665,0.2878243029117584,0.0,0.0,-0.957674503326416,0.29058268666267395,0.0,0.0,-0.9568313360214233,0.011620685265265718
-31.135557779030716,111.30852503775785,0.0,6.612878855656001,0.28727176785469055,0.0,0.0,-0.9578396677970886,0.2903432846069336,0.0,0.0,-0.9569043517112732,-0.34560446585395266
-32.268135819266504,113.03579687032041,0.0,6.6449074670836135,0.28669992089271545,0.0,0.0,-0.958010196685791,0.2900645136833191,0.0,0.0,-0.9569889307022095,0.010003078627507545
-33.40459717166149,114.77696606735134,0.0,6.677946772985551,0.28610795736312866,0.0,0.0,-0.9581863284111023,0.28974565863609314,0.0,0.0,-0.9570853114128113,-0.3472731176671818
-34.54496891806797,116.53260841733513,0.0,6.7120891198282635,0.2854951322078705,0.0,0.0,-0.9583683013916016,0.2893860936164856,0.0,0.0,-0.9571935534477234,0.008278717675855307
-35.68928828357037,118.30333444132417,0.0,6.747426854078204,0.2848607003688812,0.0,0.0,-0.9585561752319336,0.288985013961792,0.0,0.0,-0.9573139548301697,-0.34905785172020903
-36.837602187254305,120.08979029437033,0.0,6.784052322201817,0.2842039465904236,0.0,0.0,-0.9587501287460327,0.2885417640209198,0.0,0.0,-0.9574465155601501,0.006428946558501125
-37.98996675376762,121.89265873146687,0.0,6.822057870665576,0.2835243046283722,0.0,0.0,-0.9589503407478333,0.2880556285381317,0.0,0.0,-0.9575913548469543,-0.3509773238648433
-39.14644678399165,123.71266014083953,0.0,6.861535845935899,0.2828209400177002,0.0,0.0,-0.9591569304466248,0.2875259220600128,0.0,0.0,-0.9577485918998718,0.004435109423636285
-40.307115183005806,125.55055364766199,0.0,6.902578594479248,0.28209343552589417,0.0,0.0,-0.959369957447052,0.28695186972618103,0.0,0.0,-0.9579184055328369,-0.3530501899528912
-41.47205234338111,127.40713829152472,0.0,6.945278462762076,0.2813411355018616,0.0,0.0,-0.9595896601676941,0.2863342761993408,0.0,0.0,-0.958105742931366,0.002278550419453018
-42.641345481672815,129.28325428124666,0.0,6.989727797250831,0.2805636525154114,0.0,0.0,-0.9598159790039062,0.2856973707675934,0.0,0.0,-0.9582982063293457,-0.35529510583616164
-43.81508792580593,131.17978433090164,0.0,7.036018944411966,0.4013797640800476,0.0,0.0,-0.9158931374549866,0.34645286202430725,0.0,0.0,-0.9380460977554321,-5.9386305856834465e-05
