X,Y,Z,Speed,RotW,RotX,RotY,RotZ,HarsherRotW,HarsherRotX,HarsherRotY,HarsherRotZ,TireRot
-46.16370240999679,134.71676868210204,0.0,6.8681546888555305,0.2940678596496582,0.0,0.0,-0.9557844996452332,0.29665911197662354,0.0,0.0,-0.9549834728240967,-0.346876499437148
-47.36866888455325,136.46786939711959,0.0,6.8681546888555305,0.29402655363082886,0.0,0.0,-0.9557971358299255,0.2966364622116089,0.0,0.0,-0.9549905061721802,-0.0
-48.578180362608336,138.22917416577008,0.0,6.9058561944432615,0.2939487397670746,0.0,0.0,-0.9558210372924805,0.2965925335884094,0.0,0.0,-0.9550041556358337,-0.34878061588097276
-49.79197747161441,140.00029743022165,0.0,6.942051667689817,0.2938387393951416,0.0,0.0,-0.9558547735214233,0.29652854800224304,0.0,0.0,-0.9550239443778992,-0.001828054204371543
-51.00981304293424,141.78086659500397,0.0,6.97679504654042,0.29370051622390747,0.0,0.0,-0.9558971524238586,0.29644617438316345,0.0,0.0,-0.955049455165863,-0.3505353319845385
-52.23145198983448,143.5705220622176,0.0,7.010140268940306,0.29353755712509155,0.0,0.0,-0.9559470415115356,0.2963462173938751,0.0,0.0,-0.9550803303718567,-0.0035121563457800042
-53.45667118561866,145.36891726669052,0.0,7.042141272834699,0.2933530807495117,0.0,0.0,-0.9560035467147827,0.29623016715049744,0.0,0.0,-0.9551161527633667,-0.3521515443024371
-54.685259342251584,147.17571871098224,0.0,7.072851996168832,0.29315000772476196,0.0,0.0,-0.9560656547546387,0.2960989475250244,0.0,0.0,-0.9551566243171692,-0.005063202978816961
-55.91701688980953,148.9906060001373,0.0,7.102326376887925,0.2929309904575348,0.0,0.0,-0.9561326503753662,0.2959537208080292,0.0,0.0,-0.9552013874053955,-0.35364014938926003
-57.1517558570738,150.8132718760974,0.0,7.130618352937214,0.29269835352897644,0.0,0.0,-0.9562036395072937,0.295795738697052,0.0,0.0,-0.955250084400177,-0.00649209065807399
-58.389299753568274,152.64342225168372,0.0,7.157781862261924,0.2924542725086212,0.0,0.0,-0.9562780857086182,0.2956257164478302,0.0,0.0,-0.9553024768829346,-0.3550120437995989
-59.629483453326564,154.48077624406892,0.0,7.183870842807287,0.2922007143497467,0.0,0.0,-0.9563553333282471,0.2954448163509369,0.0,0.0,-0.9553581476211548,-0.007809715938142836
-60.872153080656894,156.32506620765875,0.0,7.208939232518527,0.2919394373893738,0.0,0.0,-0.956434965133667,0.2952539324760437,0.0,0.0,-0.9554167985916138,-0.35627812408804543
-62.11716589815937,158.1760377663116,0.0,7.233040969340874,0.29167208075523376,0.0,0.0,-0.9565163254737854,0.29505395889282227,0.0,0.0,-0.9554782509803772,-0.009026975373614854
-63.36439019723426,160.03344984482607,0.0,7.256229991219561,0.29140007495880127,0.0,0.0,-0.9565990567207336,0.2948456406593323,0.0,0.0,-0.9555422067642212,-0.3574492868091912
-64.61370519130615,161.89707469963193,0.0,7.278560236099809,0.29112473130226135,0.0,0.0,-0.9566826820373535,0.29462987184524536,0.0,0.0,-0.9556083679199219,-0.010154765519081954
-65.865000911975,163.76669794862227,0.0,7.300085641926851,0.2908472716808319,0.0,0.0,-0.9567668437957764,0.2944074273109436,0.0,0.0,-0.9556764960289001,-0.3585364285176277
-67.11817810829191,165.64211860007208,0.0,7.320860146645916,0.2905687987804413,0.0,0.0,-0.9568513035774231,0.2941789925098419,0.0,0.0,-0.9557464122772217,-0.011203982929135714
-68.37314814934497,167.52314908058653,0.0,7.34093768820223,0.29029032588005066,0.0,0.0,-0.956935703754425,0.2939453721046448,0.0,0.0,-0.9558178782463074,-0.35955044576794654
-69.62983293032823,169.4096152620314,0.0,7.360372204541021,0.2900127172470093,0.0,0.0,-0.9570197463035583,0.2937072217464447,0.0,0.0,-0.9558907151222229,-0.012185524158367655
-70.88816478225596,171.30135648739747,0.0,7.379217633607521,0.289736807346344,0.0,0.0,-0.9571031928062439,0.29346519708633423,0.0,0.0,-0.9559646844863892,-0.36050223511473944
-72.14808638547308,173.19822559555604,0.0,7.3975279133469565,0.2894633114337921,0.0,0.0,-0.9571858644485474,0.2932199239730835,0.0,0.0,-0.956039547920227,-0.013110285761369467
-73.40955068710308,175.1000889448633,0.0,7.415356981704556,0.28919294476509094,0.0,0.0,-0.9572675228118896,0.2929718792438507,0.0,0.0,-0.956115186214447,-0.361402693112598
-74.67252082256509,177.00682643557766,0.0,7.4327587766255485,0.28892630338668823,0.0,0.0,-0.9573479890823364,0.2927217483520508,0.0,0.0,-0.95619136095047,-0.013989164292732725
-75.93697004128285,178.91833153105216,0.0,7.449787236055163,0.2886640131473541,0.0,0.0,-0.9574270248413086,0.2924700975418091,0.0,0.0,-0.9562679529190063,-0.36226271631611384
-77.20288163670094,180.8345112776699,0.0,7.466496297938626,0.2884066104888916,0.0,0.0,-0.9575045704841614,0.29221752285957336,0.0,0.0,-0.9563447833061218,-0.014833056307049064
-78.47024888071569,182.7552863234918,0.0,7.482939900221167,0.2881544828414917,0.0,0.0,-0.9575805068016052,0.2919645607471466,0.0,0.0,-0.9564217329025269,-0.36309320127987854
-79.73907496262188,184.68059093558574,0.0,7.499171980848017,0.28790807723999023,0.0,0.0,-0.957654595375061,0.2917115092277527,0.0,0.0,-0.9564986228942871,-0.01565285835891017
-81.00937293267056,186.61037301601118,0.0,7.515246477764398,0.287667840719223,0.0,0.0,-0.9577268362045288,0.29145893454551697,0.0,0.0,-0.956575334072113,-0.36390504455848366
-82.28116565032806,188.54459411643197,0.0,7.531217328915547,0.2874341905117035,0.0,0.0,-0.9577970504760742,0.29120734333992004,0.0,0.0,-0.9566516280174255,-0.016459467002907624
-83.5544857373222,190.48322945133282,0.0,7.547138472246686,0.28720739483833313,0.0,0.0,-0.9578651189804077,0.29095709323883057,0.0,0.0,-0.9567275047302246,-0.36470914270652094
-84.82937553555752,192.42626790981603,0.0,7.563063845703042,0.2869877517223358,0.0,0.0,-0.9579310417175293,0.29070860147476196,0.0,0.0,-0.9568028450012207,-0.017263778793632722
-86.10588706997918,194.37371206595415,0.0,7.579047387229853,0.2867755889892578,0.0,0.0,-0.9579946398735046,0.2904622256755829,0.0,0.0,-0.9568774104118347,-0.365516392278582
-87.38408201646308,196.32557818767796,0.0,7.595143034772339,0.286571204662323,0.0,0.0,-0.958055853843689,0.2902182936668396,0.0,0.0,-0.9569512009620667,-0.018076690285677544
-88.66403167480752,198.2818962441749,0.0,7.611404726275733,0.2863748073577881,0.0,0.0,-0.9581146836280823,0.2899772822856903,0.0,0.0,-0.957024097442627,-0.3663376898292584
-89.94581694649034,200.2427099111476,0.0,7.627886397227989,0.2861866056919098,0.0,0.0,-0.958171010017395,0.2897396385669708,0.0,0.0,-0.9570959210395813,-0.018909097909528938
-91.22952585795605,202.2080728072074,0.0,7.644627327839811,0.2860068678855896,0.0,0.0,-0.9582247734069824,0.2895054817199707,0.0,0.0,-0.9571666717529297,-0.36718319137531
-92.5152452969713,204.17803583361638,0.0,7.661617560054505,0.28583574295043945,0.0,0.0,-0.9582759141921997,0.28927522897720337,0.0,0.0,-0.9572361707687378,-0.019767190445624527
-93.80305930606829,206.15264451067546,0.0,7.6788368064397865,0.28567343950271606,0.0,0.0,-0.9583243727684021,0.2890491485595703,0.0,0.0,-0.9573044180870056,-0.3680528502836576
-95.09304911191491,208.13193896934087,0.0,7.696264779563348,0.28552013635635376,0.0,0.0,-0.9583701491355896,0.28882765769958496,0.0,0.0,-0.9573712348937988,-0.020647391108430724
-96.38529315292104,210.1159539433554,0.0,7.713881191992902,0.28537604212760925,0.0,0.0,-0.9584131836891174,0.28861090540885925,0.0,0.0,-0.9574366211891174,-0.36894256808313
-97.67986710505356,212.10471876190175,0.0,7.731665756296157,0.2852412760257721,0.0,0.0,-0.9584534168243408,0.2883991599082947,0.0,0.0,-0.9575004577636719,-0.021545601426776917
-98.97684390583277,214.09825734278633,0.0,7.749598185040808,0.2851159870624542,0.0,0.0,-0.9584908485412598,0.2881928086280823,0.0,0.0,-0.9575625658035278,-0.3698482463025568
-100.27629377648053,216.0965881861628,0.0,7.767658190794568,0.2850003242492676,0.0,0.0,-0.9585253596305847,0.2879921495914459,0.0,0.0,-0.9576229453086853,-0.022457722929492052
-101.57828424218954,218.0997243688027,0.0,7.785825486125136,0.2848944365978241,0.0,0.0,-0.9585569500923157,0.2877972424030304,0.0,0.0,-0.9576815962791443,-0.3707657864707673
-102.88288015048305,220.1076735389245,0.0,7.8040797836002245,0.2847984731197357,0.0,0.0,-0.9585856199264526,0.28760841488838196,0.0,0.0,-0.9577383995056152,-0.02337965714540563
-104.19014368763165,222.12043791158712,0.0,7.822400795787531,0.2847124934196472,0.0,0.0,-0.9586113095283508,0.2874257564544678,0.0,0.0,-0.9577933549880981,-0.3716910901165909
-105.50013439309575,224.13801426466225,0.0,7.840768235254767,0.2846367061138153,0.0,0.0,-0.9586339592933655,0.28724977374076843,0.0,0.0,-0.9578462839126587,-0.024307305603346818
-106.81290917195842,226.16039393539052,0.0,7.859161814569634,0.2845711410045624,0.0,0.0,-0.9586535692214966,0.2870804965496063,0.0,0.0,-0.9578971862792969,-0.3726200587688569
-108.12852230531557,228.18756281753417,0.0,7.87756124629984,0.284515917301178,0.0,0.0,-0.9586700797080994,0.2869182229042053,0.0,0.0,-0.9579459428787231,-0.025236569832145117
-109.44702545858854,230.2195013591366,0.0,7.895946243013085,0.28447118401527405,0.0,0.0,-0.958683431148529,0.2867630124092102,0.0,0.0,-0.9579926133155823,-0.3735485939563945
-110.76846768772393,232.25618456089651,0.0,7.91429651727708,0.28443703055381775,0.0,0.0,-0.9586936831474304,0.28661489486694336,0.0,0.0,-0.9580371379852295,-0.02616335136062975
-112.0928954432459,234.2975819751701,0.0,7.932591781659527,0.28441357612609863,0.0,0.0,-0.9587007761001587,0.2864745557308197,0.0,0.0,-0.9580793380737305,-0.3744725972080332
-113.42035257212561,236.34365770560808,0.0,7.950811748728129,0.2844008803367615,0.0,0.0,-0.9587046504020691,0.2863418161869049,0.0,0.0,-0.95811927318573,-0.027083551717629828
-114.75088031743257,238.3943704074414,0.0,7.968936131050594,0.28439900279045105,0.0,0.0,-0.9587052464485168,0.28621694445610046,0.0,0.0,-0.9581568241119385,-0.37538797005260216
-116.0845173157331,240.44967328842228,0.0,7.98694464119463,0.2844080924987793,0.0,0.0,-0.958702564239502,0.286100298166275,0.0,0.0,-0.9581919312477112,-0.027993072431975075
-117.42129959220095,242.50951411043366,0.0,8.004816991727935,0.2844282388687134,0.0,0.0,-0.9586966633796692,0.2859918177127838,0.0,0.0,-0.9582245349884033,-0.3762906140189307
-118.76126055340606,244.57383519177478,0.0,8.02253289521822,0.2844594419002533,0.0,0.0,-0.9586874842643738,0.28589174151420593,0.0,0.0,-0.9582546949386597,-0.02888781503249449
-120.10443097774724,246.64257341013413,0.0,8.04007206423319,0.284501850605011,0.0,0.0,-0.9586749076843262,0.2858003079891205,0.0,0.0,-0.9582822322845459,-0.37717643063584844
-121.45083900349621,248.7156602062591,0.0,8.057414211340545,0.28455549478530884,0.0,0.0,-0.9586589932441711,0.2857176661491394,0.0,0.0,-0.958307147026062,-0.029763681048017465
-122.80051011441995,250.7930215883306,0.0,8.074539049107994,0.2846205234527588,0.0,0.0,-0.9586397409439087,0.28564372658729553,0.0,0.0,-0.9583294987678528,-0.3780413214321842
-124.15346712295052,252.8745781370537,0.0,8.091426290103241,0.28469693660736084,0.0,0.0,-0.9586170315742493,0.28557878732681274,0.0,0.0,-0.9583491086959839,-0.030616572007373388
-125.50973013796752,254.96024499163298,0.0,8.108055569766224,0.28478482365608215,0.0,0.0,-0.9585909247398376,0.2855229377746582,0.0,0.0,-0.9583659768104553,-0.3788811840414258
-126.86931639605476,257.0499316306237,0.0,8.124405645990937,0.2848842740058899,0.0,0.0,-0.958561360836029,0.2854765057563782,0.0,0.0,-0.9583800435066223,-0.031442333432863956
-128.23224014340812,259.1435417360405,0.0,8.140454719435676,0.2849953770637512,0.0,0.0,-0.9585283398628235,0.28543952107429504,0.0,0.0,-0.9583913087844849,-0.37969174330631156
-129.5985126066393,261.24097319934367,0.0,8.156180981864244,0.28511807322502136,0.0,0.0,-0.9584918022155762,0.2854119837284088,0.0,0.0,-0.958399772644043,-0.032236589111074465
-130.9681419622972,263.34211813052076,0.0,8.171562625040456,0.28525251150131226,0.0,0.0,-0.9584517478942871,0.28539419174194336,0.0,0.0,-0.9584053158760071,-0.38046859397177685
-132.3411333035941,265.4468628679831,0.0,8.186577840728114,0.2853987216949463,0.0,0.0,-0.9584081172943115,0.28538626432418823,0.0,0.0,-0.9584078788757324,-0.03299493333772391
-133.71748860431362,267.55508798928275,0.0,8.201204820691041,0.2855567932128906,0.0,0.0,-0.9583609700202942,0.28538841009140015,0.0,0.0,-0.958407461643219,-0.38120733033354076
-135.09720667987932,269.6666683226576,0.0,8.215421756693035,0.2857266366481781,0.0,0.0,-0.9583102464675903,0.28540048003196716,0.0,0.0,-0.9584040641784668,-0.03371296040853167
-136.4802831455649,271.7814729594083,0.0,8.229206840497909,0.28590840101242065,0.0,0.0,-0.9582559466362,0.28542274236679077,0.0,0.0,-0.958397626876831,-0.3819035466873223
-137.86671037182984,273.89936526711324,0.0,8.242538263869474,0.2861020565032959,0.0,0.0,-0.9581980109214783,0.28545528650283813,0.0,0.0,-0.9583881497383118,-0.03438626461921679
-139.25647743676626,276.0202029036842,0.0,8.255394218571537,0.2863076329231262,0.0,0.0,-0.9581364989280701,0.2854979634284973,0.0,0.0,-0.9583756327629089,-0.3825528373288406
-140.64957007564686,278.1438378322672,0.0,8.267752896367911,0.28652504086494446,0.0,0.0,-0.9580713510513306,0.2855514585971832,0.0,0.0,-0.9583598375320435,-0.03501044026549832
-142.04597062756477,280.27011633698953,0.0,8.279592489022404,0.286754310131073,0.0,0.0,-0.9580026268959045,0.2856152057647705,0.0,0.0,-0.9583409428596497,-0.38315079655381495
-143.445657979161,282.39887903955446,0.0,8.290891188298826,0.2869952917098999,0.0,0.0,-0.957930326461792,0.28568941354751587,0.0,0.0,-0.9583188891410828,-0.03558108164309537
-144.84860750543783,284.52996091668615,0.0,8.301627185960985,0.28724798560142517,0.0,0.0,-0.9578543901443481,0.28577470779418945,0.0,0.0,-0.9582935571670532,-0.38369301865796446
-146.25479100765884,286.6631913184203,0.0,8.311778673772691,0.2875121235847473,0.0,0.0,-0.9577749967575073,0.28587043285369873,0.0,0.0,-0.9582650661468506,-0.03609378304772698
-147.664176648342,288.79839398724266,0.0,8.321323843497757,0.28778764605522156,0.0,0.0,-0.95769202709198,0.2859775125980377,0.0,0.0,-0.9582331776618958,-0.38417509793700816
-149.07672888335384,290.935387078071,0.0,8.33024088689999,0.2880743145942688,0.0,0.0,-0.9576056003570557,0.28609544038772583,0.0,0.0,-0.9581980109214783,-0.036544138775112534
-150.49240839111764,293.0739831790762,0.0,8.3385079957432,0.2883720099925995,0.0,0.0,-0.9575157761573792,0.28622421622276306,0.0,0.0,-0.9581595063209534,-0.3845926286866652
-151.9111719989527,295.2139893333391,0.0,8.346103361791197,0.28868040442466736,0.0,0.0,-0.9574226140975952,0.2863640785217285,0.0,0.0,-0.9581176042556763,-0.036927743120971024
-153.33297260656465,297.3552070613354,0.0,8.353005176807791,0.28899937868118286,0.0,0.0,-0.9573261141777039,0.2865152657032013,0.0,0.0,-0.9580723643302917,-0.3849412052026548
-154.7577591067136,299.4974323842423,0.0,8.359191632556795,0.28932860493659973,0.0,0.0,-0.9572263956069946,0.2866777181625366,0.0,0.0,-0.9580236077308655,-0.03724019038102172
-156.18547630308814,301.64045584805706,0.0,8.364640920802008,0.28966790437698364,0.0,0.0,-0.9571235179901123,0.2868513762950897,0.0,0.0,-0.957971453666687,-0.3852164217806958
-157.61603402988294,303.7840164450955,0.0,8.369151204171429,0.2900169789791107,0.0,0.0,-0.9570175409317017,0.28703629970550537,0.0,0.0,-0.9579158425331116,-0.03746798247038646
-159.04911518829098,305.9275153265054,0.0,8.371402011369838,0.29037556052207947,0.0,0.0,-0.9569085240364075,0.2872324585914612,0.0,0.0,-0.9578568339347839,-0.3853300989119286
-160.48410029317125,308.0699065539246,0.0,8.369643862676444,0.29074347019195557,0.0,0.0,-0.9567965269088745,0.28744015097618103,0.0,0.0,-0.9577942490577698,-0.03737918708183119
-161.92006473391697,310.20969764419885,0.0,8.36212639905539,0.2911205291748047,0.0,0.0,-0.9566815495491028,0.2876589596271515,0.0,0.0,-0.9577282667160034,-0.3849504290320774
-163.35577598699948,312.3449503970638,0.0,8.347099261470811,0.2915063798427582,0.0,0.0,-0.9565637111663818,0.287889301776886,0.0,0.0,-0.9576587080955505,-0.03662024073917569
-164.78969064469533,314.4732817761842,0.0,8.32281209088685,0.2919009029865265,0.0,0.0,-0.9564430713653564,0.28813084959983826,0.0,0.0,-0.9575856328010559,-0.3837238042551097
-166.21995128103362,316.5918648373201,0.0,8.287514528267653,0.29230374097824097,0.0,0.0,-0.9563196897506714,0.2883833348751068,0.0,0.0,-0.9575092196464539,-0.03483753555638791
-167.644383183422,318.69742969521275,0.0,8.239456214577363,0.2927144169807434,0.0,0.0,-0.956193745136261,0.28864699602127075,0.0,0.0,-0.9574292898178101,-0.381296616694994
-169.06049098667586,320.78626451835055,0.0,8.176886790780108,0.2931322455406189,0.0,0.0,-0.9560654163360596,0.2889212965965271,0.0,0.0,-0.9573460817337036,-0.03167746364743568
-170.46545525521225,322.8542165381152,0.0,8.098055897840041,0.29355624318122864,0.0,0.0,-0.955935001373291,0.28920596837997437,0.0,0.0,-0.9572595953941345,-0.3773152584656977
-171.85617374073547,324.8967585934381,0.0,8.001469961038875,0.2939848303794861,0.0,0.0,-0.9558029770851135,0.2895011305809021,0.0,0.0,-0.957169771194458,-0.026799386031215178
-173.2297906134257,326.9097690177507,0.0,7.88868884509152,0.29441606998443604,0.0,0.0,-0.9556699395179749,0.2898057997226715,0.0,0.0,-0.9570769667625427,-0.37161924250876055
-174.5840482747613,328.89004181814005,0.0,7.763275310340438,0.2948475778102875,0.0,0.0,-0.9555366635322571,0.2901199460029602,0.0,0.0,-0.9569811224937439,-0.020465369124594845
-175.91729902301796,330.83529391725716,0.0,7.628827010082221,0.29527631402015686,0.0,0.0,-0.9554040431976318,0.2904430627822876,0.0,0.0,-0.9568824172019958,-0.3648289243139011
-177.22851088887543,332.74416342087136,0.0,7.488941597613453,0.29569876194000244,0.0,0.0,-0.9552732706069946,0.2907746732234955,0.0,0.0,-0.9567810297012329,-0.013400449302939876
-178.51727360339055,334.6162078483828,0.0,7.347216726230726,0.29611074924468994,0.0,0.0,-0.955145537853241,0.29111453890800476,0.0,0.0,-0.9566769599914551,-0.35767110252689477
-179.7838046260553,336.4519023474854,0.0,7.207250049230624,0.2965075671672821,0.0,0.0,-0.955022394657135,0.2914617359638214,0.0,0.0,-0.9565705060958862,-0.006331425212025621
-181.02895517830834,338.25263790893405,0.0,7.072639219909744,0.2968840003013611,0.0,0.0,-0.9549055099487305,0.2918161451816559,0.0,0.0,-0.9564616680145264,-0.350872575793517
-182.25421624911647,340.0207195910838,0.0,6.946981891564666,0.2972344160079956,0.0,0.0,-0.9547966122627258,0.29217714071273804,0.0,0.0,-0.9563506841659546,1.4904502372292683e-05
-183.46168051510574,341.75930140229104,0.0,6.833626651845206,0.29755252599716187,0.0,0.0,-0.9546977877616882,0.2925448417663574,0.0,0.0,-0.9562374949455261,-0.3451475636864736
-184.65353236979973,343.47164482402565,0.0,6.733012462524912,0.29783156514167786,0.0,0.0,-0.9546111226081848,0.2929183840751648,0.0,0.0,-0.9561223387718201,0.00509642921551845
-185.8317143965544,345.1606396952012,0.0,6.643694324575206,0.29806452989578247,0.0,0.0,-0.9545388221740723,0.2932983636856079,0.0,0.0,-0.9560049772262573,-0.3406365466183066
-186.99791957683826,346.828796796592,0.0,6.564195533474276,0.29824361205101013,0.0,0.0,-0.9544833898544312,0.29368388652801514,0.0,0.0,-0.9558858275413513,0.009111519675161328
-188.15358907765437,348.4782485077102,0.0,6.4930393847003165,0.29836052656173706,0.0,0.0,-0.9544473886489868,0.2940747141838074,0.0,0.0,-0.9557648301124573,-0.33704280173073287
-189.2999100225114,350.11074946788744,0.0,6.42874917373151,0.29840633273124695,0.0,0.0,-0.9544336199760437,0.29446840286254883,0.0,0.0,-0.9556427597999573,0.012358500027121244
-190.43778320252534,351.72768983816366,0.0,6.369848196046053,0.2983713150024414,0.0,0.0,-0.9544450640678406,0.2948567271232605,0.0,0.0,-0.9555222988128662,-0.33406800487793203
-191.56738627742953,353.33027817451625,0.0,6.314859747122129,0.2982463538646698,0.0,0.0,-0.9544845223426819,0.29522988200187683,0.0,0.0,-0.9554065465927124,0.01513569441721846
-192.68829472676256,354.91949042481815,0.0,6.262307122437933,0.29802343249320984,0.0,0.0,-0.9545543193817139,0.29557761549949646,0.0,0.0,-0.955298662185669,-0.33141383191408375
-193.79985222825613,356.49591433262685,0.0,6.2107136174716535,0.2976960241794586,0.0,0.0,-0.9546563029289246,0.2958906888961792,0.0,0.0,-0.9552016258239746,0.017741426991273013
-194.90117879852076,358.0597459176948,0.0,6.158603110292699,0.2972587049007416,0.0,0.0,-0.9547920227050781,0.29616105556488037,0.0,0.0,-0.9551180601119995,-0.32878198811716686
-195.99117396298718,359.6107929205212,0.0,6.104514909524284,0.2967066168785095,0.0,0.0,-0.9549626111984253,0.2963803708553314,0.0,0.0,-0.955050528049469,0.020473154302809105
-197.06852282691798,361.1484774318291,0.0,6.04700497483229,0.29603615403175354,0.0,0.0,-0.9551689028739929,0.2965424954891205,0.0,0.0,-0.9550008773803711,-0.32587744596100554
-198.13170180261943,362.6718334608473,0.0,5.984630093015097,0.29524433612823486,0.0,0.0,-0.955411434173584,0.2966413199901581,0.0,0.0,-0.9549710154533386,0.02362340085923298
-199.17898647884797,364.1795033328088,0.0,5.915947050871075,0.294328898191452,0.0,0.0,-0.9556905031204224,0.2966703772544861,0.0,0.0,-0.9549628496170044,-0.3224086054486812
-200.20846154874496,365.6697332253823,0.0,5.839512635198607,0.2932884693145752,0.0,0.0,-0.9560061097145081,0.29662543535232544,0.0,0.0,-0.9549776315689087,0.027483724883095084
-201.21803251906957,367.14036796359346,0.0,5.75388363279607,0.2921225428581238,0.0,0.0,-0.9563578367233276,0.29650214314460754,0.0,0.0,-0.9550166130065918,-0.31808390835764405
-202.2054388677133,368.5888452169066,0.0,5.657616830461834,0.2908342778682709,0.0,0.0,-0.956754744052887,0.29629725217819214,0.0,0.0,-0.955080509185791,0.03234568459694531
-203.1683245997075,370.01227290977243,0.0,5.549594791581019,0.2894221544265747,0.0,0.0,-0.9571864008903503,0.29600802063941956,0.0,0.0,-0.9551700353622437,-0.3126282498283099
-204.10488252128638,371.4083688679123,0.0,5.432374416181256,0.28788793087005615,0.0,0.0,-0.9576517939567566,0.29563280940055847,0.0,0.0,-0.9552854299545288,0.03826590557673132
-205.01424017458808,372.77606301042533,0.0,5.310830651366822,0.28623464703559875,0.0,0.0,-0.9581495523452759,0.2951703369617462,0.0,0.0,-0.9554268717765808,-0.3064896758477829
-205.89643766326756,374.11551964919414,0.0,5.189874787008388,0.28446564078330994,0.0,0.0,-0.9586779475212097,0.2946197986602783,0.0,0.0,-0.9555943608283997,0.044374787615036104
-206.75239377413013,375.4281526981302,0.0,5.074418112976611,0.2825845777988434,0.0,0.0,-0.959235668182373,0.29398244619369507,0.0,0.0,-0.9557925462722778,-0.3006585306946629
-207.5838678084115,376.7166426431247,0.0,4.969371919142164,0.280595064163208,0.0,0.0,-0.9598208069801331,0.2932562232017517,0.0,0.0,-0.9560173153877258,0.049680150940008216
-208.39335328986206,377.9848532363458,0.0,4.879256588100077,0.27850043773651123,0.0,0.0,-0.960431694984436,0.2924412190914154,0.0,0.0,-0.9562684893608093,-0.296107251349103
-209.18332262828056,379.2367129217503,0.0,4.80423455051931,0.27630388736724854,0.0,0.0,-0.9610668420791626,0.29153668880462646,0.0,0.0,-0.9565460681915283,0.05346914273701661
-209.95577403569777,380.47550652382193,0.0,4.741742682038293,0.2740081250667572,0.0,0.0,-0.9617245197296143,0.29054197669029236,0.0,0.0,-0.9568499326705933,-0.29295109637531425
-210.7122358993622,381.70385915223443,0.0,4.68917614553802,0.27161580324172974,0.0,0.0,-0.9624034762382507,0.28945669531822205,0.0,0.0,-0.9571800827980042,0.0561240183178385
-211.4537806504043,382.92372988005474,0.0,4.6439301038994785,0.26912933588027954,0.0,0.0,-0.9631021618843079,0.28828006982803345,0.0,0.0,-0.9575361013412476,-0.2906659427572061
-212.1810410374956,384.1364044218108,0.0,4.603399720003665,0.26655077934265137,0.0,0.0,-0.9638193249702454,0.28701186180114746,0.0,0.0,-0.9579178690910339,0.05817100740348566
-212.89422875188606,385.34248682973873,0.0,4.56498015673157,0.26388266682624817,0.0,0.0,-0.9645534753799438,0.2856522798538208,0.0,0.0,-0.9583250880241394,-0.288725560773767
-213.59315534113594,386.54189023192964,0.0,4.526066576964183,0.261127233505249,0.0,0.0,-0.965303361415863,0.28420090675354004,0.0,0.0,-0.958757221698761,0.06013633971496987
-214.27731027562757,387.73392318575696,0.0,4.484416717266943,0.2582869231700897,0.0,0.0,-0.9660674333572388,0.28265780210494995,0.0,0.0,-0.9592140913009644,-0.28662203250622964
-214.9461651300401,388.91778443718226,0.0,4.4396762560893785,0.2553645372390747,0.0,0.0,-0.9668441414833069,0.28102338314056396,0.0,0.0,-0.9596948027610779,0.06239595896636205
-215.5992684869221,390.09272512879,0.0,4.392103408806163,0.2523629069328308,0.0,0.0,-0.9676320552825928,0.2792983055114746,0.0,0.0,-0.9601988792419434,-0.28421936345152177
-216.23624431373705,391.25804963956597,0.0,4.341956710720062,0.2492852807044983,0.0,0.0,-0.9684296250343323,0.27748367190361023,0.0,0.0,-0.9607254266738892,0.06492862048586209
-216.85678997880277,392.41311647122757,0.0,4.289494697133838,0.2461349368095398,0.0,0.0,-0.9692350625991821,0.27558067440986633,0.0,0.0,-0.9612734317779541,-0.2815697668057529
-217.4606739810178,393.5573392549281,0.0,4.234975903350255,0.2429151087999344,0.0,0.0,-0.970047116279602,0.2735905647277832,0.0,0.0,-0.9618421792984009,0.06768209491937638
-218.04773341991014,394.69018786695676,0.0,4.17865886467208,0.23962914943695068,0.0,0.0,-0.9708639979362488,0.27151522040367126,0.0,0.0,-0.9624305367469788,-0.2787254719230168
-218.6178712334572,395.811189641679,0.0,4.120802116402075,0.2362803816795349,0.0,0.0,-0.9716845154762268,0.2693558931350708,0.0,0.0,-0.9630374908447266,0.070604152912811
-219.17105323163645,396.9199306697676,0.0,4.061664193843006,0.23287247121334076,0.0,0.0,-0.9725069403648376,0.2671147882938385,0.0,0.0,-0.963661789894104,-0.27573870815740725
-219.70730495376182,398.01605716974376,0.0,4.0015036322976325,0.2294086217880249,0.0,0.0,-0.9733299612998962,0.2647942304611206,0.0,0.0,-0.9643022418022156,0.07364256511207226
-220.22670837738616,399.09927692098336,0.0,3.9405789670687232,0.22589196264743805,0.0,0.0,-0.974152147769928,0.2623957395553589,0.0,0.0,-0.9649579524993896,-0.2726617048630179
-220.72939850589387,400.1693607466356,0.0,3.8791487334590404,0.22232529520988464,0.0,0.0,-0.9749723672866821,0.2599225342273712,0.0,0.0,-0.9656273722648621,0.07674510216306635
-221.2155598609108,401.22614403533794,0.0,3.8174714667713485,0.21871069073677063,0.0,0.0,-0.9757896065711975,0.25737670063972473,0.0,0.0,-0.9663093090057373,-0.2695466913939425
-221.6854229043222,402.2695282911958,0.0,3.755805702308412,0.21505016088485718,0.0,0.0,-0.9766029715538025,0.2547610402107239,0.0,0.0,-0.9670023918151855,0.07985953471169949
-222.13926041304944,403.29948270220234,0.0,3.694409975372997,0.21134434640407562,0.0,0.0,-0.977411687374115,0.2520776391029358,0.0,0.0,-0.967705488204956,-0.2664458971042751
-222.5773838278014,404.3160457181111,0.0,3.633542821267863,0.2075938731431961,0.0,0.0,-0.9782150983810425,0.24933001399040222,0.0,0.0,-0.9684171676635742,0.08293363340387797
-223.00013959481814,405.31932662972076,0.0,3.573462775295777,0.2037980705499649,0.0,0.0,-0.9790129661560059,0.24652013182640076,0.0,0.0,-0.9691364169120789,-0.2634115513481091
-223.40790551717686,406.3095071425821,0.0,3.5144283727595056,0.1999552994966507,0.0,0.0,-0.9798049926757812,0.24365101754665375,0.0,0.0,-0.9698618054389954,0.08591516888550785
-223.80108712955948,407.2868429392878,0.0,3.456698148961809,0.19606320559978485,0.0,0.0,-0.9805911779403687,0.24072477221488953,0.0,0.0,-0.9705923795700073,-0.26049588347953856
-224.18011410750358,408.2516652257346,0.0,3.4005306392054537,0.19211828708648682,0.0,0.0,-0.9813718199729919,0.23774470388889313,0.0,0.0,-0.9713267087936401,0.08875191180249545
-224.54543671909943,409.2043822580649,0.0,3.3461843787932017,0.1881158947944641,0.0,0.0,-0.9821469187736511,0.23471373319625854,0.0,0.0,-0.9720636010169983,-0.2577511228526571
-224.897522120495,410.145480297932,0.0,3.293915979776277,0.18405038118362427,0.0,0.0,-0.9829168319702148,0.23163364827632904,0.0,0.0,-0.9728023409843445,0.09139172993466332
-225.2368381578088,411.0754896442853,0.0,3.2438586443200577,0.1799144595861435,0.0,0.0,-0.9836822152137756,0.22850722074508667,0.0,0.0,-0.9735415577888489,-0.2552229745972925
-225.56383156167067,411.9949289795654,0.0,3.1959495326434366,0.17569969594478607,0.0,0.0,-0.9844436645507812,0.2253364622592926,0.0,0.0,-0.9742803573608398,0.09381138203954317
-225.87892653775847,412.904300181905,0.0,3.150108372682329,0.17139632999897003,0.0,0.0,-0.9852019548416138,0.22212448716163635,0.0,0.0,-0.9750177264213562,-0.25290776449824665
-226.18252532038463,413.80408807572434,0.0,3.1062548923726525,0.16699346899986267,0.0,0.0,-0.9859578609466553,0.21887198090553284,0.0,0.0,-0.9757530093193054,0.0960262042774056
-226.47500876121342,414.694760168078,0.0,3.0643088196503174,0.16247870028018951,0.0,0.0,-0.9867119789123535,0.2155800610780716,0.0,0.0,-0.976485550403595,-0.2507892759769166
-226.75673288097522,415.576765314169,0.0,3.024189882451241,0.15783807635307312,0.0,0.0,-0.987464964389801,0.21224217116832733,0.0,0.0,-0.9772166013717651,0.0980524132268539
-227.027801486879,416.45047410343255,0.0,2.9858178087113383,0.1530580222606659,0.0,0.0,-0.9882171154022217,0.208846777677536,0.0,0.0,-0.9779478311538696,-0.24885129245469925
-227.28796663629674,417.3161524917362,0.0,2.9491123263665218,0.1481262445449829,0.0,0.0,-0.9889683127403259,0.20538344979286194,0.0,0.0,-0.9786810278892517,0.09990622546649108
-227.53697326661862,418.1740509790715,0.0,2.9139931633527083,0.14303189516067505,0.0,0.0,-0.989717960357666,0.20184122025966644,0.0,0.0,-0.9794178605079651,-0.2470775973529915
-227.77458694938286,419.0244113326263,0.0,2.8803800476058115,0.13776615262031555,0.0,0.0,-0.9904646277427673,0.19821132719516754,0.0,0.0,-0.9801589250564575,0.10160385757492024
-228.00059076947818,419.8674652659249,0.0,2.8481927070617443,0.13232079148292542,0.0,0.0,-0.9912067651748657,0.19448330998420715,0.0,0.0,-0.9809054732322693,-0.24545197409319014
-228.21478265337453,420.703433224755,0.0,2.8173508696564253,0.126689612865448,0.0,0.0,-0.9919421672821045,0.19065017998218536,0.0,0.0,-0.9816576838493347,0.10316152613074442
-228.41697311411363,421.53252327241813,0.0,2.787774263325765,0.12086691707372665,0.0,0.0,-0.9926684498786926,0.1867029070854187,0.0,0.0,-0.9824160933494568,-0.24395820609669214
-228.6069833838424,422.354930067471,0.0,2.7593826160056802,0.11484842747449875,0.0,0.0,-0.9933827519416809,0.18263548612594604,0.0,0.0,-0.9831803441047668,0.1045954477125669
-228.7846439074416,423.1708339277135,0.0,2.7320956556320857,0.10863055288791656,0.0,0.0,-0.994081974029541,0.17844060063362122,0.0,0.0,-0.9839503169059753,-0.24258007678489446
-228.94979317329796,423.9803999747158,0.0,2.7058331101408952,0.10221072286367416,0.0,0.0,-0.9947625994682312,0.17411154508590698,0.0,0.0,-0.9847255349159241,0.10592183889899068
-229.10227685951125,424.78377735367553,0.0,2.6805147074680242,0.09558751434087753,0.0,0.0,-0.9954208731651306,0.16964340209960938,0.0,0.0,-0.9855051040649414,-0.2413013695791939
-229.24194727582477,425.581098523843,0.0,2.6560601755493853,0.08876028656959534,0.0,0.0,-0.9960528016090393,0.16503021121025085,0.0,0.0,-0.9862881302833557,0.1071569162686189
-229.36866308334152,426.3724786151689,0.0,2.632389242320895,0.08172901719808578,0.0,0.0,-0.9966543912887573,0.16026724874973297,0.0,0.0,-0.9870732426643372,-0.24010586790098734
-229.4822892756361,427.1580148472017,0.0,2.6094216357184687,0.07449435442686081,0.0,0.0,-0.9972212314605713,0.15535025298595428,0.0,0.0,-0.9878590703010559,0.1083168964000546
-229.5826974062205,427.9377860065979,0.0,2.5870770836780186,0.06705672293901443,0.0,0.0,-0.9977490901947021,0.15027494728565216,0.0,0.0,-0.9886438846588135,-0.23897735517167168
-229.66976604846639,428.71185197991696,0.0,2.565275314135461,-0.05941973626613617,0.0,0.0,0.9982330203056335,0.1450379639863968,0.0,0.0,-0.9894257187843323,0.10941799587190093
-229.7433814750446,429.48025333863916,0.0,2.5439360550267094,-0.05158376693725586,0.0,0.0,0.9986686110496521,0.13963660597801208,0.0,0.0,-0.9902024865150452,-0.23789961481264382
-229.80343854472008,430.2430109735831,0.0,2.5229790342876797,-0.043550293892621994,0.0,0.0,0.9990511536598206,0.1340678185224533,0.0,0.0,-0.9909719228744507,0.11047643126276102
-229.84984178494292,431.0001257761143,0.0,2.5023239798542853,-0.035321082919836044,0.0,0.0,0.9993759989738464,0.12833021581172943,0.0,0.0,-0.9917312860488892,-0.23685643024530068
-229.88250665911448,431.7515783637103,0.0,2.481890619662442,-0.026897085830569267,0.0,0.0,0.9996380805969238,0.12242092192173004,0.0,0.0,-0.99247807264328,0.11150841915123794
-229.9013610076857,432.4973288476019,0.0,2.4615986816480637,-0.01827899180352688,0.0,0.0,0.9998328685760498,0.11633695662021637,0.0,0.0,-0.9932096600532532,-0.23583158489103911
-229.90634664657614,433.23731881362016,0.0,2.4413750622876527,-0.009466540068387985,0.0,0.0,0.9999550580978394,-0.11008477210998535,0.0,0.0,0.9939219951629639,0.11252981406843039
-229.89742048986292,433.9714908005363,0.0,2.4212113814243694,-0.00045747682452201843,0.0,0.0,0.9999998807907104,-0.103660449385643,0.0,0.0,0.9946125149726868,-0.23481321717067127
-229.87455389486152,434.6997986251936,0.0,2.401133598909751,0.00875101052224636,0.0,0.0,0.9999616146087646,-0.0970645546913147,0.0,0.0,0.9952778816223145,0.11354384348836062
-229.83773142255123,435.422207400023,0.0,2.3811679901058542,0.01816416345536709,0.0,0.0,0.9998349547386169,-0.0902983546257019,0.0,0.0,0.9959145188331604,-0.23380485308966636
-229.78694956354775,436.1386934459753,0.0,2.3613408303747363,0.027789097279310226,0.0,0.0,0.9996137619018555,-0.0833633691072464,0.0,0.0,0.9965190887451172,0.11454521519195242
-229.722215436003,436.8492441970126,0.0,2.3416783950784557,0.03763599693775177,0.0,0.0,0.9992914795875549,-0.07626300305128098,0.0,0.0,0.9970876574516296,-0.23281180080197542
-229.6435454583459,437.553858096727,0.0,2.322206959579071,0.047717925161123276,0.0,0.0,0.9988607168197632,-0.06899816542863846,0.0,0.0,0.9976167678833008,0.11552862102525467
-229.55096399959262,438.2524015354285,0.0,2.3029527992386387,0.058051109313964844,0.0,0.0,0.9983134865760803,-0.0615660659968853,0.0,0.0,0.9981029033660889,-0.23183936846154954
-229.4445020097579,438.9440319348409,0.0,2.2839421894192165,0.06865353882312775,0.0,0.0,0.9976404309272766,-0.053961146622896194,0.0,0.0,0.9985429048538208,0.11648875283431638
-229.324195632692,439.6277294276467,0.0,2.265201405482864,0.07954390347003937,0.0,0.0,0.9968312382698059,-0.04618089273571968,0.0,0.0,0.998932957649231,-0.2308928642223398
-229.19008480345076,440.3025362357099,0.0,2.246756722791637,0.09074234962463379,0.0,0.0,0.995874285697937,-0.03821601718664169,0.0,0.0,0.999269425868988,0.1174203024651864
-229.0422118320794,440.96755406216363,0.0,2.2286344167075955,0.10226937383413315,0.0,0.0,0.9947566390037537,-0.0300588458776474,0.0,0.0,0.999548077583313,-0.22997759623829728
-228.88061997545742,441.62194126753946,0.0,2.2108607625927945,0.11414599418640137,0.0,0.0,0.9934638738632202,-0.021700166165828705,0.0,0.0,0.9997644424438477,0.11831796176391371
-228.7053519986058,442.2649099484558,0.0,2.1934620358092936,0.12639197707176208,0.0,0.0,0.9919803142547607,-0.013130486942827702,0.0,0.0,0.99991375207901,-0.22909887266337298
-228.5164487266081,442.89572292618845,0.0,2.176464511719151,0.1390266716480255,0.0,0.0,0.9902885556221008,-0.004338318482041359,0.0,0.0,0.9999906420707703,0.11917642257654718
-228.3139475880367,443.5136906517506,0.0,2.1598944656844234,0.15206634998321533,0.0,0.0,0.9883702397346497,0.004689233843237162,0.0,0.0,0.9999890327453613,-0.22826200165151805
-228.09788115050878,444.1181680333807,0.0,2.1437781730671692,0.16552437841892242,0.0,0.0,0.9862056374549866,0.013963734731078148,0.0,0.0,0.9999025464057922,0.11999037674913578
-227.868275648723,444.7085511915915,0.0,2.128141909229446,0.17940980195999146,0.0,0.0,0.9837743639945984,0.02349851094186306,0.0,0.0,0.9997239708900452,-0.22747229135668356
-227.6251495050472,445.2842741461522,0.0,2.1130119495333117,0.19372688233852386,0.0,0.0,0.9810554385185242,0.03330846130847931,0.0,0.0,0.9994451999664307,0.12075451612772843
-227.36851184243918,445.8448054385834,0.0,2.0984145693408247,0.2084740400314331,0.0,0.0,0.9780278205871582,0.04340849071741104,0.0,0.0,0.9990574717521667,-0.22673504993282056
-227.09836098919,446.38964469291665,0.0,2.084376044014041,0.22364267706871033,0.0,0.0,0.9746710658073425,0.053812723606824875,0.0,0.0,0.9985511302947998,0.12146353255837405
-226.81468297467842,446.9183191166233,0.0,2.0709226489150203,0.23921658098697662,0.0,0.0,0.9709661602973938,0.06453714519739151,0.0,0.0,0.9979153871536255,-0.2260555855338801
-226.51745001501692,447.4303799427562,0.0,2.05808065940582,0.25517117977142334,0.0,0.0,0.9668958783149719,0.07559598982334137,0.0,0.0,0.9971385598182678,0.12211211788712152
-226.20661898715963,447.9253988134443,0.0,2.0458763508484976,0.2714730203151703,0.0,0.0,0.9624460339546204,0.08700364828109741,0.0,0.0,0.9962079524993896,-0.2254392063138133
-225.88213015891642,448.40296372317897,0.0,2.034334350324207,0.28808116912841797,0.0,0.0,0.9576060175895691,0.09877446293830872,0.0,0.0,0.9951097965240479,0.12269504720653016
-225.54390813433295,448.8626721638356,0.0,2.0234650353190142,0.30494609475135803,0.0,0.0,0.9523695707321167,0.1109226644039154,0.0,0.0,0.9938289523124695,-0.22489025101052076
-225.19186220252666,449.30412640274375,0.0,2.0132714870204373,0.322010338306427,0.0,0.0,0.9467360973358154,0.12346014380455017,0.0,0.0,0.99234938621521,0.12320987287817546
-224.8258856749385,449.72693064212433,0.0,2.0037567275208805,0.33920931816101074,0.0,0.0,0.9407109022140503,0.1363951861858368,0.0,0.0,0.9906544089317322,-0.22440970760145224
-224.44585521580615,450.130688240927,0.0,1.994923778912747,0.3564726710319519,0.0,0.0,0.9343057870864868,0.1497352570295334,0.0,0.0,0.9887260794639587,0.12365598139373775
-224.0516301725973,450.51499897797794,0.0,1.9867756632884408,0.3737276792526245,0.0,0.0,0.9275385141372681,0.1634863018989563,0.0,0.0,0.9865455031394958,-0.22399818661032567
-223.64305190438014,450.87945634985016,0.0,1.9793154027403679,0.39089715480804443,0.0,0.0,0.9204344153404236,0.17763690650463104,0.0,0.0,0.9840959310531616,0.12403276222949902
-223.21995601543904,451.2236621143711,0.0,1.9725460193609288,0.40790361166000366,0.0,0.0,0.9130249619483948,0.19214896857738495,0.0,0.0,0.9813656210899353,-0.22365629856085906
-222.78252278382473,451.547691923077,0.0,1.9664705352425318,0.42467543482780457,0.0,0.0,0.905345618724823,0.20696155726909637,0.0,0.0,0.978348970413208,0.1243396048617413
-222.33131154788762,451.85213946608565,0.0,1.9610919724775768,0.4411514401435852,0.0,0.0,0.8974326252937317,0.22201251983642578,0.0,0.0,0.975043773651123,-0.22338465397677043
-221.86687108924926,452.1375951343726,0.0,1.9564133531584702,0.4572802782058716,0.0,0.0,0.8893224596977234,0.23724280297756195,0.0,0.0,0.9714503288269043,0.1245758987667467
-221.38972019481952,452.4046184172336,0.0,1.9524376993776156,0.4730212986469269,0.0,0.0,0.8810508251190186,0.2525975704193115,0.0,0.0,0.9675714373588562,-0.2231838633817778
-220.90034983363216,452.6537391418962,0.0,1.9491680332274162,0.4883415400981903,0.0,0.0,0.8726524114608765,0.2680234909057617,0.0,0.0,0.9634122848510742,0.12474103342079718
-220.39922530421572,452.88545868373524,0.0,1.9466073768002776,0.5032165050506592,0.0,0.0,0.8641602993011475,0.28346988558769226,0.0,0.0,0.9589810371398926,-0.22305453729959906
-219.8867883575303,453.1002511497545,0.0,1.944758752188602,0.5176284313201904,0.0,0.0,0.8556053042411804,0.2988929748535156,0.0,0.0,0.954286515712738,0.12483439830017472
-219.36345930055583,453.2985645380265,0.0,1.9436251814847942,0.5315663814544678,0.0,0.0,0.847016453742981,0.3142479956150055,0.0,0.0,0.9493407607078552,-0.2229972862539522
-218.82963908568178,453.4808218758196,0.0,1.9432096867812594,0.5450249910354614,0.0,0.0,0.8384196758270264,0.3295018672943115,0.0,0.0,0.9441547393798828,0.12485538288116134
-218.28571139112086,453.6474223391796,0.0,1.943515290170399,0.5580025315284729,0.0,0.0,0.8298391699790955,0.3446168303489685,0.0,0.0,0.9387432336807251,-0.22301272076855522
-217.73204469764406,453.79874235677704,0.0,1.944545013744619,0.5705021619796753,0.0,0.0,0.8212960958480835,0.35956451296806335,0.0,0.0,0.9331199526786804,0.12480337664003911
-217.16899436702911,453.93513670088396,0.0,1.9463018795963232,0.5825307965278625,0.0,0.0,0.812808632850647,0.37431785464286804,0.0,0.0,0.9273001551628113,-0.2231014513671261
-216.59690472770615,454.0569395683939,0.0,1.948788909817914,0.5940967798233032,0.0,0.0,0.8043935298919678,0.38885122537612915,0.0,0.0,0.9213002920150757,0.12467776905309005
-216.01611117319175,454.16446565485927,0.0,1.9520091265017971,0.6052115559577942,0.0,0.0,0.7960646152496338,0.40314677357673645,0.0,0.0,0.9151350855827332,-0.2232640885733828
-215.42694227901853,454.2580112245887,0.0,1.9559655517403762,0.6158878207206726,0.0,0.0,0.7878338098526001,0.4171897768974304,0.0,0.0,0.9088192582130432,0.12447794959659615
-214.82972194399107,454.33785517991055,0.0,1.9606612076260554,0.6261398196220398,0.0,0.0,0.7797106504440308,0.43096306920051575,0.0,0.0,0.9023693799972534,-0.2235012429110434
-214.2247715617331,454.40426013278903,0.0,1.9660991162512378,0.6359829902648926,0.0,0.0,0.7717028856277466,0.4444577693939209,0.0,0.0,0.8957995772361755,0.12420330774683948
-213.61241222863623,454.4574734820586,0.0,1.9722822997083285,0.6454319357872009,0.0,0.0,0.7638176083564758,0.45766088366508484,0.0,0.0,0.8891265392303467,-0.22381352490382578
-212.9929669944753,454.497728499632,0.0,1.9792137800897305,0.6545032262802124,0.0,0.0,0.7560590505599976,0.470569372177124,0.0,0.0,0.8823627233505249,0.12385323298010202
-212.36676316212012,454.5252454291253,0.0,1.9868965794878486,0.6632119417190552,0.0,0.0,0.7484315633773804,0.48317819833755493,0.0,0.0,0.8755217790603638,-0.2242015450754479
-211.73413464295095,454.5402326004491,0.0,1.9953337199950867,0.6715734004974365,0.0,0.0,0.7409379482269287,0.4954838156700134,0.0,0.0,0.8686168789863586,0.12342711477266574
-211.09542437477066,454.54288756401655,0.0,2.0045282237038475,0.6796020865440369,0.0,0.0,0.7335808277130127,0.5074841976165771,0.0,0.0,0.8616606593132019,-0.22466591394962776
-210.45098680920958,454.53339824833256,0.0,2.014483112706537,0.6873118877410889,0.0,0.0,0.7263622283935547,0.5191817283630371,0.0,0.0,0.8546634912490845,0.12292434260081278
-209.80119047582465,454.51194414484746,0.0,2.025201409095559,0.6947157979011536,0.0,0.0,0.719284176826477,0.5305765867233276,0.0,0.0,0.8476368188858032,-0.2252072420500834
-209.14642063032267,454.47869752408525,0.0,2.0366861349633156,0.701825737953186,0.0,0.0,0.712348461151123,0.5416721105575562,0.0,0.0,0.8405897617340088,0.12234430594082506
-208.48708199456937,454.43382468718755,0.0,2.048940312402212,0.7086524367332458,0.0,0.0,0.705557644367218,0.5524724721908569,0.0,0.0,0.8335310220718384,-0.22582613990053274
-207.82360159629556,454.3774872571561,0.0,2.061966963504653,0.7152050137519836,0.0,0.0,0.6989145874977112,0.5629827380180359,0.0,0.0,0.8264685869216919,0.12168639426898463
-207.15643171667278,454.3098435142262,0.0,2.0757691103630402,0.7214915752410889,0.0,0.0,0.6924229860305786,0.573208749294281,0.0,0.0,0.8194093108177185,-0.22652321802469372
-206.48605295420455,454.23104977995104,0.0,2.0903497750697806,0.7275187969207764,0.0,0.0,0.6860876083374023,0.5831552147865295,0.0,0.0,0.8123606443405151,0.1209499970615735
-205.81293382564684,454.14126185475055,0.0,2.1057119797172765,0.7332922220230103,0.0,0.0,0.6799136400222778,0.5928274393081665,0.0,0.0,0.8053293824195862,-0.22729908694628442
-205.13710639170506,454.0406365138408,0.0,2.121858746397933,0.7388162612915039,0.0,0.0,0.6739069223403931,0.6022281646728516,0.0,0.0,0.7983238697052002,0.12013450379487368
-204.45832965293,453.9293330666424,0.0,2.138793097204151,0.744094967842102,0.0,0.0,0.6680737733840942,0.6113607287406921,0.0,0.0,0.7913519144058228,-0.22815435718902272
-203.77635941706268,453.8075149849534,0.0,2.156518054228338,0.7491332292556763,0.0,0.0,0.6624191999435425,0.6202276349067688,0.0,0.0,0.7844217419624329,0.11923930394516727
-203.09095197991158,453.67535160536625,0.0,2.1750366395628977,0.7539353370666504,0.0,0.0,0.6569483876228333,0.6288306713104248,0.0,0.0,0.777542233467102,-0.22908963927662673
-202.40186396282405,453.5330199116154,0.0,2.194351875300232,0.7585058212280273,0.0,0.0,0.6516661047935486,0.6371740698814392,0.0,0.0,0.7707200050354004,0.11826378698873624
-201.70885214195974,453.3807064027542,0.0,2.214466783532746,0.7628493905067444,0.0,0.0,0.6465761065483093,0.6452591419219971,0.0,0.0,0.7639637589454651,-0.23010554373281433
-201.011673268661,453.2186090532785,0.0,2.2353843863528446,0.7669713497161865,0.0,0.0,0.6416812539100647,0.653087854385376,0.0,0.0,0.7572821378707886,0.11720734240186258
-200.31008388019086,453.04693937155264,0.0,2.2571077058529307,0.7708772420883179,0.0,0.0,0.6369835734367371,0.6606627702713013,0.0,0.0,0.7506827116012573,-0.23120268108130354
-199.60384010007812,452.8659245631296,0.0,2.2796397641254083,0.7745733261108398,0.0,0.0,0.632483959197998,0.6679859161376953,0.0,0.0,0.7441738843917847,0.11606935966082839
-198.89269742728027,452.675809805807,0.0,2.302983583262682,0.7780660390853882,0.0,0.0,0.6281824111938477,0.675056517124176,0.0,0.0,0.7377659678459167,-0.23238166184581233
-198.1764105133444,452.47686064352473,0.0,2.327142185357155,0.7813625931739807,0.0,0.0,0.624077320098877,0.6818796992301941,0.0,0.0,0.7314642071723938,0.11484922824191562
-197.454733129707,452.2693655657873,0.0,2.3521179298591717,0.7844700813293457,0.0,0.0,0.6201666593551636,0.6884543299674988,0.0,0.0,0.7252794504165649,-0.23364306308328792
-196.72742121534228,452.053639662648,0.0,2.377902369695342,0.787397027015686,0.0,0.0,0.6164461970329285,0.6947826147079468,0.0,0.0,0.7192196249961853,0.11354698380574539
-195.99423523882504,451.8300283705311,0.0,2.4044782580291897,0.7901520729064941,0.0,0.0,0.6129107475280762,0.7008641362190247,0.0,0.0,0.7132946848869324,-0.23498527966580546
-195.25493990697632,451.59891060812595,0.0,2.431828092051103,0.7927448749542236,0.0,0.0,0.609553337097168,0.7067007422447205,0.0,0.0,0.7075124382972717,0.1121656790571639
-194.509303784839,451.3607019708832,0.0,2.459934368951469,0.795185923576355,0.0,0.0,0.6063653230667114,0.7122920155525208,0.0,0.0,0.7018831372261047,-0.2364047886001674
-193.75709890549916,451.1158580078879,0.0,2.4887795859206743,0.7974861264228821,0.0,0.0,0.6033371090888977,0.7176392078399658,0.0,0.0,0.6964150071144104,0.11070884991730506
-192.9981003693926,450.86487758302485,0.0,2.5183462401491057,0.7996574640274048,0.0,0.0,0.6004564762115479,0.722746729850769,0.0,0.0,0.6911128163337708,-0.2378980539652397
-192.2320912973208,450.6082364363745,0.0,2.5486168288271513,0.8017120361328125,0.0,0.0,0.5977103114128113,0.7276269793510437,0.0,0.0,0.6859728097915649,0.10918003230730275
-191.45889317567088,450.3459898951099,0.0,2.5795738491451967,0.803661584854126,0.0,0.0,0.5950862765312195,0.7322924733161926,0.0,0.0,0.6809899806976318,-0.23946153983988844
-190.67834698709672,450.0780166597539,0.0,2.6111997982936295,0.805516242980957,0.0,0.0,0.5925734639167786,0.7367552518844604,0.0,0.0,0.676159143447876,0.10758276214829099
-189.89029946320665,449.8041958029768,0.0,2.6434771734628377,0.8072854280471802,0.0,0.0,0.5901609659194946,0.74102783203125,0.0,0.0,0.671474039554596,-0.24109171030297977
-189.09460286704618,449.5244074482008,0.0,2.6763884718432083,0.8089771270751953,0.0,0.0,0.5878399610519409,0.7451215386390686,0.0,0.0,0.6669284701347351,0.10592057536140359
-188.29111480790223,449.2385329629466,0.0,2.709916190625126,0.8105981349945068,0.0,0.0,0.5856025815010071,0.7490454912185669,0.0,0.0,0.662518322467804,-0.24278502943337965
-187.47969805064523,448.9464551580573,0.0,2.74404282699898,0.8121552467346191,0.0,0.0,0.5834411978721619,0.7528089284896851,0.0,0.0,0.6582388877868652,0.10419700786777461
-186.6602203195381,448.64805849289246,0.0,2.778750878155158,0.8136537671089172,0.0,0.0,0.5813496708869934,0.7564223408699036,0.0,0.0,0.654083251953125,-0.24453796130995428
-185.83255409646227,448.3432292865582,0.0,2.8140228412840442,0.8150981664657593,0.0,0.0,0.5793226957321167,0.7598929405212402,0.0,0.0,0.650048017501831,0.10241559558853791
-184.99657641353292,448.0318559352201,0.0,2.849841213576027,0.8164932727813721,0.0,0.0,0.5773547291755676,0.7632286548614502,0.0,0.0,0.6461280584335327,-0.24634697001156958
-184.152168640095,447.7138291355215,0.0,2.886188492221496,0.8178427219390869,0.0,0.0,0.5754417181015015,0.766437292098999,0.0,0.0,0.6423187255859375,0.10057987444482736
-183.29921626411624,447.3890421141051,0.0,2.923047174410834,0.8191492557525635,0.0,0.0,0.573580265045166,0.7695260643959045,0.0,0.0,0.638615071773529,-0.2482085196170917
-182.43760866801347,447.05739086321444,0.0,2.9603997573344296,0.8204163312911987,0.0,0.0,0.5717666149139404,0.7725006341934204,0.0,0.0,0.6350138187408447,0.09869338035777706
-181.5672388989709,446.71877438232997,0.0,2.9982287381826738,0.8216457962989807,0.0,0.0,0.5699985027313232,0.7753666043281555,0.0,0.0,0.6315110921859741,-0.2501190742053868
-180.68800343383242,446.3730949257644,0.0,3.036516614145945,0.8228399753570557,0.0,0.0,0.5682731866836548,0.7781296968460083,0.0,0.0,0.6281033158302307,0.09675964924852093
-179.79980193867183,446.0202582561263,0.0,3.075245882414637,0.8240005373954773,0.0,0.0,0.5665891170501709,0.7807960510253906,0.0,0.0,0.6247857213020325,-0.2520750978553208
-178.90253702316775,445.66017390352926,0.0,3.114399040179138,0.825128972530365,0.0,0.0,0.5649446249008179,0.7833696603775024,0.0,0.0,0.6215558052062988,0.09478221703819262
-177.99611398993304,445.2927554304054,0.0,3.1539585846298293,0.8262264132499695,0.0,0.0,0.5633382201194763,0.7858542799949646,0.0,0.0,0.6184113025665283,-0.25407305464575974
-177.0804410359624,444.9179208897333,0.0,3.193905417036356,0.827294111251831,0.0,0.0,0.5617691874504089,0.7882555723190308,0.0,0.0,0.6153475642204285,0.0927647002499842
-176.15545141025225,444.53560241943825,0.0,3.2341419449859194,0.8283326625823975,0.0,0.0,0.5602365136146545,0.7905765175819397,0.0,0.0,0.612362802028656,-0.2561052025220003
-175.22113499067578,444.145760317095,0.0,3.274457917118344,0.8293429613113403,0.0,0.0,0.5587397217750549,0.7928206920623779,0.0,0.0,0.6094545125961304,0.0907285400412759
-174.277539874852,443.74838515575044,0.0,3.314634372177902,0.8303254246711731,0.0,0.0,0.5572786331176758,0.7949919700622559,0.0,0.0,0.6066197156906128,-0.25813431641389717
-173.32477150743924,443.34349885043287,0.0,3.3544523489088673,0.8312806487083435,0.0,0.0,0.5558529496192932,0.7970934510231018,0.0,0.0,0.6038557887077332,0.08871753111546954
-172.36299185654903,442.9311556794413,0.0,3.3936928860555087,0.8322083353996277,0.0,0.0,0.5544629693031311,0.7991275191307068,0.0,0.0,0.6011613607406616,-0.2601161617243336
-171.39241864612507,442.5114432531956,0.0,3.4321370223620957,0.8331089615821838,0.0,0.0,0.5531087517738342,0.80109703540802,0.0,0.0,0.598534345626831,0.08677590806968233
-170.41332465139538,442.0844834230652,0.0,3.4695657965729008,0.8339825868606567,0.0,0.0,0.5517905354499817,0.8030039668083191,0.0,0.0,0.5959734916687012,-0.2620065038561925
-169.42603706466682,441.65043312236685,0.0,3.5057602474321965,0.8348291516304016,0.0,0.0,0.5505088567733765,0.8048511147499084,0.0,0.0,0.5934765934944153,0.08494790550103107
-168.43093693875824,441.20948513161136,0.0,3.5405014136842503,0.8356484770774841,0.0,0.0,0.5492644309997559,0.8066397309303284,0.0,0.0,0.5910432934761047,-0.2637611082123569
-167.42845871527354,440.761868760107,0.0,3.5735703340733336,0.83644038438797,0.0,0.0,0.5480577349662781,0.8083719611167908,0.0,0.0,0.588671863079071,0.08327775800663298
-166.41908984468841,440.30785043618965,0.0,3.6047480473437195,0.8371974229812622,0.0,0.0,0.5468845963478088,0.8100497126579285,0.0,0.0,0.5863610506057739,-0.2653357401957097
-165.40336883583362,439.84773343999075,0.0,3.6338215684014927,0.8379277586936951,0.0,0.0,0.5457515120506287,0.811674177646637,0.0,0.0,0.5841102600097656,0.08180939835725048
-164.38180652495484,439.3818223192557,0.0,3.66085969460207,0.8386390209197998,0.0,0.0,0.5446634888648987,0.8132466673851013,0.0,0.0,0.5819190740585327,-0.2667013021250318
-163.35477595605585,438.9103713219284,0.0,3.686328767531297,0.8393150568008423,0.0,0.0,0.5436105132102966,0.8147683143615723,0.0,0.0,0.5797865986824036,0.08052308154264307
-162.3225054098532,438.43357875749024,0.0,3.710725120436895,0.8399643301963806,0.0,0.0,0.5425982475280762,0.8162410259246826,0.0,0.0,0.5777114033699036,-0.2679334411606681
-161.28507967215745,437.9515852887638,0.0,3.734545086566593,0.8405868411064148,0.0,0.0,0.5416265726089478,0.8176653981208801,0.0,0.0,0.5756936073303223,0.07932005295023412
-160.24244112345238,437.46447240094307,0.0,3.758284999168116,0.8411827683448792,0.0,0.0,0.5406954288482666,0.8190420866012573,0.0,0.0,0.5737334489822388,-0.2691324266455935
-159.1943906387613,436.9722610596158,0.0,3.7824411914891853,0.8417524099349976,0.0,0.0,0.5398043394088745,0.8203721642494202,0.0,0.0,0.5718299150466919,0.0781000432370488
-158.1405882880248,436.47491056799225,0.0,3.807509996777531,0.842296302318573,0.0,0.0,0.538952648639679,0.8216558694839478,0.0,0.0,0.5699838995933533,-0.2703985279227827
-157.08055382774847,435.9723176326075,0.0,3.8339877482808773,0.8428149819374084,0.0,0.0,0.5381395816802979,0.8228945136070251,0.0,0.0,0.5681942105293274,0.07676278306011211
-156.01366697461296,435.4643156464696,0.0,3.862370779246948,0.8433095216751099,0.0,0.0,0.537363588809967,0.8240885138511658,0.0,0.0,0.5664609670639038,-0.2718320143352105
-154.939167451026,434.950674198969,0.0,3.8931554229234715,0.8437808156013489,0.0,0.0,0.5366231799125671,0.8252387046813965,0.0,0.0,0.5647838115692139,0.07520800307644929
-153.85616093744915,434.43110177651556,0.0,3.9268157200881246,0.8442301154136658,0.0,0.0,0.5359165072441101,0.8263452053070068,0.0,0.0,0.5631636381149292,-0.2735320293435263
-152.76372046568946,433.90529489549306,0.0,3.963456066102754,0.8446589708328247,0.0,0.0,0.5352413654327393,0.8274087905883789,0.0,0.0,0.561599850654602,0.0733574805504579
-151.6609692600422,433.37297945278675,0.0,4.002876638880044,0.8450688719749451,0.0,0.0,0.5345953702926636,0.8284302353858948,0.0,0.0,0.5600917935371399,-0.2755229673625813
-150.54708204215524,432.83391329383363,0.0,4.044868565315357,0.8454616069793701,0.0,0.0,0.5339756011962891,0.8294098973274231,0.0,0.0,0.5586400032043457,0.07123667618503801
-149.42128665113853,432.28788471916545,0.0,4.089222972304053,0.8458390235900879,0.0,0.0,0.533379316329956,0.8303492665290833,0.0,0.0,0.5572428703308105,-0.2777630889276669
-148.2829313669731,431.7346439752803,0.0,4.1357309867414855,0.846203088760376,0.0,0.0,0.532803475856781,0.8312507271766663,0.0,0.0,0.5558972358703613,0.06888778656698583
-147.1314938569176,431.1738942934396,0.0,4.184183735523016,0.8465557098388672,0.0,0.0,0.5322449207305908,0.8321163654327393,0.0,0.0,0.5546005964279175,-0.2802101974519866
-145.96651381515827,430.60536076549823,0.0,4.234372345544002,0.8468984961509705,0.0,0.0,0.5317013263702393,0.8329487442970276,0.0,0.0,0.5533499121665955,0.06635300828309765
-144.78758953231323,430.028794014833,0.0,4.286087943699799,0.8472327589988708,0.0,0.0,0.5311705470085144,0.8337500095367432,0.0,0.0,0.5521418452262878,-0.28282209634874406
-143.59437788856889,429.44397037964063,0.0,4.3391216568857685,0.8475598096847534,0.0,0.0,0.5306503772735596,0.8345213532447815,0.0,0.0,0.5509752035140991,0.06367453792016992
-142.38659434058383,428.8506921074459,0.0,4.39326461199727,0.8478808999061584,0.0,0.0,0.5301389694213867,0.8352652788162231,0.0,0.0,0.5498468279838562,-0.2855565890311431
-141.1640129015612,428.2487875617082,0.0,4.448307935929658,0.8481971621513367,0.0,0.0,0.5296345949172974,0.8359827399253845,0.0,0.0,0.548755407333374,0.060894572064998764
-139.92646611386624,427.6381114413473,0.0,4.504042755578293,0.8485095500946045,0.0,0.0,0.5291356444358826,0.836676299571991,0.0,0.0,0.5476973652839661,-0.28837147891238735
-138.6738450135512,427.01854501395115,0.0,4.5602601978385335,0.8488188982009888,0.0,0.0,0.5286408066749573,0.8373467326164246,0.0,0.0,0.5466717481613159,0.058055307304380604
-137.40609908614198,426.3899963633593,0.0,4.616751389605736,0.8491259813308716,0.0,0.0,0.5281488299369812,0.8379961252212524,0.0,0.0,0.5456756949424744,-0.2912245694056804
-136.12323621302934,425.7524006522402,0.0,4.67330745777526,0.8494313955307007,0.0,0.0,0.5276587605476379,0.8386253118515015,0.0,0.0,0.5447081923484802,0.055198940225111764
-134.82532260781656,425.10572040021447,0.0,4.729719529242466,0.8497359156608582,0.0,0.0,0.5271693468093872,0.8392356634140015,0.0,0.0,0.5437673330307007,-0.2940736639242262
-133.51248274197545,424.4499457779828,0.0,4.785778730902707,0.8500401973724365,0.0,0.0,0.5266795754432678,0.83982914686203,0.0,0.0,0.5428501963615417,0.05236766741398849
-132.1848992591847,423.78509491784536,0.0,4.841276189651345,0.8503446578979492,0.0,0.0,0.5261887311935425,0.8404060006141663,0.0,0.0,0.5419566631317139,-0.2968765658812281
-130.84281287774027,423.11121424090226,0.0,4.89600303238374,0.8506499528884888,0.0,0.0,0.5256959199905396,0.8409679532051086,0.0,0.0,0.5410841703414917,0.04960368545780697
-129.48652228046208,422.4283788011282,0.0,4.9497503859952445,0.850956380367279,0.0,0.0,0.5252004265785217,0.8415160179138184,0.0,0.0,0.540231466293335,-0.29959107868989
-128.11638399155675,421.73669264641984,0.0,5.002309377381223,0.8512643575668335,0.0,0.0,0.5247016549110413,0.8420508503913879,0.0,0.0,0.5393977165222168,0.04694919094336358
-126.73281223994483,421.0362891966005,0.0,5.0534711334370295,0.8515741229057312,0.0,0.0,0.5241993069648743,0.8425735235214233,0.0,0.0,0.538581132888794,-0.30217500576341555
-125.33627880861533,420.3273316382575,0.0,5.103026781058025,0.8518861532211304,0.0,0.0,0.5236924290657043,0.8430849313735962,0.0,0.0,0.537780225276947,0.04444638045745469
-123.92731286963765,419.61001333616804,0.0,5.150767447139567,0.8522006869316101,0.0,0.0,0.5231807827949524,0.8435860276222229,0.0,0.0,0.5369938611984253,-0.3045861505150086
-122.50650080453289,418.8845582609389,0.0,5.196484258577013,0.8525179624557495,0.0,0.0,0.5226637721061707,0.8440774083137512,0.0,0.0,0.5362213253974915,0.042137450586876624
-121.0744758230146,418.1512162079209,0.0,5.240005626423791,0.8528382778167725,0.0,0.0,0.5221410393714905,0.8445602059364319,0.0,0.0,0.5354605317115784,-0.306784199396159
-119.63184683920974,417.4102266972701,0.0,5.281419736085418,0.8531616926193237,0.0,0.0,0.5216124057769775,0.8450345396995544,0.0,0.0,0.5347115993499756,0.04004582888679442
-118.17916829014672,416.6618033466506,0.0,5.320925304709272,0.8534886240959167,0.0,0.0,0.5210773348808289,0.8455014228820801,0.0,0.0,0.5339729189872742,-0.30877943013473746
-116.7169400961604,415.9061335456487,0.0,5.358721456170914,0.8538190126419067,0.0,0.0,0.5205356478691101,0.8459616303443909,0.0,0.0,0.5332436561584473,0.03813693234832766
-115.24560774343232,415.14337817200874,0.0,5.395007314345909,0.8541531562805176,0.0,0.0,0.5199869871139526,0.8464153409004211,0.0,0.0,0.5325230956077576,-0.31061204923448466
-113.76556237768922,414.37367129338753,0.0,5.429982003109821,0.8544911742210388,0.0,0.0,0.5194310545921326,0.8468635082244873,0.0,0.0,0.5318101644515991,0.03637053392590783
-112.27714090931175,413.59711985497046,0.0,5.463844646338215,0.8548331260681152,0.0,0.0,0.5188677310943604,0.8473062515258789,0.0,0.0,0.531104326248169,-0.3123222837409692
-110.78062613010049,412.8138033532259,0.0,5.496794367906654,0.8551793098449707,0.0,0.0,0.5182965397834778,0.8477444648742676,0.0,0.0,0.5304045677185059,0.03470640657396645
-109.27624684195689,412.0237734960017,0.0,5.529030291690704,0.8555297255516052,0.0,0.0,0.5177174806594849,0.848178505897522,0.0,0.0,0.5297102928161621,-0.31395036069975957
-107.76417799774494,411.22705384909153,0.0,5.5607515415659305,0.8558846116065979,0.0,0.0,0.5171300768852234,0.8486090898513794,0.0,0.0,0.5290203094482422,0.03310432324693485
-106.24454085461898,410.4236394693199,0.0,5.592157241407891,0.8562440276145935,0.0,0.0,0.5165342092514038,0.8490360379219055,0.0,0.0,0.5283347368240356,-0.3155365071564243
-104.71740314013098,409.6134965241051,0.0,5.62344651509216,0.8566080927848816,0.0,0.0,0.5159295797348022,0.849460244178772,0.0,0.0,0.5276523232460022,0.03152405689924448
-103.18277923145999,408.796561897373,0.0,5.654818486494295,0.8569769263267517,0.0,0.0,0.5153159499168396,0.8498822450637817,0.0,0.0,0.5269724130630493,-0.3171209501565321
-101.64063034814988,407.97274278159637,0.0,5.686472279489862,0.8573505878448486,0.0,0.0,0.5146932601928711,0.85030198097229,0.0,0.0,0.5262947678565979,0.029925380485326947
-100.09086475878772,407.1419162556327,0.0,5.718607017954424,0.8577291965484619,0.0,0.0,0.5140612125396729,0.8507198691368103,0.0,0.0,0.5256189703941345,-0.3187439167456514
-98.53333800211301,406.30392884793,0.0,5.751421825763547,0.8581129312515259,0.0,0.0,0.5134194493293762,0.8511365652084351,0.0,0.0,0.5249439477920532,0.028268066959613647
-96.9678531231107,405.4585960845549,0.0,5.785115826792797,0.8585017919540405,0.0,0.0,0.5127680897712708,0.85155189037323,0.0,0.0,0.5242699384689331,-0.3204456339693509
-95.39416092471345,404.6057020213804,0.0,5.819888144917734,0.8588959574699402,0.0,0.0,0.5121066570281982,0.8519667387008667,0.0,0.0,0.5235955715179443,0.026511889276536027
-93.81196023582135,403.7449987596488,0.0,5.855937904013926,0.8592953085899353,0.0,0.0,0.5114351511001587,0.85238116979599,0.0,0.0,0.5229207873344421,-0.32226632887319895
-92.22089819643571,402.87620594399135,0.0,5.893464227956937,0.859700083732605,0.0,0.0,0.5107532739639282,0.8527954816818237,0.0,0.0,0.5222447514533997,0.024616620390525423
-90.62057056080451,401.99901024185465,0.0,5.932666240622328,0.8601102828979492,0.0,0.0,0.5100610256195068,0.8532098531723022,0.0,0.0,0.5215674638748169,-0.3242462285027642
-89.01052201958298,401.11306480313846,0.0,5.9737430658856665,0.8605259656906128,0.0,0.0,0.5093582272529602,0.8536248803138733,0.0,0.0,0.5208881497383118,0.02254203325601334
-87.39024654213537,400.21798869869855,0.0,6.016893827622517,0.8609471321105957,0.0,0.0,0.5086447596549988,0.8540405035018921,0.0,0.0,0.5202065110206604,-0.32642555990361516
-85.75918774022817,399.313366336218,0.0,6.062317649708442,0.8613738417625427,0.0,0.0,0.507920503616333,0.8544571399688721,0.0,0.0,0.5195218324661255,0.020247900827431276
-84.1167392545082,398.39874685177756,0.0,6.110213656019005,0.8618061542510986,0.0,0.0,0.5071852207183838,0.8548753261566162,0.0,0.0,0.5188333988189697,-0.3288445501213204
-82.46224516530754,397.473643475294,0.0,6.160780970429774,0.862244188785553,0.0,0.0,0.5064387917518616,0.8552951812744141,0.0,0.0,0.5181409120559692,0.017693996059210626
-80.79500464318106,396.5375352386387,0.0,6.214203003686692,0.862687885761261,0.0,0.0,0.5056810975074768,0.8557169437408447,0.0,0.0,0.5174440145492554,-0.33154263260904354
-79.1144083300323,395.5899431315364,0.0,6.27015574225417,0.8631373643875122,0.0,0.0,0.5049120187759399,0.856140673160553,0.0,0.0,0.516742467880249,0.014868100171964271
-77.42009999591968,394.63052254624284,0.0,6.327710286625626,0.8635926246643066,0.0,0.0,0.5041312575340271,0.8565672636032104,0.0,0.0,0.5160351991653442,-0.33444942777931913
-75.71198490124047,393.65907080913513,0.0,6.3859023430177455,0.8640537858009338,0.0,0.0,0.5033388137817383,0.8569961786270142,0.0,0.0,0.5153226852416992,0.011929107424887564
-73.99022855308166,392.6755295117917,0.0,6.443767617647224,0.8645209074020386,0.0,0.0,0.5025343298912048,0.857428252696991,0.0,0.0,0.514603316783905,-0.33737191639696956
-72.25525536046585,391.6799869524242,0.0,6.500341816730754,0.8649939894676208,0.0,0.0,0.501717746257782,0.85786372423172,0.0,0.0,0.5138770937919617,0.00907182464289108
-70.50774718482451,390.67268068964125,0.0,6.554660646485025,0.8654731512069702,0.0,0.0,0.5008889436721802,0.8583025932312012,0.0,0.0,0.5131439566612244,-0.3401152916370842
-68.74864178356268,389.65400020787746,0.0,6.605759813126729,0.8659583926200867,0.0,0.0,0.5000477433204651,0.8587450981140137,0.0,0.0,0.512403130531311,0.006491058650885728
-66.97913114318807,388.62448968919256,0.0,6.6526750346917245,0.8664497137069702,0.0,0.0,0.4991939961910248,0.859191358089447,0.0,0.0,0.5116546154022217,-0.3424847472716799
-65.20059211264132,387.58481127899626,0.0,6.694696631661555,0.8669471144676208,0.0,0.0,0.4983276426792145,0.8596413731575012,0.0,0.0,0.5108981728553772,0.004368755773621613
-63.41434343332306,386.53560513713563,0.0,6.732025738096852,0.8674506545066833,0.0,0.0,0.4974486231803894,0.8600955605506897,0.0,0.0,0.5101331472396851,-0.344370055677503
-61.62159183999802,385.4774572845097,0.0,6.76506708095424,0.8679601550102234,0.0,0.0,0.49655699729919434,0.8605538606643677,0.0,0.0,0.5093597173690796,0.002700001083854542
-59.82343245375341,384.4108987400649,0.0,6.7942253871903295,0.868475615978241,0.0,0.0,0.4956526756286621,0.8610161542892456,0.0,0.0,0.5085775852203369,-0.34584269740659845
-58.020849218023535,383.33640461013744,0.0,6.819905383761741,0.8689970374107361,0.0,0.0,0.49473562836647034,0.8614827990531921,0.0,0.0,0.5077866315841675,0.0014030315600458976
-56.214715376690904,382.2543931335126,0.0,6.842511797625086,0.8695244193077087,0.0,0.0,0.4938058853149414,0.8619541525840759,0.0,0.0,0.5069862008094788,-0.3469844354805048
-54.405793993268915,381.1652246853031,0.0,6.862449355736986,0.8700653910636902,0.0,0.0,0.49286791682243347,0.8624299168586731,0.0,0.0,0.5061765909194946,0.0003960841806570081
-52.59473851019669,380.0692007424414,0.0,6.8801227850540565,0.8706035614013672,0.0,0.0,0.4919123947620392,0.8629098534584045,0.0,0.0,0.5053579211235046,-0.3478770329207609
-50.78209334733593,378.9665628132661,0.0,6.895936812532914,0.8711475133895874,0.0,0.0,0.4909443259239197,0.8633942008018494,0.0,0.0,0.5045300126075745,-0.00040260407585090974
-48.96829453885723,377.85749133332865,0.0,6.9102961651301715,0.8717051148414612,0.0,0.0,0.48996809124946594,0.8638829588890076,0.0,0.0,0.5036927461624146,-0.3486022527489052
-47.153670407833545,376.7421045291831,0.0,6.923605569802449,0.8722597360610962,0.0,0.0,0.48897436261177063,0.8643763065338135,0.0,0.0,0.5028457045555115,-0.0010747962310164172
-45.33844227802999,375.6204572515154,0.0,6.936269753506361,0.8728201389312744,0.0,0.0,0.48796796798706055,0.8648740649223328,0.0,0.0,0.5019891262054443,-0.3492418579864765
-43.52272522258709,374.49253977855295,0.0,6.9486934431985246,0.8733943700790405,0.0,0.0,0.4869534373283386,0.8653764724731445,0.0,0.0,0.5011227130889893,-0.001702255306378242
-41.70652884954105,373.35827659023704,0.0,6.961281365835558,0.8739652037620544,0.0,0.0,0.48592129349708557,0.8658832907676697,0.0,0.0,0.5002464652061462,-0.3498776116550135
-39.889758124412275,372.21752511316754,0.0,6.974438248374074,0.8745498061180115,0.0,0.0,0.48488107323646545,0.8663946390151978,0.0,0.0,0.49936020374298096,-0.0023667443234750563
-38.07221423042092,371.0700744358251,0.0,6.988568817770694,0.8751310706138611,0.0,0.0,0.48382309079170227,0.8669102787971497,0.0,0.0,0.4984643757343292,-0.35059127677605495
-36.25360807187748,369.91565201628487,0.0,7.004029216662819,0.8757262229919434,0.0,0.0,0.4827568531036377,0.8674308061599731,0.0,0.0,0.4975581467151642,-0.0031475725503500307
-34.43364150042447,368.75397394677515,0.0,7.020865198839647,0.8763260245323181,0.0,0.0,0.4816771447658539,0.8679558634757996,0.0,0.0,0.4966415762901306,-0.35144157890619776
-32.61203908004223,367.58476505793743,0.0,7.0390004004431095,0.8769226670265198,0.0,0.0,0.48057955503463745,0.8684855103492737,0.0,0.0,0.49571478366851807,-0.004063491823252163
-30.78854808676078,366.4077591401041,0.0,7.058358164758253,0.8775333166122437,0.0,0.0,0.47947344183921814,0.8690196871757507,0.0,0.0,0.494777649641037,-0.352419243770599
-28.962938426574727,365.2226991206533,0.0,7.078861835070128,0.8781486749649048,0.0,0.0,0.47835350036621094,0.8695586919784546,0.0,0.0,0.4938298463821411,-0.005099030727892251
-27.13500254755253,364.02933724575524,0.0,7.100434754663785,0.8787609934806824,0.0,0.0,0.47721540927886963,0.8701022267341614,0.0,0.0,0.4928712844848633,-0.3535087851642181
-25.30455534589598,362.827435266826,0.0,7.123000266824277,0.8793877959251404,0.0,0.0,0.4760684370994568,0.8706507086753845,0.0,0.0,0.49190184473991394,-0.006238703059230188
-23.471434065702688,361.6167646320018,0.0,7.146481714836652,0.8800193667411804,0.0,0.0,0.47490715980529785,0.8712040185928345,0.0,0.0,0.4909211993217468,-0.3546947168820148
-21.635498192179618,360.39710668293606,0.0,7.170802441985958,0.8806558847427368,0.0,0.0,0.47373154759407043,0.871762216091156,0.0,0.0,0.4899294376373291,-0.007467022612225482
-19.79662933804994,359.1682528572164,0.0,7.195885791557254,0.8812975287437439,0.0,0.0,0.472541481256485,0.87232506275177,0.0,0.0,0.48892641067504883,-0.35596155271894897
-17.954731122897908,357.93000489668884,0.0,7.221655106835582,0.8819444179534912,0.0,0.0,0.47133687138557434,0.8728930354118347,0.0,0.0,0.4879114627838135,-0.008768503181837972
-16.10972904519178,356.6821750619661,0.0,7.248033731105995,0.8825966119766235,0.0,0.0,0.4701174795627594,0.8734660148620605,0.0,0.0,0.4868849217891693,-0.35729380646997994
-14.261570346728144,355.42458635338795,0.0,7.274945007653543,0.88325434923172,0.0,0.0,0.4688832461833954,0.8740441799163818,0.0,0.0,0.4858464002609253,-0.010127658563027275
-12.410223869241136,354.1570727386889,0.0,7.302312279763279,0.8839174509048462,0.0,0.0,0.46763408184051514,0.8746275901794434,0.0,0.0,0.4847954213619232,-0.3586759919300676
-10.555679902926105,352.87947938761704,0.0,7.330058890720249,0.8845860362052917,0.0,0.0,0.46636974811553955,0.8752160668373108,0.0,0.0,0.4837321639060974,-0.01152900255075301
-8.697950026627918,351.5916629137331,0.0,7.358108183809507,0.8852602243423462,0.0,0.0,0.4650900363922119,0.8758098483085632,0.0,0.0,0.4826563000679016,-0.36009262289417154
-6.8370669394542105,350.29349162360654,0.0,7.386383502316105,0.8859399557113647,0.0,0.0,0.46379488706588745,0.8764088153839111,0.0,0.0,0.4815678000450134,-0.012957048939975124
-4.9730842835785705,348.9848457736092,0.0,7.414808189525085,0.886625349521637,0.0,0.0,0.4624841809272766,0.8770130276679993,0.0,0.0,0.4804666340351105,-0.36152821315725137
-3.106076458009145,347.6656178344892,0.0,7.443305588721508,0.8873163461685181,0.0,0.0,0.4611576795578003,0.877622663974762,0.0,0.0,0.4793519973754883,-0.014396311525653072
-1.236138423107139,346.33571276389546,0.0,7.471799043190416,0.8880130052566528,0.0,0.0,0.4598153531551361,0.878237783908844,0.0,0.0,0.4782242178916931,-0.3629672765142669
0.6366145043472393,344.99504828699895,0.0,7.500211896216863,0.8887153267860413,0.0,0.0,0.4584569036960602,0.8788582682609558,0.0,0.0,0.4770830571651459,-0.015831304102746302
2.5120468657314934,343.64355518534205,0.0,7.528467491085901,0.8894233107566833,0.0,0.0,0.4570823609828949,0.8794841170310974,0.0,0.0,0.47592824697494507,-0.36439432676017797
4.390003284974053,342.28117759402556,0.0,7.556489171082576,0.8901368379592896,0.0,0.0,0.4556916058063507,0.8801155686378479,0.0,0.0,0.47475945949554443,-0.017246540466214766
6.270308702923739,340.90787330732053,0.0,7.584200279491943,0.8908557891845703,0.0,0.0,0.4542846083641052,0.880752444267273,0.0,0.0,0.47357699275016785,-0.365793877689944
8.152768677035048,339.5236140520412,0.0,7.61152438307108,0.8915801048278809,0.0,0.0,0.45286136865615845,0.8813949227333069,0.0,0.0,0.47238001227378845,-0.018626545697484287
10.037175721109168,338.1283812877994,0.0,7.638409747988489,0.8923097848892212,0.0,0.0,0.4514221251010895,0.8820430040359497,0.0,0.0,0.4711688160896301,-0.3671517244029444
11.923320983806043,336.7221578399234,0.0,7.664851400257066,0.8930444717407227,0.0,0.0,0.4499671161174774,0.8826966285705566,0.0,0.0,0.4699430465698242,-0.019961982680745782
13.810995569927332,335.3049269836769,0.0,7.690849573180417,0.8937839865684509,0.0,0.0,0.44849660992622375,0.8833558559417725,0.0,0.0,0.4687027931213379,-0.3684647634394773
15.699990569500436,333.87667246950264,0.0,7.716404500062142,0.8945279717445374,0.0,0.0,0.44701099395751953,0.8840206265449524,0.0,0.0,0.4674477279186249,-0.021252635553560162
17.59009708723319,332.4373785484203,0.0,7.741516414205841,0.8952760696411133,0.0,0.0,0.44551098346710205,0.8846909999847412,0.0,0.0,0.4661778211593628,-0.3697330419315833
19.481106272331967,330.9870299975725,0.0,7.766185548915112,0.8960278630256653,0.0,0.0,0.4439970850944519,0.8853670358657837,0.0,0.0,0.46489253640174866,-0.022498551447967807
21.37280934874442,329.5256121458588,0.0,7.790412137786525,0.8967829942703247,0.0,0.0,0.4424700438976288,0.8860484957695007,0.0,0.0,0.4635923504829407,-0.3709566070260991
23.264997982518747,328.0531106366655,0.0,7.814197807447532,0.8975408673286438,0.0,0.0,0.4409307539463043,0.8867356181144714,0.0,0.0,0.4622765779495239,-0.023699847895493398
25.157465420162556,326.56951057261216,0.0,7.83754879772314,0.8983009457588196,0.0,0.0,0.43938037753105164,0.887428343296051,0.0,0.0,0.4609454274177551,-0.37213594996931165
27.050006727976744,325.0747963337789,0.0,7.860472302107924,0.89906245470047,0.0,0.0,0.43781986832618713,0.88812655210495,0.0,0.0,0.4595986306667328,-0.024857600642199662
28.94241879824639,323.5689515729987,0.0,7.882975514096465,0.899824857711792,0.0,0.0,0.436250776052475,0.8888302445411682,0.0,0.0,0.4582362174987793,-0.37327247582731876
30.83450035480223,322.0519592105072,0.0,7.9050656271833395,0.9005874991416931,0.0,0.0,0.4346744120121002,0.8895394206047058,0.0,0.0,0.45685797929763794,-0.02597326291931451
32.726051957938424,320.5238014279463,0.0,7.926749834863127,0.9013493061065674,0.0,0.0,0.433092325925827,0.8902540802955627,0.0,0.0,0.4554639458656311,-0.37436763783134847
34.61687600867356,318.98445966171744,0.0,7.948035330630407,0.9021096229553223,0.0,0.0,0.4315063953399658,0.8909740447998047,0.0,0.0,0.4540541172027588,-0.027048287958065964
36.50678276475395,317.4339207819783,0.0,7.968929307979756,0.9028674364089966,0.0,0.0,0.429918497800827,0.8916985988616943,0.0,0.0,0.45262962579727173,-0.37542288921262873
38.39565556356569,315.87224419091183,0.0,7.989438960405758,0.9036219716072083,0.0,0.0,0.4283304810523987,0.8924270272254944,0.0,0.0,0.45119187235832214,-0.028084128989682267
40.283427305314376,314.2995376148803,0.0,8.009571481402983,0.9043722748756409,0.0,0.0,0.4267439544200897,0.8931583166122437,0.0,0.0,0.4497424364089966,-0.3764396832023876
42.17003538386114,312.71591072098323,0.0,8.029334064466013,0.9051178693771362,0.0,0.0,0.42516061663627625,0.8938919305801392,0.0,0.0,0.4482826292514801,-0.029082239245390884
44.0554208542001,311.12147424969436,0.0,8.04873390308943,0.9058579206466675,0.0,0.0,0.42358171939849854,0.8946269154548645,0.0,0.0,0.44681379199028015,-0.377419473031853
45.939528387990016,309.51633995842235,0.0,8.067778190767811,0.9065918326377869,0.0,0.0,0.42200860381126404,0.8953628540039062,0.0,0.0,0.4453372657299042,-0.030044071956420226
47.822306229276705,307.90062056535777,0.0,8.086474120995733,0.9073192477226257,0.0,0.0,0.4204424321651459,0.8960991501808167,0.0,0.0,0.44385379552841187,-0.37836371193225316
49.703706150438805,306.27442969364444,0.0,8.104828887267775,0.9080396294593811,0.0,0.0,0.41888439655303955,0.8968351483345032,0.0,0.0,0.4423648715019226,-0.030971080353998093
51.583683408385745,304.63788181591394,0.0,8.122849683078519,0.9087525010108948,0.0,0.0,0.41733551025390625,0.8975700736045837,0.0,0.0,0.44087156653404236,-0.37927385313481593
53.46219670103817,302.9910921992245,0.0,8.140543701922537,0.9094575643539429,0.0,0.0,0.41579669713974,0.8983035087585449,0.0,0.0,0.43937504291534424,-0.031864717669352616
55.33920812412013,301.33417685043634,0.0,8.157918137294415,0.9101545214653015,0.0,0.0,0.4142688512802124,0.8990349769592285,0.0,0.0,0.4378764033317566,-0.3801513498707693
57.214683128289344,299.66725246206516,0.0,8.174980182688728,0.9108430743217468,0.0,0.0,0.41275274753570557,0.8997642993927002,0.0,0.0,0.43637600541114807,-0.03272643713371187
59.088590476635716,297.99043635864456,0.0,8.19173703160005,0.9115229845046997,0.0,0.0,0.41124916076660156,0.9004905819892883,0.0,0.0,0.4348754584789276,-0.3809976553713411
60.960902202572186,296.3038464436341,0.0,8.208195877522966,0.9121939539909363,0.0,0.0,0.4097587764263153,0.9012133479118347,0.0,0.0,0.43337538838386536,-0.03355769197830366
62.83159356814475,294.60760114690663,0.0,8.224363913952056,0.9128557443618774,0.0,0.0,0.40828219056129456,0.9019325971603394,0.0,0.0,0.43187668919563293,-0.38181422286775973
64.70064302278792,292.9018193728451,0.0,8.240248334381892,0.9135081768035889,0.0,0.0,0.40682002902030945,0.9026476740837097,0.0,0.0,0.43038028478622437,-0.03435993543435606
66.56803216254852,291.18662044908405,0.0,8.255856332307058,0.9141512513160706,0.0,0.0,0.4053729176521301,0.903357982635498,0.0,0.0,0.4288869798183441,-0.3826025055912529
68.43374568980298,289.4621240759224,0.0,8.271195101222128,0.9147847294807434,0.0,0.0,0.40394139289855957,0.9040637016296387,0.0,0.0,0.42739754915237427,-0.03513462073309698
70.29777137349082,287.72845027644183,0.0,8.286271834621683,0.9154085516929626,0.0,0.0,0.40252581238746643,0.9047640562057495,0.0,0.0,0.42591288685798645,-0.38336395677304863
72.16010000988656,285.9857193473564,0.0,8.301093726000307,0.9160224795341492,0.0,0.0,0.4011266827583313,0.905458927154541,0.0,0.0,0.42443352937698364,-0.03588320110575477
74.02072538393381,284.2340518106233,0.0,8.31566796885257,0.916626513004303,0.0,0.0,0.39974445104599,0.9061479568481445,0.0,0.0,0.4229603409767151,-0.38410002964437495
75.87964423116003,282.473568365842,0.0,8.330001756673054,0.9172205924987793,0.0,0.0,0.3983795642852783,0.906830906867981,0.0,0.0,0.42149388790130615,-0.03660712978355707
77.73685620019538,280.70438984346856,0.0,8.344102282956337,0.9178045392036438,0.0,0.0,0.39703232049942017,0.907507598400116,0.0,0.0,0.4200350344181061,-0.3848121774364599
79.5923638159139,278.9266371588707,0.0,8.357976741196996,0.918378472328186,0.0,0.0,0.3957030773162842,0.9081777334213257,0.0,0.0,0.4185842275619507,-0.037307859997731785
81.44617244321809,277.14043126724886,0.0,8.371632324889614,0.9189422130584717,0.0,0.0,0.394392192363739,0.908841073513031,0.0,0.0,0.41714203357696533,-0.3855018533805315
83.29829025148472,275.3458931194481,0.0,8.385076227528769,0.9194875359535217,0.0,0.0,0.3930964469909668,0.9094973206520081,0.0,0.0,0.41570934653282166,-0.03798684497950733
85.1487281796902,273.54314361868455,0.0,8.398315642609038,0.9200323820114136,0.0,0.0,0.39182379841804504,0.9101462960243225,0.0,0.0,0.41428637504577637,-0.3861705107078178
86.99749990223528,271.73230357820825,0.0,8.411357763624997,0.920566737651825,0.0,0.0,0.3905702829360962,0.9107880592346191,0.0,0.0,0.41287368535995483,-0.038645537960111276
88.84462179548342,269.9134936799269,0.0,8.424209784071227,0.921082615852356,0.0,0.0,0.3893328309059143,0.9114221334457397,0.0,0.0,0.4114721119403839,-0.3868196026495466
90.69011290503249,268.08683443400975,0.0,8.43687889744231,0.9215975403785706,0.0,0.0,0.38811907172203064,0.9120484590530396,0.0,0.0,0.41008201241493225,-0.03928539217077209
92.53399491373446,266.2524461394955,0.0,8.449372297232822,0.9220938086509705,0.0,0.0,0.38692179322242737,0.912666916847229,0.0,0.0,0.40870386362075806,-0.38745058243694613
94.3762921104796,264.410448845921,0.0,8.46169717693734,0.9225805997848511,0.0,0.0,0.385745108127594,0.913277268409729,0.0,0.0,0.40733814239501953,-0.03990786084271747
96.2170313597601,262.5609623159945,0.0,8.473860730050443,0.923066258430481,0.0,0.0,0.3845926523208618,0.9138795137405396,0.0,0.0,0.40598535537719727,-0.3880649033012443
98.05624207202897,260.7041059893299,0.0,8.485870150066711,0.9235330820083618,0.0,0.0,0.38345733284950256,0.9144734740257263,0.0,0.0,0.40464580059051514,-0.04051439720717542
99.89395617486757,258.8399989472618,0.0,8.49773263048072,0.9239903688430786,0.0,0.0,0.3823431134223938,0.915058970451355,0.0,0.0,0.4033200442790985,-0.388664018473669
101.73020808497643,256.9687598787598,0.0,8.509455364787051,0.9244379997253418,0.0,0.0,0.381250262260437,0.9156359434127808,0.0,0.0,0.4020085632801056,-0.04110645449537398
103.56503468100357,255.09050704745826,0.0,8.521045546480282,0.9248759746551514,0.0,0.0,0.380178838968277,0.9162043333053589,0.0,0.0,0.4007115066051483,-0.38924938118544833
105.39847527722203,253.20535825982122,0.0,8.532510369054995,0.9253042340278625,0.0,0.0,0.37912896275520325,0.916763961315155,0.0,0.0,0.3994295299053192,-0.04168548593854127
107.2305715980714,251.31343083445577,0.0,8.543857026005762,0.9257227778434753,0.0,0.0,0.37810081243515015,0.9173148274421692,0.0,0.0,0.39816272258758545,-0.38982244466781035
109.06136775357452,249.4148415725936,0.0,8.555092710827166,0.926131546497345,0.0,0.0,0.3770945370197296,0.9178568124771118,0.0,0.0,0.39691162109375,-0.04225294476790514
110.89091021564234,247.50970672975313,0.0,8.566224617013784,0.9265305399894714,0.0,0.0,0.3761102557182312,0.9183897972106934,0.0,0.0,0.3956766426563263,-0.3903846621519829
112.71924779527832,245.59814198860101,0.0,8.577259938060196,0.92691969871521,0.0,0.0,0.37514814734458923,0.9189138412475586,0.0,0.0,0.3944580852985382,-0.042810284214693684
114.54643162069405,243.68026243302512,0.0,8.588205867460978,0.9272990226745605,0.0,0.0,0.3742082417011261,0.9194288849830627,0.0,0.0,0.39325618743896484,-0.39093748686919405
116.37251511634769,241.75618252343523,0.0,8.59906959871071,0.9276685118675232,0.0,0.0,0.3732907474040985,0.9199347496032715,0.0,0.0,0.392071396112442,-0.04335895751013469
118.19755398291613,239.82601607330497,0.0,8.609858325303975,0.9280282258987427,0.0,0.0,0.37239575386047363,0.9204314351081848,0.0,0.0,0.3909038007259369,-0.3914823720506721
120.02160617821133,237.88987622696988,0.0,8.620579240735346,0.9283781051635742,0.0,0.0,0.3715234398841858,0.920918881893158,0.0,0.0,0.38975387811660767,-0.043900417885456455
121.84473189905155,235.94787543869353,0.0,8.631239538499402,0.928718090057373,0.0,0.0,0.37067389488220215,0.9213971495628357,0.0,0.0,0.38862189650535583,-0.39202077092764465
123.6669935640979,234.000125453018,0.0,8.641846412090722,0.9290482401847839,0.0,0.0,0.3698471486568451,0.9218660593032837,0.0,0.0,0.3875081539154053,-0.04443611857188673
125.4884557976661,232.04673728640813,0.0,8.652407055003886,0.9293686151504517,0.0,0.0,0.36904335021972656,0.9223257899284363,0.0,0.0,0.38641276955604553,-0.3925541367313398
127.30918541452371,230.0878212102059,0.0,8.662928660733472,0.9296792149543762,0.0,0.0,0.3682625889778137,0.9227761030197144,0.0,0.0,0.3853359520435333,-0.04496751280065375
129.1292514056819,228.12348673490553,0.0,8.673418422774061,0.9299799799919128,0.0,0.0,0.3675050735473633,0.9232171177864075,0.0,0.0,0.38427838683128357,-0.39308392269298564
130.94872492519224,226.15384259576246,0.0,8.683883534620229,0.9302709102630615,0.0,0.0,0.36677080392837524,0.9236486554145813,0.0,0.0,0.3832397758960724,-0.04549605380298549
132.7676792779572,224.17899673974895,0.0,8.694331189766553,0.930552065372467,0.0,0.0,0.3660598695278168,0.9240709543228149,0.0,0.0,0.3822205066680908,-0.3936115820438101
134.58618990856394,222.19905631386825,0.0,8.704768581707613,0.9308234453201294,0.0,0.0,0.3653724789619446,0.9244837164878845,0.0,0.0,0.3812210261821747,-0.04602319481010975
136.40433439115137,220.21412765483896,0.0,8.715202903937989,0.9310850501060486,0.0,0.0,0.36470866203308105,0.9248871207237244,0.0,0.0,0.38024139404296875,-0.3941385680150412
138.22219242031838,218.2243162801628,0.0,8.725641349952257,0.9313368797302246,0.0,0.0,0.36406856775283813,0.9252810478210449,0.0,0.0,0.3792816400527954,-0.04655038905325454
140.03984580308347,216.22972688058715,0.0,8.736091113245,0.9315789937973022,0.0,0.0,0.3634522259235382,0.925665557384491,0.0,0.0,0.37834230065345764,-0.39466633383790706
141.85737845190368,214.23046331397393,0.0,8.746559387310791,0.9318113327026367,0.0,0.0,0.36285972595214844,0.9260406494140625,0.0,0.0,0.3774234354496002,-0.047079089763648
143.67487637876414,212.2266286005876,0.0,8.757053365644213,0.9320339560508728,0.0,0.0,0.36229127645492554,0.9264061450958252,0.0,0.0,0.37652531266212463,-0.39519633274363547
145.49242769034404,210.21832491981382,0.0,8.767580241739841,0.9322468042373657,0.0,0.0,0.3617468476295471,0.9267623424530029,0.0,0.0,0.37564796209335327,-0.04761075017251809
147.31012229782013,208.2056539258199,0.0,8.778145824982351,0.9324499368667603,0.0,0.0,0.3612265884876251,0.9271090626716614,0.0,0.0,0.3747917413711548,-0.39572994805891376
149.12805021627955,206.18871863586244,0.0,8.788747704498324,0.9326433539390564,0.0,0.0,0.3607305586338043,0.9274463057518005,0.0,0.0,0.373956561088562,-0.048146198632920745
150.94630094872963,204.16762413483568,0.0,8.79938044657372,0.9328270554542542,0.0,0.0,0.36025890707969666,0.9277740120887756,0.0,0.0,0.37314289808273315,-0.39626695523443883
152.76496349611503,202.14247758852002,0.0,8.810038612818797,0.9330010414123535,0.0,0.0,0.3598116934299469,0.9280921816825867,0.0,0.0,0.372350811958313,-0.04868448985741958
154.58412636751206,200.11338825470617,0.0,8.820716764843786,0.9331653118133545,0.0,0.0,0.3593890368938446,0.9284008741378784,0.0,0.0,0.37158048152923584,-0.3968062558417615
156.403877589523,198.08046749325896,0.0,8.831409464258936,0.9333198666572571,0.0,0.0,0.35899102687835693,0.9287002086639404,0.0,0.0,0.37083199620246887,-0.04922452518141712
158.22430471486442,196.04382877511,0.0,8.842111272674492,0.9334646463394165,0.0,0.0,0.3586178123950958,0.9289898872375488,0.0,0.0,0.37010565400123596,-0.3973467512162845
160.04549483014057,194.0035876901706,0.0,8.852816751700697,0.9335997104644775,0.0,0.0,0.35826942324638367,0.9292701482772827,0.0,0.0,0.36940136551856995,-0.04976520594031636
161.8675345627972,191.95986195415483,0.0,8.863520462947799,0.9337249994277954,0.0,0.0,0.35794597864151,0.9295409321784973,0.0,0.0,0.3687194585800171,-0.39788734269341086
163.6905100872462,189.91277141430447,0.0,8.87421696802604,0.9338405132293701,0.0,0.0,0.357647567987442,0.9298021197319031,0.0,0.0,0.36806032061576843,-0.05030543346952043
165.5145071301559,187.86243805400508,0.0,8.884900828545664,0.9339463114738464,0.0,0.0,0.35737428069114685,0.9300496578216553,0.0,0.0,0.3674221336841583,-0.39842693160854337
167.33961097489856,185.80898599628514,0.0,8.895566606116914,0.9340423345565796,0.0,0.0,0.35712626576423645,0.9302882552146912,0.0,0.0,0.36680692434310913,-0.050844109104432045
169.1659064651483,183.75254150618716,0.0,8.906208862350034,0.9341285228729248,0.0,0.0,0.3569035828113556,0.9305177330970764,0.0,0.0,0.3662149906158447,-0.3989644192970848
170.99347800762203,181.69323299200255,0.0,8.91682215885527,0.9342048764228821,0.0,0.0,0.35670632123947144,0.9307382106781006,0.0,0.0,0.36564624309539795,-0.05138013418045406
172.8224095739567,179.63119100536005,0.0,8.927401057242868,0.9342713952064514,0.0,0.0,0.35653457045555115,0.9309495687484741,0.0,0.0,0.36510080099105835,-0.3994987070944382
174.65278470171447,177.56654824015942,0.0,8.93794011912307,0.934328019618988,0.0,0.0,0.35638847947120667,0.9311518669128418,0.0,0.0,0.3645787835121155,-0.051912410032989575
176.48468649451036,175.49943953033824,0.0,8.948433906106118,0.9343748092651367,0.0,0.0,0.35626810789108276,0.9313448667526245,0.0,0.0,0.36408063769340515,-0.40002869633600624
178.3181976212536,173.4300018464665,0.0,8.958876979802259,0.9344116449356079,0.0,0.0,0.356173574924469,0.931528627872467,0.0,0.0,0.3636062443256378,-0.052439837997441174
180.1534003144959,171.3583742911565,0.0,8.969263901821739,0.9344385266304016,0.0,0.0,0.3561050295829773,0.9317032098770142,0.0,0.0,0.36315569281578064,-0.4005532883571921
181.99037636788168,169.28469809327925,0.0,8.979589233774796,0.9344554543495178,0.0,0.0,0.3560624420642853,0.9318684339523315,0.0,0.0,0.3627292811870575,-0.05296131940921167
183.82920713268885,167.20911660098125,0.0,8.989847537271682,0.9344624280929565,0.0,0.0,0.3560459613800049,0.932024359703064,0.0,0.0,0.36232686042785645,-0.4010713844933986
185.6699735134589,165.13177527348824,0.0,9.000033373922633,0.9344592690467834,0.0,0.0,0.35605576634407043,0.9321708679199219,0.0,0.0,0.3619488477706909,-0.0534757556037041
187.5127559627045,163.0528216716911,0.0,9.010141305337902,0.9344459772109985,0.0,0.0,0.3560918867588043,0.93230801820755,0.0,0.0,0.3615950644016266,-0.40158188608002826
189.3576344746913,160.9724054475021,0.0,9.020165893127727,0.9344225525856018,0.0,0.0,0.3561544418334961,0.9324357509613037,0.0,0.0,0.36126580834388733,-0.05398204791632161
191.20468857828536,158.8906783319762,0.0,9.030101698902357,0.9343889951705933,0.0,0.0,0.3562435507774353,0.9325539469718933,0.0,0.0,0.3609612286090851,-0.40208369445248426
193.05399732886173,156.80779412218575,0.0,9.039943284272027,0.9343451857566833,0.0,0.0,0.3563592731952667,0.9326626658439636,0.0,0.0,0.36068135499954224,-0.05447909768246656
194.90563929926543,154.7239086668438,0.0,9.04968521084699,0.9342911243438721,0.0,0.0,0.3565016984939575,0.9327617883682251,0.0,0.0,0.3604264557361603,-0.40257571094616923
196.7596925698212,152.63917985066516,0.0,9.05932204023749,0.9342266917228699,0.0,0.0,0.356671005487442,0.9328513741493225,0.0,0.0,0.36019638180732727,-0.05496580623754238
198.61623471738463,150.55376757745984,0.0,9.068848334053769,0.934151828289032,0.0,0.0,0.3568671941757202,0.9329312443733215,0.0,0.0,0.3599913716316223,-0.4030568368964863
200.4753428034292,148.46783375195054,0.0,9.078258653906067,0.9340665340423584,0.0,0.0,0.3570905029773712,0.9330013990402222,0.0,0.0,0.35981157422065735,-0.05544107491695138
202.33709336116416,146.38154226030633,0.0,9.087547561404639,0.9339706897735596,0.0,0.0,0.3573409914970398,0.9330618977546692,0.0,0.0,0.35965704917907715,-0.40352597363883846
204.2015623816763,144.29505894938822,0.0,9.096709618159718,0.933864176273346,0.0,0.0,0.3576189875602722,0.9331125617027283,0.0,0.0,0.35952797532081604,-0.05590380505609677
206.06882529909336,142.2085516046967,0.0,9.105739385781556,0.9337467551231384,0.0,0.0,0.35792502760887146,0.9331533908843994,0.0,0.0,0.3594243824481964,-0.40398202250862825
207.93895697476177,140.12218992701685,0.0,9.114631425880393,0.9336180686950684,0.0,0.0,0.35825982689857483,0.9331843256950378,0.0,0.0,0.35934653878211975,-0.05635289799038151
209.81203168043356,138.03614550775634,0.0,9.123380300066474,0.9334776401519775,0.0,0.0,0.3586244285106659,0.9332053065299988,0.0,0.0,0.35929447412490845,-0.4044238848412586
211.68812308046145,135.95059180296772,0.0,9.131980569950045,0.9333249926567078,0.0,0.0,0.35902029275894165,0.9332162737846375,0.0,0.0,0.35926827788352966,-0.056787255055208374
213.56730421299363,133.86570410605265,0.0,9.140426797141348,0.933159351348877,0.0,0.0,0.35944920778274536,0.9332172274589539,0.0,0.0,0.35926806926727295,-0.4048504619721324
215.4496474701679,131.78165951914124,0.0,9.148713543250626,0.9329797625541687,0.0,0.0,0.35991331934928894,0.9332081079483032,0.0,0.0,0.3592939078807831,-0.057205777585979944
217.33522457729936,129.69863692314323,0.0,9.15683536988813,0.9327850341796875,0.0,0.0,0.3604154884815216,0.9331888556480408,0.0,0.0,0.3593458831310272,-0.4052606552366529
219.2241065710599,127.61681694646671,0.0,9.164786838664094,0.9325738549232483,0.0,0.0,0.3609589636325836,0.9331592917442322,0.0,0.0,0.359424352645874,-0.05760736691809931
221.1163637766448,125.53638193240043,0.0,9.172562511188772,0.9323446750640869,0.0,0.0,0.36154747009277344,0.933119535446167,0.0,0.0,0.359529048204422,-0.4056533659702225
223.01206578392544,123.45751590515744,0.0,9.180156949072403,0.9320957064628601,0.0,0.0,0.3621853291988373,0.9330694079399109,0.0,0.0,0.3596603274345398,-0.05799092438696957
224.91128142258535,121.38040453457592,0.0,9.18756471392523,0.9318248629570007,0.0,0.0,0.36287739872932434,0.9330088496208191,0.0,0.0,0.3598182797431946,-0.4060274955082441
226.81407873887434,119.30523509660446,0.0,9.194780380093917,0.9315297603607178,0.0,0.0,0.36362919211387634,0.9329378008842468,0.0,0.0,0.3600030243396759,-0.05835535197124664
228.7205249966692,117.23219640499454,0.0,9.201798656744572,0.9312078952789307,0.0,0.0,0.3644467294216156,0.9328563213348389,0.0,0.0,0.3602145314216614,-0.40638195392494386
230.63068666656872,115.16147875406551,0.0,9.208614334122828,0.9308562278747559,0.0,0.0,0.3653367757797241,0.9327641129493713,0.0,0.0,0.3604530692100525,-0.05869957810146159
232.54462939749993,113.09327387830227,0.0,9.21522220358366,0.9304715991020203,0.0,0.0,0.36630669236183167,0.9326612949371338,0.0,0.0,0.36071860790252686,-0.40671568470579395
234.46241798711424,111.02777491090544,0.0,9.221617056482042,0.9300504326820374,0.0,0.0,0.36736440658569336,0.9325476288795471,0.0,0.0,0.3610115051269531,-0.05902255047006677
236.38411635119792,108.96517634104947,0.0,9.22779368417295,0.9295973777770996,0.0,0.0,0.368522047996521,0.9324221014976501,0.0,0.0,0.3613342046737671,-0.4070276355992741
238.30984416366525,106.90572374577978,0.0,9.23374687801136,0.9290996193885803,0.0,0.0,0.369785338640213,0.9322820901870728,0.0,0.0,0.3616931438446045,-0.059323216825542036
240.24018353929523,104.8500709720714,0.0,9.239471429352246,0.9285534620285034,0.0,0.0,0.3711630403995514,0.9321244955062866,0.0,0.0,0.36209607124328613,-0.4073167543538643
242.175943819357,102.79907352546827,0.0,9.244962129550586,0.9279552102088928,0.0,0.0,0.37266308069229126,0.9319461584091187,0.0,0.0,0.3625505864620209,-0.0596005249163673
244.11793739156053,100.75359164999773,0.0,9.250213769961354,0.9273013472557068,0.0,0.0,0.37429240345954895,0.9317440986633301,0.0,0.0,0.36306390166282654,-0.40758198871804446
246.06697793237055,98.71448876633201,0.0,9.255221141939526,0.9265888929367065,0.0,0.0,0.37605732679367065,0.9315153360366821,0.0,0.0,0.36364278197288513,-0.059853422491022434
248.0238801685121,96.68263124386475,0.0,9.259979036840077,0.9258145093917847,0.0,0.0,0.37796327471733093,0.9312625527381897,0.0,0.0,0.3642956018447876,-0.40782228644029456
249.98945963051924,94.65888816537722,0.0,9.264482246017982,0.9249753355979919,0.0,0.0,0.3800150752067566,0.9309781193733215,0.0,0.0,0.36502665281295776,-0.0600808572979874
251.96453239834932,92.64413108431258,0.0,9.268725560828221,0.9240686297416687,0.0,0.0,0.3822169303894043,0.9306600689888,0.0,0.0,0.365841805934906,-0.40803659526909447
253.9499148390838,90.6392337746824,0.0,9.27270377262576,0.9230915904045105,0.0,0.0,0.38457244634628296,0.9303056001663208,0.0,0.0,0.36674654483795166,-0.06028177708574195
255.94642333674472,88.64507197363018,0.0,9.276411672765587,0.9220415353775024,0.0,0.0,0.3870847523212433,0.9299123883247375,0.0,0.0,0.36774617433547974,-0.408223862952924
257.95487401425675,86.66252311668494,0.0,9.279844052602662,0.920915961265564,0.0,0.0,0.38975629210472107,0.9294782280921936,0.0,0.0,0.3688456416130066,-0.060455129602766
259.97608244759226,84.69246606573547,0.0,9.282995703491975,0.919712245464325,0.0,0.0,0.3925890326499939,0.9290005564689636,0.0,0.0,0.3700498938560486,-0.40838303724026304
262.0108633721366,82.7357808297659,0.0,9.285861416788494,0.9184281826019287,0.0,0.0,0.3955845236778259,0.9284774661064148,0.0,0.0,0.37136292457580566,-0.06059986259753969
264.06003038131917,80.79334827839445,0.0,9.288435983847194,0.9170612096786499,0.0,0.0,0.39874374866485596,0.9279068112373352,0.0,0.0,0.3727889955043793,-0.40851306587959124
266.1243956175576,78.86604984826,0.0,9.290714196023055,0.9156092405319214,0.0,0.0,0.40206724405288696,0.9272863268852234,0.0,0.0,0.37433183193206787,-0.06071492381854282
268.2047694555688,76.95476724230771,0.0,9.292690844671046,0.9140699505805969,0.0,0.0,0.4055548906326294,0.9266140460968018,0.0,0.0,0.37599489092826843,-0.40861289661938877
270.30196017810255,75.06038212202832,0.0,9.29436072114615,0.9124418497085571,0.0,0.0,0.40920498967170715,0.9258877635002136,0.0,0.0,0.3777817189693451,-0.060799261014255146
272.4167736441603,73.18377579270948,0.0,9.295718616803342,0.9107242822647095,0.0,0.0,0.41301393508911133,0.9251053333282471,0.0,0.0,0.37969526648521423,-0.4086814772081358
274.5500129497659,71.32582888176245,0.0,9.296759322997586,0.9089176058769226,0.0,0.0,0.4169752597808838,0.9242649078369141,0.0,0.0,0.38173797726631165,-0.060851821933156414
276.7024780813588,69.48742101019158,0.0,9.297477631083872,0.907023549079895,0.0,0.0,0.42107945680618286,0.9233644008636475,0.0,0.0,0.38391247391700745,-0.4087177553943119
278.87496556188484,67.66943045727938,0.0,9.297868332417165,0.9050458669662476,0.0,0.0,0.4253135621547699,0.9224017262458801,0.0,0.0,0.386220782995224,-0.06087155432372676
281.06826808966855,65.87273381856274,0.0,9.29792621835245,0.9029902219772339,0.0,0.0,0.4296608567237854,0.9213750958442688,0.0,0.0,0.38866472244262695,-0.4087206789263969
283.28317417014955,64.0982056571833,0.0,9.297646080244693,0.9008644223213196,0.0,0.0,0.4341003894805908,0.9202824831008911,0.0,0.0,0.3912457823753357,-0.06085740593444616
285.52046774057726,62.34671814869625,0.0,9.297022709448873,0.898678719997406,0.0,0.0,0.4386071562767029,0.9191219806671143,0.0,0.0,0.3939651548862457,-0.40868919555287064
287.78092778775545,60.6191407194308,0.0,9.296050897319967,0.8964463472366333,0.0,0.0,0.44315198063850403,0.9178916215896606,0.0,0.0,0.3968240022659302,-0.06080832451379431
290.0653279589442,58.916339678496186,0.0,9.294725435212948,0.8941830396652222,0.0,0.0,0.44770121574401855,0.9165897369384766,0.0,0.0,0.3998225927352905,-0.40862225302221317
292.37443616602076,57.2391778435351,0.0,9.293041114482795,0.8919079303741455,0.0,0.0,0.4522169232368469,0.915214478969574,0.0,0.0,0.4029613733291626,-0.060723257810251174
294.7090141830135,55.5885141603306,0.0,9.290992726484482,0.8896429538726807,0.0,0.0,0.4566567540168762,0.9137639999389648,0.0,0.0,0.4062400460243225,-0.40851879908290445
297.06981723712704,53.965203316376346,0.0,9.28857506257298,0.8874136805534363,0.0,0.0,0.4609738886356354,0.9122368097305298,0.0,0.0,0.40965861082077026,-0.06060115357229651
299.45759359338,52.370095348527464,0.0,9.285782914103272,0.8852490186691284,0.0,0.0,0.46511709690093994,0.9106310606002808,0.0,0.0,0.4132160544395447,-0.4083777814834243
301.87308413298433,50.80403524485316,0.0,9.28261107243033,0.8831818103790283,0.0,0.0,0.469030499458313,0.9089453220367432,0.0,0.0,0.4169113337993622,-0.0604409595484105
304.3170219256016,49.26786254081672,0.0,9.279054328909128,0.8812483549118042,0.0,0.0,0.47265323996543884,0.9071782231330872,0.0,0.0,0.42074307799339294,-0.4081981479722525
306.7901317956148,47.76241090991605,0.0,9.275107474894645,0.8794886469841003,0.0,0.0,0.47591984272003174,0.9053283333778381,0.0,0.0,0.4247092008590698,-0.06024162348707296
309.293129882562,46.288507748920914,0.0,9.27076530174185,0.8779456615447998,0.0,0.0,0.4787602722644806,0.9033986330032349,0.0,0.0,0.4287988543510437,-0.40797884629786896
311.82669512924315,44.84694782346609,0.0,9.266022600805725,0.8766657114028931,0.0,0.0,0.4810999631881714,0.901407778263092,0.0,0.0,0.43296870589256287,-0.06000209313676358
314.3889031088206,43.4361220416444,0.0,9.260874163441244,0.8756948113441467,0.0,0.0,0.4828647971153259,0.8993891477584839,0.0,0.0,0.4371468424797058,-0.40771882420875377
316.9731763824945,42.0501235167558,0.0,9.25531478100338,0.8750672340393066,0.0,0.0,0.4839858412742615,0.8973767757415771,0.0,0.0,0.44126322865486145,-0.05972131624596233
319.5724705390826,40.68261558008126,0.0,9.24933924484711,0.874829888343811,0.0,0.0,0.48441392183303833,0.8954036831855774,0.0,0.0,0.44525331258773804,-0.4074170294533867
322.17976338926997,39.327283801899036,0.0,9.24294234632741,0.8750049471855164,0.0,0.0,0.48409801721572876,0.8935023546218872,0.0,0.0,0.44905680418014526,-0.05939824056314913
324.7880580191011,37.977838804425126,0.0,9.236118876799257,0.8756071329116821,0.0,0.0,0.48299479484558105,0.8917041420936584,0.0,0.0,0.4526171088218689,-0.40707240978024767
327.39038588874,36.62801911659224,0.0,9.228863627617619,0.8766636848449707,0.0,0.0,0.48107993602752686,0.8900402784347534,0.0,0.0,0.4558805227279663,-0.05903181383680378
329.9798099752023,35.271594069479924,0.0,9.221171390137481,0.8781721591949463,0.0,0.0,0.4783253073692322,0.8885409832000732,0.0,0.0,0.458795964717865,-0.40668391293781647
332.54942795772456,33.902366731160576,0.0,9.213036955713816,0.8801304697990417,0.0,0.0,0.47471606731414795,0.8872362971305847,0.0,0.0,0.4613141119480133,-0.05862098381540659
335.092375444385,32.5141768796878,0.0,9.204455115701592,0.8825280666351318,0.0,0.0,0.47024697065353394,0.8861555457115173,0.0,0.0,0.4633868634700775,-0.40625048667457275
337.60182923854467,31.100904012904742,0.0,9.195420661455795,0.8853456974029541,0.0,0.0,0.46492305397987366,0.8853276968002319,0.0,0.0,0.46496665477752686,-0.058164698247437085
340.0710106436272,29.656470393711302,0.0,9.185928384331396,0.8885553479194641,0.0,0.0,0.4587608575820923,0.8847808241844177,0.0,0.0,0.4660065770149231,-0.40577107873899704
342.49318880471225,28.174844129380148,0.0,9.175973075683366,0.8921210765838623,0.0,0.0,0.4517892599105835,0.8845399618148804,0.0,0.0,0.4664583206176758,-0.05766190488137496
344.8616840853649,26.650042283470853,0.0,9.165549526866691,0.8959988951683044,0.0,0.0,0.4440504312515259,0.8846350908279419,0.0,0.0,0.4662773311138153,-0.405244636879569
347.1698722362404,25.076133485687205,0.0,9.154655577102464,0.900137722492218,0.0,0.0,0.4356004297733307,0.8850891590118408,0.0,0.0,0.4654155671596527,-0.05711170539833316
349.411194085789,23.447236222458606,0.0,9.14331541479661,0.9044811129570007,0.0,0.0,0.4265095591545105,0.8859219551086426,0.0,0.0,0.463828980922699,-0.40467190140957643
351.57916095192354,21.757518410132576,0.0,9.131566720073087,0.9089680910110474,0.0,0.0,0.4168623685836792,0.8871367573738098,0.0,0.0,0.4615016281604767,-0.056518336977953165
353.6682216744903,20.00203004529849,0.0,9.119447282329695,0.9135359525680542,0.0,0.0,0.4067551791667938,0.8887078762054443,0.0,0.0,0.45846953988075256,-0.4040598085942536
355.6784801947794,18.18123399886512,0.0,9.106994890964241,0.9181275963783264,0.0,0.0,0.396282434463501,0.8905994892120361,0.0,0.0,0.45478448271751404,-0.05588942832313232
357.61227997283936,16.297725700653242,0.0,9.094247335374522,0.9226937890052795,0.0,0.0,0.38553157448768616,0.8927757143974304,0.0,0.0,0.4504978358745575,-0.40341599265537886
359.4719692811144,14.354086958467201,0.0,9.08124240495835,0.927192747592926,0.0,0.0,0.3745829463005066,0.8952006101608276,0.0,0.0,0.44565990567207336,-0.0552326136556488
361.2598934030173,12.352878522039306,0.0,9.068017889113515,0.931589663028717,0.0,0.0,0.36351025104522705,0.897839367389679,0.0,0.0,0.44031986594200134,-0.4027480878147307
362.9783927074896,10.296638305575014,0.0,9.054611577237827,0.9358562231063843,0.0,0.0,0.3523809313774109,0.9006580114364624,0.0,0.0,0.4345257580280304,-0.05455552719728074
364.6298008634347,8.187879759747911,0.0,9.041061258729084,0.9399700164794922,0.0,0.0,0.34125596284866333,0.9036238789558411,0.0,0.0,0.42832404375076294,-0.4020637282940871
366.21644319294177,6.029090391936913,0.0,9.027404722985095,0.9439139366149902,0.0,0.0,0.3301905393600464,0.9067062139511108,0.0,0.0,0.42175987362861633,-0.05386580316980655
367.74063516213477,3.822730433417373,0.0,9.013679759403658,0.9476755857467651,0.0,0.0,0.319234162569046,0.9098764061927795,0.0,0.0,0.4148767590522766,-0.40137054831522667
369.2046810084133,1.571231652154665,0.0,8.999924157382578,0.9512465000152588,0.0,0.0,0.3084309697151184,0.9131074547767639,0.0,0.0,0.40771666169166565,-0.05317107579500452
370.6108725027948,-0.7230036902054661,0.0,8.986175706319653,0.9546217918395996,0.0,0.0,0.297820121049881,0.9163748621940613,0.0,0.0,0.40031927824020386,-0.4006761820999274
371.96148784602184,-3.057603738597259,0.0,8.972472195612692,0.9577995538711548,0.0,0.0,0.2874360978603363,0.9196560382843018,0.0,0.0,0.39272305369377136,-0.05247897929465295
373.2587906970603,-5.4302278035202916,0.0,8.958851414659488,0.9607805609703064,0.0,0.0,0.27730897068977356,0.9229309558868408,0.0,0.0,0.3849640190601349,-0.3999882638699676
374.5050293325974,-7.838566980244091,0.0,8.945351152857853,0.9635674953460693,0.0,0.0,0.2674647867679596,0.9261813759803772,0.0,0.0,0.3770769238471985,-0.051797147890530026
375.7024359361294,-10.280344629725757,0.0,8.932009199605586,0.9661645293235779,0.0,0.0,0.2579260468482971,0.9293912053108215,0.0,0.0,0.3690948486328125,-0.39931442784712584
376.8532260152332,-12.753316722733537,0.0,8.91886334430049,0.9685773849487305,0.0,0.0,0.24871183931827545,0.9325467348098755,0.0,0.0,0.3610481321811676,-0.051133215804414045
377.9595979456218,-15.255272048644036,0.0,8.905951376340367,0.9708126783370972,0.0,0.0,0.2398381531238556,0.9356358647346497,0.0,0.0,0.35296565294265747,-0.3986623082531802
379.0237326406077,-17.784032290353938,0.0,8.89331108512302,0.9728779196739197,0.0,0.0,0.23131830990314484,0.9386483430862427,0.0,0.0,0.34487470984458923,-0.05049481725808347
380.04779334462876,-20.337451966702474,0.0,8.880980260046252,0.9747809767723083,0.0,0.0,0.22316297888755798,0.9415755867958069,0.0,0.0,0.33680078387260437,-0.39803953930990904
381.03392554953115,-22.913418243746236,0.0,8.86899669050786,0.9765300154685974,0.0,0.0,0.2153804749250412,0.944410502910614,0.0,0.0,0.3287677764892578,-0.04988958647331615
381.98425703236336,-25.50985061616504,0.0,8.857398165905654,0.9781334400177002,0.0,0.0,0.2079770714044571,0.9471473693847656,0.0,0.0,0.3207980990409851,-0.3974537552390906
382.90089801349166,-28.124700459995914,0.0,8.846222475637436,0.9795998930931091,0.0,0.0,0.2009572684764862,0.9497818350791931,0.0,0.0,0.3129120171070099,-0.049325157671890996
383.7859414339276,-30.755950457807593,0.0,8.835507409101005,0.9809373021125793,0.0,0.0,0.19432389736175537,0.9523108601570129,0.0,0.0,0.3051286041736603,-0.3969125902625032
384.64146335084047,-33.40161389732527,0.0,8.825290755694162,0.9821538329124451,0.0,0.0,0.18807856738567352,0.9547321200370789,0.0,0.0,0.2974661588668823,-0.04880916507558575
385.4695234503234,-36.05973384440523,0.0,8.815610304814712,0.9832574129104614,0.0,0.0,0.18222124874591827,0.9570441246032715,0.0,0.0,0.2899412214756012,-0.39642367860192496
386.27216567658877,-38.72838219113468,0.0,8.806503845860462,0.9842554330825806,0.0,0.0,0.17675112187862396,0.9592465758323669,0.0,0.0,0.28256911039352417,-0.048349242906179146
387.0514189768845,-41.405658579701985,0.0,8.798009168229207,0.9851551055908203,0.0,0.0,0.1716662347316742,0.9613397717475891,0.0,0.0,0.27536362409591675,-0.39599465447913434
387.8092981615486,-44.08968920253147,0.0,8.790164061318755,0.9859629273414612,0.0,0.0,0.16696397960186005,0.9633243680000305,0.0,0.0,0.2683384418487549,-0.047953025385449266
388.54780487876036,-46.77862547902495,0.0,8.783006314526903,0.9866852164268494,0.0,0.0,0.16264091432094574,0.9652014970779419,0.0,0.0,0.2615061104297638,-0.3956331521159094
389.26892870369034,-49.47064260908327,0.0,8.776573717251457,0.9873278737068176,0.0,0.0,0.1586928367614746,0.9669730067253113,0.0,0.0,0.2548777163028717,-0.04762814673517429
389.974648341912,-52.16393800340092,0.0,8.770904058890222,0.9878963828086853,0.0,0.0,0.15511499345302582,0.9686407446861267,0.0,0.0,0.2484647035598755,-0.39534680573402886
390.6669327748313,-54.85672891452052,0.0,8.766032928666812,0.9883954524993896,0.0,0.0,0.15190181136131287,0.9702070951461792,0.0,0.0,0.2422764003276825,-0.04738213005722425
391.3477398431629,-57.54723923588406,0.0,8.761958817799425,0.9888299703598022,0.0,0.0,0.14904746413230896,0.9716745018959045,0.0,0.0,0.23632247745990753,-0.3951410425589083
392.01901562552837,-60.23368819955702,0.0,8.758649360002737,0.9892038106918335,0.0,0.0,0.1465453803539276,0.973045825958252,0.0,0.0,0.2306114137172699,-0.04721498572405819
392.6826928386079,-62.91430212887112,0.0,8.756071250205222,0.9895209074020386,0.0,0.0,0.1443883776664734,0.974324643611908,0.0,0.0,0.22514741122722626,-0.3950108349933773
393.3405268083111,-65.5879916759009,0.0,8.754191183335353,0.9897845983505249,0.0,0.0,0.1425694227218628,0.9755151867866516,0.0,0.0,0.21993201971054077,-0.047120032851842464
393.9940214370397,-68.25466015021554,0.0,8.752975854321608,0.9899977445602417,0.0,0.0,0.1410820037126541,0.9766215682029724,0.0,0.0,0.21496593952178955,-0.39494945474015797
394.644656471555,-70.91427755310856,0.0,8.752391958092463,0.9901564121246338,0.0,0.0,0.13991975784301758,0.9776476621627808,0.0,0.0,0.21025016903877258,-0.047090543143299746
395.2939078032664,-73.56680191241831,0.0,8.752406189576384,0.9902722239494324,0.0,0.0,0.13907907903194427,0.9785969853401184,0.0,0.0,0.20578604936599731,-0.3949501735019721
395.9432484863666,-76.21217926222873,0.0,8.75298524370186,0.9903452396392822,0.0,0.0,0.1385556161403656,0.9794731736183167,0.0,0.0,0.2015746831893921,-0.0471197883011521
396.5941496742081,-78.85034363506635,0.0,8.754095815397353,0.9903753399848938,0.0,0.0,0.1383455991744995,0.9802793264389038,0.0,0.0,0.19761741161346436,-0.39500626298154246
397.24808147432213,-81.4812170665936,0.0,8.755704599591343,0.9903622269630432,0.0,0.0,0.138445183634758,0.9810184240341187,0.0,0.0,0.19391535222530365,-0.04720104002812131
397.90651372239483,-84.10470961280795,0.0,8.757778291212311,0.990305483341217,0.0,0.0,0.1388508379459381,0.9816933870315552,0.0,0.0,0.1904693841934204,-0.39511099488159135
398.5709166754172,-86.72071937976922,0.0,8.760283585188725,0.990204393863678,0.0,0.0,0.13955891132354736,0.9823065996170044,0.0,0.0,0.18728116154670715,-0.04732757002693011
399.2427616241493,-89.32913256588442,0.0,8.763187176449057,0.9900582432746887,0.0,0.0,0.14056521654129028,0.9828606247901917,0.0,0.0,0.18435126543045044,-0.39525764090484045
399.9235214249621,-91.92982351678761,0.0,8.766455759921788,0.989866316318512,0.0,0.0,0.14186504483222961,0.9833576083183289,0.0,0.0,0.18168140947818756,-0.047492650000300396
400.6146709510482,-94.52265479286065,0.0,8.770056030535391,0.9896408319473267,0.0,0.0,0.14345477521419525,0.9837995767593384,0.0,0.0,0.1792723834514618,-0.39543947275401226
401.317687462936,-97.10747724944788,0.0,8.773954683218344,0.9893707633018494,0.0,0.0,0.1453266739845276,0.9841882586479187,0.0,0.0,0.17712582647800446,-0.047689551650954565
402.0340508981771,-99.68413012981794,0.0,8.778118412899115,0.9890555739402771,0.0,0.0,0.14747345447540283,0.984525203704834,0.0,0.0,0.17524276673793793,-0.395649762131829
402.7652440800357,-102.25244117093662,0.0,8.782513914506186,0.9886947274208069,0.0,0.0,0.14988642930984497,0.9848117828369141,0.0,0.0,0.17362470924854279,-0.047911546681614736
403.51275284495847,-104.8122267221128,0.0,8.787107882968026,0.9882878065109253,0.0,0.0,0.152555912733078,0.9850492477416992,0.0,0.0,0.17227230966091156,-0.3958817807410129
404.278066088571,-107.36329187658416,0.0,8.791867013213114,0.9878348708152771,0.0,0.0,0.15547077357769012,0.9852384924888611,0.0,0.0,0.1711869239807129,-0.048151906795002974
405.0626757299126,-109.90543061610873,0.0,8.796758000169927,0.9873353242874146,0.0,0.0,0.15861855447292328,0.9853801727294922,0.0,0.0,0.17036959528923035,-0.39612880028428626
405.8680765936021,-112.43842596863081,0.0,8.801747538766936,0.9867894649505615,0.0,0.0,0.1619851142168045,0.9854719638824463,0.0,0.0,0.16982044279575348,-0.04840390369384179
406.6957662096027,-114.96205017908606,0.0,8.806802323932612,0.9861974716186523,0.0,0.0,0.16555485129356384,0.9855194091796875,0.0,0.0,0.16954122483730316,-0.3963840924643709
407.5472445302524,-117.4760648934092,0.0,8.811889050595438,0.9855602383613586,0.0,0.0,0.16931064426898956,0.9855210185050964,0.0,0.0,0.16953280568122864,-0.04866080908085324
408.42401359596465,-119.98022144497892,0.0,8.816974728367057,0.9848787188529968,0.0,0.0,0.1732337325811386,0.9854753613471985,0.0,0.0,0.1697951853275299,-0.39664094487707896
409.3275784904399,-122.47426486068017,0.0,8.822039831322453,0.9841545820236206,0.0,0.0,0.17730389535427094,0.9853806495666504,0.0,0.0,0.17032869160175323,-0.04891662236142874
410.2594489857935,-124.95793911118788,0.0,8.82708307192041,0.9833897948265076,0.0,0.0,0.18149927258491516,0.9852419495582581,0.0,0.0,0.17113280296325684,-0.3968956539981878
411.22113781158066,-127.43098790291539,0.0,8.832104459737085,0.9825872182846069,0.0,0.0,0.18579640984535217,0.9850569367408752,0.0,0.0,0.17219728231430054,-0.04917022780671548
412.2135998937909,-129.89328260528094,0.0,8.837104004348626,0.9817500710487366,0.0,0.0,0.19017162919044495,0.9848281145095825,0.0,0.0,0.17350438237190247,-0.39714815625129596
413.236437221493,-132.34500364654005,0.0,8.842081715331185,0.9808814525604248,0.0,0.0,0.19460302591323853,0.9845576882362366,0.0,0.0,0.17503470182418823,-0.04942162735128908
414.28904990542765,-134.78637791480048,0.0,8.847037602260915,0.9799845218658447,0.0,0.0,0.19907085597515106,0.9842479825019836,0.0,0.0,0.1767706274986267,-0.39739845357097936
415.3708356195717,-137.21763325633145,0.0,8.851971674713969,0.9790623784065247,0.0,0.0,0.20355749130249023,0.983900785446167,0.0,0.0,0.17869533598423004,-0.04967082292972613
416.4811896138419,-139.63899847060114,0.0,8.856883942266489,0.9781182408332825,0.0,0.0,0.20804709196090698,0.9835180044174194,0.0,0.0,0.18079228699207306,-0.3976465478918137
417.6195047268403,-142.050703305299,0.0,8.861774414494633,0.9771550297737122,0.0,0.0,0.2125253528356552,0.9831013679504395,0.0,0.0,0.18304598331451416,-0.049917816476602095
418.785171398644,-144.45297845133902,0.0,8.86664310097456,0.9761757850646973,0.0,0.0,0.2169795036315918,0.9826525449752808,0.0,0.0,0.1854419857263565,-0.3978924411483757
419.9775776836371,-146.84605553784866,0.0,8.871490011282406,0.9751832485198975,0.0,0.0,0.22139804065227509,0.9821730852127075,0.0,0.0,0.18796643614768982,-0.05016260992649324
421.19610926338413,-149.23016712713874,0.0,8.876315154994334,0.9741802215576172,0.0,0.0,0.22577062249183655,0.9816646575927734,0.0,0.0,0.1906052976846695,-0.3981361352752408
422.44014945954706,-151.60554670965826,0.0,8.881118541686488,0.9731695055961609,0.0,0.0,0.23008812963962555,0.9811288118362427,0.0,0.0,0.193345844745636,-0.05040520521397579
423.7090792468443,-153.97242869893333,0.0,8.885900180935021,0.972153902053833,0.0,0.0,0.23434224724769592,0.9805667996406555,0.0,0.0,0.19617663323879242,-0.39837763220698486
425.00227726604896,-156.3310484264874,0.0,8.890660082316092,0.9711359143257141,0.0,0.0,0.23852574825286865,0.9799805283546448,0.0,0.0,0.1990852952003479,-0.050645604273625855
426.31911983703253,-158.68164213674856,0.0,8.895398255405837,0.9701181650161743,0.0,0.0,0.24263215065002441,0.9793712496757507,0.0,0.0,0.20206141471862793,-0.3986169338781841
427.658980971846,-161.0244469819382,0.0,8.900114709780423,0.9691029787063599,0.0,0.0,0.2466558963060379,0.9787406325340271,0.0,0.0,0.20509491860866547,-0.050883809040019046
429.02123238784384,-163.35970101694463,0.0,8.904809455015993,0.9680927395820618,0.0,0.0,0.2505916953086853,0.9780901670455933,0.0,0.0,0.2081756293773651,-0.3988540422234149
430.4052435208472,-165.6876431941804,0.0,8.9094825006887,0.9670896530151367,0.0,0.0,0.2544351816177368,0.9774213433265686,0.0,0.0,0.21129409968852997,-0.05111982144773153
431.8103815383495,-168.0085133584254,0.0,8.914133856374695,0.9660959243774414,0.0,0.0,0.2581823468208313,0.9767356514930725,0.0,0.0,0.2144416868686676,-0.399088959177253
433.2360113527595,-170.32255224165152,0.0,8.918763531650132,0.9651138186454773,0.0,0.0,0.26182985305786133,0.9760347604751587,0.0,0.0,0.21761015057563782,-0.05135364343133947
434.6814956346869,-172.63000145783488,0.0,8.923371536091157,0.9641452431678772,0.0,0.0,0.26537466049194336,0.975320041179657,0.0,0.0,0.22079165279865265,-0.39932168667427453
436.14619482626364,-174.93110349774932,0.0,8.927957879273928,0.9631918668746948,0.0,0.0,0.2688140869140625,0.9745932817459106,0.0,0.0,0.2239782214164734,-0.051585276925418755
437.62946715450937,-177.226101723748,0.0,8.932522570774589,0.9622557759284973,0.0,0.0,0.2721460163593292,0.97385573387146,0.0,0.0,0.22716368734836578,-0.3995522266490554
439.13066864473205,-179.51524036452702,0.0,8.9370656201693,0.9613385200500488,0.0,0.0,0.27536845207214355,0.973109245300293,0.0,0.0,0.2303408980369568,-0.05181472386454561
440.64915313396745,-181.79876450987456,0.0,8.9415870370342,0.9604419469833374,0.0,0.0,0.27847975492477417,0.972355306148529,0.0,0.0,0.23350344598293304,-0.39978058103617153
442.1842722844599,-184.0769201054061,0.0,8.94608683094545,0.9595673680305481,0.0,0.0,0.2814784646034241,0.9715954065322876,0.0,0.0,0.23664584755897522,-0.05204198618329564
443.73537559717863,-186.34995394728384,0.0,8.950565011479203,0.9587163329124451,0.0,0.0,0.28436338901519775,0.9708309769630432,0.0,0.0,0.23976252973079681,-0.40000675177019945
445.30181042537214,-188.61811367692056,0.0,8.9550215882116,0.9578903913497925,0.0,0.0,0.28713351488113403,0.9700637459754944,0.0,0.0,0.242848202586174,-0.05226706581624502
446.88292198816174,-190.88164777567047,0.0,8.959456570718805,0.9570906758308411,0.0,0.0,0.2897879481315613,0.9692952632904053,0.0,0.0,0.24589748680591583,-0.4002307407857148
448.4780533841708,-193.14080555950392,0.0,8.963869968576958,0.9563184380531311,0.0,0.0,0.29232609272003174,0.96852707862854,0.0,0.0,0.24890626966953278,-0.05248996469796996
450.08654560519227,-195.39583717366872,0.0,8.968261791362218,0.9555750489234924,0.0,0.0,0.29474738240242004,0.9677605628967285,0.0,0.0,0.25187012553215027,-0.4004525500172936
451.70773754989216,-197.64699358733625,0.0,8.972632048650734,0.9548612833023071,0.0,0.0,0.29705148935317993,0.9669972658157349,0.0,0.0,0.2547851502895355,-0.05271068476304652
453.3409660375496,-199.89452658823333,0.0,8.976980750018654,0.9541783332824707,0.0,0.0,0.2992379069328308,0.966238796710968,0.0,0.0,0.25764694809913635,-0.4006721813995118
454.9855658218339,-202.13868877726046,0.0,8.981307905042135,0.9535272121429443,0.0,0.0,0.30130645632743835,0.9654863476753235,0.0,0.0,0.26045238971710205,-0.052929227946050594
456.6408696046171,-204.37973356309584,0.0,8.985613523297326,0.9529086947441101,0.0,0.0,0.30325692892074585,0.964741587638855,0.0,0.0,0.2631978392601013,-0.4008896368669457
458.3062080498225,-206.61791515678522,0.0,8.989897614360377,0.9523237347602844,0.0,0.0,0.30508920550346375,0.9640057682991028,0.0,0.0,0.26588037610054016,-0.05314559618155823
459.980909797307,-208.85348856631683,0.0,8.99416018780744,0.9517727494239807,0.0,0.0,0.3068033754825592,0.9632803201675415,0.0,0.0,0.26849690079689026,-0.40110491835417106
461.6643014767827,-211.08670959118567,0.0,8.998401253214665,0.9512566328048706,0.0,0.0,0.30839967727661133,0.9625666737556458,0.0,0.0,0.27104443311691284,-0.05335979140414532
463.3557077217672,-213.31783481693924,0.0,9.002620820158208,0.9507759809494019,0.0,0.0,0.3098784387111664,0.9618659615516663,0.0,0.0,0.27352070808410645,-0.4013180277957642
465.0544511835758,-215.5471216097156,0.0,9.006818898214217,0.9503309726715088,0.0,0.0,0.31124037504196167,0.9611796140670776,0.0,0.0,0.2759227752685547,-0.053571815548388135
466.7598525453414,-217.77482811076243,0.0,9.010995496958838,0.9499146938323975,0.0,0.0,0.3124838173389435,0.9605088829994202,0.0,0.0,0.2782485783100128,-0.4015289671263006
468.4712305360729,-220.00121323094675,0.0,9.015150625968232,0.9495365619659424,0.0,0.0,0.31361299753189087,0.9598550200462341,0.0,0.0,0.28049609065055847,-0.053781670548862626
470.1879019447456,-222.22653664524915,0.0,9.019284294818547,0.9491963982582092,0.0,0.0,0.3146289587020874,0.959219217300415,0.0,0.0,0.28266286849975586,-0.40173773828035686
471.9091816344257,-224.45105878724578,0.0,9.023396513085933,0.948893666267395,0.0,0.0,0.31553322076797485,0.9586024880409241,0.0,0.0,0.28474730253219604,-0.05398935834014473
473.6343825564272,-226.67504084357728,0.0,9.027487290346544,0.9486278891563416,0.0,0.0,0.3163274824619293,0.9580061435699463,0.0,0.0,0.2867473363876343,-0.401944343192509
475.3628157645037,-228.89874474840474,0.0,9.031556636176525,0.9483984708786011,0.0,0.0,0.3170137107372284,0.9574311375617981,0.0,0.0,0.28866133093833923,-0.05419488085681046
477.0937904290702,-231.12243317785197,0.0,9.035604560152034,0.9482046961784363,0.0,0.0,0.3175942003726959,0.9568786025047302,0.0,0.0,0.29048773646354675,-0.40214878379733265
478.82661385146,-233.34636954443693,0.0,9.039631071849218,0.9480456113815308,0.0,0.0,0.3180716931819916,0.9563493728637695,0.0,0.0,0.2922250032424927,-0.05439824003343596
480.56059147821253,-235.57081799148918,0.0,9.043636180844231,0.9479202628135681,0.0,0.0,0.318448930978775,0.9558447599411011,0.0,0.0,0.2938712537288666,-0.40235106202940396
482.2950269153929,-237.79604338755485,0.0,9.047619896713224,0.9478275775909424,0.0,0.0,0.3187292516231537,0.9553655385971069,0.0,0.0,0.2954253554344177,-0.054599437804597195
484.0292219429433,-240.02231132078944,0.0,9.051582229032348,0.9477663040161133,0.0,0.0,0.31891629099845886,0.9549126625061035,0.0,0.0,0.2968861162662506,-0.4025511798232992
485.76247652906665,-242.24988809333868,0.0,9.055523187377753,0.947735071182251,0.0,0.0,0.31901392340660095,0.9544868469238281,0.0,0.0,0.298252135515213,-0.05479847610487015
487.4940888446401,-244.47904071570727,0.0,9.059442781325595,0.9477322697639465,0.0,0.0,0.31902655959129333,0.9540889859199524,0.0,0.0,0.29952239990234375,-0.4027491391135942
489.22336692697354,-246.71003323902644,0.0,9.063341020452016,0.9477564096450806,0.0,0.0,0.31895875930786133,0.9537186622619629,0.0,0.0,0.30069953203201294,-0.054995356868830836
490.9498753257505,-248.94304921812451,0.0,9.06721791433318,0.9478058218955994,0.0,0.0,0.318815141916275,0.953375518321991,0.0,0.0,0.3017857074737549,-0.40294494183486507
492.67343057928787,-251.1781931325064,0.0,9.071073472545226,0.9478790163993835,0.0,0.0,0.3185998797416687,0.9530588388442993,0.0,0.0,0.3027844727039337,-0.05519008203105541
494.39385941245934,-253.4155663983468,0.0,9.074907704664314,0.9479747414588928,0.0,0.0,0.3183166980743408,0.952768087387085,0.0,0.0,0.3036985993385315,-0.4031385899216877
496.11098816893127,-255.6552706894701,0.0,9.07872062026659,0.9480917453765869,0.0,0.0,0.3179689645767212,0.9525025486946106,0.0,0.0,0.30453038215637207,-0.055382653526119874
497.82464281460847,-257.89740793515165,0.0,9.082512228928211,0.9482290148735046,0.0,0.0,0.31755954027175903,0.9522618651390076,0.0,0.0,0.3052821159362793,-0.40333008530863823
499.53464894108976,-260.1420803179168,0.0,9.086282540225316,0.94838547706604,0.0,0.0,0.3170911967754364,0.9520453810691833,0.0,0.0,0.30595651268959045,-0.055573073288599895
501.2408317691265,-262.3893902713325,0.0,9.090031563734074,0.9485602974891663,0.0,0.0,0.31656625866889954,0.9518490433692932,0.0,0.0,0.3065544068813324,-0.4035194299302927
502.9430161520908,-264.6394404777983,0.0,9.093759309030624,0.9487527012825012,0.0,0.0,0.3159869313240051,0.9516769051551819,0.0,0.0,0.3070794939994812,-0.05576134325307208
504.64102657944835,-266.8923338663296,0.0,9.097465785691123,0.9489618539810181,0.0,0.0,0.3153550922870636,0.9515283107757568,0.0,0.0,0.30753353238105774,-0.403706625721227
506.3346871802391,-269.1481736103391,0.0,9.101151003291719,0.949187159538269,0.0,0.0,0.31467247009277344,0.9514026045799255,0.0,0.0,0.3079184889793396,-0.055947465354112325
508.02382172656263,-271.40706312541295,0.0,9.104814971408562,0.9494279623031616,0.0,0.0,0.31394055485725403,0.9512991905212402,0.0,0.0,0.30823591351509094,-0.40389167461601705
509.70825363707166,-273.6691060670838,0.0,9.108457699617807,0.9496837258338928,0.0,0.0,0.3131607472896576,0.9512172937393188,0.0,0.0,0.3084879517555237,-0.0561314415262964
511.38780598047043,-275.9344063285979,0.0,9.112079197495602,0.9499539136886597,0.0,0.0,0.31233417987823486,0.951156497001648,0.0,0.0,0.3086758553981781,-0.404074578549239
513.0623014790208,-278.20306803868056,0.0,9.115679474618105,0.9502379894256592,0.0,0.0,0.31146204471588135,0.9511163234710693,0.0,0.0,0.3088008165359497,-0.056313273704200584
514.7315625120518,-280.4751955592956,0.0,9.119258540561464,0.9505356550216675,0.0,0.0,0.3105451762676239,0.9510962963104248,0.0,0.0,0.3088640868663788,-0.4042553394554693
516.3954111194786,-282.75089348340185,0.0,9.122816404901823,0.9508464336395264,0.0,0.0,0.30958446860313416,0.9510956406593323,0.0,0.0,0.30886757373809814,-0.05649296382240049
518.0536690053254,-285.0302666327064,0.0,9.126353077215342,0.9511699676513672,0.0,0.0,0.3085806667804718,0.9511139988899231,0.0,0.0,0.30881237983703613,-0.4044339592692834
519.706157541254,-287.3134200554112,0.0,9.12986856707817,0.9515057802200317,0.0,0.0,0.30753448605537415,0.9511510729789734,0.0,0.0,0.3086991310119629,-0.05667051381547261
521.3526977701002,-289.60045902395984,0.0,9.13336288406646,0.9518536925315857,0.0,0.0,0.3064464330673218,0.9512063264846802,0.0,0.0,0.30852898955345154,-0.40461043992525764
522.9931104094142,-291.8914890327774,0.0,9.136836037756357,0.9522220492362976,0.0,0.0,0.3053199052810669,0.9512792229652405,0.0,0.0,0.30830371379852295,-0.056845925617992676
524.6272158550071,-294.1866157960076,0.0,9.14028803772402,0.95260089635849,0.0,0.0,0.30415213108062744,0.9513695240020752,0.0,0.0,0.3080236315727234,-0.40478478335796786
526.2548341845032,-296.48594524524606,0.0,9.143718893545596,0.9529901742935181,0.0,0.0,0.30294370651245117,0.9514767527580261,0.0,0.0,0.3076898455619812,-0.057019201164537014
527.8757851608996,-298.7895835272709,0.0,9.147128614797236,0.9533896446228027,0.0,0.0,0.3016948699951172,0.9516005516052246,0.0,0.0,0.3073030114173889,-0.40495699150199005
529.4898882361282,-301.0976370017687,0.0,9.150517211055094,0.953799307346344,0.0,0.0,0.30040624737739563,0.9517403841018677,0.0,0.0,0.30686473846435547,-0.05719034238968135
531.096962554625,-303.4102122390558,0.0,9.153884691895321,0.9542189836502075,0.0,0.0,0.2990778386592865,0.9518961906433105,0.0,0.0,0.30637478828430176,-0.4051270662919005
532.6968269569055,-305.7274160177989,0.0,9.157231066894068,0.954648494720459,0.0,0.0,0.2977101504802704,0.9520674347877502,0.0,0.0,0.30583444237709045,-0.057359351228001954
534.2892999831444,-308.04935532272975,0.0,9.160556345627482,0.9550876617431641,0.0,0.0,0.29630324244499207,0.9522536993026733,0.0,0.0,0.30524471402168274,-0.4052950096622749
535.8741998767605,-310.37613734235725,0.0,9.16386053767172,0.9555362462997437,0.0,0.0,0.29485732316970825,0.9524598717689514,0.0,0.0,0.3046068251132965,-0.05752622961407461
537.4513445880073,-312.7078694666766,0.0,9.167143652602933,0.9559940695762634,0.0,0.0,0.29337242245674133,0.9526808261871338,0.0,0.0,0.3039204776287079,-0.40546082354768964
539.0205517775686,-315.0446592848733,0.0,9.17040569999727,0.9564610123634338,0.0,0.0,0.2918488681316376,0.9529163241386414,0.0,0.0,0.30318620800971985,-0.05769097948247548
540.5816388201604,-317.38661458302715,0.0,9.17364668943088,0.9569369554519653,0.0,0.0,0.29028668999671936,0.9531662464141846,0.0,0.0,0.30240434408187866,-0.4056245098827205
542.1344228081355,-319.7338433418083,0.0,9.176866630479921,0.9574215412139893,0.0,0.0,0.28868603706359863,0.9534298777580261,0.0,0.0,0.30157598853111267,-0.057853602767780565
543.6787205550943,-322.0864537341747,0.0,9.180065532720539,0.9579147100448608,0.0,0.0,0.2870468497276306,0.953707218170166,0.0,0.0,0.3007014989852905,-0.4057860706019436
545.2143485995016,-324.44455412306286,0.0,9.183243405728888,0.9584161639213562,0.0,0.0,0.2853693962097168,0.9539980292320251,0.0,0.0,0.299780935049057,-0.058014101404565865
546.7411232083067,-326.8082530590775,0.0,9.186400259081113,0.9589256644248962,0.0,0.0,0.28365349769592285,0.954302191734314,0.0,0.0,0.2988145351409912,-0.4059455076399348
548.2588603805684,-329.1776592781767,0.0,9.189536102353381,0.9594430327415466,0.0,0.0,0.2818993628025055,0.9546189904212952,0.0,0.0,0.2978036403656006,-0.05817247732740766
549.7673758510863,-331.5528816993556,0.0,9.192650945121825,0.959968090057373,0.0,0.0,0.28010693192481995,0.9549484848976135,0.0,0.0,0.29674771428108215,-0.40610282293127037
551.266485094035,-333.9340294223251,0.0,9.195744796962606,0.9605003595352173,0.0,0.0,0.27827635407447815,0.9552903771400452,0.0,0.0,0.29564735293388367,-0.05832873247088144
552.7560033266033,-336.32121172518873,0.0,9.198817667451873,0.9610399603843689,0.0,0.0,0.27640771865844727,0.9556443691253662,0.0,0.0,0.29450303316116333,-0.4062580184105263
554.2357455126389,-338.7145380621164,0.0,9.20186956616578,0.9615863561630249,0.0,0.0,0.2745009660720825,0.956010103225708,0.0,0.0,0.2933153808116913,-0.0584828687695636
555.7055263662965,-341.11411806101495,0.0,9.204900502680474,0.9621394872665405,0.0,0.0,0.2725560963153839,0.956387460231781,0.0,0.0,0.292084276676178,-0.4064110960122785
557.1651603556907,-343.5200615211964,0.0,9.207910486572109,0.9626990556716919,0.0,0.0,0.27057355642318726,0.9567762613296509,0.0,0.0,0.2908097803592682,-0.05863488815803003
558.614461706554,-345.93247841104215,0.0,9.210899527416837,0.963264524936676,0.0,0.0,0.2685536742210388,0.9571760892868042,0.0,0.0,0.2894926071166992,-0.4065620576711031
560.0532444058971,-348.3514788656653,0.0,9.213867634790805,0.9638356566429138,0.0,0.0,0.2664968967437744,0.9575866460800171,0.0,0.0,0.28813281655311584,-0.058784792570856725
561.4813222056765,-350.77717318457115,0.0,9.216814818270173,0.9644119143486023,0.0,0.0,0.2644038796424866,0.9580076932907104,0.0,0.0,0.2867310047149658,-0.4067109053215763
562.8985086264626,-353.20967182931213,0.0,9.219741087431084,0.964992880821228,0.0,0.0,0.26227569580078125,0.9584391117095947,0.0,0.0,0.2852867841720581,-0.058932583942619854
564.3046169611152,-355.64908542114233,0.0,9.222646451849693,0.965578019618988,0.0,0.0,0.26011335849761963,0.9588805437088013,0.0,0.0,0.28380051255226135,-0.4068576408982737
565.6994602784614,-358.0955247386695,0.0,9.225530921102148,0.9661666750907898,0.0,0.0,0.2579183578491211,0.9593318104743958,0.0,0.0,0.2822723686695099,-0.05907826420789536
567.0828514269767,-360.5491007155026,0.0,9.228394504764605,0.966758131980896,0.0,0.0,0.2556925117969513,0.9597925543785095,0.0,0.0,0.28070250153541565,-0.4070022663357715
568.4546030384729,-363.0099244378989,0.0,9.231237212413214,0.9673517346382141,0.0,0.0,0.25343748927116394,0.9602625370025635,0.0,0.0,0.2790912985801697,-0.05922183530125946
569.8145275317861,-365.4781071424066,0.0,9.234059053624124,0.9679466485977173,0.0,0.0,0.2511556148529053,0.9607413411140442,0.0,0.0,0.27743932604789734,-0.4071447835686458
571.162437117108,-367.953760214682,0.0,9.236860042352108,0.9685420989990234,0.0,0.0,0.2488495260477066,0.961228609085083,0.0,0.0,0.2757468819618225,-0.05936329937843032
572.4981438076776,-370.4369952021563,0.0,9.239640248333378,0.9691370725631714,0.0,0.0,0.24652184545993805,0.961724579334259,0.0,0.0,0.27401259541511536,-0.4072851980121443
573.8214594285412,-372.9279238222778,0.0,9.242399779753681,0.9697308540344238,0.0,0.0,0.24417586624622345,0.9622286558151245,0.0,0.0,0.272237628698349,-0.05950266965218298
575.1321956196551,-375.4266579607397,0.0,9.24513874555984,0.9703221321105957,0.0,0.0,0.24181517958641052,0.9627403616905212,0.0,0.0,0.2704228460788727,-0.40742352961851597
576.4301638388517,-377.9333096695209,0.0,9.247857254698667,0.9709100723266602,0.0,0.0,0.23944346606731415,0.9632596969604492,0.0,0.0,0.2685673236846924,-0.05963996809353794
577.7151753647782,-380.44799116494164,0.0,9.250555416116985,0.9714934825897217,0.0,0.0,0.2370651662349701,0.9637861847877502,0.0,0.0,0.26667195558547974,-0.40755980039721884
578.9870412998134,-382.970814825737,0.0,9.253233338761612,0.9720714092254639,0.0,0.0,0.23468436300754547,0.9643193483352661,0.0,0.0,0.26473769545555115,-0.05977521671195346
580.245613796275,-385.50186791766424,0.0,9.25589113157937,0.9726424217224121,0.0,0.0,0.23230616748332977,0.9648579359054565,0.0,0.0,0.26276853680610657,-0.4076940323577116
581.4910121880317,-388.0410739550131,0.0,9.258528903517071,0.9732057452201843,0.0,0.0,0.22993513941764832,0.9654004573822021,0.0,0.0,0.26076844334602356,-0.05990843751688796
582.7234627559579,-390.5882909381837,0.0,9.26114676352154,0.9737603068351746,0.0,0.0,0.22757527232170105,0.9659457802772522,0.0,0.0,0.25874170660972595,-0.4078262475094524
583.9431925904925,-393.1433764250327,0.0,9.263744820539593,0.9743054509162903,0.0,0.0,0.22523006796836853,0.9664927124977112,0.0,0.0,0.2566912770271301,-0.060039652517799746
585.1504293103683,-395.70618770317765,0.0,9.266323183518054,0.9748404026031494,0.0,0.0,0.22290299832820892,0.9670403003692627,0.0,0.0,0.2546207904815674,-0.40795646786189993
586.3454010570875,-398.276581793249,0.0,9.268881961403736,0.9753648638725281,0.0,0.0,0.2205970287322998,0.9675874710083008,0.0,0.0,0.25253361463546753,-0.060168883724147304
587.528336489425,-400.8544154521212,0.0,9.271421263143463,0.9758781790733337,0.0,0.0,0.21831488609313965,0.9681333303451538,0.0,0.0,0.250433087348938,-0.4080847154245124
588.6994647779688,-403.4395451761257,0.0,9.273941197684051,0.9763801097869873,0.0,0.0,0.21605902910232544,0.9686771035194397,0.0,0.0,0.24832205474376678,-0.06029615314538911
589.8590155996919,-406.0318272042425,0.0,9.276441873972324,0.9768702983856201,0.0,0.0,0.21383163332939148,0.9692176580429077,0.0,0.0,0.24620385468006134,-0.4082110122067485
591.0072191325575,-408.63111752127384,0.0,9.27892340095509,0.9773485660552979,0.0,0.0,0.21163475513458252,0.9697545170783997,0.0,0.0,0.24408091604709625,-0.06042148279098336
592.1443060501574,-411.23727186099507,0.0,9.281385887579178,0.9778147339820862,0.0,0.0,0.20947031676769257,0.9702869057655334,0.0,0.0,0.24195587635040283,-0.40833538021806604
593.270507516386,-413.8501457092886,0.0,9.283829442791408,0.9782687425613403,0.0,0.0,0.207339808344841,0.9708143472671509,0.0,0.0,0.23983091115951538,-0.06054489467038887
594.3860551801455,-416.46959430725576,0.0,9.28625417553859,0.978710412979126,0.0,0.0,0.2052445411682129,0.9713361859321594,0.0,0.0,0.23770898580551147,-0.4084578414679237
595.4911811700875,-419.09547265430854,0.0,9.288660194767553,0.9791398644447327,0.0,0.0,0.20318599045276642,0.9718518257141113,0.0,0.0,0.23559236526489258,-0.060666410793063785
596.5861180893862,-421.72763551124154,0.0,9.291047609425108,0.9795570969581604,0.0,0.0,0.2011653184890747,0.9723609089851379,0.0,0.0,0.2334825098514557,-0.40857841796578004
597.6710990105491,-424.3659374032837,0.0,9.293416528458081,0.9799619913101196,0.0,0.0,0.19918355345726013,0.9728627800941467,0.0,0.0,0.2313823699951172,-0.06078605316846647
598.7463574702589,-427.01023262312805,0.0,9.295767060813287,0.9803546667098999,0.0,0.0,0.1972416192293167,0.9733572006225586,0.0,0.0,0.22929339110851288,-0.40869713172109345
599.8121274642523,-429.66037523394345,0.0,9.298099315437543,0.9807353615760803,0.0,0.0,0.19534049928188324,0.9738439321517944,0.0,0.0,0.2272171527147293,-0.06090384380605518
600.8686434422319,-432.31621907236195,0.0,9.300413401277677,0.9811038970947266,0.0,0.0,0.19348081946372986,0.9743226170539856,0.0,0.0,0.2251555174589157,-0.4088140047433224
601.9161403028152,-434.9776177514492,0.0,9.3027094272805,0.9814605116844177,0.0,0.0,0.19166341423988342,0.9747928380966187,0.0,0.0,0.223110631108284,-0.06101980471528867
602.9548533885155,-437.6444246636518,0.0,9.30498750239283,0.9818053245544434,0.0,0.0,0.1898888796567917,0.975254476070404,0.0,0.0,0.22108429670333862,-0.40892905904192495
603.9850184807622,-440.3164929837243,0.0,9.307247735561493,0.9821385741233826,0.0,0.0,0.18815766274929047,0.9757072925567627,0.0,0.0,0.2190769612789154,-0.06113395790562515
605.0068717949506,-442.99367567163426,0.0,9.309490235733303,0.9824603796005249,0.0,0.0,0.18647034466266632,0.9761512279510498,0.0,0.0,0.2170906960964203,-0.40904231662635987
606.0206499755336,-445.675825475448,0.0,9.311715111855083,0.9827707409858704,0.0,0.0,0.18482740223407745,0.9765859246253967,0.0,0.0,0.21512681245803833,-0.06124632538652308
607.0265900911446,-448.3627949341934,0.0,9.313922472873644,0.9830700159072876,0.0,0.0,0.18322911858558655,0.977011501789093,0.0,0.0,0.21318621933460236,-0.40915379950608516
608.0249296297574,-451.0544363807029,0.0,9.316112427735815,0.9833583235740662,0.0,0.0,0.1816759556531906,0.9774274230003357,0.0,0.0,0.2112712860107422,-0.06135692916744084
609.015906493882,-453.7506019444329,0.0,9.318285085388412,0.983635663986206,0.0,0.0,0.1801680326461792,0.9778338670730591,0.0,0.0,0.20938211679458618,-0.4092635296905598
609.9997589957977,-456.45114355426574,0.0,9.32044055477825,0.9839023351669312,0.0,0.0,0.17870581150054932,0.9782307147979736,0.0,0.0,0.20752042531967163,-0.06146579125783663
610.9767258528187,-459.15591294128444,0.0,9.322578944852152,0.9841586351394653,0.0,0.0,0.1772894412279129,0.9786178469657898,0.0,0.0,0.2056867629289627,-0.40937152918924175
611.9470461826012,-461.8647616415314,0.0,9.324700364556934,0.9843958616256714,0.0,0.0,0.1759178340435028,0.9789953827857971,0.0,0.0,0.20388223230838776,-0.061572933667169094
612.9109594984817,-464.5775409987426,0.0,9.326804922839425,0.9846243262290955,0.0,0.0,0.17459288239479065,0.9793633222579956,0.0,0.0,0.2021077573299408,-0.4094778200115897
613.8687057048555,-467.2941021670598,0.0,9.328892728646432,0.9848530292510986,0.0,0.0,0.17331622540950775,0.9797215461730957,0.0,0.0,0.200364351272583,-0.061678378404896705
614.8205250925907,-470.0142961137221,0.0,9.330963890924775,0.9850630760192871,0.0,0.0,0.17208480834960938,0.9800699353218079,0.0,0.0,0.19865332543849945,-0.4095824241670616
615.766658334478,-472.7379736217347,0.0,9.33301851862128,0.9852645397186279,0.0,0.0,0.17090030014514923,0.9804086089134216,0.0,0.0,0.19697508215904236,-0.06178214748047778
616.7073464807188,-475.464985292517,0.0,9.335056720682761,0.9854574203491211,0.0,0.0,0.16976302862167358,0.980737566947937,0.0,0.0,0.19533033668994904,-0.4096853636651162
617.6428309544498,-478.195181548527,0.0,9.337078606056041,0.9856417179107666,0.0,0.0,0.16867294907569885,0.9810568690299988,0.0,0.0,0.19371995329856873,-0.06188426290337068
618.5733535473047,-480.9284126358641,0.0,9.339084283687939,0.9858174920082092,0.0,0.0,0.16763004660606384,0.9813666939735413,0.0,0.0,0.1921444833278656,-0.40978666051521206
619.4991564150132,-483.6645286268514,0.0,9.341073862525269,0.9859848022460938,0.0,0.0,0.16663457453250885,0.9816667437553406,0.0,0.0,0.19060522317886353,-0.06198474668303383
620.4204820730375,-486.40337942259214,0.0,9.343047451514852,0.9861437082290649,0.0,0.0,0.1656865030527115,0.9819573163986206,0.0,0.0,0.18910223245620728,-0.4098863367268072
621.3375733922462,-489.1448147555074,0.0,9.345005159603511,0.9862942695617676,0.0,0.0,0.16478583216667175,0.9822385907173157,0.0,0.0,0.18763573467731476,-0.06208362082892571
622.2506735946262,-491.8886841918504,0.0,9.346947095738058,0.9864364862442017,0.0,0.0,0.16393263638019562,0.9825105667114258,0.0,0.0,0.18620654940605164,-0.40998441430936
623.1600262490309,-494.6348371341964,0.0,9.348873368865318,0.9865704774856567,0.0,0.0,0.1631271094083786,0.9827732443809509,0.0,0.0,0.18481536209583282,-0.06218090735050452
624.0658752669694,-497.38312282391274,0.0,9.350784087932112,0.9866962432861328,0.0,0.0,0.162369042634964,0.9830266237258911,0.0,0.0,0.1834626942873001,-0.4100809152723294
624.9684648984294,-500.13339034360405,0.0,9.352679361885253,0.9868138432502747,0.0,0.0,0.16165871918201447,0.9832708239555359,0.0,0.0,0.18214893341064453,-0.06227662825722874
625.8680397277419,-502.885488619538,0.0,9.354559299671562,0.9869233965873718,0.0,0.0,0.16099609434604645,0.9835059642791748,0.0,0.0,0.18087470531463623,-0.41017586162517333
626.7648446694822,-505.63926642404334,0.0,9.35642401023786,0.9870249032974243,0.0,0.0,0.160381019115448,0.9837322235107422,0.0,0.0,0.1796402782201767,-0.06237080555855695
627.6591249644096,-508.3945723778903,0.0,9.358273602530968,0.9871184825897217,0.0,0.0,0.1598135381937027,0.9839495420455933,0.0,0.0,0.17844606935977936,-0.4102692753773505
628.5511261754453,-511.15125495264425,0.0,9.360108185497696,0.9872041940689087,0.0,0.0,0.15929314494132996,0.9841579794883728,0.0,0.0,0.17729242146015167,-0.062463461263947306
629.4410941836894,-513.909162472999,0.0,9.361927868084875,0.9872821569442749,0.0,0.0,0.15881970524787903,0.9843576550483704,0.0,0.0,0.17617987096309662,-0.41036117853831905
630.3292751844764,-516.6681431190863,0.0,9.363732759239316,0.9873524308204651,0.0,0.0,0.1583925485610962,0.9845487475395203,0.0,0.0,0.17510852217674255,-0.0625546173828585
631.2159156834678,-519.4280449287609,0.0,9.36552296790784,0.9874151945114136,0.0,0.0,0.15801118314266205,0.9847313761711121,0.0,0.0,0.17407895624637604,-0.41045159311753737
632.1012624927865,-522.1887157998648,0.0,9.367298603037268,0.9874706268310547,0.0,0.0,0.15767504274845123,0.9849055409431458,0.0,0.0,0.1730913668870926,-0.06264429592474885
632.985562727188,-524.9500034924675,0.0,9.369059773574413,0.987518846988678,0.0,0.0,0.15738297998905182,0.9850711226463318,0.0,0.0,0.17214643955230713,-0.4105405411244639
633.8690638002709,-527.7117556310822,0.0,9.370806588466102,0.9875600934028625,0.0,0.0,0.15713396668434143,0.985228419303894,0.0,0.0,0.17124389111995697,-0.0627325188990766
634.7520134207264,-530.4738197068593,0.0,9.372539156659148,0.9875945448875427,0.0,0.0,0.15692679584026337,0.9853774309158325,0.0,0.0,0.17038454115390778,-0.4106280445685571
635.634659588628,-533.2360430797567,0.0,9.374257587100377,0.9876224398612976,0.0,0.0,0.15675994753837585,0.985518217086792,0.0,0.0,0.1695680320262909,-0.0628193083153003
636.5172505917602,-535.9982729806871,0.0,9.3759619887366,0.9876440763473511,0.0,0.0,0.15663175284862518,0.9856510162353516,0.0,0.0,0.16879451274871826,-0.4107141254592755
637.400035001985,-538.7603565136408,0.0,9.377652470514642,0.9876598119735718,0.0,0.0,0.15654057264328003,0.9857754707336426,0.0,0.0,0.16806595027446747,-0.06290468618287809
638.2832616716507,-541.522140657786,0.0,9.379329141381321,0.9876698851585388,0.0,0.0,0.1564839482307434,0.9858875870704651,0.0,0.0,0.16737952828407288,-0.4107988058060775
639.1671797300379,-544.2834722695452,0.0,9.380992110283456,0.9876747727394104,0.0,0.0,0.15645982325077057,0.985992431640625,0.0,0.0,0.16673807799816132,-0.06298867451126872
640.052038579846,-547.0441980846467,0.0,9.382641486167865,0.9876747131347656,0.0,0.0,0.1564657837152481,0.9860901236534119,0.0,0.0,0.16614069044589996,-0.41088210761842137
640.93808789372,-549.8041647201559,0.0,9.384277377981364,0.9876703023910522,0.0,0.0,0.15649893879890442,0.9861807227134705,0.0,0.0,0.1655874252319336,-0.06307129530993039
641.825576370783,-552.5632194874514,0.0,9.385899894670779,0.9876618981361389,0.0,0.0,0.15655668079853058,0.9862642288208008,0.0,0.0,0.16507790982723236,-0.4109640529057655
642.7146566658681,-555.3212725675927,0.0,9.387509145182925,0.9876500368118286,0.0,0.0,0.15663577616214752,0.9863411784172058,0.0,0.0,0.16460929811000824,-0.06315257058832158
643.6053181143706,-558.0783410085551,0.0,9.38910523846462,0.98763507604599,0.0,0.0,0.15673360228538513,0.986411988735199,0.0,0.0,0.16417856514453888,-0.41104466367756826
644.4975341801446,-560.8344522951185,0.0,9.390688283462683,0.9876174926757812,0.0,0.0,0.15684758126735687,0.9864768385887146,0.0,0.0,0.16378463804721832,-0.06323252235590054
645.391278303408,-563.5896339842202,0.0,9.39225838912394,0.9875975251197815,0.0,0.0,0.156975656747818,0.9865362644195557,0.0,0.0,0.16342419385910034,-0.4111239619432883
646.2865239011675,-566.3439137044504,0.0,9.393815664395204,0.9875755906105042,0.0,0.0,0.1571159064769745,0.9865903854370117,0.0,0.0,0.16309641301631927,-0.06331117262212599
647.1832443676409,-569.0973191555486,0.0,9.395360218223294,0.9875519871711731,0.0,0.0,0.15726634860038757,0.9866396188735962,0.0,0.0,0.16279898583889008,-0.41120196971238376
648.0814130746714,-571.8498781079073,0.0,9.396892159555033,0.9875268936157227,0.0,0.0,0.15742534399032593,0.9866841435432434,0.0,0.0,0.1625305712223053,-0.06338854339645628
648.9810033721433,-574.6016184020822,0.0,9.398411597337233,0.9875005483627319,0.0,0.0,0.15759170055389404,0.986724317073822,0.0,0.0,0.16228856146335602,-0.411278708994313
649.881988588389,-577.3525679483048,0.0,9.399918640516718,0.9874732494354248,0.0,0.0,0.1577640175819397,0.9867604970932007,0.0,0.0,0.1620713323354721,-0.06346465668834955
650.7843420305942,-580.1027547260019,0.0,9.401413398040308,0.9874451160430908,0.0,0.0,0.15794099867343903,0.9867928624153137,0.0,0.0,0.16187728941440582,-0.41135420179853466
651.6880369851974,-582.8522067833186,0.0,9.402895978854822,0.9874163866043091,0.0,0.0,0.15812169015407562,0.9868216514587402,0.0,0.0,0.16170544922351837,-0.0635395345072644
652.5930467182877,-585.60095223665,0.0,9.40436649190708,0.9873871207237244,0.0,0.0,0.15830515325069427,0.9868469834327698,0.0,0.0,0.1615547090768814,-0.4114284701345073
653.4993444759956,-588.3490192701727,0.0,9.405825046143896,0.9873575568199158,0.0,0.0,0.158490389585495,0.9868690967559814,0.0,0.0,0.1614236831665039,-0.06361319886265915
654.406903484881,-591.0964361353854,0.0,9.40727175051209,0.9873278141021729,0.0,0.0,0.15867656469345093,0.9868882298469543,0.0,0.0,0.16131073236465454,-0.41150153601168876
655.3156969523172,-593.8432311506547,0.0,9.408706713958482,0.9872978925704956,0.0,0.0,0.15886321663856506,0.9869046807289124,0.0,0.0,0.16121430695056915,-0.06368567176399215
656.2256980668707,-596.589432700763,0.0,9.410130045429897,0.9872679710388184,0.0,0.0,0.15904958546161652,0.9869185090065002,0.0,0.0,0.1611335575580597,-0.411573421439538
657.1368799986758,-599.3350692364661,0.0,9.411541853873144,0.9872381687164307,0.0,0.0,0.1592351496219635,0.9869300127029419,0.0,0.0,0.16106721758842468,-0.06375697522072177
658.0492158998057,-602.0801692740505,0.0,9.412942248235051,0.9872084856033325,0.0,0.0,0.1594194620847702,0.9869391322135925,0.0,0.0,0.16101539134979248,-0.4116441484275131
658.9626789046404,-604.824761394901,0.0,9.414331337462436,0.9871791005134583,0.0,0.0,0.1596018373966217,0.986946165561676,0.0,0.0,0.1609758734703064,-0.06382713124230688
659.8772421302276,-607.5688742450703,0.0,9.415709230502111,0.9871500134468079,0.0,0.0,0.15978208184242249,0.9869512915611267,0.0,0.0,0.16094787418842316,-0.41171373898507246
660.7928786766431,-610.3125365348563,0.0,9.417076036300903,0.9871213436126709,0.0,0.0,0.15995973348617554,0.9869546294212341,0.0,0.0,0.1609308272600174,-0.06389616183820546
661.7095616273426,-613.0557770383815,0.0,9.418431863805623,0.9870930314064026,0.0,0.0,0.16013465821743011,0.9869562387466431,0.0,0.0,0.16092436015605927,-0.41178221512167446
662.6272640495143,-615.7986245931808,0.0,9.419776821963099,0.9870651960372925,0.0,0.0,0.16030633449554443,0.9869562983512878,0.0,0.0,0.16092726588249207,-0.06396408901787604
663.5459589944222,-618.541108099793,0.0,9.421111019720147,0.9870378971099854,0.0,0.0,0.16047459840774536,0.9869549870491028,0.0,0.0,0.16093826293945312,-0.41184959884677785
664.4656194977487,-621.2832565213556,0.0,9.42243456602358,0.9870112538337708,0.0,0.0,0.1606389433145523,0.9869524240493774,0.0,0.0,0.1609569489955902,-0.0640309347907767
665.3862185799311,-624.0250988832119,0.0,9.423747569820227,0.9869852066040039,0.0,0.0,0.1607992798089981,0.9869486093521118,0.0,0.0,0.16098275780677795,-0.4119159121698408
666.3077292464951,-626.7666642725129,0.0,9.4250501400569,0.9869598150253296,0.0,0.0,0.16095535457134247,0.986943781375885,0.0,0.0,0.1610148400068283,-0.06409672116636628
667.2301244883827,-629.5079818378332,0.0,9.426342385680423,0.9869350790977478,0.0,0.0,0.16110722720623016,0.9869378805160522,0.0,0.0,0.1610533893108368,-0.4119811771003217
668.1533772822768,-632.24908078879,0.0,9.427624415637606,0.9869110584259033,0.0,0.0,0.16125455498695374,0.9869311451911926,0.0,0.0,0.16109691560268402,-0.06416147015410278
669.0774605909206,-634.9899903956632,0.0,9.428896338875282,0.9868878126144409,0.0,0.0,0.1613970696926117,0.9869236350059509,0.0,0.0,0.16114500164985657,-0.41204541564767905
670.0023473634343,-637.7307399890267,0.0,9.430158264340259,0.9868653416633606,0.0,0.0,0.16153495013713837,0.9869152903556824,0.0,0.0,0.16119776666164398,-0.06422520376344515
670.9280105356248,-640.4713589593825,0.0,9.43141030097936,0.9868436455726624,0.0,0.0,0.16166767477989197,0.9869065284729004,0.0,0.0,0.16125333309173584,-0.412108649821371
671.8544230302945,-643.2118767567982,0.0,9.432652557739404,0.986822783946991,0.0,0.0,0.16179539263248444,0.9868971705436707,0.0,0.0,0.1613125205039978,-0.06428794400385135
672.7815577575424,-645.9523228905533,0.0,9.43388514356721,0.9868027567863464,0.0,0.0,0.1619180291891098,0.9868872761726379,0.0,0.0,0.16137434542179108,-0.4121709016308562
673.7093876150634,-648.69272692879,0.0,9.4351081674096,0.986783504486084,0.0,0.0,0.16203542053699493,0.9868770837783813,0.0,0.0,0.16143816709518433,-0.0643497128847802
674.6378854884415,-651.4331184981648,0.0,9.436321738213389,0.9867651462554932,0.0,0.0,0.16214759647846222,0.9868665337562561,0.0,0.0,0.1615038812160492,-0.41223219308559295
675.5670242514404,-654.1735272835149,0.0,9.437525964925394,0.9867476224899292,0.0,0.0,0.16225425899028778,0.9868558049201965,0.0,0.0,0.16157059371471405,-0.0644105324156895
676.4967767662877,-656.9139830275194,0.0,9.43872095649244,0.9867310523986816,0.0,0.0,0.16235560178756714,0.9868448376655579,0.0,0.0,0.16163872182369232,-0.4122925461950398
677.4271158839572,-659.6545155303752,0.0,9.439906821861342,0.9867153763771057,0.0,0.0,0.16245140135288239,0.9868336915969849,0.0,0.0,0.16170769929885864,-0.06447042460603808
678.3580144444438,-662.3951546494693,0.0,9.441083669978923,0.9867005944252014,0.0,0.0,0.16254158318042755,0.9868224859237671,0.0,0.0,0.16177716851234436,-0.412351982968655
679.2894452770366,-665.1359302990647,0.0,9.442251609791999,0.9866867065429688,0.0,0.0,0.16262631118297577,0.9868112802505493,0.0,0.0,0.1618466079235077,-0.06452941146528435
680.2213812005871,-667.8768724499868,0.0,9.443410750247388,0.9866737127304077,0.0,0.0,0.16270524263381958,0.9868000745773315,0.0,0.0,0.16191600263118744,-0.41241052541589684
681.1537950237712,-670.6180111293164,0.0,9.444561200291913,0.9866617321968079,0.0,0.0,0.1627783477306366,0.9867889881134033,0.0,0.0,0.16198453307151794,-0.06458751500288656
682.0866595453501,-673.35937642009,0.0,9.44570306887239,0.9866506457328796,0.0,0.0,0.16284576058387756,0.9867779612541199,0.0,0.0,0.16205242276191711,-0.412468195546224
683.0199475544234,-676.100998461,0.0,9.44683646493564,0.9866405725479126,0.0,0.0,0.16290736198425293,0.9867671132087708,0.0,0.0,0.16211917996406555,-0.0646447572283032
683.9536318306801,-678.8429074461087,0.0,9.44796149742848,0.9866313934326172,0.0,0.0,0.16296319663524628,0.9867565035820007,0.0,0.0,0.1621847152709961,-0.41252501536909475
684.8876851446437,-681.5851336245597,0.0,9.44907827529773,0.9866231679916382,0.0,0.0,0.1630132496356964,0.9867461323738098,0.0,0.0,0.1622484177350998,-0.06470116015099259
685.8220802579152,-684.3277073002997,0.0,9.450186907490213,0.9866159558296204,0.0,0.0,0.16305741667747498,0.9867361783981323,0.0,0.0,0.16230975091457367,-0.41258100689396765
686.7567899234082,-687.070658831804,0.0,9.451287502952738,0.986609697341919,0.0,0.0,0.16309572756290436,0.9867265224456787,0.0,0.0,0.16236929595470428,-0.06475674578041307
687.6917868855824,-689.8140186318078,0.0,9.452380170632134,0.9866043329238892,0.0,0.0,0.1631281077861786,0.986717164516449,0.0,0.0,0.16242715716362,-0.4126361921303007
688.6270438806717,-692.5578171670425,0.0,9.45346501947522,0.9865999817848206,0.0,0.0,0.16315466165542603,0.9867081046104431,0.0,0.0,0.16248273849487305,-0.06481153612602347
689.5625336369086,-695.3020849579782,0.0,9.454542158428808,0.9865966439247131,0.0,0.0,0.16317512094974518,0.986699640750885,0.0,0.0,0.16253502666950226,-0.4126905930875527
690.4982288747417,-698.0468525785711,0.0,9.455611696439721,0.9865942597389221,0.0,0.0,0.16318973898887634,0.9866914749145508,0.0,0.0,0.16258515417575836,-0.06486555319728171
691.4341023070522,-700.7921506560165,0.0,9.456673742454782,0.9865928888320923,0.0,0.0,0.1631982922554016,0.9866839051246643,0.0,0.0,0.16263176500797272,-0.41274423177518205
692.3701266393639,-703.5380098705078,0.0,9.457728405420799,0.9865924715995789,0.0,0.0,0.16320089995861053,0.9866766929626465,0.0,0.0,0.16267600655555725,-0.06491881900364616
693.3062745700479,-706.2844609549995,0.0,9.458775794284604,0.9865930676460266,0.0,0.0,0.16319742798805237,0.9866700172424316,0.0,0.0,0.16271686553955078,-0.4127971302026469
694.2425187905267,-709.0315346949784,0.0,9.45981601799301,0.9865946173667908,0.0,0.0,0.1631879359483719,0.9866638779640198,0.0,0.0,0.1627548187971115,-0.06497135555457578
695.1788319854686,-711.7792619282368,0.0,9.460849185492833,0.9865971803665161,0.0,0.0,0.16317249834537506,0.9866584539413452,0.0,0.0,0.16278819739818573,-0.41284931037940564
696.1151868329816,-714.527673544655,0.0,9.4618754057309,0.9866007566452026,0.0,0.0,0.16315101087093353,0.9866535067558289,0.0,0.0,0.162819042801857,-0.06502318485952868
697.0515560048015,-717.2768004859852,0.0,9.462894787654022,0.9866052865982056,0.0,0.0,0.1631234735250473,0.986649215221405,0.0,0.0,0.1628457009792328,-0.41290079431491683
697.9879121664749,-720.0266737456452,0.0,9.463907440209024,0.9866108298301697,0.0,0.0,0.1630900800228119,0.9866455793380737,0.0,0.0,0.16286802291870117,-0.06507432892796311
698.9242279775387,-722.7773243685142,0.0,9.46491347234272,0.9866173267364502,0.0,0.0,0.16305062174797058,0.9866426587104797,0.0,0.0,0.1628865748643875,-0.41295160401863895
699.8604760916949,-725.5287834507353,0.0,9.465912993001936,0.9866247773170471,0.0,0.0,0.16300532221794128,0.9866403937339783,0.0,0.0,0.1629008799791336,-0.0651248097693376
700.7966291569808,-728.2810821395245,0.0,9.466906111133483,0.9866332411766052,0.0,0.0,0.16295428574085236,0.9866388440132141,0.0,0.0,0.16291099786758423,-0.41300176150003015
701.7326598159336,-731.034251632984,0.0,9.467892935684185,0.9866426587104797,0.0,0.0,0.16289737820625305,0.9866379499435425,0.0,0.0,0.16291680932044983,-0.06517464939311046
702.6685407057543,-733.7883231799221,0.0,9.468873575600862,0.9866529703140259,0.0,0.0,0.16283486783504486,0.9866377115249634,0.0,0.0,0.16291868686676025,-0.4130512887685492
703.6042444584601,-736.5433280796767,0.0,9.469848139830331,0.9866642355918884,0.0,0.0,0.1627667099237442,0.9866381883621216,0.0,0.0,0.1629161685705185,-0.06522386980874023
704.5397437010415,-739.2992976819469,0.0,9.47081673731941,0.9866763353347778,0.0,0.0,0.16269320249557495,0.9866394400596619,0.0,0.0,0.16290916502475739,-0.4131002078336542
705.4750110556062,-742.0562633866281,0.0,9.471779477014922,0.9866892695426941,0.0,0.0,0.1626143604516983,0.9866415858268738,0.0,0.0,0.1628967523574829,-0.06527249302568527
706.4100191395231,-744.8142566436534,0.0,9.472736467863683,0.9867030382156372,0.0,0.0,0.16253066062927246,0.9866443872451782,0.0,0.0,0.16288018226623535,-0.4131485407048037
707.3447405655627,-747.5733089528414,0.0,9.473687818812511,0.9867175817489624,0.0,0.0,0.16244225203990936,0.9866479635238647,0.0,0.0,0.16285885870456696,-0.0653205410534039
708.279147942029,-750.3334518637496,0.0,9.474633638808227,0.9867328405380249,0.0,0.0,0.16234943270683289,0.9866523742675781,0.0,0.0,0.16283249855041504,-0.413196309391456
709.2132138728902,-753.0947169755291,0.0,9.475574036797651,0.9867487549781799,0.0,0.0,0.16225259006023407,0.9866575002670288,0.0,0.0,0.16280189156532288,-0.06536803590135465
710.1469109579042,-755.8571359367927,0.0,9.476509121727602,0.9867652654647827,0.0,0.0,0.1621519923210144,0.9866635203361511,0.0,0.0,0.16276590526103973,-0.41324353590306967
711.0802117927341,-758.6207404454703,0.0,9.477439002504541,0.9867822527885437,0.0,0.0,0.16204828023910522,0.9866703152656555,0.0,0.0,0.1627248376607895,-0.06541499957695768
712.0130889620156,-761.3855622277828,0.0,9.478363716396673,0.9867997169494629,0.0,0.0,0.1619417667388916,0.9866780042648315,0.0,0.0,0.16267861425876617,-0.41329023862489445
712.9455150179328,-764.1516329741038,0.0,9.479283081443283,0.986817479133606,0.0,0.0,0.16183310747146606,0.9866864085197449,0.0,0.0,0.1626276671886444,-0.06546143215506933
713.877462476308,-766.9189843264818,0.0,9.480196873891488,0.9868355989456177,0.0,0.0,0.1617228090763092,0.9866957068443298,0.0,0.0,0.1625712513923645,-0.4133363897586422
714.8089041593466,-769.6876472528875,0.0,9.481104869988398,0.9868537783622742,0.0,0.0,0.16161155700683594,0.9867057204246521,0.0,0.0,0.1625104546546936,-0.06550729054380211
715.7398298936683,-772.457621556955,0.0,9.482006845981122,0.9868720173835754,0.0,0.0,0.1615000069141388,0.9867164492607117,0.0,0.0,0.16244518756866455,-0.4133819441017091
716.6702540517697,-775.2288621074873,0.0,9.48290257811678,0.9868901968002319,0.0,0.0,0.16138866543769836,0.9867277145385742,0.0,0.0,0.16237682104110718,-0.06555252954055257
717.6001929065366,-778.0013201888895,0.0,9.483791842642479,0.9869083166122437,0.0,0.0,0.1612779051065445,0.9867396950721741,0.0,0.0,0.16230420768260956,-0.4134268564514918
718.5296627200879,-780.7749469910318,0.0,9.484674415805335,0.9869261980056763,0.0,0.0,0.16116848587989807,0.9867521524429321,0.0,0.0,0.1622285395860672,-0.06559710394271706
719.4586797437236,-783.549693609465,0.0,9.485550073852455,0.986943781375885,0.0,0.0,0.16106069087982178,0.9867649078369141,0.0,0.0,0.1621507853269577,-0.4134710816053867
720.3872602178666,-786.3255110456525,0.0,9.486418593030956,0.9869610667228699,0.0,0.0,0.16095474362373352,0.9867780208587646,0.0,0.0,0.16207073628902435,-0.06564096854769191
721.3154203720003,-789.1023502072201,0.0,9.487279749587955,0.9869779944419861,0.0,0.0,0.1608511358499527,0.9867914319038391,0.0,0.0,0.16198882460594177,-0.41351457436079064
722.2431764245982,-791.880161908221,0.0,9.488133319770556,0.9869944453239441,0.0,0.0,0.16075004637241364,0.9868050217628479,0.0,0.0,0.16190581023693085,-0.0656840781528738
723.1705445830485,-794.658896869419,0.0,9.488979079825878,0.9870104789733887,0.0,0.0,0.16065183281898499,0.9868188500404358,0.0,0.0,0.1618214100599289,-0.4135572895150998
724.0975410435719,-797.4385057185888,0.0,9.489816806001027,0.9870259761810303,0.0,0.0,0.16055671870708466,0.9868327379226685,0.0,0.0,0.16173668205738068,-0.06572638755565913
725.0241819911344,-800.2189389908333,0.0,9.49064627454312,0.9870409369468689,0.0,0.0,0.16046492755413055,0.9868466854095459,0.0,0.0,0.16165149211883545,-0.4135991818657106
725.9504835993522,-803.000147128914,0.0,9.491467261699272,0.9870553612709045,0.0,0.0,0.1603764295578003,0.9868607521057129,0.0,0.0,0.16156551241874695,-0.06576785155344456
726.8764620303916,-805.7820804836043,0.0,9.492279543716588,0.9870691895484924,0.0,0.0,0.16029159724712372,0.9868745803833008,0.0,0.0,0.16148075461387634,-0.41364020621001946
727.8021334348641,-808.5646893140564,0.0,9.49308289684219,0.9870823621749878,0.0,0.0,0.1602104753255844,0.9868883490562439,0.0,0.0,0.16139617562294006,-0.06580842494362649
728.7275139517122,-811.3479237881843,0.0,9.493877097323185,0.9870948791503906,0.0,0.0,0.16013343632221222,0.9869022369384766,0.0,0.0,0.1613112837076187,-0.41368031734542327
729.6526197080916,-814.1317339830678,0.0,9.49466192140668,0.9871067404747009,0.0,0.0,0.16006037592887878,0.9869159460067749,0.0,0.0,0.16122740507125854,-0.06584806252360093
730.5774668192461,-816.9160698853656,0.0,9.4954371453398,0.9871178269386292,0.0,0.0,0.15999190509319305,0.9869292974472046,0.0,0.0,0.16114559769630432,-0.41371947006931825
731.5020713883775,-819.700881391756,0.0,9.496202545369648,0.9871282577514648,0.0,0.0,0.15992753207683563,0.9869425892829895,0.0,0.0,0.16106431186199188,-0.06588671909076499
732.4264495065081,-822.4861183093842,0.0,9.496957897743341,0.9871379733085632,0.0,0.0,0.15986761450767517,0.9869555234909058,0.0,0.0,0.1609848290681839,-0.4137576191791007
733.350617252337,-825.2717303563348,0.0,9.49770297870799,0.9871469736099243,0.0,0.0,0.15981212258338928,0.9869682788848877,0.0,0.0,0.16090688109397888,-0.06592434944251496
734.2745906920923,-828.0576671621154,0.0,9.498437564510708,0.9871551990509033,0.0,0.0,0.159761443734169,0.986980676651001,0.0,0.0,0.16083073616027832,-0.4137947194721672
735.1983858793735,-830.8438782681596,0.0,9.49916143139861,0.9871626496315002,0.0,0.0,0.15971539914608002,0.9869927763938904,0.0,0.0,0.1607564389705658,-0.0659609083762474
736.1220188549931,-833.6303131283494,0.0,9.499874355618802,0.9871693849563599,0.0,0.0,0.1596740186214447,0.9870045781135559,0.0,0.0,0.16068391501903534,-0.4138307257459143
737.0455056468054,-836.4169211095475,0.0,9.5005761134184,0.9871753454208374,0.0,0.0,0.15963715314865112,0.9870159029960632,0.0,0.0,0.16061420738697052,-0.06599635068935844
737.9688622695348,-839.2036514921554,0.0,9.501266481044524,0.9871804714202881,0.0,0.0,0.1596052646636963,0.9870268702507019,0.0,0.0,0.16054701805114746,-0.4138655927977387
738.8921047245954,-841.990453470681,0.0,9.501945234744273,0.9871848821640015,0.0,0.0,0.1595780849456787,0.9870374798774719,0.0,0.0,0.1604820340871811,-0.06603063117924479
739.8152489999046,-844.7772761543289,0.0,9.502612150764772,0.987188458442688,0.0,0.0,0.15955601632595062,0.9870476126670837,0.0,0.0,0.1604200005531311,-0.41389927542503663
740.7383110696907,-847.5640685676034,0.0,9.503267005353122,0.9871912598609924,0.0,0.0,0.15953877568244934,0.9870571494102478,0.0,0.0,0.1603613793849945,-0.06606370464330286
741.6613068942952,-850.3507796509305,0.0,9.503909574756447,0.9871932864189148,0.0,0.0,0.1595264971256256,0.9870663285255432,0.0,0.0,0.16030503809452057,-0.41393172842520454
742.5842524199663,-853.1373582612958,0.0,9.504539635221851,0.9871944785118103,0.0,0.0,0.15951931476593018,0.9870749115943909,0.0,0.0,0.16025248169898987,-0.06609552587892936
743.507163578651,-855.9237531729041,0.0,9.505156962996454,0.987194836139679,0.0,0.0,0.15951701998710632,0.9870828986167908,0.0,0.0,0.16020336747169495,-0.413962906595639
744.4300562877748,-858.7099130778461,0.0,9.505761334327358,0.9871944189071655,0.0,0.0,0.1595197468996048,0.9870904684066772,0.0,0.0,0.16015686094760895,-0.06612604968352048
745.352946450022,-861.4957865867931,0.0,9.506352525461688,0.9871931672096252,0.0,0.0,0.15952758491039276,0.987097442150116,0.0,0.0,0.16011381149291992,-0.4139927647337365
746.2758499531028,-864.2813222297011,0.0,9.506930312646546,0.9871910810470581,0.0,0.0,0.1595403403043747,0.9871038198471069,0.0,0.0,0.1600743681192398,-0.06615523085447289
747.1987826695216,-867.0664684565354,0.0,9.50749447212905,0.9871882200241089,0.0,0.0,0.15955832600593567,0.9871097207069397,0.0,0.0,0.160038024187088,-0.41402125763689324
748.1217604563323,-869.8511736380108,0.0,9.508044780156313,0.9871845245361328,0.0,0.0,0.1595815271139145,0.9871150255203247,0.0,0.0,0.16000543534755707,-0.06618302418918315
749.0447991548924,-872.6353860663503,0.0,9.508581012975444,0.9871799349784851,0.0,0.0,0.1596098393201828,0.9871196746826172,0.0,0.0,0.15997692942619324,-0.4140483401025059
749.9679145906086,-875.4190539560583,0.0,9.509102946833558,0.9871745705604553,0.0,0.0,0.15964330732822418,0.9871237277984619,0.0,0.0,0.1599520891904831,-0.06620938448504748
750.891122572676,-878.2021254447136,0.0,9.509610357977769,0.9871683120727539,0.0,0.0,0.15968209505081177,0.9871271252632141,0.0,0.0,0.15993110835552216,-0.4140739669279711
751.8144388938133,-880.9845485937778,0.0,9.510103022655185,0.9871611595153809,0.0,0.0,0.15972614288330078,0.9871299266815186,0.0,0.0,0.1599140763282776,-0.06623426653946246
752.7378793299886,-883.7662713894205,0.0,9.510580717112925,0.987153172492981,0.0,0.0,0.15977543592453003,0.9871320128440857,0.0,0.0,0.1599014699459076,-0.4140980929106852
753.6614596401429,-886.5472417433625,0.0,9.511043217598093,0.9871442914009094,0.0,0.0,0.15982992947101593,0.9871334433555603,0.0,0.0,0.15989258885383606,-0.06625762514982453
754.5851955659033,-889.3274074937354,0.0,9.511490300357812,0.987134575843811,0.0,0.0,0.15988953411579132,0.9871342182159424,0.0,0.0,0.1598878800868988,-0.4141206728480447
755.5091028312938,-892.1067164059579,0.0,9.51192174163919,0.9871240854263306,0.0,0.0,0.1599544733762741,0.9871342778205872,0.0,0.0,0.15988795459270477,-0.06627941511353053
756.4331971424374,-894.88511617363,0.0,9.512337317689331,0.9871127009391785,0.0,0.0,0.16002467274665833,0.9871336817741394,0.0,0.0,0.15989209711551666,-0.41414166153744575
757.3574941872524,-897.6625544194426,0.0,9.512736804755363,0.9871004223823547,0.0,0.0,0.16010013222694397,0.9871323108673096,0.0,0.0,0.15990057587623596,-0.06629959122797663
758.2820096351447,-900.4389786961068,0.0,9.513119979084387,0.9870873093605042,0.0,0.0,0.1601809412240982,0.9871301651000977,0.0,0.0,0.1599140167236328,-0.4141610137762853
759.2067591366914,-903.214336487297,0.0,9.513486616923519,0.9870733022689819,0.0,0.0,0.16026706993579865,0.9871274828910828,0.0,0.0,0.15993084013462067,-0.06631810829055906
760.1317583233179,-905.9885752086128,0.0,9.513836494519875,0.9870584011077881,0.0,0.0,0.1603585034608841,0.987123966217041,0.0,0.0,0.1599525362253189,-0.41417868436195987
761.0570228069726,-908.7616422085573,0.0,9.51416938812056,0.9870426654815674,0.0,0.0,0.16045509278774261,0.987119734287262,0.0,0.0,0.15997885167598724,-0.0663349210986745
761.9825681797906,-911.5334847695328,0.0,9.514485073972692,0.9870260953903198,0.0,0.0,0.16055689752101898,0.9871148467063904,0.0,0.0,0.1600092351436615,-0.41419462809186547
762.9084100137559,-914.304050108854,0.0,9.514783328323386,0.9870086908340454,0.0,0.0,0.1606636941432953,0.9871091246604919,0.0,0.0,0.16004464030265808,-0.06634998444971968
763.8345638603525,-917.0732853797746,0.0,9.515063927419751,0.9869904518127441,0.0,0.0,0.16077542304992676,0.9871026277542114,0.0,0.0,0.16008496284484863,-0.414208799763399
764.7610452502148,-919.8411376725367,0.0,9.515326647508902,0.9869714379310608,0.0,0.0,0.1608918011188507,0.9870954155921936,0.0,0.0,0.16012950241565704,-0.06636325314109093
765.6878696927673,-922.6075540154316,0.0,9.515571264837938,0.9869517087936401,0.0,0.0,0.16101254522800446,0.9870873093605042,0.0,0.0,0.1601794958114624,-0.4142211541739564
766.6150526758599,-925.3724813758804,0.0,9.515797555653993,0.9869312644004822,0.0,0.0,0.16113759577274323,0.9870783686637878,0.0,0.0,0.16023454070091248,-0.06637468197018465
767.5426096653993,-928.1358666615312,0.0,9.516005296204169,0.9869102239608765,0.0,0.0,0.16126644611358643,0.9870687127113342,0.0,0.0,0.16029372811317444,-0.41423164612093494
768.4705554141026,-930.8976546662407,0.0,9.516187179286431,0.986888587474823,0.0,0.0,0.16139867901802063,0.9870582818984985,0.0,0.0,0.16035783290863037,-0.06638386798444035
769.3989007757691,-933.6577786164378,0.0,9.516303267426785,0.9868663549423218,0.0,0.0,0.16153405606746674,0.9870470762252808,0.0,0.0,0.16042661666870117,-0.4142375091583266
770.3276517795151,-936.4161574887314,0.0,9.516304233419845,0.9868437051773071,0.0,0.0,0.16167216002941132,0.9870350956916809,0.0,0.0,0.16050036251544952,-0.06638391677196859
771.2568096173159,-939.1726960600378,0.0,9.51614074921046,0.9868207573890686,0.0,0.0,0.16181214153766632,0.987022340297699,0.0,0.0,0.160578653216362,-0.41422925238007485
772.1863706302921,-941.9272849616577,0.0,9.515763486743472,0.9867975115776062,0.0,0.0,0.16195347905158997,0.9870086312294006,0.0,0.0,0.16066227853298187,-0.06636486311201961
773.1163262936562,-944.6798007370403,0.0,9.515123117963716,0.9867741465568542,0.0,0.0,0.16209553182125092,0.9869941473007202,0.0,0.0,0.16075098514556885,-0.4141969105225115
774.0466632003219,-947.4301059032281,0.0,9.51417031481604,0.9867507815361023,0.0,0.0,0.16223745048046112,0.9869788885116577,0.0,0.0,0.16084420680999756,-0.06631674174092483
774.977363043183,-950.1780490159705,0.0,9.512855749245285,0.9867275357246399,0.0,0.0,0.1623787134885788,0.9869627356529236,0.0,0.0,0.16094286739826202,-0.4141305183219683
775.9084025960645,-952.9234840840135,0.0,9.511130093196293,0.9867045283317566,0.0,0.0,0.16251841187477112,0.9869459271430969,0.0,0.0,0.16104541718959808,-0.06622958739501617
776.8397536933517,-955.6664212172105,0.0,9.508944018613903,0.9866819381713867,0.0,0.0,0.16265548765659332,0.9869285821914673,0.0,0.0,0.16115149855613708,-0.4140201105147769
777.771383208307,-958.4069446336443,0.0,9.506248197442964,0.9866598844528198,0.0,0.0,0.1627892702817917,0.9869107007980347,0.0,0.0,0.1612604558467865,-0.0660934348106253
778.7032530300822,-961.1451250500415,0.0,9.502993301628306,0.9866384267807007,0.0,0.0,0.1629192978143692,0.9868923425674438,0.0,0.0,0.1613723188638687,-0.41385572183726893
779.6353200394366,-963.8810188353052,0.0,9.499130003114784,0.9866176843643188,0.0,0.0,0.16304466128349304,0.9868738055229187,0.0,0.0,0.16148529946804047,-0.06589831872408375
780.5675360831775,-966.6146678967662,0.0,9.494608973847232,0.9865977764129639,0.0,0.0,0.16316503286361694,0.9868550896644592,0.0,0.0,0.16159918904304504,-0.4136273870257764
781.4998479473339,-969.3460995488017,0.0,9.489380885770496,0.9865788221359253,0.0,0.0,0.1632797122001648,0.9868362545967102,0.0,0.0,0.16171395778656006,-0.06563427387172338
782.4321973290821,-972.0753263639431,0.0,9.483396410829416,0.9865608215332031,0.0,0.0,0.16338855028152466,0.986817479133606,0.0,0.0,0.16182807087898254,-0.4133251408166309
783.3645208074462,-974.8023460066131,0.0,9.476606220968835,0.9865438342094421,0.0,0.0,0.16349120438098907,0.9867985844612122,0.0,0.0,0.16194257140159607,-0.06529133498987588
784.2967498127879,-977.5271410496624,0.0,9.468960988133594,0.9865279197692871,0.0,0.0,0.16358733177185059,0.9867799282073975,0.0,0.0,0.16205580532550812,-0.4129390179461642
785.2288105951191,-980.2496787738963,0.0,9.460411384268534,0.9865131974220276,0.0,0.0,0.16367630660533905,0.9867615103721619,0.0,0.0,0.1621675193309784,-0.06485953681487283
786.1606241912581,-982.9699109508164,0.0,9.450908081318499,0.9864996671676636,0.0,0.0,0.1637580692768097,0.9867434501647949,0.0,0.0,0.16227713227272034,-0.4124590531507079
787.0921063908636,-985.6877736088267,0.0,9.44040175122833,0.9864873290061951,0.0,0.0,0.1638326644897461,0.9867257475852966,0.0,0.0,0.1623842567205429,-0.06432891408304614
788.0231677013771,-988.4031867831897,0.0,9.428843065942873,0.9864763021469116,0.0,0.0,0.1638995110988617,0.986708402633667,0.0,0.0,0.1624893844127655,-0.4118752811665939
788.9537133119123,-991.1160542500511,0.0,9.416182697406962,0.9864665269851685,0.0,0.0,0.16395854949951172,0.9866915345191956,0.0,0.0,0.1625916063785553,-0.06368950153072739
789.8836430561291,-993.8262632448844,0.0,9.402371317565446,0.9864580631256104,0.0,0.0,0.164009690284729,0.9866752624511719,0.0,0.0,0.16269028186798096,-0.41117773673015373
790.812851374139,-996.5336841657509,0.0,9.38735959836316,0.9864509105682373,0.0,0.0,0.16405296325683594,0.9866596460342407,0.0,0.0,0.16278493404388428,-0.06293133389424826
791.7412272734833,-999.2381702617956,0.0,9.371098211744954,0.9864450693130493,0.0,0.0,0.16408848762512207,0.9866445660591125,0.0,0.0,0.16287626326084137,-0.41035645457771913
792.6686542892394,-1001.9395573074596,0.0,9.353537829655668,0.9864404797554016,0.0,0.0,0.16411596536636353,0.9866302013397217,0.0,0.0,0.1629631370306015,-0.06204444590994085
793.5950098198183,-1004.6376614469553,0.0,9.334622844086988,0.9864373207092285,0.0,0.0,0.16413523256778717,0.9866165518760681,0.0,0.0,0.16304562985897064,-0.40940115227627066
794.5201355040296,-1007.3321926799266,0.0,9.313999987174203,0.9864354133605957,0.0,0.0,0.16414661705493927,0.9866037368774414,0.0,0.0,0.16312336921691895,-0.06100288748000221
795.4437951843836,-1010.0226321236447,0.0,9.290895144649452,0.9864348769187927,0.0,0.0,0.16415026783943176,0.9865918159484863,0.0,0.0,0.16319581866264343,-0.40823424103764683
796.3656713577651,-1012.7082211966969,0.0,9.264502354942376,0.98643559217453,0.0,0.0,0.16414614021778107,0.9865806698799133,0.0,0.0,0.1632634699344635,-0.059669918302877156
797.2853647658425,-1015.387959737612,0.0,9.234015656482638,0.9864375591278076,0.0,0.0,0.16413426399230957,0.986570417881012,0.0,0.0,0.16332566738128662,-0.40669450879220553
798.202393970255,-1018.0606038741626,0.0,9.198629087699862,0.9864407777786255,0.0,0.0,0.1641148328781128,0.986561119556427,0.0,0.0,0.1633821278810501,-0.05788271785930266
799.1161949143851,-1020.7246636561439,0.0,9.157536687023713,0.9864453077316284,0.0,0.0,0.16408775746822357,0.9865527749061584,0.0,0.0,0.16343256831169128,-0.40461913502068286
800.0261204739261,-1023.3784004676561,0.0,9.109932492883816,0.9864510297775269,0.0,0.0,0.16405344009399414,0.9865454435348511,0.0,0.0,0.16347692906856537,-0.05547846563001485
800.9314399988962,-1026.0198242385823,0.0,9.055010543709832,0.9864579439163208,0.0,0.0,0.16401197016239166,0.9865391254425049,0.0,0.0,0.16351565718650818,-0.401845299203815
801.8313388502313,-1028.6466904790625,0.0,8.991964877931393,0.9864659905433655,0.0,0.0,0.16396361589431763,0.9865338206291199,0.0,0.0,0.16354815661907196,-0.05229434109575026
802.7249179345793,-1031.2564971652603,0.0,8.919989533978146,0.9864751696586609,0.0,0.0,0.1639082431793213,0.986529529094696,0.0,0.0,0.16357436776161194,-0.3982101808223379
803.6111932414592,-1033.8464815095938,0.0,8.838278550279755,0.9864856004714966,0.0,0.0,0.16384558379650116,0.9865262508392334,0.0,0.0,0.163594588637352,-0.04816752373724564
804.4890953875008,-1036.4136166537876,0.0,8.746025965265833,0.986497163772583,0.0,0.0,0.16377577185630798,0.9865239858627319,0.0,0.0,0.163608580827713,-0.3935509593569883
805.3574691730503,-1038.9546083285793,0.0,8.64242581736606,0.986510157585144,0.0,0.0,0.1636975109577179,0.9865227937698364,0.0,0.0,0.16361625492572784,-0.04293519303523696
806.2150731570268,-1041.4658915295781,0.0,8.526672145010043,0.9865247011184692,0.0,0.0,0.1636096090078354,0.9865226149559021,0.0,0.0,0.16361767053604126,-0.3877048142885025
807.0605792565091,-1043.9436272646071,0.0,8.39795898662747,0.9865411520004272,0.0,0.0,0.1635105013847351,0.986523449420929,0.0,0.0,0.16361291706562042,-0.03643452847046058
807.8925723781396,-1046.3836994337446,0.0,8.255480380647937,0.9865597486495972,0.0,0.0,0.16339780390262604,0.986525297164917,0.0,0.0,0.16360199451446533,-0.38050892509761697
808.709550089045,-1048.781711909133,0.0,8.098430365501114,0.9865810871124268,0.0,0.0,0.16326865553855896,0.9865281581878662,0.0,0.0,0.163584902882576,-0.02850270952365136
809.5099294888325,-1051.13300691089,0.0,7.9260737829788965,0.9866057634353638,0.0,0.0,0.1631191223859787,0.9865319728851318,0.0,0.0,0.16356228291988373,-0.3718040471924545
810.2923660072897,-1053.4336012407052,0.0,7.740829762917458,0.9866344332695007,0.0,0.0,0.16294492781162262,0.9865366220474243,0.0,0.0,0.16353437304496765,-0.01914695093468982
811.0561947711698,-1055.6814887009227,0.0,7.549463873248699,0.9866679310798645,0.0,0.0,0.16274116933345795,0.9865420460700989,0.0,0.0,0.16350173950195312,-0.36213910326978993
811.8014661825553,-1057.8767542561875,0.0,7.35905862390244,0.9867072105407715,0.0,0.0,0.16250169277191162,0.9865486025810242,0.0,0.0,0.16346219182014465,-0.009530524200030255
812.528949413022,-1060.0215946945216,0.0,7.1766965248086025,0.9867533445358276,0.0,0.0,0.16221976280212402,0.9865558743476868,0.0,0.0,0.1634184718132019,-0.3529288962448487
813.2401083448724,-1062.1202583676236,0.0,7.009190070842481,0.9868074059486389,0.0,0.0,0.1618879735469818,0.9865639805793762,0.0,0.0,0.1633697897195816,-0.0010706022825492933
813.9366602221169,-1064.1777515875096,0.0,6.858977344729778,0.9868708252906799,0.0,0.0,0.16149765253067017,0.986572802066803,0.0,0.0,0.16331656277179718,-0.3453423949260253
814.620215951471,-1066.1987792654277,0.0,6.724949451676611,0.9869447946548462,0.0,0.0,0.16104017198085785,0.9865824580192566,0.0,0.0,0.16325828433036804,0.005698483225186346
815.2922690722875,-1068.1877117644362,0.0,6.605895252804355,0.9870308041572571,0.0,0.0,0.16050559282302856,0.986592710018158,0.0,0.0,0.16319622099399567,-0.3393295565991436
815.9541951167514,-1070.1485822138757,0.0,6.500603609234482,0.9871304035186768,0.0,0.0,0.15988318622112274,0.9866039156913757,0.0,0.0,0.1631283164024353,0.011016243001442494
816.607248396669,-1072.0850828635391,0.0,6.407863382088377,0.9872450828552246,0.0,0.0,0.15916170179843903,0.9866170287132263,0.0,0.0,0.1630486249923706,-0.3346457067432797
817.2521904194618,-1074.000433099261,0.0,6.326463432487488,0.9873763918876648,0.0,0.0,0.15832924842834473,0.9866337776184082,0.0,0.0,0.16294659674167633,0.015127351567143954
817.8889375842227,-1075.8972541149565,0.0,6.255192621553257,0.987525463104248,0.0,0.0,0.1573764681816101,0.9866560101509094,0.0,0.0,0.1628107875585556,-0.3310461708375104
818.5172622371637,-1077.7778103425476,0.0,6.192839810407079,0.9876931309700012,0.0,0.0,0.1562945544719696,0.9866853952407837,0.0,0.0,0.16263103485107422,0.018276483443213476
819.1368723800326,-1079.6440344376347,0.0,6.13819386017041,0.9878799319267273,0.0,0.0,0.15507644414901733,0.9867232441902161,0.0,0.0,0.16239823400974274,-0.32828627436091096
819.7473986974089,-1081.4975199137969,0.0,6.09004363196465,0.9880965948104858,0.0,0.0,0.1537178009748459,0.9867709279060364,0.0,0.0,0.1621033251285553,0.02070831315057514
820.3483855153796,-1083.3395150605493,0.0,6.047177986911249,0.9883332252502441,0.0,0.0,0.15221142768859863,0.9868295192718506,0.0,0.0,0.16173897683620453,-0.3261213427925574
820.9392854249403,-1085.170918043267,0.0,6.008385786131614,0.9885900020599365,0.0,0.0,0.1505529135465622,0.9869001507759094,0.0,0.0,0.1612965613603592,0.0226675152101527
821.5194573620283,-1086.992273104968,0.0,5.972455890747184,0.9888669848442078,0.0,0.0,0.1487378180027008,0.986983597278595,0.0,0.0,0.1607699990272522,-0.32430670161152564
822.088167979035,-1088.8037678068008,0.0,5.938177161879388,0.989163875579834,0.0,0.0,0.14676275849342346,0.9870808124542236,0.0,0.0,0.16015124320983887,0.024398764142869733
822.6445961706943,-1090.6052312566744,0.0,5.904338460649643,0.9894802570343018,0.0,0.0,0.14462462067604065,0.9871978163719177,0.0,0.0,0.15943540632724762,-0.3225976762968921
823.1878406310518,-1092.3961332838387,0.0,5.869728648179383,0.9898154735565186,0.0,0.0,0.14232012629508972,0.9873308539390564,0.0,0.0,0.15861615538597107,0.0261467344696506
823.7169303182217,-1094.1755845216026,0.0,5.833136585590029,0.9901689887046814,0.0,0.0,0.1398468017578125,0.9874804615974426,0.0,0.0,0.15768784284591675,-0.32074959232773287
824.2308376902851,-1095.9423373607337,0.0,5.793351134003009,0.9905397295951843,0.0,0.0,0.13720138370990753,0.9876471757888794,0.0,0.0,0.15664544701576233,0.028156100711419274
824.7284945493541,-1097.694787732708,0.0,5.749161154539759,0.9909268021583557,0.0,0.0,0.13438178598880768,0.9878316521644592,0.0,0.0,0.15548260509967804,-0.31851777518312424
825.2088102919454,-1099.4309776748573,0.0,5.699355508321688,0.9913290143013,0.0,0.0,0.13138586282730103,0.9880335927009583,0.0,0.0,0.15419793128967285,0.030671537389099612
825.670692312917,-1101.1485986188386,0.0,5.6427230564702455,0.9917449951171875,0.0,0.0,0.12821149826049805,0.9882535338401794,0.0,0.0,0.1527857482433319,-0.3156575503421423
826.1130705781932,-1102.8450044122305,0.0,5.578082539553925,0.9921730756759644,0.0,0.0,0.12485780566930771,0.9884912967681885,0.0,0.0,0.15124353766441345,0.03393620996063096
826.5350124956811,-1104.5175852243824,0.0,5.505469486451108,0.9926117658615112,0.0,0.0,0.12132391333580017,0.9887464046478271,0.0,0.0,0.14956966042518616,-0.31199022442785856
826.935846826267,-1106.1642594278599,0.0,5.426532788919384,0.9930588006973267,0.0,0.0,0.11760922521352768,0.989018440246582,0.0,0.0,0.1477625072002411,0.037922911856172525
827.3151536304197,-1107.7835062697263,0.0,5.343032517076018,0.9935125112533569,0.0,0.0,0.11371465027332306,0.9893073439598083,0.0,0.0,0.14581933617591858,-0.30777303898122393
827.6727414319288,-1109.3743634950224,0.0,5.256728741038272,0.9939705729484558,0.0,0.0,0.10963998734951019,0.989611804485321,0.0,0.0,0.14374065399169922,0.04228168842373542
828.0086213462779,-1110.9364239047688,0.0,5.1693815309233635,0.994430661201477,0.0,0.0,0.1053861454129219,0.9899313449859619,0.0,0.0,0.14152589440345764,-0.3033615637228952
828.3229786628625,-1112.4698309778191,0.0,5.082750956848574,0.9948904514312744,0.0,0.0,0.10095421969890594,0.9902649521827698,0.0,0.0,0.1391744166612625,0.04665696994266422
828.6161423215684,-1113.975273680699,0.0,4.998597088931117,0.9953473806381226,0.0,0.0,0.09634551405906677,0.9906117916107178,0.0,0.0,0.13668590784072876,-0.2991113683735287
828.8885526498248,-1115.4539805768575,0.0,4.918679997288274,0.9957988858222961,0.0,0.0,0.09156160056591034,0.9909707307815552,0.0,0.0,0.13406091928482056,0.050693186692302716
829.1407276281166,-1116.90771332701,0.0,4.844759752037262,0.9962424635887146,0.0,0.0,0.0866030678153038,0.9913407564163208,0.0,0.0,0.13129794597625732,-0.29537802265378055
829.3732278320442,-1118.338759646196,0.0,4.778596423295346,0.9966753125190735,0.0,0.0,0.08147113025188446,0.9917206764221191,0.0,0.0,0.1283978670835495,0.05403476895199544
829.5866200590464,-1119.7499257510783,0.0,4.721950081179784,0.9970948100090027,0.0,0.0,0.07616584748029709,0.9921096563339233,0.0,0.0,0.12535886466503143,-0.2925170962843078
829.7814176376743,-1121.1443650154854,0.0,4.676032661631795,0.9974982142448425,0.0,0.0,0.07068705558776855,0.9925062656402588,0.0,0.0,0.12218088656663895,0.05635383054532825
829.9579709947393,-1122.5249164145023,0.0,4.639852877280576,0.9978826642036438,0.0,0.0,0.06503418833017349,0.9929094910621643,0.0,0.0,0.11886096745729446,-0.2906898344483876
830.1164595464052,-1123.8939410258602,0.0,4.611865950266351,0.9982455372810364,0.0,0.0,0.05920607969164848,0.9933182597160339,0.0,0.0,0.1153963953256607,0.057767311707662805
830.2569130669813,-1125.253325063034,0.0,4.5905271027270125,0.9985835552215576,0.0,0.0,0.053200170397758484,0.9937310218811035,0.0,0.0,0.11178707331418991,-0.2896121148756937
830.3792347789105,-1126.6044835173236,0.0,4.574291556800454,0.9988938570022583,0.0,0.0,0.04701622948050499,0.9941467046737671,0.0,0.0,0.10802893340587616,0.058587288774660684
830.4832262900956,-1127.9483644157006,0.0,4.561614534624553,0.999173104763031,0.0,0.0,0.04065125063061714,0.9945641160011292,0.0,0.0,0.1041177287697792,-0.28897186123044616
830.5686144947508,-1129.285453705288,0.0,4.550951258337206,0.9994180798530579,0.0,0.0,0.03410425782203674,0.9949812293052673,0.0,0.0,0.10005335509777069,0.05912583808210242
830.6350821388638,-1130.615818384721,0.0,4.540885510658666,0.999625027179718,0.0,0.0,0.027374181896448135,0.9953967332839966,0.0,0.0,0.09583274275064468,-0.2884634901355704
830.6823039441632,-1131.939387232864,0.0,4.5309443253770905,0.999790370464325,0.0,0.0,0.0204608216881752,0.9958086609840393,0.0,0.0,0.09145358949899673,0.05962791814682844
830.7099579760875,-1133.2560749124568,0.0,4.52107482232401,0.9999104738235474,0.0,0.0,0.01336345262825489,0.9962152242660522,0.0,0.0,0.0869138240814209,-0.28796503038541477
830.7177266725389,-1134.565782729169,0.0,4.511226046069441,0.9999812841415405,0.0,0.0,0.006084107793867588,0.9966144561767578,0.0,0.0,0.0822100043296814,0.06012533108897836
830.7052979016983,-1135.868398845343,0.0,4.5013470411833945,0.9999988079071045,0.0,0.0,-0.001377592794597149,0.9970043301582336,0.0,0.0,0.07734005898237228,-0.2874660907447053
830.6723660877984,-1137.1637985143568,0.0,4.491386852235872,0.9999591112136841,0.0,0.0,-0.009019131772220135,0.9973822832107544,0.0,0.0,0.07230452448129654,0.06062837093481274
830.6186334036514,-1138.4518443352715,0.0,4.4812945237968895,0.999858021736145,0.0,0.0,-0.016838619485497475,0.9977461099624634,0.0,0.0,0.06709867715835571,-0.2869563771871809
830.5438110286166,-1139.7323865273704,0.0,4.471019100436451,0.999691367149353,0.0,0.0,-0.024832993745803833,0.9980932474136353,0.0,0.0,0.061722006648778915,0.06114733171059247
830.447620470587,-1141.0052632242118,0.0,4.460509626724573,0.9994551539421082,0.0,0.0,-0.03299850970506668,0.9984209537506104,0.0,0.0,0.056172505021095276,-0.286425595686581
830.329794950419,-1142.270300786746,0.0,4.449715147231254,0.9991452693939209,0.0,0.0,-0.041331034153699875,0.9987262487411499,0.0,0.0,0.05045349895954132,0.06169250744257826
830.190080847089,-1143.5273141350253,0.0,4.438584706526511,0.9987577199935913,0.0,0.0,-0.049826204776763916,0.9990065693855286,0.0,0.0,0.04455992206931114,-0.28586345221664444
830.0282392016845,-1144.7761070980105,0.0,4.427067349180356,0.998288631439209,0.0,0.0,-0.05847807228565216,0.9992586374282837,0.0,0.0,0.038495004177093506,0.06227419215703053
829.8440472781436,-1146.0164727808874,0.0,4.415112119762788,0.9977341294288635,0.0,0.0,-0.06727993488311768,0.9994794130325317,0.0,0.0,0.0322575606405735,-0.2852596527511107
829.6373001784648,-1147.2481939493018,0.0,4.402668062843824,0.9970906376838684,0.0,0.0,-0.07622434943914413,0.9996656179428101,0.0,0.0,0.02584853023290634,0.06290267988021053
829.4078125098757,-1148.4710434298247,0.0,4.38968422299347,0.9963550567626953,0.0,0.0,-0.08530224859714508,0.9998142123222351,0.0,0.0,0.01926843449473381,-0.2846039032637191
829.1554201012192,-1149.6847845259283,0.0,4.376109644781738,0.9955245852470398,0.0,0.0,-0.0945022851228714,0.9999215006828308,0.0,0.0,0.012518423609435558,0.06358826463837883
828.8799817655675,-1150.8891714486624,0.0,4.361893372778635,0.9945967793464661,0.0,0.0,-0.10381260514259338,0.9999841451644897,0.0,0.0,0.0056016710586845875,-0.2838859097282088
828.5813811057976,-1152.083949761169,0.0,4.34698445155417,0.9935699105262756,0.0,0.0,-0.11321887373924255,0.9999986290931702,0.0,0.0,-0.0014805598184466362,0.06434124045779618
828.259528359589,-1153.2688568360866,0.0,4.331331925678356,0.9924430251121521,0.0,0.0,-0.12270476669073105,0.9999616146087646,0.0,0.0,-0.008721988648176193,-0.2830953781183192
827.9143622800085,-1154.4436223248179,0.0,4.314884839721196,0.9912157654762268,0.0,0.0,-0.1322527527809143,0.9998696446418762,0.0,0.0,-0.0161222442984581,0.06517190136472348
827.5458520475287,-1155.607968637559,0.0,4.297592238252704,0.9898890256881714,0.0,0.0,-0.14184258878231049,0.9997194409370422,0.0,0.0,-0.02367420122027397,-0.2822220144077893
827.1539992090211,-1156.761611432886,0.0,4.279403165842885,0.9884641766548157,0.0,0.0,-0.15145322680473328,0.9995074272155762,0.0,0.0,-0.03137410059571266,0.06609054138542142
826.7388396388875,-1157.9042601156789,0.0,4.260266667266473,0.9869441986083984,0.0,0.0,-0.16106131672859192,0.9992302656173706,0.0,0.0,-0.039218708872795105,-0.2812555245806978
826.3004381883976,-1159.0356366748351,0.0,4.240200677076942,0.9853329062461853,0.0,0.0,-0.17064152657985687,0.9988851547241211,0.0,0.0,-0.04719965159893036,0.06710397523337752
825.8388589482075,-1160.1555455243165,0.0,4.219486893400351,0.9836358428001404,0.0,0.0,-0.18016637861728668,0.998468816280365,0.0,0.0,-0.05531188100576401,-0.2802093738899609
825.354149609316,-1161.2638882349738,0.0,4.198470131557829,0.9818594455718994,0.0,0.0,-0.18960855901241302,0.9979784488677979,0.0,0.0,-0.06354877352714539,0.06816542785168672
824.8463311085932,-1162.360661108272,0.0,4.177495206870497,0.9800117611885071,0.0,0.0,-0.19893808662891388,0.99741131067276,0.0,0.0,-0.07190272957086563,-0.2791500342592876
824.3153869839839,-1163.4459526555363,0.0,4.156906934659479,0.9781022667884827,0.0,0.0,-0.20812372863292694,0.9967653155326843,0.0,0.0,-0.08036328107118607,0.06920523957951594
823.7612524538939,-1164.5199409870281,0.0,4.137050130245893,0.9761414527893066,0.0,0.0,-0.21713458001613617,0.9960379004478455,0.0,0.0,-0.0889274999499321,-0.2781471653495105
823.1838032286201,-1165.5828911135545,0.0,4.118269608950863,0.9741415977478027,0.0,0.0,-0.22593772411346436,0.9952275156974792,0.0,0.0,-0.09758033603429794,0.07015375075603261
822.5828963299318,-1166.6351703921223,0.0,4.100910186095515,0.9721157550811768,0.0,0.0,-0.23450085520744324,0.9943351745605469,0.0,0.0,-0.1062886118888855,-0.27727042682146263
821.9590747079503,-1167.6774954727339,0.0,4.085316677000967,0.9700776934623718,0.0,0.0,-0.24279433488845825,0.9933628439903259,0.0,0.0,-0.1150214821100235,0.0709413017204037
821.3133555379649,-1168.7108596979222,0.0,4.0718338969883465,0.9680407047271729,0.0,0.0,-0.25079280138015747,0.9923136830329895,0.0,0.0,-0.12374629080295563,-0.2765894783359767
820.6466415169626,-1169.7363290408357,0.0,4.060806661378772,0.9660175442695618,0.0,0.0,-0.2584759593009949,0.9911917448043823,0.0,0.0,-0.13243332505226135,0.07149823281179632
819.9597029667402,-1170.755037124522,0.0,4.052579785493365,0.9640207290649414,0.0,0.0,-0.26582685112953186,0.9900017380714417,0.0,0.0,-0.1410546749830246,-0.27617397955388545
819.2531762583316,-1171.7681859560796,0.0,4.047498084653253,0.9620616436004639,0.0,0.0,-0.27283143997192383,0.9887485504150391,0.0,0.0,-0.14958667755126953,0.07175488436937774
818.5275634457244,-1172.7770471115457,0.0,4.0459063741795545,0.9601515531539917,0.0,0.0,-0.279479056596756,0.9874376058578491,0.0,0.0,-0.15800881385803223,-0.27609359013602186
817.78323309034,-1173.7829633721442,0.0,4.048149469393395,0.9583009481430054,0.0,0.0,-0.28576046228408813,0.986075758934021,0.0,0.0,-0.16629661619663239,0.07164159673231504
817.0204482115638,-1174.7873170818614,0.0,4.05443579910902,0.9565189480781555,0.0,0.0,-0.2916698157787323,0.9846685528755188,0.0,0.0,-0.17443597316741943,-0.27641108153580085
816.2394803661117,-1175.7913955606568,0.0,4.064416177608489,0.9548144340515137,0.0,0.0,-0.2972022593021393,0.983223021030426,0.0,0.0,-0.1824074685573578,0.0711375372121398
815.4406545339979,-1176.7963608101086,0.0,4.077598931969099,0.9531955718994141,0.0,0.0,-0.3023544251918793,0.9817453026771545,0.0,0.0,-0.1902002990245819,-0.27707687721057916
814.6243669213854,-1177.8032541435173,0.0,4.093492389214061,0.9516695737838745,0.0,0.0,-0.30712395906448364,0.9802427291870117,0.0,0.0,-0.19779855012893677,0.07033483735128315
813.791100962205,-1178.8130001566171,0.0,4.111604876366576,0.9502429962158203,0.0,0.0,-0.311509907245636,0.9787225127220154,0.0,0.0,-0.20518858730793,-0.277991649288989
812.941441546678,-1179.8264100400925,0.0,4.1314447204498626,0.9489216208457947,0.0,0.0,-0.315512090921402,0.977191686630249,0.0,0.0,-0.21235908567905426,0.06933282502384447
812.0760874754496,-1180.8441842260002,0.0,4.1525202484871215,0.9477106928825378,0.0,0.0,-0.3191305696964264,0.9756575226783752,0.0,0.0,-0.2192995846271515,-0.27905606989693144
811.1958621132853,-1181.8669143528002,0.0,4.17433978750157,0.9466147422790527,0.0,0.0,-0.32236671447753906,0.9741271734237671,0.0,0.0,-0.2260001003742218,0.06823082810392284
810.301722196249,-1182.8950845280401,0.0,4.196411664516409,0.9456376433372498,0.0,0.0,-0.32522159814834595,0.9726074934005737,0.0,0.0,-0.23245306313037872,-0.2801708111603072
809.3947647310619,-1183.9290718638144,0.0,4.218244206554856,0.944783091545105,0.0,0.0,-0.32769590616226196,0.9711053371429443,0.0,0.0,-0.23865078389644623,0.06712817446561747
808.4762319150152,-1184.9691462579835,0.0,4.239345740640116,0.944053590297699,0.0,0.0,-0.32979175448417664,0.9696283936500549,0.0,0.0,-0.24458257853984833,-0.28123654520501723
807.5475139995293,-1186.0154693938825,0.0,4.259224593795391,0.9434512257575989,0.0,0.0,-0.33151090145111084,0.9681835174560547,0.0,0.0,-0.25024086236953735,0.0661241919830278
806.6101500203234,-1187.0680929328144,0.0,4.277389093043902,0.9429777264595032,0.0,0.0,-0.3328554034233093,0.9667776823043823,0.0,0.0,-0.255618691444397,-0.28215394415696227
805.6658151525287,-1188.1269683999135,0.0,4.293398278195232,0.9426296353340149,0.0,0.0,-0.33382561802864075,0.9654170870780945,0.0,0.0,-0.2607101798057556,0.06531564727841521
804.7162341437651,-1189.192036742362,0.0,4.307186183354059,0.9424150586128235,0.0,0.0,-0.3344269394874573,0.9641087651252747,0.0,0.0,-0.2655075788497925,-0.28285030300336766
803.7631381537934,-1190.2632675571513,0.0,4.3188549925548445,0.94233238697052,0.0,0.0,-0.33466091752052307,0.9628587365150452,0.0,0.0,-0.2700057923793793,0.06472631348039573
802.8082582972384,-1191.3406573701075,0.0,4.328507684630256,0.9423797130584717,0.0,0.0,-0.3345290422439575,0.961672306060791,0.0,0.0,-0.27420106530189514,-0.28333781270414604
801.8533197164662,-1192.424227861492,0.0,4.336247238412971,0.9425549507141113,0.0,0.0,-0.33403289318084717,0.9605569839477539,0.0,0.0,-0.2780834138393402,0.06433542692571315
800.9000360382178,-1193.5140220880658,0.0,4.342176632735652,0.9428552985191345,0.0,0.0,-0.33317482471466064,0.9595155119895935,0.0,0.0,-0.28165581822395325,-0.2836372770638773
799.9501042376871,-1194.6099083344716,0.0,4.346398846430973,0.9432780742645264,0.0,0.0,-0.33195608854293823,0.9585520625114441,0.0,0.0,-0.28491729497909546,0.06412218380978776
799.0051999301862,-1195.7114227015247,0.0,4.349016858331603,0.9438341856002808,0.0,0.0,-0.33038046956062317,0.9576700925827026,0.0,0.0,-0.28786781430244446,-0.28376949988714145
798.0669731071662,-1196.8180834589448,0.0,4.350133647270211,0.944512128829956,0.0,0.0,-0.32844477891921997,0.9568721652030945,0.0,0.0,-0.2905092239379883,0.06406578032803989
797.1370443302013,-1197.9294283637537,0.0,4.3498521920794655,0.9453104734420776,0.0,0.0,-0.3261459767818451,0.9561614990234375,0.0,0.0,-0.2928398549556732,-0.28375528497851793
796.217001393564,-1199.0450155747844,0.0,4.348275471592038,0.9462273716926575,0.0,0.0,-0.32348117232322693,0.9555397629737854,0.0,0.0,-0.29486241936683655,0.06414541267588975
795.3083964632594,-1200.164424533245,0.0,4.3455064646406,0.9472606182098389,0.0,0.0,-0.32044675946235657,0.9550103545188904,0.0,0.0,-0.29657211899757385,-0.28361543614258666
794.4127436978507,-1201.2872568075627,0.0,4.341648150057816,0.9484080076217651,0.0,0.0,-0.3170381784439087,0.9545751810073853,0.0,0.0,-0.2979699373245239,0.06434027704875758
793.5315173540832,-1202.4131369010233,0.0,4.33680350667636,0.9496667385101318,0.0,0.0,-0.3132503628730774,0.9542359113693237,0.0,0.0,-0.2990545630455017,-0.2833707571839273
792.6661503782312,-1203.5417130210112,0.0,4.3310755133289,0.9510331153869629,0.0,0.0,-0.3090793490409851,0.9539944529533386,0.0,0.0,-0.29982393980026245,0.0646295696420637
791.8180334822429,-1204.672657808897,0.0,4.324567148848107,0.9525034427642822,0.0,0.0,-0.3045197129249573,0.9538512825965881,0.0,0.0,-0.30027201771736145,-0.2830420519071196
790.988514702127,-1205.805669029873,0.0,4.317381392066647,0.9540730714797974,0.0,0.0,-0.29956740140914917,0.9538105726242065,0.0,0.0,-0.300400972366333,0.06499248665122839
790.1788994346656,-1206.940470222251,0.0,4.309621221817196,0.9557363390922546,0.0,0.0,-0.2942192256450653,0.9538723826408386,0.0,0.0,-0.30020371079444885,-0.2826501241167433
789.3904509473795,-1208.0768113059376,0.0,4.3013896169324175,0.957486629486084,0.0,0.0,-0.2884731590747833,0.9540356993675232,0.0,0.0,-0.2996750473976135,0.06540822427167173
788.624391355785,-1209.214469149974,0.0,4.292789556244985,0.9593169093132019,0.0,0.0,-0.28232768177986145,0.9543069005012512,0.0,0.0,-0.2988124489784241,-0.28221577761737804
787.8819030613096,-1210.3532480992092,0.0,4.283924018587568,0.9612184762954712,0.0,0.0,-0.27578485012054443,0.9546831846237183,0.0,0.0,-0.29760968685150146,0.06585597869881402
787.164130642816,-1211.4929804602882,0.0,4.274895982792832,0.9631819725036621,0.0,0.0,-0.26884719729423523,0.9551656246185303,0.0,0.0,-0.2960592210292816,-0.28175981621360346
786.4721831944904,-1212.6335269472897,0.0,4.265808427693452,0.965196967124939,0.0,0.0,-0.2615213990211487,0.95575350522995,0.0,0.0,-0.2941570281982422,0.06631494612807559
785.8071372506961,-1213.7747768283552,0.0,4.25676336710759,0.9672518968582153,0.0,0.0,-0.2538162171840668,0.9564481377601624,0.0,0.0,-0.29189157485961914,-0.28130299497189326
785.1700450849635,-1214.9166388977144,0.0,4.247827924826754,0.9693341255187988,0.0,0.0,-0.24574455618858337,0.9572488069534302,0.0,0.0,-0.2892560660839081,0.0667662310917542
784.5619432923925,-1216.059029848328,0.0,4.239025363915238,0.9714304804801941,0.0,0.0,-0.23732267320156097,0.9581540822982788,0.0,0.0,-0.2862436771392822,-0.28085842118848336
783.9838543502309,-1217.2018735585978,0.0,4.230376158784108,0.9735269546508789,0.0,0.0,-0.22857101261615753,0.9591642618179321,0.0,0.0,-0.2828417122364044,0.06720305963373044
783.4367877974111,-1218.3451011164148,0.0,4.22190078384442,0.9756090641021729,0.0,0.0,-0.21951445937156677,0.9602764248847961,0.0,0.0,-0.2790431082248688,-0.2804303719491052
782.92174135845,-1219.4886508444165,0.0,4.213619713507236,0.9776619076728821,0.0,0.0,-0.2101830244064331,0.9614850282669067,0.0,0.0,-0.27485018968582153,0.06762129550934581
782.4393624491033,-1220.6324894090521,0.0,4.205553422183617,0.979671061038971,0.0,0.0,-0.20061008632183075,0.9627805352210999,0.0,0.0,-0.27027785778045654,-0.28002298349841737
781.9892219066214,-1221.7766570034528,0.0,4.197722384284624,0.9816233515739441,0.0,0.0,-0.1908283233642578,0.9641522169113159,0.0,0.0,-0.26534396409988403,0.0680168024739414
781.5706878392336,-1222.9212131810825,0.0,4.190147074221318,0.9835072159767151,0.0,0.0,-0.18086875975131989,0.965589165687561,0.0,0.0,-0.26006656885147095,-0.2796403920810786
781.1831390338327,-1224.0662236924427,0.0,4.182847966404752,0.9853122234344482,0.0,0.0,-0.17076197266578674,0.9670808911323547,0.0,0.0,-0.25446367263793945,0.06838544428285881
780.8259653623021,-1225.211760544513,0.0,4.175845535245996,0.987030029296875,0.0,0.0,-0.16053545475006104,0.9686169028282166,0.0,0.0,-0.24855321645736694,-0.27928673394174747
780.498568156964,-1226.3579020602124,0.0,4.169160255156105,0.9886530637741089,0.0,0.0,-0.1502164751291275,0.970187246799469,0.0,0.0,-0.24235163629055023,0.06872308469143915
780.2003605557336,-1227.504732937912,0.0,4.16281260054614,0.9901752471923828,0.0,0.0,-0.13983094692230225,0.971781313419342,0.0,0.0,-0.23587918281555176,-0.27896614532508257
779.9307678175369,-1228.6523443110336,0.0,4.156823045827162,0.9915918111801147,0.0,0.0,-0.12940356135368347,0.973389744758606,0.0,0.0,-0.2291519045829773,0.0690255874550239
779.6892276085352,-1229.8008338077593,0.0,4.15121206541023,0.9928992986679077,0.0,0.0,-0.11895665526390076,0.9750034213066101,0.0,0.0,-0.22218568623065948,-0.27868276247574264
779.4751902596729,-1230.9503056108963,0.0,4.146000133706407,0.9940948486328125,0.0,0.0,-0.10851296782493591,0.9766128659248352,0.0,0.0,-0.21500152349472046,0.06928881632895442
779.288118996039,-1232.1008705179229,0.0,4.14120772512675,0.9951770305633545,0.0,0.0,-0.0980934202671051,0.9782097339630127,0.0,0.0,-0.20761573314666748,-0.27844072163838623
779.1274901385004,-1233.2526460012705,0.0,4.136855314082323,0.9961453080177307,0.0,0.0,-0.08771662414073944,0.9797861576080322,0.0,0.0,-0.20004455745220184,0.06950863506857194
778.9927932780354,-1234.4057562688722,0.0,4.132963374984184,0.9969999194145203,0.0,0.0,-0.07740069180727005,0.9813343286514282,0.0,0.0,-0.19230705499649048,-0.27824415905767214
778.8835314231557,-1235.5603323250295,0.0,4.129552382243393,0.9977419972419739,0.0,0.0,-0.06716302782297134,0.9828473329544067,0.0,0.0,-0.1844189316034317,0.06968090742921795
778.7992211207716,-1236.7165120316417,0.0,4.126642810271011,0.9983730912208557,0.0,0.0,-0.057018257677555084,0.9843191504478455,0.0,0.0,-0.1763949990272522,-0.2780972109782589
778.7393925508055,-1237.8744401698546,0.0,4.124255133478099,0.9988956451416016,0.0,0.0,-0.046982478350400925,0.9857432246208191,0.0,0.0,-0.16825444996356964,0.06980149716623374
778.7035895948212,-1239.0342685021687,0.0,4.122409826275717,0.9993125796318054,0.0,0.0,-0.037068914622068405,0.9871149063110352,0.0,0.0,-0.16001099348068237,-0.2780040136448053
778.6913698788823,-1240.196155835082,0.0,4.1211273630749234,0.999627411365509,0.0,0.0,-0.027289867401123047,0.9884293079376221,0.0,0.0,-0.15168088674545288,0.06986626803496068
778.7023047908028,-1241.3602680823014,0.0,4.12042821828678,0.9998438358306885,0.0,0.0,-0.017658120021224022,0.9896818399429321,0.0,0.0,-0.14328110218048096,-0.27796870330196977
778.7359794719022,-1242.52677832861,0.0,4.120332866322348,0.9999662637710571,0.0,0.0,-0.008185010403394699,0.9908695220947266,0.0,0.0,-0.13482294976711273,0.06987108379074006
778.7919927833102,-1243.6958668944312,0.0,4.120861781592687,0.9999991655349731,0.0,0.0,0.0011182916350662708,0.991989016532898,0.0,0.0,-0.12632273137569427,-0.27799541619441115
778.8699572468147,-1244.86772140117,0.0,4.122035438508856,0.9999474287033081,0.0,0.0,0.010241851210594177,0.9930379390716553,0.0,0.0,-0.11779318004846573,0.06981180818891336
778.969498960173,-1246.042536837395,0.0,4.123874311481918,0.9998160600662231,0.0,0.0,0.01917615532875061,0.9940145015716553,0.0,0.0,-0.10924635827541351,-0.278088288566788
779.090257486741,-1247.2205156259356,0.0,4.126398874922932,0.9996102452278137,0.0,0.0,0.027910973876714706,0.9949168562889099,0.0,0.0,-0.10069778561592102,0.06968430498482175
779.2318857192055,-1248.4018676919643,0.0,4.129629603242958,0.9993359446525574,0.0,0.0,0.03643690422177315,0.9957442283630371,0.0,0.0,-0.092157743871212,-0.27825145666375906
779.3940497171186,-1249.5868105321508,0.0,4.133586970853057,0.9989984035491943,0.0,0.0,0.04474495351314545,0.9964958429336548,0.0,0.0,-0.08363965898752213,0.06948443793380671
779.5764285178689,-1250.7755692849596,0.0,4.138291452164287,0.9986035823822021,0.0,0.0,0.05282701551914215,0.997171938419342,0.0,0.0,-0.07515154033899307,-0.2784890567299828
779.7787139206182,-1251.9683768021778,0.0,4.1437635215877116,0.9981575608253479,0.0,0.0,0.060673974454402924,0.9977723956108093,0.0,0.0,-0.06670570373535156,0.0692080707912095
780.0006102426659,-1253.1654737217596,0.0,4.1500236535343875,0.9976663589477539,0.0,0.0,0.06827639788389206,0.998298168182373,0.0,0.0,-0.05831041932106018,-0.27880522501011795
780.2418340475963,-1254.3671085420792,0.0,4.157092322415381,0.997136116027832,0.0,0.0,0.07562626898288727,0.9987500905990601,0.0,0.0,-0.04997571185231209,0.06885106731237145
780.5021138444661,-1255.5735376976784,0.0,4.164990002641746,0.9965731501579285,0.0,0.0,0.0827140137553215,0.9991294145584106,0.0,0.0,-0.04171288013458252,-0.27920409774882327
780.7811897571986,-1256.7850256366103,0.0,4.173737168624545,0.9959838390350342,0.0,0.0,0.08953153342008591,0.9994376301765442,0.0,0.0,-0.033526841551065445,0.06840929125263415
781.0788131632316,-1258.0018448994751,0.0,4.183354294774841,0.9953745007514954,0.0,0.0,0.09606987237930298,0.9996764659881592,0.0,0.0,-0.025428172200918198,-0.2796898111907574
781.3947073932048,-1259.2242762002472,0.0,4.19386185550369,0.9947515726089478,0.0,0.0,0.10231920331716537,0.999847948551178,0.0,0.0,-0.017431404441595078,0.06787860636733875
781.7283044466603,-1260.4526085090026,0.0,4.205280325222158,0.9941211938858032,0.0,0.0,0.10827185213565826,0.9999542832374573,0.0,0.0,-0.009553037583827972,-0.28026650158057903
782.0788997730059,-1261.6871391366565,0.0,4.217630178341296,0.9934897422790527,0.0,0.0,0.11391989886760712,0.9999982714653015,0.0,0.0,-0.0018048705533146858,0.06725487641182673
782.4457881978312,-1262.9281738218097,0.0,4.230931889272174,0.9928630590438843,0.0,0.0,0.11925776302814484,0.9999830722808838,0.0,0.0,0.005797092337161303,-0.2809383051629466
782.8282629571785,-1264.1760268198373,0.0,4.245205932425848,0.9922469854354858,0.0,0.0,0.12428000569343567,0.9999122023582458,0.0,0.0,0.013244347646832466,0.06653396514143914
783.2256138661654,-1265.4310209943178,0.0,4.260472782213377,0.9916467070579529,0.0,0.0,0.12898240983486176,0.9997893571853638,0.0,0.0,0.020523376762866974,-0.28170935818251874
783.6371253860675,-1266.6934879109435,0.0,4.276752913045825,0.9910674095153809,0.0,0.0,0.13336099684238434,0.9996183514595032,0.0,0.0,0.027624305337667465,0.0657117363115175
784.0620745848388,-1267.9637679340183,0.0,4.2940667993342485,0.990513801574707,0.0,0.0,0.13741302490234375,0.9994032979011536,0.0,0.0,0.03453858941793442,-0.2825837968839543
784.4997289857066,-1269.2422103256865,0.0,4.312434915489712,0.9899901151657104,0.0,0.0,0.14113660156726837,0.9991486072540283,0.0,0.0,0.041255366057157516,0.06478405367740317
784.949344298085,-1270.5291733480137,0.0,4.331877735923269,0.9895003437995911,0.0,0.0,0.14453096687793732,0.9988583326339722,0.0,0.0,0.0477687269449234,-0.2835657575119117
785.4101620246852,-1271.825024368061,0.0,4.35241573504599,0.9890478849411011,0.0,0.0,0.14759555459022522,0.9985371828079224,0.0,0.0,0.05406966432929039,0.06374678099443748
785.8814069382746,-1273.1301399660904,0.0,4.374069387268929,0.988635778427124,0.0,0.0,0.15033073723316193,0.998189389705658,0.0,0.0,0.06014891713857651,-0.2846593763110501
786.3622844211268,-1274.444906047044,0.0,4.396859167003143,0.9882667660713196,0.0,0.0,0.15273791551589966,0.9978194236755371,0.0,0.0,0.06600192934274673,0.06259578201796209
786.8519776597568,-1275.7697179554411,0.0,4.420805548659699,0.9879428148269653,0.0,0.0,0.15481945872306824,0.997431755065918,0.0,0.0,0.0716223493218422,-0.2858687895260277
787.3496446870781,-1277.1049805938524,0.0,4.445929006649651,0.9876655340194702,0.0,0.0,0.15657873451709747,0.9970307946205139,0.0,0.0,0.07700315117835999,0.06132692050331803
787.8544152636268,-1278.451108545092,0.0,4.472250015384068,0.9874359369277954,0.0,0.0,0.15801963210105896,0.996620774269104,0.0,0.0,0.08213844150304794,-0.2871981334015033
788.3653875890121,-1279.8085261983006,0.0,4.499789049274006,0.9872490763664246,0.0,0.0,0.15914593636989594,0.9962061643600464,0.0,0.0,0.08702166378498077,0.059936060205846436
788.881624834209,-1281.1776678790716,0.0,4.528566582730517,0.9871141314506531,0.0,0.0,0.15996518731117249,0.9957912564277649,0.0,0.0,0.09164737164974213,-0.2886515441821351
789.4021508611946,-1282.5589763272958,0.0,4.558597629511958,0.9870295524597168,0.0,0.0,0.1604837030172348,0.9953799247741699,0.0,0.0,0.09601183235645294,0.0584193406714302
789.9259300821988,-1283.9528593723403,0.0,4.589754310315202,0.9869934916496277,0.0,0.0,0.16070932149887085,0.9949763417243958,0.0,0.0,0.10010772943496704,-0.2902251139196727
790.4518463520114,-1285.3596428726912,0.0,4.621755526041476,0.9870039224624634,0.0,0.0,0.16064995527267456,0.9945843815803528,0.0,0.0,0.10392957925796509,0.05680311765495169
790.9786993456283,-1286.779567503696,0.0,4.654312648439623,0.9870585203170776,0.0,0.0,0.1603155881166458,0.9942079782485962,0.0,0.0,0.10747096687555313,-0.2918694130306902
791.5052028544181,-1288.2127877953021,0.0,4.68713704925851,0.9871546030044556,0.0,0.0,0.15971694886684418,0.9938504695892334,0.0,0.0,0.11072807759046555,0.055145319633795764
792.029984197951,-1289.6593711449802,0.0,4.719940100246984,0.9872893691062927,0.0,0.0,0.15886583924293518,0.993514895439148,0.0,0.0,0.11369949579238892,-0.2935261327775829
792.5517014391958,-1291.1192666780219,0.0,4.752433173153894,0.9874598383903503,0.0,0.0,0.1577746421098709,0.9932031035423279,0.0,0.0,0.11639122664928436,0.053504255345568075
793.0695581681728,-1292.5921717033311,0.0,4.784327639728102,0.9876723885536194,0.0,0.0,0.1564571112394333,0.9929162263870239,0.0,0.0,0.11881290376186371,-0.29513696442274495
793.5829146666806,-1294.0776318909252,0.0,4.815334871718451,0.9879166483879089,0.0,0.0,0.15492279827594757,0.9926554560661316,0.0,0.0,0.12097276747226715,0.05193823352787369
794.0910907183087,-1295.5750922667573,0.0,4.845166240873808,0.988190233707428,0.0,0.0,0.15318046510219574,0.9924212694168091,0.0,0.0,0.12287934124469757,-0.2966435992285711
794.5933687701344,-1297.0838967900486,0.0,4.873533118943015,0.9884907603263855,0.0,0.0,0.15123802423477173,0.9922146201133728,0.0,0.0,0.124537892639637,0.05050556291831784
795.088997664014,-1298.6032881322558,0.0,4.900146877674937,0.9888163805007935,0.0,0.0,0.14910270273685455,0.9920357465744019,0.0,0.0,0.12595441937446594,-0.297987728457456
795.5771968180202,-1300.1324077002798,0.0,4.924718888818418,0.9891646504402161,0.0,0.0,0.14678074419498444,0.9918848872184753,0.0,0.0,0.1271369904279709,0.0492645522545056
796.0571640642012,-1301.6703062934987,0.0,4.946993898142127,0.9895338416099548,0.0,0.0,0.1442766785621643,0.9917623996734619,0.0,0.0,0.12808974087238312,-0.2991127289283504
796.5280983382373,-1303.2160044298637,0.0,4.966908529449346,0.9899216294288635,0.0,0.0,0.1415959596633911,0.9916678667068481,0.0,0.0,0.12881949543952942,0.04825876279454505
796.9892087897172,-1304.7685147294262,0.0,4.984467845653244,0.9903261661529541,0.0,0.0,0.13874204456806183,0.9915989637374878,0.0,0.0,0.12932944297790527,-0.2999995630800624
797.4397169285138,-1306.3268431493307,0.0,4.999676994137318,0.9907455444335938,0.0,0.0,0.1357182115316391,0.9915596842765808,0.0,0.0,0.1296244114637375,0.047490623982218094
797.8788587736425,-1307.8899902185628,0.0,5.012541122285071,0.9911778569221497,0.0,0.0,0.1325274407863617,0.9915487170219421,0.0,0.0,0.12970902025699615,-0.30064926652186813
798.3058870063959,-1309.4569522944298,0.0,5.023065377479995,0.9916208982467651,0.0,0.0,0.12917183339595795,0.9915648102760315,0.0,0.0,0.12958568334579468,0.04695909594207043
798.7200731210875,-1311.0267228365283,0.0,5.031254907105595,0.992073118686676,0.0,0.0,0.1256534457206726,0.991606593132019,0.0,0.0,0.12925861775875092,-0.30106287912922164
799.1207095667125,-1312.5982936939279,0.0,5.037114858545368,0.9925323724746704,0.0,0.0,0.12197387963533401,0.9916726350784302,0.0,0.0,0.128731831908226,0.04666313879864753
799.5071118728412,-1314.1706564013318,0.0,5.040650379182812,0.992996871471405,0.0,0.0,0.11813421547412872,0.9917670488357544,0.0,0.0,0.1280079483985901,-0.3012414407775774
799.8786207530718,-1315.7428034799598,0.0,5.041866616401428,0.9934645891189575,0.0,0.0,0.11413557827472687,0.9918856024742126,0.0,0.0,0.12709027528762817,0.04660171267649521
800.2346041794038,-1317.313729738918,0.0,5.040768717584711,0.9939335584640503,0.0,0.0,0.10997811704874039,0.9920276999473572,0.0,0.0,0.125980943441391,-0.30118599134238966
800.5744594209245,-1318.882433572873,0.0,5.037361830116163,0.9944016337394714,0.0,0.0,0.10566230863332748,0.9921922087669373,0.0,0.0,0.12468235194683075,0.04677377770015917
800.8976150402648,-1320.4479182518332,0.0,5.031651101379284,0.9948669672012329,0.0,0.0,0.10118813812732697,0.9923784732818604,0.0,0.0,0.12319397926330566,-0.3008975706991129
801.203532841337,-1322.0091931989355,0.0,5.02364167875757,0.9953272938728333,0.0,0.0,0.0965554341673851,0.9925850033760071,0.0,0.0,0.1215214878320694,0.047178293994185105
801.4917097619552,-1323.5652752521303,0.0,5.013338709634522,0.9957805871963501,0.0,0.0,0.09176351875066757,0.992810845375061,0.0,0.0,0.11966477334499359,-0.30037721872320133
801.7616797050138,-1325.1151899057636,0.0,5.000747341393636,0.9962245225906372,0.0,0.0,0.08681220561265945,0.9930546283721924,0.0,0.0,0.11762667447328568,0.047814221683118774
802.0130153020222,-1326.6579725280749,0.0,4.985872721418411,0.9966567754745483,0.0,0.0,0.081700399518013,0.9933153986930847,0.0,0.0,0.11540738493204117,-0.2996259752901092
802.245329602883,-1328.1926695507268,0.0,4.968719997092352,0.9970750212669373,0.0,0.0,0.07642733305692673,0.9935912489891052,0.0,0.0,0.11300995945930481,0.048680520891505596
802.4582777589158,-1329.7183401727968,0.0,4.949296089692922,0.9974767565727234,0.0,0.0,0.07099171727895737,0.9938810467720032,0.0,0.0,0.11043447256088257,-0.2986449698658956
802.6515640669212,-1331.2341032256459,0.0,4.927756818876454,0.9978594779968262,0.0,0.0,0.0653921440243721,0.9941831827163696,0.0,0.0,0.10768307000398636,0.049768362851933284
802.8249491148875,-1332.7392171541119,0.0,4.9045172313430605,0.9982205033302307,0.0,0.0,0.05962812528014183,0.9944959878921509,0.0,0.0,0.10475707799196243,-0.297471253323805
802.9782436434318,-1334.23308731315,0.0,4.880018362872316,0.9985569715499878,0.0,0.0,0.05370122566819191,0.9948180317878723,0.0,0.0,0.10165569186210632,0.051005679441364776
803.1113006365014,-1335.715264873072,0.0,4.854701249243781,0.9988661408424377,0.0,0.0,0.04760393127799034,0.9951471090316772,0.0,0.0,0.09838312119245529,-0.2961926112213537
803.2240069373071,-1337.1854453818778,0.0,4.829006926237023,0.9991451501846313,0.0,0.0,0.041338961571455,0.9954816102981567,0.0,0.0,0.09493973851203918,0.052303372522514185
803.3162744191327,-1338.6434669986506,0.0,4.803376429631618,0.9993906021118164,0.0,0.0,0.03490470349788666,0.9958197474479675,0.0,0.0,0.09132660180330276,-0.29489814169582823
803.3880307361885,-1340.0893084115085,0.0,4.778250795207123,0.9995994567871094,0.0,0.0,0.028299877420067787,0.996159553527832,0.0,0.0,0.08754370361566544,0.053572343958094765
803.4392096740515,-1341.523086452481,0.0,4.754071058743116,0.9997682571411133,0.0,0.0,0.02152404747903347,0.9964990019798279,0.0,0.0,0.08359184861183167,-0.29367694288451474
803.4697411126052,-1342.9450534198836,0.0,4.7312782560191495,0.9998936653137207,0.0,0.0,0.014575764536857605,0.9968361854553223,0.0,0.0,0.07947146892547607,0.05472349561082032
803.4795406066854,-1344.3555941163618,0.0,4.710313422814805,0.9999720454216003,0.0,0.0,0.007454018108546734,0.9971687197685242,0.0,0.0,0.0751841813325882,-0.2926181129246993
803.4684985809464,-1345.7552226077128,0.0,4.691617594909637,0.9999997615814209,0.0,0.0,0.00015845242887735367,0.9974946975708008,0.0,0.0,0.07072904706001282,0.0556677293434045
803.4364691257771,-1347.1445787039672,0.0,4.675631808083223,0.9999729990959167,0.0,0.0,-0.007311539258807898,0.9978117942810059,0.0,0.0,0.06610637158155441,-0.2918107499536683
803.3832583720487,-1348.5244241250366,0.0,4.6627969799081015,0.9998879432678223,0.0,0.0,-0.01495574414730072,0.9981176853179932,0.0,0.0,0.06131499260663986,0.056315952988612666
803.308615520904,-1349.8955886278259,0.0,4.653384693804552,0.9997404217720032,0.0,0.0,-0.02277442440390587,0.9984101057052612,0.0,0.0,0.05635324865579605,-0.29133538196864056
803.2122359885263,-1351.258818296211,0.0,4.647159303978031,0.9995264410972595,0.0,0.0,-0.03076542168855667,0.9986864924430847,0.0,0.0,0.05122292786836624,0.05663036661621479
803.0937672929772,-1352.6147480442157,0.0,4.643790594257371,0.9992418885231018,0.0,0.0,-0.038926973938941956,0.9989444017410278,0.0,0.0,0.04592088237404823,-0.29116524511406183
802.95281478783,-1353.9639024916075,0.0,4.64294834847141,0.998882532119751,0.0,0.0,-0.047255828976631165,0.9991810917854309,0.0,0.0,0.0404452346265316,0.056672904282172476
802.7889476980524,-1355.3066970559435,0.0,4.644302350448988,0.9984447360038757,0.0,0.0,-0.05574644356966019,0.9993937611579895,0.0,0.0,0.03479678928852081,-0.2912336290523234
802.6017054795567,-1356.6434392643334,0.0,4.647522384018946,0.9979243874549866,0.0,0.0,-0.06439372152090073,0.9995796084403992,0.0,0.0,0.028973309323191643,0.05651027632409383
802.3906045235026,-1357.9743302892875,0.0,4.652278233010116,0.9973178505897522,0.0,0.0,-0.07318972796201706,0.9997355937957764,0.0,0.0,0.022973036393523216,-0.29147382344581685
802.1551452255223,-1359.299466713729,0.0,4.6582396812513425,0.9966219067573547,0.0,0.0,-0.08212500065565109,0.9998584985733032,0.0,0.0,0.016795147210359573,0.05620919307958744
801.8948194385625,-1360.6188425306507,0.0,4.665076512571458,0.9958334565162659,0.0,0.0,-0.09118884801864624,0.9999450445175171,0.0,0.0,0.010437262244522572,-0.2918191179569338
801.6091183259623,-1361.932351382919,0.0,4.672458510799307,0.9949501752853394,0.0,0.0,-0.10036812722682953,0.9999919533729553,0.0,0.0,0.0038984897546470165,0.055836364886261786
801.2975406287812,-1363.2397890484042,0.0,4.6800554597637225,0.9939702749252319,0.0,0.0,-0.10964883863925934,0.9999955892562866,0.0,0.0,-0.002821129746735096,-0.29220280224806594
800.9595995478564,-1364.5408628630146,0.0,4.687561319428928,0.9928924441337585,0.0,0.0,-0.11901431530714035,0.9999523162841797,0.0,0.0,-0.009722497314214706,0.055457281064786756
800.5948113238442,-1365.8352622466414,0.0,4.694916686352682,0.9917163848876953,0.0,0.0,-0.1284467577934265,0.9998584389686584,0.0,0.0,-0.016804605722427368,-0.29257428542603336
800.2026845700809,-1367.1226986492647,0.0,4.702206328747965,0.9904423952102661,0.0,0.0,-0.13792645931243896,0.9997100234031677,0.0,0.0,-0.02406778186559677,0.05508911730744928
799.782717755425,-1368.402905269596,0.0,4.709516827298323,0.9890722036361694,0.0,0.0,-0.14743126928806305,0.9995032548904419,0.0,0.0,-0.03150950372219086,-0.29294350252453627
799.3343966882433,-1369.675636198529,0.0,4.716934762687293,0.9876080751419067,0.0,0.0,-0.15693935751914978,0.9992341995239258,0.0,0.0,-0.03912607580423355,0.05471447410598612
798.857311893519,-1370.940709770029,0.0,4.724546715598418,0.9860536456108093,0.0,0.0,-0.16642625629901886,0.9988996982574463,0.0,0.0,-0.04689737781882286,-0.2933279445907547
798.3516412402427,-1372.1981866398728,0.0,4.732439266715241,0.9844130277633667,0.0,0.0,-0.1758708357810974,0.998496949672699,0.0,0.0,-0.05480695143342018,0.05431586041321723
797.8177389806875,-1373.4482181632195,0.0,4.740698996721297,0.9826907515525818,0.0,0.0,-0.18525271117687225,0.9980238676071167,0.0,0.0,-0.06283580511808395,-0.2937451026718686
797.2559458344308,-1374.6909762970727,0.0,4.749412486300131,0.9808917045593262,0.0,0.0,-0.1945539265871048,0.997478723526001,0.0,0.0,-0.0709652453660965,0.05387578518196298
796.6665869416206,-1375.9266527877276,0.0,4.758666316135284,0.9790210723876953,0.0,0.0,-0.20375873148441315,0.996860146522522,0.0,0.0,-0.07918114960193634,-0.2942124678150581
796.0499700189614,-1377.1554584062033,0.0,4.768547066910298,0.977084219455719,0.0,0.0,-0.21285280585289001,0.9961673617362976,0.0,0.0,-0.08746784925460815,0.053376757365043104
795.4063836535237,-1378.377622207304,0.0,4.779141319308713,0.9750867486000061,0.0,0.0,-0.22182323038578033,0.9953999519348145,0.0,0.0,-0.09580608457326889,-0.29474753106750334
794.7360957349634,-1379.5933908120674,0.0,4.790535654014066,0.9730343222618103,0.0,0.0,-0.23065927624702454,0.9945580959320068,0.0,0.0,-0.10418219119310379,0.052801285915277774
794.0393520268574,-1380.8030277132934,0.0,4.802816651709904,0.9709329009056091,0.0,0.0,-0.23935091495513916,0.9936420917510986,0.0,0.0,-0.11258403956890106,-0.29536778347638404
793.3163748780086,-1382.0068126038682,0.0,4.816070893079763,0.9687879681587219,0.0,0.0,-0.2478899210691452,0.992652952671051,0.0,0.0,-0.12099559605121613,0.052131879785486945
792.5673620748163,-1383.2050407275706,0.0,4.8303849588071905,0.9666053056716919,0.0,0.0,-0.25626903772354126,0.9915913939476013,0.0,0.0,-0.12940755486488342,-0.2960907160888804
791.7924858360998,-1384.3980222520456,0.0,4.84584542957572,0.9643905758857727,0.0,0.0,-0.2644813060760498,0.9904595613479614,0.0,0.0,-0.1378035545349121,0.05135104792849052
790.9918919521145,-1385.5860816636718,0.0,4.862538886068897,0.9621493816375732,0.0,0.0,-0.2725219130516052,0.9892585277557373,0.0,0.0,-0.14617642760276794,-0.29693381995217216
790.165699069931,-1386.7695571840607,0.0,4.880551908970262,0.9598873257637024,0.0,0.0,-0.280385822057724,0.98799067735672,0.0,0.0,-0.15451325476169586,0.050441299297108416
789.3139981278416,-1387.9488002079822,0.0,4.899971078963354,0.9576094150543213,0.0,0.0,-0.28806978464126587,0.9866581559181213,0.0,0.0,-0.16280528903007507,-0.2979145861134394
788.4368519420209,-1389.124174762563,0.0,4.920882976731717,0.9553208947181702,0.0,0.0,-0.2955703139305115,0.9852636456489563,0.0,0.0,-0.1710420697927475,0.04938514284416079
787.5342949493152,-1390.2960569876745,0.0,4.943374182958887,0.9530268907546997,0.0,0.0,-0.3028853237628937,0.9838095307350159,0.0,0.0,-0.1792163848876953,-0.29905050561986213
786.6063331107397,-1391.4648346375307,0.0,4.967531278328414,0.9507322311401367,0.0,0.0,-0.31001290678977966,0.9822993278503418,0.0,0.0,-0.18731732666492462,0.04816508752246751
785.6529439810707,-1392.630906603596,0.0,4.9934408435238264,0.9484416246414185,0.0,0.0,-0.3169516324996948,0.9807350635528564,0.0,0.0,-0.19534215331077576,-0.30035906951862035
784.6740769507917,-1393.7946824590404,0.0,5.021189459228677,0.9461594223976135,0.0,0.0,-0.3237004280090332,0.9791205525398254,0.0,0.0,-0.20328018069267273,0.046763642284848805
783.6696536676209,-1394.956582025107,0.0,5.0508637061265045,0.9438901543617249,0.0,0.0,-0.33025896549224854,0.9774589538574219,0.0,0.0,-0.211125448346138,-0.30185776885689447
782.6395686459049,-1396.1170349599136,0.0,5.082550164900838,0.9416375160217285,0.0,0.0,-0.33662793040275574,0.9757531881332397,0.0,0.0,-0.21887357532978058,0.04516331608412488
781.5836956492799,-1397.2764743235075,0.0,5.116308632899431,0.939405620098114,0.0,0.0,-0.3428068161010742,0.9740070104598999,0.0,0.0,-0.22651764750480652,-0.30356274198813654
780.5019441841265,-1398.4352782247618,0.0,5.151939121067723,0.9371981024742126,0.0,0.0,-0.3487967848777771,0.972223162651062,0.0,0.0,-0.23405587673187256,0.043363796479665706
779.3942970318606,-1399.5937394034836,0.0,5.18909566260605,0.9350185394287109,0.0,0.0,-0.35459819436073303,0.9704051613807678,0.0,0.0,-0.24148273468017578,-0.30543933499512277
778.2608189051374,-1400.752068097632,0.0,5.227430667779321,0.9328703880310059,0.0,0.0,-0.36021173000335693,0.9685573577880859,0.0,0.0,-0.24879075586795807,0.04142768510727829
777.1016642745974,-1401.9103952190062,0.0,5.266596546852454,0.9307565093040466,0.0,0.0,-0.36563920974731445,0.966681957244873,0.0,0.0,-0.25598084926605225,-0.30741740969578607
775.9170846690738,-1403.0687754638063,0.0,5.306245710090378,0.9286803007125854,0.0,0.0,-0.37088093161582947,0.9647833704948425,0.0,0.0,-0.263045996427536,0.039425202115463964
774.7074354205257,-1404.2271903544906,0.0,5.346030567758001,0.926644504070282,0.0,0.0,-0.3759385645389557,0.9628644585609436,0.0,0.0,-0.26998525857925415,-0.3094267459416256
773.4731818201338,-1405.3855512075631,0.0,5.385603530120259,0.9246519804000854,0.0,0.0,-0.3808131814002991,0.9609295725822449,0.0,0.0,-0.27679312229156494,0.03742656765272362
772.2149046480891,-1406.5437020203876,0.0,5.424617007442055,0.9227051138877869,0.0,0.0,-0.3855063021183014,0.9589808583259583,0.0,0.0,-0.2834707498550415,-0.3113971235841405
770.9333050367416,-1407.701422268723,0.0,5.462723409988326,0.9208065867424011,0.0,0.0,-0.39001908898353577,0.9570232629776001,0.0,0.0,-0.2900112569332123,0.03550200186755842
769.6292086249432,-1408.858429605519,0.0,5.4995751480239825,0.9189586639404297,0.0,0.0,-0.39435356855392456,0.9550597071647644,0.0,0.0,-0.2964136004447937,-0.3132583224748302
768.3035683775395,-1410.014382954772,0.0,5.534827054950849,0.9171631336212158,0.0,0.0,-0.39851170778274536,0.9530929327011108,0.0,0.0,-0.3026782274246216,0.03372160252781764
766.957419418057,-1411.1689255876986,0.0,5.568330606586879,0.9154219627380371,0.0,0.0,-0.4024953246116638,0.951127290725708,0.0,0.0,-0.3087993562221527,-0.31495042104230647
765.5917958795571,-1412.3217554456003,0.0,5.600275894900647,0.9137362837791443,0.0,0.0,-0.40630751848220825,0.9491662383079529,0.0,0.0,-0.31477564573287964,0.03210820412813237
764.2077187994071,-1413.4726302867653,0.0,5.6308864862407955,0.9121076464653015,0.0,0.0,-0.40995079278945923,0.9472124576568604,0.0,0.0,-0.3206070065498352,-0.3164964105039301
762.8061923133466,-1414.6213658181143,0.0,5.660385946955951,0.9105367064476013,0.0,0.0,-0.41342803835868835,0.945269763469696,0.0,0.0,-0.3262903094291687,0.03061833237484174
761.3882002800366,-1415.7678338871538,0.0,5.688997843394763,0.9090242981910706,0.0,0.0,-0.41674283146858215,0.9433413743972778,0.0,0.0,-0.33182433247566223,-0.31794145577861765
759.9547033610473,-1416.9119607407415,0.0,5.71694574190586,0.9075707197189331,0.0,0.0,-0.4198988676071167,0.941430926322937,0.0,0.0,-0.3372062146663666,0.02920682234902877
758.5066365791349,-1418.0537253564412,0.0,5.744453208837873,0.9061763286590576,0.0,0.0,-0.42289984226226807,0.9395403861999512,0.0,0.0,-0.34243807196617126,-0.319330721785285
757.0449073759914,-1419.193157851548,0.0,5.771743810539453,0.904840350151062,0.0,0.0,-0.42575082182884216,0.9376737475395203,0.0,0.0,-0.34751683473587036,0.027828509131777257
755.5703941893967,-1420.3303379743168,0.0,5.79904111335922,0.9035623073577881,0.0,0.0,-0.42845645546913147,0.9358344078063965,0.0,0.0,-0.35243988037109375,-0.32070937344284894
754.0839455791896,-1421.4653936735806,0.0,5.826568643290144,0.9023412466049194,0.0,0.0,-0.4310220181941986,0.9340246915817261,0.0,0.0,-0.35720834136009216,0.02643822984233668
752.5863937361673,-1422.598489342839,0.0,5.854495896536245,0.901175856590271,0.0,0.0,-0.43345317244529724,0.9322473406791687,0.0,0.0,-0.36182135343551636,-0.32211984077851064
751.078596064101,-1423.7297941065212,0.0,5.882831674752986,0.9000645279884338,0.0,0.0,-0.435756117105484,0.9305062294006348,0.0,0.0,-0.36627569794654846,0.02500712993240023
749.5614438343946,-1424.859476279221,0.0,5.911555040244267,0.8990049362182617,0.0,0.0,-0.43793797492980957,0.928802490234375,0.0,0.0,-0.37057483196258545,-0.3235705158033228
748.035863096367,-1425.9877036711875,0.0,5.940645055313961,0.8979948163032532,0.0,0.0,-0.44000542163848877,0.9271382093429565,0.0,0.0,-0.37471914291381836,0.023537937252112617
746.5025899615309,-1427.114643556247,0.0,5.970080782265968,0.8970316648483276,0.0,0.0,-0.4419657588005066,0.9255132079124451,0.0,0.0,-0.3787147104740143,-0.3250571686796867
744.9617125731216,-1428.2404622905885,0.0,5.999841283404162,0.8961130380630493,0.0,0.0,-0.4438256025314331,0.9239275455474854,0.0,0.0,-0.3825669586658478,0.022034881639072468
743.4132029423565,-1429.365326385372,0.0,6.029905621032439,0.895236611366272,0.0,0.0,-0.4455908238887787,0.9223808646202087,0.0,0.0,-0.3862813115119934,-0.3265755695700037
741.8570399644321,-1430.489402970973,0.0,6.060252857454682,0.8944003582000732,0.0,0.0,-0.4472668468952179,0.9208725690841675,0.0,0.0,-0.38986334204673767,0.02050219293087835
740.2932094589333,-1431.6128600739821,0.0,6.090862054974772,0.8936029672622681,0.0,0.0,-0.44885799288749695,0.9194019436836243,0.0,0.0,-0.3933188021183014,-0.3281214886366749
738.7217042083839,-1432.7358668879492,0.0,6.121712275896606,0.8928428888320923,0.0,0.0,-0.45036786794662476,0.9179702401161194,0.0,0.0,-0.3966487944126129,0.018944100965129163
737.142523994844,-1433.8585940375692,0.0,6.1527825825240585,0.8921189308166504,0.0,0.0,-0.4518001973628998,0.91657555103302,0.0,0.0,-0.39986103773117065,-0.32969069604210177
735.5556756344804,-1434.9812138359848,0.0,6.184052037161029,0.891430139541626,0.0,0.0,-0.45315784215927124,0.9152175188064575,0.0,0.0,-0.4029597342014313,0.017364835579423532
733.9611730100216,-1436.103900534875,0.0,6.215499702111388,0.8907755017280579,0.0,0.0,-0.4544433653354645,0.9138960242271423,0.0,0.0,-0.4059476852416992,-0.33127896194868556
732.3590371010081,-1437.2268305669752,0.0,6.2471046396790415,0.8901469707489014,0.0,0.0,-0.4556547999382019,0.9126118421554565,0.0,0.0,-0.40882641077041626,0.015768626611360248
730.749296011744,-1438.3501827806701,0.0,6.2788459121678635,0.8895527720451355,0.0,0.0,-0.456799179315567,0.9113632440567017,0.0,0.0,-0.4116024672985077,-0.3328820565188281
729.1319849968654,-1439.4741386662893,0.0,6.310702581881736,0.8889922499656677,0.0,0.0,-0.45787787437438965,0.9101513624191284,0.0,0.0,-0.4142754375934601,0.014159703898538434
727.5071464844202,-1440.5988825737104,0.0,6.342653711124557,0.8884647488594055,0.0,0.0,-0.45889216661453247,0.9089744687080383,0.0,0.0,-0.4168514609336853,-0.3344957499149302
725.8748300963717,-1441.7246019208842,0.0,6.374678362200204,0.8879699110984802,0.0,0.0,-0.4598429203033447,0.9078324437141418,0.0,0.0,-0.41933268308639526,0.012542297278556214
724.2350926664202,-1442.8514873928693,0.0,6.406755597412571,0.8875072002410889,0.0,0.0,-0.46073123812675476,0.9067260026931763,0.0,0.0,-0.42171984910964966,-0.33611581229939314
722.5879982550491,-1443.9797331309667,0.0,6.438864479065541,0.8870767951011658,0.0,0.0,-0.4615571200847626,0.9056548476219177,0.0,0.0,-0.4240153133869171,0.010920636589012267
720.9336181616877,-1445.1095369115208,0.0,6.470984069462996,0.8866783380508423,0.0,0.0,-0.46232137084007263,0.9046177864074707,0.0,0.0,-0.4262232482433319,-0.3377380138346181
719.2720309338945,-1446.241100313974,0.0,6.503093430908831,0.8863115906715393,0.0,0.0,-0.46302440762519836,0.9036156535148621,0.0,0.0,-0.42834383249282837,0.00929895166750544
717.6033223734537,-1447.3746288777145,0.0,6.535171625706923,0.8859767317771912,0.0,0.0,-0.46366623044013977,0.9026477336883545,0.0,0.0,-0.43037983775138855,-0.3393581246830066
715.9275855392829,-1448.510332247294,0.0,6.567197716161168,0.8856735825538635,0.0,0.0,-0.46424707770347595,0.9017140865325928,0.0,0.0,-0.43233245611190796,0.007681472351634466
714.24492074705,-1449.648424305552,0.0,6.599150764575443,0.8854024410247803,0.0,0.0,-0.4647667109966278,0.9008148908615112,0.0,0.0,-0.4342029094696045,-0.34097191500695984
712.5554355653853,-1450.7891232942054,0.0,6.631009833253644,0.8851634860038757,0.0,0.0,-0.4652249217033386,0.8999505043029785,0.0,0.0,-0.43599197268486023,0.0060724284789980265
710.8592448085982,-1451.9326519214396,0.0,6.662753984499654,0.8849567174911499,0.0,0.0,-0.4656216502189636,0.899120032787323,0.0,0.0,-0.4377017915248871,-0.3425751549688795
709.1564705257812,-1453.0792374560417,0.0,6.694362280617351,0.8847825527191162,0.0,0.0,-0.46595627069473267,0.8983244299888611,0.0,0.0,-0.43933242559432983,0.004476049887195188
707.4472419862063,-1454.2291118076303,0.0,6.7258137839106364,0.8846411108970642,0.0,0.0,-0.46622854471206665,0.8975626826286316,0.0,0.0,-0.44088634848594666,-0.3441636147311667
705.7316956609038,-1455.3825115924997,0.0,6.757087556683381,0.8845325708389282,0.0,0.0,-0.46643826365470886,0.8968351483345032,0.0,0.0,-0.4423641860485077,0.002896566413824242
704.0099752003242,-1456.5396781846434,0.0,6.788162661239485,0.8844574093818665,0.0,0.0,-0.4665845036506653,0.8961428999900818,0.0,0.0,-0.4437647759914398,-0.3457330644562225
702.2822314079823,-1457.7008577514764,0.0,6.819018159882824,0.8844156265258789,0.0,0.0,-0.46666717529296875,0.8954854607582092,0.0,0.0,-0.4450899660587311,0.0013382078964838673
700.5486222099784,-1458.866301273823,0.0,6.849633114917294,0.8844075798988342,0.0,0.0,-0.46668562293052673,0.894862174987793,0.0,0.0,-0.44634178280830383,-0.3472792743064482
698.8093126203072,-1460.0362645497023,0.0,6.879986588646779,0.8844337463378906,0.0,0.0,-0.46663898229599,0.8942736983299255,0.0,0.0,-0.44751977920532227,-0.00019479582722747857
697.0644747018442,-1461.2110081814744,0.0,6.910057643375155,0.8844943642616272,0.0,0.0,-0.4665265679359436,0.8937193751335144,0.0,0.0,-0.4486255943775177,-0.34879801444424496
695.3142875229307,-1462.3907975459056,0.0,6.9398253414063245,0.8845896124839783,0.0,0.0,-0.46634790301322937,0.8932015299797058,0.0,0.0,-0.4496559798717499,-0.0016982149197108387
693.55893710945,-1463.5759027467182,0.0,6.969268745044158,0.8847196102142334,0.0,0.0,-0.4661026895046234,0.8927178382873535,0.0,0.0,-0.4506155550479889,-0.35028505503201435
691.7986163923143,-1464.766598549199,0.0,6.998366916592558,0.8848847150802612,0.0,0.0,-0.4657900333404541,0.892269492149353,0.0,0.0,-0.45150279998779297,-0.0031678195433673673
690.0335251502748,-1465.9631642964582,0.0,7.027098918355402,0.8850851058959961,0.0,0.0,-0.46540921926498413,0.8918567299842834,0.0,0.0,-0.4523176848888397,-0.351736166232158
688.2638699479679,-1467.1658838069186,0.0,7.055443812636572,0.8853209614753723,0.0,0.0,-0.4649598002433777,0.8914799690246582,0.0,0.0,-0.4530599117279053,-0.004599379860598163
686.4898640691176,-1468.3750452526633,0.0,7.083380661739963,0.8855927586555481,0.0,0.0,-0.46444064378738403,0.8911392092704773,0.0,0.0,-0.4537298381328583,-0.3531471182070767
684.7117274448206,-1469.5909410182408,0.0,7.110888527969456,0.8859001994132996,0.0,0.0,-0.46385180950164795,0.8908304572105408,0.0,0.0,-0.4543262720108032,-0.005988666033804824
682.929686576839,-1470.8138675395753,0.0,7.137946473628944,0.886243462562561,0.0,0.0,-0.4631927013397217,0.8905592560768127,0.0,0.0,-0.4548507630825043,-0.35451368111917214
681.1439744558343,-1472.0441251226207,0.0,7.164533561022303,0.8866223096847534,0.0,0.0,-0.46246322989463806,0.8903256058692932,0.0,0.0,-0.4553034007549286,-0.007331448225388559
679.354830474475,-1473.282017741436,0.0,7.190628852453432,0.8870363831520081,0.0,0.0,-0.4616636335849762,0.8901293277740479,0.0,0.0,-0.45568421483039856,-0.3558316251308454
677.5625003353656,-1474.5278528153535,0.0,7.216211410226209,0.8874850869178772,0.0,0.0,-0.46079474687576294,0.8899708390235901,0.0,0.0,-0.45599234104156494,-0.008623496597751024
675.7672359537358,-1475.78194096495,0.0,7.24126029664452,0.8879672288894653,0.0,0.0,-0.4598582684993744,0.8898492455482483,0.0,0.0,-0.4562292993068695,-0.35709672040449747
673.9692953548486,-1477.044595746539,0.0,7.265754574012258,0.8884817957878113,0.0,0.0,-0.45885562896728516,0.8897656202316284,0.0,0.0,-0.4563928544521332,-0.009860581313293315
672.1689425660803,-1478.31613336493,0.0,7.2896733046332995,0.8890272974967957,0.0,0.0,-0.4577893316745758,0.8897188901901245,0.0,0.0,-0.45648491382598877,-0.35830473710252986
670.366447503636,-1479.596872364226,0.0,7.31299555081154,0.8896101713180542,0.0,0.0,-0.45666784048080444,0.8897089958190918,0.0,0.0,-0.45650535821914673,-0.011038472534416643
668.5620858538763,-1480.887133296438,0.0,7.335700374850863,0.8902194499969482,0.0,0.0,-0.45548900961875916,0.889737606048584,0.0,0.0,-0.4564507007598877,-0.35945144538734414
666.7561389492232,-1482.1872383677478,0.0,7.357766839055155,0.8908520936965942,0.0,0.0,-0.4542583227157593,0.8898029327392578,0.0,0.0,-0.45632404088974,-0.012152940423522274
664.9488936386355,-1483.4975110622522,0.0,7.379174005728302,0.8915055394172668,0.0,0.0,-0.45298120379447937,0.8899061679840088,0.0,0.0,-0.45612263679504395,-0.36053261542134146
663.1406421526397,-1484.818275743065,0.0,7.399900937174188,0.8921763300895691,0.0,0.0,-0.45166417956352234,0.8900468945503235,0.0,0.0,-0.45584696531295776,-0.013199755143011416
661.3316819629215,-1486.1498572306682,0.0,7.419926695696705,0.892860472202301,0.0,0.0,-0.4503144919872284,0.8902243971824646,0.0,0.0,-0.4554980397224426,-0.36154401736692315
659.5223156364755,-1487.492580358456,0.0,7.439230343599734,0.8935542106628418,0.0,0.0,-0.4489399194717407,0.8904392123222351,0.0,0.0,-0.45507439970970154,-0.014174686855285612
657.7128506775902,-1488.8467695104928,0.0,7.457790971014465,0.8942527770996094,0.0,0.0,-0.4475495517253876,0.8906906247138977,0.0,0.0,-0.4545769989490509,-0.3624814227919096
655.9035968536472,-1490.2127500408728,0.0,7.475598083760729,0.8949514627456665,0.0,0.0,-0.4461531937122345,0.890978991985321,0.0,0.0,-0.4540044963359833,-0.015074035983884793
654.094859800478,-1491.5908526209796,0.0,7.492667175739321,0.8956447839736938,0.0,0.0,-0.4447614848613739,0.891309380531311,0.0,0.0,-0.45335930585861206,-0.3633434981443637
652.2869400148901,-1492.9814136849586,0.0,7.509017727011226,0.8963273167610168,0.0,0.0,-0.443386048078537,0.8916751146316528,0.0,0.0,-0.4526430666446686,-0.015899821401657854
650.4800966548123,-1494.384700151304,0.0,7.5246692176374195,0.8969928622245789,0.0,0.0,-0.4420393109321594,0.8920716047286987,0.0,0.0,-0.4518643021583557,-0.3641339774689189
648.6742729099585,-1495.8003395839553,0.0,7.539641127678886,0.8976357579231262,0.0,0.0,-0.44073331356048584,0.8924937844276428,0.0,0.0,-0.45103272795677185,-0.016655978474459154
646.869244767722,-1497.2276285932257,0.0,7.553952937196595,0.8982430100440979,0.0,0.0,-0.43947485089302063,0.8929362297058105,0.0,0.0,-0.45015856623649597,-0.36485679613142946
645.064776247866,-1498.665854660712,0.0,7.567624126251531,0.8988196849822998,0.0,0.0,-0.4382784366607666,0.8933944702148438,0.0,0.0,-0.44925081729888916,-0.017346442568142828
643.2606210044929,-1500.1142992953944,0.0,7.580674174904675,0.8993620872497559,0.0,0.0,-0.4371521472930908,0.8938636183738708,0.0,0.0,-0.44831880927085876,-0.3655158894977498
641.456522687559,-1501.5722386231287,0.0,7.593122563217,0.89986652135849,0.0,0.0,-0.4361039698123932,0.8943393230438232,0.0,0.0,-0.4473709464073181,-0.017975149048563288
639.6522152922748,-1503.038943957616,0.0,7.604988771249486,0.9003298282623291,0.0,0.0,-0.435140997171402,0.894817054271698,0.0,0.0,-0.4464165270328522,-0.36611519293373396
637.8474234960034,-1504.5136823522487,0.0,7.616292279063111,0.9007494449615479,0.0,0.0,-0.4342687726020813,0.8952934145927429,0.0,0.0,-0.44546204805374146,-0.018546033281574614
636.0418629822941,-1505.9957171322294,0.0,7.6270525667188585,0.9011228680610657,0.0,0.0,-0.4334926903247833,0.8957647085189819,0.0,0.0,-0.4445149600505829,-0.36665864180523644
634.2352407517105,-1507.4843084064398,0.0,7.6372891142777,0.9014477729797363,0.0,0.0,-0.43281781673431396,0.8962273597717285,0.0,0.0,-0.4435828626155853,-0.01906303063303122
632.427256622126,-1508.9787125628486,0.0,7.6470163127288915,0.9017225503921509,0.0,0.0,-0.4322478473186493,0.8966777920722961,0.0,0.0,-0.44267284870147705,-0.36714991445428646
630.6176605216274,-1510.4781354426177,0.0,7.656007339102773,0.9019456505775452,0.0,0.0,-0.43178609013557434,0.897113561630249,0.0,0.0,-0.4417899549007416,-0.019517122874136428
628.8063333913575,-1511.9816654716783,0.0,7.66369433006164,0.9021157026290894,0.0,0.0,-0.4314354658126831,0.8975315093994141,0.0,0.0,-0.44094118475914,-0.3675381463208959
626.9932938979933,-1513.4882686191108,0.0,7.669483614239761,0.9022316932678223,0.0,0.0,-0.43119800090789795,0.8979288339614868,0.0,0.0,-0.4401323199272156,-0.019809510963940513
625.1786995428419,-1514.9967891596893,0.0,7.6727815202714025,0.9022924900054932,0.0,0.0,-0.4310758709907532,0.8983029127120972,0.0,0.0,-0.43936920166015625,-0.3677047072315848
623.3628482755507,-1516.5059512208295,0.0,7.672994376790823,0.9022977352142334,0.0,0.0,-0.4310697019100189,0.8986512422561646,0.0,0.0,-0.43865707516670227,-0.01982026129320419
621.5461806106537,-1518.0143611133722,0.0,7.669528512432294,0.9022465348243713,0.0,0.0,-0.43118104338645935,0.8989714980125427,0.0,0.0,-0.43800088763237,-0.36752966357711364
619.7292822416133,-1519.5205104405875,0.0,7.66179025583008,0.9021385312080383,0.0,0.0,-0.43141013383865356,0.8992581367492676,0.0,0.0,-0.4374028742313385,-0.019429440252688335
617.912887142672,-1521.022779973538,0.0,7.649185935618444,0.9019733667373657,0.0,0.0,-0.43175727128982544,0.8995131254196167,0.0,0.0,-0.43687140941619873,-0.36689308174824314
616.0978811436318,-1522.519444273433,0.0,7.631121880431659,0.9017510414123535,0.0,0.0,-0.43222206830978394,0.8997358083724976,0.0,0.0,-0.43640798330307007,-0.018517114233153775
614.2853059567826,-1524.008677032894,0.0,7.607004418903978,0.9014714360237122,0.0,0.0,-0.43280383944511414,0.8999233245849609,0.0,0.0,-0.4360184669494629,-0.365675028135734
612.476363628504,-1525.4885570982087,0.0,7.576239879669683,0.9011346101760864,0.0,0.0,-0.4335020184516907,0.9000742435455322,0.0,0.0,-0.43570566177368164,-0.016963349625361113
610.6724213806997,-1526.9570751236863,0.0,7.538234591363021,0.9007405042648315,0.0,0.0,-0.4343155324459076,0.9001878499984741,0.0,0.0,-0.4354709982872009,-0.36375556913034696
608.8750167991772,-1528.4121407972593,0.0,7.492394882618268,0.9002895951271057,0.0,0.0,-0.4352426528930664,0.900262176990509,0.0,0.0,-0.4353182315826416,-0.014648212820070616
607.0858633174752,-1529.8515905636032,0.0,7.438127082069695,0.8997819423675537,0.0,0.0,-0.4362821578979492,0.9002955555915833,0.0,0.0,-0.43525055050849915,-0.36101477112284325
605.3068559354859,-1531.2731957573176,0.0,7.374837518351553,0.89922696352005,0.0,0.0,-0.437436044216156,0.900287389755249,0.0,0.0,-0.4352687895298004,-0.011451770208043222
603.5400459676229,-1532.6746956463023,0.0,7.3020609953264355,0.8986163139343262,0.0,0.0,-0.43869802355766296,0.9002362489700317,0.0,0.0,-0.43537554144859314,-0.35733918915187773
601.7873972507826,-1534.054000806103,0.0,7.220357436853261,0.8979509472846985,0.0,0.0,-0.44006532430648804,0.9001423716545105,0.0,0.0,-0.4355698823928833,-0.007325327860913222
600.0506674888679,-1535.4092889994588,0.0,7.1307775772727755,0.8972316384315491,0.0,0.0,-0.44153568148612976,0.9000051617622375,0.0,0.0,-0.4358524978160858,-0.35281495381952993
598.3314057368505,-1536.7390048903942,0.0,7.034375223130139,0.8964592814445496,0.0,0.0,-0.44310635328292847,0.8998233675956726,0.0,0.0,-0.4362252950668335,-0.0024565220961336176
596.6309496895805,-1538.041851022449,0.0,6.932204180970552,0.8956344723701477,0.0,0.0,-0.44477489590644836,0.8995965719223022,0.0,0.0,-0.4366883933544159,-0.34765480017510636
594.9504221178978,-1539.3167540438708,0.0,6.825318257339232,0.8947584629058838,0.0,0.0,-0.4465375542640686,0.8993250131607056,0.0,0.0,-0.4372408390045166,0.0029417568751451406
593.2907265415765,-1540.5628876011074,0.0,6.714771258781323,0.8938320875167847,0.0,0.0,-0.4483914375305176,0.8990139961242676,0.0,0.0,-0.43788397312164307,-0.3420716184297574
591.6525422325676,-1541.7796804611762,0.0,6.601616991842058,0.892856240272522,0.0,0.0,-0.45033350586891174,0.8986583948135376,0.0,0.0,-0.4386167824268341,0.00865661884177471
590.0363186430404,-1542.9668093539287,0.0,6.486909263066589,0.8918319344520569,0.0,0.0,-0.4523603320121765,0.8982584476470947,0.0,0.0,-0.43943825364112854,-0.3362782987946327
588.4422693510082,-1544.1241908444733,0.0,6.371701879000122,0.8907607197761536,0.0,0.0,-0.4544672966003418,0.897815465927124,0.0,0.0,-0.4403454065322876,0.01447517359260636
586.8703656119718,-1545.2519724027213,0.0,6.257048646187871,0.8896433115005493,0.0,0.0,-0.4566516876220703,0.8973298668861389,0.0,0.0,-0.4413367509841919,-0.3304877314808827
585.3203295982945,-1546.3505228109098,0.0,6.144003371174984,0.8884814977645874,0.0,0.0,-0.4589090943336487,0.896801233291626,0.0,0.0,-0.44241204857826233,0.020184530916489585
583.7916273989991,-1547.420422036852,0.0,6.033619860506692,0.8872758746147156,0.0,0.0,-0.46123644709587097,0.8962305188179016,0.0,0.0,-0.44356924295425415,-0.32491280669965583
582.2834618416655,-1548.4624506840473,0.0,5.92695192072814,0.8860276341438293,0.0,0.0,-0.46363013982772827,0.895618200302124,0.0,0.0,-0.4448060989379883,0.02557180060227504
580.7947651851897,-1549.4775791098937,0.0,5.825053358384566,0.8847377896308899,0.0,0.0,-0.4660871624946594,0.8949647545814514,0.0,0.0,-0.4461211860179901,-0.3197664146621016
579.3241921073989,-1550.4669560199698,0.0,5.728976464780281,0.883407473564148,0.0,0.0,-0.4686039388179779,0.8942716121673584,0.0,0.0,-0.4475105106830597,0.030424168966127763
577.870213899634,-1551.4318301179062,0.0,5.639380089920891,0.8820376396179199,0.0,0.0,-0.47117751836776733,0.8935370445251465,0.0,0.0,-0.4489764869213104,-0.31524134522475866
576.4313510091408,-1552.37338726331,0.0,5.556006833802293,0.880629301071167,0.0,0.0,-0.4738047420978546,0.892763614654541,0.0,0.0,-0.45051372051239014,0.034634939477168114
575.0062070365659,-1553.2927280173046,0.0,5.478469138360265,0.8791831731796265,0.0,0.0,-0.47648298740386963,0.8919508457183838,0.0,0.0,-0.4521217346191406,-0.3113253000004138
573.5934697116041,-1554.1908683229465,0.0,5.4063794455306535,0.8777000904083252,0.0,0.0,-0.4792096018791199,0.8911004662513733,0.0,0.0,-0.45379638671875,0.03827583305442123
572.1919120212833,-1555.0687405016363,0.0,5.33935019724924,0.8761807084083557,0.0,0.0,-0.48198211193084717,0.8902124166488647,0.0,0.0,-0.45553693175315857,-0.3079399844306454
570.8003934766862,-1555.9271945359583,0.0,5.276993835451862,0.8746258616447449,0.0,0.0,-0.48479804396629333,0.8892853856086731,0.0,0.0,-0.45734480023384094,0.04142514425630894
569.4178615066694,-1556.7669996145653,0.0,5.21892280207431,0.8730361461639404,0.0,0.0,-0.4876551628112793,0.888320803642273,0.0,0.0,-0.45921653509140015,-0.3050071039570317
568.0433529694826,-1557.5888459191194,0.0,5.164749539052408,0.871411919593811,0.0,0.0,-0.49055173993110657,0.88731849193573,0.0,0.0,-0.46115076541900635,0.044161167641253496
566.6759957751033,-1558.393346636986,0.0,5.114086488321975,0.8697541356086731,0.0,0.0,-0.49348506331443787,0.8862792253494263,0.0,0.0,-0.4631456136703491,-0.3024483640211512
565.3150106126478,-1559.1810401863922,0.0,5.066546091818809,0.8680631518363953,0.0,0.0,-0.49645349383354187,0.8852032423019409,0.0,0.0,-0.46519938111305237,0.046562197767676006
563.9597127783966,-1559.952392643179,0.0,5.021740791478737,0.8663394451141357,0.0,0.0,-0.49945539236068726,0.884091317653656,0.0,0.0,-0.46730953454971313,-0.3001854700645819
562.6095141008345,-1560.707800360097,0.0,4.979283029237556,0.8645836114883423,0.0,0.0,-0.5024887323379517,0.882942259311676,0.0,0.0,-0.46947726607322693,0.04870652919399826
561.2639249596417,-1561.4475927708845,0.0,4.938785247031086,0.8627954125404358,0.0,0.0,-0.5055527687072754,0.8817576169967651,0.0,0.0,-0.4716987907886505,-0.29814012752890157
559.922556395825,-1562.1720353721437,0.0,4.899859886795144,0.8609753847122192,0.0,0.0,-0.5086461901664734,0.8805375099182129,0.0,0.0,-0.47397276759147644,0.05067245647864177
558.5851223101373,-1562.881332876331,0.0,4.862119390465532,0.8591222167015076,0.0,0.0,-0.5117699503898621,0.8792811632156372,0.0,0.0,-0.4762997329235077,-0.2962340418556888
557.2514417466557,-1563.5756325289854,0.0,4.825176199978074,0.857235848903656,0.0,0.0,-0.5149235725402832,0.8779885768890381,0.0,0.0,-0.47867852449417114,0.052538274180028516
555.9214412578225,-1564.2550275827457,0.0,4.788642757268569,0.8553141951560974,0.0,0.0,-0.5181093215942383,0.8766613602638245,0.0,0.0,-0.481105238199234,-0.2943889184865219
554.5951573464675,-1564.9195609196313,0.0,4.752131504272845,0.8533557057380676,0.0,0.0,-0.5213288068771362,0.8753002285957336,0.0,0.0,-0.48357731103897095,0.0543822768565802
553.2727389793033,-1565.569228811661,0.0,4.715254882926696,0.8513574600219727,0.0,0.0,-0.5245855450630188,0.8739038109779358,0.0,0.0,-0.4860965311527252,-0.292526462862979
551.9544487436141,-1566.2039854855407,0.0,4.677630366758913,0.8493157625198364,0.0,0.0,-0.5278847217559814,0.8724737167358398,0.0,0.0,-0.48865896463394165,0.056282504945862205
550.640608395457,-1566.8237737044385,0.0,4.639076380900827,0.8472270369529724,0.0,0.0,-0.5312305688858032,0.8710097670555115,0.0,0.0,-0.49126386642456055,-0.2905792918600454
549.3315247314407,-1567.4285611283485,0.0,4.599675530718118,0.8450855016708374,0.0,0.0,-0.5346308350563049,0.8695122003555298,0.0,0.0,-0.49390968680381775,0.058272446874281875
548.0274838367592,-1568.0183417266662,0.0,4.559528396312383,0.8428851366043091,0.0,0.0,-0.5380932688713074,0.8679814338684082,0.0,0.0,-0.4965951442718506,-0.2885516588092507
546.7287503399019,-1568.59313465364,0.0,4.518735557785192,0.8406188488006592,0.0,0.0,-0.5416271686553955,0.8664194345474243,0.0,0.0,-0.4993155002593994,0.06033269124434204
545.4355666477891,-1569.152983086126,0.0,4.477397595238144,0.8382784128189087,0.0,0.0,-0.5452425479888916,0.8648253083229065,0.0,0.0,-0.5020716190338135,-0.28646388292303615
544.1481521638575,-1569.6979530278913,0.0,4.435615088772806,0.8358530402183533,0.0,0.0,-0.5489532947540283,0.8631998896598816,0.0,0.0,-0.5048611164093018,0.06244291884360148
542.8667024915749,-1570.2281320846564,0.0,4.393488618490771,0.8333321809768677,0.0,0.0,-0.5527723431587219,0.8615424036979675,0.0,0.0,-0.5076844096183777,-0.28433628341384243
541.5913886257576,-1570.743628213896,0.0,4.3511187644936316,0.8307023048400879,0.0,0.0,-0.5567166805267334,0.8598549962043762,0.0,0.0,-0.5105372071266174,0.06458281045961864
540.3223561339901,-1571.2445684533068,0.0,4.308606106882953,0.8279486298561096,0.0,0.0,-0.5608037710189819,0.8581362962722778,0.0,0.0,-0.513420820236206,-0.28218917949411126
539.0597316930481,-1571.731080392809,0.0,4.266051225760338,0.8250539302825928,0.0,0.0,-0.5650538802146912,0.8563809394836426,0.0,0.0,-0.5163434147834778,0.0667320468799528
537.8039005813587,-1572.2026392122186,0.0,4.223554701227351,0.8220003843307495,0.0,0.0,-0.5694867968559265,0.8545770645141602,0.0,0.0,-0.5193236470222473,-0.2800428903762836
536.5555711599156,-1572.6579134369883,0.0,4.1812171133855855,0.8187705278396606,0.0,0.0,-0.5741208791732788,0.8527129292488098,0.0,0.0,-0.5223790407180786,0.06887030889216314
535.3154085699978,-1573.0956193020033,0.0,4.1391390423366365,0.8153479099273682,0.0,0.0,-0.5789712071418762,0.850780189037323,0.0,0.0,-0.5255208611488342,-0.27791773527280134
534.0840094571797,-1573.5145766423786,0.0,4.097421068182065,0.8117165565490723,0.0,0.0,-0.5840515494346619,0.8487662672996521,0.0,0.0,-0.5287675261497498,0.07097727728380815
532.8619029064645,-1573.9137034141595,0.0,4.056163771023477,0.8078606128692627,0.0,0.0,-0.5893734097480774,0.8466609120368958,0.0,0.0,-0.5321321487426758,-0.2758340333961049
531.6495515570001,-1574.2920097992326,0.0,4.0154677309624365,0.8037641644477844,0.0,0.0,-0.594947874546051,0.8444554209709167,0.0,0.0,-0.5356251001358032,0.07303263284244652
530.4473528825639,-1574.648591930999,0.0,3.9754335281005453,0.7994128465652466,0.0,0.0,-0.600782036781311,0.8421419858932495,0.0,0.0,-0.5392551422119141,-0.27381210395863564
529.255640624662,-1574.9826252749403,0.0,3.93616174253937,0.794792652130127,0.0,0.0,-0.6068810820579529,0.8397070169448853,0.0,0.0,-0.5430391430854797,0.07501605635563716
528.0746863658612,-1575.2933576955304,0.0,3.897752954380504,0.7898914217948914,0.0,0.0,-0.6132465600967407,0.8371436595916748,0.0,0.0,-0.5469825267791748,-0.27187226617283433
526.9047012318204,-1575.580102238035,0.0,3.8603077437255373,0.7846981883049011,0.0,0.0,-0.6198778748512268,0.8344395160675049,0.0,0.0,-0.5510991215705872,0.07690722861093852
525.7458377113878,-1575.842229650672,0.0,3.8239266906760387,0.7792015671730042,0.0,0.0,-0.6267732381820679,0.831585168838501,0.0,0.0,-0.5553967952728271,-0.27003483925114247
524.5981915851336,-1576.0791606692744,0.0,3.7887103753336078,0.7733943462371826,0.0,0.0,-0.633925199508667,0.8285713791847229,0.0,0.0,-0.5598831176757812,0.07868583039590976
523.4618039537214,-1576.2903580831435,0.0,3.7547593777998127,0.7672694325447083,0.0,0.0,-0.6413247585296631,0.8253878951072693,0.0,0.0,-0.5645657181739807,-0.2683201424060013
522.3366633586489,-1576.4753185971,0.0,3.7221742781762512,0.7608234882354736,0.0,0.0,-0.6489586234092712,0.8220223188400269,0.0,0.0,-0.5694548487663269,0.08033154249810984
521.2227079890572,-1576.6335645009283,0.0,3.691055656564496,0.7540557980537415,0.0,0.0,-0.6568101644515991,0.8184654116630554,0.0,0.0,-0.5745554566383362,-0.2667484948498521
520.1198279695363,-1576.7646351534008,0.0,3.6615040930661347,0.7469668388366699,0.0,0.0,-0.6648610830307007,0.8147076368331909,0.0,0.0,-0.5798717141151428,0.0818240457050978
519.0278683865839,-1576.868078229457,0.0,3.6336179640001878,0.739560604095459,0.0,0.0,-0.6730899214744568,0.8107374906539917,0.0,0.0,-0.5854097008705139,-0.26534010449298606
517.946655900468,-1576.9434395483001,0.0,3.6074148490701448,0.731845498085022,0.0,0.0,-0.6814705729484558,0.8065403699874878,0.0,0.0,-0.5911789536476135,0.08314743534802926
516.8760313604334,-1576.9902563779692,0.0,3.5828101068278144,0.723832368850708,0.0,0.0,-0.689975917339325,0.8021116256713867,0.0,0.0,-0.5971737504005432,-0.26409744074337344
515.8158532925295,-1577.008055949183,0.0,3.5597125326900834,0.715535581111908,0.0,0.0,-0.6985763907432556,0.7974352240562439,0.0,0.0,-0.6034042239189148,0.08431397949639954
514.7659992086261,-1576.9963547054933,0.0,3.5380309220738497,0.7069743871688843,0.0,0.0,-0.7072391510009766,0.7925035357475281,0.0,0.0,-0.6098668575286865,-0.2630024099041697
513.7263667264031,-1576.9546580078545,0.0,3.517674070396012,0.6981706023216248,0.0,0.0,-0.7159314751625061,0.7873042821884155,0.0,0.0,-0.616564154624939,0.0853421033185125
512.6968745099464,-1576.8824603690623,0.0,3.498550773073457,0.6891488432884216,0.0,0.0,-0.7246198058128357,0.781836748123169,0.0,0.0,-0.6234827637672424,-0.2620365868070709
511.67746303951697,-1576.7795523835134,0.0,3.480569825523085,0.679938554763794,0.0,0.0,-0.7332691550254822,0.7761136293411255,0.0,0.0,-0.6305927634239197,0.0862502319826727
510.66809521804544,-1576.6466861019558,0.0,3.463640023161784,0.6705656051635742,0.0,0.0,-0.7418501377105713,0.7701427340507507,0.0,0.0,-0.6378713846206665,-0.2611815462837729
509.66875682103574,-1576.4847654273465,0.0,3.4476701614064553,0.6610549688339233,0.0,0.0,-0.7503373622894287,0.7639400959014893,0.0,0.0,-0.645287036895752,0.08705679065718422
508.6794567957659,-1576.29465066159,0.0,3.432569035673987,0.6514303088188171,0.0,0.0,-0.7587084174156189,0.7575162649154663,0.0,0.0,-0.652816116809845,-0.2604188631659714
507.70022741499037,-1576.0771641467193,0.0,3.418245441381276,0.6417135000228882,0.0,0.0,-0.7669443488121033,0.7508841156959534,0.0,0.0,-0.6604340076446533,0.0877802045103514
506.73112428973866,-1575.8330956071677,0.0,3.4046081739452196,0.6319242119789124,0.0,0.0,-0.7750301361083984,0.744053065776825,0.0,0.0,-0.6681205034255981,-0.25973011228536247
505.77222624529566,-1575.5632072071194,0.0,3.3915660287827065,0.62208092212677,0.0,0.0,-0.7829529047012329,0.7370344400405884,0.0,0.0,-0.675855278968811,0.0884388987104783
504.8236350640307,-1575.2682383353986,0.0,3.3790278013106367,0.6121995449066162,0.0,0.0,-0.7907032370567322,0.7298439145088196,0.0,0.0,-0.6836138963699341,-0.2590968684736418
503.88547509838554,-1574.948910128884,0.0,3.366902286945898,0.602295994758606,0.0,0.0,-0.7982727289199829,0.7224888801574707,0.0,0.0,-0.6913825273513794,0.08905129842586915
502.95789275707665,-1574.6059297441573,0.0,3.3550982811053904,0.5923831462860107,0.0,0.0,-0.805656373500824,0.7149792909622192,0.0,0.0,-0.6991456151008606,-0.258500706562505
502.0410558673805,-1574.2399943858488,0.0,3.343524579206005,0.5824739336967468,0.0,0.0,-0.8128492832183838,0.7073261141777039,0.0,0.0,-0.7068873643875122,0.08963582882482801
501.13515291627374,-1573.8517950991102,0.0,3.3320899766646357,0.5725789666175842,0.0,0.0,-0.8198494911193848,0.699540913105011,0.0,0.0,-0.714592456817627,-0.257923201383648
500.24039217314953,-1573.4420203326374,0.0,3.3207032688981815,0.56270831823349,0.0,0.0,-0.8266554474830627,0.691634476184845,0.0,0.0,-0.7222476005554199,0.09021091507565906
499.3570006969033,-1573.0113592778382,0.0,3.3092732513235306,0.5528701543807983,0.0,0.0,-0.8332673907279968,0.6836176514625549,0.0,0.0,-0.7298402786254883,-0.25734592776876664
498.48522323027385,-1572.5605049889805,0.0,3.2977087193575825,0.5430723428726196,0.0,0.0,-0.83968585729599,0.6754987835884094,0.0,0.0,-0.7373610734939575,0.09079498234666653
497.6253182390982,-1572.0901557456395,0.0,3.285929014255376,0.5333208441734314,0.0,0.0,-0.8459130525588989,0.667287290096283,0.0,0.0,-0.744800329208374,-0.2567509931676451
496.77753800677647,-1571.6010063304034,0.0,3.27392620347826,0.5236210227012634,0.0,0.0,-0.8519512414932251,0.6589918732643127,0.0,0.0,-0.7521498203277588,0.09140118491116733
495.9421205994257,-1571.0937431579644,0.0,3.2617230165127706,0.5139779448509216,0.0,0.0,-0.8578033447265625,0.650621771812439,0.0,0.0,-0.7594016790390015,-0.2561346705936305
495.11929005861856,-1570.5690433322802,0.0,3.249342290550294,0.5043941736221313,0.0,0.0,-0.8634734749794006,0.642184317111969,0.0,0.0,-0.7665500640869141,0.09202647410119141
494.30925665285355,-1570.0275737754719,0.0,3.2368068627822213,0.4948732256889343,0.0,0.0,-0.868965208530426,0.633689284324646,0.0,0.0,-0.7735875248908997,-0.2555015681811016
493.5122171582655,-1569.4699904132294,0.0,3.224139570399942,0.48541656136512756,0.0,0.0,-0.874282956123352,0.6251424551010132,0.0,0.0,-0.7805106043815613,0.09266623634272067
492.72835516769607,-1568.8969374157925,0.0,3.2113632505948475,0.4760254919528961,0.0,0.0,-0.8794314861297607,0.6165539622306824,0.0,0.0,-0.7873125672340393,-0.2548562995040766
491.9578414967387,-1568.309045378976,0.0,3.198500740558323,0.4666999876499176,0.0,0.0,-0.8844157457351685,0.6079280972480774,0.0,0.0,-0.7939920425415039,0.09331585806173709
491.2008352382529,-1567.706919585407,0.0,3.1855748774817614,0.4574403464794159,0.0,0.0,-0.8892403841018677,0.5992692112922668,0.0,0.0,-0.8005475401878357,-0.2542034781365735
490.4574838406892,-1567.0911443864234,0.0,3.1726084985565555,0.4482465982437134,0.0,0.0,-0.8939098715782166,0.5905851721763611,0.0,0.0,-0.8069751858711243,0.09397072568422224
489.7279230469625,-1566.462290270441,0.0,3.159624440974089,0.4391176700592041,0.0,0.0,-0.8984295129776001,0.581879198551178,0.0,0.0,-0.8132750988006592,-0.2535477176526105
489.01227732537143,-1565.8209134754622,0.0,3.1466455419257557,0.43005189299583435,0.0,0.0,-0.9028041362762451,0.5731584429740906,0.0,0.0,-0.819444477558136,0.09462622563615822
488.31066033102894,-1565.1675555331165,0.0,3.1336946386029414,0.4210471212863922,0.0,0.0,-0.9070386290550232,0.564426839351654,0.0,0.0,-0.8254829049110413,-0.25289363162620576
487.6231753898254,-1564.50274285831,0.0,3.120794568197042,0.41210150718688965,0.0,0.0,-0.9111378192901611,0.5556861758232117,0.0,0.0,-0.8313919305801392,0.0952777443435269
486.94991600413937,-1563.8269863833043,0.0,3.10796816789944,0.403212308883667,0.0,0.0,-0.9151063561439514,0.5469403862953186,0.0,0.0,-0.8371713757514954,-0.2522458336313774
486.29096637956906,-1563.140781235065,0.0,3.095238274901529,0.3943766951560974,0.0,0.0,-0.9189488291740417,0.5381940007209778,0.0,0.0,-0.8428208231925964,0.09592066823231032
485.6464019719694,-1562.44460645469,0.0,3.082627726394701,0.38559120893478394,0.0,0.0,-0.9226696491241455,0.5294517278671265,0.0,0.0,-0.8483399748802185,-0.2516089372421437
485.01629005414674,-1561.7389247577587,0.0,3.070159359570339,0.37685254216194153,0.0,0.0,-0.9262732267379761,0.5207124352455139,0.0,0.0,-0.8537319302558899,0.09655038372849023
484.4006903015855,-1561.024182334424,0.0,3.0578560116198408,0.36815741658210754,0.0,0.0,-0.9297634363174438,0.5119794011116028,0.0,0.0,-0.8589975833892822,-0.2509875560325226
483.7996553966502,-1560.3008086881046,0.0,3.04574051973459,0.3595021963119507,0.0,0.0,-0.933144211769104,0.5032569169998169,0.0,0.0,-0.864136815071106,0.09716227725804838
483.2132316507461,-1559.5692165116416,0.0,3.033835721105978,0.35088229179382324,0.0,0.0,-0.9364195466041565,0.49454206228256226,0.0,0.0,-0.8691536784172058,-0.25038630357653213
482.64145964398267,-1558.8298015998116,0.0,3.0221644529253964,0.34229353070259094,0.0,0.0,-0.9395930171012878,0.48583608865737915,0.0,0.0,-0.8740499019622803,0.09775173524696665
482.08437488194727,-1558.0829427971187,0.0,3.010749552384232,0.33373257517814636,0.0,0.0,-0.9426677227020264,0.477145791053772,0.0,0.0,-0.8788242340087891,-0.24980979344819046
481.5420084692589,-1557.3290019798214,0.0,2.9996138566738773,0.32519394159317017,0.0,0.0,-0.9456472992897034,0.46846720576286316,0.0,0.0,-0.883480966091156,0.09831414412122697
481.0143877996335,-1556.5683240711892,0.0,2.9887802029857182,0.3166728913784027,0.0,0.0,-0.9485347270965576,0.45979830622673035,0.0,0.0,-0.8880234360694885,-0.24926263922151576
480.50153726227717,-1555.8012370890283,0.0,2.9782714285111496,0.3081655502319336,0.0,0.0,-0.951332688331604,0.45114144682884216,0.0,0.0,-0.8924525380134583,0.09884489030681123
480.0034789644785,-1555.028052224567,0.0,2.968110370441557,0.2996671199798584,0.0,0.0,-0.9540438055992126,0.44249898195266724,0.0,0.0,-0.8967690467834473,-0.24874945447052624
479.52023347036953,-1554.249063951841,0.0,2.9583198659683303,0.2911719083786011,0.0,0.0,-0.9566707015037537,0.4338683485984802,0.0,0.0,-0.900976300239563,0.09933936022970147
479.0518205558873,-1553.464550166776,0.0,2.9489227522828623,0.28267499804496765,0.0,0.0,-0.9592156410217285,0.42524680495262146,0.0,0.0,-0.9050774574279785,-0.24827485276923994
478.59825998006824,-1552.674772355242,0.0,2.93994186657654,0.27417171001434326,0.0,0.0,-0.9616807699203491,0.41663452982902527,0.0,0.0,-0.9090740084648132,0.09979294031587932
478.15957227288067,-1551.8799757893978,0.0,2.9314000460407557,0.26565638184547424,0.0,0.0,-0.964067816734314,0.408031165599823,0.0,0.0,-0.9129679799079895,-0.24784344769167505
477.7357795399015,-1551.080389751739,0.0,2.9233201278668943,0.2571234107017517,0.0,0.0,-0.9663785099983215,0.399433970451355,0.0,0.0,-0.9167619347572327,0.10020101699132686
477.3269062842357,-1550.2762277863246,0.0,2.9157249492463517,0.2485675811767578,0.0,0.0,-0.9686145186424255,0.39084190130233765,0.0,0.0,-0.9204578399658203,-0.24745985281184968
476.9329802461658,-1549.4676879767474,0.0,2.908637347370512,0.23998358845710754,0.0,0.0,-0.9707768559455872,0.38225439190864563,0.0,0.0,-0.924057126045227,0.10055897668202585
476.55403326113407,-1548.6549532504923,0.0,2.902080159430768,0.23136568069458008,0.0,0.0,-0.9728667736053467,0.37366774678230286,0.0,0.0,-0.9275625944137573,-0.2471286817037818
476.19010213674903,-1547.8381917094275,0.0,2.8960762226185097,0.2227078527212143,0.0,0.0,-0.9748851656913757,0.36507952213287354,0.0,0.0,-0.9309763312339783,0.10086220581395808
475.8412295496244,-1547.017556986258,0.0,2.8906483741251248,0.2140045464038849,0.0,0.0,-0.9768325686454773,0.35648757219314575,0.0,0.0,-0.9343000650405884,-0.24685454794148964
475.507464962967,-1546.193188626876,0.0,2.885819451142005,0.20525050163269043,0.0,0.0,-0.9787094593048096,0.3478894829750061,0.0,0.0,-0.9375354647636414,0.10110609081310554
475.1888655659406,-1545.3652124986554,0.0,2.8816122908605384,0.19644024968147278,0.0,0.0,-0.9805157780647278,0.3392813503742218,0.0,0.0,-0.9406849145889282,-0.2466420650989913
474.8854972359586,-1544.5337412248336,0.0,2.878049730472116,0.18756943941116333,0.0,0.0,-0.9822512865066528,0.33066195249557495,0.0,0.0,-0.9437493085861206,0.1012860181054501
474.59743552516767,-1543.698874645251,0.0,2.875154607168126,0.1786331832408905,0.0,0.0,-0.9839156270027161,0.32202669978141785,0.0,0.0,-0.9467307329177856,-0.24649584675030495
474.32476667252257,-1542.8607003038337,0.0,2.8729497581399603,0.1696278303861618,0.0,0.0,-0.9855080842971802,0.3133716583251953,0.0,0.0,-0.9496307373046875,0.10139737411697361
474.0675886429723,-1542.0192939633373,0.0,2.8714580205790066,0.16055002808570862,0.0,0.0,-0.9870275855064392,0.3046945333480835,0.0,0.0,-0.9524502754211426,-0.24642050646944866
473.82601219541436,-1541.1747201479957,0.0,2.8707022316766557,0.15139788389205933,0.0,0.0,-0.9884728193283081,0.29599234461784363,0.0,0.0,-0.9551904797554016,0.10143554527365797
473.60016198121104,-1540.3270327148562,0.0,2.870705228624297,0.14216934144496918,0.0,0.0,-0.9898421168327332,0.287259966135025,0.0,0.0,-0.9578527808189392,-0.24642065783044065
473.390177675203,-1539.4762754547442,0.0,2.87148984861332,0.1328638643026352,0.0,0.0,-0.9911341071128845,0.27849194407463074,0.0,0.0,-0.9604386687278748,0.10139591800148509
473.1962151413036,-1538.6224827239166,0.0,2.873078928835114,0.12348233908414841,0.0,0.0,-0.9923465847969055,0.26968714594841003,0.0,0.0,-0.9629480838775635,-0.24650091440729893
473.0184476349024,-1537.7656801076657,0.0,2.8754953064810707,0.11402661353349686,0.0,0.0,-0.9934775233268738,0.26083940267562866,0.0,0.0,-0.9653823971748352,0.10127387872643678
472.85706704447404,-1536.905885117261,0.0,2.8787618187425776,0.1044999286532402,0.0,0.0,-0.9945247769355774,0.2519463300704956,0.0,0.0,-0.9677413702011108,-0.2466658897740417
472.7122851749368,-1536.0431079218117,0.0,2.882901302811025,0.09490647166967392,0.0,0.0,-0.9954860806465149,0.24300186336040497,0.0,0.0,-0.970025897026062,0.10106481387449498
472.58433507548324,-1535.177352116809,0.0,2.887936595877804,-0.08525106310844421,0.0,0.0,0.9963593482971191,0.2340019792318344,0.0,0.0,-0.972236156463623,-0.24692019750468708
472.4734724147722,-1534.3086155312908,0.0,2.8938905351343003,-0.0755416676402092,0.0,0.0,0.9971424341201782,0.2249424010515213,0.0,0.0,-0.974372148513794,0.10076410987164161
472.3799769065529,-1533.4368910757769,0.0,2.900785957771909,-0.06578682363033295,0.0,0.0,0.9978335499763489,0.21581758558750153,0.0,0.0,-0.9764336943626404,-0.24726845117325316
472.30415378897646,-1532.5621676333171,0.0,2.9086457009820186,-0.05599605664610863,0.0,0.0,0.9984309077262878,0.20662344992160797,0.0,0.0,-0.9784204959869385,0.1003671531438583
472.2463352554311,-1531.6844329742137,0.0,2.917485788701316,-0.04618091136217117,0.0,0.0,0.9989330768585205,0.19736024737358093,0.0,0.0,-0.9803310036659241,-0.24771492024998534
472.20677543004496,-1530.8036537986645,0.0,2.92727513854885,-0.036353498697280884,0.0,0.0,0.9993388652801514,0.18803443014621735,0.0,0.0,-0.9821624159812927,0.09987274153539696
472.1854744701914,-1529.9197249398014,0.0,2.937962762107062,-0.026525311172008514,0.0,0.0,0.9996480345726013,-0.17865407466888428,0.0,0.0,0.9839119911193848,-0.24825469921757182
472.1824062673551,-1529.0325453799219,0.0,2.9494976002122004,-0.0167063120752573,0.0,0.0,0.9998603463172913,-0.1692229062318802,0.0,0.0,0.9855778217315674,0.09929017395432937
472.19756079484875,-1528.142033312316,0.0,2.9618285937005093,-0.006907280534505844,0.0,0.0,0.9999760389328003,-0.15975022315979004,0.0,0.0,0.9871574640274048,-0.2488774766664763
472.2309420492298,-1527.2481265723547,0.0,2.97490468340823,0.002863764762878418,0.0,0.0,0.9999958276748657,-0.15024133026599884,0.0,0.0,0.9886493682861328,0.09862976538323237
472.2825660292278,-1526.3507830385047,0.0,2.988674810171611,0.012598694302141666,0.0,0.0,0.9999205470085144,-0.14070099592208862,0.0,0.0,0.9900521636009216,-0.2495729376141218
472.3524587500918,-1525.4499810027692,0.0,3.0030879148268936,0.022289615124464035,0.0,0.0,0.9997514486312866,-0.13113652169704437,0.0,0.0,0.9913644194602966,0.09790183080468273
472.4406542917193,-1524.545719509863,0.0,3.018092938210328,0.03192967548966408,0.0,0.0,0.9994900226593018,-0.12155453860759735,0.0,0.0,0.9925848245620728,-0.25033076707793156
472.5471928793807,-1523.6380186642605,0.0,3.033638821158153,0.04151294380426407,0.0,0.0,0.9991377592086792,-0.11195889860391617,0.0,0.0,0.9937129020690918,0.09711668520125716
472.672118996273,-1522.7269199041261,0.0,3.0496745045066196,0.05103369057178497,0.0,0.0,0.9986966848373413,-0.10235672444105148,0.0,0.0,0.9947478175163269,-0.2511406500753288
472.81547952755045,-1521.8124862409577,0.0,3.06614892909197,0.060486987233161926,0.0,0.0,0.9981687664985657,-0.09275347739458084,0.0,0.0,0.9956891536712646,0.09628464355553237
472.977321935868,-1520.894802463678,0.0,3.0830110357504448,0.06986864656209946,0.0,0.0,0.9975560903549194,-0.0831533893942833,0.0,0.0,0.9965367317199707,-0.2519922716237366
473.1576924688448,-1519.9739753057643,0.0,3.1002097653182967,0.0791739821434021,0.0,0.0,0.996860682964325,-0.0735626220703125,0.0,0.0,0.9972905516624451,0.09541602085008527
473.35663439921365,-1519.050133573924,0.0,3.1176940586317627,0.08840018510818481,0.0,0.0,0.9960848689079285,-0.06398580223321915,0.0,0.0,0.9979507327079773,-0.25287531674057834
473.5741862987515,-1518.1234282367059,0.0,3.135412856527096,0.0975441187620163,0.0,0.0,0.995231032371521,-0.05442720651626587,0.0,0.0,0.9985176920890808,0.09452113206749269
473.81038034740646,-1517.194032471383,0.0,3.1533150998405315,0.10660222917795181,0.0,0.0,0.9943015575408936,-0.044892460107803345,0.0,0.0,0.9989917874336243,-0.2537794704432771
474.0652406793299,-1516.2621416673553,0.0,3.171349729408324,0.11557339131832123,0.0,0.0,0.9932987689971924,-0.03538364917039871,0.0,0.0,0.999373733997345,0.09361029219033143
474.3387817677961,-1515.3279733842796,0.0,3.1894656860667143,0.12445572763681412,0.0,0.0,0.992224931716919,-0.025909263640642166,0.0,0.0,0.999664306640625,-0.2546944177492564
474.63100685124726,-1514.391767263095,0.0,3.2076119106519427,0.13324767351150513,0.0,0.0,0.9910825490951538,-0.016468524932861328,0.0,0.0,0.9998643398284912,0.09269381620117847
474.9419064029327,-1513.4537848880766,0.0,3.2257373440002617,0.14194875955581665,0.0,0.0,0.9898737072944641,-0.007066959515213966,0.0,0.0,0.9999750256538391,-0.2556098436759392
475.27145664681876,-1512.5143095980675,0.0,3.2437909269479093,0.15055802464485168,0.0,0.0,0.9886009097099304,0.0022900504991412163,0.0,0.0,0.9999973773956299,0.09178201908261047
475.6196181226338,-1511.5736462450063,0.0,3.2617216003311382,0.15907533466815948,0.0,0.0,0.9872661828994751,0.011600527912378311,0.0,0.0,0.9999326467514038,-0.25651543324074877
475.9863343030735,-1510.6321208979377,0.0,3.279478304986187,0.16750085353851318,0.0,0.0,0.9858716130256653,0.020863458514213562,0.0,0.0,0.9997823238372803,0.09088521581720399
476.3715302663267,-1509.6900804906893,0.0,3.2970099817493,0.17583496868610382,0.0,0.0,0.9844192266464233,0.03007250465452671,0.0,0.0,0.9995477199554443,-0.257400871461108
476.7751114272021,-1508.7478924114762,0.0,3.3142655714567266,0.18407823145389557,0.0,0.0,0.9829111695289612,0.039224594831466675,0.0,0.0,0.9992303848266602,0.09001372138753597
477.19696259417714,-1507.8059434559552,0.0,3.3311960605324034,0.192231684923172,0.0,0.0,0.9813492298126221,0.04831966385245323,0.0,0.0,0.9988318681716919,-0.2582559466669503
477.63695433465307,-1506.8646236844095,0.0,3.3478081790750673,0.20029687881469727,0.0,0.0,0.9797350168228149,0.05735429748892784,0.0,0.0,0.9983537793159485,0.08917472550154285
478.09495170458183,-1505.9243093097562,0.0,3.3641697075075188,0.2082746922969818,0.0,0.0,0.9780701994895935,0.06632811576128006,0.0,0.0,0.9977977871894836,-0.25908228648677106
478.57081637419964,-1504.9853622820413,0.0,3.3803515359220664,0.21616777777671814,0.0,0.0,0.976356029510498,0.07523518800735474,0.0,0.0,0.9971657395362854,0.08835746144020204
479.0644083060949,-1504.0481308361466,0.0,3.3964245544110048,0.22397735714912415,0.0,0.0,0.9745941758155823,0.08407671749591827,0.0,0.0,0.9964591860771179,-0.25989405509732344
479.5755873523137,-1503.1129501186335,0.0,3.4124596530666307,0.23170660436153412,0.0,0.0,0.972785472869873,0.09285015612840652,0.0,0.0,0.995680034160614,0.08754760797274613
480.1042147664793,-1502.1801428960316,0.0,3.4285277219812467,0.23935779929161072,0.0,0.0,0.9709312915802002,0.10155387222766876,0.0,0.0,0.9948298931121826,-0.26070557372937475
480.6501546271608,-1501.250020346948,0.0,3.444699651247148,0.24693328142166138,0.0,0.0,0.969032347202301,0.11018948256969452,0.0,0.0,0.9939104914665222,0.08673084386840768
481.21327516889863,-1500.3228829405218,0.0,3.4610463309566395,0.254435658454895,0.0,0.0,0.9670895934104919,0.11875467747449875,0.0,0.0,0.9929234981536865,-0.2615311636136925
481.7934500174698,-1499.3990214038688,0.0,3.477638651202016,0.26186731457710266,0.0,0.0,0.9651036858558655,0.12725190818309784,0.0,0.0,0.9918704032897949,0.08589284789641896
482.39055932605726,-1498.4787177813719,0.0,3.4945475020755747,0.2692311704158783,0.0,0.0,0.9630753397941589,0.135676771402359,0.0,0.0,0.990753173828125,-0.26238514598104395
483.0044908090431,-1497.5622465888835,0.0,3.511843773669619,0.2765296995639801,0.0,0.0,0.9610052108764648,0.14403147995471954,0.0,0.0,0.9895731210708618,0.0850192988260127
483.63514067013637,-1496.649876066164,0.0,3.529598356076442,0.2837648093700409,0.0,0.0,0.9588936567306519,0.152315154671669,0.0,0.0,0.9883320331573486,-0.2632818420621966
484.28241442148794,-1495.7418695311728,0.0,3.547882139388351,0.2909387946128845,0.0,0.0,0.956741452217102,0.1605319082736969,0.0,0.0,0.9870307445526123,0.08409587542642133
484.94622759033484,-1494.8384868401515,0.0,3.5667660136976362,0.29805248975753784,0.0,0.0,0.9545491337776184,0.16867989301681519,0.0,0.0,0.9856709837913513,-0.2642355730879181
485.6265063095404,-1493.9399859578145,0.0,3.5863208690966037,0.3051082491874695,0.0,0.0,0.9523175358772278,0.1767628937959671,0.0,0.0,0.984253466129303,0.08310825646687753
486.32318778816733,-1493.0466246423655,0.0,3.6066175956775504,0.31210604310035706,0.0,0.0,0.9500471353530884,0.1847769320011139,0.0,0.0,0.9827805161476135,-0.265260660288976
487.0362206579389,-1492.1586622504924,0.0,3.6277270835327693,0.31904569268226624,0.0,0.0,0.9477391242980957,0.1927265226840973,0.0,0.0,0.9812525510787964,0.08204212071661393
487.7655651910847,-1491.276361667999,0.0,3.6497202227545693,0.32592684030532837,0.0,0.0,0.9453948140144348,0.20061543583869934,0.0,0.0,0.9796701669692993,-0.26637142489613763
488.51119330240266,-1490.3999914675392,0.0,3.6726675013855967,0.3327478766441345,0.0,0.0,0.9430157542228699,0.20844390988349915,0.0,0.0,0.9780343770980835,0.08088316725040043
489.2730805409612,-1489.5298370511534,0.0,3.6966011263031184,0.3395078778266907,0.0,0.0,0.9406030774116516,0.21621640026569366,0.0,0.0,0.9763455986976624,-0.267580193831366
490.0511907261786,-1488.6662183153258,0.0,3.7214839672574684,0.3462029695510864,0.0,0.0,0.9381594657897949,0.22393374145030975,0.0,0.0,0.9746044874191284,0.07962645811129185
490.8454725561643,-1487.8094918765312,0.0,3.747271585040707,0.352830708026886,0.0,0.0,0.9356870055198669,0.2315991371870041,0.0,0.0,0.9728114008903503,-0.2688825987699134
491.6559087827438,-1486.9599402710576,0.0,3.7739195404448798,0.3593854308128357,0.0,0.0,0.9331890344619751,0.23921023309230804,0.0,0.0,0.9709678888320923,0.07828060177774773
492.48264869972894,-1486.1174798202323,0.0,3.8013833942620288,0.36586251854896545,0.0,0.0,0.9306687712669373,0.24676498770713806,0.0,0.0,0.9690754413604736,-0.2702696620940118
493.3258724051427,-1485.2819524225365,0.0,3.829618707284216,0.3722572922706604,0.0,0.0,0.9281294345855713,0.2542612552642822,0.0,0.0,0.9671357274055481,0.07685457586753627
494.1857504157532,-1484.453209802733,0.0,3.858581040303482,0.3785656988620758,0.0,0.0,0.9255742430686951,0.2616971433162689,0.0,0.0,0.9651501178741455,-0.2717324061858939
495.06244261602404,-1483.6311121634876,0.0,3.888225954111883,0.38478317856788635,0.0,0.0,0.9230068922042847,0.2690729796886444,0.0,0.0,0.9631198048591614,0.07535735799842505
495.95609721585396,-1482.8155268484666,0.0,3.918509009501468,0.39090508222579956,0.0,0.0,0.9204308390617371,0.2763848602771759,0.0,0.0,0.9610470533370972,-0.2732618534277921
496.8668497177096,-1482.0063270176736,0.0,3.9493857672642783,0.3969267010688782,0.0,0.0,0.9178501963615417,0.2836276590824127,0.0,0.0,0.9589343667030334,0.07379792578818206
497.7948218939422,-1481.203390336072,0.0,3.9808117881923746,0.4028438329696655,0.0,0.0,0.91526859998703,0.2908006012439728,0.0,0.0,0.9567835330963135,-0.2748490262019383
498.74012077526163,-1480.406597676746,0.0,4.012742633077796,0.40865203738212585,0.0,0.0,0.9126901626586914,0.2979032099246979,0.0,0.0,0.9545960426330566,0.07218525685457489
499.70283765152055,-1479.6158318401,0.0,4.0451338627126034,0.41434726119041443,0.0,0.0,0.910118818283081,0.30492836236953735,0.0,0.0,0.9523752927780151,-0.2764849468905649
500.683047086136,-1478.8309762908018,0.0,4.077941037888835,0.4199259579181671,0.0,0.0,0.9075583815574646,0.31187593936920166,0.0,0.0,0.9501228332519531,0.07052832881537122
501.68080594562986,-1478.0519139144103,0.0,4.111119719398554,0.4253838062286377,0.0,0.0,0.9050130844116211,0.3187454342842102,0.0,0.0,0.9478403925895691,-0.2781606378759042
502.6961524459445,-1477.2785257958035,0.0,4.144625468033801,0.43071678280830383,0.0,0.0,0.9024871587753296,0.3255288600921631,0.0,0.0,0.9455320835113525,0.06883611928833855
503.72910521733223,-1476.5106900217363,0.0,4.17841384458662,0.435921311378479,0.0,0.0,0.8999848365783691,0.33222347497940063,0.0,0.0,0.9432005882263184,-0.27986712154018806
504.77966238975637,-1475.7482805100456,0.0,4.212440409849075,0.4409938156604767,0.0,0.0,0.8975101113319397,0.33882972598075867,0.0,0.0,0.940847635269165,0.06711760589124491
505.84780070089846,-1474.9911658681765,0.0,4.2466607246132035,0.4459301233291626,0.0,0.0,0.8950677514076233,0.34534305334091187,0.0,0.0,0.9384765028953552,-0.2815954202656491
506.9334746289662,-1474.2392082838987,0.0,4.281030349671065,0.450727254152298,0.0,0.0,0.8926616907119751,0.3517589867115021,0.0,0.0,0.9360905289649963,0.06538176624185793
508.0366155526467,-1473.4922624512021,0.0,4.315504845814699,0.45538175106048584,0.0,0.0,0.8902963399887085,0.3580765128135681,0.0,0.0,0.9336920976638794,-0.2833365564345195
509.1571309406411,-1472.7501745345285,0.0,4.3500397738361665,0.4598909020423889,0.0,0.0,0.8879754543304443,0.36429303884506226,0.0,0.0,0.9312841892242432,0.06363757795794545
510.29490357332355,-1472.0127811746295,0.0,4.384590694527512,0.464251309633255,0.0,0.0,0.8857035040855408,0.37040263414382935,0.0,0.0,0.9288710951805115,-0.2850815524290319
511.449790799167,-1471.279908539433,0.0,4.419113168680779,0.4684599041938782,0.0,0.0,0.8834847211837769,0.37640103697776794,0.0,0.0,0.92645663022995,0.061894018657275396
512.6216238286553,-1470.5513714234396,0.0,4.453562757088027,0.47251373529434204,0.0,0.0,0.8813233375549316,0.3822890520095825,0.0,0.0,0.9240425825119019,-0.2868214306314182
513.8102070684691,-1469.826972399236,0.0,4.487895020541294,0.47641003131866455,0.0,0.0,0.8792232275009155,0.38806045055389404,0.0,0.0,0.9216337203979492,0.06016006595761547
515.0153174988083,-1469.106501024812,0.0,4.522065519832645,0.48014628887176514,0.0,0.0,0.8771883249282837,0.39371389150619507,0.0,0.0,0.9192328453063965,-0.28854721342391065
516.2367040967462,-1468.3897331104154,0.0,4.5560298157541235,0.4837193787097931,0.0,0.0,0.8752229809761047,0.39924442768096924,0.0,0.0,0.9168443083763123,0.058444697476732727
517.4740873085655,-1467.676430048734,0.0,4.589743469097767,0.48712682723999023,0.0,0.0,0.8733310699462891,0.40465161204338074,0.0,0.0,0.9144707322120667,-0.29024992318874115
518.7271585740408,-1466.9663382122353,0.0,4.623162040655645,0.49036604166030884,0.0,0.0,0.8715163469314575,0.4099321663379669,0.0,0.0,0.9121158123016357,0.05675689083239546
519.9955799056492,-1466.259188421492,0.0,4.65624109121979,0.4934349060058594,0.0,0.0,0.869782567024231,0.4150822162628174,0.0,0.0,0.909783661365509,-0.2919205823081424
521.2789835256979,-1465.5546954883437,0.0,4.688936181582266,0.4963301718235016,0.0,0.0,0.8681337237358093,0.42009836435317993,0.0,0.0,0.9074782729148865,0.0551056236423714
522.5769715643323,-1464.8525578377137,0.0,4.72120287253511,0.4990495443344116,0.0,0.0,0.8665732145309448,0.4249785244464874,0.0,0.0,0.9052031636238098,-0.2935502131643466
523.8891158213763,-1464.1524572118722,0.0,4.752996724870385,0.5015901327133179,0.0,0.0,0.865105152130127,0.4297182559967041,0.0,0.0,0.9029628038406372,0.0534998735244282
525.2149575949024,-1463.454058460875,0.0,4.784273299380131,0.5039490461349487,0.0,0.0,0.8637331128120422,0.4343164265155792,0.0,0.0,0.9007601141929626,-0.2951298381395863
526.554007579392,-1462.7570094228583,0.0,4.814988156856397,0.506123423576355,0.0,0.0,0.8624607920646667,0.43877315521240234,0.0,0.0,0.8985975980758667,0.05194861809633397
527.9057458362489,-1462.0609408977516,0.0,4.845096858091239,0.5081101059913635,0.0,0.0,0.8612918853759766,0.44308122992515564,0.0,0.0,0.8964812159538269,-0.2966504796160935
529.269621839388,-1461.3654667178794,0.0,4.874554963876699,0.5099061131477356,0.0,0.0,0.8602299094200134,0.44724011421203613,0.0,0.0,0.8944137096405029,0.050460834975856156
530.6450681104822,-1460.6701771156238,0.0,4.9033661481567705,0.511508047580719,0.0,0.0,0.8592783212661743,0.451246052980423,0.0,0.0,0.8923993706703186,-0.2981055899332688
532.0315746347086,-1459.9746021325413,0.0,4.931797297612678,0.5129126906394958,0.0,0.0,0.8584405183792114,0.45509615540504456,0.0,0.0,0.8904420733451843,0.049024918336668916
533.4287151063845,-1459.278200298846,0.0,4.960204853015824,0.5141128301620483,0.0,0.0,0.857711911201477,0.45878875255584717,0.0,0.0,0.888545036315918,-0.29954031495362976
534.836147768699,-1458.580359594913,0.0,4.988945329718612,0.5151116847991943,0.0,0.0,0.8571062684059143,0.46232250332832336,0.0,0.0,0.8867115378379822,0.047573379109255465
536.2536157309819,-1457.8803977755701,0.0,5.018375243073452,0.5159051418304443,0.0,0.0,0.856626033782959,0.4656962752342224,0.0,0.0,0.8849443793296814,-0.3010266742139753
537.6809467635611,-1457.1775620196872,0.0,5.048851108432762,0.5164902806282043,0.0,0.0,0.8562728762626648,0.46890318393707275,0.0,0.0,0.8832494020462036,0.04603419399009839
539.1180525485751,-1456.4710278771101,0.0,5.080729441148946,0.5168634057044983,0.0,0.0,0.8560487031936646,0.47194334864616394,0.0,0.0,0.881628692150116,-0.3026366910178229
540.5649273634339,-1455.759897482767,0.0,5.1143667565744275,0.5170217752456665,0.0,0.0,0.8559547662734985,0.47481274604797363,0.0,0.0,0.8800866603851318,0.04433533967568015
542.0216461711054,-1455.0431970045042,0.0,5.150119570061612,0.5169616341590881,0.0,0.0,0.8559927940368652,0.47750845551490784,0.0,0.0,0.8786268830299377,-0.3044423886686909
543.4883620880042,-1454.3198732868018,0.0,5.188344396962903,0.5166804194450378,0.0,0.0,0.8561635613441467,0.48003000020980835,0.0,0.0,0.8772518038749695,0.042404792862483665
544.9653031959875,-1453.5887896469437,0.0,5.229397752630728,0.5161746740341187,0.0,0.0,0.8564682006835938,0.48237454891204834,0.0,0.0,0.8759647607803345,-0.3065157904700962
546.4527686597112,-1452.8487207734086,0.0,5.273636152417483,0.5154414772987366,0.0,0.0,0.856907308101654,0.48453593254089355,0.0,0.0,0.8747710585594177,0.04017053024699102
547.9511210420432,-1452.0983482076028,0.0,5.3214052248640655,0.5144780278205872,0.0,0.0,0.8574812412261963,0.4865119755268097,0.0,0.0,0.8736736178398132,-0.3089283698865903
549.4605503309795,-1451.33637024053,0.0,5.372228890929516,0.5132870078086853,0.0,0.0,0.8581989407539368,0.4882970452308655,0.0,0.0,0.8726771473884583,0.03760367842550366
550.9806843805546,-1450.5616961826518,0.0,5.424249738364476,0.5118618607521057,0.0,0.0,0.8590531945228577,0.48989132046699524,0.0,0.0,0.8717832565307617,-0.3115556854136085
552.5105558957338,-1449.7734710032712,0.0,5.475477987454533,0.5102005004882812,0.0,0.0,0.8600437045097351,0.4912887215614319,0.0,0.0,0.8709966540336609,0.03501639311792504
554.048610364198,-1448.9710860663522,0.0,5.523923858485278,0.5083014965057373,0.0,0.0,0.8611695766448975,0.49248504638671875,0.0,0.0,0.8703208565711975,-0.31400244657677745
555.5927177874552,-1448.1541947762921,0.0,5.567597571742328,0.5061634182929993,0.0,0.0,0.8624297976493835,0.49347659945487976,0.0,0.0,0.8697590827941895,0.03281065002413458
557.1401883871495,-1447.3227333584607,0.0,5.604509347511262,0.5037859082221985,0.0,0.0,0.8638222813606262,0.49425679445266724,0.0,0.0,0.8693159818649292,-0.31586667767621845
558.6877923955548,-1446.4769469118166,0.0,5.632669406077695,0.5011698603630066,0.0,0.0,0.8653438687324524,0.4948212802410126,0.0,0.0,0.8689901828765869,0.031388424844011664
560.2317839435334,-1445.6174207462393,0.0,5.650087967727217,0.49831637740135193,0.0,0.0,0.8669911026954651,0.49516966938972473,0.0,0.0,0.8687901496887207,-0.31674640301205287
561.768053282794,-1444.7450455070295,0.0,5.655234433419435,0.4952283501625061,0.0,0.0,0.8687595129013062,0.49529799818992615,0.0,0.0,0.8687170743942261,0.031128502334303643
563.2928070183469,-1443.86067017966,0.0,5.64900481101054,0.49191004037857056,0.0,0.0,0.8706431984901428,0.4952024817466736,0.0,0.0,0.8687716722488403,-0.3164317756176642
564.8027880822864,-1442.9649824403136,0.0,5.633093741282902,0.488366961479187,0.0,0.0,0.8726360201835632,0.494880735874176,0.0,0.0,0.8689537644386292,0.031932091714487354
566.2952723101994,-1442.058503537484,0.0,5.6091963492404,0.4846057891845703,0.0,0.0,0.8747307062149048,0.4943298399448395,0.0,0.0,0.8692632913589478,-0.3152248366256187
567.7680614238748,-1441.1415787829092,0.0,5.5790077598869265,0.480634480714798,0.0,0.0,0.8769195079803467,0.49355053901672363,0.0,0.0,0.8697071075439453,0.033456767944460786
569.2194726908767,-1440.214363760785,0.0,5.5442230982263565,0.47646158933639526,0.0,0.0,0.8791940212249756,0.4925406277179718,0.0,0.0,0.8702804446220398,-0.3134680355316505
570.6483234454955,-1439.276807813137,0.0,5.506529773671573,0.4720973074436188,0.0,0.0,0.8815453052520752,0.4912985861301422,0.0,0.0,0.8709831237792969,0.0353604712048034
572.0537749793552,-1438.3287281558678,0.0,5.467068878261115,0.46755239367485046,0.0,0.0,0.883964478969574,0.4898279905319214,0.0,0.0,0.8718117475509644,-0.31147506101597083
573.43509284328,-1437.3700655827784,0.0,5.42608293240434,0.4628376364707947,0.0,0.0,0.8864423632621765,0.4881361126899719,0.0,0.0,0.8727608919143677,0.03743046847029713
574.7916238855191,-1436.4013810819524,0.0,5.383730774462268,0.4579640328884125,0.0,0.0,0.8889700770378113,0.48623329401016235,0.0,0.0,0.8738230466842651,-0.30933606314010864
576.1227949777772,-1435.4234262207433,0.0,5.340171242795888,0.45294028520584106,0.0,0.0,0.8915402293205261,0.4841249883174896,0.0,0.0,0.8749934434890747,0.039630444817084
577.4281114451247,-1434.4369292587087,0.0,5.295563175766229,0.44777506589889526,0.0,0.0,0.8941457271575928,0.48182088136672974,0.0,0.0,0.8762648105621338,-0.30708313046184305
578.7071552169014,-1433.4425920677063,0.0,5.250065411734274,0.4424751400947571,0.0,0.0,0.8967803716659546,0.47932711243629456,0.0,0.0,0.8776318430900574,0.041928311687384756
579.9595827161318,-1432.4410873405402,0.0,5.2038367890610395,0.43704721331596375,0.0,0.0,0.899438202381134,0.47665083408355713,0.0,0.0,0.8790886402130127,-0.3047483515389524
581.1851225052112,-1431.4330559176383,0.0,5.15703614610754,0.4314974546432495,0.0,0.0,0.9021139144897461,0.4737979471683502,0.0,0.0,0.8806299567222595,0.044291980523420094
582.3835727056326,-1430.419104231128,0.0,5.109822321234766,0.42583057284355164,0.0,0.0,0.9048027396202087,0.47077539563179016,0.0,0.0,0.8822497129440308,-0.3023638149292164
583.5547982093742,-1429.3998018651025,0.0,5.06235415280374,0.4200505018234253,0.0,0.0,0.9075005054473877,0.46758782863616943,0.0,0.0,0.8839435577392578,0.04668936276741131
584.6987276992205,-1428.3756792303107,0.0,5.014790479175448,0.41416135430336,0.0,0.0,0.910203218460083,0.46424171328544617,0.0,0.0,0.8857058882713318,-0.29996160919041376
585.8153504947647,-1427.3472253510033,0.0,4.967290138710916,0.408166766166687,0.0,0.0,0.9129071831703186,0.46074122190475464,0.0,0.0,0.887532114982605,0.049088369861579606
586.9047132401652,-1426.3148857611748,0.0,4.9200119697711315,0.402069091796875,0.0,0.0,0.9156092405319214,0.457088828086853,0.0,0.0,0.88941890001297,-0.29757382288032364
587.9669164488678,-1425.279060507006,0.0,4.873114810717112,0.3958717882633209,0.0,0.0,0.9183058142662048,0.45329001545906067,0.0,0.0,0.8913610577583313,0.05145691324814625
589.0021109195156,-1424.2401022518811,0.0,4.8267574999098715,0.38957566022872925,0.0,0.0,0.9209944605827332,0.4493508040904999,0.0,0.0,0.8933535218238831,-0.29523254455672565
590.0104940361063,-1423.1983144799635,0.0,4.781098875710394,0.3831837475299835,0.0,0.0,0.9236722588539124,0.44527295231819153,0.0,0.0,0.8953931927680969,0.05376290436933201
590.9923059641887,-1422.1539497939652,0.0,4.736297776479708,0.37669694423675537,0.0,0.0,0.9263365864753723,0.44106075167655945,0.0,0.0,0.8974756002426147,-0.292969862777398
591.9478257534522,-1421.107208302384,0.0,4.6925130405788025,0.37011635303497314,0.0,0.0,0.9289853572845459,0.43671858310699463,0.0,0.0,0.8995966911315918,0.055974254667357504
592.8773673555351,-1420.0582360911817,0.0,4.6499035063686875,0.36344340443611145,0.0,0.0,0.9316163063049316,0.4322488009929657,0.0,0.0,0.9017531275749207,-0.2908178661001195
593.7812755641984,-1419.0071237745983,0.0,4.608628012210381,0.35667872428894043,0.0,0.0,0.9342270493507385,0.42765122652053833,0.0,0.0,0.9039426445960999,0.058058875584443725
594.6599218832513,-1417.953905119496,0.0,4.568845396464874,0.3498227596282959,0.0,0.0,0.9368159174919128,0.4229319393634796,0.0,0.0,0.9061602354049683,-0.2888086430826696
595.5137003257198,-1416.8985557374135,0.0,4.530714497493184,0.3428761661052704,0.0,0.0,0.9393807053565979,0.4180920124053955,0.0,0.0,0.9084035754203796,0.05998467856281184
596.3430231457602,-1415.84099183826,0.0,4.494394153656305,0.3358389735221863,0.0,0.0,0.9419194459915161,0.41313523054122925,0.0,0.0,0.910668671131134,-0.28697428228282723
597.1483165027411,-1414.7810690393856,0.0,4.460043203315256,0.3287118077278137,0.0,0.0,0.9444302916526794,0.4080609679222107,0.0,0.0,0.9129537343978882,0.061719575044683006
597.9300133514304,-1413.718584958273,0.0,4.4278049947009395,0.321494460105896,0.0,0.0,0.9469115138053894,0.4028712213039398,0.0,0.0,0.9152558445930481,-0.2853460899285688
598.6885242319087,-1412.6533140501977,0.0,4.3976759274542925,0.31418702006340027,0.0,0.0,0.9493611454963684,0.3975686728954315,0.0,0.0,0.9175716638565063,0.06324124510764495
599.4242225797211,-1411.5850282793167,0.0,4.369571270608019,0.3067893087863922,0.0,0.0,0.951777458190918,0.3921550214290619,0.0,0.0,0.919898509979248,-0.2839266628151207
600.1374451162759,-1410.513498932491,0.0,4.343405441116986,0.2993011772632599,0.0,0.0,0.95415860414505,0.38663047552108765,0.0,0.0,0.9222341179847717,0.06456275164759614
600.8284924793329,-1409.438498162755,0.0,4.319092855936085,0.29172369837760925,0.0,0.0,0.9565024375915527,0.38099685311317444,0.0,0.0,0.9245757460594177,-0.2826987544726509
601.497629934271,-1408.3598004687096,0.0,4.296547932020184,0.2840571701526642,0.0,0.0,0.958807110786438,0.3752528429031372,0.0,0.0,0.9269219040870667,0.06570138416860122
602.1450881630452,-1407.2771841142999,0.0,4.275685086324173,0.27630236744880676,0.0,0.0,0.9610704779624939,0.36940228939056396,0.0,0.0,0.929269015789032,-0.2816450753970948
602.7710641283604,-1406.1904324931293,0.0,4.256418735802922,0.2684614062309265,0.0,0.0,0.9632901549339294,0.363442599773407,0.0,0.0,0.9316160678863525,0.06667443217472505
603.375722011148,-1405.0993354411921,0.0,4.238663297411314,0.2605360746383667,0.0,0.0,0.9654638171195984,0.3573761582374573,0.0,0.0,0.9339601397514343,-0.2807483360843873
603.9591942199105,-1404.0036905016345,0.0,4.222333188104234,0.25252997875213623,0.0,0.0,0.9675888419151306,0.35120341181755066,0.0,0.0,0.9362988471984863,0.06749918517003203
604.521582470954,-1402.9033041448597,0.0,4.207342824836552,0.244446262717247,0.0,0.0,0.9696626663208008,0.3449232280254364,0.0,0.0,0.9386307001113892,-0.27999124703046396
605.0629589388968,-1401.797992947085,0.0,4.193606624563157,0.2362900972366333,0.0,0.0,0.9716824293136597,0.3385377526283264,0.0,0.0,0.9409525394439697,0.06819293265858739
605.5833674771823,-1400.6875847301808,0.0,4.181039004238917,0.22806698083877563,0.0,0.0,0.9736453294754028,0.3320465683937073,0.0,0.0,0.9432626962661743,-0.27935651873126
606.0828249085982,-1399.5719196654081,0.0,4.169554380818721,0.21978329122066498,0.0,0.0,0.9755486249923706,0.3254494369029999,0.0,0.0,0.9455591440200806,0.06877296414445588
606.5613223860487,-1398.450851343436,0.0,4.159067171257444,0.21144556999206543,0.0,0.0,0.9773896336555481,0.31874752044677734,0.0,0.0,0.9478393197059631,-0.27882686168271065
607.0188268239983,-1397.324247812815,0.0,4.149491792509966,0.20306314527988434,0.0,0.0,0.9791655540466309,0.311942994594574,0.0,0.0,0.9501004815101624,0.06925656913170225
607.4552824011657,-1396.1919925888749,0.0,4.140742661531171,0.19464445114135742,0.0,0.0,0.9808738231658936,0.3050335645675659,0.0,0.0,0.9523413181304932,-0.27838498638075126
607.8706121351313,-1395.0539856348037,0.0,4.132734195275929,0.18619956076145172,0.0,0.0,0.9825119376182556,0.2980199456214905,0.0,0.0,0.954559326171875,0.06966103712439123
608.2647195295885,-1393.9101443165002,0.0,4.125380810699127,0.1777397096157074,0.0,0.0,0.9840775728225708,0.29090550541877747,0.0,0.0,0.9567515850067139,-0.27801360332131686
608.6374902949791,-1392.7604043325912,0.0,4.11859692475564,0.1692764312028885,0.0,0.0,0.985568642616272,0.2836882472038269,0.0,0.0,0.958916425704956,0.07000365762658756
608.9887953083617,-1391.604716656369,0.0,4.112311014668205,0.16082298755645752,0.0,0.0,0.9869831800460815,0.2763744294643402,0.0,0.0,0.9610498547554016,-0.2776961331148807
609.3185331409586,-1390.4430433303482,0.0,4.106519905426092,0.1523924320936203,0.0,0.0,0.988319993019104,0.2689715623855591,0.0,0.0,0.9631479978561401,0.07029613789134073
609.6269129181111,-1389.2754654972637,0.0,4.101241160170339,0.14399763941764832,0.0,0.0,0.9895779490470886,0.2614923417568207,0.0,0.0,0.9652054309844971,-0.2774295298191356
609.9143001530002,-1388.1021212923113,0.0,4.0964923467263,0.1356492042541504,0.0,0.0,0.9907569289207458,0.25394633412361145,0.0,0.0,0.967218279838562,0.07053597695417099
610.1810504389641,-1386.9231388367482,0.0,4.0922910329193245,0.12735776603221893,0.0,0.0,0.9918568730354309,0.24634461104869843,0.0,0.0,0.9691822528839111,-0.2772173422531268
610.4275078979351,-1385.7386358546603,0.0,4.08865478657477,0.11913198232650757,0.0,0.0,0.9928783774375916,0.2386976182460785,0.0,0.0,0.9710938930511475,0.07071962575945154
610.6540051209375,-1384.5487199021684,0.0,4.085601175517986,0.11097927391529083,0.0,0.0,0.9938227534294128,0.23101601004600525,0.0,0.0,0.9729498624801636,-0.27706311947248113
610.8608631199555,-1383.353488610574,0.0,4.08314776757433,0.10290621221065521,0.0,0.0,0.994691014289856,0.22330601513385773,0.0,0.0,0.9747481942176819,0.0708435352515554
611.0483912910162,-1382.1530299435883,0.0,4.081312130569154,0.09491797536611557,0.0,0.0,0.9954850673675537,0.2155783325433731,0.0,0.0,0.9764864444732666,-0.2769704105328258
611.216887388347,-1380.9474224688167,0.0,4.080111832327808,0.08702025562524796,0.0,0.0,0.9962065815925598,0.20784153044223785,0.0,0.0,0.978162407875061,0.0709041563748557
611.3666375095131,-1379.736735643735,0.0,4.079564440675648,0.07921679317951202,0.0,0.0,0.9968574643135071,0.2001013159751892,0.0,0.0,0.979775071144104,-0.2769427644897874
611.4979160914573,-1378.5210301163995,0.0,4.079687523438026,0.07151086628437042,0.0,0.0,0.9974397420883179,0.19236572086811066,0.0,0.0,0.9813230633735657,0.07089794007372546
611.6109859174156,-1377.3003580412255,0.0,4.080498648440298,-0.06390570849180222,0.0,0.0,-0.9979557991027832,0.18464258313179016,0.0,0.0,0.9828054904937744,-0.27698373039899304
611.7060981347008,-1376.0747634101726,0.0,4.082015383507812,-0.05640279874205589,0.0,0.0,-0.9984079599380493,0.17693741619586945,0.0,0.0,0.984221875667572,0.07082133729253787
611.7834922833999,-1374.8442823997552,0.0,4.084255296465926,-0.049004148691892624,0.0,0.0,-0.9987984895706177,0.16925500333309174,0.0,0.0,0.9855720400810242,-0.2770968573160695
611.8433963360578,-1373.6089437343226,0.0,4.087235955139991,-0.04171082377433777,0.0,0.0,-0.999129593372345,0.1616027057170868,0.0,0.0,0.9868557453155518,0.07067079897566592
611.8860267484686,-1372.3687690661288,0.0,4.0909749273553615,-0.034523166716098785,0.0,0.0,-0.999403715133667,0.15398390591144562,0.0,0.0,0.9880732893943787,-0.27728569429664374
611.9115885217379,-1371.1237733727523,0.0,4.0954897809373865,-0.027441930025815964,0.0,0.0,-0.99962317943573,0.14640437066555023,0.0,0.0,0.9892247915267944,0.07044277606748281
611.9202752758213,-1369.8739653724836,0.0,4.100798083711427,-0.02046644687652588,0.0,0.0,-0.999790370464325,-0.13886596262454987,0.0,0.0,-0.9903110861778259,-0.27755379039634276
611.912269334795,-1368.6193479583612,0.0,4.10691740350283,-0.01359645090997219,0.0,0.0,-0.9999073147773743,-0.13137546181678772,0.0,0.0,-0.9913325309753418,0.07013371951236144
611.8877418241648,-1367.3599186516024,0.0,4.113865308136948,-0.006831396836787462,0.0,0.0,-0.999976396560669,-0.12393569946289062,0.0,0.0,-0.9922901391983032,-0.27790469467079315
611.8468527805672,-1366.0956700752224,0.0,4.12165936543914,-0.00017005810514092445,0.0,0.0,-0.9999998211860657,-0.11654945462942123,0.0,0.0,-0.9931848049163818,0.06974008025467501
611.7897512742754,-1364.8265904487275,0.0,4.130317143234753,0.006388593930751085,0.0,0.0,-0.9999794960021973,-0.10922061651945114,0.0,0.0,-0.9940176010131836,-0.2783419561756221
611.7165755449751,-1363.5526641048061,0.0,4.139856209349143,0.012845838442444801,0.0,0.0,-0.9999173879623413,-0.10195031017065048,0.0,0.0,-0.9947895407676697,0.06925830923879664
611.6274531513395,-1362.273872029037,0.0,4.150294131607664,0.01920352689921856,0.0,0.0,-0.9998154640197754,-0.09474138915538788,0.0,0.0,-0.9955019354820251,-0.2788691239664564
611.5225011349904,-1360.9901924237022,0.0,4.161648477835669,0.025463800877332687,0.0,0.0,-0.9996755719184875,-0.0875948891043663,0.0,0.0,-0.9961561560630798,0.06868485740909938
611.4018261994958,-1359.7016012968604,0.0,4.17393681585851,0.03162798285484314,0.0,0.0,-0.9994995594024658,-0.0805145651102066,0.0,0.0,-0.9967533946037292,-0.2794897470989231
611.2655249051305,-1358.408073077923,0.0,4.1871767135015405,0.03769820183515549,0.0,0.0,-0.9992890357971191,-0.07350143045186996,0.0,0.0,-0.9972951412200928,0.06801617570995641
611.1136838801873,-1357.1095812610704,0.0,4.201385738590114,0.04367662966251373,0.0,0.0,-0.9990456700325012,-0.06655644625425339,0.0,0.0,-0.9977826476097107,-0.280207374628649
610.9463800497028,-1355.8060990779015,0.0,4.216581458949583,0.04956493526697159,0.0,0.0,-0.9987708926200867,-0.05968058109283447,0.0,0.0,-0.9982175230979919,0.06724871508574076
610.7636808825458,-1354.4976002008443,0.0,4.232781442405303,0.05536499619483948,0.0,0.0,-0.9984661340713501,-0.052874721586704254,0.0,0.0,-0.9986011385917664,-0.2810255556112611
610.5656446578855,-1353.1840594788937,0.0,4.250003256782625,0.061079006642103195,0.0,0.0,-0.9981329441070557,-0.04614005237817764,0.0,0.0,-0.9989349246025085,0.0663789264808255
610.3523207521522,-1351.865453707406,0.0,4.2682644699069,0.0667077898979187,0.0,0.0,-0.9977725744247437,-0.03947627544403076,0.0,0.0,-0.9992203712463379,-0.2819478391023861
610.1237499476813,-1350.5417624337156,0.0,4.287582649603487,0.0722535103559494,0.0,0.0,-0.9973862171173096,-0.0328826904296875,0.0,0.0,-0.9994589686393738,0.0654032608395837
609.8799647643345,-1349.2129688004986,0.0,4.307975363697733,0.0777173787355423,0.0,0.0,-0.996975302696228,-0.02636272832751274,0.0,0.0,-0.9996522068977356,-0.282977774157651
609.6209898154762,-1347.8790604288786,0.0,4.329460180014997,0.08310054242610931,0.0,0.0,-0.9965409636497498,-0.019913747906684875,0.0,0.0,-0.9998014569282532,0.06431816910638855
609.3468421897944,-1346.5400303434196,0.0,4.352054666380627,0.08840356767177582,0.0,0.0,-0.9960845708847046,-0.01353543158620596,0.0,0.0,-0.9999082088470459,-0.28411890983268284
609.0575318605529,-1345.1958779412346,0.0,4.375776390619981,0.09362691640853882,0.0,0.0,-0.9956072568893433,-0.0072274720296263695,0.0,0.0,-0.9999736547470093,0.0631201022256131
608.7530621239757,-1343.846610007594,0.0,4.40064292055841,0.09877080470323563,0.0,0.0,-0.9951102137565613,-0.00099119171500206,0.0,0.0,-0.9999992251396179,-0.28537479518310854
608.4334300685767,-1342.4922417805285,0.0,4.4266718240212635,0.10383498668670654,0.0,0.0,-0.9945944547653198,0.00517542427405715,0.0,0.0,-0.9999863505363464,0.061805511141630604
608.0986270773694,-1341.1327980670644,0.0,4.453880668833903,0.10881868749856949,0.0,0.0,-0.9940615892410278,0.01127267349511385,0.0,0.0,-0.9999362230300903,-0.286748979264555
607.7486393650153,-1339.768314413864,0.0,4.482287022821672,0.11372044682502747,0.0,0.0,-0.9935126900672913,0.01730194501578808,0.0,0.0,-0.9998500943183899,0.06037084679881399
607.3834486000563,-1338.3988385116872,0.0,4.511907871426002,0.11853869259357452,0.0,0.0,-0.9929493069648743,0.023263541981577873,0.0,0.0,-0.9997291564941406,-0.28824498171931917
607.0030356140883,-1337.0244424355174,0.0,4.542723930168945,0.12327165901660919,0.0,0.0,-0.9923728108406067,0.029159212484955788,0.0,0.0,-0.999574601650238,0.058814480195635094
606.6073865642762,-1335.645179536812,0.0,4.574658919668281,0.12791627645492554,0.0,0.0,-0.991784930229187,0.0349864736199379,0.0,0.0,-0.9993875622749329,-0.2898578599768614
606.1964953125562,-1334.2608214985637,0.0,4.607631565859062,0.1324700564146042,0.0,0.0,-0.9911869764328003,0.04074317216873169,0.0,0.0,-0.9991694688796997,0.05714919503448454
605.7703653823,-1332.8710620758213,0.0,4.641560594676341,0.13693015277385712,0.0,0.0,-0.990580677986145,0.046430010348558426,0.0,0.0,-0.9989213943481445,-0.29157144729086537
605.3290118740293,-1331.4756184028438,0.0,4.676364732055186,0.1412937492132187,0.0,0.0,-0.9899677634239197,0.05204498767852783,0.0,0.0,-0.9986444711685181,0.05539141031838124
604.8724633384518,-1330.074230357173,0.0,4.711962703930646,0.14555783569812775,0.0,0.0,-0.9893497228622437,0.05758528411388397,0.0,0.0,-0.9983403086662292,-0.29336932465831284
604.4007636045744,-1328.6666598831705,0.0,4.748273236237793,0.14971964061260223,0.0,0.0,-0.988728404045105,0.06305108219385147,0.0,0.0,-0.9980100393295288,0.05355754505034349
603.9139735601373,-1327.25269033113,0.0,4.785215054911676,0.15377624332904816,0.0,0.0,-0.9881056547164917,0.06843941658735275,0.0,0.0,-0.9976550340652466,-0.2952350730761857
603.412172881151,-1325.8321258130513,0.0,4.822706885887349,0.15772423148155212,0.0,0.0,-0.9874831438064575,0.07374781370162964,0.0,0.0,-0.9972766637802124,0.05166401823339026
602.8954617068641,-1324.404790576294,0.0,4.860667455099884,0.16156120598316193,0.0,0.0,-0.9868625998497009,0.0789756178855896,0.0,0.0,-0.9968763589859009,-0.29715227354146523
602.363962256067,-1322.9705283964947,0.0,4.899015488484325,0.1652842015028,0.0,0.0,-0.98624587059021,0.08411972969770432,0.0,0.0,-0.9964555501937866,0.049727248870539725
601.8178203802574,-1321.52920199127,0.0,4.937669711975748,0.1688898652791977,0.0,0.0,-0.9856348633766174,0.0891793966293335,0.0,0.0,-0.9960154891014099,-0.29910450705113306
601.2572070488159,-1320.0806924563594,0.0,4.976548851509191,0.17237567901611328,0.0,0.0,-0.9850313067436218,0.09415123611688614,0.0,0.0,-0.9955578446388245,0.04776365596481025
600.6823197610249,-1318.6248987259808,0.0,5.015571633019733,0.17573842406272888,0.0,0.0,-0.9844369292259216,0.09903322160243988,0.0,0.0,-0.9950841069221497,-0.3010753546021705
600.0933838794565,-1317.161737059275,0.0,5.054656782442422,0.17897513508796692,0.0,0.0,-0.9838536381721497,0.10382392257452011,0.0,0.0,-0.9945955872535706,0.045789658519219956
599.4906538790011,-1315.691140554843,0.0,5.093723025712309,0.18208283185958862,0.0,0.0,-0.9832831621170044,0.10852111130952835,0.0,0.0,-0.9940940141677856,-0.3030483971915588
598.8744145055704,-1314.2130586954006,0.0,5.132689088764472,0.18505817651748657,0.0,0.0,-0.9827275276184082,0.11312039941549301,0.0,0.0,-0.9935811161994934,0.04382167553678751
598.2449818383312,-1312.7274569247375,0.0,5.171473697533949,0.187898188829422,0.0,0.0,-0.9821884632110596,0.11762187629938126,0.0,0.0,-0.9930583238601685,-0.3050072158162798
597.6027042491592,-1311.234316259126,0.0,5.209995577955815,0.19059981405735016,0.0,0.0,-0.9816678166389465,0.12202101945877075,0.0,0.0,-0.992527425289154,0.04187612602053159
596.9479632529074,-1309.733632935464,0.0,5.248173455965114,0.19315941631793976,0.0,0.0,-0.9811673164367676,0.12631511688232422,0.0,0.0,-0.9919900298118591,-0.3069353914733151
596.2811742419976,-1308.225418098392,0.0,5.285926057496925,0.19557367265224457,0.0,0.0,-0.9806889295578003,0.13050353527069092,0.0,0.0,-0.9914476871490479,0.03996942897347039
595.6027870988273,-1306.709697528688,0.0,5.323172108486289,0.1978393793106079,0.0,0.0,-0.9802342653274536,0.13458259403705597,0.0,0.0,-0.9909022450447083,-0.3088165051596466
594.9132866794935,-1305.186511415219,0.0,5.359830334868264,0.19995281100273132,0.0,0.0,-0.9798053503036499,0.13854984939098358,0.0,0.0,-0.9903552532196045,0.038118003398623146
594.2131931624016,-1303.655914172722,0.0,5.395819462577923,0.20191027224063873,0.0,0.0,-0.9794038534164429,0.14240312576293945,0.0,0.0,-0.9898084998130798,-0.31063413787225563
593.5030621950348,-1302.1179741774113,0.0,5.431058677865336,0.20370765030384064,0.0,0.0,-0.9790316224098206,0.14613907039165497,0.0,0.0,-0.9892638325691223,0.0363382450507741
592.7834659026637,-1300.5727329395258,0.0,5.4656113928340355,0.20534121990203857,0.0,0.0,-0.9786903262138367,0.14975477755069733,0.0,0.0,-0.9887229204177856,-0.31237922448683647
592.0549459721981,-1299.020107069653,0.0,5.499889446646302,0.20680737495422363,0.0,0.0,-0.9783815741539001,0.1532476246356964,0.0,0.0,-0.9881875514984131,0.03460703021177075
591.3180050844109,-1297.4598746211777,0.0,5.534356248835402,0.20810061693191528,0.0,0.0,-0.9780992269515991,0.15661539137363434,0.0,0.0,-0.9876594543457031,-0.3141199720721446
590.5731057348039,-1295.891675828889,0.0,5.569475208934625,0.20921984314918518,0.0,0.0,-0.9778551459312439,0.15985462069511414,0.0,0.0,-0.9871402978897095,0.032833345358274646
589.8206698131448,-1294.3150135903861,0.0,5.60570973647723,0.21016240119934082,0.0,0.0,-0.9776500463485718,0.16296295821666718,0.0,0.0,-0.9866318702697754,-0.31594999871571056
589.0610789757396,-1292.729253678721,0.0,5.643523240996511,0.21092598140239716,0.0,0.0,-0.977484405040741,0.16593842208385468,0.0,0.0,-0.9861357808113098,0.030923572402755506
588.2946758464785,-1291.1336246742337,0.0,5.683379132025725,0.21150878071784973,0.0,0.0,-0.9773585796356201,0.1687755137681961,0.0,0.0,-0.9856541752815247,-0.3179629225050648
587.521766086172,-1289.5272176025114,0.0,5.725740819098164,0.21190983057022095,0.0,0.0,-0.977272629737854,0.17147302627563477,0.0,0.0,-0.9851884245872498,0.02878409325768283
586.7426213746314,-1287.9089852638917,0.0,5.7710717117470915,0.21212905645370483,0.0,0.0,-0.9772264361381531,0.17402783036231995,0.0,0.0,-0.9847403764724731,-0.32025236152773795
585.9574833564996,-1286.2777412378355,0.0,5.819835219505782,0.21216696500778198,0.0,0.0,-0.9772197008132935,0.17643651366233826,0.0,0.0,-0.9843116998672485,0.026321289835526784
585.1665686099893,-1284.6321585428684,0.0,5.87249475190752,0.2120254933834076,0.0,0.0,-0.9772516489028931,0.1786961555480957,0.0,0.0,-0.9839040040969849,-0.3229119338712601
584.3700749308543,-1282.9707683960294,0.0,5.929512053620652,0.21170693635940552,0.0,0.0,-0.977321445941925,0.18080289661884308,0.0,0.0,-0.9835191369056702,0.02344162813284334
583.5682518603853,-1281.2920909308057,0.0,5.990874906185245,0.21121446788311005,0.0,0.0,-0.9774279594421387,0.1827525794506073,0.0,0.0,-0.9831587076187134,-0.32601106783916883
582.7615568958269,-1279.5949479966428,0.0,6.055446914247168,0.210552379488945,0.0,0.0,-0.9775698781013489,0.18454234302043915,0.0,0.0,-0.9828243255615234,0.020180415604463375
581.9506795162238,-1277.8785071828454,0.0,6.121928668482786,0.20972639322280884,0.0,0.0,-0.9777454137802124,0.1861668825149536,0.0,0.0,-0.9825178980827332,-0.329368732194503
581.136540764995,-1276.1422809843536,0.0,6.18902075956843,0.2087429016828537,0.0,0.0,-0.9779526591300964,0.1876220852136612,0.0,0.0,-0.9822410941123962,0.016791926155693415
580.3202901704286,-1274.3861268593628,0.0,6.255423778180429,0.20760977268218994,0.0,0.0,-0.9781894087791443,0.18890410661697388,0.0,0.0,-0.9819953441619873,-0.3327224200031898
579.503299801664,-1272.6102482483595,0.0,6.3198383149951525,0.20633792877197266,0.0,0.0,-0.9784626960754395,0.1900080442428589,0.0,0.0,-0.9817823171615601,0.01353866672060633
578.6871552624885,-1270.8151966240239,0.0,6.380964960688914,0.20493614673614502,0.0,0.0,-0.9787606596946716,0.19092848896980286,0.0,0.0,-0.9816036820411682,-0.3358096243311575
577.8736134406008,-1269.0018072783196,0.0,6.437743265992479,0.2034166008234024,0.0,0.0,-0.9790804386138916,0.1916671097278595,0.0,0.0,-0.9814597368240356,0.010671075543658592
577.06430676959,-1267.1709692541745,0.0,6.490121146395607,0.20179325342178345,0.0,0.0,-0.9794185161590576,0.19223211705684662,0.0,0.0,-0.9813460111618042,-0.338454971826265
576.2600794356767,-1265.3237542169857,0.0,6.538312453326399,0.2000785619020462,0.0,0.0,-0.9797720909118652,0.19263261556625366,0.0,0.0,-0.9812660217285156,0.00823717115321454
575.4614885507857,-1263.4612547254483,0.0,6.582531039642154,0.1982843577861786,0.0,0.0,-0.9801382422447205,0.19287751615047455,0.0,0.0,-0.9812175035476685,-0.3406882337614041
574.6690337627258,-1261.5845102588796,0.0,6.622990758200136,0.1964215189218521,0.0,0.0,-0.9805144667625427,0.19297675788402557,0.0,0.0,-0.9811981320381165,0.006193751024023475
573.883159554183,-1259.6945066990074,0.0,6.659905461857641,0.19449996948242188,0.0,0.0,-0.9808984398841858,0.19293925166130066,0.0,0.0,-0.9812057018280029,-0.34255261273400534
573.1042575061434,-1257.792175820704,0.0,6.693489003471939,0.19252841174602509,0.0,0.0,-0.9812881350517273,0.1927708387374878,0.0,0.0,-0.9812387824058533,0.00449761255865494
572.3326685659948,-1255.8783947772447,0.0,6.72395523590032,0.19051533937454224,0.0,0.0,-0.9816815257072449,0.19248105585575104,0.0,0.0,-0.9812950491905212,-0.3440913113414994
571.5686853082043,-1253.9539855827102,0.0,6.751518012000061,0.1884683072566986,0.0,0.0,-0.9820770025253296,0.1920761615037918,0.0,0.0,-0.9813730120658875,0.0031055531596781427
570.8125541765444,-1252.0197145939135,0.0,6.776391184628438,0.18639430403709412,0.0,0.0,-0.9824731945991516,0.19156470894813538,0.0,0.0,-0.9814706444740295,-0.3453475321813164
570.0644776978722,-1250.07629199404,0.0,6.798788606642741,0.18429946899414062,0.0,0.0,-0.9828686118125916,0.1909532994031906,0.0,0.0,-0.9815865159034729,0.0019743702296628474
569.3246166584524,-1248.1243712799753,0.0,6.818924130900243,0.1821897327899933,0.0,0.0,-0.9832622408866882,0.19024913012981415,0.0,0.0,-0.9817243814468384,-0.3463644778508872
568.5930922347688,-1246.1645487551004,0.0,6.837011610258235,0.18007031083106995,0.0,0.0,-0.9836528301239014,0.18945828080177307,0.0,0.0,-0.9818783402442932,0.0010608611711784288
567.8699880716664,-1244.197363029137,0.0,6.853264897573985,0.17794618010520935,0.0,0.0,-0.9840394854545593,0.1885867863893509,0.0,0.0,-0.9820470809936523,-0.3471853509476423
567.1553523015224,-1242.2232945264593,0.0,6.867897845704787,0.1758216768503189,0.0,0.0,-0.9844213724136353,0.18764044344425201,0.0,0.0,-0.9822292327880859,0.0003218233867944287
566.4491994989517,-1240.2427650040902,0.0,6.881124307507916,0.17370086908340454,0.0,0.0,-0.9847979545593262,0.18662536144256592,0.0,0.0,-0.9824233651161194,-0.3478533540690124
565.7515125662943,-1238.2561370804788,0.0,6.893158135840657,0.17158761620521545,0.0,0.0,-0.9851683974266052,0.1855466514825821,0.0,0.0,-0.982628345489502,-0.0002859457209197225
565.0622445458376,-1236.2637137759477,0.0,6.904213183560286,0.16948536038398743,0.0,0.0,-0.9855323433876038,0.18440905213356018,0.0,0.0,-0.9828430414199829,-0.348411689812428
564.381320355368,-1234.2657380656049,0.0,6.914503303524081,0.16739723086357117,0.0,0.0,-0.9858893752098083,0.18321846425533295,0.0,0.0,-0.9830663204193115,-0.0008056487493943165
563.708638444227,-1232.2623924453496,0.0,6.924242348589331,0.16532570123672485,0.0,0.0,-0.986238956451416,0.18197795748710632,0.0,0.0,-0.9832972884178162,-0.34890356077531937
563.0440723675832,-1230.2537985114889,0.0,6.933644171613318,0.16327397525310516,0.0,0.0,-0.9865807890892029,0.1806938201189041,0.0,0.0,-0.983534574508667,-0.0012804882960603114
562.3874722770994,-1228.2400165543643,0.0,6.942922625453319,0.16124409437179565,0.0,0.0,-0.9869145154953003,0.17936933040618896,0.0,0.0,-0.9837774038314819,-0.34937216955511735
561.7386663265861,-1226.2210451662868,0.0,6.952291562966613,0.15923862159252167,0.0,0.0,-0.9872401356697083,0.1780087798833847,0.0,0.0,-0.9840248823165894,-0.0017536669583479436
561.0974619915963,-1224.1968208639814,0.0,6.961964837010488,0.15725919604301453,0.0,0.0,-0.9875574707984924,0.1766178011894226,0.0,0.0,-0.9842758774757385,-0.34986071874925245
560.463647302197,-1222.1672177256573,0.0,6.972156300442217,0.15530796349048615,0.0,0.0,-0.9878661632537842,0.17519758641719818,0.0,0.0,-0.984529972076416,-0.0022683873336877824
559.8369919884074,-1220.1320470427606,0.0,6.983079806119086,0.15338648855686188,0.0,0.0,-0.9881662726402283,0.17375285923480988,0.0,0.0,-0.984786331653595,-0.3504124109551549
559.2172485379551,-1218.0910569863802,0.0,6.994949206898381,0.1514965146780014,0.0,0.0,-0.9884577989578247,0.17228686809539795,0.0,0.0,-0.9850441813468933,-0.002867852019510786
558.6041531661281,-1216.0439322882476,0.0,7.007978355637371,0.14963924884796143,0.0,0.0,-0.9887406826019287,0.17080292105674744,0.0,0.0,-0.9853028655052185,-0.3510704487702554
557.9974266975445,-1213.9902939362173,0.0,7.022381105193345,0.14781633019447327,0.0,0.0,-0.9890148639678955,0.16930407285690308,0.0,0.0,-0.985561728477478,-0.0035952636132468574
557.3967753596722,-1211.9296988840922,0.0,7.038371308423582,0.14602895081043243,0.0,0.0,-0.9892803430557251,0.16779330372810364,0.0,0.0,-0.9858202934265137,-0.35187803479198454
556.8018967102801,-1209.861658050679,0.0,7.056100497872118,0.14427834749221802,0.0,0.0,-0.989537239074707,0.1662730723619461,0.0,0.0,-0.9860780239105225,-0.004490677221758721
556.2125006873911,-1207.7857096902924,0.0,7.075469709812174,0.14256557822227478,0.0,0.0,-0.9897853136062622,0.1647462695837021,0.0,0.0,-0.9863343834877014,-0.3528562778192602
555.6283137929589,-1205.701438117757,0.0,7.096317051215813,0.14089147746562958,0.0,0.0,-0.990024983882904,0.1632152795791626,0.0,0.0,-0.9865890145301819,-0.005543573252245526
555.0490778667393,-1203.6084740302524,0.0,7.1184806290548295,0.13925714790821075,0.0,0.0,-0.9902562499046326,0.1616823971271515,0.0,0.0,-0.9868415594100952,-0.3539756504373923
554.4745489208699,-1201.5064948191134,0.0,7.141798550300984,0.13766339421272278,0.0,0.0,-0.990479052066803,0.16015054285526276,0.0,0.0,-0.9870914220809937,-0.006721246042455331
553.9044960351283,-1199.3952248717376,0.0,7.1661089219260745,0.1361110955476761,0.0,0.0,-0.9906935095787048,0.15862111747264862,0.0,0.0,-0.9873384237289429,-0.3552034469841141
553.3387003131973,-1197.2744358636683,0.0,7.191249850901884,0.13460099697113037,0.0,0.0,-0.9908998012542725,0.15709719061851501,0.0,0.0,-0.9875821471214294,-0.007990989930122427
552.7769539006057,-1195.1439470408516,0.0,7.2170594442002045,0.13313378393650055,0.0,0.0,-0.9910980463027954,0.1555802822113037,0.0,0.0,-0.9878223538398743,-0.35650696179716057
552.2190590653037,-1193.0036254919814,0.0,7.2433758087928,0.13171014189720154,0.0,0.0,-0.9912882447242737,0.15407221019268036,0.0,0.0,-0.9880587458610535,-0.009320099252980829
551.6648273421031,-1190.8533864108074,0.0,7.270037051651468,0.13033001124858856,0.0,0.0,-0.9914618730545044,0.1525753289461136,0.0,0.0,-0.9882910251617432,-0.357853489214265
551.1140787424448,-1188.6931933481872,0.0,7.296881279747999,0.1289951354265213,0.0,0.0,-0.9916291236877441,0.15109123289585114,0.0,0.0,-0.9885190725326538,-0.010675868348765216
550.5666410311516,-1186.5230584536446,0.0,7.323746600054158,0.12770740687847137,0.0,0.0,-0.9917988777160645,0.14962168037891388,0.0,0.0,-0.9887425899505615,-0.35921032357316196
550.0223490719953,-1184.3430427061237,0.0,7.35047111954174,0.1264650970697403,0.0,0.0,-0.9919521808624268,0.1481677144765854,0.0,0.0,-0.9889616370201111,-0.012025591555208714
549.4810442440314,-1182.1532561336096,0.0,7.376892945182526,0.12527014315128326,0.0,0.0,-0.9920991063117981,0.14673222601413727,0.0,0.0,-0.9891756772994995,-0.36054475921158546
548.94257393075,-1179.9538580212227,0.0,7.402850183948315,0.12412315607070923,0.0,0.0,-0.9922395944595337,0.14531660079956055,0.0,0.0,-0.989384651184082,-0.013336563210046615
548.4067910841534,-1177.745057107404,0.0,7.42818094281087,0.12302470952272415,0.0,0.0,-0.992373526096344,0.1439218372106552,0.0,0.0,-0.9895886182785034,-0.36182409046727004
547.8735538424546,-1175.5271116698748,0.0,7.452723657489992,0.12197545915842056,0.0,0.0,-0.9925009608268738,0.14254973828792572,0.0,0.0,-0.9897872805595398,-0.01457609425444667
547.3427207591027,-1173.300310774371,0.0,7.476380267671568,0.12097615003585815,0.0,0.0,-0.9926218390464783,0.14120200276374817,0.0,0.0,-0.9899804592132568,-0.36301886875926886
546.8141410178184,-1171.0649329792768,0.0,7.499191472950411,0.1200268566608429,0.0,0.0,-0.992736279964447,0.13987994194030762,0.0,0.0,-0.9901682138442993,-0.01572817532913573
546.2876534924345,-1168.8212407799913,0.0,7.521216302809095,0.11912847310304642,0.0,0.0,-0.9928442239761353,0.13858501613140106,0.0,0.0,-0.9903503060340881,-0.3641312339036468
545.7630871116019,-1166.569480504917,0.0,7.54251378673019,0.1182813048362732,0.0,0.0,-0.9929456114768982,0.13731829822063446,0.0,0.0,-0.9905267953872681,-0.016803805830201135
545.2402611998663,-1164.309882215102,0.0,7.563142954196273,0.11748600006103516,0.0,0.0,-0.9930405020713806,0.13608142733573914,0.0,0.0,-0.99069744348526,-0.3651731110483985
544.7189857942742,-1162.0426596077095,0.0,7.583162834689901,0.1167430654168129,0.0,0.0,-0.9931289553642273,0.1348755806684494,0.0,0.0,-0.9908624291419983,-0.01781491090563686
544.1990619357292,-1159.7680099234778,0.0,7.602632457693647,0.11605311185121536,0.0,0.0,-0.9932109117507935,0.13370126485824585,0.0,0.0,-0.9910216331481934,-0.366156425341517
543.680281934358,-1157.4861138583267,0.0,7.621610852690092,0.11541661620140076,0.0,0.0,-0.9932863712310791,0.13256047666072845,0.0,0.0,-0.9911748766899109,-0.018773415703437157
543.1624296082015,-1155.1971354792481,0.0,7.640157049161788,0.11483415216207504,0.0,0.0,-0.993355393409729,0.13145415484905243,0.0,0.0,-0.9913222193717957,-0.3670931019309966
542.6452804945811,-1152.9012221446258,0.0,7.658330076591314,0.11430598050355911,0.0,0.0,-0.9934179186820984,0.13038316369056702,0.0,0.0,-0.9914636015892029,-0.019691245371595
542.1286020335277,-1150.598504429095,0.0,7.676188964461236,0.11383257061243057,0.0,0.0,-0.993474006652832,0.1293492466211319,0.0,0.0,-0.9915990233421326,-0.36799506596483106
541.6121537226942,-1148.2890960530717,0.0,7.693792742254135,0.11341419816017151,0.0,0.0,-0.9935236573219299,0.12835313379764557,0.0,0.0,-0.9917284250259399,-0.02058032505810503
541.0956872431968,-1145.973093817053,0.0,7.711200439452562,0.11305054277181625,0.0,0.0,-0.9935669302940369,0.1273961067199707,0.0,0.0,-0.9918517470359802,-0.36887424259101426
540.5789465558535,-1143.6505775407938,0.0,7.7284710855390975,0.11274143308401108,0.0,0.0,-0.9936038255691528,0.12647810578346252,0.0,0.0,-0.9919692873954773,-0.02145257991096039
540.0616679673079,-1141.321610007465,0.0,7.745663709996314,0.11248631775379181,0.0,0.0,-0.9936344623565674,0.12560062110424042,0.0,0.0,-0.9920807480812073,-0.36974255695754027
539.5435801655359,-1138.9862369128703,0.0,7.762837342306772,0.11228446662425995,0.0,0.0,-0.9936589598655701,0.1247653216123581,0.0,0.0,-0.9921861886978149,-0.022319935078155273
539.0244042242422,-1136.6444868198344,0.0,7.780051011953044,0.11213436722755432,0.0,0.0,-0.9936774969100952,0.12397138774394989,0.0,0.0,-0.9922856688499451,-0.3706119342124025
538.503853575655,-1134.2963711178263,0.0,7.797363748417707,0.1120343953371048,0.0,0.0,-0.9936902523040771,0.12322133034467697,0.0,0.0,-0.9923791289329529,-0.023194315707683655
537.9816339512284,-1131.9418839879188,0.0,7.8148345811833195,0.1119820773601532,0.0,0.0,-0.9936975240707397,0.1225147619843483,0.0,0.0,-0.9924665689468384,-0.3714942995035951
537.4574432897493,-1129.5810023731635,0.0,7.832522539732455,0.11197488009929657,0.0,0.0,-0.9936996102333069,0.12185299396514893,0.0,0.0,-0.9925438165664673,-0.02408764694753901
536.9309716123375,-1127.2136859544562,0.0,7.8504866535476845,0.1120094358921051,0.0,0.0,-0.9936968088150024,0.12123584002256393,0.0,0.0,-0.9926159381866455,-0.37240157797911166
536.4019008638073,-1124.8398771319937,0.0,7.868785952111584,0.11208201199769974,0.0,0.0,-0.9936895966529846,0.12066586315631866,0.0,0.0,-0.9926825761795044,-0.025011853945715812
535.8699047198395,-1122.4595010123933,0.0,7.887479464906711,0.11218870431184769,0.0,0.0,-0.9936783909797668,0.12014301866292953,0.0,0.0,-0.9927438497543335,-0.37334569478694635
535.334648359378,-1120.0724654015708,0.0,7.906626221415636,0.11232443153858185,0.0,0.0,-0.9936637878417969,0.11966852843761444,0.0,0.0,-0.9927995800971985,-0.02597886185020698
534.7957882016376,-1117.6786608034652,0.0,7.926285251120944,0.11248375475406647,0.0,0.0,-0.9936463832855225,0.11924108862876892,0.0,0.0,-0.9928499460220337,-0.37433857507509316
534.2529716070696,-1115.2779604247125,0.0,7.946515583505185,0.11266090720891953,0.0,0.0,-0.9936268925666809,0.11886384338140488,0.0,0.0,-0.9928945302963257,-0.027000595809007044
533.7058365415827,-1112.870220185364,0.0,7.967376248050935,0.11284912377595901,0.0,0.0,-0.9936059713363647,0.11853567510843277,0.0,0.0,-0.9929335117340088,-0.3753921439915452
533.1540112032696,-1110.4552787357566,0.0,7.988926274240765,0.1130412295460701,0.0,0.0,-0.9935845136642456,0.1182578057050705,0.0,0.0,-0.9929667115211487,-0.02808898097010959
532.5971139526422,-1108.0329574796638,0.0,8.011224691557258,0.1132294163107872,0.0,0.0,-0.9935634732246399,0.11802636086940765,0.0,0.0,-0.9929945468902588,-0.37651832668429736
532.0349387951997,-1105.6030680690258,0.0,8.034305849017397,0.11340563744306564,0.0,0.0,-0.9935437440872192,0.11783670634031296,0.0,0.0,-0.9930175542831421,-0.0292546959933489
531.4677762880742,-1103.1654636766766,0.0,8.058034765052186,0.11356254667043686,0.0,0.0,-0.9935262203216553,0.11768188327550888,0.0,0.0,-0.9930364489555359,-0.3777167567870645
530.896017574164,-1100.7200605964135,0.0,8.082205393581164,0.11369302123785019,0.0,0.0,-0.9935116171836853,0.11755533516407013,0.0,0.0,-0.9930520057678223,-0.030475434807943735
530.3200758911665,-1098.2668384184335,0.0,8.10661144471935,0.11379127949476242,0.0,0.0,-0.9935007691383362,0.11745193600654602,0.0,0.0,-0.993064820766449,-0.37894938563242747
529.7403871035626,-1095.8058401110632,0.0,8.131046628581796,0.11385154724121094,0.0,0.0,-0.9934942126274109,0.11736751347780228,0.0,0.0,-0.993075430393219,-0.031709535003016764
529.1574100646003,-1093.3371720820614,0.0,8.155304655283542,0.11386872082948685,0.0,0.0,-0.993492603302002,0.1172955259680748,0.0,0.0,-0.9930845499038696,-0.380174538496152
528.5716268046164,-1090.8610042190492,0.0,8.179179234939639,0.11383836716413498,0.0,0.0,-0.9934964179992676,0.11723121255636215,0.0,0.0,-0.9930927157402039,-0.03291532185433482
527.9835425420041,-1088.3775699086182,0.0,8.202464077665105,0.11375599354505539,0.0,0.0,-0.9935060739517212,0.11716923862695694,0.0,0.0,-0.9931005835533142,-0.3813505406540038
527.3936855131885,-1085.8871660336754,0.0,8.224952893574994,0.11361765116453171,0.0,0.0,-0.993522047996521,0.11710570752620697,0.0,0.0,-0.9931086301803589,-0.03405112063766247
526.8026066181249,-1083.3901529485938,0.0,8.24643939278435,0.11341959983110428,0.0,0.0,-0.9935446977615356,0.11703667044639587,0.0,0.0,-0.9931172728538513,-0.38243571738174914
526.2108788780887,-1080.8869544317547,0.0,8.266717285408202,0.1131584420800209,0.0,0.0,-0.9935743808746338,0.11695719510316849,0.0,0.0,-0.9931271076202393,-0.035075256628766094
525.6190967028715,-1078.3780576151335,0.0,8.28558028156159,0.11283130943775177,0.0,0.0,-0.9936112761497498,0.11686323583126068,0.0,0.0,-0.9931385517120361,-0.3833883939551525
525.0278749064679,-1075.8640126414896,0.0,8.302822914086805,0.11243562400341034,0.0,0.0,-0.9936556816101074,0.11675179749727249,0.0,0.0,-0.9931520223617554,-0.03594609665529219
524.4378389286874,-1073.3453955049117,0.0,8.31836206151689,0.11196956783533096,0.0,0.0,-0.9937075972557068,0.11661860346794128,0.0,0.0,-0.9931679964065552,-0.3841731993809144
523.8496060726137,-1070.8227319435173,0.0,8.33236558601518,0.1114315390586853,0.0,0.0,-0.9937671422958374,0.1164599135518074,0.0,0.0,-0.9931867718696594,-0.036653345367327006
523.2637827078308,-1068.2964880259585,0.0,8.34503214413997,0.11082136631011963,0.0,0.0,-0.9938341379165649,0.11627242714166641,0.0,0.0,-0.9932087659835815,-0.3848129245387321
522.6809638471938,-1065.7670700832484,0.0,8.356560392449548,0.11013935506343842,0.0,0.0,-0.9939084053039551,0.11605412513017654,0.0,0.0,-0.9932342767715454,-0.037235580130436985
522.1017328974773,-1063.2348246615225,0.0,8.367148987502189,0.10938683152198792,0.0,0.0,-0.9939896464347839,0.11580117046833038,0.0,0.0,-0.9932636022567749,-0.38534770206664326
521.5266615859651,-1060.7000384960133,0.0,8.376996585856183,0.10856661200523376,0.0,0.0,-0.9940774440765381,0.11551046371459961,0.0,0.0,-0.9932970404624939,-0.03773293358265889
520.9563100647069,-1058.1629385064539,0.0,8.386301844069807,0.107682004570961,0.0,0.0,-0.9941712021827698,0.11517851054668427,0.0,0.0,-0.9933350086212158,-0.3858176646026849
520.391227193933,-1055.6236918141042,0.0,8.395263418701356,0.10673820972442627,0.0,0.0,-0.9942702651023865,0.11480335146188736,0.0,0.0,-0.9933775663375854,-0.038185538362030036
519.8319510059488,-1053.0824057805673,0.0,8.404079966309107,0.10574135184288025,0.0,0.0,-0.9943739175796509,0.11438259482383728,0.0,0.0,-0.9934248924255371,-0.3862629447848945
519.2790093507762,-1050.5391280685571,0.0,8.412950143451342,0.10469892621040344,0.0,0.0,-0.9944812059402466,0.11391259729862213,0.0,0.0,-0.9934773445129395,-0.038633527106587406
518.7329207248148,-1047.9938467247666,0.0,8.422072606686354,0.10362008213996887,0.0,0.0,-0.9945911169052124,0.11339161545038223,0.0,0.0,-0.9935349822044373,-0.38672367525130924
518.1941952839185,-1045.4464902850114,0.0,8.43164601257242,0.10251514613628387,0.0,0.0,-0.9947026371955872,0.11281765252351761,0.0,0.0,-0.9935978651046753,-0.03911703245436854
517.6633360424747,-1042.8969279018365,0.0,8.441869017667823,0.10139584541320801,0.0,0.0,-0.9948145151138306,0.11218754947185516,0.0,0.0,-0.9936662912368774,-0.38723998863996595
517.1408402603668,-1040.344969494806,0.0,8.452940278530855,0.10027569532394409,0.0,0.0,-0.9949254989624023,0.11149993538856506,0.0,0.0,-0.993745744228363,-0.03967618704341058
516.627201020079,-1037.7903659237347,0.0,8.465058451719793,0.09916941821575165,0.0,0.0,-0.9950342178344727,0.11075173318386078,0.0,0.0,-0.9938312768936157,-0.38785201758890214
516.1229089966823,-1035.2328091851925,0.0,8.478422193792918,0.0980934277176857,0.0,0.0,-0.9951391816139221,0.1099412813782692,0.0,0.0,-0.9939228892326355,-0.0403511235117503
515.6284544239938,-1032.6719326326547,0.0,8.493230161308524,0.09706554561853409,0.0,0.0,-0.9952389001846313,0.10907010734081268,0.0,0.0,-0.9940202832221985,-0.3885998947361549
515.1442982681515,-1030.1073116908797,0.0,8.509679450551122,0.0961051806807518,0.0,0.0,-0.9953317642211914,0.1081453487277031,0.0,0.0,-0.9941226840019226,-0.041181895695719895
514.6700511575659,-1027.538527134524,0.0,8.527757922373274,0.09523164480924606,0.0,0.0,-0.9954161643981934,0.10718312114477158,0.0,0.0,-0.9942280650138855,-0.38951294886858684
514.2043902624092,-1024.965290978868,0.0,8.547035584124007,0.09446237981319427,0.0,0.0,-0.9954906105995178,0.10619772970676422,0.0,0.0,-0.9943348169326782,-0.04215551497605996
513.7459558892148,-1022.3874611827787,0.0,8.567032791444674,0.09381325542926788,0.0,0.0,-0.9955538511276245,0.1052040159702301,0.0,0.0,-0.9944413304328918,-0.3905229088342771
513.2933969325853,-1019.8050413212915,0.0,8.5872698999766,0.09329832345247269,0.0,0.0,-0.9956045746803284,0.104214608669281,0.0,0.0,-0.9945463538169861,-0.04317759116454112
512.8453682417997,-1017.2181802011313,0.0,8.607267265361145,0.09293029457330704,0.0,0.0,-0.9956417083740234,0.1032431498169899,0.0,0.0,-0.9946483969688416,-0.3915328767829914
512.4005291453207,-1014.6271714182053,0.0,8.626545243239654,0.09272029250860214,0.0,0.0,-0.995664119720459,0.10230090469121933,0.0,0.0,-0.9947465062141418,-0.0441512264109305
511.95754315244375,-1012.0324528562702,0.0,8.644624189253477,0.09267863631248474,0.0,0.0,-0.995670735836029,0.10140018910169601,0.0,0.0,-0.9948393702507019,-0.3924459548644976
511.5150788507943,-1009.4346061261882,0.0,8.661024459043949,0.09281406551599503,0.0,0.0,-0.9956605434417725,0.10055248439311981,0.0,0.0,-0.9949259757995605,-0.044979522864994737
511.0718120164391,-1006.8343559454798,0.0,8.67526640825242,0.09313436597585678,0.0,0.0,-0.9956324100494385,0.09976906329393387,0.0,0.0,-0.9950053095817566,-0.3931652452285617
510.62642895003745,-1004.2325694582507,0.0,8.686870392520241,0.09364639222621918,0.0,0.0,-0.9955853223800659,0.09906025230884552,0.0,0.0,-0.9950766563415527,-0.045565582676500904
510.1776310476833,-1001.6302554959756,0.0,8.695356767488747,0.09435593336820602,0.0,0.0,-0.9955180287361145,0.09843573719263077,0.0,0.0,-0.9951351284980774,-0.3935938500249509
509.72414060889884,-999.0285637801192,0.0,8.700245888799294,0.0952681377530098,0.0,0.0,-0.9954293966293335,0.0979052186012268,0.0,0.0,-0.995185136795044,-0.04581250799521547
509.26470787662623,-996.4287840681538,0.0,8.701058112093222,0.09638714045286179,0.0,0.0,-0.9953181147575378,0.09747748076915741,0.0,0.0,-0.9952259063720703,-0.3936348714034321
508.79811929502523,-993.8323452451048,0.0,8.697313793011878,0.09771700948476791,0.0,0.0,-0.995193362236023,0.09716158360242844,0.0,0.0,-0.9952564239501953,-0.045623400970905115
508.3232069604673,-991.2408143635172,0.0,8.688533287196611,0.09925949573516846,0.0,0.0,-0.9950447082519531,0.09696473926305771,0.0,0.0,-0.9952758550643921,-0.3931914115137722
507.8388592293207,-988.6558956354202,0.0,8.67423695028876,0.10101623088121414,0.0,0.0,-0.9948710799217224,0.09689506888389587,0.0,0.0,-0.9952831864356995,-0.04490136375333692
507.34403243300704,-986.0794293807342,0.0,8.65394513792967,0.10298839211463928,0.0,0.0,-0.9946714639663696,0.09695867449045181,0.0,0.0,-0.9952775239944458,-0.39216657250573733
506.83775754501795,-983.5133604959105,0.0,8.627280601846593,0.10517594963312149,0.0,0.0,-0.9944446682929993,0.09716176986694336,0.0,0.0,-0.9952578544616699,-0.04355467001176733
506.31910943972326,-980.9595261387965,0.0,8.594577698673532,0.10757824778556824,0.0,0.0,-0.9941893815994263,0.09750993549823761,0.0,0.0,-0.9952231645584106,-0.39051491072932015
505.7871945378984,-978.4195661862815,0.0,8.556472874103507,0.11019359529018402,0.0,0.0,-0.9939042925834656,0.09800758212804794,0.0,0.0,-0.9951724410057068,-0.04163018392237211
505.24115328324746,-975.8949235140184,0.0,8.513603672694872,0.11301939934492111,0.0,0.0,-0.9935879707336426,0.09865941852331161,0.0,0.0,-0.9951046109199524,-0.38834979954706583
504.6801609308619,-973.3868446832112,0.0,8.466607639006023,0.11605232208967209,0.0,0.0,-0.993239164352417,0.0994701087474823,0.0,0.0,-0.9950253963470459,-0.039256646867379785
504.1034266315673,-970.8963807023617,0.0,8.416122317595311,0.1192878782749176,0.0,0.0,-0.9928563833236694,0.10044129937887192,0.0,0.0,-0.994929313659668,-0.3858000358394541
503.51019086985815,-968.4243878589716,0.0,8.362785253021075,0.12272126972675323,0.0,0.0,-0.992438554763794,0.1015765517950058,0.0,0.0,-0.994815468788147,-0.03656285572726681
502.89972132212125,-965.9715286161315,0.0,8.307233989841723,0.12634684145450592,0.0,0.0,-0.9919840097427368,0.1028769388794899,0.0,0.0,-0.9946829676628113,-0.3829944164869616
502.2713072081748,-963.5382725689943,0.0,8.250106072615608,0.1301582306623459,0.0,0.0,-0.9914914965629578,0.10434453934431076,0.0,0.0,-0.9945310950279236,-0.033677607382513575
501.6242522128425,-961.1248974562877,0.0,8.192039045901094,0.1341487020254135,0.0,0.0,-0.9909597039222717,0.10598040372133255,0.0,0.0,-0.9943591356277466,-0.3800617383700669
500.9578660554117,-958.7314902223403,0.0,8.133670454256514,0.13831083476543427,0.0,0.0,-0.990387499332428,0.10778465867042542,0.0,0.0,-0.9941661357879639,-0.030729698713595377
500.2714547834324,-956.3579481255019,0.0,8.075637842240285,0.142637237906456,0.0,0.0,-0.9897739291191101,0.10975765436887741,0.0,0.0,-0.9939509630203247,-0.3771307983692473
499.56430986350034,-954.0039798893708,0.0,8.018578754410754,0.14711987972259521,0.0,0.0,-0.9891176819801331,0.1118985041975975,0.0,0.0,-0.9937129020690918,-0.02784792660099278
498.8356961354989,-951.6691068939028,0.0,7.963130735326262,0.15175074338912964,0.0,0.0,-0.9884179830551147,0.11420724540948868,0.0,0.0,-0.9934507608413696,-0.37433039336498003
498.0848396148264,-949.3526672088992,0.0,7.909921746419238,0.15652179718017578,0.0,0.0,-0.987673819065094,0.11668281257152557,0.0,0.0,-0.9931635856628418,-0.025160603928920888
497.31094552228296,-947.0539101553853,0.0,7.859260517928487,0.16142503917217255,0.0,0.0,-0.986884355545044,0.11932308971881866,0.0,0.0,-0.9928504228591919,-0.37177174546140673
496.51322941712715,-944.7721097603296,0.0,7.811069536157731,0.16645289957523346,0.0,0.0,-0.9860488772392273,0.1221269816160202,0.0,0.0,-0.9925099611282349,-0.02272671596070086
495.69091762890093,-942.506571494215,0.0,7.765248148996449,0.17159754037857056,0.0,0.0,-0.9851666688919067,0.12509040534496307,0.0,0.0,-0.9921412467956543,-0.36945753398861475
494.8433755377482,-940.2567790950616,0.0,7.721695704334071,0.1768522411584854,0.0,0.0,-0.9842370748519897,0.1282070428133011,0.0,0.0,-0.9917437434196472,-0.020527097543409034
493.97066794297865,-938.023030589569,0.0,7.680311550060031,0.18221095204353333,0.0,0.0,-0.9832590818405151,0.1314702033996582,0.0,0.0,-0.9913167953491211,-0.3673674251868955
493.07307376662936,-935.8058894325812,0.0,7.640995034063762,0.18766888976097107,0.0,0.0,-0.9822319746017456,0.13487324118614197,0.0,0.0,-0.9908598065376282,-0.018541414917334853
492.1508489594881,-933.6059165515709,0.0,7.603645504234734,0.1932222545146942,0.0,0.0,-0.9811546802520752,0.13841122388839722,0.0,0.0,-0.9903720021247864,-0.3654810852965406
491.2042287658022,-931.4236732881558,0.0,7.568162308462377,0.1988682746887207,0.0,0.0,-0.9800259470939636,0.14207863807678223,0.0,0.0,-0.9898528456687927,-0.016749334322771314
490.2334301069117,-929.259724220431,0.0,7.534444794636116,0.2046048641204834,0.0,0.0,-0.978844404220581,0.14587140083312988,0.0,0.0,-0.9893012642860413,-0.36377818055784056
489.2386539093473,-927.1146396771653,0.0,7.502392310645421,0.21043069660663605,0.0,0.0,-0.9776085019111633,0.14978551864624023,0.0,0.0,-0.9887163639068604,-0.015130522000008972
488.2200873809793,-924.9889979556548,0.0,7.471904204379719,0.21634511649608612,0.0,0.0,-0.9763166904449463,0.15381771326065063,0.0,0.0,-0.9880973696708679,-0.3622383772110879
487.1779062385976,-922.8833872540002,0.0,7.442879823728454,0.22234775125980377,0.0,0.0,-0.9749671220779419,0.15796604752540588,0.0,0.0,-0.9874428510665894,-0.013664644189339048
486.1122768900716,-920.7984073275139,0.0,7.415218516581058,0.2284393459558487,0.0,0.0,-0.9735578298568726,0.1622265875339508,0.0,0.0,-0.9867520332336426,-0.36084134149657293
485.0233585740368,-918.7346708781112,0.0,7.388819630826994,0.2346200942993164,0.0,0.0,-0.9720869064331055,0.16659782826900482,0.0,0.0,-0.9860236048698425,-0.01233136713105304
483.91130545983293,-916.6928046846542,0.0,7.363582514355692,0.2408912628889084,0.0,0.0,-0.9705519080162048,0.17107777297496796,0.0,0.0,-0.9852563738822937,-0.35956673965458796
482.77626871022323,-914.6734504815176,0.0,7.339406515056588,0.2472544014453888,0.0,0.0,-0.9689503908157349,0.17566576600074768,0.0,0.0,-0.9844487309455872,-0.011110357065441723
481.6183985092047,-912.6772655919327,0.0,7.316190980819139,0.25371113419532776,0.0,0.0,-0.9672799706459045,0.1803601086139679,0.0,0.0,-0.9835996627807617,-0.3583942379254239
480.4378460570357,-910.7049233221062,0.0,7.293835259532779,0.2602632939815521,0.0,0.0,-0.9655376076698303,0.18516093492507935,0.0,0.0,-0.9827073216438293,-0.009981280232797263
479.2347655343875,-908.7571131215523,0.0,7.2722386990869525,0.2669127583503723,0.0,0.0,-0.9637206196784973,0.1900666207075119,0.0,0.0,-0.981770396232605,-0.35730350254937204
478.0093160373493,-906.8345405146705,0.0,7.25130064737109,0.2736617922782898,0.0,0.0,-0.9618257880210876,0.19507722556591034,0.0,0.0,-0.9807871580123901,-0.00892380287341027
476.7616634848117,-904.9379268081852,0.0,7.2309204522746535,0.28051280975341797,0.0,0.0,-0.9598501324653625,0.20019330084323883,0.0,0.0,-0.9797557592391968,-0.3562741997667237
475.49198249956174,-903.0680085787762,0.0,7.2109974616870725,0.28746819496154785,0.0,0.0,-0.9577900171279907,0.2054145783185959,0.0,0.0,-0.9786743521690369,-0.007917591227572851
474.20045826424416,-901.2255369449887,0.0,7.191431023497787,0.29453039169311523,0.0,0.0,-0.9556421041488647,0.21074222028255463,0.0,0.0,-0.9775410890579224,-0.35528599581776993
472.8872883531478,-899.4112766273335,0.0,7.172120485596248,0.3017018735408783,0.0,0.0,-0.9534021615982056,0.21617630124092102,0.0,0.0,-0.9763537645339966,-0.006942311535575896
471.5526845406015,-897.6260048003912,0.0,7.152965195871895,0.3089848458766937,0.0,0.0,-0.951066792011261,0.22171775996685028,0.0,0.0,-0.9751104116439819,-0.3543185569428026
470.1968745865703,-895.8705097406751,0.0,7.13386450221417,0.3163817226886749,0.0,0.0,-0.9486318230628967,0.22736738622188568,0.0,0.0,-0.9738085865974426,-0.0059776300377110125
468.82010339987744,-894.145588534688,0.0,7.114720825771108,0.3238948583602905,0.0,0.0,-0.9460930228233337,0.23312567174434662,0.0,0.0,-0.9724462628364563,-0.3533517045971934
467.4226186201732,-892.4520261946824,0.0,7.095517658276847,0.3315260112285614,0.0,0.0,-0.9434459805488586,0.2389931082725525,0.0,0.0,-0.9710209965705872,-0.005007773093556489
466.0046532559363,-890.7905750610788,0.0,7.076325789500737,0.3392767310142517,0.0,0.0,-0.9406866431236267,0.2449709177017212,0.0,0.0,-0.9695301651954651,-0.3523824182953696
464.5664235862221,-889.1619552898802,0.0,7.05722033009944,0.34714820981025696,0.0,0.0,-0.9378103017807007,0.25106164813041687,0.0,0.0,-0.9679707884788513,-0.0040428509015718594
463.1081278924044,-887.566856552286,0.0,7.038276390729623,0.3551408052444458,0.0,0.0,-0.9348129034042358,0.2572655975818634,0.0,0.0,-0.9663404822349548,-0.3514256536807323
461.6299452059954,-886.0059398728015,0.0,7.0195690820479415,0.36325398087501526,0.0,0.0,-0.9316901564598083,0.2635842561721802,0.0,0.0,-0.9646361470222473,-0.0030980373317899823
460.1320340722267,-884.479839603264,0.0,7.0011735147110565,0.3714858293533325,0.0,0.0,-0.9284386038780212,0.27001744508743286,0.0,0.0,-0.9628552198410034,-0.35049658462331384
458.61453132898293,-882.9891655303976,0.0,6.98316479937562,0.3798332214355469,0.0,0.0,-0.9250549077987671,0.27656829357147217,0.0,0.0,-0.9609941244125366,-0.002188506254242717
457.07755090059675,-881.5345051147724,0.0,6.965618046698313,0.3882913887500763,0.0,0.0,-0.9215365052223206,0.28323641419410706,0.0,0.0,-0.9590500593185425,-0.3496103849931468
455.5211826059159,-880.1164258593135,0.0,6.948608367335782,0.39685437083244324,0.0,0.0,-0.9178814888000488,0.29002341628074646,0.0,0.0,-0.9570195078849792,-0.0013294315389634215
453.9454909799781,-878.7354778058186,0.0,6.932210871944686,0.40551459789276123,0.0,0.0,-0.9140884876251221,0.29693102836608887,0.0,0.0,-0.9548989534378052,-0.34878222866026315
452.350514108525,-877.392196158272,0.0,6.916500671181694,0.4142622649669647,0.0,0.0,-0.9101575016975403,0.30395933985710144,0.0,0.0,-0.9526849985122681,-0.0005359870559840108
450.736262474519,-876.0871040321342,0.0,6.9015528757034685,0.42308562994003296,0.0,0.0,-0.906089723110199,0.3111099302768707,0.0,0.0,-0.9503738284111023,-0.34802728949469625
449.1027178157315,-874.8207153291735,0.0,6.887442596166662,0.4319716989994049,0.0,0.0,-0.9018871188163757,0.31838247179985046,0.0,0.0,-0.94796222448349,0.00017665332466282324
447.4498319923849,-873.5935377378448,0.0,6.874244943227939,0.44090521335601807,0.0,0.0,-0.897553563117981,0.32577845454216003,0.0,0.0,-0.9454459547996521,-0.34736074136647793
445.77752586377125,-872.4060758597027,0.0,6.862035027543964,0.44986897706985474,0.0,0.0,-0.8930943608283997,0.3332977890968323,0.0,0.0,-0.9428214430809021,0.000793315732944444
444.08568817265166,-871.2588344627982,0.0,6.850887959771394,0.45884403586387634,0.0,0.0,-0.8885166049003601,0.34093979001045227,0.0,0.0,-0.9400850534439087,-0.34679775814564107
442.3741744362007,-870.1523218635755,0.0,6.8408788505668845,0.467809796333313,0.0,0.0,-0.8838289976119995,0.34870630502700806,0.0,0.0,-0.9372319579124451,0.0012988262988287147
440.6428058421566,-869.0870534393155,0.0,6.832082810587107,0.4767441153526306,0.0,0.0,-0.8790419697761536,0.3565957844257355,0.0,0.0,-0.9342586994171143,-0.34635351370221795
438.8913681487679,-868.0635552737722,0.0,6.824574950488716,0.48562362790107727,0.0,0.0,-0.8741678595542908,0.3646071255207062,0.0,0.0,-0.9311613440513611,0.0016780111522827768
437.1196106988273,-867.0823675751067,0.0,6.818430380928374,0.49442288279533386,0.0,0.0,-0.8692213892936707,0.3727286458015442,0.0,0.0,-0.9279402494430542,-0.34604318190624106
435.32737414719685,-866.1436288935857,0.0,6.813724212562743,0.5031173229217529,0.0,0.0,-0.86421799659729,0.3809398114681244,0.0,0.0,-0.9245996475219727,0.0019156964232742157
433.5148412008038,-865.2462750717813,0.0,6.810516208967627,0.5116841197013855,0.0,0.0,-0.859173595905304,0.38921892642974854,0.0,0.0,-0.9211450815200806,-0.3458811615226493
431.6822504974735,-864.3890601183839,0.0,6.808778772835468,0.5201038122177124,0.0,0.0,-0.8541029691696167,0.3975452482700348,0.0,0.0,-0.9175824522972107,0.0020034457228781943
429.8298380035243,-863.5707809363025,0.0,6.808453438962265,0.5283592343330383,0.0,0.0,-0.8490208387374878,0.40589839220046997,0.0,0.0,-0.9139180779457092,-0.34586473051895217
427.9578391568045,-862.7902735324541,0.0,6.809481706757821,0.5364357233047485,0.0,0.0,-0.8439410328865051,0.41426029801368713,0.0,0.0,-0.9101582765579224,0.0019515130059308827
426.0664909135324,-862.0464093693661,0.0,6.811805075631952,0.5443215370178223,0.0,0.0,-0.8388765454292297,0.42261308431625366,0.0,0.0,-0.9063100218772888,-0.345982072381282
424.1560337110084,-861.3380918585361,0.0,6.8153650449944685,0.5520063638687134,0.0,0.0,-0.8338397741317749,0.43093955516815186,0.0,0.0,-0.902380645275116,0.001771716573480575
422.2267133486902,-860.664252991075,0.0,6.820103114255176,0.5594824552536011,0.0,0.0,-0.8288421630859375,0.439223974943161,0.0,0.0,-0.8983774781227112,-0.3462213688085904
420.27878278981336,-860.0238501016998,0.0,6.8259607828238815,0.5667449235916138,0.0,0.0,-0.8238931894302368,0.44745203852653503,0.0,0.0,-0.8943078517913818,0.0014758747265761762
418.3125038854238,-859.4158627626736,0.0,6.8328795501104045,0.5737897157669067,0.0,0.0,-0.8190025687217712,0.45561036467552185,0.0,0.0,-0.8901792168617249,-0.3465708014998289
416.32814902240665,-858.8392898047683,0.0,6.840800915524552,0.5806149244308472,0.0,0.0,-0.8141781091690063,0.46368488669395447,0.0,0.0,-0.8860000967979431,0.0010758057662656473
414.32600269681683,-858.2931464628083,0.0,6.849666378476126,0.587221086025238,0.0,0.0,-0.8094263672828674,0.47166526317596436,0.0,0.0,-0.8817775845527649,-0.3470185521539488
412.3063630135602,-857.7764616438029,0.0,6.859417438374945,0.593609631061554,0.0,0.0,-0.8047528266906738,0.4795399010181427,0.0,0.0,-0.877519965171814,0.0005833279935980595
410.2695431132287,-857.2882753160894,0.0,6.869995594630817,0.5997840166091919,0.0,0.0,-0.8001617789268494,0.48729977011680603,0.0,0.0,-0.8732345700263977,-0.34755280246990194
408.2158725266403,-856.8276360183261,0.0,6.881342346653547,0.6057489514350891,0.0,0.0,-0.7956556081771851,0.4949358105659485,0.0,0.0,-0.868929386138916,1.0259709621818214e-05
406.1456984574456,-856.3935984875482,0.0,6.893399193852948,0.6115110516548157,0.0,0.0,-0.791235625743866,0.5024393200874329,0.0,0.0,-0.8646122813224792,-0.34816173414663937
404.059386992931,-855.9852214058602,0.0,6.906107635638833,0.6170775890350342,0.0,0.0,-0.786902129650116,0.5098031759262085,0.0,0.0,-0.8602908849716187,-0.0006315807846147825
401.9573242429524,-855.6015652656732,0.0,6.9194091714210115,0.6224576830863953,0.0,0.0,-0.782653272151947,0.5170211791992188,0.0,0.0,-0.8559724688529968,-0.34883352888311303
399.83991740678493,-855.2416903537141,0.0,6.933245300609286,0.6276610493659973,0.0,0.0,-0.7784865498542786,0.5240863561630249,0.0,0.0,-0.8516649007797241,-0.0013303751880630599
397.70759576746013,-854.9046548543272,0.0,6.947557522613471,0.6326988339424133,0.0,0.0,-0.7743977308273315,0.5309944748878479,0.0,0.0,-0.8473750352859497,-0.34955636837827386
395.56081161304866,-854.5895130728524,0.0,6.962287336843384,0.6375834345817566,0.0,0.0,-0.7703810930252075,0.5377395153045654,0.0,0.0,-0.8431107401847839,-0.0020743051996748307
393.4000410841815,-854.2953137801219,0.0,6.977376242708819,0.6423282623291016,0.0,0.0,-0.7664294838905334,0.5443196296691895,0.0,0.0,-0.8388776183128357,-0.35031843433107357
391.2257849469871,-854.0210986793351,0.0,6.992765739619596,0.6469472646713257,0.0,0.0,-0.7625346183776855,0.5507317781448364,0.0,0.0,-0.834682047367096,-0.0028515525184009682
389.0385692905073,-853.7659184197912,0.0,7.008397326985521,0.651455819606781,0.0,0.0,-0.7586864233016968,0.5569819211959839,0.0,0.0,-0.8305243253707886,-0.3511079084404637
386.8389458370064,-853.5294246429814,0.0,7.024213494282336,0.65586918592453,0.0,0.0,-0.7548744082450867,0.563079297542572,0.0,0.0,-0.8264026045799255,-0.0036503488465229883
384.6274851790666,-853.3120238332144,0.0,7.0401799416790976,0.6602010726928711,0.0,0.0,-0.7510887384414673,0.5690338015556335,0.0,0.0,-0.8223138451576233,-0.35191429467262336
382.4047697456285,-853.114175739133,0.0,7.056285826679496,0.6644637584686279,0.0,0.0,-0.747320294380188,0.5748547315597534,0.0,0.0,-0.8182551860809326,-0.0044637773818966275
380.1713937055928,-852.9363467613047,0.0,7.0725213461831125,0.6686694622039795,0.0,0.0,-0.7435595989227295,0.5805506110191345,0.0,0.0,-0.8142238259315491,-0.3527342704051293
377.9279631833325,-852.7790099070014,0.0,7.088876697089515,0.6728280782699585,0.0,0.0,-0.7397986650466919,0.5861299633979797,0.0,0.0,-0.8102167844772339,-0.005289805205452247
375.6750964621186,-852.6426447380192,0.0,7.105342076298286,0.6769497394561768,0.0,0.0,-0.7360290884971619,0.5916014909744263,0.0,0.0,-0.8062303066253662,-0.3535658552136531
373.41342417525436,-852.5277373114224,0.0,7.121907680709013,0.6810428500175476,0.0,0.0,-0.7322432994842529,0.5969722867012024,0.0,0.0,-0.8022615909576416,-0.006126451892862705
371.1435894847153,-852.4347801130924,0.0,7.138563707221263,0.6851157546043396,0.0,0.0,-0.7284339070320129,0.6022503972053528,0.0,0.0,-0.7983070611953735,-0.35440706867386773
368.8662482470735,-852.3642719839603,0.0,7.15530035273462,0.6891759634017944,0.0,0.0,-0.7245936989784241,0.6074427366256714,0.0,0.0,-0.794363260269165,-0.006971737019799917
366.58206916649357,-852.3167180387976,0.0,7.172107814148662,0.6932302117347717,0.0,0.0,-0.7207159399986267,0.6125560402870178,0.0,0.0,-0.7904269099235535,-0.3552559303614456
364.2917339345674,-852.2926295774486,0.0,7.188976288362974,0.6972848773002625,0.0,0.0,-0.7167938947677612,0.6175972819328308,0.0,0.0,-0.786494255065918,-0.007823680161936908
361.9959373567748,-852.2925239883773,0.0,7.205895972277123,0.7013452053070068,0.0,0.0,-0.7128216028213501,0.6225714683532715,0.0,0.0,-0.7825627326965332,-0.3561104598520592
359.6953874653195,-852.3169246444087,0.0,7.222857062790695,0.7054165005683899,0.0,0.0,-0.7087928056716919,0.627487063407898,0.0,0.0,-0.7786267399787903,-0.008680300894945592
357.390805618128,-852.3663607905377,0.0,7.239849756803273,0.709503173828125,0.0,0.0,-0.7047021389007568,0.6323490738868713,0.0,0.0,-0.7746833562850952,-0.3569686767213813
355.08292658374984,-852.4413674236864,0.0,7.256864251214424,0.7136087417602539,0.0,0.0,-0.7005444765090942,0.6371638774871826,0.0,0.0,-0.7707282304763794,-0.009539618794498661
352.7724986119462,-852.5424851642862,0.0,7.27389074292373,0.7177361249923706,0.0,0.0,-0.6963152289390564,0.6419358849525452,0.0,0.0,-0.766758143901825,-0.35782860054508364
350.46028348969395,-852.6702601195608,0.0,7.290919428830777,0.7218878865242004,0.0,0.0,-0.6920099854469299,0.646670937538147,0.0,0.0,-0.7627688646316528,-0.010399653436268697
348.14705658239257,-852.8252437383912,0.0,7.307940505835144,0.7260659337043762,0.0,0.0,-0.6876249313354492,0.6513738036155701,0.0,0.0,-0.7587568163871765,-0.3586882508988396
345.8336068600077,-853.0079926576395,0.0,7.3249441708364005,0.7302713990211487,0.0,0.0,-0.6831571459770203,0.6560497283935547,0.0,0.0,-0.7547174096107483,-0.011258424395928057
343.520736907908,-853.219068539819,0.0,7.341920620734129,0.7345046997070312,0.0,0.0,-0.6786035299301147,0.6607040166854858,0.0,0.0,-0.75064617395401,-0.3595456473583209
341.2092629221681,-853.4590379019809,0.0,7.358860052427916,0.7387654185295105,0.0,0.0,-0.6739624738693237,0.6653406620025635,0.0,0.0,-0.7465395331382751,-0.012113951249149602
338.90001468905825,-853.7284719357154,0.0,7.375752662817327,0.7430528402328491,0.0,0.0,-0.6692324876785278,0.6699644923210144,0.0,0.0,-0.7423928380012512,-0.3603988094992002
336.5938355485141,-854.0279463181416,0.0,7.39258864880195,0.7473649978637695,0.0,0.0,-0.6644133925437927,0.6745810508728027,0.0,0.0,-0.7382005453109741,-0.0129642535716053
334.2915823413007,-854.3580410137781,0.0,7.409358207281358,0.7516998052597046,0.0,0.0,-0.6595051884651184,0.6791933178901672,0.0,0.0,-0.7339592576026917,-0.36124575689715016
331.9941253396718,-854.7193400671874,0.0,7.426051535155142,0.7560538649559021,0.0,0.0,-0.6545093059539795,0.683804988861084,0.0,0.0,-0.7296645641326904,-0.013807350938968066
329.7023481612381,-855.1124313862807,0.0,7.442658829322863,0.7604232430458069,0.0,0.0,-0.6494277119636536,0.6884211897850037,0.0,0.0,-0.7253109216690063,-0.3620845091278431
327.4171476658432,-855.5379065161802,0.0,7.45917028668411,0.7648033499717712,0.0,0.0,-0.6442636251449585,0.6930444240570068,0.0,0.0,-0.7208946347236633,-0.01464126292690987
325.13943383518983,-855.9963604035378,0.0,7.475576104138465,0.7691892385482788,0.0,0.0,-0.6390209197998047,0.6976765394210815,0.0,0.0,-0.7164126038551331,-0.362913085766952
322.87003162646084,-856.4882943663433,0.0,7.491866531018013,0.773574709892273,0.0,0.0,-0.6337049603462219,0.7023158073425293,0.0,0.0,-0.711865246295929,-0.01546401175921025
320.60930849061236,-857.0137494576205,0.0,7.508035529240718,0.7779541611671448,0.0,0.0,-0.6283210515975952,0.7069590091705322,0.0,0.0,-0.70725417137146,-0.3637297018388058
318.3574948132934,-857.5726251873131,0.0,7.524083167109749,0.7823224067687988,0.0,0.0,-0.6228736639022827,0.7116035223007202,0.0,0.0,-0.7025810480117798,-0.016274498520272407
316.1148214320848,-858.1648155937575,0.0,7.540010081602832,0.7866748571395874,0.0,0.0,-0.6173673272132874,0.716247022151947,0.0,0.0,-0.6978467702865601,-0.3645340914596686
313.8815196503706,-858.7902092966899,0.0,7.555816909697676,0.7910071611404419,0.0,0.0,-0.6118065118789673,0.7208856344223022,0.0,0.0,-0.6930538415908813,-0.01707282317152714
311.65782122858866,-859.4486895282681,0.0,7.571504288372008,0.7953156232833862,0.0,0.0,-0.6061950922012329,0.725518524646759,0.0,0.0,-0.688202440738678,-0.36532638331190764
309.44395837549297,-860.1401341644336,0.0,7.587072854603555,0.7995966076850891,0.0,0.0,-0.6005370616912842,0.7301422953605652,0.0,0.0,-0.6832951307296753,-0.0178591143953426
307.24016373942396,-860.8644157566152,0.0,7.602523245370028,0.8038468360900879,0.0,0.0,-0.5948358774185181,0.7347539663314819,0.0,0.0,-0.678333580493927,-0.36610670607789114
305.04667039959827,-861.6214015637522,0.0,7.617856097649152,0.808063268661499,0.0,0.0,-0.5890952348709106,0.7393519878387451,0.0,0.0,-0.6733189821243286,-0.018633500874086162
302.8637118574126,-862.4109535846318,0.0,7.633072048418648,0.8122432231903076,0.0,0.0,-0.5833184719085693,0.7439337372779846,0.0,0.0,-0.6682532429695129,-0.36687518843998695
300.6915220277611,-863.2329285905362,0.0,7.648171734656247,0.8163844347000122,0.0,0.0,-0.5775083899497986,0.7484976053237915,0.0,0.0,-0.6631372570991516,-0.019396111290126472
298.5303352303843,-864.0871781581761,0.0,7.663155793339656,0.8204845190048218,0.0,0.0,-0.5716683268547058,0.7530413269996643,0.0,0.0,-0.657973051071167,-0.3676319590805632
296.3803861812314,-864.9735487029164,0.0,7.6780248614466,0.8245416283607483,0.0,0.0,-0.5658009052276611,0.7575622797012329,0.0,0.0,-0.652762770652771,-0.02014707432583074
294.24190998385774,-865.8918815122679,0.0,7.692779575954811,0.8285538554191589,0.0,0.0,-0.5599088668823242,0.7620581984519958,0.0,0.0,-0.6475082635879517,-0.36837714668198795
292.1151421208416,-866.8420127796522,0.0,7.707420573841993,0.8325195908546448,0.0,0.0,-0.5539950728416443,0.7665276527404785,0.0,0.0,-0.6422109603881836,-0.020886518663567277
290.0003184452373,-867.8237736384137,0.0,7.721948492085875,0.8364377021789551,0.0,0.0,-0.5480614304542542,0.7709690928459167,0.0,0.0,-0.6368721723556519,-0.36911087992662844
287.89767517206224,-868.8369901960797,0.0,7.736363967664187,0.8403067588806152,0.0,0.0,-0.542110800743103,0.7753807306289673,0.0,0.0,-0.6314936280250549,-0.021614572985704184
285.80744886981256,-869.8814835688572,0.0,7.750667637554635,0.8441253900527954,0.0,0.0,-0.5361452698707581,0.7797611355781555,0.0,0.0,-0.6260767579078674,-0.3698332874968531
283.7298764520245,-870.9570699163512,0.0,7.764860138734947,0.847892701625824,0.0,0.0,-0.530167281627655,0.78410804271698,0.0,0.0,-0.6206240057945251,-0.02233136597460883
281.665195168868,-872.0635604765034,0.0,7.778942108182844,0.8516080975532532,0.0,0.0,-0.5241786241531372,0.7884200811386108,0.0,0.0,-0.6151367425918579,-0.3705444980750297
279.6136425987904,-873.2007616007315,0.0,7.792914182876057,0.8552706837654114,0.0,0.0,-0.5181810855865479,0.792695939540863,0.0,0.0,-0.6096166372299194,-0.023037026312649922
277.57545664019585,-874.3684747892717,0.0,7.80677699979229,0.858879804611206,0.0,0.0,-0.5121769309043884,0.7969340085983276,0.0,0.0,-0.6040657162666321,-0.3712446403435263
275.55087550317813,-875.5664967267043,0.0,7.820531195909272,0.8624349236488342,0.0,0.0,-0.5061676502227783,0.8011333346366882,0.0,0.0,-0.5984853506088257,-0.0237316826821945
273.5401377012979,-876.7946193176599,0.0,7.83417740820473,0.8659356832504272,0.0,0.0,-0.5001550316810608,0.8052923083305359,0.0,0.0,-0.5928774476051331,-0.37193384298471105
271.54348204341477,-878.0526297226924,0.0,7.847716273656374,0.869381844997406,0.0,0.0,-0.4941405653953552,0.809410035610199,0.0,0.0,-0.5872434973716736,-0.02441546376561088
269.5611476255681,-879.3403103943132,0.0,7.861148429241933,0.8727731704711914,0.0,0.0,-0.48812568187713623,0.8134852647781372,0.0,0.0,-0.5815850496292114,-0.3726122346809514
267.59337382291613,-880.6574391131761,0.0,7.874474511939125,0.8761096000671387,0.0,0.0,-0.48211169242858887,0.8175173401832581,0.0,0.0,-0.575903594493866,-0.025088498245267044
265.64040028173144,-882.0037890244037,0.0,7.887695158725679,0.879391074180603,0.0,0.0,-0.4761000871658325,0.821505069732666,0.0,0.0,-0.57020103931427,-0.3732799441146157
263.7024669114582,-883.3791286740427,0.0,7.9008110065793025,0.8826173543930054,0.0,0.0,-0.4700920581817627,0.8254477977752686,0.0,0.0,-0.5644784569740295,-0.025750914803530867
261.779813876826,-884.7832220456494,0.0,7.913822692477725,0.8857886791229248,0.0,0.0,-0.4640885293483734,0.8293446898460388,0.0,0.0,-0.5587371587753296,-0.37393709996807134
259.8726815900332,-886.2158285969838,0.0,7.926730853398672,0.8889052867889404,0.0,0.0,-0.45809057354927063,0.83319491147995,0.0,0.0,-0.5529792308807373,-0.02640284212277061
257.9813107029931,-887.6767032968124,0.0,7.939536126319855,0.8919672966003418,0.0,0.0,-0.45209944248199463,0.8369976878166199,0.0,0.0,-0.5472061634063721,-0.3745838309236867
256.1059420996479,-889.1655966618073,0.0,7.9522391482189985,0.8949750065803528,0.0,0.0,-0.44611597061157227,0.8407527208328247,0.0,0.0,-0.5414190292358398,-0.027044408885353644
254.24681688835273,-890.6822547935359,0.0,7.964840556073827,0.8979286551475525,0.0,0.0,-0.4401407241821289,0.8444596529006958,0.0,0.0,-0.5356187224388123,-0.3752202656638295
252.40417639433548,-892.2264194155229,0.0,7.977340986862064,0.9008285403251648,0.0,0.0,-0.43417462706565857,0.8481176495552063,0.0,0.0,-0.5298077464103699,-0.027675743773648454
250.57826215222335,-893.7978279103954,0.0,7.989741077561418,0.9036751389503479,0.0,0.0,-0.42821836471557617,0.8517265915870667,0.0,0.0,-0.5239863395690918,-0.3758465328708676
248.76931589865197,-895.3962133570803,0.0,8.002041465149622,0.9064688682556152,0.0,0.0,-0.4222724139690399,0.8552858829498291,0.0,0.0,-0.5181561708450317,-0.028296975470022356
246.97757956494954,-897.0213045680601,0.0,8.014242786604397,0.9092101454734802,0.0,0.0,-0.41633719205856323,0.8587956428527832,0.0,0.0,-0.5123182535171509,-0.3764627612271694
245.2032952699019,-898.6728261266753,0.0,8.026345678903455,0.9118995070457458,0.0,0.0,-0.4104134738445282,0.8622550964355469,0.0,0.0,-0.5064741969108582,-0.028908232656843502
243.44670531259814,-900.3504984244636,0.0,8.038350779024528,0.9145373106002808,0.0,0.0,-0.40450137853622437,0.865664541721344,0.0,0.0,-0.500624418258667,-0.37706907941510237
241.7080521653617,-902.0540376985267,0.0,8.050258723945328,0.9171242117881775,0.0,0.0,-0.3986014127731323,0.8690237998962402,0.0,0.0,-0.49477019906044006,-0.02950964401647982
239.98757846676585,-903.7831560689234,0.0,8.062070150643589,0.9196608066558838,0.0,0.0,-0.39271360635757446,0.8723324537277222,0.0,0.0,-0.48891282081604004,-0.3776656161170347
238.28552701473834,-905.5375615760695,0.0,8.07378569609702,0.9221475124359131,0.0,0.0,-0.38683828711509705,0.8755908608436584,0.0,0.0,-0.4830530285835266,-0.030101338231299568
236.6021407597538,-907.3169582181479,0.0,8.085405997283344,0.9245849251747131,0.0,0.0,-0.38097578287124634,0.87879878282547,0.0,0.0,-0.4771920144557953,-0.37825250001533395
234.93766279811877,-909.1210459885131,0.0,8.096931691180288,0.9269736409187317,0.0,0.0,-0.3751261532306671,0.8819565176963806,0.0,0.0,-0.4713304340839386,-0.03068344398367051
233.29233636534863,-910.9495209130872,0.0,8.108363414765567,0.9293143153190613,0.0,0.0,-0.369289755821228,0.8850639462471008,0.0,0.0,-0.46546897292137146,-0.37882985979236816
231.66640482964223,-912.8020750877346,0.0,8.119701805016904,0.931607186794281,0.0,0.0,-0.3634667694568634,0.8881214261054993,0.0,0.0,-0.45960837602615356,-0.0312560899559603
230.0601116854495,-914.6783967156142,0.0,8.130947498912022,0.9338526725769043,0.0,0.0,-0.3576580882072449,0.8911291360855103,0.0,0.0,-0.4537491500377655,-0.37939782413050543
228.47370054714062,-916.5781701444946,0.0,8.142101133428648,0.9360509514808655,0.0,0.0,-0.35186436772346497,0.8940871953964233,0.0,0.0,-0.4478922486305237,-0.03181940483053736
226.90741514277465,-918.5010759040292,0.0,8.15316334554449,0.9382025003433228,0.0,0.0,-0.3460867702960968,0.8969957232475281,0.0,0.0,-0.44203856587409973,-0.37995652171211364
225.36149930796918,-920.4467907429831,0.0,8.164134772237276,0.9403071999549866,0.0,0.0,-0.34032660722732544,0.8998551368713379,0.0,0.0,-0.43618831038475037,-0.03237351728976895
223.83619697987714,-922.4149876663998,0.0,8.17501605048473,0.942365288734436,0.0,0.0,-0.33458563685417175,0.9026656746864319,0.0,0.0,-0.4303419291973114,-0.3805060812195608
222.33175219126343,-924.405335972712,0.0,8.18580781726457,0.9443765878677368,0.0,0.0,-0.3288656771183014,0.9054276943206787,0.0,0.0,-0.4244997799396515,-0.032918556016023504
220.84840906469495,-926.4175012907709,0.0,8.196510709554513,0.9463411569595337,0.0,0.0,-0.32316893339157104,0.9081416130065918,0.0,0.0,-0.4186624586582184,-0.3810466313352145
219.38641180683575,-928.451145616805,0.0,8.20712536433229,0.9482587575912476,0.0,0.0,-0.31749823689460754,0.9108076691627502,0.0,0.0,-0.41283032298088074,-0.033454649691668836
217.94600470285403,-930.50592735129,0.0,8.217652418575614,0.9501290321350098,0.0,0.0,-0.3118567168712616,0.9134262800216675,0.0,0.0,-0.4070035517215729,-0.381578300741443
216.5274321109412,-932.5815013357259,0.0,8.228092509262211,0.9519516229629517,0.0,0.0,-0.3062480688095093,0.915998101234436,0.0,0.0,-0.40118202567100525,-0.03398192699907271
215.1309384569437,-934.6775188893166,0.0,8.238446273369801,0.9537261128425598,0.0,0.0,-0.30067628622055054,0.9185231924057007,0.0,0.0,-0.3953665792942047,-0.38210121812061415
213.75676822911305,-936.7936278455392,0.0,8.248714347876108,0.955452024936676,0.0,0.0,-0.2951458990573883,0.9210020303726196,0.0,0.0,-0.3895573616027832,-0.03450051662060338
212.40516597296926,-938.9294725886023,0.0,8.258897369758845,0.9571287631988525,0.0,0.0,-0.2896619141101837,0.9234352111816406,0.0,0.0,-0.383754163980484,-0.3826155121550958
211.07637628628726,-941.0846940897809,0.0,8.268995975995738,0.9587559700012207,0.0,0.0,-0.2842300236225128,0.9258227348327637,0.0,0.0,-0.3779577612876892,-0.03501054723862829
209.77064289588816,-943.2589299436304,0.0,8.279010803564514,0.9603327512741089,0.0,0.0,-0.2788563668727875,0.9281643033027649,0.0,0.0,-0.3721705377101898,-0.38312131152725626
208.48802143504574,-945.4518144040553,0.0,8.288942489442883,0.9618583917617798,0.0,0.0,-0.2735472023487091,0.9304584264755249,0.0,0.0,-0.3663974702358246,-0.03551214753551557
207.22814908024347,-947.662978420251,0.0,8.298791670608573,0.9633328914642334,0.0,0.0,-0.26830846071243286,0.9327037930488586,0.0,0.0,-0.36064326763153076,-0.38361874491946285
205.9906027202861,-949.8920496724859,0.0,8.308558984039303,0.9647560119628906,0.0,0.0,-0.2631455361843109,0.9348992705345154,0.0,0.0,-0.3549128770828247,-0.03600544619363322
204.77495463054717,-952.1386526077376,0.0,8.318245066712803,0.966127872467041,0.0,0.0,-0.25806331634521484,0.9370437860488892,0.0,0.0,-0.34921175241470337,-0.3841079410140841
203.58077251965173,-954.4024084751634,0.0,8.32785055560678,0.9674488306045532,0.0,0.0,-0.2530662417411804,0.9391366839408875,0.0,0.0,-0.3435434103012085,-0.03649057189534921
202.40761957595154,-956.6829353614115,0.0,8.337376087698964,0.9687194228172302,0.0,0.0,-0.2481582760810852,0.9411773681640625,0.0,0.0,-0.33791258931159973,-0.3845890284934873
201.25505451379252,-958.9798482257513,0.0,8.346822299967075,0.9699401259422302,0.0,0.0,-0.2433432638645172,0.9431653022766113,0.0,0.0,-0.3323235511779785,-0.03696765332303159
200.1226316195572,-961.292758935027,0.0,8.35618982938883,0.9711118340492249,0.0,0.0,-0.2386244535446167,0.9451001286506653,0.0,0.0,-0.3267805576324463,-0.3850621360400406
199.0099007974791,-963.6212762984319,0.0,8.365479312941957,0.9722352027893066,0.0,0.0,-0.2340049147605896,0.9469815492630005,0.0,0.0,-0.3212875425815582,-0.037436819159048174
197.91640761522277,-965.9650061020785,0.0,8.37469138760417,0.9733114242553711,0.0,0.0,-0.2294873744249344,0.9488096237182617,0.0,0.0,-0.3158482611179352,-0.3855273923361119
196.84169334921359,-968.323551143387,0.0,8.383826690353201,0.9743415117263794,0.0,0.0,-0.22507429122924805,0.9505842924118042,0.0,0.0,-0.3104662299156189,-0.03789819808576694
195.78529502972208,-970.6965112652541,0.0,8.392885858166759,0.9753262996673584,0.0,0.0,-0.2207678109407425,0.9523059129714966,0.0,0.0,-0.30514469742774963,-0.3859849260640693
194.74674548568194,-973.0834833900254,0.0,8.401869528022571,0.9762669205665588,0.0,0.0,-0.2165699154138565,0.9539744853973389,0.0,0.0,-0.2998875379562378,-0.038351918785555494
193.72557338924352,-975.4840615532439,0.0,8.410778336898362,0.9771647453308105,0.0,0.0,-0.21248239278793335,0.955590546131134,0.0,0.0,-0.29469746351242065,-0.38643486590628096
192.7213033000498,-977.8978369371847,0.0,8.419612921771845,0.9780207872390747,0.0,0.0,-0.208506777882576,0.9571545124053955,0.0,0.0,-0.28957757353782654,-0.03879810994078192
191.73345570923246,-980.3243979041532,0.0,8.428373919620745,0.9788362979888916,0.0,0.0,-0.2046443670988083,0.9586668014526367,0.0,0.0,-0.28453096747398376,-0.3868773405451143
190.76154708311384,-982.7633300295624,0.0,8.437061967422784,0.979612410068512,0.0,0.0,-0.20089638233184814,0.9601282477378845,0.0,0.0,-0.27955949306488037,-0.039236900233814154
189.80508990661474,-985.214216134762,0.0,8.445677702155688,0.9803503155708313,0.0,0.0,-0.19726401567459106,0.9615393280982971,0.0,0.0,-0.27466681599617004,-0.3873124786629377
188.8635927263549,-987.676636319632,0.0,8.454221760797166,0.9810512661933899,0.0,0.0,-0.1937481015920639,0.9629008769989014,0.0,0.0,-0.26985493302345276,-0.03966841834702017
187.93656019344408,-990.1501679949193,0.0,8.462694780324949,0.9817163348197937,0.0,0.0,-0.19034940004348755,0.9642136096954346,0.0,0.0,-0.2651260793209076,-0.38774040894211864
187.02349310595233,-992.6343859143263,0.0,8.471097397716756,0.982346773147583,0.0,0.0,-0.18706876039505005,0.9654784202575684,0.0,0.0,-0.2604825496673584,-0.040092792962767965
186.12388845105434,-995.1288622063387,0.0,8.479430249950308,0.982943594455719,0.0,0.0,-0.1839066743850708,0.9666960835456848,0.0,0.0,-0.25592678785324097,-0.3881612600650254
185.23723944684394,-997.633166405781,0.0,8.487693974003323,0.9835079908370972,0.0,0.0,-0.18086384236812592,0.9678675532341003,0.0,0.0,-0.2514602541923523,-0.04051015276342523
184.36303558380376,-1000.1468654851172,0.0,8.495889206853533,0.9840410947799683,0.0,0.0,-0.17794060707092285,0.9689936637878418,0.0,0.0,-0.24708512425422668,-0.3885751607140259
183.50076266593433,-1002.6695238854569,0.0,8.504016585478643,0.9845438599586487,0.0,0.0,-0.17513743042945862,0.9700754880905151,0.0,0.0,-0.24280300736427307,-0.04092062643136013
182.64990285152675,-1005.2007035472943,0.0,8.512076746856385,0.9850174188613892,0.0,0.0,-0.17245464026927948,0.9711140394210815,0.0,0.0,-0.23861530423164368,-0.3889822395714876
181.80993469357657,-1007.7399639409595,0.0,8.520070327964476,0.9854626059532166,0.0,0.0,-0.16989253461360931,0.9721100926399231,0.0,0.0,-0.23452411592006683,-0.04132434264894047
180.9803331798324,-1010.2868620967726,0.0,8.527997965780644,0.9858802556991577,0.0,0.0,-0.167451411485672,0.9730648994445801,0.0,0.0,-0.23053057491779327,-0.3893826253197789
180.16056977247212,-1012.8409526349106,0.0,8.535860297282605,0.9862715005874634,0.0,0.0,-0.1651315689086914,0.9739794135093689,0.0,0.0,-0.22663614153862,-0.04172143009853446
179.350112447399,-1015.40178779497,0.0,8.543657959448076,0.9866370558738708,0.0,0.0,-0.16293326020240784,0.9748544692993164,0.0,0.0,-0.22284194827079773,-0.38977644664126737
178.54842573315491,-1017.9689174652227,0.0,8.55139158925479,0.9869776964187622,0.0,0.0,-0.1608566790819168,0.975691020488739,0.0,0.0,-0.21914982795715332,-0.042112017462509865
177.75497074944158,-1020.5418892115638,0.0,8.559061823680455,0.9872941970825195,0.0,0.0,-0.15890204906463623,0.9764903783798218,0.0,0.0,-0.21556001901626587,-0.3901638322183212
176.96920524524407,-1023.120248306147,0.0,8.566669299702799,0.9875873923301697,0.0,0.0,-0.1570696383714676,0.9772533178329468,0.0,0.0,-0.21207422018051147,-0.042496233423234275
176.19058363655122,-1025.7035377556988,0.0,8.574214654299544,0.9878578782081604,0.0,0.0,-0.1553594321012497,0.9779808521270752,0.0,0.0,-0.20869353413581848,-0.3905449107333083
175.41855704366853,-1028.2912983295043,0.0,8.581698524448413,0.988106369972229,0.0,0.0,-0.1537713259458542,0.9786738157272339,0.0,0.0,-0.20541878044605255,-0.042874206663076175
174.65257332811373,-1030.8830685870735,0.0,8.58912154712712,0.9883333444595337,0.0,0.0,-0.15230508148670197,0.9793334007263184,0.0,0.0,-0.2022511065006256,-0.3909198108685965
173.89207712909226,-1033.478384905471,0.0,8.59648435931339,0.9885314106941223,0.0,0.0,-0.15095897018909454,0.9799603223800659,0.0,0.0,-0.1991911679506302,-0.04324606586440294
173.13650989954743,-1036.0767815063036,0.0,8.603787597984946,0.9887115955352783,0.0,0.0,-0.14973366260528564,0.9805555939674377,0.0,0.0,-0.1962399184703827,-0.3912886613065539
172.38530994177628,-1038.6777904823764,0.0,8.611031900119505,0.9888741374015808,0.0,0.0,-0.14862821996212006,0.9811201691627502,0.0,0.0,-0.19339793920516968,-0.043611939709582714
171.63791244260943,-1041.2809418239922,0.0,8.618217902694793,0.9890193343162537,0.0,0.0,-0.14764104783535004,0.981654703617096,0.0,0.0,-0.1906663030385971,-0.39165159072954825
170.89374950814596,-1043.8857634449123,0.0,8.62534624268853,0.9891475439071655,0.0,0.0,-0.14677055180072784,0.9821600914001465,0.0,0.0,-0.18804575502872467,-0.04397195688098349
170.15225019804146,-1046.4917812079514,0.0,8.632417557078439,0.9892590045928955,0.0,0.0,-0.1460145115852356,0.9826371073722839,0.0,0.0,-0.18553712964057922,-0.3920087278199477
169.41284055934,-1049.0985189502237,0.0,8.639432482842235,0.9893542528152466,0.0,0.0,-0.14537034928798676,0.9830864071846008,0.0,0.0,-0.1831410676240921,-0.04432624606097324
168.67494365984754,-1051.705498508022,0.0,8.646391656957643,0.989433765411377,0.0,0.0,-0.14483503997325897,0.9835090041160583,0.0,0.0,-0.180858314037323,-0.39236020126011983
167.93797962104065,-1054.3122397413326,0.0,8.653295716402386,0.9894979000091553,0.0,0.0,-0.1444052904844284,0.9839052557945251,0.0,0.0,-0.17868973314762115,-0.044674935931919846
167.2013656505056,-1056.918260557975,0.0,8.660145298154182,0.9895473122596741,0.0,0.0,-0.14407703280448914,0.9842761754989624,0.0,0.0,-0.17663568258285522,-0.39270613973243274
166.4645160739014,-1059.5230769373757,0.0,8.666941039190753,0.9895825982093811,0.0,0.0,-0.14384585618972778,0.9846221208572388,0.0,0.0,-0.17469754815101624,-0.04501815517619118
165.72684236644454,-1062.126202953954,0.0,8.673683576489823,0.9896044731140137,0.0,0.0,-0.14370685815811157,0.9849436283111572,0.0,0.0,-0.17287534475326538,-0.3930466719192544
164.9877531839069,-1064.727150800135,0.0,8.680373547029111,0.9896135926246643,0.0,0.0,-0.14365459978580475,0.9852414727210999,0.0,0.0,-0.17117013037204742,-0.04535603247615522
164.24665439312486,-1067.3254308089722,0.0,8.687011587786337,0.9896109104156494,0.0,0.0,-0.14368309080600739,0.9855159521102905,0.0,0.0,-0.16958247125148773,-0.39338192650295273
163.50294910025536,-1069.920551482498,0.0,8.693598356260356,0.9895972013473511,0.0,0.0,-0.1437857300043106,0.9857680797576904,0.0,0.0,-0.16811086237430573,-0.045688697550600565
162.75610050590865,-1072.51209261302,0.0,8.700145138622357,0.9895735383033752,0.0,0.0,-0.14395540952682495,0.9859991073608398,0.0,0.0,-0.1667507439851761,-0.39371257207679117
162.00593599941817,-1075.1000498737635,0.0,8.706691194510512,0.9895408749580383,0.0,0.0,-0.14418542385101318,0.9862103462219238,0.0,0.0,-0.16549670696258545,-0.04601930643384078
161.2524115690822,-1077.6845780460155,0.0,8.71328033108766,0.9894999861717224,0.0,0.0,-0.14446987211704254,0.9864031672477722,0.0,0.0,-0.16434349119663239,-0.3940453567524046
160.49547935348178,-1080.2658456431257,0.0,8.719956355516631,0.9894515872001648,0.0,0.0,-0.14480336010456085,0.986578643321991,0.0,0.0,-0.16328613460063934,-0.046356479384798976
159.73508739298185,-1082.8440346024797,0.0,8.726763074960257,0.9893964529037476,0.0,0.0,-0.1451808214187622,0.9867380261421204,0.0,0.0,-0.16231995820999146,-0.3943891304616786
158.97117955244286,-1085.4193401798243,0.0,8.733744296581369,0.9893351793289185,0.0,0.0,-0.1455979347229004,0.9868822693824768,0.0,0.0,-0.16144071519374847,-0.04670906633536015
158.20369544116443,-1087.9919708551045,0.0,8.740943827542797,0.9892683625221252,0.0,0.0,-0.1460505723953247,0.9870123267173767,0.0,0.0,-0.16064336895942688,-0.3947527431364983
157.43257033002968,-1090.5621482498784,0.0,8.748405475007377,0.9891964793205261,0.0,0.0,-0.1465352475643158,0.9871290326118469,0.0,0.0,-0.15992456674575806,-0.04708591721740968
156.65773506582693,-1093.130107056354,0.0,8.756173046137935,0.9891198873519897,0.0,0.0,-0.14704866707324982,0.9872292280197144,0.0,0.0,-0.15927965939044952,-0.3951450447087486
155.87911598271165,-1095.6960949781044,0.0,8.764290348097305,0.9890391230583191,0.0,0.0,-0.14758789539337158,0.9873186945915222,0.0,0.0,-0.15870526432991028,-0.04749588196283244
155.09663481077283,-1098.2603726825214,0.0,8.772801188048321,0.9889545440673828,0.0,0.0,-0.14815014600753784,0.9873977899551392,0.0,0.0,-0.1581989824771881,-0.3955748851103151
154.31020858166227,-1100.8232137650696,0.0,8.781749373153808,0.9888664484024048,0.0,0.0,-0.14873304963111877,0.9874671101570129,0.0,0.0,-0.15775656700134277,-0.0479478105035136
153.51974953124028,-1103.3849047254064,0.0,8.7911787105766,0.9887751936912537,0.0,0.0,-0.14933443069458008,0.987527072429657,0.0,0.0,-0.15737484395503998,-0.39605111427308237
152.72516499918618,-1105.9457449554416,0.0,8.80113300747953,0.9886810183525085,0.0,0.0,-0.1499522179365158,0.987578272819519,0.0,0.0,-0.15705052018165588,-0.04845055277133831
151.9263573255151,-1108.5060467394317,0.0,8.811656071025435,0.9885842204093933,0.0,0.0,-0.15058468282222748,0.9876209497451782,0.0,0.0,-0.15678110718727112,-0.3965825821289362
151.12322441349014,-1111.066133137739,0.0,8.822784368356428,0.9884850382804871,0.0,0.0,-0.15123014152050018,0.987655520439148,0.0,0.0,-0.15656393766403198,-0.049012587990075296
150.31567052639784,-1113.6263035858087,0.0,8.834435453705158,0.9883836507797241,0.0,0.0,-0.1518869549036026,0.9876824021339417,0.0,0.0,-0.15639621019363403,-0.3971710207829125
149.50361528868348,-1116.1868062571596,0.0,8.846430461167714,0.9882802963256836,0.0,0.0,-0.1525537669658661,0.9877020120620728,0.0,0.0,-0.15627539157867432,-0.0496183964477801
148.6869942684518,-1118.7478376515544,0.0,8.858587745462943,0.988175094127655,0.0,0.0,-0.15322931110858917,0.9877145886421204,0.0,0.0,-0.15619899332523346,-0.39778502504024726
147.8657593207471,-1121.30954294311,0.0,8.8707256613097,0.9880682826042175,0.0,0.0,-0.15391254425048828,0.9877205491065979,0.0,0.0,-0.15616486966609955,-0.050231422500646716
147.03987894320744,-1123.8720162797763,0.0,8.882662563426834,0.9879599809646606,0.0,0.0,-0.1546022742986679,0.9877200722694397,0.0,0.0,-0.15617109835147858,-0.3983878988845469
146.2093386441863,-1126.435301033716,0.0,8.8942168065332,0.9878503680229187,0.0,0.0,-0.1552973836660385,0.9877135753631592,0.0,0.0,-0.15621499717235565,-0.05081497013228131
145.37414132339052,-1128.9993900020634,0.0,8.905206745347636,0.9877395629882812,0.0,0.0,-0.155997171998024,0.9877013564109802,0.0,0.0,-0.15629494190216064,-0.3989429462994174
144.53430766501916,-1131.5642255575517,0.0,8.915450734589,0.9876276850700378,0.0,0.0,-0.1567005068063736,0.9876836538314819,0.0,0.0,-0.15640877187252045,-0.05133234332628961
143.68987654332904,-1134.1296997484874,0.0,8.924767128976143,0.9875147938728333,0.0,0.0,-0.15740691125392914,0.9876607060432434,0.0,0.0,-0.1565551608800888,-0.39941347126846505
142.8409054404799,-1136.6956543476115,0.0,8.93297428322791,0.9874011278152466,0.0,0.0,-0.1581154316663742,0.9876328110694885,0.0,0.0,-0.15673184394836426,-0.051746846066277885
141.98747087644708,-1139.261880849409,0.0,8.939890552063153,0.9872866868972778,0.0,0.0,-0.15882542729377747,0.9876000881195068,0.0,0.0,-0.15693753957748413,-0.39976277777529545
141.12966885069943,-1141.8281204155548,0.0,8.945334290200728,0.9871716499328613,0.0,0.0,-0.159536212682724,0.9875629544258118,0.0,0.0,-0.1571704000234604,-0.05202178233585242
140.26761529527272,-1144.394063768231,0.0,8.94912385235948,0.9870561361312866,0.0,0.0,-0.1602470427751541,0.9875215291976929,0.0,0.0,-0.1574290245771408,-0.39995416980351517
139.40144653877016,-1146.959351031212,0.0,8.951077593258251,0.9869402050971985,0.0,0.0,-0.1609574556350708,0.987476110458374,0.0,0.0,-0.15771162509918213,-0.05212045611861871
138.53131978073304,-1149.5235715187448,0.0,8.951013867615908,0.9868239760398865,0.0,0.0,-0.1616668850183487,0.9874267578125,0.0,0.0,-0.15801721811294556,-0.39995095133673014
137.65741357573165,-1152.0862634724124,0.0,8.948751030151287,0.9867075681686401,0.0,0.0,-0.16237476468086243,0.9873737692832947,0.0,0.0,-0.15834413468837738,-0.05200617139818331
136.77992832641675,-1154.64691374637,0.0,8.944107435583245,0.9865909814834595,0.0,0.0,-0.16308051347732544,0.9873173236846924,0.0,0.0,-0.15869152545928955,-0.3997164263585462
135.89908678467165,-1157.2049574415466,0.0,8.936901438630631,0.986474335193634,0.0,0.0,-0.16378366947174072,0.9872575998306274,0.0,0.0,-0.15905776619911194,-0.051642232158152335
135.01513455989473,-1159.7597774896265,0.0,8.926951394012294,0.9863576889038086,0.0,0.0,-0.16448372602462769,0.9871947169303894,0.0,0.0,-0.15944218635559082,-0.3992138988525696
134.12834063332167,-1162.3107041878875,0.0,8.914075656447078,0.9862412214279175,0.0,0.0,-0.16518022119998932,0.9871289730072021,0.0,0.0,-0.15984277427196503,-0.05099194238213134
133.23899787717974,-1164.857014686251,0.0,8.898092580653843,0.9861249327659607,0.0,0.0,-0.16587264835834503,0.9870604276657104,0.0,0.0,-0.16025902330875397,-0.39840667280240616
132.34742357734584,-1167.3979324281538,0.0,8.878820521351441,0.9860090017318726,0.0,0.0,-0.16656062006950378,0.9869893789291382,0.0,0.0,-0.16068945825099945,-0.05001860605372721
131.4539599580446,-1169.9326265472089,0.0,8.856077833258707,0.9858933687210083,0.0,0.0,-0.16724376380443573,0.9869158267974854,0.0,0.0,-0.16113334894180298,-0.39725805219166205
130.55897470699898,-1172.4602112219009,0.0,8.829682871094507,0.9857781529426575,0.0,0.0,-0.16792161762714386,0.9868400692939758,0.0,0.0,-0.161589115858078,-0.04868552715654534
129.66286120649744,-1174.9797458123905,0.0,8.799456858088574,0.9856634736061096,0.0,0.0,-0.16859368979930878,0.9867622256278992,0.0,0.0,-0.16205593943595886,-0.3957314858782311
128.7660271834686,-1177.4902672792177,0.0,8.765336698308083,0.9855494499206543,0.0,0.0,-0.16925962269306183,0.9866824150085449,0.0,0.0,-0.1625334620475769,-0.046962286763591266
127.86887920269508,-1179.990833265247,0.0,8.727412025728578,0.9854360818862915,0.0,0.0,-0.16991910338401794,0.9866007566452026,0.0,0.0,-0.16302062571048737,-0.39381609837421566
126.97182143541883,-1182.4805245074808,0.0,8.685782932418382,0.9853233695030212,0.0,0.0,-0.1705722063779831,0.9865174889564514,0.0,0.0,-0.16351546347141266,-0.04485980730348038
126.075255471221,-1184.9584443005679,0.0,8.64054951044578,0.9852113127708435,0.0,0.0,-0.17121928930282593,0.986432671546936,0.0,0.0,-0.16401836276054382,-0.3915315821129731
125.17958011611307,-1187.423718006246,0.0,8.59181185187905,0.9850996732711792,0.0,0.0,-0.17186139523983002,0.9863464832305908,0.0,0.0,-0.16452768445014954,-0.04239830939606981
124.28519117737778,-1189.8754926092927,0.0,8.539670048786524,0.9849882125854492,0.0,0.0,-0.17250022292137146,0.9862589836120605,0.0,0.0,-0.16504321992397308,-0.3888981577143607
123.39248123573007,-1192.3129363203184,0.0,8.48422419323648,0.9848764538764954,0.0,0.0,-0.17313843965530396,0.9861703515052795,0.0,0.0,-0.16556426882743835,-0.03959801366121907
122.501839405389,-1194.735238225535,0.0,8.425574377297195,0.9847637414932251,0.0,0.0,-0.1737791895866394,0.9860807061195374,0.0,0.0,-0.1660895198583603,-0.3859360457982352
121.61365108268853,-1197.1416079834223,0.0,8.363820693037008,0.9846493005752563,0.0,0.0,-0.17442704737186432,0.9859901070594788,0.0,0.0,-0.16661876440048218,-0.036479140718785386
120.7282978458223,-1199.5312751317022,0.0,8.299061717899434,0.9845320582389832,0.0,0.0,-0.17508745193481445,0.9858987927436829,0.0,0.0,-0.16715066134929657,-0.3826653904882567
119.84619196246817,-1201.9033955265113,0.0,8.231072261836,0.98441082239151,0.0,0.0,-0.17576709389686584,0.9858068227767944,0.0,0.0,-0.16768504679203033,-0.03304532980649072
118.96785498093084,-1204.2568418980572,0.0,8.158903452589612,0.9842841029167175,0.0,0.0,-0.17647376656532288,0.985714316368103,0.0,0.0,-0.1682208925485611,-0.37902050113237856
118.0939306119428,-1206.590173875099,0.0,8.081508294960692,0.9841501116752625,0.0,0.0,-0.17721669375896454,0.9856213331222534,0.0,0.0,-0.168758362531662,-0.029136483461595752
117.22518717915806,-1208.901636064259,0.0,7.997839793749567,0.9840067625045776,0.0,0.0,-0.17800657451152802,0.9855280518531799,0.0,0.0,-0.1692960113286972,-0.3747948192530289
116.36252001903705,-1211.1891559889698,0.0,7.9068509537565745,0.9838515520095825,0.0,0.0,-0.1788560152053833,0.9854345321655273,0.0,0.0,-0.1698334515094757,-0.024541087502353676
115.50695381173122,-1213.4503419170853,0.0,7.807494779782141,0.9836816787719727,0.0,0.0,-0.17977890372276306,0.98534095287323,0.0,0.0,-0.1703699827194214,-0.3697768306684615
114.65964482158418,-1215.6824806106606,0.0,7.698724276626593,0.9834938049316406,0.0,0.0,-0.18079134821891785,0.9852473139762878,0.0,0.0,-0.17090557515621185,-0.01904762774702301
113.82188302278227,-1217.8825350363252,0.0,7.579492449090298,0.9832841157913208,0.0,0.0,-0.18191108107566833,0.9851537346839905,0.0,0.0,-0.17143909633159637,-0.3637550211969314
112.99509408253462,-1220.0471420798958,0.0,7.448752301973565,0.9830581545829773,0.0,0.0,-0.18315954506397247,0.9850603342056274,0.0,0.0,-0.17197047173976898,-0.012444590013854673
112.1808189473524,-1222.172668240806,0.0,7.30565582014008,0.9828015565872192,0.0,0.0,-0.1845562756061554,0.9849663972854614,0.0,0.0,-0.1725032925605774,-0.35652792615483625
111.38033941594551,-1224.2560154196678,0.0,7.152279459781178,0.9825096130371094,0.0,0.0,-0.18612447381019592,0.9848736524581909,0.0,0.0,-0.17305541038513184,-0.004698309187647465
110.5935756000395,-1226.2944770716458,0.0,6.992924208387156,0.9821774363517761,0.0,0.0,-0.18788549304008484,0.9847732186317444,0.0,0.0,-0.1736469268798828,-0.34847968113493616
109.81929909758836,-1228.2859785185533,0.0,6.831946753109,0.98180091381073,0.0,0.0,-0.18985679745674133,0.984661340713501,0.0,0.0,-0.17429931461811066,0.0034318653213503136
109.0559851004152,-1230.22989637455,0.0,6.673703781097515,0.9813759326934814,0.0,0.0,-0.192051962018013,0.9845350980758667,0.0,0.0,-0.17502835392951965,-0.34048761184142684
108.30180472166784,-1232.1270686347325,0.0,6.522551979503563,0.9808989763259888,0.0,0.0,-0.19448181986808777,0.9843915700912476,0.0,0.0,-0.17584972083568573,0.011065794694782305
107.55457317230876,-1233.9797628299855,0.0,6.382848034971666,0.9803665280342102,0.0,0.0,-0.19715486466884613,0.9842279553413391,0.0,0.0,-0.17677710950374603,-0.3334318570670886
106.81180438873025,-1235.7913525895985,0.0,6.2579739623355595,0.9797753095626831,0.0,0.0,-0.20007775723934174,0.9840417504310608,0.0,0.0,-0.17782297730445862,0.01737256604004017
106.07111172503494,-1237.5651765509162,0.0,6.147506720643317,0.9791218638420105,0.0,0.0,-0.20325569808483124,0.9838307499885559,0.0,0.0,-0.17899736762046814,-0.32785270344626827
105.33029454643214,-1239.3042440056313,0.0,6.050094853361683,0.9784027338027954,0.0,0.0,-0.2066924273967743,0.9835929274559021,0.0,0.0,-0.18031008541584015,0.022292357316890332
104.58732404117765,-1241.0112165291896,0.0,5.964386903957504,0.9776145815849304,0.0,0.0,-0.21039170026779175,0.9833255410194397,0.0,0.0,-0.1817709356546402,-0.32352401913292583
103.84033424055842,-1242.6883945978987,0.0,5.88903141589752,0.9767534732818604,0.0,0.0,-0.21435585618019104,0.9830266237258911,0.0,0.0,-0.18338823318481445,0.02609819004719255
103.08761766106224,-1244.337708616138,0.0,5.822676932648506,0.9758157134056091,0.0,0.0,-0.21858660876750946,0.9826937913894653,0.0,0.0,-0.1851704716682434,-0.32017278260519794
102.3276251179348,-1245.960713902544,0.0,5.7639719976772215,0.9747973680496216,0.0,0.0,-0.2230854034423828,0.9823248386383057,0.0,0.0,-0.18712399899959564,0.029063085752813023
101.55896936730869,-1247.5585892865463,0.0,5.711565154450481,0.9736943244934082,0.0,0.0,-0.22785276174545288,0.9819172620773315,0.0,0.0,-0.18925632536411285,-0.31752597234122115
100.7804323175432,-1249.1321390472635,0.0,5.664104946435047,0.9725023508071899,0.0,0.0,-0.2328885793685913,0.9814686179161072,0.0,0.0,-0.19157442450523376,0.03146006595561274
99.99097561135189,-1250.681797987606,0.0,5.6202399170976705,0.9712169170379639,0.0,0.0,-0.2381928712129593,0.980976402759552,0.0,0.0,-0.1940838098526001,-0.31531056681913144
99.1897544204022,-1252.207639478615,0.0,5.578618609905168,0.9698338508605957,0.0,0.0,-0.24376393854618073,0.9804378747940063,0.0,0.0,-0.1967904418706894,0.03356215217745634
98.37612634780055,-1253.70940080603,0.0,5.537943175529034,0.9683486819267273,0.0,0.0,-0.24959897994995117,0.9798505902290344,0.0,0.0,-0.1996975839138031,-0.31325625195164997
97.54955492213371,-1255.1866989212092,0.0,5.497674270196286,0.9667571187019348,0.0,0.0,-0.25569429993629456,0.9792115092277527,0.0,0.0,-0.20281152427196503,0.03559593527506988
96.70952981829792,-1256.6391846884808,0.0,5.457834915635813,0.9650552272796631,0.0,0.0,-0.2620449662208557,0.9785179495811462,0.0,0.0,-0.20613454282283783,-0.3112441633374846
95.85556308145642,-1258.066544940996,0.0,5.4184614086338145,0.9632390737533569,0.0,0.0,-0.26864397525787354,0.9777668118476868,0.0,0.0,-0.2096708118915558,0.03758449623476667
94.98718719948278,-1259.4685008559384,0.0,5.379590045976461,0.9613053798675537,0.0,0.0,-0.2754836082458496,0.9769553542137146,0.0,0.0,-0.21342194080352783,-0.3092809632032748
94.10395314159884,-1260.8448062977327,0.0,5.341257124449909,0.9592509269714355,0.0,0.0,-0.28255414962768555,0.9760800004005432,0.0,0.0,-0.2173924595117569,0.039520502372471344
93.205428366041,-1262.1952461318665,0.0,5.303498940840368,0.957073450088501,0.0,0.0,-0.28984442353248596,0.9751383066177368,0.0,0.0,-0.2215804010629654,-0.307373984233096
92.29119479938353,-1263.5196345117106,0.0,5.266351791933995,0.9547706842422485,0.0,0.0,-0.29734233021736145,0.9741262793540955,0.0,0.0,-0.2259894758462906,0.04139662100410635
91.3608467899053,-1264.817813140535,0.0,5.229851974516957,0.9523411393165588,0.0,0.0,-0.30503442883491516,0.9730408787727356,0.0,0.0,-0.23061919212341309,-0.30553055911102334
90.41398903714942,-1266.0896495107086,0.0,5.194035785375455,0.9497839212417603,0.0,0.0,-0.31290608644485474,0.9718787670135498,0.0,0.0,-0.2354692965745926,0.04320551944559636
89.45023449957834,-1267.335035121857,0.0,5.158939521295654,0.9470990896224976,0.0,0.0,-0.32094085216522217,0.9706366062164307,0.0,0.0,-0.24053966999053955,-0.30375802052113443
88.46920228197838,-1268.5538836795306,0.0,5.124599479063728,0.9442873001098633,0.0,0.0,-0.3291221261024475,0.9693108797073364,0.0,0.0,-0.24582819640636444,0.04493986501286534
87.47051550400236,-1269.7461292757187,0.0,5.091051955465846,0.9413497447967529,0.0,0.0,-0.33743226528167725,0.9678985476493835,0.0,0.0,-0.2513323426246643,-0.302063701147504
86.45379915098509,-1270.9117245523132,0.0,5.058333247288202,0.9382883310317993,0.0,0.0,-0.345853716135025,0.9663958549499512,0.0,0.0,-0.2570505142211914,0.0465923250218373
85.41867790789038,-1272.050638848383,0.0,5.026479651316967,0.9351059794425964,0.0,0.0,-0.3543679118156433,0.9647999405860901,0.0,0.0,-0.2629778981208801,-0.30045493367420933
84.36477397700635,-1273.1628563318693,0.0,4.9955274642006655,0.9318060874938965,0.0,0.0,-0.3629559874534607,0.963107168674469,0.0,0.0,-0.2691119611263275,0.04815556679538785
83.29170763565625,-1274.2483713871375,0.0,4.965500381172068,0.9283928275108337,0.0,0.0,-0.3715997338294983,0.961314857006073,0.0,0.0,-0.27544620633125305,-0.29893841432933066
82.19911071910407,-1275.3071769769929,0.0,4.936375006888099,0.9248709678649902,0.0,0.0,-0.38028067350387573,0.9594229459762573,0.0,0.0,-0.28196588158607483,0.04962654529457819
81.0871019620901,-1276.3392617204515,0.0,4.908116948297964,0.9212453365325928,0.0,0.0,-0.3889813721179962,0.9574318528175354,0.0,0.0,-0.28865480422973633,-0.29751123965306125
79.95666491252356,-1277.3446095602458,0.0,4.8806918123508565,0.9175204038619995,0.0,0.0,-0.3976881504058838,0.9553436636924744,0.0,0.0,-0.29549315571784973,0.051011653170694754
78.80884043468737,-1278.32319950383,0.0,4.8540652059960046,0.9136999845504761,0.0,0.0,-0.4063889980316162,0.9531591534614563,0.0,0.0,-0.3024655878543854,-0.29616646155433135
77.64463330407662,-1279.275005435055,0.0,4.828202736182597,0.9097875952720642,0.0,0.0,-0.4150737524032593,0.9508803486824036,0.0,0.0,-0.3095552921295166,0.05231783851480626
76.46501485460826,-1280.199995993882,0.0,4.803070009859836,0.9057857394218445,0.0,0.0,-0.42373552918434143,0.9485080242156982,0.0,0.0,-0.3167499899864197,-0.2948971319420707
75.27092548021066,-1281.0981345216524,0.0,4.778632633976939,0.9016966819763184,0.0,0.0,-0.4323686957359314,0.9460430145263672,0.0,0.0,-0.32403844594955444,0.05355204941798283
74.06327699638855,-1281.969379069645,0.0,4.754856215483104,0.8975224494934082,0.0,0.0,-0.4409683644771576,0.9434864521026611,0.0,0.0,-0.331408828496933,-0.2936963027252103
72.84295486706732,-1282.8136824687479,0.0,4.731706361327539,0.89326411485672,0.0,0.0,-0.4495318830013275,0.9408394694328308,0.0,0.0,-0.33885061740875244,0.054721233971294164
71.6108203016868,-1283.6309924582422,0.0,4.709148678459435,0.8889225721359253,0.0,0.0,-0.45805734395980835,0.9381032586097717,0.0,0.0,-0.3463539779186249,-0.2925570258126798
70.36771222720864,-1284.4212518718325,0.0,4.6871487738280155,0.8844982385635376,0.0,0.0,-0.46654337644577026,0.9352774024009705,0.0,0.0,-0.35391372442245483,0.0558323402658103
69.1144491394623,-1285.1843988791384,0.0,4.665672254382477,0.8799909353256226,0.0,0.0,-0.4749901592731476,0.9323630332946777,0.0,0.0,-0.3615216612815857,-0.29147235311341013
67.8518308379644,-1285.9203672809933,0.0,4.6446847270720175,0.8754011392593384,0.0,0.0,-0.4833969473838806,0.9293602705001831,0.0,0.0,-0.36917242407798767,0.05689231639260117
66.58064004810593,-1286.629086856997,0.0,4.624151798845856,0.8707282543182373,0.0,0.0,-0.4917643666267395,0.9262698888778687,0.0,0.0,-0.37685930728912354,-0.29043533653633125
65.30164393439779,-1287.310483763817,0.0,4.604039076653188,0.8659714460372925,0.0,0.0,-0.5000931620597839,0.9230924844741821,0.0,0.0,-0.38457655906677246,0.05790811044273589
64.0155955082299,-1287.964480982845,0.0,4.58431216744322,0.8611301183700562,0.0,0.0,-0.5083841681480408,0.9198272228240967,0.0,0.0,-0.3923223912715912,-0.28943902799037324
62.723234933411405,-1288.5909988158578,0.0,4.564936678165151,0.856204092502594,0.0,0.0,-0.5166372060775757,0.916474461555481,0.0,0.0,-0.40009206533432007,0.05888667050728483
61.42529073259575,-1289.1899554273818,0.0,4.545878215768196,0.8511925339698792,0.0,0.0,-0.5248530507087708,0.913033664226532,0.0,0.0,-0.4078831374645233,-0.2884764793844664
60.12248089748908,-1289.7612674325264,0.0,4.5271023872015554,0.8460958003997803,0.0,0.0,-0.5330303907394409,0.9095059633255005,0.0,0.0,-0.41569000482559204,0.05983494467731715
58.81551390564559,-1290.3048505290506,0.0,4.508574799414428,0.8409135341644287,0.0,0.0,-0.5411691665649414,0.905889630317688,0.0,0.0,-0.4235130250453949,-0.2875407426275408
57.50508964645822,-1290.8206201724918,0.0,4.490261059356028,0.835646390914917,0.0,0.0,-0.5492676496505737,0.9021828174591064,0.0,0.0,-0.43135303258895874,0.060759881043903036
56.191900258873204,-1291.3084922931732,0.0,4.4721267739755595,0.830295205116272,0.0,0.0,-0.5573238134384155,0.8983862400054932,0.0,0.0,-0.439205527305603,-0.28662486962852723
54.87663088321951,-1291.7683840539212,0.0,4.454137550222222,0.8248615264892578,0.0,0.0,-0.5653347373008728,0.8944985866546631,0.0,0.0,-0.4470702111721039,0.06166842769811201
53.55996032946473,-1292.2002146473367,0.0,4.436258995045216,0.8193480372428894,0.0,0.0,-0.5732962489128113,0.8905191421508789,0.0,0.0,-0.4549451470375061,-0.28572191229635524
52.242561664115286,-1292.6039061314314,0.0,4.418456715393758,0.8137578368186951,0.0,0.0,-0.5812039375305176,0.8864452838897705,0.0,0.0,-0.46283262968063354,0.0625675327310139
50.92510271790839,-1292.9793843024438,0.0,4.400696318217047,0.8080947995185852,0.0,0.0,-0.5890524387359619,0.8822762370109558,0.0,0.0,-0.47073137760162354,-0.28482492253995567
49.60824651638496,-1293.3265796036121,0.0,4.382943410464282,0.8023638725280762,0.0,0.0,-0.5968350172042847,0.8780108094215393,0.0,0.0,-0.47864028811454773,0.0634641442336788
48.292651537082776,-1293.6454280914306,0.0,4.365163924814008,0.7965710163116455,0.0,0.0,-0.6045445799827576,0.8736476898193359,0.0,0.0,-0.4865586757659912,-0.28392696871923473
46.97895855061154,-1293.9358752309006,0.0,4.347368219315039,0.7907233834266663,0.0,0.0,-0.6121731400489807,0.8691851496696472,0.0,0.0,-0.4944864511489868,0.06436291723867718
45.66774683853064,-1294.1979298062176,0.0,4.329655769183147,0.7848299741744995,0.0,0.0,-0.6197105646133423,0.8646279573440552,0.0,0.0,-0.5024123191833496,-0.2830324005307553
44.35939286585628,-1294.432064229897,0.0,4.3121366959276815,0.7788987755775452,0.0,0.0,-0.6271491646766663,0.8599799275398254,0.0,0.0,-0.5103276968002319,0.06524771891824613
43.0541456694471,-1294.6389908937892,0.0,4.294921121057962,0.7729374170303345,0.0,0.0,-0.6344818472862244,0.8552448749542236,0.0,0.0,-0.5182241201400757,-0.2821629270524867
41.752211751691625,-1294.819411286734,0.0,4.278119166083321,0.7669528722763062,0.0,0.0,-0.6417030096054077,0.85042804479599,0.0,0.0,-0.526091456413269,0.06609630250282403
40.4537560484073,-1294.974010743243,0.0,4.261840952513082,0.7609521150588989,0.0,0.0,-0.6488076448440552,0.8455363512039185,0.0,0.0,-0.533918023109436,-0.2813407950539898
39.15890216778281,-1295.1034558189306,0.0,4.246196601856588,0.7549410462379456,0.0,0.0,-0.6557922959327698,0.8405717015266418,0.0,0.0,-0.541700541973114,0.06688642122284899
37.86773273904517,-1295.2083918282617,0.0,4.231296235623165,0.7489255666732788,0.0,0.0,-0.6626538038253784,0.835540235042572,0.0,0.0,-0.5494295954704285,-0.280588251304827
36.580289868172315,-1295.2894405382226,0.0,4.217249975322137,0.7429107427597046,0.0,0.0,-0.6693902015686035,0.8304467797279358,0.0,0.0,-0.5570980906486511,0.06759582830875951
35.29657569827274,-1295.3471980113973,0.0,4.204167942462845,0.7369006872177124,0.0,0.0,-0.676000714302063,0.8252955079078674,0.0,0.0,-0.5647012591362,-0.27992754257455976
34.016553072681624,-1295.3822325918582,0.0,4.1921602585546145,0.730899453163147,0.0,0.0,-0.6824848651885986,0.8200918436050415,0.0,0.0,-0.572232186794281,0.0682022769909934
32.74014629926323,-1295.39508302728,0.0,4.181337045106776,0.7249102592468262,0.0,0.0,-0.6888430118560791,0.8148373365402222,0.0,0.0,-0.5796899795532227,-0.27938091563274975
31.467242014911267,-1295.3862567207561,0.0,4.17180842362866,0.7189370393753052,0.0,0.0,-0.6950749754905701,0.809540867805481,0.0,0.0,-0.587063729763031,0.06868352049998919
30.19769014982081,-1295.3562281059453,0.0,4.1636845156295985,0.7129817605018616,0.0,0.0,-0.70118248462677,0.8042045831680298,0.0,0.0,-0.5943527817726135,-0.2789706172489588
28.93130499172789,-1295.3054371393634,0.0,4.157075442618921,0.7070467472076416,0.0,0.0,-0.7071666717529297,0.7988307476043701,0.0,0.0,-0.6015561819076538,0.069017312066185
27.66786635097824,-1295.2342879039334,0.0,4.152091326105957,0.701134443283081,0.0,0.0,-0.7130289077758789,0.7934262156486511,0.0,0.0,-0.6086667776107788,-0.2787188941927484
26.407120828047116,-1295.1431473182372,0.0,4.14884228760004,0.6952462196350098,0.0,0.0,-0.7187713980674744,0.7879923582077026,0.0,0.0,-0.615685224533081,0.06918140492001915
25.148783185922024,-1295.0323439463452,0.0,4.147438448610499,0.6893851161003113,0.0,0.0,-0.7243947386741638,0.7825353741645813,0.0,0.0,-0.6226063966751099,-0.2786479932336807
23.89253783062081,-1294.90216690358,0.0,4.1479899306466645,0.6835529804229736,0.0,0.0,-0.7299004793167114,0.7770554423332214,0.0,0.0,-0.6294322609901428,0.06915355229193001
22.638040404051974,-1294.752864854156,0.0,4.150606855217868,0.6777533292770386,0.0,0.0,-0.7352890372276306,0.7715579867362976,0.0,0.0,-0.6361591219902039,-0.2787801611413173
21.384919494402173,-1294.5846450972692,0.0,4.155399343833439,0.6719881296157837,0.0,0.0,-0.7405617237091064,0.766045331954956,0.0,0.0,-0.6427866220474243,0.06891150741235577
20.132778470315557,-1294.3976727389718,0.0,4.162477518002708,0.6662610769271851,0.0,0.0,-0.745718240737915,0.7605187892913818,0.0,0.0,-0.6493160128593445,-0.27913764468521984
18.88119744624291,-1294.192069947956,0.0,4.17195149923501,0.660576581954956,0.0,0.0,-0.7507583498954773,0.7549829483032227,0.0,0.0,-0.6557444334030151,0.06843302351173453
17.629735387576403,-1293.9679152943204,0.0,4.183931409039667,0.6549395322799683,0.0,0.0,-0.755681037902832,0.7494381070137024,0.0,0.0,-0.6620742082595825,-0.27974269063495005
16.37793236545955,-1293.725243171388,0.0,4.198527368926016,0.6493552923202515,0.0,0.0,-0.760485053062439,0.7438867092132568,0.0,0.0,-0.6683056354522705,0.0676958538205048
15.12531197255461,-1293.464043301767,0.0,4.215849500403384,0.6438302397727966,0.0,0.0,-0.7651682496070862,0.7383295893669128,0.0,0.0,-0.6744399666786194,-0.28061754576006964
13.871383912531822,-1293.1842603301016,0.0,4.236007924981113,0.6383715271949768,0.0,0.0,-0.7697282433509827,0.7327680587768555,0.0,0.0,-0.6804782748222351,0.06667775156910435
12.615646777606875,-1292.8857935062804,0.0,4.259112764168516,0.6329878568649292,0.0,0.0,-0.7741615176200867,0.7272055149078369,0.0,0.0,-0.6864196062088013,-0.28178445683014053
11.357591030160345,-1292.5684964644013,0.0,4.28527413947493,0.6276878118515015,0.0,0.0,-0.7784650325775146,0.7216423153877258,0.0,0.0,-0.6922659873962402,0.06535646998797237
10.096702206257605,-1292.2321771043773,0.0,4.3146021724097,0.6224818825721741,0.0,0.0,-0.7826339602470398,0.7160773873329163,0.0,0.0,-0.6980206966400146,-0.28326567061472485
8.832476353002235,-1291.8766010449506,0.0,4.3471656433366865,0.6173812747001648,0.0,0.0,-0.7866637706756592,0.7105126976966858,0.0,0.0,-0.7036842107772827,0.06371185024418513
7.564568236878583,-1291.5015364104065,0.0,4.382531405634524,0.612398087978363,0.0,0.0,-0.7905492186546326,0.704951822757721,0.0,0.0,-0.7092550992965698,-0.2850518202257267
6.292770440984506,-1291.1068549087915,0.0,4.4199320609550545,0.6075469255447388,0.0,0.0,-0.7942835092544556,0.6994020342826843,0.0,0.0,-0.7147284150123596,0.06182292825829974
5.016628699896588,-1290.6927469052666,0.0,4.458594152281224,0.6028403043746948,0.0,0.0,-0.7978616952896118,0.693869948387146,0.0,0.0,-0.7201002836227417,-0.28700445110078576
3.7357729778561346,-1290.259562654465,0.0,4.497744222595931,0.5982913374900818,0.0,0.0,-0.8012784719467163,0.6883673071861267,0.0,0.0,-0.7253621816635132,0.059845651979779174
2.4500348024778353,-1289.807763226009,0.0,4.536608814882117,0.5939124822616577,0.0,0.0,-0.80452960729599,0.6829015016555786,0.0,0.0,-0.730510413646698,-0.2889673092970578
1.159441605733731,-1289.337933956236,0.0,4.574414475104,0.5897159576416016,0.0,0.0,-0.8076106905937195,0.6774818897247314,0.0,0.0,-0.735539436340332,0.05793627520089617
-0.13582779896980926,-1288.8507808014378,0.0,4.610529833432972,0.5857128500938416,0.0,0.0,-0.8105185627937317,0.6721172332763672,0.0,0.0,-0.7404446601867676,-0.2907913172934705
-1.4355919089805182,-1288.3470806578134,0.0,4.6448455385776075,0.5819154381752014,0.0,0.0,-0.8132491707801819,0.6668204665184021,0.0,0.0,-0.7452182769775391,0.05620315877944995
-2.7396993293535483,-1287.8276671688827,0.0,4.677372093910846,0.5783342719078064,0.0,0.0,-0.8157997131347656,0.6615993976593018,0.0,0.0,-0.7498573064804077,-0.2924340726133311
-4.048027452425787,-1287.293428133874,0.0,4.708120002805598,0.5749793648719788,0.0,0.0,-0.8181678056716919,0.6564643979072571,0.0,0.0,-0.7543569207191467,0.054650234087795874
-5.3604810734270965,-1286.7453027838794,0.0,4.737099768634811,0.5718605518341064,0.0,0.0,-0.8203508257865906,0.6514251828193665,0.0,0.0,-0.7587127685546875,-0.29389769715016
-6.676990946843138,-1286.1842789353009,0.0,4.764321894771413,0.5689878463745117,0.0,0.0,-0.8223459720611572,0.6464925408363342,0.0,0.0,-0.7629202008247375,0.05327537923241188
-7.997512288307737,-1285.6113900301773,0.0,4.789796884588349,0.566369354724884,0.0,0.0,-0.8241513967514038,0.6416751742362976,0.0,0.0,-0.7669764757156372,-0.29518431279748003
-9.32202322678249,-1285.0277120729886,0.0,4.813535241458534,0.5640139579772949,0.0,0.0,-0.8257651329040527,0.6369843482971191,0.0,0.0,-0.7708767652511597,0.0520764723197763
-10.650523211804973,-1284.4343604735384,0.0,4.835547468754908,0.5619285702705383,0.0,0.0,-0.8271855711936951,0.6324305534362793,0.0,0.0,-0.7746170163154602,-0.29629604144881205
-11.98303138056281,-1283.832486805506,0.0,4.855844069850413,0.5601204633712769,0.0,0.0,-0.8284110426902771,0.6280210614204407,0.0,0.0,-0.7781963348388672,0.051051391456366974
-13.319584889552818,-1283.2232754902311,0.0,4.8744355481179635,0.5585957169532776,0.0,0.0,-0.8294399976730347,0.6237683892250061,0.0,0.0,-0.781609296798706,-0.29723500499767824
-14.660237215542441,-1282.6079404152374,0.0,4.891332406930504,0.5573594570159912,0.0,0.0,-0.8302711248397827,0.6196814775466919,0.0,0.0,-0.784853458404541,0.05019801474866292
-16.00505643053391,-1281.9877214969454,0.0,4.906545149660963,0.5564130544662476,0.0,0.0,-0.8308987021446228,0.6157689094543457,0.0,0.0,-0.7879269123077393,-0.29800332533760043
-17.35412345539593,-1281.3638811969456,0.0,4.920084279682283,0.555766224861145,0.0,0.0,-0.8313289284706116,0.6120372414588928,0.0,0.0,-0.7908291220664978,0.04951422030314173
-18.70753029675382,-1280.7377010011105,0.0,4.931960300367382,0.5554220080375671,0.0,0.0,-0.8315589427947998,0.6084985136985779,0.0,0.0,-0.7935552597045898,-0.2986031243621004
-20.065378271714028,-1280.110477870716,0.0,4.942183715089201,0.5553814172744751,0.0,0.0,-0.8315869569778442,0.6051596999168396,0.0,0.0,-0.7961043119430542,0.04899788622628218
-21.42777622491431,-1279.483520674626,0.0,4.950765027220675,0.5556461811065674,0.0,0.0,-0.8314103484153748,0.602029025554657,0.0,0.0,-0.7984743714332581,-0.29903652396470015
-22.794838742327883,-1278.8581466114606,0.0,4.957714740134731,0.5562159419059753,0.0,0.0,-0.8310275673866272,0.5991112589836121,0.0,0.0,-0.8006660342216492,0.04864689062456223
-24.166684366189042,-1278.235677630521,0.0,4.963043357204302,0.557090163230896,0.0,0.0,-0.8304367065429688,0.5964166522026062,0.0,0.0,-0.802675187587738,-0.29930564603892085
-25.54343381531447,-1277.6174368600934,0.0,4.966761381802323,0.5582740306854248,0.0,0.0,-0.8296442031860352,0.593950629234314,0.0,0.0,-0.8045015931129456,0.04845911160446009
-26.925208215024433,-1277.0047450515858,0.0,4.968879317301729,0.5597606897354126,0.0,0.0,-0.8286441564559937,0.5917198061943054,0.0,0.0,-0.8061437606811523,-0.29941261247828477
-28.312127340770857,-1276.398917047768,0.0,4.9694076670754495,0.561547577381134,0.0,0.0,-0.8274360299110413,0.5897288918495178,0.0,0.0,-0.8076013326644897,0.048432427272454004
-29.7043078794884,-1275.8012582832098,0.0,4.968356934496418,0.5636303424835205,0.0,0.0,-0.8260202407836914,0.5879838466644287,0.0,0.0,-0.8088728189468384,-0.2993595451763135
-31.10186171258811,-1275.213061324805,0.0,4.965737622937565,0.5660044550895691,0.0,0.0,-0.8243966698646545,0.5864900946617126,0.0,0.0,-0.8099565505981445,0.04856471573502236
-32.50489422440849,-1274.6356024600625,0.0,4.961560235771828,0.5686625242233276,0.0,0.0,-0.8225663900375366,0.5852499604225159,0.0,0.0,-0.810853123664856,-0.29914856602652884
-33.91350263983133,-1274.0701383406479,0.0,4.955835276372137,0.5715980529785156,0.0,0.0,-0.820530116558075,0.5842684507369995,0.0,0.0,-0.8115606307983398,0.048853855098643095
-35.32777439465616,-1273.5179026884143,0.0,4.948573248111425,0.5748032331466675,0.0,0.0,-0.8182886242866516,0.5835471749305725,0.0,0.0,-0.8120793700218201,-0.29878179692245244
-36.74778554222516,-1272.9801030709448,0.0,4.9397846543626205,0.5782696604728699,0.0,0.0,-0.8158431649208069,0.5830889940261841,0.0,0.0,-0.8124046921730042,0.04929772346979486
-38.173599199650454,-1272.4579177533983,0.0,4.929479998498668,0.5819880366325378,0.0,0.0,-0.8131952881813049,0.5828967094421387,0.0,0.0,-0.8125421404838562,-0.29826135975760637
-39.60526403689775,-1271.9524926331896,0.0,4.91766978389249,0.5859485864639282,0.0,0.0,-0.8103464841842651,0.582970142364502,0.0,0.0,-0.8124895691871643,0.049894198954955365
-41.04281281183602,-1271.4649382638006,0.0,4.904364513917016,0.5901415944099426,0.0,0.0,-0.8072983026504517,0.5833103060722351,0.0,0.0,-0.8122434616088867,-0.2975893764255117
-42.48626095424912,-1270.9963269737625,0.0,4.889574691945191,0.5945571064949036,0.0,0.0,-0.8040522336959839,0.5839152336120605,0.0,0.0,-0.811809241771698,0.05064115966060312
-43.93560520167313,-1270.5476900865858,0.0,4.873310821349941,0.5991851687431335,0.0,0.0,-0.8006094694137573,0.5847841501235962,0.0,0.0,-0.8111840486526489,-0.29676796881969103
-45.39082228978124,-1270.12001524715,0.0,4.8555834055042,0.6040166616439819,0.0,0.0,-0.796970784664154,0.5859174132347107,0.0,0.0,-0.8103663921356201,0.05153648369321631
-46.8518721155605,-1269.7142426698304,0.0,4.836417505333016,0.6090412735939026,0.0,0.0,-0.793137788772583,0.5873086452484131,0.0,0.0,-0.809359073638916,-0.29579999406357066
-48.31872510335522,-1269.3312558502882,0.0,4.815930949992087,0.6142498254776001,0.0,0.0,-0.7891109585762024,0.5889531373977661,0.0,0.0,-0.8081634640693665,0.052571158205384494
-49.791166757883325,-1268.9718791255132,0.0,4.79427798233598,0.619633138179779,0.0,0.0,-0.78489089012146,0.5908452868461609,0.0,0.0,-0.806781530380249,-0.29470640983851476
-51.267714245072625,-1268.6368791762197,0.0,4.771612931343407,0.6251833438873291,0.0,0.0,-0.7804774045944214,0.5929751396179199,0.0,0.0,-0.8052177429199219,0.05371585775046392
-52.746451895840856,-1268.32696704617,0.0,4.748090125993098,0.6308923959732056,0.0,0.0,-0.7758699059486389,0.5953311920166016,0.0,0.0,-0.8034776449203491,-0.29351838936627694
-54.22554938763751,-1268.0428006524548,0.0,4.723863895263766,0.6367531418800354,0.0,0.0,-0.771067202091217,0.5979084968566895,0.0,0.0,-0.8015617728233337,0.05493940475699585
-55.703266007237374,-1267.7849877676765,0.0,4.6990885681341155,0.6427583694458008,0.0,0.0,-0.7660685181617737,0.6007019281387329,0.0,0.0,-0.7994707226753235,-0.29226711021831475
-57.177952971891685,-1267.5540894545302,0.0,4.673918473582884,0.6489007472991943,0.0,0.0,-0.7608726620674133,0.6037076115608215,0.0,0.0,-0.7972036600112915,0.05621062165352264
-58.64805498177357,-1267.3506239331448,0.0,4.648507940588778,0.6551723480224609,0.0,0.0,-0.755479097366333,0.6069195866584778,0.0,0.0,-0.7947612404823303,-0.29098374996608717
-60.11211102900487,-1267.1750708617835,0.0,4.623011298130515,0.661563515663147,0.0,0.0,-0.7498887181282043,0.6103331446647644,0.0,0.0,-0.792142927646637,0.05749833086858644
-61.56875448934407,-1267.027876012063,0.0,4.597582875186802,0.6680650115013123,0.0,0.0,-0.7441026568412781,0.6139463186264038,0.0,0.0,-0.789345920085907,-0.2896994861810512
-63.01671252293841,-1266.909456320749,0.0,4.572377000736375,0.6746658682823181,0.0,0.0,-0.7381231188774109,0.6177563667297363,0.0,0.0,-0.7863678336143494,0.05877135483072923
-64.45480481034419,-1266.8202053013995,0.0,4.547548003757943,0.6813526153564453,0.0,0.0,-0.7319551110267639,0.6217613816261292,0.0,0.0,-0.7832052111625671,-0.28844549643466577
-65.88194164935739,-1266.7604988006499,0.0,4.523250213230211,0.6881119608879089,0.0,0.0,-0.7256044149398804,0.6259599924087524,0.0,0.0,-0.7798538208007812,0.05999851596849351
-67.29712143710569,-1266.730701085769,0.0,4.499637958131919,0.6949280500411987,0.0,0.0,-0.7190791964530945,0.6303515434265137,0.0,0.0,-0.7763086557388306,-0.2872529582983884
-68.69942756022495,-1266.7311712522396,0.0,4.476865567441768,0.7017822861671448,0.0,0.0,-0.7123913168907166,0.6349356174468994,0.0,0.0,-0.7725639939308167,0.061148636710420284
-70.08802471400732,-1266.7622699425262,0.0,4.455087370138481,0.7086559534072876,0.0,0.0,-0.7055540680885315,0.6397033929824829,0.0,0.0,-0.7686208486557007,-0.2861530493436769
-71.46228897293447,-1266.8242243926927,0.0,4.434454459707616,0.7155290842056274,0.0,0.0,-0.6985827684402466,0.644642174243927,0.0,0.0,-0.7644834518432617,0.06219070289379733
-72.8224114704544,-1266.9164699404419,0.0,4.415038468893306,0.7223815321922302,0.0,0.0,-0.6914946436882019,0.6497337222099304,0.0,0.0,-0.7601609230041504,-0.2851724437469946
-74.16885156049047,-1267.0381947632193,0.0,4.396828661919896,0.7291964292526245,0.0,0.0,-0.684304416179657,0.6549631953239441,0.0,0.0,-0.7556598782539368,0.06311039011467662
-75.5020556322415,-1267.1886315353697,0.0,4.379810485727422,0.7359580993652344,0.0,0.0,-0.6770270466804504,0.6603140234947205,0.0,0.0,-0.750988781452179,-0.28431293989888984
-76.82245694573713,-1267.3670556611191,0.0,4.363969387255941,0.7426527738571167,0.0,0.0,-0.6696764826774597,0.6657696962356567,0.0,0.0,-0.7461566925048828,0.06391044559303422
-78.13047580162267,-1267.5727832281314,0.0,4.34929081344549,0.7492684125900269,0.0,0.0,-0.6622662544250488,0.6713137030601501,0.0,0.0,-0.741172730922699,-0.2835715977872509
-79.42651970543868,-1267.8051690343154,0.0,4.3357602112361135,0.7557941675186157,0.0,0.0,-0.6548089981079102,0.6769334673881531,0.0,0.0,-0.7360435724258423,0.06459380934098252
-80.71098352651973,-1268.0636046841503,0.0,4.32336302756785,0.7622216939926147,0.0,0.0,-0.6473158597946167,0.6826146841049194,0.0,0.0,-0.7307779788970947,-0.2829454773999648
-81.98424965167887,-1268.3475167509566,0.0,4.312084709380748,0.7685419917106628,0.0,0.0,-0.6397991180419922,0.6883447766304016,0.0,0.0,-0.7253830432891846,0.06516342137063408
-83.24668813383,-1268.656365001694,0.0,4.301910703614853,0.7747488617897034,0.0,0.0,-0.6322688460350037,0.6941117644309998,0.0,0.0,-0.7198666930198669,-0.2824316387249196
-84.4986568356904,-1268.9896406809958,0.0,4.2928264572102,0.7808369994163513,0.0,0.0,-0.6247345209121704,0.6999036073684692,0.0,0.0,-0.7142369151115417,0.06562222169410142
-85.7405015687309,-1269.346864851292,0.0,4.284817417106843,0.7868009209632874,0.0,0.0,-0.6172064542770386,0.7057086825370789,0.0,0.0,-0.7085018754005432,-0.28202714175000254
-86.9725562275259,-1269.7275867859998,0.0,4.277869030244817,0.7926375865936279,0.0,0.0,-0.6096926331520081,0.7115171551704407,0.0,0.0,-0.7026684284210205,0.06597315032349663
-88.19514291965652,-1270.1313824128902,0.0,4.271966743564169,0.7983441352844238,0.0,0.0,-0.6022010445594788,0.7173197865486145,0.0,0.0,-0.6967437863349915,-0.28172904646310115
-89.4085720913295,-1270.5578528048538,0.0,4.267096004004941,0.8039184212684631,0.0,0.0,-0.5947390794754028,0.7231057286262512,0.0,0.0,-0.6907369494438171,0.06621914727093245
-90.61314264887069,-1271.0066227154236,0.0,4.263242258507177,0.8093584775924683,0.0,0.0,-0.5873146057128906,0.728869616985321,0.0,0.0,-0.6846521496772766,-0.281534412852103
-91.80914207624487,-1271.4773391565027,0.0,4.260390954010921,0.814663827419281,0.0,0.0,-0.579933226108551,0.7346012592315674,0.0,0.0,-0.6784986853599548,0.06636315254852113
-92.99684654877059,-1271.9696700158745,0.0,4.258527537456218,0.8198333978652954,0.0,0.0,-0.5726019740104675,0.7402942180633545,0.0,0.0,-0.6722827553749084,-0.2814403009048958
-94.17652104318391,-1272.4833027121786,0.0,4.257637455783107,0.8248687386512756,0.0,0.0,-0.5653241872787476,0.7459408044815063,0.0,0.0,-0.6660121083259583,0.06640810616837525
-95.34841944421098,-1273.017942885121,0.0,4.257706155931634,0.8297691941261292,0.0,0.0,-0.5581066012382507,0.7515350580215454,0.0,0.0,-0.6596930623054504,-0.2814437706093668
-96.5127846478124,-1273.573313118822,0.0,4.258719084841843,0.8345357775688171,0.0,0.0,-0.5509535074234009,0.7570716142654419,0.0,0.0,-0.6533318161964417,0.06635694814260706
-97.66984866125304,-1274.1491516962574,0.0,4.260661689453777,0.8391703367233276,0.0,0.0,-0.5438684225082397,0.7625452280044556,0.0,0.0,-0.6469348073005676,-0.2815418819534039
-98.81983270016416,-1274.7452113828915,0.0,4.263519416707479,0.8436739444732666,0.0,0.0,-0.5368555784225464,0.767951250076294,0.0,0.0,-0.6405081748962402,0.06621261848332921
-99.96294728275048,-1275.3612582376581,0.0,4.26727771354299,0.8480489253997803,0.0,0.0,-0.5299177765846252,0.7732864022254944,0.0,0.0,-0.6340566873550415,-0.28173169492489436
-101.09939232130303,-1275.9970704495456,0.0,4.271922026900359,0.8522962927818298,0.0,0.0,-0.5230589509010315,0.7785453200340271,0.0,0.0,-0.6275882124900818,0.06597805720265401
-102.22935721117649,-1276.6524371981382,0.0,4.277437803719622,0.8564189672470093,0.0,0.0,-0.5162810683250427,0.7837242484092712,0.0,0.0,-0.621108889579773,-0.2820102695117258
-103.35302091739271,-1277.327157536539,0.0,4.283810490940829,0.8604193329811096,0.0,0.0,-0.5095863938331604,0.7888222932815552,0.0,0.0,-0.6146214604377747,0.06565620431269403
-104.47055205901626,-1278.0210392951878,0.0,4.2910255355040245,0.8642996549606323,0.0,0.0,-0.5029768347740173,0.7938372492790222,0.0,0.0,-0.6081302165985107,-0.28237466570178615
-105.58210899147107,-1278.733898005165,0.0,4.299068384349243,0.8680626153945923,0.0,0.0,-0.4964545667171478,0.798765242099762,0.0,0.0,-0.6016426086425781,0.06524999982556176
-106.68783988694338,-1279.4655558396596,0.0,4.307924484416535,0.8717106580734253,0.0,0.0,-0.4900209605693817,0.8036049008369446,0.0,0.0,-0.5951627492904663,-0.2828219434829625
-107.78788281303895,-1280.2158405723499,0.0,4.317579282645941,0.8752464056015015,0.0,0.0,-0.48367708921432495,0.8083552122116089,0.0,0.0,-0.5886947512626648,0.06476238375336957
-108.88236580982957,-1280.9845845515138,0.0,4.32801822597751,0.8786728382110596,0.0,0.0,-0.4774242639541626,0.8130142092704773,0.0,0.0,-0.5822436809539795,-0.2833491628431428
-109.97140696546067,-1281.771623688777,0.0,4.339226761351276,0.8819929361343384,0.0,0.0,-0.4712626338005066,0.8175811171531677,0.0,0.0,-0.5758131742477417,0.06419629610822988
-111.05511449046273,-1282.576796461469,0.0,4.351190335707288,0.885209321975708,0.0,0.0,-0.46519285440444946,0.8220548033714294,0.0,0.0,-0.569408118724823,-0.28395338377021406
-112.1335867909145,-1283.3999429276198,0.0,4.363894395985593,0.8883249759674072,0.0,0.0,-0.4592152535915375,0.8264369964599609,0.0,0.0,-0.563028872013092,0.06355467690225483
-113.2069125406192,-1284.240903752717,0.0,4.377324389126225,0.8913424611091614,0.0,0.0,-0.4533303678035736,0.8307257890701294,0.0,0.0,-0.5566815733909607,-0.28463166625206415
-114.2751707524301,-1285.0995192474024,0.0,4.391465762069235,0.894264817237854,0.0,0.0,-0.4475378394126892,0.8349214792251587,0.0,0.0,-0.5503687262535095,0.06284046614755737
-115.33843084887994,-1285.9756284153436,0.0,4.406303961754661,0.8970945477485657,0.0,0.0,-0.44183826446533203,0.8390246033668518,0.0,0.0,-0.5440931916236877,-0.28538107027658066
-116.39675273226497,-1286.8690680106095,0.0,4.4218244351225575,0.899834394454956,0.0,0.0,-0.4362311363220215,0.8430348038673401,0.0,0.0,-0.5378587245941162,0.062056603856249476
-117.45018685431509,-1287.7796716039045,0.0,4.4380126291129525,0.9024872183799744,0.0,0.0,-0.430716335773468,0.8469521403312683,0.0,0.0,-0.5316690802574158,-0.2861986558316511
-118.49877428560902,-1288.7072686571198,0.0,4.454853990665896,0.9050554037094116,0.0,0.0,-0.42529332637786865,0.8507775664329529,0.0,0.0,-0.5255259275436401,0.061206030040444254
-119.54254678486498,-1289.6516836056885,0.0,4.472333966721439,0.9075415730476379,0.0,0.0,-0.4199620187282562,0.8545132279396057,0.0,0.0,-0.5194295644760132,-0.2870814829051634
-120.5815268682603,-1290.6127349483215,0.0,4.4904380042196115,0.9099481701850891,0.0,0.0,-0.41472169756889343,0.8581580519676208,0.0,0.0,-0.5133856534957886,0.06029168471225374
-121.61572787890759,-1291.5902343437374,0.0,4.509151550100464,0.9122780561447144,0.0,0.0,-0.4095711410045624,0.8617141246795654,0.0,0.0,-0.5073940753936768,-0.2880266114850044
-122.64515405663286,-1292.58398571407,0.0,4.528460051304038,0.914533257484436,0.0,0.0,-0.40451037883758545,0.8651824593544006,0.0,0.0,-0.5014570355415344,0.059316507883790365
-123.669800608195,-1293.5937843547067,0.0,4.548348954770385,0.9167166352272034,0.0,0.0,-0.3995378017425537,0.8685640096664429,0.0,0.0,-0.4955767095088959,-0.2890311015590623
-124.68965377807173,-1294.6194160503437,0.0,4.568803707439535,0.9188303351402283,0.0,0.0,-0.39465245604515076,0.8718600273132324,0.0,0.0,-0.4897550344467163,0.05828343956716661
-125.70469091996081,-1295.6606561971262,0.0,4.5898097562515385,0.9208769202232361,0.0,0.0,-0.3898530602455139,0.8750722408294678,0.0,0.0,-0.4839920699596405,-0.2900920131152241
-126.71488056911409,-1296.7172689307793,0.0,4.6113525481464475,0.9228586554527283,0.0,0.0,-0.38513854146003723,0.8782010078430176,0.0,0.0,-0.47829166054725647,0.05719541977449444
-127.72018251564589,-1297.7890062607078,0.0,4.633417530064285,0.9247776865959167,0.0,0.0,-0.38050737977027893,0.8812482357025146,0.0,0.0,-0.4726536273956299,-0.2912064061413775
-128.72054787894416,-1298.8756072100825,0.0,4.655990148945108,0.9266366362571716,0.0,0.0,-0.3759576678276062,0.88421630859375,0.0,0.0,-0.4670774042606354,0.05605538851788722
-129.71591918330304,-1299.976796961991,0.0,4.679055851728956,0.9284377098083496,0.0,0.0,-0.37148746848106384,0.8871055245399475,0.0,0.0,-0.46156635880470276,-0.2923713406254102
-130.7062304349146,-1301.09228601179,0.0,4.702600085355884,0.9301832914352417,0.0,0.0,-0.36709490418434143,0.8899173736572266,0.0,0.0,-0.456121563911438,0.05486628580945649
-131.69140720033909,-1302.2217693258424,0.0,4.7266082967659155,0.9318752884864807,0.0,0.0,-0.36277803778648376,0.8926536440849304,0.0,0.0,-0.45074304938316345,-0.2935838765552098
-132.67136668657457,-1303.3649255068724,0.0,4.751065932899104,0.933516263961792,0.0,0.0,-0.3585343658924103,0.8953163027763367,0.0,0.0,-0.4454306364059448,0.053631051661315626
-133.64601782285206,-1304.5214159662316,0.0,4.7759584406955025,0.9351083040237427,0.0,0.0,-0.35436153411865234,0.8979068398475647,0.0,0.0,-0.44018521904945374,-0.2948410739186642
-134.61526134426862,-1305.690884103406,0.0,4.8012712670951325,0.9366533756256104,0.0,0.0,-0.35025733709335327,0.9004263877868652,0.0,0.0,-0.4350082576274872,0.052352626085576726
-135.57898987738454,-1306.8729544931678,0.0,4.826989859038052,0.9381536245346069,0.0,0.0,-0.3462190628051758,0.9028760194778442,0.0,0.0,-0.4299009144306183,-0.2961399927036602
-136.5370880278929,-1308.0672320807887,0.0,4.853099663464302,0.9396109580993652,0.0,0.0,-0.3422444760799408,0.9052577018737793,0.0,0.0,-0.42486292123794556,0.05103394909435202
-137.48943247048183,-1309.2733013858226,0.0,4.879586127313934,0.9410272836685181,0.0,0.0,-0.33833083510398865,0.9075730443000793,0.0,0.0,-0.41989418864250183,-0.29747769289808607
-138.43589204099547,-1310.49072571497,0.0,4.906434697526975,0.9424045085906982,0.0,0.0,-0.3344755172729492,0.9098238945007324,0.0,0.0,-0.41499435901641846,0.049677960699754026
-139.37632880927978,-1311.7190488239685,0.0,4.9336311659069745,0.9437445402145386,0.0,0.0,-0.33067554235458374,0.9120125770568848,0.0,0.0,-0.4101621210575104,-0.298851251907177
-140.3106800942233,-1312.9579999958469,0.0,4.961184273663945,0.945048987865448,0.0,0.0,-0.3269290328025818,0.9141405820846558,0.0,0.0,-0.4053971767425537,0.048286389600917135
-141.23902781412778,-1314.2076642153315,0.0,4.9891396962664185,0.9463192224502563,0.0,0.0,-0.32323378324508667,0.9162111282348633,0.0,0.0,-0.40069580078125,-0.30026314193760495
-142.16147888742324,-1315.4681740445108,0.0,5.017546451105836,0.9475565552711487,0.0,0.0,-0.3195880353450775,0.918225884437561,0.0,0.0,-0.3960570991039276,0.04685170501306779
-143.07815128643233,-1316.7396746201468,0.0,5.046453555573643,0.9487621784210205,0.0,0.0,-0.3159908354282379,0.9201870560646057,0.0,0.0,-0.39147889614105225,-0.3017230967087063
-143.98917375324132,-1318.0223237906655,0.0,5.075910027061257,0.9499371647834778,0.0,0.0,-0.31244096159935,0.9220963716506958,0.0,0.0,-0.3869602680206299,0.04536400443288524
-144.8946855454316,-1319.316292248413,0.0,5.105964882960118,0.9510822296142578,0.0,0.0,-0.3089379072189331,0.9239557981491089,0.0,0.0,-0.38249915838241577,-0.30324101872380027
-145.7948362128233,-1320.6217636569966,0.0,5.136667140661661,0.9521980881690979,0.0,0.0,-0.30548110604286194,0.9257667660713196,0.0,0.0,-0.3780950903892517,0.043813385357049706
-146.68978540644343,-1321.9389347735148,0.0,5.168065817557336,0.9532853364944458,0.0,0.0,-0.30207085609436035,0.9275312423706055,0.0,0.0,-0.3737456798553467,-0.3048268104862081
-147.5797027209935,-1323.268015565493,0.0,5.200209931038547,0.9543445706367493,0.0,0.0,-0.29870733618736267,0.929250180721283,0.0,0.0,-0.3694510757923126,0.04218994528224107
-148.464767572151,-1324.6092293223035,0.0,5.233148498496745,0.9553762078285217,0.0,0.0,-0.2953909635543823,0.9309247136116028,0.0,0.0,-0.36521103978157043,-0.3064903744992484
-149.34516911013088,-1325.962812760865,0.0,5.2669305373233755,0.9563807845115662,0.0,0.0,-0.292121946811676,0.9325568079948425,0.0,0.0,-0.3610232174396515,0.0404837817051385
-150.2211061710129,-1327.3290161253844,0.0,5.301605064909845,0.9573585987091064,0.0,0.0,-0.28890129923820496,0.9341470003128052,0.0,0.0,-0.35688844323158264,-0.3082416132662418
-151.09278726743764,-1328.7081032808937,0.0,5.337221098647603,0.9583098888397217,0.0,0.0,-0.2857300937175751,0.9356967806816101,0.0,0.0,-0.35280510783195496,0.038684992122423434
-151.96043062039288,-1330.1003518003297,0.0,5.373827655928085,0.9592348337173462,0.0,0.0,-0.2826095521450043,0.9372068643569946,0.0,0.0,-0.34877362847328186,-0.3100904292905085
-152.82426423390996,-1331.5060530448543,0.0,5.4114737541427385,0.9601336717605591,0.0,0.0,-0.2795408368110657,0.9386779069900513,0.0,0.0,-0.3447948694229126,0.03678367403077426
-153.6845260146487,-1332.9255122371367,0.0,5.450208410682966,0.9610064029693604,0.0,0.0,-0.27652549743652344,0.9401117563247681,0.0,0.0,-0.3408660888671875,-0.31204672507536846
-154.54146393845377,-1334.3590485272496,0.0,5.49008064294022,0.9618533849716187,0.0,0.0,-0.27356472611427307,0.9415082931518555,0.0,0.0,-0.3369896411895752,0.03476992492687253
-155.39533626615093,-1335.8069950508277,0.0,5.531139468305948,0.9626747369766235,0.0,0.0,-0.2706603407859802,0.9428687691688538,0.0,0.0,-0.33316442370414734,-0.31412040312414263
-156.24641181099142,-1337.2696989791202,0.0,5.5734339041715515,0.9634705185890198,0.0,0.0,-0.2678138315677643,0.9441936612129211,0.0,0.0,-0.32939061522483826,0.03263384230739763
-157.09496861745512,-1338.7475186804816,0.0,5.617002034854003,0.9642409086227417,0.0,0.0,-0.2650269567966461,0.9454835057258606,0.0,0.0,-0.3256695568561554,-0.31632081376467047
-157.9412618160032,-1340.2407658061904,0.0,5.661662641065019,0.9649858474731445,0.0,0.0,-0.262301504611969,0.9467394351959229,0.0,0.0,-0.32200005650520325,0.03037825613512407
-158.78549596988478,-1341.7496508939707,0.0,5.707031703937216,0.9657055735588074,0.0,0.0,-0.2596392035484314,0.9479616284370422,0.0,0.0,-0.3183837831020355,-0.3186121805763976
-159.62782757253572,-1343.274279999997,0.0,5.752717578669156,0.966400146484375,0.0,0.0,-0.25704196095466614,0.9491507411003113,0.0,0.0,-0.31482160091400146,0.028070888724420096
-160.46836847825435,-1344.8146533633123,0.0,5.7983286204594515,0.9670695662498474,0.0,0.0,-0.25451165437698364,0.950307309627533,0.0,0.0,-0.3113132119178772,-0.3209157685456045
-161.30718907847358,-1346.3706641069953,0.0,5.8434731845067125,0.9677140116691589,0.0,0.0,-0.25205039978027344,0.9514318108558655,0.0,0.0,-0.3078594505786896,0.025790860237184687
-162.14432120496295,-1347.9420969799683,0.0,5.887759626009502,0.9683335423469543,0.0,0.0,-0.249659925699234,0.9525244235992432,0.0,0.0,-0.30446210503578186,-0.32315245751039184
-162.97976073994238,-1349.5286271439102,0.0,5.93079630016643,0.9689280986785889,0.0,0.0,-0.2473425567150116,0.9535855650901794,0.0,0.0,-0.30112239718437195,0.023617290835319604
-163.81346991223205,-1351.1298190102175,0.0,5.972191562176095,0.9694976806640625,0.0,0.0,-0.2451002299785614,0.9546159505844116,0.0,0.0,-0.2978394329547882,-0.3252431273088597
-164.64537925823277,-1352.7451251323475,0.0,6.011553767237102,0.9700424671173096,0.0,0.0,-0.24293501675128937,0.9556153416633606,0.0,0.0,-0.29461708664894104,0.021629300680723218
-165.47538922671586,-1354.3738851591281,0.0,6.048491270548022,0.9705624580383301,0.0,0.0,-0.2408493310213089,0.9565842151641846,0.0,0.0,-0.2914556860923767,-0.32710865777910814
-166.3033796721507,-1356.0153413213816,0.0,6.082673382798025,0.971057653427124,0.0,0.0,-0.23884516954421997,0.9575226902961731,0.0,0.0,-0.28835755586624146,0.01990293137516752
-167.1292852557489,-1357.668788314045,0.0,6.114325820606085,0.9715280532836914,0.0,0.0,-0.2369246780872345,0.9584312438964844,0.0,0.0,-0.2853231728076935,-0.3287072657492122
-167.95313274531557,-1359.333654941322,0.0,6.143972137867388,0.9719735383987427,0.0,0.0,-0.235089972615242,0.9593102335929871,0.0,0.0,-0.2823537290096283,0.018405642624596652
-168.77503769843193,-1361.009506522221,0.0,6.172138709509634,0.9723942875862122,0.0,0.0,-0.23334337770938873,0.960159420967102,0.0,0.0,-0.2794525623321533,-0.3301298198725579
-169.59520118938624,-1362.6960464640035,0.0,6.199351910460519,0.9727903008460999,0.0,0.0,-0.2316870242357254,0.9609794020652771,0.0,0.0,-0.27661973237991333,0.017031238536168114
-170.4139069912158,-1364.3931177561876,0.0,6.226138115647705,0.9731614589691162,0.0,0.0,-0.23012268543243408,0.9617700576782227,0.0,0.0,-0.2738577723503113,-0.33148265851837544
-171.23151923231958,-1366.1007043801094,0.0,6.253023699998889,0.9735080003738403,0.0,0.0,-0.228652685880661,0.9625319242477417,0.0,0.0,-0.27116796374320984,0.01567338074065383
-172.0484805448215,-1367.8189326300821,0.0,6.280535038441759,0.9738209247589111,0.0,0.0,-0.22727680206298828,0.9632652401924133,0.0,0.0,-0.2685515582561493,-0.33287212005589417
-172.86531072049002,-1369.548072343009,0.0,6.309198505904009,0.9741111397743225,0.0,0.0,-0.22599928081035614,0.9639700055122375,0.0,0.0,-0.2660110294818878,0.014225730868823006
-173.68259847565017,-1371.288522201426,0.0,6.339482857178117,0.9743784070014954,0.0,0.0,-0.22482191026210785,0.9646463990211487,0.0,0.0,-0.2635476291179657,-0.3344016327465057
-174.50093495370098,-1373.0406682334485,0.0,6.3713394362362,0.9746225476264954,0.0,0.0,-0.22374603152275085,0.9652948975563049,0.0,0.0,-0.261162132024765,0.012616812734576377
-175.3208801090259,-1374.804808136971,0.0,6.404446281121,0.9748431444168091,0.0,0.0,-0.2227734476327896,0.9659156203269958,0.0,0.0,-0.2588569223880768,-0.33607369561947537
-176.14296412226958,-1376.5811496770941,0.0,6.438478957094423,0.975040078163147,0.0,0.0,-0.2219056934118271,0.9665085673332214,0.0,0.0,-0.2566341161727905,0.010897990715716621
-176.96768883043063,-1378.3698098147888,0.0,6.473113029418415,0.9752129912376404,0.0,0.0,-0.22114449739456177,0.9670741558074951,0.0,0.0,-0.25449448823928833,-0.3378228911913941
-177.79552883990837,-1380.1708138913457,0.0,6.50802406335491,0.9753615856170654,0.0,0.0,-0.22049139440059662,0.9676125645637512,0.0,0.0,-0.2524391710758209,0.009134807183570404
-178.62693231042545,-1381.9840948706978,0.0,6.542887624165851,0.9754855036735535,0.0,0.0,-0.2199481874704361,0.9681241512298584,0.0,0.0,-0.2504705488681793,-0.3395836770909366
-179.46232139701291,-1383.8094926420486,0.0,6.577379277113141,0.9755843877792358,0.0,0.0,-0.2195166051387787,0.9686088562011719,0.0,0.0,-0.2485894113779068,0.00739280450946489
-180.30209233688055,-1385.646753385545,0.0,6.611174587458727,0.9756578207015991,0.0,0.0,-0.21919873356819153,0.9690669178962708,0.0,0.0,-0.24679800868034363,-0.3412905109467744
-181.14661516798395,-1387.4955290039227,0.0,6.643949120464555,0.9757052659988403,0.0,0.0,-0.21899618208408356,0.9694982767105103,0.0,0.0,-0.24509796500205994,0.00573752506472619
-181.99623306649445,-1389.3553766232153,0.0,6.675378441392528,0.9757263660430908,0.0,0.0,-0.21891091763973236,0.9699030518531799,0.0,0.0,-0.24349085986614227,-0.3428778503875811
-182.85126129113155,-1391.2257581656422,0.0,6.705138115504594,0.9757204651832581,0.0,0.0,-0.21894517540931702,0.9702816605567932,0.0,0.0,-0.24197769165039062,0.004234511220682469
-183.71198572349982,-1393.1060399977914,0.0,6.732903708062683,0.9756869673728943,0.0,0.0,-0.21910114586353302,0.9706340432167053,0.0,0.0,-0.24056024849414825,-0.3442801530420301
-184.5786609951307,-1394.99549265706,0.0,6.758350784328734,0.9756252765655518,0.0,0.0,-0.21938076615333557,0.970960259437561,0.0,0.0,-0.23924028873443604,0.00294930534865967
-185.45150819393274,-1396.893290659193,0.0,6.7811549095646635,0.9755345582962036,0.0,0.0,-0.21978652477264404,0.9712603688240051,0.0,0.0,-0.23801913857460022,-0.3454318765387942
-186.33071214513285,-1398.798512389385,0.0,6.80099164903241,0.975413978099823,0.0,0.0,-0.22032073140144348,0.9715346097946167,0.0,0.0,-0.23689746856689453,0.001947449819985625
-187.21641826463582,-1400.7101400791346,0.0,6.817536567993912,0.9752627015113831,0.0,0.0,-0.22098594903945923,0.971782922744751,0.0,0.0,-0.23587696254253387,-0.3462674785065468
-188.10872898594442,-1402.627059870525,0.0,6.83046523171109,0.9750796556472778,0.0,0.0,-0.22178469598293304,0.9720053672790527,0.0,0.0,-0.234958678483963,0.001294487005986722
-189.00769976545672,-1404.5480619691025,0.0,6.839453205445881,0.9748637080192566,0.0,0.0,-0.22272025048732758,0.9722020626068115,0.0,0.0,-0.23414336144924164,-0.3467214165739605
-189.913334675006,-1406.471833495466,0.0,6.844176054460219,0.9746137261390686,0.0,0.0,-0.22379522025585175,0.97237229347229,0.0,0.0,-0.23343537747859955,0.001055959277989904
-190.82559046455114,-1408.3966979243498,0.0,6.844375636785908,0.9743283987045288,0.0,0.0,-0.2250126451253891,0.9725119471549988,0.0,0.0,-0.2328374832868576,-0.3467314964893994
-191.7444131234889,-1410.3206176114788,0.0,6.840100685861497,0.9740174412727356,0.0,0.0,-0.22637730836868286,0.9726253151893616,0.0,0.0,-0.23235414922237396,0.0012718658903339009
-192.66974662517634,-1412.2415710208445,0.0,6.831488669417854,0.9736691117286682,0.0,0.0,-0.22788891196250916,0.9727112650871277,0.0,0.0,-0.23198972642421722,-0.3462965461639629
-193.60153025266393,-1414.1575826575677,0.0,6.818677064035265,0.9732825756072998,0.0,0.0,-0.22954872250556946,0.972769021987915,0.0,0.0,-0.2317461371421814,0.0019189166672323177
-194.53969614061162,-1416.066727845967,0.0,6.80180334629405,0.972856879234314,0.0,0.0,-0.23135781288146973,0.972797691822052,0.0,0.0,-0.23162658512592316,-0.3454443381972348
-195.4841670436773,-1417.967137208912,0.0,6.7810049927745,0.9723910689353943,0.0,0.0,-0.23331712186336517,0.9727962017059326,0.0,0.0,-0.23163440823554993,0.002969338562159085
-196.4348543386561,-1419.8570008333147,0.0,6.75641948005692,0.9718842506408691,0.0,0.0,-0.23542656004428864,0.9727636575698853,0.0,0.0,-0.23177140951156616,-0.3442026456357409
-197.39165626586603,-1421.7345721093786,0.0,6.728184284721598,0.9713355302810669,0.0,0.0,-0.23768635094165802,0.9726992845535278,0.0,0.0,-0.232039675116539,0.004395358528589466
-198.35445641356563,-1423.5981712338958,0.0,6.696436883348857,0.9707438945770264,0.0,0.0,-0.24009586870670319,0.9726020693778992,0.0,0.0,-0.23244141042232513,-0.3425992415260064
-199.32312244753123,-1425.4461883704666,0.0,6.661314752518986,0.9701085090637207,0.0,0.0,-0.24265426397323608,0.9724711179733276,0.0,0.0,-0.23297780752182007,0.006169203519997057
-200.2975050863455,-1427.2770864619386,0.0,6.622955368812271,0.9694283604621887,0.0,0.0,-0.24536044895648956,0.9723105430603027,0.0,0.0,-0.23365166783332825,-0.34066189891455617
-201.27743732145552,-1429.0894036927582,0.0,6.581496208809044,0.9687026143074036,0.0,0.0,-0.24821297824382782,0.9721162915229797,0.0,0.0,-0.23446229100227356,0.008263100489856956
-202.2627338796379,-1430.8817556011047,0.0,6.537074749089591,0.9679301977157593,0.0,0.0,-0.25121012330055237,0.9718876481056213,0.0,0.0,-0.23541200160980225,-0.3384183908479171
-203.25319092418465,-1432.6528368428085,0.0,6.489828466234194,0.967110276222229,0.0,0.0,-0.254349946975708,0.9716238975524902,0.0,0.0,-0.23650145530700684,0.010649276391644702
-204.24858598988772,-1434.401422611002,0.0,6.439894836823192,0.9662420153617859,0.0,0.0,-0.25763002038002014,0.9713247418403625,0.0,0.0,-0.2377304881811142,-0.33589649037261393
-205.24867814574174,-1436.1263697172872,0.0,6.387411337436866,0.9653246402740479,0.0,0.0,-0.2610473036766052,0.9709892868995667,0.0,0.0,-0.23909953236579895,0.013299958178832783
-206.25320951337005,-1437.8266192448123,0.0,6.332522553454504,0.9643576741218567,0.0,0.0,-0.2645982503890991,0.9706168174743652,0.0,0.0,-0.24060899019241333,-0.3331243295654239
-207.2619156190616,-1439.5012128298486,0.0,6.275432895721628,0.9633404016494751,0.0,0.0,-0.2682792544364929,0.9702069163322449,0.0,0.0,-0.24225877225399017,0.016183274225947786
-208.2745318383752,-1441.1493000959306,0.0,6.216376732011718,0.9622722864151001,0.0,0.0,-0.27208566665649414,0.9697590470314026,0.0,0.0,-0.24404770135879517,-0.33014169503462043
-209.2907955356475,-1442.7701375766544,0.0,6.155588653487739,0.9611531496047974,0.0,0.0,-0.2760135233402252,0.9692727327346802,0.0,0.0,-0.24597351253032684,0.01925337920190634
-210.31044840851263,-1444.3630871871153,0.0,6.093303251312648,0.9599825143814087,0.0,0.0,-0.28005853295326233,0.9687469005584717,0.0,0.0,-0.2480376958847046,-0.3269959676520401
-211.3332390526581,-1445.927614329805,0.0,6.029755116649482,0.9587599039077759,0.0,0.0,-0.28421634435653687,0.9681808352470398,0.0,0.0,-0.2502390742301941,0.022462880952571318
-212.3589257270905,-1447.4632856610638,0.0,5.965178840661195,0.957484781742096,0.0,0.0,-0.2884829640388489,0.9675745368003845,0.0,0.0,-0.2525745928287506,-0.3237345395718236
-213.38727930020883,-1448.9697665445728,0.0,5.899809014510775,0.9561570286750793,0.0,0.0,-0.29285407066345215,0.9669268131256104,0.0,0.0,-0.25504419207572937,0.02576438732380465
-214.4180863572235,-1450.4468182184692,0.0,5.8338802293611804,0.9547759294509888,0.0,0.0,-0.2973259687423706,0.9662375450134277,0.0,0.0,-0.25764429569244385,-0.3204048029481067
-215.45115244991382,-1451.894294702427,0.0,5.767627076375447,0.9533411860466003,0.0,0.0,-0.3018946051597595,0.9655057787895203,0.0,0.0,-0.2603735327720642,0.029110506161467986
-216.4863054703822,-1453.3121394705404,0.0,5.701284146716534,0.9518522620201111,0.0,0.0,-0.3065569996833801,0.9647307395935059,0.0,0.0,-0.26323139667510986,-0.31705414993503034
-217.52339913129737,-1454.7003819150302,0.0,5.635086031547399,0.9503079652786255,0.0,0.0,-0.3113107681274414,0.9639113545417786,0.0,0.0,-0.26621687412261963,0.03245384531142437
-218.56229387165416,-1456.0591043281202,0.0,5.569146641802767,0.948708176612854,0.0,0.0,-0.3161527216434479,0.9630479216575623,0.0,0.0,-0.26932406425476074,-0.31372387772570554
-219.60264986610966,-1457.388175508751,0.0,5.502481321289051,0.9470515847206116,0.0,0.0,-0.32108110189437866,0.9621391892433167,0.0,0.0,-0.2725531756877899,0.035820780690904996
-220.64380193367685,-1458.6871225105292,0.0,5.433518664843485,0.9453369379043579,0.0,0.0,-0.3260950744152069,0.9611855149269104,0.0,0.0,-0.27589818835258484,-0.31024091527895975
-221.68473873068018,-1459.9551487109727,0.0,5.3606817516805,0.9435628652572632,0.0,0.0,-0.3311934173107147,0.9601856470108032,0.0,0.0,-0.2793583273887634,0.0394994126688335
-222.72408266705526,-1461.1911540628766,0.0,5.282393661014617,0.9417277574539185,0.0,0.0,-0.33637574315071106,0.9591402411460876,0.0,0.0,-0.2829272747039795,-0.30628697130593535
-223.7600697551391,-1462.3937558929438,0.0,5.197077472060265,0.9398301839828491,0.0,0.0,-0.3416416347026825,0.9580485224723816,0.0,0.0,-0.28660276532173157,0.043808311100871467
-224.79053035916138,-1463.56131069266,0.0,5.103159680882109,0.9378682971000671,0.0,0.0,-0.3469909727573395,0.9569109082221985,0.0,0.0,-0.2903788685798645,-0.30154364851915977
-225.81324530127029,-1464.6923451180662,0.0,5.000891219496842,0.9358401894569397,0.0,0.0,-0.3524243235588074,0.9557278156280518,0.0,0.0,-0.29424983263015747,0.048973384908208184
-226.82695594825466,-1465.78662410145,0.0,4.895347167710517,0.9337435960769653,0.0,0.0,-0.357942134141922,0.9544998407363892,0.0,0.0,-0.29820936918258667,-0.29621314085318373
-227.83159744748747,-1466.8452555777094,0.0,4.7923908005308595,0.9315761923789978,0.0,0.0,-0.3635457456111908,0.953227162361145,0.0,0.0,-0.30225294828414917,0.05417320143243326
-228.82837485185587,-1467.8706112141874,0.0,4.697885392965563,0.9293344616889954,0.0,0.0,-0.3692387342453003,0.9519098997116089,0.0,0.0,-0.30637651681900024,-0.291440140471098
-229.8198246782372,-1468.866233790157,0.0,4.617632515016436,0.9270139932632446,0.0,0.0,-0.3750263750553131,0.9505481719970703,0.0,0.0,-0.3105756342411041,0.058226377086429526
-230.80913172874432,-1469.8360254892227,0.0,4.5539714714024155,0.9246091842651367,0.0,0.0,-0.3809165954589844,0.9491415619850159,0.0,0.0,-0.3148482143878937,-0.2882249362481677
-231.79900221640457,-1470.783120558574,0.0,4.504008705633577,0.9221130609512329,0.0,0.0,-0.3869197368621826,0.9476898908615112,0.0,0.0,-0.3191913366317749,0.060749749094956756
-232.7915307523402,-1471.709831134432,0.0,4.46441578880593,0.9195178747177124,0.0,0.0,-0.39304742217063904,0.946192741394043,0.0,0.0,-0.32360246777534485,-0.2862252939841451
-233.78815922900515,-1472.6176861235356,0.0,4.431864292015416,0.9168140888214111,0.0,0.0,-0.399313747882843,0.9446462988853455,0.0,0.0,-0.32808926701545715,0.06239376408437658
-234.78963331521373,-1473.5071529875738,0.0,4.403025786358007,0.913991391658783,0.0,0.0,-0.40573281049728394,0.9430456757545471,0.0,0.0,-0.33266180753707886,-0.2847688037994274
-235.79606809617596,-1474.3775099785323,0.0,4.375044782472021,0.9110399484634399,0.0,0.0,-0.41231727600097656,0.941385805606842,0.0,0.0,-0.33733054995536804,0.06380694609882026
-236.80743615511304,-1475.2278790585385,0.0,4.347292821775349,0.9079499244689941,0.0,0.0,-0.4190782308578491,0.9396602511405945,0.0,0.0,-0.3421076536178589,-0.28336718962282775
-237.8237149215156,-1476.057427462861,0.0,4.319796364726207,0.9047113060951233,0.0,0.0,-0.4260248839855194,0.9378652572631836,0.0,0.0,-0.34699830412864685,0.06519565605079713
-238.84488715580264,-1476.8653659217052,0.0,4.292581961281664,0.9013144373893738,0.0,0.0,-0.4331652820110321,0.9359947443008423,0.0,0.0,-0.35201290249824524,-0.28199272480239634
-239.87094141613753,-1477.6509467975793,0.0,4.265676161398823,0.8977496027946472,0.0,0.0,-0.4405059814453125,0.9340425133705139,0.0,0.0,-0.35716089606285095,0.0665545348327588
-240.9018725273523,-1478.4134621602461,0.0,4.23910551503475,0.8940078020095825,0.0,0.0,-0.44805121421813965,0.932003915309906,0.0,0.0,-0.36244723200798035,-0.28065077296582697
-241.9376820516985,-1479.152241802844,0.0,4.212896572146519,0.8900795578956604,0.0,0.0,-0.4558050036430359,0.9298717379570007,0.0,0.0,-0.3678828179836273,0.06787821881701286
-242.978378761211,-1479.8666512025766,0.0,4.187075882691228,0.8859559297561646,0.0,0.0,-0.4637693762779236,0.9276400804519653,0.0,0.0,-0.37347450852394104,-0.2793466977408122
-244.02397911147412,-1480.556089429111,0.0,4.161669996625947,0.8816289305686951,0.0,0.0,-0.47194308042526245,0.9253038763999939,0.0,0.0,-0.37922564148902893,0.06916134437586544
-245.07450771665833,-1481.2199870036181,0.0,4.136705463907755,0.8770909905433655,0.0,0.0,-0.4803238809108734,0.9228566884994507,0.0,0.0,-0.3851429522037506,-0.278085862755045
-246.12999782569906,-1481.857803711138,0.0,4.112208834493723,0.8723355531692505,0.0,0.0,-0.48890751600265503,0.9202913641929626,0.0,0.0,-0.3912329077720642,0.07039854788162467
-247.19049179955286,-1482.469026368682,0.0,4.08820665834095,0.867357611656189,0.0,0.0,-0.49768513441085815,0.9176025986671448,0.0,0.0,-0.3974981904029846,-0.2768736316362181
-248.25604158950702,-1483.05316655127,0.0,4.064725485406507,0.8621536493301392,0.0,0.0,-0.5066466927528381,0.9147837162017822,0.0,0.0,-0.4039430618286133,0.07158446570659652
-249.32670921655466,-1483.6097582777827,0.0,4.041791865647464,0.8567221164703369,0.0,0.0,-0.5157780051231384,0.9118290543556213,0.0,0.0,-0.41056910157203674,-0.275715368012024
-250.40256725188954,-1484.138355658275,0.0,4.019432349020919,0.8510634899139404,0.0,0.0,-0.5250625610351562,0.9087316989898682,0.0,0.0,-0.41737958788871765,0.07271373422308874
-251.48369929863534,-1484.6385305040824,0.0,3.9976734854839444,0.8451801538467407,0.0,0.0,-0.5344814658164978,0.9054870009422302,0.0,0.0,-0.42437314987182617,-0.27461643551015663
-252.57020047494797,-1485.1098699017891,0.0,3.9765418249936175,0.8390768766403198,0.0,0.0,-0.5440127849578857,0.9020864367485046,0.0,0.0,-0.4315543472766876,0.07378098980340828
-253.66217789869896,-1485.5519737518136,0.0,3.956063917507012,0.8327616453170776,0.0,0.0,-0.5536314845085144,0.8985233902931213,0.0,0.0,-0.4389249086380005,-0.27358219775830783
-254.75975117397675,-1485.9644522720623,0.0,3.936266312981224,0.8262450098991394,0.0,0.0,-0.5633107423782349,0.8947938084602356,0.0,0.0,-0.44647878408432007,0.07478086881986218
-255.8630528797012,-1486.346923466805,0.0,3.917175561373324,0.8195399045944214,0.0,0.0,-0.5730218887329102,0.8908911943435669,0.0,0.0,-0.4542160630226135,-0.27261801838417143
-256.9722290606935,-1486.6990105605828,0.0,3.8988182126403848,0.8126626014709473,0.0,0.0,-0.5827342867851257,0.8868099451065063,0.0,0.0,-0.4621337354183197,0.07570800764475807
-258.08743972159505,-1487.0203393966608,0.0,3.8812208167395017,0.8056314587593079,0.0,0.0,-0.5924169421195984,0.8825450539588928,0.0,0.0,-0.4702273905277252,-0.2717292610154399
-259.20885932407305,-1487.3105357991808,0.0,3.864409923627748,0.7984681129455566,0.0,0.0,-0.6020370721817017,0.8780905604362488,0.0,0.0,-0.47849398851394653,0.07655704265040217
-260.33667728781603,-1487.5692228978448,0.0,3.8484120832622026,0.791196346282959,0.0,0.0,-0.6115622520446777,0.8734422922134399,0.0,0.0,-0.4869272708892822,-0.2709212892798063
-261.47109849585775,-1487.7960184135973,0.0,3.8332538455999368,0.7838424444198608,0.0,0.0,-0.6209596991539001,0.8685991168022156,0.0,0.0,-0.49551495909690857,0.07732261020910244
-262.6123438048401,-1487.990531903436,0.0,3.8189617605980475,0.7764350175857544,0.0,0.0,-0.630197286605835,0.8635625839233398,0.0,0.0,-0.5042412281036377,-0.27019946680496343
-263.760606305417,-1488.1524458059498,0.0,3.805562378213606,0.7690032720565796,0.0,0.0,-0.6392449140548706,0.8583418130874634,0.0,0.0,-0.5130778551101685,0.07799934669316516
-264.9155643492402,-1488.2824361781095,0.0,3.793082248403688,0.7615768909454346,0.0,0.0,-0.6480745673179626,0.8529548048973083,0.0,0.0,-0.5219844579696655,-0.2695691572186039
-266.0765724985092,-1488.3818092541737,0.0,3.7815482696860507,0.7541823983192444,0.0,0.0,-0.656665027141571,0.8474183082580566,0.0,0.0,-0.530925452709198,0.07858187087082358
-267.2430133464573,-1488.4518347368187,0.0,3.770990266107339,0.7468430399894714,0.0,0.0,-0.6650003790855408,0.8417522311210632,0.0,0.0,-0.539863646030426,-0.26903592471462856
-268.41430242583823,-1488.4937353480632,0.0,3.761439523369555,0.7395796179771423,0.0,0.0,-0.6730690002441406,0.8359693288803101,0.0,0.0,-0.5487757325172424,0.0790642316151561
-269.58988619020494,-1488.5086885583692,0.0,3.7529273379827592,0.7324104905128479,0.0,0.0,-0.6808631420135498,0.8300896883010864,0.0,0.0,-0.557629406452179,-0.26860601636176007
-270.76923992642014,-1488.497828384369,0.0,3.7454850064570184,0.7253507375717163,0.0,0.0,-0.6883794665336609,0.824126124382019,0.0,0.0,-0.5664059519767761,0.07944010694473894
-271.9518655994637,-1488.4622472567294,0.0,3.7391438253023916,0.7184138298034668,0.0,0.0,-0.695615828037262,0.81809401512146,0.0,0.0,-0.5750841498374939,-0.268285754687284
-273.1372896268488,-1488.402997959771,0.0,3.733935091028938,0.7116107940673828,0.0,0.0,-0.7025737166404724,0.8120073676109314,0.0,0.0,-0.583646833896637,0.07970317433228716
-274.3250605794151,-1488.321095645021,0.0,3.7298901001467217,0.7049505710601807,0.0,0.0,-0.7092562913894653,0.8058813810348511,0.0,0.0,-0.5920765399932861,-0.2680814622184852
-275.51474680478935,-1488.2175199214344,0.0,3.7270401491658043,0.6984394192695618,0.0,0.0,-0.7156690955162048,0.7997266054153442,0.0,0.0,-0.6003637909889221,0.07984711125051533
-276.7059339692273,-1488.0932170256256,0.0,3.725416534596246,0.6920816898345947,0.0,0.0,-0.7218191623687744,0.793556272983551,0.0,0.0,-0.6084962487220764,-0.26799946148264897
-277.89822251300126,-1487.9491020760613,0.0,3.7250505529481073,0.6858800649642944,0.0,0.0,-0.7277146577835083,0.7873820066452026,0.0,0.0,-0.6164648532867432,0.07986559517213851
-279.09122501389334,-1487.7860614158192,0.0,3.725973500731453,0.6798356175422668,0.0,0.0,-0.7333646416664124,0.7812177538871765,0.0,0.0,-0.6242580413818359,-0.26804607500706035
-280.28456345277164,-1487.604955049183,0.0,3.7282166744563425,0.6739468574523926,0.0,0.0,-0.7387799024581909,0.7750697135925293,0.0,0.0,-0.6318752765655518,0.07975230356987134
-281.47786637454976,-1487.4066191780662,0.0,3.7318113706328386,0.668212890625,0.0,0.0,-0.7439700961112976,0.7689497470855713,0.0,0.0,-0.6393086910247803,-0.26822762531900457
-282.67076593719685,-1487.191868844964,0.0,3.7367888857709994,0.6626297831535339,0.0,0.0,-0.7489471435546875,0.762864887714386,0.0,0.0,-0.6465575695037842,0.07950091391642883
-283.86289484075473,-1486.961500689939,0.0,3.7431805163808898,0.6571924686431885,0.0,0.0,-0.7537227272987366,0.7568262219429016,0.0,0.0,-0.6536158919334412,-0.2685504349457667
-285.0538831275952,-1486.7162958299286,0.0,3.751017558972574,0.6518954038619995,0.0,0.0,-0.7583088278770447,0.7508413791656494,0.0,0.0,-0.6604824066162109,0.07910510368452559
-286.2433548443992,-1486.457022869509,0.0,3.760331310056106,0.6467311978340149,0.0,0.0,-0.7627179622650146,0.7449191212654114,0.0,0.0,-0.6671545505523682,-0.269020826414632
-287.43092455553165,-1486.1844410531605,0.0,3.77115306614155,0.6416913270950317,0.0,0.0,-0.7669628858566284,0.7390629053115845,0.0,0.0,-0.6736363172531128,0.07855855034687695
-288.61619369667625,-1485.8993035699775,0.0,3.7835141237389687,0.6367672681808472,0.0,0.0,-0.7710559964179993,0.7332807779312134,0.0,0.0,-0.679925799369812,-0.2696451222528855
-289.7987467566958,-1485.6023610227762,0.0,3.797445779358431,0.6319485902786255,0.0,0.0,-0.7750102281570435,0.7275791764259338,0.0,0.0,-0.6860235929489136,0.07785493137619709
-290.9781569582372,-1485.29435618697,0.0,3.812979329509984,0.6272256970405579,0.0,0.0,-0.7788375616073608,0.7219574451446533,0.0,0.0,-0.6919373869895935,-0.2704296449878124
-292.1543913112872,-1484.9756522288405,0.0,3.830146070703073,0.6225861310958862,0.0,0.0,-0.7825512886047363,0.7164112329483032,0.0,0.0,-0.6976782083511353,0.07698792424523299
-293.3279663475132,-1484.6460862180663,0.0,3.848958839013156,0.6180217266082764,0.0,0.0,-0.786160945892334,0.7109382748603821,0.0,0.0,-0.7032542824745178,-0.271379784801453
-294.4994103601563,-1484.30544937698,0.0,3.8693573433623047,0.6135236024856567,0.0,0.0,-0.7896761894226074,0.7055331468582153,0.0,0.0,-0.7086767554283142,0.07595769675285174
-295.6692192901604,-1483.9535262487957,0.0,3.891263187804502,0.6090843677520752,0.0,0.0,-0.7931051850318909,0.7001956701278687,0.0,0.0,-0.7139507532119751,-0.27248614058136195
-296.8378581514548,-1483.5900957471824,0.0,3.9145979763937175,0.6046978235244751,0.0,0.0,-0.7964548468589783,0.6949206590652466,0.0,0.0,-0.7190861105918884,0.07477917207662876
-298.00576242797814,-1483.2149321962263,0.0,3.939283313183936,0.600357174873352,0.0,0.0,-0.7997318506240845,0.689704418182373,0.0,0.0,-0.7240906357765198,-0.27373287476268615
-299.17333944428196,-1482.8278063631003,0.0,3.9652408022291112,0.5960584282875061,0.0,0.0,-0.8029409646987915,0.6845459342002869,0.0,0.0,-0.7289693355560303,0.07346818778141792
-300.340969711114,-1482.4284864854828,0.0,3.992392047583226,0.5917969346046448,0.0,0.0,-0.806087076663971,0.6794418096542358,0.0,0.0,-0.7337289452552795,-0.27510414978057074
-301.5090082469057,-1482.016739295492,0.0,4.020658653300259,0.5875689387321472,0.0,0.0,-0.809174120426178,0.6743859052658081,0.0,0.0,-0.7383787035942078,0.07204058143207281
-302.67778587566545,-1481.5923310416583,0.0,4.049962223434166,0.5833722352981567,0.0,0.0,-0.8122048377990723,0.6693821549415588,0.0,0.0,-0.7429180145263672,-0.27658412807016197
-303.84761050137166,-1481.1550285101882,0.0,4.08022436203893,0.5792042016983032,0.0,0.0,-0.8151823282241821,0.6644225120544434,0.0,0.0,-0.7473568916320801,0.07051219059344835
-305.01876835852937,-1480.7046000465414,0.0,4.111366673168522,0.57506263256073,0.0,0.0,-0.8181092143058777,0.6595065593719482,0.0,0.0,-0.7516987323760986,-0.278156972066606
-306.1915252381888,-1480.2408165780887,0.0,4.143310760876928,0.5709469318389893,0.0,0.0,-0.8209869265556335,0.6546334624290466,0.0,0.0,-0.7559464573860168,0.06889885283039751
-307.3661276883509,-1479.7634526383908,0.0,4.175978229218095,0.5668564438819885,0.0,0.0,-0.8238164782524109,0.6497976779937744,0.0,0.0,-0.7601072192192078,-0.27980684420504875
-308.5428041873097,-1479.2722873934053,0.0,4.20929068224601,0.5627905130386353,0.0,0.0,-0.8265994191169739,0.6450002193450928,0.0,0.0,-0.7641823291778564,0.06721640570777554
-309.72176628817294,-1478.767105669716,0.0,4.243169724014658,0.5587501525878906,0.0,0.0,-0.8293358683586121,0.640239417552948,0.0,0.0,-0.7681753039360046,-0.28151790692063705
-310.9032097324497,-1478.2476989846539,0.0,4.2775369585779845,0.5547364354133606,0.0,0.0,-0.832025945186615,0.635513186454773,0.0,0.0,-0.7720898389816284,0.06548068679043581
-312.08731553031913,-1477.7138665779771,0.0,4.312313989989976,0.5507508516311646,0.0,0.0,-0.8346694111824036,0.6308215260505676,0.0,0.0,-0.7759277820587158,-0.2832743226485154
-313.274251004894,-1477.165416444584,0.0,4.347422422304605,0.546795666217804,0.0,0.0,-0.8372659683227539,0.6261621713638306,0.0,0.0,-0.7796926498413086,0.06370753364323228
-314.46417079753405,-1476.602166367525,0.0,4.382783859575858,0.542873740196228,0.0,0.0,-0.8398141860961914,0.62153559923172,0.0,0.0,-0.783385694026947,-0.28506025382383116
-315.6572178310256,-1476.0239449504204,0.0,4.4183199058576825,0.5389888286590576,0.0,0.0,-0.8423128724098206,0.6169416308403015,0.0,0.0,-0.7870087623596191,0.06191278383101892
-316.8535242272162,-1475.4305926481888,0.0,4.453952165204061,0.5351450443267822,0.0,0.0,-0.8447601795196533,0.6123785376548767,0.0,0.0,-0.7905645966529846,-0.28685986288172904
-318.0532121754992,-1474.8219627948552,0.0,4.489602241668982,0.5313464403152466,0.0,0.0,-0.8471546173095703,0.6078464984893799,0.0,0.0,-0.7940545082092285,0.06011227491864912
-319.2563947483738,-1474.1979226270246,0.0,4.525191739306391,0.5275988578796387,0.0,0.0,-0.8494935631752014,0.603348433971405,0.0,0.0,-0.7974776029586792,-0.2886573122573557
-320.4631766601492,-1473.5583543014804,0.0,4.560642262170272,0.5239075422286987,0.0,0.0,-0.851775050163269,0.5988814830780029,0.0,0.0,-0.800837516784668,0.05832184447097835
-321.67365496474196,-1472.9031559052232,0.0,4.595875414314602,0.5202792882919312,0.0,0.0,-0.8539959192276001,0.594447135925293,0.0,0.0,-0.8041345477104187,-0.2904367643858572
-322.88791968842133,-1472.232242456144,0.0,4.630812799793363,0.5167204141616821,0.0,0.0,-0.8561539053916931,0.5900467038154602,0.0,0.0,-0.8073689937591553,0.056557330052859095
-324.1060543932833,-1471.5455468924094,0.0,4.665376022660503,0.5132387280464172,0.0,0.0,-0.8582456111907959,0.5856802463531494,0.0,0.0,-0.8105421662330627,-0.2921823817023794
-325.32813666720705,-1470.8430210485328,0.0,4.6994866869700065,0.5098418593406677,0.0,0.0,-0.8602678775787354,0.5813507437705994,0.0,0.0,-0.8136531114578247,0.054834569229146785
-326.5542385360221,-1470.1246366160299,0.0,4.733066396775863,0.5065380334854126,0.0,0.0,-0.8622174263000488,0.5770562887191772,0.0,0.0,-0.8167043924331665,-0.29387832664206914
-327.7844267936523,-1469.390386086452,0.0,4.7660367561320145,0.5033359527587891,0.0,0.0,-0.8640905618667603,0.5728011727333069,0.0,0.0,-0.8196943402290344,0.053169399564694686
-329.01876324604024,-1468.6402874716396,0.0,4.798319369092449,0.5002454519271851,0.0,0.0,-0.8658833503723145,0.56858891248703,0.0,0.0,-0.8226218819618225,-0.2955087616400709
-330.25730498895047,-1467.8745520483928,0.0,4.829836324712951,0.49727559089660645,0.0,0.0,-0.8675923943519592,0.5644280910491943,0.0,0.0,-0.8254823088645935,0.05157763412931579
-331.500124990467,-1467.0936453562388,0.0,4.860590093215792,0.49443522095680237,0.0,0.0,-0.8692142367362976,0.5603222250938416,0.0,0.0,-0.8282747268676758,-0.29706198227152747
-332.7473549411753,-1466.2980484965644,0.0,4.890752549367068,0.4917321503162384,0.0,0.0,-0.8707463145256042,0.5562800765037537,0.0,0.0,-0.8309948444366455,0.05005427775803917
-333.9991899069695,-1465.4882357456572,0.0,4.920517024579761,0.4891737103462219,0.0,0.0,-0.8721861839294434,0.552305281162262,0.0,0.0,-0.8336418867111206,-0.29856523859540085
-335.2558876373526,-1464.664672563851,0.0,4.95007685026687,0.4867655038833618,0.0,0.0,-0.8735324144363403,0.5484088659286499,0.0,0.0,-0.8362102508544922,0.04856135726879124
-336.5177680674037,-1463.827813908798,0.0,4.979625357841361,0.4845122694969177,0.0,0.0,-0.8747841119766235,0.5445947051048279,0.0,0.0,-0.8386992812156677,-0.30005758746279937
-337.78521302255945,-1462.9781028682744,0.0,5.009355878716228,0.4824160933494568,0.0,0.0,-0.8759418725967407,0.5408682227134705,0.0,0.0,-0.8411073088645935,0.047059815810464645
-339.05866613525467,-1462.1159696274617,0.0,5.039461744304471,0.480478972196579,0.0,0.0,-0.8770060539245605,0.5372365117073059,0.0,0.0,-0.8434317111968994,-0.30157808572483186
-340.3386329825052,-1461.2418307855175,0.0,5.07013628601905,0.47869938611984253,0.0,0.0,-0.8779786825180054,0.533704936504364,0.0,0.0,-0.8456709384918213,0.04551059653195055
-341.62568145376963,-1460.3560890363947,0.0,5.101572835272963,0.4770750403404236,0.0,0.0,-0.8788625001907349,0.5302792191505432,0.0,0.0,-0.8478232622146606,-0.3031657902326052
-342.92044235884276,-1459.4591332293242,0.0,5.133964723479202,0.4756007194519043,0.0,0.0,-0.8796611428260803,0.5269644260406494,0.0,0.0,-0.849887490272522,0.043874642582140466
-344.2236102861424,-1458.5513388251677,0.0,5.167505282050756,0.47427013516426086,0.0,0.0,-0.8803791999816895,0.5237669348716736,0.0,0.0,-0.8518617749214172,-0.30485975783722913
-345.53594472258936,-1457.6330687659427,0.0,5.202387842400595,0.47307100892066956,0.0,0.0,-0.8810147047042847,0.5206936001777649,0.0,0.0,-0.8537439107894897,0.04211289710992633
-346.8582714472827,-1456.7046747762774,0.0,5.238805735941711,0.47199711203575134,0.0,0.0,-0.8815838694572449,0.5177477598190308,0.0,0.0,-0.8555335998535156,-0.30669904538981074
-348.1914842124004,-1455.7664991173604,0.0,5.276952294087109,0.4710352122783661,0.0,0.0,-0.8820937275886536,0.5149357318878174,0.0,0.0,-0.8572289943695068,0.0401863032641992
-349.53654672624515,-1454.8188768160828,0.0,5.317020848249743,0.4701690673828125,0.0,0.0,-0.8825528621673584,0.5122622847557068,0.0,0.0,-0.8588292002677917,-0.30872270974145893
-350.8944949549895,-1453.8621383946613,0.0,5.359204729842617,0.4693813621997833,0.0,0.0,-0.8829703330993652,0.5097331404685974,0.0,0.0,-0.8603326678276062,0.038055804193852016
-352.2664397616336,-1452.8966131289185,0.0,5.403697270278713,0.4686520993709564,0.0,0.0,-0.8833566308021545,0.5073520541191101,0.0,0.0,-0.861738920211792,-0.310969807743282
-353.6535474638816,-1451.9226485981633,0.0,5.450603741697901,0.4679586589336395,0.0,0.0,-0.8837236166000366,0.5051270723342896,0.0,0.0,-0.8630450963973999,0.03568679048581219
-355.0568916142278,-1450.940720622546,0.0,5.499437490197794,0.46727603673934937,0.0,0.0,-0.8840843439102173,0.5030591487884521,0.0,0.0,-0.8642520904541016,-0.3134361586776199
-356.47737162976745,-1449.9514578523235,0.0,5.549467968236202,0.46657708287239075,0.0,0.0,-0.8844528794288635,0.5011361837387085,0.0,0.0,-0.8653684854507446,0.03315999866569053
-357.91512507338183,-1448.9549733043511,0.0,5.599963868761613,0.4658340811729431,0.0,0.0,-0.8848435878753662,0.49933984875679016,0.0,0.0,-0.866406261920929,-0.3159864566839538
-359.3693886750066,-1447.9507081481606,0.0,5.6501938847224515,0.4650212526321411,0.0,0.0,-0.8852695226669312,0.49765124917030334,0.0,0.0,-0.8673772215843201,0.030623129172718866
-360.8391296538437,-1446.9381508760334,0.0,5.699436920586336,0.46411415934562683,0.0,0.0,-0.8857430815696716,0.4960518181324005,0.0,0.0,-0.8682929873466492,-0.3184734786972813
-362.3231672916007,-1445.916821973421,0.0,5.747301641529436,0.4630906581878662,0.0,0.0,-0.886275053024292,0.49452242255210876,0.0,0.0,-0.8691649436950684,0.028205719024077536
-363.82027484554857,-1444.8862048773765,0.0,5.793789811035727,0.4619346261024475,0.0,0.0,-0.8868849277496338,0.4930458068847656,0.0,0.0,-0.8700034618377686,-0.3208213660460839
-365.32918672183814,-1443.8457429165544,0.0,5.838926194329882,0.4606219530105591,0.0,0.0,-0.8875728249549866,0.4916071593761444,0.0,0.0,-0.870817244052887,0.02592610370619086
-366.848599775214,-1442.7948403720848,0.0,5.882735556636622,0.45913389325141907,0.0,0.0,-0.8883479237556458,0.49018797278404236,0.0,0.0,-0.8716168403625488,-0.3230339601019799
-368.37717464311123,-1441.732863564696,0.0,5.92524266318067,0.4574536383152008,0.0,0.0,-0.8892179131507874,0.4887719750404358,0.0,0.0,-0.8724116683006287,0.02377928014336017
-369.913537108819,-1440.6591419637602,0.0,5.966472279186697,0.4555651843547821,0.0,0.0,-0.8901897668838501,0.48734593391418457,0.0,0.0,-0.8732091188430786,-0.32511626394066806
-371.4562794884421,-1439.5729693140406,0.0,6.006449169879426,0.45345377922058105,0.0,0.0,-0.8912694454193115,0.4858923554420471,0.0,0.0,-0.8740187883377075,0.02176024525988901
-373.003962036556,-1438.4736047759786,0.0,6.045198100483564,0.4511060118675232,0.0,0.0,-0.892461895942688,0.4843980073928833,0.0,0.0,-0.8748478889465332,-0.32707328063784674
-374.55511436553303,-1437.3602740754914,0.0,6.082743836223829,0.44851043820381165,0.0,0.0,-0.8937707543373108,0.4828470051288605,0.0,0.0,-0.8757048845291138,0.019863995980077653
-376.10823687365735,-1436.2321706593118,0.0,6.119111142324895,0.44565677642822266,0.0,0.0,-0.895198404788971,0.4812261462211609,0.0,0.0,-0.8765966296195984,-0.32891001326921376
-377.66180217726054,-1435.0884568520348,0.0,6.154324784011485,0.44253647327423096,0.0,0.0,-0.8967459797859192,0.4795219302177429,0.0,0.0,-0.8775299191474915,0.018085529228229646
-379.2142565422525,-1433.9282650111172,0.0,6.188409526508316,0.4391431510448456,0.0,0.0,-0.898413360118866,0.47772011160850525,0.0,0.0,-0.8785120844841003,-0.33063146491046785
-380.7640213105366,-1432.7506986762041,0.0,6.221390135040069,0.4354718327522278,0.0,0.0,-0.9001991748809814,0.47580793499946594,0.0,0.0,-0.8795490860939026,0.01641984192864615
-382.30949431695285,-1431.5548337092496,0.0,6.253291374831458,0.4315195679664612,0.0,0.0,-0.9021009206771851,0.4737704396247864,0.0,0.0,-0.8806482553482056,-0.3322426386373057
-383.84905129251905,-1430.339719422017,0.0,6.284138011107207,0.4272858500480652,0.0,0.0,-0.9041144251823425,0.47159653902053833,0.0,0.0,-0.8818143010139465,0.014861931005628604
-385.38104724987824,-1429.1043796876563,0.0,6.313954809091991,0.42277202010154724,0.0,0.0,-0.9062342643737793,0.4692715108394623,0.0,0.0,-0.8830538392066956,-0.33374853752542605
-386.90381784700133,-1427.8478140331795,0.0,6.342766534010532,0.41798165440559387,0.0,0.0,-0.9084540009498596,0.4667850136756897,0.0,0.0,-0.8843706846237183,0.013406793383479998
-388.41568072534204,-1426.568998709743,0.0,6.370597951087531,0.4129209816455841,0.0,0.0,-0.9107655882835388,0.46412336826324463,0.0,0.0,-0.8857704401016235,-0.33515416465052694
-389.9149368187729,-1425.2668877377907,0.0,6.397473825547706,0.4075985252857208,0.0,0.0,-0.9131602048873901,0.46127524971961975,0.0,0.0,-0.887256920337677,0.012049425986501383
-391.3998716297769,-1423.9404139242101,0.0,6.423418922615743,0.40202513337135315,0.0,0.0,-0.9156277775764465,0.4582267999649048,0.0,0.0,-0.8888351321220398,-0.33646452308830654
-392.86875646951,-1422.588489848759,0.0,6.448458007516356,0.3962143361568451,0.0,0.0,-0.9181572198867798,0.4549669921398163,0.0,0.0,-0.8905081152915955,0.01078482573899564
-394.31984965848324,-1421.2100088171687,0.0,6.472615845474258,0.3901827335357666,0.0,0.0,-0.9207367300987244,0.45148709416389465,0.0,0.0,-0.8922774791717529,-0.3376846159144632
-395.7513976847622,-1419.8038457783903,0.0,6.495917201714139,0.383948415517807,0.0,0.0,-0.9233539700508118,0.44777989387512207,0.0,0.0,-0.8941437005996704,0.009607989565264263
-397.16175359672224,-1418.3690015069444,0.0,6.518386841460711,0.3775330185890198,0.0,0.0,-0.9259955883026123,0.44385555386543274,0.0,0.0,-0.8960981369018555,-0.3388194462046941
-398.5501007612994,-1416.9054864940929,0.0,6.540049529938682,0.3709566295146942,0.0,0.0,-0.9286496639251709,0.4397238790988922,0.0,0.0,-0.8981329202651978,0.008513914389609134
-399.91599686436564,-1415.4137633236985,0.0,6.56093003237276,0.3642379641532898,0.0,0.0,-0.9313055276870728,0.4353950023651123,0.0,0.0,-0.9002394080162048,-0.33987401703469805
-401.2590177715325,-1413.89431108725,0.0,6.581053113987642,0.3573940396308899,0.0,0.0,-0.9339532852172852,0.4308810234069824,0.0,0.0,-0.9024085998535156,0.007497597136332301
-402.57875568993796,-1412.3476227376088,0.0,6.600443540008034,0.35043999552726746,0.0,0.0,-0.9365848302841187,0.426190584897995,0.0,0.0,-0.9046331644058228,-0.3408533314801724
-403.8748187625642,-1410.7742042158154,0.0,6.619126075658655,0.3433901071548462,0.0,0.0,-0.9391926527023315,0.4213341176509857,0.0,0.0,-0.9069052934646606,0.006554034729735259
-405.14683065425487,-1409.17457359135,0.0,6.637125486164191,0.33625680208206177,0.0,0.0,-0.941770076751709,0.41632118821144104,0.0,0.0,-0.9092174172401428,-0.3417623926168156
-406.3944301298104,-1407.5492602171414,0.0,6.6544665367493545,0.32905155420303345,0.0,0.0,-0.9443116784095764,0.41115984320640564,0.0,0.0,-0.9115630388259888,0.005678224094120943
-407.61727062448244,-1405.898803900598,0.0,6.671173992638855,0.32178500294685364,0.0,0.0,-0.9468125104904175,0.4058597683906555,0.0,0.0,-0.9139351844787598,-0.3426062035203258
-408.8150198072229,-1404.22375409181,0.0,6.687272619057399,0.31446653604507446,0.0,0.0,-0.9492684006690979,0.40042808651924133,0.0,0.0,-0.9163280725479126,0.004865162153790459
-409.9873591369965,-1402.524669090071,0.0,6.7027871812296835,0.30710485577583313,0.0,0.0,-0.951675534248352,0.3948724865913391,0.0,0.0,-0.9187358617782593,-0.34338976726640075
-411.13398341247125,-1400.802115269774,0.0,6.717742444380419,0.2997076213359833,0.0,0.0,-0.9540311098098755,0.38920170068740845,0.0,0.0,-0.9211524724960327,0.004109845833046244
-412.2546003153798,-1399.0566663266984,0.0,6.732163173734316,0.2922814190387726,0.0,0.0,-0.9563323259353638,0.38342201709747314,0.0,0.0,-0.9235731363296509,-0.344118086930739
-413.3489299478434,-1397.28890254564,0.0,6.746074134516067,0.284832626581192,0.0,0.0,-0.9585772156715393,0.3775399327278137,0.0,0.0,-0.9259932041168213,0.0034072720561901804
-414.4167043639264,-1395.499410090291,0.0,6.759500091950385,0.27736690640449524,0.0,0.0,-0.9607640504837036,0.3715628981590271,0.0,0.0,-0.9284077286720276,-0.3447961655890379
-415.45766709567886,-1393.6887803162276,0.0,6.772465811261975,0.26988881826400757,0.0,0.0,-0.9628915190696716,0.3654964566230774,0.0,0.0,-0.930812656879425,0.002752437747524039
-416.47157267392294,-1391.8576091077996,0.0,6.784996057675546,0.26240283250808716,0.0,0.0,-0.9649585485458374,0.3593461811542511,0.0,0.0,-0.9332042336463928,-0.3454290063169961
-417.4581861440093,-1390.0064962397,0.0,6.797115596415795,0.2549128532409668,0.0,0.0,-0.9669640064239502,0.3531191945075989,0.0,0.0,-0.9355782866477966,0.002140339831349869
-418.4172825767724,-1388.1360447639136,0.0,6.808849192707432,0.24742183089256287,0.0,0.0,-0.96890789270401,0.3468204140663147,0.0,0.0,-0.9379314184188843,-0.346021612190311
-419.34864657489123,-1386.2468604227208,0.0,6.820221611775167,0.23993271589279175,0.0,0.0,-0.9707895517349243,0.3404535949230194,0.0,0.0,-0.9402611255645752,0.0015659752319692744
-420.25207177485737,-1384.3395510883947,0.0,6.831257618843692,0.23244783282279968,0.0,0.0,-0.9726089835166931,0.33402442932128906,0.0,0.0,-0.9425643086433411,-0.3465789862846809
-421.12736034472647,-1382.4147262301822,0.0,6.841981979137723,0.22496925294399261,0.0,0.0,-0.9743658304214478,0.32753831148147583,0.0,0.0,-0.9448379278182983,0.0010243408736848592
-421.9743224778344,-1380.4729964091252,0.0,6.852419457881964,0.217498317360878,0.0,0.0,-0.9760607481002808,0.320997416973114,0.0,0.0,-0.9470801949501038,-0.34710613167580423
-422.79277588263085,-1378.5149728012543,0.0,6.862594820301122,0.21003612875938416,0.0,0.0,-0.9776935577392578,0.31440702080726624,0.0,0.0,-0.9492884278297424,0.0005104336807980614
-423.5825452687791,-1376.5412667496369,0.0,6.8725328316198935,0.202583909034729,0.0,0.0,-0.9792647957801819,0.30777156352996826,0.0,0.0,-0.9514604210853577,-0.3476080514393785
-424.34346182965305,-1374.5524893457589,0.0,6.882258257062991,0.1951419860124588,0.0,0.0,-0.9807748198509216,0.30109360814094543,0.0,0.0,-0.9535946846008301,1.925057761131832e-05
-425.0753627213549,-1372.5492510406589,0.0,6.8917958618551225,0.1877107471227646,0.0,0.0,-0.9822241067886353,0.29437685012817383,0.0,0.0,-0.9556894302368164,-0.3480897486511023
-425.77809053835597,-1370.5321612862494,0.0,6.901170411220987,0.18029023706912994,0.0,0.0,-0.9836133122444153,0.28762465715408325,0.0,0.0,-0.9577431678771973,-0.0004542115115737655
-426.4514927858599,-1368.501828207192,0.0,6.910406670385289,0.17288005352020264,0.0,0.0,-0.9849427938461304,0.2808384895324707,0.0,0.0,-0.959755003452301,-0.34855622638667316
-427.09542134896134,-1366.458858303722,0.0,6.919529404572742,0.16547967493534088,0.0,0.0,-0.9862131476402283,0.27402254939079285,0.0,0.0,-0.9617232084274292,-0.0009149556624551969
-427.70973195867697,-1364.4038561857521,0.0,6.928563379008042,0.15808872878551483,0.0,0.0,-0.987424910068512,0.267179012298584,0.0,0.0,-0.9636468291282654,-0.3490124877217894
-428.29428365489366,-1362.337424338616,0.0,6.9375333589159,0.15070617198944092,0.0,0.0,-0.9885786175727844,0.26030880212783813,0.0,0.0,-0.9655253291130066,-0.0013679849507307607
-428.8489382462811,-1360.2601629207522,0.0,6.9464641095210204,0.14333131909370422,0.0,0.0,-0.9896746873855591,0.25341442227363586,0.0,0.0,-0.9673576354980469,-0.349463535732149
-429.37355976719164,-1358.1726695936738,0.0,6.955380396048108,0.13596317172050476,0.0,0.0,-0.990713894367218,0.24649742245674133,0.0,0.0,-0.969143271446228,-0.0018183024520988522
-429.86801393156526,-1356.0755393844972,0.0,6.964306983721868,0.12860111892223358,0.0,0.0,-0.9916963577270508,0.23955953121185303,0.0,0.0,-0.970881462097168,-0.34991437349345
-430.3321675838333,-1353.9693645813693,0.0,6.9732686377670055,0.12124435603618622,0.0,0.0,-0.9926226139068604,0.23260252177715302,0.0,0.0,-0.9725716710090637,-0.002270911242257312
-430.76588814681446,-1351.8547346620617,0.0,6.9822901234082275,0.11389237642288208,0.0,0.0,-0.9934930205345154,0.22562669217586517,0.0,0.0,-0.974213719367981,-0.3503700040813905
-431.1690430665701,-1349.7322362560476,0.0,6.991396205870235,0.10654498636722565,0.0,0.0,-0.994307816028595,0.21863357722759247,0.0,0.0,-0.9758068919181824,-0.0027308143969041465
-431.54149925418113,-1347.6024531403593,0.0,7.000611650377737,0.09920206665992737,0.0,0.0,-0.995067298412323,0.21162337064743042,0.0,0.0,-0.977351188659668,-0.3508354305716684
-431.8831225243888,-1345.4659662695362,0.0,7.009961222155438,0.09186387807130814,0.0,0.0,-0.995771586894989,0.20459750294685364,0.0,0.0,-0.9788461923599243,-0.0032030149917375295
-432.19377703103294,-1343.323353839964,0.0,7.019469686428046,0.08453096449375153,0.0,0.0,-0.9964208602905273,0.19755497574806213,0.0,0.0,-0.9802918434143066,-0.35131565603998194
-432.47332469920195,-1341.1751913889516,0.0,7.029161808420261,0.0772043988108635,0.0,0.0,-0.9970152974128723,0.19049736857414246,0.0,0.0,-0.9816877841949463,-0.003692516102455412
-432.7216246539998,-1339.0220519288578,0.0,7.039062353356791,0.06988600641489029,0.0,0.0,-0.9975548982620239,0.18342411518096924,0.0,0.0,-0.9830339550971985,-0.35181568356202897
-432.9385326458175,-1336.8645061166358,0.0,7.049196086462343,-0.0625779926776886,0.0,0.0,0.9980400204658508,0.17633508145809174,0.0,0.0,-0.9843302369117737,-0.004204320804756023
-433.1239004719826,-1334.7031224591592,0.0,7.059587772961617,-0.05528225749731064,0.0,0.0,0.9984706044197083,0.16922973096370697,0.0,0.0,-0.9855766892433167,-0.3523405162135074
-433.2775753946511,-1332.538467554717,0.0,7.070262178079323,-0.04800261929631233,0.0,0.0,0.9988470673561096,0.16210806369781494,0.0,0.0,-0.9867730140686035,-0.004743432174337203
-433.3993995056289,-1330.3711073781276,0.0,7.081240775998383,-0.04074319452047348,0.0,0.0,0.9991695284843445,0.15496881306171417,0.0,0.0,-0.9879194498062134,-0.35289499085588416
-433.48920898872194,-1328.2016141358251,0.0,7.09252363911629,-0.0335087925195694,0.0,0.0,0.9994383454322815,0.14781270921230316,0.0,0.0,-0.9890154600143433,-0.0053132737459486434
-433.54684380148234,-1326.030556147646,0.0,7.104102282075391,-0.026304658502340317,0.0,0.0,0.9996539354324341,0.14064200222492218,0.0,0.0,-0.990060567855835,-0.3534797708033135
-433.5723562883849,-1323.8582197124226,0.0,7.115968196955103,-0.01913653127849102,0.0,0.0,0.9998168349266052,-0.1334611475467682,0.0,0.0,0.991054117679596,-0.005912562376237163
-433.56601030283224,-1321.6846107848612,0.0,7.128112875834844,-0.012009775266051292,0.0,0.0,0.999927818775177,-0.12627412378787994,0.0,0.0,0.9919954538345337,-0.35409313842350243
-433.52807792365184,-1319.5097270053184,0.0,7.140527810794013,-0.004929317627102137,0.0,0.0,0.9999878406524658,-0.1190844252705574,0.0,0.0,0.9928841590881348,-0.006539579293366848
-433.45883082992833,-1317.3335697081245,0.0,7.153204493912028,0.0020998488180339336,0.0,0.0,0.9999977350234985,-0.1118970662355423,0.0,0.0,0.9937198162078857,-0.3547333749446144
-433.3585406487959,-1315.1561439359743,0.0,7.1661344172683,0.009073611348867416,0.0,0.0,0.9999588131904602,-0.10471522063016891,0.0,0.0,0.9945021271705627,-0.007192605725501788
-433.2274792976845,-1312.9774584533234,0.0,7.1793090729422495,0.01598770171403885,0.0,0.0,0.9998721480369568,-0.0975428894162178,0.0,0.0,0.9952311515808105,-0.3553987615948138
-433.0659193210112,-1310.7975257587711,0.0,7.192719953013274,0.022838231176137924,0.0,0.0,0.9997391104698181,-0.09038466960191727,0.0,0.0,0.9959067702293396,-0.00786992290080607
-432.8741342213015,-1308.6163620964412,0.0,7.206358549560789,0.02962186187505722,0.0,0.0,0.9995611310005188,-0.08324328064918518,0.0,0.0,0.996529221534729,-0.35608757960226406
-432.6523987847184,-1306.4339874663096,0.0,7.220216354664213,0.03633499890565872,0.0,0.0,0.9993396401405334,-0.0761231780052185,0.0,0.0,0.9970983266830444,-0.00856981204744367
-432.40098940097016,-1304.250425633505,0.0,7.234284860402948,0.04297468066215515,0.0,0.0,0.9990761280059814,-0.06902749091386795,0.0,0.0,0.9976147413253784,-0.3567981101951294
-432.12018437756257,-1302.0657041365307,0.0,7.248555558856408,0.0495380200445652,0.0,0.0,0.9987722039222717,-0.06196039542555809,0.0,0.0,0.998078465461731,-0.00929055439357801
-431.8102642483552,-1299.8798542944235,0.0,7.26301994210401,0.05602234974503517,0.0,0.0,0.9984294176101685,-0.05492496117949486,0.0,0.0,0.9984903335571289,-0.357528634601574
-431.471512076374,-1297.6929112128091,0.0,7.277669502225164,0.062425341457128525,0.0,0.0,0.9980496168136597,-0.04792459309101105,0.0,0.0,0.9988508224487305,-0.010030431167373621
-431.10421375082694,-1295.5049137888564,0.0,7.292495731299277,0.06874492019414902,0.0,0.0,0.9976341128349304,-0.040962450206279755,0.0,0.0,0.9991605877876282,-0.35827743404976153
-430.70865827826856,-1293.3159047150998,0.0,7.3074901214057615,0.07497885823249817,0.0,0.0,0.9971849322319031,-0.03404226899147034,0.0,0.0,0.9994203448295593,-0.010787723596994037
-430.28513806784434,-1291.1259304821197,0.0,7.322644164624039,0.08112545311450958,0.0,0.0,0.9967037439346313,-0.02716658264398575,0.0,0.0,0.9996309280395508,-0.3590427897678564
-429.83394921055014,-1288.935041380064,0.0,7.337949353033505,0.08718300610780716,0.0,0.0,0.9961920976638794,-0.02033825032413006,0.0,0.0,0.9997931718826294,-0.011560712910603399
-429.35539175243014,-1286.7432914989813,0.0,7.3533971787135775,0.0931500494480133,0.0,0.0,0.9956519603729248,-0.01355994027107954,0.0,0.0,0.9999079704284668,-0.3598229829840217
-428.84976996163994,-1284.5507387279722,0.0,7.368979133743679,0.09902536869049072,0.0,0.0,0.9950847625732422,-0.00683479942381382,0.0,0.0,0.9999765753746033,-0.012347680336366074
-428.31739258927894,-1282.357444753097,0.0,7.384686710203202,0.1048077642917633,0.0,0.0,0.9944922924041748,-0.00016517797484993935,0.0,0.0,0.9999999403953552,-0.36061629492642194
-427.75857312392316,-1280.16347505408,0.0,7.400511400171568,0.11049627512693405,0.0,0.0,0.9938763380050659,0.006446090526878834,0.0,0.0,0.9999792575836182,-0.013146907102445093
-427.17363003974395,-1277.9688988997207,0.0,7.416444695728189,0.11608995497226715,0.0,0.0,0.9932385683059692,0.012997014448046684,0.0,0.0,0.9999154806137085,-0.361421006823221
-426.5628870381359,-1275.7737893420626,0.0,7.432478088952481,0.12158805876970291,0.0,0.0,0.9925805330276489,0.019485030323266983,0.0,0.0,0.9998101592063904,-0.013956674437005323
-425.92667328273785,-1273.5782232092386,0.0,7.448603071923843,0.1269899159669876,0.0,0.0,0.9919039011001587,0.025907833129167557,0.0,0.0,0.9996643662452698,-0.36223539990258274
-425.2653236277514,-1271.382281097012,0.0,7.464811136721697,0.1322951465845108,0.0,0.0,0.9912102222442627,0.03226391226053238,0.0,0.0,0.999479353427887,-0.014775263568210018
-424.57917883944674,-1269.1860473589818,0.0,7.481093775425455,0.13750353455543518,0.0,0.0,0.9905011057853699,0.03855159878730774,0.0,0.0,0.9992564916610718,-0.36305775539267154
-423.8685858107411,-1266.9896100954186,0.0,7.497442480114519,0.14261434972286224,0.0,0.0,0.9897781014442444,0.044768646359443665,0.0,0.0,0.9989972114562988,-0.01560095572422332
-423.13389776873856,-1264.7930611407312,0.0,7.513848742868307,0.14762771129608154,0.0,0.0,0.9890427589416504,0.050913404673337936,0.0,0.0,0.9987029433250427,-0.36388635452165075
-422.37547447510997,-1262.5964960495248,0.0,7.530304055766228,0.1525435745716095,0.0,0.0,0.988296389579773,0.056984513998031616,0.0,0.0,0.998374879360199,-0.016432032133209262
-421.59368241919486,-1260.4000140812427,0.0,7.546799910887704,0.15736164152622223,0.0,0.0,0.9875406622886658,0.06298007071018219,0.0,0.0,0.9980145692825317,-0.3647194785176849
-420.7888950036991,-1258.2037181833634,0.0,7.563327800312132,0.16208209097385406,0.0,0.0,0.9867769479751587,0.06889830529689789,0.0,0.0,0.9976235032081604,-0.017266774023331877
-419.9614927228616,-1256.0077149731267,0.0,7.579879216118927,0.16670505702495575,0.0,0.0,0.986006498336792,0.07473915815353394,0.0,0.0,0.99720299243927,-0.36555540860893715
-419.11186333296615,-1253.8121147177878,0.0,7.596445650387514,0.17123059928417206,0.0,0.0,0.9852307438850403,0.0805005133152008,0.0,0.0,0.9967544674873352,-0.018103462622755473
-418.24040201505966,-1251.6170313133516,0.0,7.613018595197283,0.17565903067588806,0.0,0.0,0.9844508171081543,0.08618109673261642,0.0,0.0,0.9962794184684753,-0.3663924260235719
-417.3475115297521,-1249.4225822617848,0.0,7.6295895426276585,0.17999060451984406,0.0,0.0,0.9836682081222534,0.09178057312965393,0.0,0.0,0.9957792162895203,-0.01894037915964314
-416.43360236395813,-1247.2288886466802,0.0,7.646149984758049,0.18422576785087585,0.0,0.0,0.982883870601654,0.09729824215173721,0.0,0.0,0.995255172252655,-0.36722881198975327
-415.4990928694458,-1245.0360751073445,0.0,7.662691413667875,0.18836474418640137,0.0,0.0,0.9820990562438965,0.10273273289203644,0.0,0.0,0.9947089552879333,-0.019775804862159574
-414.54440939305863,-1242.8442698113074,0.0,7.679205321436531,0.19240814447402954,0.0,0.0,0.9813148379325867,0.10808327049016953,0.0,0.0,0.9941418170928955,-0.368062847735645
-413.5699863984673,-1240.6536044252066,0.0,7.6956832001434385,0.19635674357414246,0.0,0.0,0.9805324077606201,0.1133493110537529,0.0,0.0,0.9935552477836609,-0.020608020958468032
-412.5762665793131,-1238.4642140840485,0.0,7.712116541868013,0.20021142065525055,0.0,0.0,0.9797526597976685,0.11853042244911194,0.0,0.0,0.992950439453125,-0.3688928144894114
-411.5637009636078,-1236.2762373588175,0.0,7.728496838689656,0.20397314429283142,0.0,0.0,0.9789765477180481,0.12362626940011978,0.0,0.0,0.992328941822052,-0.021435308676732823
-410.5327490092443,-1234.0898162224141,0.0,7.744815582687787,0.2076433002948761,0.0,0.0,0.9782047271728516,0.12863528728485107,0.0,0.0,0.991692066192627,-0.369716993479216
-409.48387869047616,-1231.9050960138945,0.0,7.761064265941811,0.21122324466705322,0.0,0.0,0.9774379134178162,0.133557990193367,0.0,0.0,0.9910410642623901,-0.022255949245117868
-408.4175665752361,-1229.7222254010173,0.0,7.7772343805311515,0.21471494436264038,0.0,0.0,0.9766767024993896,0.13839499652385712,0.0,0.0,0.9903771281242371,-0.37053366593322307
-407.3342978931372,-1227.5413563410432,0.0,7.793317418535202,0.21812009811401367,0.0,0.0,0.9759217500686646,0.1431439220905304,0.0,0.0,0.9897018671035767,-0.023068223891787143
-406.2345665940325,-1225.362644039803,0.0,7.8093048720333895,0.2214411348104477,0.0,0.0,0.9751735329627991,0.14780482649803162,0.0,0.0,0.9890165328979492,-0.37134111307959616
-405.1188753969803,-1223.1862469089936,0.0,7.82518823310512,0.22468072175979614,0.0,0.0,0.9744322896003723,0.15237872302532196,0.0,0.0,0.9883220791816711,-0.023870413844904848
-403.9877358294885,-1221.0123265216935,0.0,7.840958993829805,0.22784148156642914,0.0,0.0,0.9736981391906738,0.1568647027015686,0.0,0.0,0.9876200556755066,-0.37213761614649943
-402.84166825689346,-1218.8410475660867,0.0,7.856608646286849,0.230926513671875,0.0,0.0,0.9729710817337036,0.16126252710819244,0.0,0.0,0.9869114756584167,-0.024660800332634347
-401.68120190173613,-1216.672577797359,0.0,7.872128682555677,0.23393920063972473,0.0,0.0,0.9722511172294617,0.16557271778583527,0.0,0.0,0.9861975312232971,-0.3729214563620968
-400.50687485301336,-1214.507087987783,0.0,7.887510594715697,0.2368832528591156,0.0,0.0,0.9715381264686584,0.1697949767112732,0.0,0.0,0.9854792952537537,-0.025437664583140396
-399.3192340651543,-1212.3447518749413,0.0,7.902745874846314,0.23976245522499084,0.0,0.0,0.9708314538002014,0.1739293783903122,0.0,0.0,0.9847579598426819,-0.3736909149545522
-398.11883534660814,-1210.1857461081056,0.0,7.91782601502694,0.2425810694694519,0.0,0.0,0.970130980014801,0.1779749095439911,0.0,0.0,0.9840347170829773,-0.026199287824586193
-396.90624333790225,-1208.0302501927304,0.0,7.932742507336999,0.24534361064434052,0.0,0.0,0.96943598985672,0.18193334341049194,0.0,0.0,0.9833106994628906,-0.3744442731520299
-395.6820304113823,-1205.878446211429,0.0,7.947486843855886,0.24805516004562378,0.0,0.0,0.9687456488609314,0.1858069747686386,0.0,0.0,0.982586145401001,-0.026943951285136047
-394.44660617961756,-1203.7304833795324,0.0,7.962050518670541,0.2507202625274658,0.0,0.0,0.9680594205856323,0.18959900736808777,0.0,0.0,0.9818614721298218,-0.37517981228408315
-393.20002726757406,-1201.5864379110549,0.0,7.976427542276486,0.25334352254867554,0.0,0.0,0.9673762917518616,0.19331365823745728,0.0,0.0,0.9811369180679321,-0.02767006358846663
-391.94230645096013,-1199.446375417832,0.0,7.990619356390484,0.25592878460884094,0.0,0.0,0.9666954874992371,0.19695454835891724,0.0,0.0,0.980412483215332,-0.3758965705726689
-390.6734571411937,-1197.3103598366827,0.0,8.004628767838453,0.25847941637039185,0.0,0.0,0.9660166501998901,0.2005264163017273,0.0,0.0,0.9796881675720215,-0.028377609621192346
-389.39349336753895,-1195.1784534446995,0.0,8.018458583446309,0.2609986960887909,0.0,0.0,0.9653390645980835,0.20403145253658295,0.0,0.0,0.9789642095565796,-0.3765950461084192
-388.10242975921744,-1193.0507168745821,0.0,8.032111610039989,0.26348957419395447,0.0,0.0,0.9646621346473694,0.20747384428977966,0.0,0.0,0.9782403707504272,-0.029067156418852935
-386.8002815274852,-1190.9272091299938,0.0,8.04559065444539,0.26595425605773926,0.0,0.0,0.9639855027198792,0.2108561396598816,0.0,0.0,0.9775168299674988,-0.3772758059268738
-385.4870644476929,-1188.8079876009442,0.0,8.058898523488446,0.26839539408683777,0.0,0.0,0.9633087515830994,0.2141808718442917,0.0,0.0,0.9767937660217285,-0.02973927101698709
-384.16279484132576,-1186.6931080791974,0.0,8.072038023995077,0.27081483602523804,0.0,0.0,0.9626314043998718,0.21745166182518005,0.0,0.0,0.9760708808898926,-0.3779394170635723
-382.8274895580321,-1184.5826247736875,0.0,8.085011962791194,0.27321434020996094,0.0,0.0,0.9619531035423279,0.220669686794281,0.0,0.0,0.9753484129905701,-0.030394520451134444
-381.4811659576464,-1182.4765903259545,0.0,8.097823146702726,0.27559560537338257,0.0,0.0,0.9612735509872437,0.22383926808834076,0.0,0.0,0.9746258854866028,-0.37858644655405377
-380.1238418922076,-1180.3750558255826,0.0,8.110474382555587,0.2779599726200104,0.0,0.0,0.9605925679206848,0.22696207463741302,0.0,0.0,0.9739034175872803,-0.031033471756834463
-378.7555356879848,-1178.2780708256448,0.0,8.122968477175707,0.2803086042404175,0.0,0.0,0.9599097967147827,0.2300395667552948,0.0,0.0,0.9731811285018921,-0.3792174614338578
-377.3762661275039,-1176.1856833581437,0.0,8.135308237388992,0.2826426327228546,0.0,0.0,0.9592251777648926,0.23307481408119202,0.0,0.0,0.9724586606025696,-0.031656691969626616
-375.98605243159443,-1174.0979399494538,0.0,8.147496470021371,0.2849631905555725,0.0,0.0,0.9585383534431458,0.23606926202774048,0.0,0.0,0.9717361330986023,-0.3798330287385235
-374.58491424144773,-1172.0148856357503,0.0,8.15953598189877,0.28727084398269653,0.0,0.0,0.9578492641448975,0.239024356007576,0.0,0.0,0.9710134267807007,-0.03226474812505076
-373.1728716006975,-1169.9365639784276,0.0,8.17142957984709,0.28956636786460876,0.0,0.0,0.9571577310562134,0.24194256961345673,0.0,0.0,0.97029048204422,-0.3804337155035901
-371.74994493752837,-1167.8630170795032,0.0,8.183180070692261,0.29185041785240173,0.0,0.0,0.9564637541770935,0.24482476711273193,0.0,0.0,0.9695672988891602,-0.0328582072586453
-370.31615504681315,-1165.794285596999,0.0,8.194790261260207,0.29412388801574707,0.0,0.0,0.9557671546936035,0.24767404794692993,0.0,0.0,0.968843400478363,-0.3810200887645975
-368.87152307228376,-1163.7304087603043,0.0,8.206262958376849,0.29638704657554626,0.0,0.0,0.9550678133964539,0.2504899203777313,0.0,0.0,0.9681191444396973,-0.03343763640595043
-367.4160704887426,-1161.6714243855074,0.0,8.217600968868103,0.29864051938056946,0.0,0.0,0.954365611076355,0.2532752454280853,0.0,0.0,0.9673941731452942,-0.38159271555708507
-365.94981908431396,-1159.6173688907004,0.0,8.228807099559882,0.30088451504707336,0.0,0.0,0.9536605477333069,0.2560310363769531,0.0,0.0,0.9666685461997986,-0.0340036026025049
-364.4727909427463,-1157.5682773112496,0.0,8.239884157278118,0.3031193017959595,0.0,0.0,0.9529525637626648,0.25875821709632874,0.0,0.0,0.9659421443939209,-0.38215216291659193
-362.98500842576175,-1155.5241833150315,0.0,8.250834948848727,0.3053452968597412,0.0,0.0,0.9522415995597839,0.2614579498767853,0.0,0.0,0.9652147889137268,-0.03455667288384884
-361.4864941554597,-1153.4851192176225,0.0,8.261662281097623,0.30756261944770813,0.0,0.0,0.9515277743339539,0.2641313672065735,0.0,0.0,0.9644865989685059,-0.38269899787865735
-359.97727099677974,-1151.4511159974522,0.0,8.272368960850734,0.3097715675830841,0.0,0.0,0.9508109092712402,0.26677972078323364,0.0,0.0,0.9637573957443237,-0.0350974142855211
-358.45736204002804,-1149.4222033109083,0.0,8.28295779493398,0.3119719624519348,0.0,0.0,0.9500911831855774,0.2694037854671478,0.0,0.0,0.9630271196365356,-0.3832337874788213
-356.92679058346687,-1147.398409507392,0.0,8.293431590173274,0.31416434049606323,0.0,0.0,0.9493684768676758,0.27200451493263245,0.0,0.0,0.9622957706451416,-0.035626393843061155
-355.3855801159736,-1145.3797616443217,0.0,8.30379315339454,0.31634876132011414,0.0,0.0,0.9486428499221802,0.27458229660987854,0.0,0.0,0.9615634083747864,-0.3837570987526227
-353.83375429977235,-1143.3662855020789,0.0,8.314045291423701,0.3185248076915741,0.0,0.0,0.9479143619537354,0.27713871002197266,0.0,0.0,0.9608296751976013,-0.036144178592008636
-352.27133695324034,-1141.3580055989016,0.0,8.324190811086671,0.3206929564476013,0.0,0.0,0.9471830129623413,0.27967342734336853,0.0,0.0,0.9600949287414551,-0.384269498735601
-350.698352033796,-1139.3549452057105,0.0,8.334232519209374,0.3228534460067749,0.0,0.0,0.9464487433433533,0.28218841552734375,0.0,0.0,0.9593587517738342,-0.036651335567902676
-349.1148236208678,-1137.3571263608803,0.0,8.344173222617732,0.32500603795051575,0.0,0.0,0.9457116723060608,0.28468436002731323,0.0,0.0,0.958621084690094,-0.3847715544632959
-347.52077589894554,-1135.364569884933,0.0,8.354015728137659,0.3271505832672119,0.0,0.0,0.9449718594551086,0.28716105222702026,0.0,0.0,0.9578821063041687,-0.0371484318062828
-345.91623314072643,-1133.377295395174,0.0,8.363762842595078,0.3292875587940216,0.0,0.0,0.9442293047904968,0.2896193861961365,0.0,0.0,0.9571416974067688,-0.38526383297124633
-344.3012196903485,-1131.3953213202522,0.0,8.37341737281591,0.3314167261123657,0.0,0.0,0.9434841871261597,0.2920600473880768,0.0,0.0,0.9563997387886047,-0.037636034342688474
-342.67575994671625,-1129.4186649146413,0.0,8.382982125626071,0.3335377275943756,0.0,0.0,0.9427365064620972,0.29448360204696655,0.0,0.0,0.9556563496589661,-0.3857469012949919
-341.0398783469314,-1127.4473422730578,0.0,8.39245990785149,0.33565089106559753,0.0,0.0,0.9419862031936646,0.2968901991844177,0.0,0.0,0.9549115300178528,-0.03811471021265911
-339.39359934981553,-1125.4813683447849,0.0,8.401853526318076,0.33775606751441956,0.0,0.0,0.9412334561347961,0.2992803454399109,0.0,0.0,0.9541651010513306,-0.38622132647007196
-337.7369474195401,-1123.5207569479285,0.0,8.411165787851758,0.3398532271385193,0.0,0.0,0.9404783248901367,0.3016554117202759,0.0,0.0,0.9534170031547546,-0.03858502645173395
-336.0699470093624,-1121.5655207835841,0.0,8.42039949927845,0.3419422507286072,0.0,0.0,0.939720869064331,0.30401507019996643,0.0,0.0,0.9526671767234802,-0.3866876755320261
-334.3926225454658,-1119.6156714499164,0.0,8.429557467424072,0.34402287006378174,0.0,0.0,0.9389610886573792,0.3063589334487915,0.0,0.0,0.951915979385376,-0.039047550095452244
-332.7049984109158,-1117.671219456158,0.0,8.43864249911455,0.34609532356262207,0.0,0.0,0.9381991624832153,0.3086879849433899,0.0,0.0,0.9511632323265076,-0.38714651551639373
-331.0070989297243,-1115.732174236512,0.0,8.447657401175801,0.348159521818161,0.0,0.0,0.9374351501464844,0.3110033869743347,0.0,0.0,0.9504086971282959,-0.03950284817935379
-329.29894835103414,-1113.7985441639673,0.0,8.456604980433742,0.35021525621414185,0.0,0.0,0.9366690516471863,0.3133041560649872,0.0,0.0,0.9496527314186096,-0.387598413458714
-327.5805708334186,-1111.870336564019,0.0,8.465488043714293,0.3522627055644989,0.0,0.0,0.9359009861946106,0.3155914545059204,0.0,0.0,0.9488950967788696,-0.039951487738977554
-325.8519904293027,-1109.9475577282938,0.0,8.474309397843381,0.3543016314506531,0.0,0.0,0.9351310729980469,0.3178654909133911,0.0,0.0,0.9481357932090759,-0.38804393639452656
-324.11323106950505,-1108.0302129280738,0.0,8.483071849646917,0.3563317060470581,0.0,0.0,0.9343593120574951,0.32012486457824707,0.0,0.0,0.9473752975463867,-0.04039403580986317
-322.3643165479079,-1106.1183064277302,0.0,8.491778205950826,0.3583534061908722,0.0,0.0,0.9335858821868896,0.32237154245376587,0.0,0.0,0.9466131925582886,-0.38848365135937046
-320.6052705062509,-1104.2118414980446,0.0,8.500431273581029,0.360366553068161,0.0,0.0,0.9328107237815857,0.3246058523654938,0.0,0.0,0.9458492994308472,-0.040831059427550165
-318.8361164190555,-1102.3108204294365,0.0,8.509033859363443,0.3623707890510559,0.0,0.0,0.932033896446228,0.3268277049064636,0.0,0.0,0.9450838565826416,-0.38891812538878534
-317.05687757867986,-1100.4152445450814,0.0,8.51758877012399,0.3643662929534912,0.0,0.0,0.9312554597854614,0.3290364742279053,0.0,0.0,0.944317102432251,-0.04126312562757778
-315.2675770805086,-1098.5251142139255,0.0,8.526098812688588,0.3663531541824341,0.0,0.0,0.9304757118225098,0.33123326301574707,0.0,0.0,0.943548858165741,-0.3893479255183105
-313.46823780827526,-1096.6404288635913,0.0,8.534566793883162,0.36833155155181885,0.0,0.0,0.9296943545341492,0.3334181308746338,0.0,0.0,0.9427789449691772,-0.04169080144548554
-311.65888241952234,-1094.7611869931704,0.0,8.542995520533625,0.3703012466430664,0.0,0.0,0.928911566734314,0.3355894684791565,0.0,0.0,0.9420081377029419,-0.3897736187834854
-309.8395333311986,-1092.8873861859115,0.0,8.551387799465898,0.37226274609565735,0.0,0.0,0.9281271696090698,0.3377504050731659,0.0,0.0,0.9412354826927185,-0.04211465391681246
-308.0102127054033,-1091.0190231217932,0.0,8.559746437505908,0.3742159903049469,0.0,0.0,0.9273413419723511,0.339898943901062,0.0,0.0,0.9404617547988892,-0.3901957722198495
-306.17094243526316,-1089.1560935899795,0.0,8.568074241479572,0.37616103887557983,0.0,0.0,0.9265540242195129,0.3420354425907135,0.0,0.0,0.9396868944168091,-0.04253525007709852
-304.321744130962,-1087.2985925011656,0.0,8.576374018212801,0.3780985176563263,0.0,0.0,0.9257651567459106,0.34416094422340393,0.0,0.0,0.9389105439186096,-0.3906149528629419
-302.46263910591034,-1085.4465138998044,0.0,8.584648574531524,0.3800283670425415,0.0,0.0,0.9249745607376099,0.3462746739387512,0.0,0.0,0.9381330013275146,-0.04295315696188251
-300.5936483630642,-1083.5998509762105,0.0,8.592900717261662,0.3819510042667389,0.0,0.0,0.9241822957992554,0.3483775556087494,0.0,0.0,0.9373541474342346,-0.3910317277483024
-298.71479258139544,-1081.7585960785545,0.0,8.601133253229134,0.3838667571544647,0.0,0.0,0.9233883023262024,0.3504686951637268,0.0,0.0,0.9365743398666382,-0.0433689416067044
-296.8260921025084,-1079.9227407247265,0.0,8.609348989259852,0.3857761323451996,0.0,0.0,0.9225922226905823,0.35254842042922974,0.0,0.0,0.9357933402061462,-0.3914466639114699
-294.92756691741084,-1078.0922756140826,0.0,8.617550732179748,0.3876795172691345,0.0,0.0,0.9217941164970398,0.3546171188354492,0.0,0.0,0.9350113868713379,-0.043783171047103164
-293.0192366534382,-1076.26719063907,0.0,8.625741288814735,0.3895774185657501,0.0,0.0,0.9209936261177063,0.3566754162311554,0.0,0.0,0.9342281818389893,-0.39186032838798446
-291.10112056724347,-1074.4474783118485,0.0,8.633923439447155,0.39147037267684937,0.0,0.0,0.9201906323432922,0.35872194170951843,0.0,0.0,0.9334443211555481,-0.04419641097803345
-289.17323787865814,-1072.633175422367,0.0,8.642098414262952,0.3933590054512024,0.0,0.0,0.9193848371505737,0.3607584834098816,0.0,0.0,0.9326590299606323,-0.39227320590393383
-287.2356082991602,-1070.8243505500593,0.0,8.650265064932947,0.39524370431900024,0.0,0.0,0.918576180934906,0.3627857267856598,0.0,0.0,0.9318723678588867,-0.044608868082578634
-285.2882520828508,-1069.0210734651837,0.0,8.658422041319474,0.3971247375011444,0.0,0.0,0.9177645444869995,0.3648037910461426,0.0,0.0,0.9310842752456665,-0.39268517440830386
-283.3311900327948,-1067.223414472317,0.0,8.666567993284886,0.39900287985801697,0.0,0.0,0.9169496297836304,0.36681342124938965,0.0,0.0,0.9302943348884583,-0.04502027979800349
-281.36444350728374,-1065.431444404613,0.0,8.674701570691518,0.4008784592151642,0.0,0.0,0.9161312580108643,0.3688153624534607,0.0,0.0,0.929502546787262,-0.39309596114601253
-279.3880344260239,-1063.6452346179435,0.0,8.682821423401716,0.40275144577026367,0.0,0.0,0.9153094291687012,0.37080949544906616,0.0,0.0,0.9287088513374329,-0.04543037336922562
-277.4019852762308,-1061.8648569848915,0.0,8.690926201277819,0.4046224057674408,0.0,0.0,0.9144837856292725,0.37279513478279114,0.0,0.0,0.9279136657714844,-0.3935052933619773
-275.40631911865466,-1060.0903838886286,0.0,8.69901455418217,0.4064919054508209,0.0,0.0,0.9136543869972229,0.37477532029151917,0.0,0.0,0.9271156191825867,-0.045838876041162546
-273.40105959351365,-1058.3218882166498,0.0,8.707085131977118,0.40835973620414734,0.0,0.0,0.9128211736679077,0.3767485022544861,0.0,0.0,0.9263155460357666,-0.39391289830111614
-271.38623092635277,-1056.5594433543822,0.0,8.715136584524998,0.41022634506225586,0.0,0.0,0.911983847618103,0.3787151575088501,0.0,0.0,0.9255132079124451,-0.0462455150587322
-269.3618579338079,-1054.8031231786538,0.0,8.723167561688156,0.4120919406414032,0.0,0.0,0.9111423492431641,0.38067612051963806,0.0,0.0,0.924708366394043,-0.3943185032083464
-267.32796602929795,-1053.0530020510382,0.0,8.731176713328933,0.41395652294158936,0.0,0.0,0.9102966785430908,0.3826327621936798,0.0,0.0,0.9239004254341125,-0.046650017666852284
-265.2845812286183,-1051.309154811052,0.0,8.739162689309667,0.415820449590683,0.0,0.0,0.909446656703949,0.3845832347869873,0.0,0.0,0.9230902194976807,-0.39472183532858546
-263.2317301554617,-1049.5716567692293,0.0,8.747124139492708,0.4176839292049408,0.0,0.0,0.9085922837257385,0.3865288496017456,0.0,0.0,0.9222772121429443,-0.047052111110440165
-261.1694400468392,-1047.8405837000512,0.0,8.75505971374039,0.41954705119132996,0.0,0.0,0.9077334403991699,0.3884694576263428,0.0,0.0,0.9214614033699036,-0.39512262190675124
-259.0977387584253,-1046.1160118347443,0.0,8.76296806191507,0.4214101731777191,0.0,0.0,0.9068701267242432,0.3904067277908325,0.0,0.0,0.9206423163414001,-0.04745152263441388
-257.01665476980577,-1044.3980178539407,0.0,8.770847833879074,0.42327332496643066,0.0,0.0,0.9060019850730896,0.3923393189907074,0.0,0.0,0.9198204278945923,-0.3955205901877616
-254.92621718964025,-1042.6866788801974,0.0,8.778697679494755,0.42513665556907654,0.0,0.0,0.9051291942596436,0.3942687213420868,0.0,0.0,0.9189951419830322,-0.047847979483690684
-252.82645576074037,-1040.9820724703873,0.0,8.786516248624451,0.42700010538101196,0.0,0.0,0.9042515754699707,0.3961945176124573,0.0,0.0,0.9181665182113647,-0.3959154674165341
-250.71740086504508,-1039.2842766079364,0.0,8.794302191130507,0.4288639426231384,0.0,0.0,0.9033691883087158,0.3981165587902069,0.0,0.0,0.917334794998169,-0.04824120890318845
-248.59908352851627,-1037.593369694936,0.0,8.802054156875258,0.43072816729545593,0.0,0.0,0.9024817943572998,0.40003612637519836,0.0,0.0,0.9164993762969971,-0.39630698083798616
-246.47153542593836,-1035.9094305441088,0.0,8.809770795721052,0.4325929582118988,0.0,0.0,0.9015893340110779,0.4019527733325958,0.0,0.0,0.9156604409217834,-0.04863093813782454
-244.334788885623,-1034.2325383706334,0.0,8.817450757530239,0.4344584345817566,0.0,0.0,0.9006918668746948,0.4038671553134918,0.0,0.0,0.9148176312446594,-0.396694857697036
-242.18887689402501,-1032.5627727838328,0.0,8.825092692165146,0.43632450699806213,0.0,0.0,0.8997893929481506,0.40577879548072815,0.0,0.0,0.9139712452888489,-0.04901689443251683
-240.03383310025953,-1030.9002137787188,0.0,8.832695249488127,0.43819132447242737,0.0,0.0,0.8988815546035767,0.4076874852180481,0.0,0.0,0.9131214022636414,-0.3970788252386007
-237.8696918205305,-1029.2449417273956,0.0,8.840257079361521,0.4400591254234314,0.0,0.0,0.897968590259552,0.40959450602531433,0.0,0.0,0.9122676849365234,-0.049398805032183135
-235.6964880424546,-1027.597037370319,0.0,8.847776831647666,0.44192802906036377,0.0,0.0,0.8970502614974976,0.41150015592575073,0.0,0.0,0.9114096760749817,-0.3974586107075979
-233.51425742929882,-1025.9565818074193,0.0,8.855253156208912,0.44379815459251404,0.0,0.0,0.8961265683174133,0.41340336203575134,0.0,0.0,0.9105480313301086,-0.04977639718174104
-231.32303632411583,-1024.3236564890763,0.0,8.862684702907593,0.4456694722175598,0.0,0.0,0.8951974511146545,0.41530537605285645,0.0,0.0,0.9096820950508118,-0.39783394134894545
-229.12286175377966,-1022.6983432069501,0.0,8.870070121606064,0.4475418031215668,0.0,0.0,0.8942629098892212,0.4172057807445526,0.0,0.0,0.9088119864463806,-0.0501493981261083
-226.91377143293005,-1021.0807240846746,0.0,8.877408062166653,0.4494154751300812,0.0,0.0,0.893322765827179,0.4191046357154846,0.0,0.0,0.9079378843307495,-0.398204544407561
-224.69580376780814,-1019.4708815683986,0.0,8.88469717445171,0.451290488243103,0.0,0.0,0.8923768997192383,0.42100268602371216,0.0,0.0,0.9070593118667603,-0.05051753511020207
-222.46899786000316,-1017.8688984171918,0.0,8.891936108323579,0.4531669020652771,0.0,0.0,0.8914254903793335,0.4228995442390442,0.0,0.0,0.9061764478683472,-0.39857014712836253
-220.2333935100882,-1016.274857693297,0.0,8.899123513644597,0.45504486560821533,0.0,0.0,0.8904682993888855,0.4247960150241852,0.0,0.0,0.9052888751029968,-0.05088053537894033
-217.98903122116414,-1014.6888427522459,0.0,8.906258040277105,0.456924170255661,0.0,0.0,0.8895054459571838,0.4266916811466217,0.0,0.0,0.9043969511985779,-0.39893047675626697
-215.73595220229288,-1013.110937232824,0.0,8.913338338083456,0.4588046371936798,0.0,0.0,0.8885369300842285,0.42858612537384033,0.0,0.0,0.9035007953643799,-0.051238126177240884
-213.47419837183497,-1011.5412250468903,0.0,8.92036305692598,0.46068626642227173,0.0,0.0,0.8875629305839539,0.4304808974266052,0.0,0.0,0.902599573135376,-0.39928526053619245
-211.20381236068056,-1009.979790369056,0.0,8.927330846667033,0.4625684916973114,0.0,0.0,0.8865834474563599,0.4323751926422119,0.0,0.0,0.9016937613487244,-0.05159003475002133
-208.92483751537475,-1008.4267176262115,0.0,8.934240357168942,0.4644511640071869,0.0,0.0,0.8855987191200256,0.43426933884620667,0.0,0.0,0.900783121585846,-0.3996342257130565
-206.63731790114488,-1006.8820914869123,0.0,8.941090238294063,0.46633288264274597,0.0,0.0,0.8846092820167542,0.4361632466316223,0.0,0.0,0.8998676538467407,-0.051935988342199146
-204.34129830481515,-1005.3459968506144,0.0,8.947879139904726,0.468212753534317,0.0,0.0,0.8836156725883484,0.4380573332309723,0.0,0.0,0.8989470601081848,-0.3999770995317769
-202.0368242376182,-1003.8185188367664,0.0,8.954605711863282,0.4700895845890045,0.0,0.0,0.8826186656951904,0.439951092004776,0.0,0.0,0.8980218172073364,-0.05227571419869187
-199.72394193790166,-1002.2997427737532,0.0,8.961268604032076,0.4719616174697876,0.0,0.0,0.8816189765930176,0.4418452978134155,0.0,0.0,0.8970913290977478,-0.40031360923727155
-197.40269837372344,-1000.7897541876943,0.0,8.96786646627344,0.4738270342350006,0.0,0.0,0.8806177377700806,0.4437403082847595,0.0,0.0,0.8961554765701294,-0.05260893956441731
-195.07314124534426,-999.2886387910938,0.0,8.974397948449724,0.47568362951278687,0.0,0.0,0.8796162605285645,0.4456351697444916,0.0,0.0,0.8952146768569946,-0.4006434820744576
-192.73531898760476,-997.7964824713443,0.0,8.980861700423267,0.47752857208251953,0.0,0.0,0.8786159753799438,0.4475303292274475,0.0,0.0,0.894268810749054,-0.05293539168429323
-190.38928077220257,-996.3133712790864,0.0,8.987256372056416,0.4793592095375061,0.0,0.0,0.8776185512542725,0.44942644238471985,0.0,0.0,0.893317461013794,-0.40096644528825304
-188.03507650984983,-994.8393914164159,0.0,8.993580613211506,0.4811721742153168,0.0,0.0,0.8766258358955383,0.4513235092163086,0.0,0.0,0.892360508441925,-0.053254797803237164
-185.67275685232798,-993.3746292249496,0.0,8.999833073750885,0.48296377062797546,0.0,0.0,0.8756400942802429,0.4532209038734436,0.0,0.0,0.8913983106613159,-0.4012822261235752
-183.30237319442588,-991.9191711737406,0.0,9.006012403536893,0.48472997546195984,0.0,0.0,0.8746637105941772,0.4551190137863159,0.0,0.0,0.890430748462677,-0.05356688516616681
-180.9239776757692,-990.4731038470477,0.0,9.012117252431878,0.48646658658981323,0.0,0.0,0.8736990690231323,0.45701852440834045,0.0,0.0,0.8894573450088501,-0.40159055182534215
-178.53762318253933,-989.0365139319606,0.0,9.018146270298171,0.48816871643066406,0.0,0.0,0.8727490901947021,0.45891857147216797,0.0,0.0,0.8884785175323486,-0.05387138101799982
-176.1433633566658,-987.609488188868,0.0,9.024098106998125,0.48983103036880493,0.0,0.0,0.8718171715736389,0.4608171284198761,0.0,0.0,0.8874952793121338,-0.4018911496384711
-173.7413028876986,-986.1920005472589,0.0,9.029971724367508,0.49144819378852844,0.0,0.0,0.8709065318107605,0.4627096652984619,0.0,0.0,0.8865099549293518,-0.054168028359887876
-171.33171746756963,-984.7836423407564,0.0,9.035767466381598,0.493015319108963,0.0,0.0,0.8700203895568848,0.46459251642227173,0.0,0.0,0.8855246901512146,-0.40218386388160693
-168.91491985610776,-983.3839220353062,0.0,9.04148605964557,0.4945277273654938,0.0,0.0,0.8691616654396057,0.46646052598953247,0.0,0.0,0.8845421075820923,-0.05445684620150265
-166.49122395814734,-981.9923456872191,0.0,9.047128230778252,0.4959816634654999,0.0,0.0,0.8683327436447144,0.46831002831459045,0.0,0.0,0.8835642337799072,-0.4024688220196212
-164.06094479770934,-980.6084169875319,0.0,9.052694706398473,0.4973735213279724,0.0,0.0,0.8675362467765808,0.47013726830482483,0.0,0.0,0.8825932741165161,-0.05473798133383706
-161.6243984924459,-979.2316373059134,0.0,9.058186213125058,0.49869993329048157,0.0,0.0,0.8667744994163513,0.4719378650188446,0.0,0.0,0.8816318511962891,-0.4027461708441961
-159.18190222835554,-977.8615057341119,0.0,9.063603477576834,0.49995794892311096,0.0,0.0,0.8660494089126587,0.47370871901512146,0.0,0.0,0.880681574344635,-0.05501158054857325
-156.73377423476038,-976.4975191289351,0.0,9.068947226372634,0.5011409521102905,0.0,0.0,0.8653556108474731,0.47544682025909424,0.0,0.0,0.8797444701194763,-0.40301605714701433
-154.28033375956596,-975.1391721547573,0.0,9.074218186131278,0.5022517442703247,0.0,0.0,0.8647037744522095,0.4771486222743988,0.0,0.0,0.8788225650787354,-0.05527779063739363
-151.82190104478954,-973.7859573255553,0.0,9.079417083471595,0.5032881498336792,0.0,0.0,0.864095151424408,0.47881221771240234,0.0,0.0,0.8779172897338867,-0.40327862771975764
-149.35879730237392,-972.4373650464615,0.0,9.084544645012416,0.504248321056366,0.0,0.0,0.8635311126708984,0.48043322563171387,0.0,0.0,0.8770312666893005,-0.05553675839198052
-146.89134469027812,-971.0928836548297,0.0,9.08960159737256,0.5051301717758179,0.0,0.0,0.8630128502845764,0.48201000690460205,0.0,0.0,0.8761656880378723,-0.4035340293541083
-144.4198662888561,-969.7519994608123,0.0,9.09458866717086,0.5059323310852051,0.0,0.0,0.8625413179397583,0.48353898525238037,0.0,0.0,0.8753228187561035,-0.0557886306040159
-141.94468607751998,-968.4141967874423,0.0,9.099506581026148,0.5066533088684082,0.0,0.0,0.8621175289154053,0.48501935601234436,0.0,0.0,0.8745034337043762,-0.40378240884174915
-139.46612891169826,-967.078958010214,0.0,9.10435606555724,0.5072915554046631,0.0,0.0,0.8617424368858337,0.4864473044872284,0.0,0.0,0.8737099170684814,-0.05603355406518212
-136.9845205000776,-965.7457635961596,0.0,9.109137847382973,0.5078459978103638,0.0,0.0,0.8614168763160706,0.48782187700271606,0.0,0.0,0.8729431629180908,-0.40402391297436197
-134.5001873821534,-964.4140921424189,0.0,9.113852653122166,0.5083155632019043,0.0,0.0,0.8611414432525635,0.48914068937301636,0.0,0.0,0.8722048401832581,-0.056271675567161505
-132.01345690606536,-963.0834204142938,0.0,9.118501209393651,0.5086990594863892,0.0,0.0,0.8609168529510498,0.4904017448425293,0.0,0.0,0.8714963793754578,-0.40425868854362895
-129.52465720673993,-961.7532233827836,0.0,9.123084242816258,0.508995532989502,0.0,0.0,0.8607437014579773,0.4916031062602997,0.0,0.0,0.8708193302154541,-0.05650314190163658
-127.03411718433786,-960.4229742616043,0.0,9.127602480008804,0.5092041492462158,0.0,0.0,0.8606224656105042,0.4927428364753723,0.0,0.0,0.8701748847961426,-0.40448688234123226
-124.54216648300077,-959.0921445436751,0.0,9.132056647590128,0.5093240737915039,0.0,0.0,0.8605536818504333,0.49381914734840393,0.0,0.0,0.869564414024353,-0.056728099860289316
-122.0491354699097,-957.7602040370805,0.0,9.136447472179052,0.509354829788208,0.0,0.0,0.860537588596344,0.49483129382133484,0.0,0.0,0.8689888119697571,-0.4047086411588547
-119.55535521465177,-956.4266209004929,0.0,9.140775680394396,0.5092953443527222,0.0,0.0,0.8605746030807495,0.4957776963710785,0.0,0.0,0.8684492111206055,-0.0569466962348017
-117.06115746890067,-955.0908616780644,0.0,9.145041998855001,0.5091450214385986,0.0,0.0,0.8606650829315186,0.4966563284397125,0.0,0.0,0.8679470419883728,-0.4049241117881781
-114.56687464641048,-953.7523913337692,0.0,9.149247154179687,0.508903443813324,0.0,0.0,0.8608090281486511,0.49746620655059814,0.0,0.0,0.8674830794334412,-0.05715907781685653
-112.072839803325,-952.4106732852073,0.0,9.153391872987276,0.5085702538490295,0.0,0.0,0.8610066175460815,0.49820592999458313,0.0,0.0,0.8670583963394165,-0.40513344102088467
-109.57938661880938,-951.0651694368537,0.0,9.15747688189661,0.5081449151039124,0.0,0.0,0.861257791519165,0.4988742470741272,0.0,0.0,0.86667400598526,-0.05736539139813601
-107.08684937599973,-949.71534021276,0.0,9.161502907526497,0.5076271295547485,0.0,0.0,0.8615625500679016,0.499467670917511,0.0,0.0,0.8663269877433777,-0.4053367756486567
-104.59556294327494,-948.3606445886943,0.0,9.165470676495778,0.5070168972015381,0.0,0.0,0.8619206547737122,0.4999878704547882,0.0,0.0,0.8660231232643127,-0.0575657837703219
-102.105862755857,-947.0005401237263,0.0,9.169380915423279,0.5063140988349915,0.0,0.0,0.862331748008728,0.5004341006278992,0.0,0.0,0.8657628893852234,-0.405534262463177
-99.61808479773534,-945.6344829912466,0.0,9.173234350927816,0.5055193305015564,0.0,0.0,0.8627951741218567,0.5008055567741394,0.0,0.0,0.8655465841293335,-0.0577604017250965
-97.1325655839194,-944.2619280094198,0.0,9.177031709628231,0.5046327114105225,0.0,0.0,0.8633105158805847,0.5011002421379089,0.0,0.0,0.8653753995895386,-0.40572604825612724
-94.64964214302383,-942.8823286710682,0.0,9.180773718143342,0.503654956817627,0.0,0.0,0.86387699842453,0.5013172030448914,0.0,0.0,0.8652496933937073,-0.05794939205414251
-92.16965200018846,-941.4951371729851,0.0,9.184461103091984,0.5025911927223206,0.0,0.0,0.8645016551017761,0.5014557838439941,0.0,0.0,0.8651697635650635,-0.40591227981919
-89.69293316032557,-940.0998044446683,0.0,9.188094591092973,0.5014382004737854,0.0,0.0,0.865175187587738,0.5015150308609009,0.0,0.0,0.8651360273361206,-0.058132901549142024
-87.21982409170961,-938.6957801764764,0.0,9.191674908765146,0.5001971125602722,0.0,0.0,0.8658967018127441,0.5014931559562683,0.0,0.0,0.8651493191719055,-0.40609310394404713
-84.75066370990261,-937.282512847205,0.0,9.195202782727323,0.4988695979118347,0.0,0.0,0.8666650652885437,0.5013896822929382,0.0,0.0,0.8652097582817078,-0.058311077001777234
-82.2857913620177,-935.8594497510744,0.0,9.198678939598336,0.49745720624923706,0.0,0.0,0.8674788475036621,0.5012041926383972,0.0,0.0,0.8653172850608826,-0.40626866742238116
-79.8255468113287,-934.4260370241338,0.0,9.20210410599701,0.4959619343280792,0.0,0.0,0.8683364391326904,0.5009357929229736,0.0,0.0,0.8654721975326538,-0.05848406520373045
-77.37027022221423,-932.9817196700716,0.0,9.205479008542172,0.49438604712486267,0.0,0.0,0.8692361116409302,0.500583291053772,0.0,0.0,0.8656749129295349,-0.40643911704587415
-74.92030214545497,-931.5259415854357,0.0,9.208804373852653,0.49273186922073364,0.0,0.0,0.8701758980751038,0.5001459121704102,0.0,0.0,0.8659255504608154,-0.05865201294668404
-72.47598350387027,-930.0581455842544,0.0,9.212080928547277,0.49100199341773987,0.0,0.0,0.8711541295051575,0.4996233284473419,0.0,0.0,0.8662239909172058,-0.4066045996062087
-70.0376555783059,-928.577774503461,0.0,9.21530939924487,0.4891993999481201,0.0,0.0,0.8721683621406555,0.49901875853538513,0.0,0.0,0.8665742874145508,-0.05881506702232003
-67.60565999397015,-927.0844173126769,0.0,9.218490512564257,0.48732703924179077,0.0,0.0,0.8732165694236755,0.4983326494693756,0.0,0.0,0.8669706583023071,-0.4067652618950667
-65.1803387071183,-925.5779574253175,0.0,9.221624995124273,0.48538756370544434,0.0,0.0,0.8742967247962952,0.4975665509700775,0.0,0.0,0.8674120306968689,-0.058973374222320796
-62.76203399208941,-924.0583134052674,0.0,9.22471357354374,0.4833831191062927,0.0,0.0,0.8754069209098816,0.4967229962348938,0.0,0.0,0.8678966760635376,-0.4069212507041307
-60.351088428698716,-922.5254037902517,0.0,9.22775697444148,0.4813154935836792,0.0,0.0,0.876545786857605,0.4958029091358185,0.0,0.0,0.8684238791465759,-0.05912708133836825
-57.947844889981894,-920.9791470906399,0.0,9.230755924436338,0.4791865944862366,0.0,0.0,0.8777116537094116,0.49480926990509033,0.0,0.0,0.8689915537834167,-0.4070727128250831
-55.55264653029454,-919.4194617881569,0.0,9.23371115014712,0.476997971534729,0.0,0.0,0.8789031505584717,0.49374303221702576,0.0,0.0,0.8695987462997437,-0.059276335162145144
-53.1658367737709,-917.8462663345078,0.0,9.23662337819267,0.4747510254383087,0.0,0.0,0.8801190853118896,0.4926054775714874,0.0,0.0,0.8702445030212402,-0.4072197950496058
-50.78775930314048,-916.2594791499082,0.0,9.239493335191803,0.4724465012550354,0.0,0.0,0.8813585042953491,0.49139896035194397,0.0,0.0,0.8709271550178528,-0.05942128248533368
-48.41875804890269,-914.6590186215257,0.0,9.242321747763345,0.47008538246154785,0.0,0.0,0.8826202750205994,0.49012401700019836,0.0,0.0,0.8716459274291992,-0.40736264416938067
-46.05917717886062,-913.0448031018241,0.0,9.24510934252614,0.4676685035228729,0.0,0.0,0.8839033842086792,0.4887816607952118,0.0,0.0,0.8724000453948975,-0.05956207009961634
-43.7093610880222,-911.4167509068254,0.0,9.247856846099,0.465196430683136,0.0,0.0,0.885206937789917,0.4873735308647156,0.0,0.0,0.8731881380081177,-0.4075014069760907
-41.369654388857306,-909.7747803142728,0.0,9.250564985100752,0.4626695215702057,0.0,0.0,0.8865302801132202,0.485900342464447,0.0,0.0,0.874009370803833,-0.05969884479667453
-39.040401901925,-908.1188095617047,0.0,9.25323448615023,0.4600883424282074,0.0,0.0,0.8878727555274963,0.48436275124549866,0.0,0.0,0.8748629093170166,-0.4076362302614179
-36.72194864686365,-906.4487568444381,0.0,9.25586607586626,0.45745301246643066,0.0,0.0,0.889233410358429,0.48276206851005554,0.0,0.0,0.875747561454773,-0.05983175336819119
-34.41463983374223,-904.7645403134541,0.0,9.258460480867667,0.45476359128952026,0.0,0.0,0.8906118273735046,0.48109889030456543,0.0,0.0,0.8766627907752991,-0.4077672608170445
-32.118820854788126,-903.0660780732006,0.0,9.261018427773278,0.45201992988586426,0.0,0.0,0.8920075297355652,0.4793739318847656,0.0,0.0,0.8776074647903442,-0.05996094260584833
-29.834837276475447,-901.3532881792955,0.0,9.263540643201924,0.4492224454879761,0.0,0.0,0.8934196829795837,0.47758805751800537,0.0,0.0,0.8785809874534607,-0.40789464543465287
-27.563034831984446,-899.6260886361379,0.0,9.266027853772428,0.44637101888656616,0.0,0.0,0.8948476910591125,0.475741446018219,0.0,0.0,0.8795825839042664,-0.060086559301328335
-25.30375941403317,-897.8843973944314,0.0,9.268480786103618,0.4434652626514435,0.0,0.0,0.8962913155555725,0.473834365606308,0.0,0.0,0.8806115984916687,-0.4080185309059251
-23.057357068077753,-896.1281323486115,0.0,9.270900166814322,0.44050514698028564,0.0,0.0,0.8977499008178711,0.4718678295612335,0.0,0.0,0.8816671371459961,-0.060208750246313336
-20.82417398588497,-894.3572113341803,0.0,9.273286722523366,0.43749022483825684,0.0,0.0,0.8992230296134949,0.46984145045280457,0.0,0.0,0.8827487826347351,-0.4081390640225436
-18.60455649947516,-892.5715521249472,0.0,9.275641179849577,0.4344203770160675,0.0,0.0,0.9007101058959961,0.4677565097808838,0.0,0.0,0.8838555216789246,-0.060327662232485535
-16.398851075445258,-890.7710724301827,0.0,9.277964265411788,0.4312952160835266,0.0,0.0,0.9022108316421509,0.46561264991760254,0.0,0.0,0.8849869966506958,-0.4082563915761906
-14.207404309660651,-888.9556898916737,0.0,9.280256705828817,0.4281143248081207,0.0,0.0,0.9037245512008667,0.4634101092815399,0.0,0.0,0.8861424326896667,-0.06044344205152741
-12.030562922319954,-887.1253220806834,0.0,9.282519227719494,0.42487743496894836,0.0,0.0,0.9052507877349854,0.4611496031284332,0.0,0.0,0.8873210549354553,-0.40837066035854797
-9.868673753403927,-885.2798864948276,0.0,9.28475255770265,0.42158424854278564,0.0,0.0,0.9067893028259277,0.4588302969932556,0.0,0.0,0.8885226845741272,-0.06055623649512121
-7.722083758492852,-883.4193005548472,0.0,9.286957422397112,0.4182344675064087,0.0,0.0,0.9083391427993774,0.4564530551433563,0.0,0.0,0.8897462487220764,-0.40848201716129856
-5.591140004968359,-881.5434816012967,0.0,9.2891345484217,0.41482824087142944,0.0,0.0,0.909899890422821,0.45401740074157715,0.0,0.0,0.8909916877746582,-0.06066619235494891
-3.476189668586356,-879.6523468911313,0.0,9.29128466239525,0.41136565804481506,0.0,0.0,0.9114705324172974,0.45152348279953003,0.0,0.0,0.8922582268714905,-0.40859060877612435
-1.377580030434725,-877.7458135942061,0.0,9.293408490936585,0.407847136259079,0.0,0.0,0.9130502343177795,0.44897133111953735,0.0,0.0,0.8935452103614807,-0.06077345642269305
0.7043415257328896,-875.8237987896792,0.0,9.295506760664534,0.4042733907699585,0.0,0.0,0.9146381616592407,0.44636106491088867,0.0,0.0,0.8948521614074707,-0.40869658199470765
2.7692275157831574,-873.8862194623207,0.0,9.29758019819792,0.40064525604248047,0.0,0.0,0.9162331819534302,0.4436919689178467,0.0,0.0,0.896178662776947,-0.06087817549003577
4.8167303571025535,-871.9329924987326,0.0,9.299629530155574,0.3969643712043762,0.0,0.0,0.9178340435028076,0.4409644305706024,0.0,0.0,0.8975239396095276,-0.4088000836087306
6.846502370124757,-869.9640346834678,0.0,9.30165548315632,0.393232136964798,0.0,0.0,0.9194392561912537,0.4381784200668335,0.0,0.0,0.8988873362541199,-0.06098049634865932
8.85819577946836,-867.9792626950618,0.0,9.303658783818989,0.3894508183002472,0.0,0.0,0.9210472702980042,0.43533357977867126,0.0,0.0,0.9002685546875,-0.40890126040987546
10.851462714696424,-865.978593101965,0.0,9.305640158762404,0.38562285900115967,0.0,0.0,0.9226564764976501,0.4324294924736023,0.0,0.0,0.9016671180725098,-0.061080565790245955
12.825955210687493,-863.9619423583865,0.0,9.307600334605397,0.38175126910209656,0.0,0.0,0.9242650270462036,0.42946645617485046,0.0,0.0,0.9030822515487671,-0.4090002591898245
14.781325207628512,-861.9292268000398,0.0,9.30954003796679,0.3778393864631653,0.0,0.0,0.9258710145950317,0.42644405364990234,0.0,0.0,0.9045134782791138,-0.06117853060647804
16.717224550618887,-859.8803626397976,0.0,9.311459995465418,0.37389102578163147,0.0,0.0,0.9274724721908569,0.42336177825927734,0.0,0.0,0.9059603810310364,-0.4090972267402602
18.63330498889324,-857.8152659632464,0.0,9.3133609337201,0.3699110150337219,0.0,0.0,0.929067075252533,0.4202198386192322,0.0,0.0,0.9074219465255737,-0.061274537589037725
20.529218174654236,-855.7338527241557,0.0,9.315243579349666,0.3659040331840515,0.0,0.0,0.9306524395942688,0.41701778769493103,0.0,0.0,0.9088979363441467,-0.4091923098528646
22.404615661521397,-853.636038739847,0.0,9.317108658972945,0.3618757426738739,0.0,0.0,0.9322261810302734,0.4137553572654724,0.0,0.0,0.9103878140449524,-0.06136873352960737
24.259148883730596,-851.5217397081831,0.0,9.318956803857104,0.35783231258392334,0.0,0.0,0.9337857961654663,0.4104340970516205,0.0,0.0,0.9118899703025818,-0.4092856505035797
26.092524634354163,-849.390894865139,0.0,9.320787967079596,0.35378018021583557,0.0,0.0,0.935328483581543,0.40705808997154236,0.0,0.0,0.9134019613265991,-0.06146121652064235
27.904856833210733,-847.2436157599934,0.0,9.32260180782652,0.34972578287124634,0.0,0.0,0.936851978302002,0.40363192558288574,0.0,0.0,0.9149211645126343,-0.4093772586221111
29.696440815529545,-845.0800908529465,0.0,9.324397984100436,0.34567493200302124,0.0,0.0,0.9383541345596313,0.4001607298851013,0.0,0.0,0.9164446592330933,-0.06155193249407248
31.467573193157794,-842.9005093747733,0.0,9.3261761539039,0.34163302183151245,0.0,0.0,0.9398332834243774,0.39664942026138306,0.0,0.0,0.917969822883606,-0.4094670651778416
33.21855102962323,-840.7050609782701,0.0,9.327935975239464,0.33760496973991394,0.0,0.0,0.9412878751754761,0.3931017518043518,0.0,0.0,0.9194945693016052,-0.06164081235950508
34.94967183802274,-838.4939357374469,0.0,9.329677106109685,0.3335952162742615,0.0,0.0,0.9427163600921631,0.38952237367630005,0.0,0.0,0.9210165739059448,-0.40955500108037796
36.66123357872963,-836.2673241466085,0.0,9.331399204517115,0.3296080231666565,0.0,0.0,0.9441177845001221,0.3859158158302307,0.0,0.0,0.9225336313247681,-0.06172778702654702
38.35353465692325,-834.0254171193286,0.0,9.33310192846432,0.3256472647190094,0.0,0.0,0.9454911947250366,0.382286012172699,0.0,0.0,0.9240437746047974,-0.4096409972393277
40.02687391994437,-831.7684059873079,0.0,9.334784935953843,0.32171645760536194,0.0,0.0,0.9468360543251038,0.37863650918006897,0.0,0.0,0.925545334815979,-0.06181278740480578
41.681550654467955,-829.4964824991279,0.0,9.336447884988242,0.3178189694881439,0.0,0.0,0.9481514096260071,0.3749716281890869,0.0,0.0,0.9270362257957458,-0.40972498456429735
43.31786458349869,-827.2098388188924,0.0,9.33809043357008,0.3139576315879822,0.0,0.0,0.9494369029998779,0.37129461765289307,0.0,0.0,0.9285150766372681,-0.06189574440388851
44.93611586319079,-824.9086675247548,0.0,9.339712239701901,0.31013527512550354,0.0,0.0,0.9506924152374268,0.367608904838562,0.0,0.0,0.929980456829071,-0.4098068939648944
46.53660507948609,-822.5931616073386,0.0,9.341312961386269,0.3063545227050781,0.0,0.0,0.9519174098968506,0.36391815543174744,0.0,0.0,0.9314309358596802,-0.06197658893340202
48.119633244575716,-820.2635144680437,0.0,9.342892256625735,0.302617609500885,0.0,0.0,0.9531119465827942,0.3602249324321747,0.0,0.0,0.9328653812408447,-0.40988665635072596
49.68550179318197,-817.9199199172432,0.0,9.344449783422856,0.2989266812801361,0.0,0.0,0.9542759656906128,0.356533020734787,0.0,0.0,0.934282660484314,-0.062055251902953634
51.23451257866027,-815.5625721723709,0.0,9.345985199780188,0.295283704996109,0.0,0.0,0.9554094076156616,0.3528452515602112,0.0,0.0,0.9356815218925476,-0.40996420263139927
52.76696786892423,-813.1916658558914,0.0,9.34749816370028,0.2916906177997589,0.0,0.0,0.9565125107765198,0.34916460514068604,0.0,0.0,0.9370611906051636,-0.06213166422215022
54.28317034218844,-810.8073959931681,0.0,9.348988333185696,0.28814899921417236,0.0,0.0,0.957585334777832,0.34549403190612793,0.0,0.0,0.9384207129478455,-0.4100394637165213
55.783423082536004,-808.4099580102076,0.0,9.350455366238986,0.284660279750824,0.0,0.0,0.9586281776428223,0.3418358564376831,0.0,0.0,0.9397594928741455,-0.0622057568005992
57.26802957530078,-805.9995477313073,0.0,9.351898920862707,0.28122591972351074,0.0,0.0,0.9596413969993591,0.338192880153656,0.0,0.0,0.9410766959190369,-0.41011237051569915
58.737293702276574,-803.5763613765758,0.0,9.353318655059413,0.2778472304344177,0.0,0.0,0.9606251120567322,0.3345675468444824,0.0,0.0,0.942371666431427,-0.06227746054790756
60.19151973674051,-801.1405955593559,0.0,9.35471422683166,0.2745252251625061,0.0,0.0,0.9615797996520996,0.33096209168434143,0.0,0.0,0.9436439275741577,-0.4101828539385399
61.63101233830186,-798.6924472835236,0.0,9.356085294182007,0.271261066198349,0.0,0.0,0.9625056982040405,0.32737913727760315,0.0,0.0,0.9448930025100708,-0.062346706373682614
63.05607654756675,-796.232113940684,0.0,9.357431515113003,0.2680557072162628,0.0,0.0,0.9634032845497131,0.32382041215896606,0.0,0.0,0.9461184740066528,-0.41025084489465086
64.46701778062594,-793.7597933072499,0.0,9.358752547627205,0.2649100422859192,0.0,0.0,0.9642729759216309,0.3202885091304779,0.0,0.0,0.9473199844360352,-0.06241342518753118
65.86414182335966,-791.2756835414141,0.0,9.360048049727169,0.26182466745376587,0.0,0.0,0.9651153087615967,0.3167850971221924,0.0,0.0,0.9484972953796387,-0.4103162742936389
67.24775482556495,-788.7799831800018,0.0,9.361317679415452,0.2588004469871521,0.0,0.0,0.9659306406974792,0.31331193447113037,0.0,0.0,0.9496501684188843,-0.062477547899060626
68.61816329490188,-786.2728911352185,0.0,9.362561094694604,0.25583794713020325,0.0,0.0,0.9667195677757263,0.3098711669445038,0.0,0.0,0.9507784247398376,-0.41037907304511123
69.9756740906593,-783.754606691281,0.0,9.363777953567189,0.2529377341270447,0.0,0.0,0.9674824476242065,0.3064645826816559,0.0,0.0,0.9518819451332092,-0.06253900541787805
71.32059441733891,-781.2253295009398,0.0,9.364967914035756,0.250100314617157,0.0,0.0,0.9682198166847229,0.30309340357780457,0.0,0.0,0.9529608488082886,-0.4104391720586752
72.65323181806328,-778.6852595818839,0.0,9.366130634102857,0.24732603132724762,0.0,0.0,0.9689321517944336,0.2997593581676483,0.0,0.0,0.9540148973464966,-0.06259772865359031
73.97389416779953,-776.1345973130395,0.0,9.367265771771054,0.2446153163909912,0.0,0.0,0.9696199893951416,0.29646438360214233,0.0,0.0,0.9550439119338989,-0.4104965022439377
75.28288966640154,-773.5735434307569,0.0,9.368372985042901,0.2419685572385788,0.0,0.0,0.9702838659286499,0.2932094931602478,0.0,0.0,0.9560482501983643,-0.0626536485158048
76.58052683147957,-771.0022990248737,0.0,9.369451931920953,0.2393859326839447,0.0,0.0,0.9709242582321167,0.28999608755111694,0.0,0.0,0.9570279717445374,-0.4105509945105059
77.86711449107848,-768.4210655346848,0.0,9.370502270407762,0.2368677258491516,0.0,0.0,0.9715417623519897,0.28682535886764526,0.0,0.0,0.9579830169677734,-0.06270669591412847
79.1429617761853,-765.8300447447815,0.0,9.371523658505888,0.23441405594348907,0.0,0.0,0.9721366167068481,0.2836988866329193,0.0,0.0,0.9589135646820068,-0.4106025797679871
80.40837811305111,-763.2294387807901,0.0,9.372515754217883,0.2320251613855362,0.0,0.0,0.972709596157074,0.28061753511428833,0.0,0.0,0.9598198533058167,-0.06275680175816861
81.66367321533397,-760.6194501049946,0.0,9.373478215546305,0.22970108687877655,0.0,0.0,0.9732610583305359,0.2775826156139374,0.0,0.0,0.9607019424438477,-0.4106511889259882
82.909157076062,-758.0002815118477,0.0,9.374410700493701,0.22744187712669373,0.0,0.0,0.9737914800643921,0.2745949923992157,0.0,0.0,0.9615600109100342,-0.06280389695753208
84.14513995941584,-755.3721361233681,0.0,9.375312867062641,0.22524772584438324,0.0,0.0,0.9743013381958008,0.27165594696998596,0.0,0.0,0.9623945355415344,-0.41069675289411645
85.3719323923322,-752.7352173844267,0.0,9.376184373255668,0.2231186032295227,0.0,0.0,0.9747911691665649,0.26876571774482727,0.0,0.0,0.9632056951522827,-0.06284791242182641
86.58984515592408,-750.0897290579247,0.0,9.377024877075339,0.22105446457862854,0.0,0.0,0.9752613306045532,0.2659260928630829,0.0,0.0,0.9639935493469238,-0.41073920258197855
87.7991892767257,-747.43587521985,0.0,9.377834036524217,0.21905530989170074,0.0,0.0,0.9757123589515686,0.2631371319293976,0.0,0.0,0.964758574962616,-0.0628887790606586
89.00027601775435,-744.7738602542306,0.0,9.378611509604843,0.21712079644203186,0.0,0.0,0.9761446118354797,0.2603996992111206,0.0,0.0,0.9655009508132935,-0.41077846889918196
90.19341686939242,-742.1038888479741,0.0,9.379356954319789,0.2152503877878189,0.0,0.0,0.9765588045120239,0.25771504640579224,0.0,0.0,0.9662209749221802,-0.06292642778363566
91.37892354009196,-739.4261659855904,0.0,9.3800700286716,0.2134428769350052,0.0,0.0,0.9769554138183594,0.2550833821296692,0.0,0.0,0.9669190645217896,-0.41081448275533405
92.55710794689844,-736.7408969438073,0.0,9.380750390662833,0.21169674396514893,0.0,0.0,0.9773351550102234,0.2525053918361664,0.0,0.0,0.9675955176353455,-0.06296078950036454
93.72828220579248,-734.0482872860787,0.0,9.381397698296047,0.21000970900058746,0.0,0.0,0.9776991009712219,0.24998155236244202,0.0,0.0,0.9682506322860718,-0.4108471750600418
94.89275862185944,-731.3485428569647,0.0,9.382011609573787,0.20837867259979248,0.0,0.0,0.9780480265617371,0.24751269817352295,0.0,0.0,0.9688847661018372,-0.06299179512045244
96.05084967927137,-728.6418697764215,0.0,9.382591782498622,0.20679986476898193,0.0,0.0,0.9783830642700195,0.24509920179843903,0.0,0.0,0.9694980382919312,-0.41087647672291233
97.20286803109626,-725.9284744339626,0.0,9.383137875073096,0.20526853203773499,0.0,0.0,0.9787055850028992,0.24274170398712158,0.0,0.0,0.9700909852981567,-0.06301937555350667
98.3491264889264,-723.208563482717,0.0,9.38364954529977,0.20377898216247559,0.0,0.0,0.9790168404579163,0.24044054746627808,0.0,0.0,0.9706639051437378,-0.41090231865355237
99.48993801232726,-720.4823438333751,0.0,9.3841264511812,0.20232458412647247,0.0,0.0,0.9793184995651245,0.2381957620382309,0.0,0.0,0.971217155456543,-0.06304346170913444
100.62561569810902,-717.7500226480233,0.0,9.384568250719937,0.20089754462242126,0.0,0.0,0.9796122312545776,0.23600809276103973,0.0,0.0,0.9717510938644409,-0.41092463176156946
101.75647276942044,-715.011807333865,0.0,9.384974601918543,0.199489027261734,0.0,0.0,0.9799000024795532,0.23387806117534637,0.0,0.0,0.972265899181366,-0.06306398449694278
102.88282256466462,-712.267905536832,0.0,9.385345162779561,0.19808898866176605,0.0,0.0,0.9801839590072632,0.23180566728115082,0.0,0.0,0.9727621078491211,-0.41094334695657037
104.00497852623594,-709.5185251350874,0.0,9.38567959130556,0.1966862678527832,0.0,0.0,0.980466365814209,0.22979110479354858,0.0,0.0,0.9732399582862854,-0.06308087482653874
105.12325418908054,-706.7638742324158,0.0,9.385977545499086,0.195268452167511,0.0,0.0,0.980749785900116,0.22783511877059937,0.0,0.0,0.9736997485160828,-0.41095839514816257
106.23796316907999,-704.0041611515015,0.0,9.386238683362702,0.1938217729330063,0.0,0.0,0.9810366630554199,0.2259373515844345,0.0,0.0,0.9741419553756714,-0.0630940636075294
107.34941915125751,-701.2395944270983,0.0,9.386462662898955,0.19233113527297974,0.0,0.0,0.9813300371170044,0.22409822046756744,0.0,0.0,0.974566638469696,-0.41096970724595316
108.45793587780675,-698.4703827990918,0.0,9.386649142110405,0.19078005850315094,0.0,0.0,0.9816327095031738,0.2223159670829773,0.0,0.0,0.9749747514724731,-0.06310348174952185
109.56381852794945,-695.696735084863,0.0,9.386797778999606,0.1891505867242813,0.0,0.0,0.9819479584693909,0.22058261930942535,0.0,0.0,0.9753683805465698,-0.41097721415954913
110.66666658983067,-692.9188504069231,0.0,9.386908231569112,0.18742439150810242,0.0,0.0,0.9822789430618286,0.21888361871242523,0.0,0.0,0.9757510423660278,-0.0631090601621232
111.76486022796482,-690.1369109908459,0.0,9.386980157821485,0.18558438122272491,0.0,0.0,0.9826282262802124,0.2172045111656189,0.0,0.0,0.9761261940002441,-0.41098084679855784
112.85665851715392,-687.3510975421414,0.0,9.387013215759271,0.183615043759346,0.0,0.0,0.9829981923103333,0.21553191542625427,0.0,0.0,0.9764968752861023,-0.0631107297549407
113.94032056218717,-684.5615909355935,0.0,9.387007063385031,0.18150189518928528,0.0,0.0,0.9833905100822449,0.21385249495506287,0.0,0.0,0.9768660664558411,-0.4109805360725861
115.0141055716925,-681.7685722088772,0.0,9.386961358701317,0.1792316734790802,0.0,0.0,0.983806848526001,0.21215392649173737,0.0,0.0,0.977236270904541,-0.06310842143758139
116.07627293293464,-678.9722225560854,0.0,9.386875759710687,0.1767919808626175,0.0,0.0,0.984248161315918,0.21042408049106598,0.0,0.0,0.9776102304458618,-0.4109762128912412
117.12508228755678,-676.1727233211639,0.0,9.386749924415696,0.17417120933532715,0.0,0.0,0.9847153425216675,0.20865143835544586,0.0,0.0,0.9779900312423706,-0.06310206611965252
118.15879360826841,-673.3702559912465,0.0,9.386583510818896,0.17135854065418243,0.0,0.0,0.9852086305618286,0.2068251520395279,0.0,0.0,0.9783777594566345,-0.4109678081641301
119.17566727646968,-670.5650021899073,0.0,9.386376176922848,0.1683436781167984,0.0,0.0,0.9857282638549805,0.20493432879447937,0.0,0.0,0.9787756204605103,-0.0630915947107612
120.1739641608145,-667.7571436703156,0.0,9.386127580730102,0.16511687636375427,0.0,0.0,0.9862738847732544,0.20296870172023773,0.0,0.0,0.9791850447654724,-0.4109552528008601
121.15194569671235,-664.9468623082928,0.0,9.385837380243215,0.16166900098323822,0.0,0.0,0.9868448972702026,0.20091822743415833,0.0,0.0,0.9796078205108643,-0.06307693812051435
122.10787396675663,-662.1343400952929,0.0,9.385505233464743,0.15799158811569214,0.0,0.0,0.9874403476715088,0.19877326488494873,0.0,0.0,0.9800453186035156,-0.4109384777110383
123.04001178208792,-659.3197591312766,0.0,9.385130798397238,0.15407712757587433,0.0,0.0,0.9880586862564087,0.19652417302131653,0.0,0.0,0.9804987907409668,-0.06305802725851917
123.94662276468283,-656.5033016174998,0.0,9.38471373304326,0.14991925656795502,0.0,0.0,0.9886981248855591,0.19416207075119019,0.0,0.0,0.9809693098068237,-0.4109174138042717
124.82597143056647,-653.6851498492124,0.0,9.384253695405368,0.14551275968551636,0.0,0.0,0.9893562197685242,0.19167758524417877,0.0,0.0,0.9814577102661133,-0.06303479303438325
125.67632327394719,-650.8654862082651,0.0,9.383750343486103,0.14085404574871063,0.0,0.0,0.9900302290916443,0.18906241655349731,0.0,0.0,0.9819648861885071,-0.4108919919901674
126.49594485226974,-648.0444931556235,0.0,9.383203335288032,0.1359410583972931,0.0,0.0,0.9907168745994568,0.18630774319171906,0.0,0.0,0.9824912548065186,-0.06300716635771297
127.28310387218379,-645.2223532237939,0.0,9.382612328813707,0.13077348470687866,0.0,0.0,0.9914122223854065,0.18340528011322021,0.0,0.0,0.9830372333526611,-0.41086214317833286
128.03606927642397,-642.3992490091591,0.0,9.38197698206568,0.12535308301448822,0.0,0.0,0.9921121001243591,0.18034657835960388,0.0,0.0,0.9836029410362244,-0.06297507813811559
128.75311133159983,-639.5753631642223,0.0,9.381296953046515,0.11968378722667694,0.0,0.0,0.992811918258667,0.17712338268756866,0.0,0.0,0.9841884970664978,-0.41082779827837507
129.43250171688936,-636.7508783897687,0.0,9.38057189975876,0.11377181857824326,0.0,0.0,0.9935067296028137,0.17372815310955048,0.0,0.0,0.9847933650016785,-0.06293845928519864
130.07251361363814,-633.9259774269244,0.0,9.379801480204966,0.10762572288513184,0.0,0.0,0.9941913485527039,0.17015305161476135,0.0,0.0,0.985417366027832,-0.41078888819990067
130.67142179585292,-631.1008430491427,0.0,9.378985352387703,0.10125661641359329,0.0,0.0,0.9948602318763733,0.16639041900634766,0.0,0.0,0.9860596656799316,-0.06289724070856917
131.22750272159394,-628.2756580540876,0.0,9.378123174309511,0.09467826783657074,0.0,0.0,0.9955077767372131,0.16243283450603485,0.0,0.0,0.9867193698883057,-0.41074534385251726
131.73903462525607,-625.4506052554389,0.0,9.377214603972957,0.08790728449821472,0.0,0.0,0.996128499507904,0.15827292203903198,0.0,0.0,0.9873951077461243,-0.06285135331783409
132.20429761073873,-622.6258674746038,0.0,9.376259299380587,0.08096294850111008,0.0,0.0,0.9967168569564819,0.15390393137931824,0.0,0.0,0.9880854487419128,-0.41069709614583194
132.62157374549872,-619.8016275323463,0.0,9.375256918534964,0.07386741042137146,0.0,0.0,0.9972678422927856,0.1493191123008728,0.0,0.0,0.9887887239456177,-0.06280072802260056
132.98914715548418,-616.9780682403212,0.0,9.374207119438639,0.06664624065160751,0.0,0.0,0.9977763891220093,0.14451172947883606,0.0,0.0,0.9895027875900269,-0.41064407598945185
133.3053041209423,-614.1553723925329,0.0,9.373109560094164,-0.059326205402612686,0.0,0.0,-0.9982383251190186,0.1394789069890976,0.0,0.0,0.9902247190475464,-0.06274529573247561
133.5683431396593,-611.3337227566947,0.0,9.3719638985041,-0.05193840339779854,0.0,0.0,-0.9986500144004822,0.1342294067144394,0.0,0.0,0.9909499883651733,-0.41058621429298403
133.77759515350007,-608.5133020655142,0.0,9.370769792671,-0.044514380395412445,0.0,0.0,-0.9990084171295166,0.12878340482711792,0.0,0.0,0.9916723966598511,-0.06268498735706646
133.93430484148823,-605.6942930078825,0.0,9.369526900597421,-0.0370829701423645,0.0,0.0,-0.9993119239807129,0.12316165864467621,0.0,0.0,0.9923863410949707,-0.4105234419660356
134.0399248247131,-602.8768782199886,0.0,9.368234880285915,-0.02967052347958088,0.0,0.0,-0.9995596408843994,0.11738468706607819,0.0,0.0,0.9930863380432129,-0.0626197338059803
134.0959076064348,-600.0612402763421,0.0,9.366893389739042,-0.02230064384639263,0.0,0.0,-0.9997512698173523,-0.11147193610668182,0.0,0.0,-0.9937673211097717,-0.41045568991821374
134.10370550571568,-597.24756168071,0.0,9.36550208695935,-0.014994572848081589,0.0,0.0,-0.9998874664306641,-0.10544206947088242,0.0,0.0,-0.9944251775741577,-0.0625494659888241
134.06477059031474,-594.4360248569747,0.0,9.364060629949401,-0.007771212141960859,0.0,0.0,-0.9999697208404541,-0.09931319206953049,0.0,0.0,-0.9950559139251709,-0.41038288905912546
133.98055460884868,-591.6268121399069,0.0,9.362568676711748,-0.0006472007371485233,0.0,0.0,-0.9999998807907104,-0.09310253709554672,0.0,0.0,-0.9956561923027039,-0.062474114815205206
133.8525089222232,-588.8201057658557,0.0,9.361025885248946,0.00636292714625597,0.0,0.0,-0.9999797344207764,-0.08682703971862793,0.0,0.0,-0.9962230920791626,-0.41030497029837787
133.6820844343376,-586.0160878633546,0.0,9.35943191356355,0.013246634975075722,0.0,0.0,-0.9999121427536011,-0.08050233870744705,0.0,0.0,-0.9967541098594666,-0.06239361119473069
133.47073152206605,-583.2149404436409,0.0,9.357786419658115,0.01999332383275032,0.0,0.0,-0.999799907207489,-0.07414353638887405,0.0,0.0,-0.9972473382949829,-0.41022186454557813
133.21989996452027,-580.4168453911104,0.0,9.356089061535195,0.02659420669078827,0.0,0.0,-0.9996461272239685,-0.06776552647352219,0.0,0.0,-0.9977010488510132,-0.06230788603700743
132.931038871595,-577.6219844536652,0.0,9.354339497197353,0.033042289316654205,0.0,0.0,-0.9994537830352783,-0.06138169765472412,0.0,0.0,-0.9981141686439514,-0.4101335027103336
132.60559661180278,-574.8305392330052,0.0,9.352537384647134,0.03933209180831909,0.0,0.0,-0.9992260932922363,-0.05500554293394089,0.0,0.0,-0.998485803604126,-0.0622168702516428
132.24502073939937,-572.0426911748209,0.0,9.350682381887099,0.04545963555574417,0.0,0.0,-0.9989660978317261,-0.04864915832877159,0.0,0.0,-0.998815655708313,-0.410039815702251
131.85075792080568,-569.2586215589216,0.0,9.348774146919801,0.05142251402139664,0.0,0.0,-0.9986769556999207,-0.04232477769255638,0.0,0.0,-0.9991036057472229,-0.06212049474824399
131.4242538603284,-566.4785114892707,0.0,9.346812337747798,0.05721955746412277,0.0,0.0,-0.9983615875244141,-0.03604327514767647,0.0,0.0,-0.9993499517440796,-0.40994073443093765
130.96695322518516,-563.7025418839521,0.0,9.34479661237364,0.06285101175308228,0.0,0.0,-0.9980229139328003,-0.029815254732966423,0.0,0.0,-0.999555230140686,-0.06201869043641789
130.48029956983711,-560.930893465057,0.0,9.342726628799891,0.06831832230091095,0.0,0.0,-0.9976634979248047,-0.023650359362363815,0.0,0.0,-0.99972003698349,-0.40983618980600084
129.9657352596322,-558.1637467484836,0.0,9.340602045029092,0.07362404465675354,0.0,0.0,-0.9972860813140869,-0.017558515071868896,0.0,0.0,-0.9998456239700317,-0.06191138822577147
129.42470139376752,-555.4012820336757,0.0,9.338422519063817,0.07877182215452194,0.0,0.0,-0.9968926310539246,-0.011548217386007309,0.0,0.0,-0.9999330639839172,-0.40972611273704757
128.8586377194645,-552.6436793546467,0.0,9.336187839780795,0.08376637101173401,0.0,0.0,-0.9964854121208191,-0.005627226084470749,0.0,0.0,-0.9999839067459106,-0.06179852563571986
128.2689819136892,-549.8911173497298,0.0,9.3339012207414,0.08861342072486877,0.0,0.0,-0.9960660934448242,0.00020045461133122444,0.0,0.0,-0.9999996423721313,-0.4096106269269771
127.65693042085442,-547.14370871423,0.0,9.33156954769004,0.09331915527582169,0.0,0.0,-0.9956362247467041,0.005934394430369139,0.0,0.0,-0.9999819993972778,-0.06168076437049974
127.0230388686218,-544.4013940018505,0.0,9.32919988682058,0.0978895053267479,0.0,0.0,-0.9951972365379333,0.011575333774089813,0.0,0.0,-0.999932587146759,-0.40949094708508516
126.36775636282924,-541.6640836724815,0.0,9.326799304326864,0.10232961922883987,0.0,0.0,-0.9947505593299866,0.017123529687523842,0.0,0.0,-0.9998530745506287,-0.061559522830412994
125.69153110634235,-538.9316862078502,0.0,9.324374866402746,0.10664422810077667,0.0,0.0,-0.9942971467971802,0.022579330950975418,0.0,0.0,-0.9997447729110718,-0.4093685007252812
124.99481030752322,-536.2041081299956,0.0,9.32193363924208,0.11083763092756271,0.0,0.0,-0.993838369846344,0.027943206951022148,0.0,0.0,-0.9996092319488525,-0.06143622852936925
124.27804009365809,-533.4812540186364,0.0,9.319482689038717,0.11491364240646362,0.0,0.0,-0.9933753609657288,0.03321537747979164,0.0,0.0,-0.9994479417800903,-0.409244715361475
123.54166542933925,-530.763026527452,0.0,9.31702908198651,0.11887578666210175,0.0,0.0,-0.9929089546203613,0.03839627653360367,0.0,0.0,-0.9992623329162598,-0.061312308981277985
122.78613003979117,-528.0493263992644,0.0,9.314579884279313,0.12272727489471436,0.0,0.0,-0.9924403429031372,0.04348638653755188,0.0,0.0,-0.9990537762641907,-0.4091210185075762
122.01187633913173,-525.3400524801282,0.0,9.312142162110979,0.1264709085226059,0.0,0.0,-0.9919702410697937,0.048485562205314636,0.0,0.0,-0.9988236427307129,-0.06118919170004894
121.21934536356204,-522.6351017323362,0.0,9.30972298167536,0.1301092505455017,0.0,0.0,-0.9914994835853577,0.053394366055727005,0.0,0.0,-0.9985733032226562,-0.4089988376774945
120.40897670947105,-519.9343692463315,0.0,9.30732940916631,0.13364477455615997,0.0,0.0,-0.9910291433334351,0.05821315199136734,0.0,0.0,-0.9983038902282715,-0.06106830419959186
119.58120847644996,-517.2377482515393,0.0,9.304968510777675,0.13707967102527618,0.0,0.0,-0.9905598759651184,0.06294211745262146,0.0,0.0,-0.9980169534683228,-0.40887960038513915
118.73647721520156,-514.5451301261098,0.0,9.302647352703316,0.14041590690612793,0.0,0.0,-0.9900924563407898,0.06758160144090652,0.0,0.0,-0.9977135062217712,-0.06095107399381616
117.87521788033935,-511.85640440558564,0.0,9.300373001137078,0.14365528523921967,0.0,0.0,-0.9896275997161865,0.0721319243311882,0.0,0.0,-0.9973949193954468,-0.4087647341444201
116.9978637880627,-509.17145879048627,0.0,9.29815252227282,0.14679954946041107,0.0,0.0,-0.9891660809516907,0.0765933096408844,0.0,0.0,-0.9970623254776001,-0.060838928596631425
116.10484657870059,-506.4901791528166,0.0,9.295992982304389,0.14985023438930511,0.0,0.0,-0.9887086153030396,0.08096601068973541,0.0,0.0,-0.9967167377471924,-0.4086556664692468
115.19659618411308,-503.8124495415042,0.0,9.293901447425643,0.15280872583389282,0.0,0.0,-0.9882556200027466,0.08525044471025467,0.0,0.0,-0.9963594675064087,-0.060733295521947284
114.2735407999407,-501.1381521867567,0.0,9.291884983830434,0.1556764543056488,0.0,0.0,-0.9878079295158386,0.08944698423147202,0.0,0.0,-0.9959915280342102,-0.40855382487352915
113.33610686269454,-498.4671675033577,0.0,9.28995065771261,0.15845464169979095,0.0,0.0,-0.9873660206794739,0.09355580061674118,0.0,0.0,-0.9956139922142029,-0.06063560228367337
112.38471903167488,-495.7993740928843,0.0,9.288105535266029,0.16114439070224762,0.0,0.0,-0.9869306087493896,0.09757734835147858,0.0,0.0,-0.9952278733253479,-0.40846063687117656
111.419800175713,-493.134648744863,0.0,9.28635668268454,0.16374677419662476,0.0,0.0,-0.9865021705627441,0.10151194781064987,0.0,0.0,-0.9948342442512512,-0.060547276395719385
110.44177136472841,-490.4728664368617,0.0,9.284711166161996,0.16626277565956116,0.0,0.0,-0.9860812425613403,0.10535985976457596,0.0,0.0,-0.9944339990615845,-0.40837752997609855
109.45105186608988,-487.8139003335089,0.0,9.283176051892251,0.1686934530735016,0.0,0.0,-0.9856683611869812,0.10912152379751205,0.0,0.0,-0.9940283298492432,-0.060469745371994954
108.44805914578167,-485.1576217844616,0.0,9.281758406069155,0.1710396260023117,0.0,0.0,-0.9852639436721802,0.11279726028442383,0.0,0.0,-0.9936179518699646,-0.40830593170220475
107.43320887436127,-482.5039003213034,0.0,9.280465294886564,0.1733020544052124,0.0,0.0,-0.9848684668540955,0.11638732254505157,0.0,0.0,-0.9932039976119995,-0.060404436726409605
106.40691493770863,-479.8526036533846,0.0,9.279303784538328,0.17548160254955292,0.0,0.0,-0.9844825267791748,0.11989215016365051,0.0,0.0,-0.9927869439125061,-0.4082472695634049
105.36958945256089,-477.2035976626003,0.0,9.278280941218306,0.17757901549339294,0.0,0.0,-0.9841063618659973,0.12331224232912064,0.0,0.0,-0.9923679828643799,-0.06035277797287314
104.32164278683058,-474.5567463971109,0.0,9.277403831120338,0.17959491908550262,0.0,0.0,-0.9837404489517212,0.1266477257013321,0.0,0.0,-0.9919478297233582,-0.4082029710736086
103.26348358470722,-471.9119120640064,0.0,9.27667952043829,0.18153004348278046,0.0,0.0,-0.9833852052688599,0.12989898025989532,0.0,0.0,-0.9915273189544678,-0.060316196625294916
102.19551879653454,-469.2689550209009,0.0,9.276115075366006,0.18338492512702942,0.0,0.0,-0.9830409288406372,0.13306650519371033,0.0,0.0,-0.991107165813446,-0.40817446374672556
101.11815371347492,-466.62773376647993,0.0,9.27571756209734,0.18516020476818085,0.0,0.0,-0.982708215713501,0.13615068793296814,0.0,0.0,-0.9906882047653198,-0.06029612019758446
100.03179200695166,-463.98810492997757,0.0,9.275494046826147,0.18685641884803772,0.0,0.0,-0.982387125492096,0.13915173709392548,0.0,0.0,-0.9902710318565369,-0.40816317509666533
98.93683577288164,-461.34992325959985,0.0,9.275451595746274,0.18847408890724182,0.0,0.0,-0.982077956199646,0.14207026362419128,0.0,0.0,-0.989856481552124,-0.06029397620365151
97.8336855806946,-458.71304160987614,0.0,9.275597275051584,0.19001370668411255,0.0,0.0,-0.9817812442779541,0.14490637183189392,0.0,0.0,-0.9894452691078186,-0.40817053263733755
96.72274052715501,-456.0773109279599,0.0,9.275938150935922,0.19147571921348572,0.0,0.0,-0.9814971089363098,0.14766058325767517,0.0,0.0,-0.9890379905700684,-0.06031119215740599
95.60439829498196,-453.44258023884646,0.0,9.276481289593141,0.19285883009433746,0.0,0.0,-0.9812171459197998,0.15033328533172607,0.0,0.0,-0.9886353015899658,-0.4081979638826516
94.47905521629151,-450.80869662954,0.0,9.277233757217097,0.19416552782058716,0.0,0.0,-0.9809521436691284,0.15292485058307648,0.0,0.0,-0.9882376790046692,-0.06034919557275731
93.34710634085742,-448.17550523213333,0.0,9.278202620001634,0.1953960806131363,0.0,0.0,-0.9807021617889404,0.15543538331985474,0.0,0.0,-0.9878458976745605,-0.4082468963465171
92.20894550921618,-445.54284920582404,0.0,9.279394944140618,0.1965508759021759,0.0,0.0,-0.9804672002792358,0.15786559879779816,0.0,0.0,-0.9874604940414429,-0.0604094139636151
91.06496543062313,-442.91056971784593,0.0,9.280817795827891,0.1976301521062851,0.0,0.0,-0.9802473187446594,0.16021563112735748,0.0,0.0,-0.9870818853378296,-0.4083187575428441
89.91555776588298,-440.2785059233247,0.0,9.28247824125731,0.19863420724868774,0.0,0.0,-0.9800424575805664,0.16248591244220734,0.0,0.0,-0.986710786819458,-0.06049327484388878
88.76111321506643,-437.6464949440375,0.0,9.284383346622725,0.19956330955028534,0.0,0.0,-0.9798526167869568,0.16467678546905518,0.0,0.0,-0.9863474369049072,-0.4084149749855418
87.60202161014259,-435.01437184609006,0.0,9.286540178117997,0.2004176527261734,0.0,0.0,-0.9796779751777649,0.16678860783576965,0.0,0.0,-0.9859924912452698,-0.06060220572748837
86.43867205905029,-432.38196972154776,0.0,9.288955431195314,0.20119743049144745,0.0,0.0,-0.979518473148346,0.168821781873703,0.0,0.0,-0.9856463670730591,-0.4085369574641941
85.27145430433391,-429.74912249164174,0.0,9.291625821247143,0.2019028216600418,0.0,0.0,-0.9793741106987,0.17077624797821045,0.0,0.0,-0.9853096008300781,-0.06073707391192418
84.10076021627708,-427.11566795740396,0.0,9.294537202698713,0.20253399014472961,0.0,0.0,-0.9792450070381165,0.17265260219573975,0.0,0.0,-0.9849825501441956,-0.40868399693144514
82.9269839979336,-424.4814479281912,0.0,9.29767488265685,0.2030911147594452,0.0,0.0,-0.9791311025619507,0.17445100843906403,0.0,0.0,-0.98466557264328,-0.060895542596678565
81.75052231209047,-421.8463081972594,0.0,9.301024168228384,0.20357421040534973,0.0,0.0,-0.9790325164794922,0.17617172002792358,0.0,0.0,-0.9843592047691345,-0.4088531527683913
80.57177439834085,-419.21009851952084,0.0,9.304570366520142,0.20398344099521637,0.0,0.0,-0.978949248790741,0.17781519889831543,0.0,0.0,-0.9840637445449829,-0.06107464352050479
79.39114218027002,-416.57267259149785,0.0,9.308298784638954,0.20431889593601227,0.0,0.0,-0.9788812398910522,0.17938166856765747,0.0,0.0,-0.9837794303894043,-0.4090414567137857
78.20903036274188,-413.9338880334762,0.0,9.312194729691651,0.20458059012889862,0.0,0.0,-0.978828489780426,0.18087127804756165,0.0,0.0,-0.9835066795349121,-0.061271408422156226
77.02584651926632,-411.2936063738464,0.0,9.316243508785057,0.20476855337619781,0.0,0.0,-0.9787911176681519,0.18228426575660706,0.0,0.0,-0.9832457900047302,-0.409245940506382
75.84200116943701,-408.6516930356562,0.0,9.320430429026006,0.20488281548023224,0.0,0.0,-0.978769063949585,0.18362084031105042,0.0,0.0,-0.9829970598220825,-0.06148286904038591
74.65790784641382,-406.008017325369,0.0,9.324740797521326,0.2049233466386795,0.0,0.0,-0.9787623286247253,0.1848810911178589,0.0,0.0,-0.9827608466148376,-0.40946363588493356
73.4739831544267,-403.3624524238349,0.0,9.329159921377842,0.20489011704921722,0.0,0.0,-0.9787708520889282,0.18606536090373993,0.0,0.0,-0.9825372695922852,-0.06170605711394733
72.29064681627494,-400.7148753794843,0.0,9.333673107702388,0.2047831416130066,0.0,0.0,-0.9787945747375488,0.1871737241744995,0.0,0.0,-0.9823266863822937,-0.4096915745881935
71.10832171079024,-398.0651671037451,0.0,9.33826566360179,0.20460231602191925,0.0,0.0,-0.9788334965705872,0.1882064938545227,0.0,0.0,-0.9821293354034424,-0.061938004381593914
69.92743390023541,-395.4132123686992,0.0,9.342922896182873,0.20434752106666565,0.0,0.0,-0.9788875579833984,0.18916359543800354,0.0,0.0,-0.9819453954696655,-0.4099267883549148
68.74841264760283,-392.75889980697616,0.0,9.347630112552473,0.20401868224143982,0.0,0.0,-0.9789566993713379,0.1900452971458435,0.0,0.0,-0.9817751049995422,-0.06217574258207875
67.57169042377896,-390.1021219138973,0.0,9.352372619817418,0.2036156803369522,0.0,0.0,-0.9790408611297607,0.19085168838500977,0.0,0.0,-0.9816187620162964,-0.4101663089238514
66.39770290454142,-387.44277505187995,0.0,9.357135725084534,0.20313839614391327,0.0,0.0,-0.9791399240493774,0.19158269464969635,0.0,0.0,-0.981476366519928,-0.06241630345415533
65.22688895734925,-384.78075945710435,0.0,9.36190473546065,0.20258668065071106,0.0,0.0,-0.9792537093162537,0.1922377645969391,0.0,0.0,-0.9813439846038818,-0.41040716803375626
64.05969061789358,-382.1159792484573,0.0,9.3666649580526,0.20196035504341125,0.0,0.0,-0.9793822765350342,0.19281792640686035,0.0,0.0,-0.9812269806861877,-0.06265671873657702
62.89655305636869,-379.44834243875596,0.0,9.371401699967203,0.20125925540924072,0.0,0.0,-0.9795253872871399,0.19332310557365417,0.0,0.0,-0.9811253547668457,-0.41064639742338266
61.737924533427574,-376.777760948257,0.0,9.376100268311294,0.20048317313194275,0.0,0.0,-0.9796829223632812,0.19375339150428772,0.0,0.0,-0.9810390472412109,-0.06289402016809681
60.58425634579244,-374.104150620475,0.0,9.380745970191699,0.1996319591999054,0.0,0.0,-0.9798546433448792,0.194108784198761,0.0,0.0,-0.9809681177139282,-0.4108810288314839
59.436002761476594,-371.42743124029636,0.0,9.385324112715253,0.19870540499687195,0.0,0.0,-0.980040431022644,0.19438914954662323,0.0,0.0,-0.9809123873710632,-0.06312523948746823
58.29362094458949,-368.7475265544061,0.0,9.389820002988783,0.1977032572031021,0.0,0.0,-0.9802401661872864,0.19459450244903564,0.0,0.0,-0.980871856212616,-0.4111080939968137
57.15757086969452,-366.0643642940384,0.0,9.394218948119113,0.19662536680698395,0.0,0.0,-0.980453610420227,0.19472499191761017,0.0,0.0,-0.9808464050292969,-0.0633474084334445
56.02831522568792,-363.377876200052,0.0,9.398506255213075,0.19547146558761597,0.0,0.0,-0.9806804060935974,0.19478029012680054,0.0,0.0,-0.9808359146118164,-0.4113246246581249
54.906319309170506,-360.68799805033234,0.0,9.402667231377496,0.1942431628704071,0.0,0.0,-0.980929970741272,0.19476038217544556,0.0,0.0,-0.9808403849601746,-0.06355755874477886
53.792050907290665,-357.99466968953385,0.0,9.40668718371921,0.19293825328350067,0.0,0.0,-0.9811919331550598,0.1946650892496109,0.0,0.0,-0.9808596968650818,-0.4115276525541711
52.68598017003652,-355.2978350611645,0.0,9.410551419345039,0.19155655801296234,0.0,0.0,-0.9814661741256714,0.19449451565742493,0.0,0.0,-0.9808937311172485,-0.06375272216022476
51.58857947195601,-352.5974422420076,0.0,9.414245245361817,0.190097838640213,0.0,0.0,-0.9817525744438171,0.1942482888698578,0.0,0.0,-0.98094242811203,-0.41171420942370535
50.50032326329726,-349.8934434789017,0.0,9.41775396887637,0.18856194615364075,0.0,0.0,-0.9820511341094971,0.19392651319503784,0.0,0.0,-0.9810055494308472,-0.06392993041853556
49.42168791055073,-347.1857952278577,0.0,9.42106289699553,0.18694861233234406,0.0,0.0,-0.9823614358901978,0.193528950214386,0.0,0.0,-0.9810829758644104,-0.411881327005481
48.3531515263943,-344.47445819553326,0.0,9.424157336826122,0.1852576583623886,0.0,0.0,-0.9826832413673401,0.19305545091629028,0.0,0.0,-0.9811745882034302,-0.06408621525846447
47.2951937890366,-341.75939738305357,0.0,9.427022595474979,0.1834888756275177,0.0,0.0,-0.983016312122345,0.19250589609146118,0.0,0.0,-0.9812802076339722,-0.41202603703825164
46.24829575096466,-339.0405821321827,0.0,9.429643980048922,0.1816421002149582,0.0,0.0,-0.9833603501319885,0.19188013672828674,0.0,0.0,-0.9813995957374573,-0.06421860841876464
45.21293963710243,-336.31798617383424,0.0,9.432006797654795,0.17971710860729218,0.0,0.0,-0.9837148785591125,0.19117899239063263,0.0,0.0,-0.9815382957458496,-0.41214537126077044
44.18960863239892,-333.5915876789281,0.0,9.43409635539941,0.17771370708942413,0.0,0.0,-0.9840793609619141,0.1904015690088272,0.0,0.0,-0.9816910028457642,-0.06432414163818967
43.17878665886615,-330.8613693115818,0.0,9.435897960389605,0.17563185095787048,0.0,0.0,-0.9844536185264587,0.1895475536584854,0.0,0.0,-0.9818577170372009,-0.4122363614117904
42.180958142093644,-328.12731828462876,0.0,9.437396919732207,0.17347165942192078,0.0,0.0,-0.9848368763923645,0.1886168122291565,0.0,0.0,-0.9820382595062256,-0.06439984665549275
41.19660776727609,-325.38942641745746,0.0,9.438578540534046,0.17123351991176605,0.0,0.0,-0.9852288961410522,0.1876092106103897,0.0,0.0,-0.982232391834259,-0.4122960392300651
40.22622022479512,-322.6476901961604,0.0,9.439428129901948,0.16891811788082123,0.0,0.0,-0.9856288433074951,0.18652455508708954,0.0,0.0,-0.9824399948120117,-0.06444275520942722
39.27027994540459,-319.90211083598103,0.0,9.439930994942744,0.166526660323143,0.0,0.0,-0.9860358834266663,0.18536277115345,0.0,0.0,-0.9826607704162598,-0.4123214364543477
38.32927082507726,-317.15269434604414,0.0,9.440072442763267,0.1640607714653015,0.0,0.0,-0.9864493608474731,0.1841236799955368,0.0,0.0,-0.9828945398330688,-0.06444989903874654
37.40367593957867,-314.3994515963581,0.0,9.439837780470334,0.16152261197566986,0.0,0.0,-0.9868682622909546,0.18280716240406036,0.0,0.0,-0.9831410646438599,-0.41230958482339153
36.493977248841034,-311.6423983870661,0.0,9.439212315170787,0.1589149534702301,0.0,0.0,-0.987291693687439,0.18141292035579681,0.0,0.0,-0.9834001064300537,-0.06441830988220376
35.60065529121944,-308.8815555199261,0.0,9.438181353971448,0.15624119341373444,0.0,0.0,-0.9877185225486755,0.17994095385074615,0.0,0.0,-0.9836711883544922,-0.4122575160759501
34.72418886772739,-306.11694887201173,0.0,9.436730203979147,0.15350542962551117,0.0,0.0,-0.9881474375724792,0.17839106917381287,0.0,0.0,-0.9839540123939514,-0.06434501947855226
33.86505471634498,-303.34860947158677,0.0,9.43484417230071,0.1507125049829483,0.0,0.0,-0.9885773062705994,0.17676331102848053,0.0,0.0,-0.9842483997344971,-0.41216226195077654
33.02372717652035,-300.5765735761547,0.0,9.432508566042973,0.14786794781684875,0.0,0.0,-0.9890068769454956,0.17505736649036407,0.0,0.0,-0.9845536351203918,-0.06422705956654534
32.20067784397647,-297.8008827526253,0.0,9.42970869231276,0.1449781209230423,0.0,0.0,-0.9894345998764038,0.1732732355594635,0.0,0.0,-0.984869658946991,-0.4120208541866243
31.39637521596581,-295.0215839596009,0.0,9.4264298582169,0.14205020666122437,0.0,0.0,-0.9898592233657837,0.1714109480381012,0.0,0.0,-0.9851958751678467,-0.06406146188493633
30.611284327106127,-292.23872963171834,0.0,9.422657370862222,0.13909225165843964,0.0,0.0,-0.9902791976928711,0.16947036981582642,0.0,0.0,-0.9855318069458008,-0.41183032452224655
29.845866375957243,-289.45237776603074,0.0,9.418376537355552,0.13611318171024323,0.0,0.0,-0.9906930923461914,0.16745148599147797,0.0,0.0,-0.9858770966529846,-0.06384525817247833
29.10057834250378,-286.6625920103873,0.0,9.413572664803727,0.13312284648418427,0.0,0.0,-0.9910993576049805,0.16535429656505585,0.0,0.0,-0.98623126745224,-0.4115877046963968
28.375872484706854,-283.869441315481,0.0,9.408232535263704,0.13013197481632233,0.0,0.0,-0.9914964437484741,0.16317911446094513,0.0,0.0,-0.9865937829017639,-0.06357555466035586
27.672189141521578,-281.072972514956,0.0,9.402435335839632,0.12715230882167816,0.0,0.0,-0.9918829202651978,0.16092930734157562,0.0,0.0,-0.9869634509086609,-0.4112949168466963
26.98984059237292,-278.27318993249924,0.0,9.396405774952859,0.12419632077217102,0.0,0.0,-0.9922574162483215,0.158613383769989,0.0,0.0,-0.9873385429382324,-0.06327103138324608
26.328340828088496,-275.4701972797635,0.0,9.390381350935664,0.12127584964036942,0.0,0.0,-0.9926186800003052,0.15624171495437622,0.0,0.0,-0.9877168536186218,-0.41099065300744403
25.68684375070734,-272.66410214392926,0.0,9.38459956212032,0.11840160191059113,0.0,0.0,-0.992965579032898,0.15382403135299683,0.0,0.0,-0.9880964756011963,-0.06297902184711757
25.064491131879528,-269.854940129753,0.0,9.379297906839104,0.11558322608470917,0.0,0.0,-0.9932975172996521,0.1513696014881134,0.0,0.0,-0.9884756803512573,-0.41072289263970585
24.460416205555703,-267.0426740054158,0.0,9.374713883424283,0.11282948404550552,0.0,0.0,-0.9936140775680542,0.14888738095760345,0.0,0.0,-0.9888526797294617,-0.0627475055130357
23.873745380343685,-264.2271932574088,0.0,9.37108499020814,0.11014819145202637,0.0,0.0,-0.9939148426055908,0.14638561010360718,0.0,0.0,-0.9892262816429138,-0.41053961520454707
23.30359965208071,-261.4083137101665,0.0,9.368648725522936,0.10754642635583878,0.0,0.0,-0.9941997528076172,0.14387232065200806,0.0,0.0,-0.9895949363708496,-0.06262446184206588
22.749095718517708,-258.5857772099803,0.0,9.367642587700956,0.10503045469522476,0.0,0.0,-0.9944688081741333,0.1413550078868866,0.0,0.0,-0.9899577498435974,-0.4104888001630329
22.20934679776048,-255.7592513727862,0.0,9.368304075074473,0.10260584950447083,0.0,0.0,-0.9947219491004944,0.13884083926677704,0.0,0.0,-0.9903136491775513,-0.06265787029527375
21.683463151692223,-252.9283293954562,0.0,9.370870685975753,0.10027752816677094,0.0,0.0,-0.9949593544006348,0.13633659482002258,0.0,0.0,-0.9906615614891052,-0.4106184269762289
21.170552315037735,-250.09252993038365,0.0,9.375579918737078,0.09804976731538773,0.0,0.0,-0.9951813220977783,0.13384868204593658,0.0,0.0,-0.9910008907318115,-0.06289571033372449
20.66971902998703,-247.2512970232486,0.0,9.382669271690716,0.0959262028336525,0.0,0.0,-0.9953882694244385,0.1313832402229309,0.0,0.0,-0.9913308620452881,-0.4109764751052005
20.180064885406402,-244.404000114064,0.0,9.392376243168943,0.09390991181135178,0.0,0.0,-0.9955805540084839,0.12894602119922638,0.0,0.0,-0.9916509389877319,-0.06338596141848346
19.700701610726657,-241.55001812207604,0.0,9.404661599543221,0.09200344234704971,0.0,0.0,-0.9957586526870728,0.12654253840446472,0.0,0.0,-0.9919605255126953,-0.41159694764935595
19.230815107449693,-238.6891487879088,0.0,9.418140897289442,0.09020878374576569,0.0,0.0,-0.9959228038787842,0.12417810410261154,0.0,0.0,-0.9922593832015991,-0.06406673403192897
18.76967644267306,-235.8217351620991,0.0,9.431021527871174,0.08852757513523102,0.0,0.0,-0.9960737228393555,0.12185771763324738,0.0,0.0,-0.9925470948219299,-0.4122474845474232
18.316633034031955,-232.94866811166062,0.0,9.441510790556022,0.08696103096008301,0.0,0.0,-0.9962117671966553,0.11958625912666321,0.0,0.0,-0.9928233027458191,-0.06459649477358798
17.87110209396714,-230.07138831219683,0.0,9.44781598461161,0.0855100080370903,0.0,0.0,-0.9963372349739075,0.11736834794282913,0.0,0.0,-0.9930880069732666,-0.4125659286916448
17.432566367589903,-227.19188774611467,0.0,9.44814440930556,0.08417444676160812,0.0,0.0,-0.9964428544044495,0.11520837992429733,0.0,0.0,-0.9933409094810486,-0.064613081879343
17.00057218952026,-224.312710699684,0.0,9.440703363905477,0.0829554870724678,0.0,0.0,-0.9965391159057617,0.11311066150665283,0.0,0.0,-0.993582010269165,-0.4121901183179033
16.57472987185467,-221.43695425376433,0.0,9.423700147678987,0.08185315877199173,0.0,0.0,-0.996626079082489,0.11107920110225677,0.0,0.0,-0.9938112497329712,-0.06375433358507582
16.154716413090526,-218.5682682670659,0.0,9.39534205989369,0.08086725324392319,0.0,0.0,-0.9967039823532104,0.1091177687048912,0.0,0.0,-0.9940284490585327,-0.4107578916620802
15.740280486584014,-215.7108548568132,0.0,9.353836399817222,0.07999739795923233,0.0,0.0,-0.996772825717926,0.10722996294498444,0.0,0.0,-0.9942338466644287,-0.06165808812666834
15.331249627249319,-212.86946738948012,0.0,9.297390466717193,0.07924298197031021,0.0,0.0,-0.9968326687812805,0.10541901737451553,0.0,0.0,-0.994427502155304,-0.40790708696005856
14.927539487231263,-210.04940900388897,0.0,9.224211559861187,0.07860320061445236,0.0,0.0,-0.9968836903572083,0.10368791967630386,0.0,0.0,-0.9946094751358032,-0.057962183740001394
14.529164975869957,-207.25653070012766,0.0,9.132506978516874,0.07807697355747223,0.0,0.0,-0.996925950050354,0.10203926265239716,0.0,0.0,-0.9947798848152161,-0.4032755424477195
14.136253037366497,-204.49722904035573,0.0,9.020484021951853,0.07766304910182953,0.0,0.0,-0.9969595670700073,0.10047528147697449,0.0,0.0,-0.9949391484260559,-0.05230445866095995
13.749056752329345,-201.7784435212792,0.0,8.886349989433734,0.07735981792211533,0.0,0.0,-0.9969847202301025,0.0989978015422821,0.0,0.0,-0.9950872659683228,-0.3965010963609458
13.367914394537472,-199.10726193462787,0.0,8.729592408200109,0.07716535031795502,0.0,0.0,-0.9970014691352844,0.09760817140340805,0.0,0.0,-0.9952245354652405,-0.04438740910370609
12.992996979602703,-196.4890587845345,0.0,8.555771651429982,0.07707734405994415,0.0,0.0,-0.9970099329948425,0.09630739688873291,0.0,0.0,-0.995351254940033,-0.3877222702614445
12.624234032931337,-193.92694182587195,0.0,8.372246931480642,0.0770931988954544,0.0,0.0,-0.9970102310180664,0.09509593993425369,0.0,0.0,-0.9954677820205688,-0.03511848385373939
12.261309112547893,-191.42175068263592,0.0,8.186377739143508,0.07720998674631119,0.0,0.0,-0.9970024824142456,0.0939740240573883,0.0,0.0,-0.995574414730072,-0.3783349373151246
11.903647854140084,-188.97205730043578,0.0,8.005523565210218,0.077424556016922,0.0,0.0,-0.9969868659973145,0.09294145554304123,0.0,0.0,-0.9956713318824768,-0.02598443466518946
11.550409721875276,-186.57423586057737,0.0,7.836821792109358,0.0777335986495018,0.0,0.0,-0.9969635009765625,0.091997891664505,0.0,0.0,-0.9957590103149414,-0.36981464574437406
11.200654799760533,-184.22373553763592,0.0,7.683259514479591,0.0781337171792984,0.0,0.0,-0.9969325065612793,0.09114272147417068,0.0,0.0,-0.9958376288414001,-0.018228764077827475
10.853497237259761,-181.9162086346646,0.0,7.544144961040228,0.07862141728401184,0.0,0.0,-0.9968940615653992,0.09037528187036514,0.0,0.0,-0.9959076046943665,-0.3627886581969315
10.50810358218659,-179.64755150895184,0.0,7.418658966414458,0.07919289171695709,0.0,0.0,-0.9968483448028564,0.08969436585903168,0.0,0.0,-0.9959647059440613,-0.011891087581576476
10.163686787437399,-177.4139061988868,0.0,7.305982365225305,0.07984398305416107,0.0,0.0,-0.9967955946922302,0.08909956365823746,0.0,0.0,-0.9960148930549622,-0.3570979207631359
9.819501385892423,-175.2116617763229,0.0,7.205295992095814,0.0805700346827507,0.0,0.0,-0.9967359304428101,0.08858997374773026,0.0,0.0,-0.9960582256317139,-0.006805917221501145
9.474839687869768,-173.03745545835116,0.0,7.115780681649143,0.08136576414108276,0.0,0.0,-0.9966696500778198,0.08816467225551605,0.0,0.0,-0.9960947036743164,-0.3525769454880515
9.129028880551596,-170.88817350685284,0.0,7.036617268508335,0.0822252705693245,0.0,0.0,-0.996597170829773,0.08782264590263367,0.0,0.0,-0.9961243271827698,-0.0028077650426724388
8.78142893061292,-168.76095193933244,0.0,6.966986587296468,0.08314179629087448,0.0,0.0,-0.9965189695358276,0.0875629261136055,0.0,0.0,-0.996147096157074,-0.3490602444167451
8.431431210195068,-166.65317707025832,0.0,6.906069472636599,0.08410781621932983,0.0,0.0,-0.9964354634284973,0.08738464117050171,0.0,0.0,-0.996163010597229,0.0002688569098461824
8.078475817057466,-164.56259181633422,0.0,6.852699494423422,0.08511482924222946,0.0,0.0,-0.9963474273681641,0.08728686720132828,0.0,0.0,-0.9961720705032349,-0.34636479097163514
7.722137910618752,-162.48778576277965,0.0,6.804102701776901,0.08615336567163467,0.0,0.0,-0.9962555766105652,0.08726868778467178,0.0,0.0,-0.9961742162704468,0.0027232403768421842
7.362162310752259,-160.42833538695714,0.0,6.757040322540395,0.08721275627613068,0.0,0.0,-0.9961608648300171,0.08732911199331284,0.0,0.0,-0.99616938829422,-0.3439879031314076
6.998476998064413,-158.3848019155505,0.0,6.708273538200867,0.08828115463256836,0.0,0.0,-0.9960644245147705,0.08746708184480667,0.0,0.0,-0.9961575865745544,0.00518620928287894
6.631208435615314,-156.3587287579509,0.0,6.654563530245229,0.08934535086154938,0.0,0.0,-0.9959675073623657,0.0876813605427742,0.0,0.0,-0.9961387515068054,-0.34127527646698136
6.260698577039357,-154.35263855832702,0.0,6.592671480160398,0.09039066731929779,0.0,0.0,-0.9958714842796326,0.08797058463096619,0.0,0.0,-0.9961129426956177,0.008312070398274363
5.8875233549417825,-152.37002990703346,0.0,6.51935856943328,0.09140085428953171,0.0,0.0,-0.9957781434059143,0.08833315968513489,0.0,0.0,-0.9960801005363464,-0.3375726042080359
5.5125120198841895,-150.41537204077662,0.0,6.4313916667138304,0.0923580527305603,0.0,0.0,-0.9956892132759094,0.08876721560955048,0.0,0.0,-0.9960402250289917,0.012754843262893
5.136629234434603,-148.49340051894416,0.0,6.327844863261909,0.09324274212121964,0.0,0.0,-0.9956067800521851,0.0892706960439682,0.0,0.0,-0.9959933757781982,-0.3323429676700601
4.76062634828435,-146.60734443320447,0.0,6.213629451551851,0.09403381496667862,0.0,0.0,-0.9955331683158875,0.08984096348285675,0.0,0.0,-0.9959396719932556,0.018523298399764576
4.38495885053614,-144.75865522352584,0.0,6.094565789492456,0.09470874071121216,0.0,0.0,-0.9954706430435181,0.09047010540962219,0.0,0.0,-0.9958797097206116,-0.32632965140443404
4.009834390611039,-142.94701251780214,0.0,5.976474234992391,0.09524381905794144,0.0,0.0,-0.9954217076301575,0.09113840013742447,0.0,0.0,-0.9958207607269287,0.02448751832401025
3.6361480387114713,-141.1703303363649,0.0,5.865175145960362,0.09561728686094284,0.0,0.0,-0.9953884482383728,0.09182024747133255,0.0,0.0,-0.995759904384613,-0.32070848529170526
3.2650659937279785,-139.42497571722856,0.0,5.765787835557042,0.09581117331981659,0.0,0.0,-0.9953725934028625,0.09249287843704224,0.0,0.0,-0.9956991672515869,0.029507079455491025
2.897621435553966,-137.7075682943493,0.0,5.677500102286466,0.09581071138381958,0.0,0.0,-0.9953753352165222,0.09313514828681946,0.0,0.0,-0.9956360459327698,-0.3162495088638984
2.5349305765829375,-136.01588145532,0.0,5.596516306496966,0.09560384601354599,0.0,0.0,-0.9953974485397339,0.09372882544994354,0.0,0.0,-0.9955778121948242,0.03359717015193042
2.178223623188426,-134.34884543402467,0.0,5.5190181846622215,0.09518087655305862,0.0,0.0,-0.995439350605011,0.0942569375038147,0.0,0.0,-0.9955262541770935,-0.31233546230658804
1.8288576405445194,-132.70654333322017,0.0,5.441187473256004,0.09453433007001877,0.0,0.0,-0.9955011010169983,0.09470412135124207,0.0,0.0,-0.9954829812049866,0.03752801416234541
1.4883143450247693,-131.09020695374684,0.0,5.359205908751995,0.09365877509117126,0.0,0.0,-0.9955824017524719,0.0950566977262497,0.0,0.0,-0.9954493045806885,-0.30819497925083
1.1581843087871877,-129.50221246880466,0.0,5.269255227623864,0.09255091845989227,0.0,0.0,-0.9956825971603394,0.09530273079872131,0.0,0.0,-0.9954262971878052,0.042070977855685365
0.8401224400943382,-127.94599337230483,0.0,5.167791671421948,0.09121046215295792,0.0,0.0,-0.9958110451698303,0.09543191641569138,0.0,0.0,-0.9954148530960083,-0.3030705572204302
0.5355269927886351,-126.42459631106725,0.0,5.056059092760431,0.08963755518198013,0.0,0.0,-0.9959577322006226,0.09543551504611969,0.0,0.0,-0.9954155087471008,0.04771403738404484
0.24529826593846912,-124.939460067849,0.0,4.939369010199172,0.08783481270074844,0.0,0.0,-0.9961215257644653,0.0953063890337944,0.0,0.0,-0.995428740978241,-0.29717711870723534
-0.03013272619634147,-123.49038308807036,0.0,4.823162258591589,0.0858062356710434,0.0,0.0,-0.9963009357452393,0.09503847360610962,0.0,0.0,-0.9954546093940735,0.05358306524301368
-0.2907526762105687,-122.07552999545291,0.0,4.71287967279123,0.08355655521154404,0.0,0.0,-0.9964942932128906,0.09462673217058182,0.0,0.0,-0.9954931139945984,-0.2916072911415606
-0.5368736537111298,-120.69160215167315,0.0,4.613414827445017,0.08109068870544434,0.0,0.0,-0.9966995716094971,0.09406670928001404,0.0,0.0,-0.9955441951751709,0.05860654228070114
-0.7688377824457648,-119.33520142308265,0.0,4.525129065370743,0.07841351628303528,0.0,0.0,-0.9969151020050049,0.09335514903068542,0.0,0.0,-0.9956133365631104,-0.2871484142691225
-0.9868858953333748,-118.00350111792467,0.0,4.446144518279749,0.07552968710660934,0.0,0.0,-0.9971387386322021,0.0924883484840393,0.0,0.0,-0.9956961274147034,0.06259566082065035
-1.1911607453014383,-116.69424866374412,0.0,4.374567451721402,0.0724436491727829,0.0,0.0,-0.997368574142456,0.09146343916654587,0.0,0.0,-0.9957923889160156,-0.2835334109075899
-1.3817160074322778,-115.40576351499938,0.0,4.308504131245098,0.06915963441133499,0.0,0.0,-0.9976024627685547,0.09027809649705887,0.0,0.0,-0.9959021210670471,0.0659321921578375
-1.5585296840160443,-114.13693504888741,0.0,4.246060822400217,0.0656815692782402,0.0,0.0,-0.9978380799293518,0.0889303982257843,0.0,0.0,-0.9960249066352844,-0.2803797084406767
-1.7215215011937846,-112.8872204452594,0.0,4.185343790736207,0.06201339140534401,0.0,0.0,-0.9980732798576355,0.08741894364356995,0.0,0.0,-0.9961600303649902,0.06899870890854506
-1.8705739213253683,-111.65664255050838,0.0,4.124459301802444,0.05815909057855606,0.0,0.0,-0.9983056783676147,0.08574312180280685,0.0,0.0,-0.9963067770004272,-0.27730473425210284
-2.005556385011928,-110.4457877304784,0.0,4.061513621148302,0.05412273481488228,0.0,0.0,-0.9985328912734985,0.0839029923081398,0.0,0.0,-0.9964644908905029,0.07217778368905728
-2.126352427162989,-109.25580286278478,0.0,3.994615905380739,0.04990885406732559,0.0,0.0,-0.9987525939941406,0.08189934492111206,0.0,0.0,-0.9966320395469666,-0.2739260617385895
-2.232912689918061,-108.08811697313236,0.0,3.9228036875129746,0.04552265256643295,0.0,0.0,-0.9989623427391052,0.07973376661539078,0.0,0.0,-0.9968085289001465,0.07580466337934838
-2.325321552957339,-106.94377030730757,0.0,3.847367655549062,-0.04097308591008186,0.0,0.0,0.9991594552993774,0.07740862667560577,0.0,0.0,-0.9969925284385681,-0.27011616113435155
-2.4037834185651388,-105.8233163394122,0.0,3.769933693407064,-0.03625883162021637,0.0,0.0,0.9993417263031006,0.07492680102586746,0.0,0.0,-0.9971827268600464,0.07971546954813619
-2.4685953441357418,-104.7268237322738,0.0,3.692127685005132,-0.031390395015478134,0.0,0.0,0.9995066523551941,0.0722915381193161,0.0,0.0,-0.9973778128623962,-0.2661865647504156
-2.520118161276808,-103.65387826261504,0.0,3.6155755142613226,-0.026374133303761482,0.0,0.0,0.9996516704559326,0.0695064589381218,0.0,0.0,-0.9975762963294983,0.08358174079782354
-2.5587465130453184,-102.60358469949904,0.0,3.5419030650937002,-0.021216750144958496,0.0,0.0,0.9997743964195251,0.06657510995864868,0.0,0.0,-0.9977766871452332,-0.26246573398437406
-2.584878137353489,-101.57456863072095,0.0,3.472736221420413,-0.015924716368317604,0.0,0.0,0.9998727440834045,0.06350133568048477,0.0,0.0,-0.9979774951934814,0.08707501573081786
-2.5988825969770355,-100.56497823863688,0.0,3.4097008671595215,-0.010504398494958878,0.0,0.0,0.9999445080757141,-0.06028803065419197,0.0,0.0,0.998177170753479,-0.25928213023382396
-2.60106969931384,-99.5725379737201,0.0,3.354247276520473,-0.0049616070464253426,0.0,0.0,0.9999874234199524,-0.056938186287879944,0.0,0.0,0.9983742833137512,0.08987570212672935
-2.591666688979502,-98.59496640135534,0.0,3.3064170704011815,0.0006981054320931435,0.0,0.0,0.999999463558197,-0.05345432087779045,0.0,0.0,0.9985672235488892,-0.25686646325810214
-2.570818820632121,-97.6301762808483,0.0,3.2655743900961025,0.006469572428613901,0.0,0.0,0.99997878074646,-0.049838777631521225,0.0,0.0,0.9987545609474182,0.091938463758299
-2.538596675664184,-96.67627512637506,0.0,3.2310790586351974,0.012347795069217682,0.0,0.0,0.9999235272407532,-0.04609338566660881,0.0,0.0,0.9989346861839294,-0.2551242748004807
-2.4950039318417625,-95.7315645111699,0.0,3.202290899048443,0.018327932804822922,0.0,0.0,0.9998317956924438,-0.042219750583171844,0.0,0.0,0.9991061091423035,0.09339241121217551
-2.4399855605587577,-94.7945393884619,0.0,3.178569734365845,0.02440534345805645,0.0,0.0,0.9997020363807678,-0.03821917623281479,0.0,0.0,0.9992673993110657,-0.2539262361801474
-2.373436469440221,-93.86388742373013,0.0,3.1592753876173743,0.03057526983320713,0.0,0.0,0.9995324015617371,-0.03409276530146599,0.0,0.0,0.9994168281555176,0.09436687316916895
-2.295210620795929,-92.93848833305435,0.0,3.1437676818330176,0.036833059042692184,0.0,0.0,0.9993213415145874,-0.029841501265764236,0.0,0.0,0.9995530247688293,-0.253143018716291
-2.2051306645057074,-92.01741322274381,0.0,3.1314064400427526,0.04317404329776764,0.0,0.0,0.9990673661231995,-0.02546623907983303,0.0,0.0,0.9996741414070129,0.0949911783100914
-2.102998127689882,-91.09992392586271,0.0,3.1215514852765742,0.04959346354007721,0.0,0.0,0.9987693428993225,-0.02096785232424736,0.0,0.0,0.9997788071632385,-0.2526452937281002
-1.988604203286883,-90.18547233185515,0.0,3.113562640564462,0.05608651041984558,0.0,0.0,0.9984258413314819,-0.016347205266356468,0.0,0.0,0.9998651742935181,0.09539465531575364
-1.8617411756449167,-89.27369970612574,0.0,3.1067997289363953,0.06264826655387878,0.0,0.0,0.9980356097221375,-0.011605306528508663,0.0,0.0,0.9999316334724426,-0.2523037325347635
-1.7222145135996776,-88.3644359971851,0.0,3.1006225734223665,0.06927371025085449,0.0,0.0,0.9975976347923279,-0.006743340753018856,0.0,0.0,0.9999762177467346,0.09570663286696723
-1.5698556503678631,-87.45769912981747,0.0,3.0943909970523555,0.07595759630203247,0.0,0.0,0.9971110224723816,-0.0017628767527639866,0.0,0.0,0.9999974966049194,-0.25198900645547007
-1.4045354550034155,-86.55369428361519,0.0,3.0874648228563437,0.08269456028938293,0.0,0.0,0.9965749382972717,0.003334291046485305,0.0,0.0,0.9999935626983643,0.0960564396445436
-1.2261783822103656,-85.65281315728214,0.0,3.0792038738643197,0.08947896212339401,0.0,0.0,0.9959887266159058,0.008545860648155212,0.0,0.0,0.9999626278877258,-0.2515717868094082
-1.0347772659943155,-84.75563322015,0.0,3.068967973106268,0.09630492329597473,0.0,0.0,0.9953518509864807,0.01386903878301382,0.0,0.0,0.9999030232429504,0.09657340432929368
-0.83040869802951,-83.86291695354396,0.0,3.05611694361217,0.10316622257232666,0.0,0.0,0.9946641325950623,0.01930052973330021,0.0,0.0,0.9998129606246948,-0.2509227449157669
-0.6132489037601525,-82.97561108588417,0.0,3.0400106084120058,0.11005629599094391,0.0,0.0,0.9939253330230713,0.024836210533976555,0.0,0.0,0.99969083070755,0.09738685560202923
-0.38358999822571604,-82.09484582673127,0.0,3.020008790535769,0.11696819216012955,0.0,0.0,0.9931356310844421,0.030471349135041237,0.0,0.0,0.9995350241661072,-0.24991255209373472
-0.14184088420471586,-81.22187943661069,0.0,2.9956589921071965,0.12389480322599411,0.0,0.0,0.9922954440116882,0.03620065003633499,0.0,0.0,0.9993439316749573,0.0986166434014521
0.11152945508767331,-80.35786941830173,0.0,2.96729301671063,0.13082891702651978,0.0,0.0,0.9914049506187439,0.04201812669634819,0.0,0.0,0.9991163015365601,-0.2484799270737061
0.3760175406808841,-79.50381334213435,0.0,2.9354475118122343,0.13776367902755737,0.0,0.0,0.9904651045799255,0.04791741445660591,0.0,0.0,0.9988508224487305,0.10022500223470437
0.6510974350095093,-78.66054949575059,0.0,2.9006591254868885,0.1446927785873413,0.0,0.0,0.9894766211509705,0.0538916140794754,0.0,0.0,0.9985463619232178,-0.2467229378653553
0.9362332688310611,-77.82875754023168,0.0,2.8634645058094748,0.15161076188087463,0.0,0.0,0.988440215587616,0.05993358790874481,0.0,0.0,0.9982019662857056,0.10210351838002829
1.2308921355306914,-77.00895916722652,0.0,2.824400300854864,0.15851321816444397,0.0,0.0,0.9873567223548889,0.06603620201349258,0.0,0.0,0.9978168606758118,-0.24474999822118304
1.5345572374816605,-76.20151875245244,0.0,2.784003158697973,0.16539719700813293,0.0,0.0,0.9862267971038818,0.07219196110963821,0.0,0.0,0.9973904490470886,0.10414377808492178
1.8467411788501398,-75.40664400159082,0.0,2.7428097274136714,0.17226137220859528,0.0,0.0,0.9850510954856873,0.07839348912239075,0.0,0.0,0.9969222545623779,-0.24266952189369306
2.16699931151323,-74.62438658528711,0.0,2.7013566550768275,0.1791062206029892,0.0,0.0,0.9838295578956604,0.08463350683450699,0.0,0.0,0.996411919593811,0.1062373675968836
2.494943055463339,-73.8546427607297,0.0,2.660180589762361,0.18593448400497437,0.0,0.0,0.9825619459152222,0.09090496599674225,0.0,0.0,0.9958593845367432,-0.24058992263538667
2.8302482074235895,-73.09716489792187,0.0,2.619780398345772,0.19275110960006714,0.0,0.0,0.9812474846839905,0.09720093011856079,0.0,0.0,0.9952645301818848,0.10827778130479215
3.1726243380192836,-72.35165361242505,0.0,2.580337843678752,0.19956371188163757,0.0,0.0,0.9798846244812012,0.10351469367742538,0.0,0.0,0.9946276545524597,-0.23859787441988062
3.521797318745042,-71.61780368169823,0.0,2.541876256818061,0.2063826024532318,0.0,0.0,0.9784711003303528,0.10984008014202118,0.0,0.0,0.9939489960670471,0.11022028569169573
3.8775100429734897,-70.89530440176434,0.0,2.504417797313169,0.21322108805179596,0.0,0.0,0.977003812789917,0.11617086827754974,0.0,0.0,0.9932289719581604,-0.23670603303074467
4.239523245346426,-70.18383960358548,0.0,2.467984624713502,0.22009554505348206,0.0,0.0,0.9754782915115356,0.12250138819217682,0.0,0.0,0.9924680590629578,0.11206034491390113
4.607616280213072,-69.48308766832753,0.0,2.432598898568489,0.22702568769454956,0.0,0.0,0.973888635635376,0.12882599234580994,0.0,0.0,0.991666853427887,-0.2349188751446329
4.981587861549014,-68.79272154163397,0.0,2.3982827784275957,0.23403507471084595,0.0,0.0,0.972227931022644,0.13513940572738647,0.0,0.0,0.9908261895179749,0.11379348229475432
5.361256766940669,-68.11240874698137,0.0,2.365058423840252,0.24115131795406342,0.0,0.0,0.9704872965812683,0.14144057035446167,0.0,0.0,0.9899463057518005,-0.23324087743820138
5.74645856737339,-67.4418443581082,0.0,2.3329479943558975,0.2484063357114792,0.0,0.0,0.9686556458473206,0.14773887395858765,0.0,0.0,0.9890260100364685,0.1154152211576005
6.136957182229749,-66.78149606925074,0.0,2.30197364952396,0.25583416223526,0.0,0.0,0.966720461845398,0.15405109524726868,0.0,0.0,0.9880625605583191,-0.23167651658810354
6.532451987311074,-66.1325498843233,0.0,2.272157548893907,0.26346826553344727,0.0,0.0,0.9646679162979126,0.16039402782917023,0.0,0.0,0.987052857875824,0.116921084825785
6.932674648366036,-65.49610518852263,0.0,2.243521852015166,0.2713419198989868,0.0,0.0,0.9624829292297363,0.1667848825454712,0.0,0.0,0.9859930872917175,-0.23023026927099538
7.337392805785538,-64.87314868500663,0.0,2.216088718437168,0.27948811650276184,0.0,0.0,0.9601489901542664,0.17324048280715942,0.0,0.0,0.9848793148994446,0.11830659662265355
7.746409238391489,-64.26456599099811,0.0,2.1898803077093745,0.28793957829475403,0.0,0.0,0.9576484560966492,0.17977826297283173,0.0,0.0,0.9837069511413574,-0.22890661216353103
8.159561061744503,-63.67115282285414,0.0,2.1649187793812152,0.29672810435295105,0.0,0.0,0.9549619555473328,0.18641580641269684,0.0,0.0,0.9824707508087158,0.11956727987155046
8.576718961329384,-63.09362579644067,0.0,2.1412262930021333,0.3058840036392212,0.0,0.0,0.9520686864852905,0.19317138195037842,0.0,0.0,0.981164813041687,-0.22771002194236525
8.997786460950115,-62.53263287036,0.0,2.118825008121559,0.3154356777667999,0.0,0.0,0.9489468336105347,0.20006348192691803,0.0,0.0,0.9797826409339905,0.12069865789582188
9.42269922662126,-61.98876346080912,0.0,2.097737084288952,0.32540857791900635,0.0,0.0,0.9455732703208923,0.20711150765419006,0.0,0.0,0.9783170223236084,-0.22664497528415278
9.851424406214559,-61.462558258060604,0.0,2.0779846810537435,0.33582425117492676,0.0,0.0,0.941924512386322,0.21433544158935547,0.0,0.0,0.9767597913742065,0.1216962540188122
10.283960005078436,-60.95451877580201,0.0,2.0595899579653687,0.3466992676258087,0.0,0.0,0.9379761815071106,0.22175602614879608,0.0,0.0,0.975101888179779,-0.225715948865548
10.72033429781116,-60.46511666582925,0.0,2.042575074573281,0.3580438494682312,0.0,0.0,0.9337045550346375,0.2293950468301773,0.0,0.0,0.9733331203460693,0.12255559156386714
11.160605276325912,-59.994802831884236,0.0,2.0269621904269157,0.36986085772514343,0.0,0.0,0.9290869235992432,0.23727525770664215,0.0,0.0,0.9714422225952148,-0.22492741936320632
11.604859379376444,-59.54401712354172,0.0,2.012770071446413,0.38214415311813354,0.0,0.0,0.9241025447845459,0.245420441031456,0.0,0.0,0.9694164991378784,0.12327236524975113
12.053198159031668,-59.11320895676671,0.0,1.9999608345216104,0.3948773145675659,0.0,0.0,0.9187336564064026,0.253855437040329,0.0,0.0,0.9672420024871826,-0.22428048820538804
12.505726090760689,-58.70285268229466,0.0,1.9884497760335276,0.40803271532058716,0.0,0.0,0.9129670262336731,0.2626056969165802,0.0,0.0,0.9649029970169067,0.12385373184005838
12.962548089464004,-58.313451011903574,0.0,1.978150786840036,0.42157042026519775,0.0,0.0,0.90679532289505,0.27169808745384216,0.0,0.0,0.9623823165893555,-0.2237603372360198
13.423767433624365,-57.94553732528475,0.0,1.968977757799002,0.4354376792907715,0.0,0.0,0.9002184867858887,0.28115949034690857,0.0,0.0,0.9596608877182007,0.12431701613506009
13.889483785362337,-57.59967722804794,0.0,1.9608445797683027,0.44956934452056885,0.0,0.0,0.8932451009750366,0.29101741313934326,0.0,0.0,0.9567176103591919,-0.22334957066881275
14.35979129790727,-57.276469392771205,0.0,1.953665143605805,0.46388763189315796,0.0,0.0,0.8858938217163086,0.30129918456077576,0.0,0.0,0.9535295367240906,0.12467961392104482
14.83477680284224,-56.97654570879171,0.0,1.9473533401693768,0.4783037304878235,0.0,0.0,0.878194272518158,0.3120318055152893,0.0,0.0,0.9500715136528015,-0.223030792717478
15.314518070337718,-56.70057076097545,0.0,1.9418230603168944,0.4927191138267517,0.0,0.0,0.8701883554458618,0.32323676347732544,0.0,0.0,0.9463179707527161,0.12495892098430152
15.799082136313448,-56.44924065306234,0.0,1.9369881949062235,0.507027268409729,0.0,0.0,0.8619300127029419,0.3349047899246216,0.0,0.0,0.9422518014907837,-0.22278660759572694
16.288523691263787,-56.22295913872699,0.0,1.9327626347952371,0.5211185812950134,0.0,0.0,0.8534842729568481,0.346979022026062,0.0,0.0,0.9378727674484253,0.125172333111119
16.78288352612463,-56.020714844478945,0.0,1.9290602708418023,0.5348932147026062,0.0,0.0,0.844919741153717,0.3593873381614685,0.0,0.0,0.9331883788108826,-0.22259961951727064
17.2821870312547,-55.84113300645096,0.0,1.925794993903793,0.5482643842697144,0.0,0.0,0.8363050222396851,0.37205594778060913,0.0,0.0,0.9282101392745972,0.12533724608778615
17.786442745202162,-55.68287814083468,0.0,1.9228806948390784,0.5611584782600403,0.0,0.0,0.8277083039283752,0.38491055369377136,0.0,0.0,0.9229536652565002,-0.2224524326958204
18.29564095053082,-55.54464691859333,0.0,1.920231264505527,0.5735140442848206,0.0,0.0,0.8191956281661987,0.39787787199020386,0.0,0.0,0.9174381494522095,0.12547105570059178
18.809752314496276,-55.425161865206235,0.0,1.917760593761013,0.5852808356285095,0.0,0.0,0.8108305335044861,0.41088658571243286,0.0,0.0,0.9116863012313843,-0.22232765134508736
19.328726572918594,-55.32316589350893,0.0,1.9153825734634036,0.5964189171791077,0.0,0.0,0.8026732802391052,0.4238685369491577,0.0,0.0,0.905723512172699,0.12559115773582458
19.852491256024766,-55.23741765846507,0.0,1.91301109447057,0.6068970561027527,0.0,0.0,0.7947803735733032,0.4367593824863434,0.0,0.0,0.8995782136917114,-0.22220787967878264
20.38095045551963,-55.16668772507865,0.0,1.9105600476403823,0.616692304611206,0.0,0.0,0.7872042655944824,0.4494993984699249,0.0,0.0,0.8932804465293884,0.12571494797977342
20.913983632528442,-55.10975554229169,0.0,1.9079433238307124,0.6257882118225098,0.0,0.0,0.7799929976463318,0.46203330159187317,0.0,0.0,0.8868623971939087,-0.22207572191061747
21.451444595805093,-55.06540720736846,0.0,1.9050752703066214,0.6341742277145386,0.0,0.0,0.7731900811195374,0.4743115305900574,0.0,0.0,0.8803568482398987,0.12585979916785883
21.993194698303725,-55.032432299483354,0.0,1.90199009048488,0.6418446898460388,0.0,0.0,0.7668346166610718,0.48628923296928406,0.0,0.0,0.8737976551055908,-0.2219199047479033
22.539184178881506,-55.0096235771794,0.0,1.8990017490917421,0.6487976312637329,0.0,0.0,0.7609608769416809,0.4979269802570343,0.0,0.0,0.8672186732292175,0.12601072550084563
23.089467976514996,-54.99578498136056,0.0,1.8964640548890745,0.6550346612930298,0.0,0.0,0.7555987238883972,0.509190559387207,0.0,0.0,0.8606535792350769,-0.2217917383740312
23.644210301763458,-54.98973772480609,0.0,1.8947308166387442,0.6605596542358398,0.0,0.0,0.7507734298706055,0.5200498700141907,0.0,0.0,0.8541356921195984,0.12609826278621583
24.20368905084703,-54.99032318046778,0.0,1.8941558431026193,0.6653782725334167,0.0,0.0,0.7465061545372009,0.5304797887802124,0.0,0.0,0.8476974368095398,-0.22176269930655013
24.768300076533933,-54.996402599705355,0.0,1.8950929430425691,0.6694974899291992,0.0,0.0,0.7428141236305237,0.5404585003852844,0.0,0.0,0.8413704633712769,0.12605093450642038
25.338561334677955,-55.00685367021133,0.0,1.8978959252204606,0.6729246973991394,0.0,0.0,0.739710807800293,0.5499677658081055,0.0,0.0,0.8351856470108032,-0.22190426406300928
25.915116929305555,-55.02056388942086,0.0,1.9029185983981645,0.6756672263145447,0.0,0.0,0.7372065186500549,0.5589922666549683,0.0,0.0,0.829172670841217,0.12579726414391007
26.498741082648294,-55.03642068247483,0.0,1.9105147713375454,0.677731990814209,0.0,0.0,0.7353087663650513,0.5675188899040222,0.0,0.0,0.8233602046966553,-0.2222879091609578
27.090342059373715,-55.05329813390202,0.0,1.9210382528004717,0.6791248321533203,0.0,0.0,0.7340226173400879,0.5755378007888794,0.0,0.0,0.8177750706672668,0.12526577518113602
27.690949409474463,-55.07004856308603,0.0,1.934842851548813,0.679847002029419,0.0,0.0,0.7333477735519409,0.5830444097518921,0.0,0.0,0.8124401569366455,-0.22298511111794475
28.30148681472515,-55.08559836785382,0.0,1.9522802351563366,0.6799070835113525,0.0,0.0,0.7332925796508789,0.5900366902351379,0.0,0.0,0.8073762059211731,0.1243850992413621
28.9227049714948,-55.098900169913485,0.0,1.97334720406494,0.6792996525764465,0.0,0.0,0.7338516712188721,0.5965121388435364,0.0,0.0,0.8026039600372314,-0.2240490994466621
29.555109436735442,-55.10882064899267,0.0,1.9972926707823904,0.678027868270874,0.0,0.0,0.7350287437438965,0.6024675369262695,0.0,0.0,0.7981432676315308,0.12317573223543027
30.198919427923908,-55.114125959032634,0.0,2.0232708209161734,0.6760860085487366,0.0,0.0,0.7368166446685791,0.6078985333442688,0.0,0.0,0.7940145134925842,-0.2253611272311966
30.854054189919225,-55.11347634304474,0.0,2.05043584007374,0.6734709143638611,0.0,0.0,0.7392088770866394,0.612799882888794,0.0,0.0,0.7902379035949707,0.12180376157090671
31.520122320442642,-55.10542740109258,0.0,2.0779419138625754,0.6701791882514954,0.0,0.0,0.7421953678131104,0.6171649694442749,0.0,0.0,0.7868335247039795,-0.22675032287709737
32.19641433302478,-55.088438657510345,0.0,2.1049432278901623,0.6662086248397827,0.0,0.0,0.7457621693611145,0.6209856271743774,0.0,0.0,0.783821702003479,0.12044005884224068
32.88189878601611,-55.06089010378396,0.0,2.130593967763955,0.6615586280822754,0.0,0.0,0.7498908042907715,0.6242525577545166,0.0,0.0,0.7812222838401794,-0.22804581478991515
33.57522232460024,-55.02110736200062,0.0,2.1540483190914337,0.6562311053276062,0.0,0.0,0.7545576691627502,0.6269555687904358,0.0,0.0,0.7790546417236328,0.11925549564388314
34.27471396786646,-54.96739601636977,0.0,2.1744604674800767,0.6502320170402527,0.0,0.0,0.7597337961196899,0.6290834546089172,0.0,0.0,0.7773374319076538,-0.22907673137520015
34.978408291922506,-54.89808391070106,0.0,2.1910293898847595,0.6435719132423401,0.0,0.0,0.7653840780258179,0.6306240558624268,0.0,0.0,0.776088297367096,0.11841868138102038
35.684252741208525,-54.811546647681,0.0,2.203560739464802,0.6362671256065369,0.0,0.0,0.7714675664901733,0.631564736366272,0.0,0.0,0.7753230333328247,-0.22970962781863663
36.39026036690113,-54.70621938557823,0.0,2.2122966888979905,0.6283402442932129,0.0,0.0,0.777937650680542,0.6318917274475098,0.0,0.0,0.7750543355941772,0.11797747181368763
37.094524273012155,-54.5806126529905,0.0,2.217489010794014,0.619820773601532,0.0,0.0,0.7847427129745483,0.6315935254096985,0.0,0.0,0.7752956748008728,-0.2299718662982338
37.79522790984603,-54.43332581389319,0.0,2.2193894777625567,0.6107451319694519,0.0,0.0,0.7918266654014587,0.6306582689285278,0.0,0.0,0.7760570049285889,0.11788148863345822
38.49065416189484,-54.26305778012224,0.0,2.2182498624133067,0.601157009601593,0.0,0.0,0.7991304397583008,0.6290732622146606,0.0,0.0,0.7773426175117493,-0.2299143099674636
39.179193121652595,-54.0686148355401,0.0,2.214321937355954,0.5911070108413696,0.0,0.0,0.8065927028656006,0.6268280744552612,0.0,0.0,0.7791545391082764,0.11807986868685985
39.859348472674334,-53.84891549308657,0.0,2.2078574752001816,0.5806524157524109,0.0,0.0,0.8141511678695679,0.6239151358604431,0.0,0.0,0.781489372253418,-0.22958782197979832
40.52974243464199,-53.60299235797397,0.0,2.1991082485556803,0.5698564648628235,0.0,0.0,0.8217439651489258,0.6203458309173584,0.0,0.0,0.7843258380889893,0.11852174882042053
41.189119249808584,-53.33014743848418,0.0,2.18832603003214,0.5587869882583618,0.0,0.0,0.829310953617096,0.6161684989929199,0.0,0.0,0.7876120209693909,-0.2290432654887104
41.83634721379719,-53.03145678175181,0.0,2.1757625922392374,0.5475075840950012,0.0,0.0,0.8368005156517029,0.6114439964294434,0.0,0.0,0.7912856936454773,0.11915626588066812
42.470419274187776,-52.70903772414386,0.0,2.1616697077866727,0.5360724925994873,0.0,0.0,0.8441717624664307,0.6062282919883728,0.0,0.0,0.7952887415885925,-0.2283315036476718
43.09045223745984,-52.364994662457114,0.0,2.1462991492841286,0.5245274901390076,0.0,0.0,0.8513932824134827,0.6005723476409912,0.0,0.0,0.7995686531066895,0.11993255671412996
43.69568463864217,-52.00138150382506,0.0,2.1299026893412916,0.5129104256629944,0.0,0.0,0.8584420084953308,0.5945221781730652,0.0,0.0,0.8040776252746582,-0.22750339961015478
44.285473338438145,-51.620181818993,0.0,2.1127321005678428,0.5012516975402832,0.0,0.0,0.8653013706207275,0.5881190299987793,0.0,0.0,0.8087729215621948,0.12079975816733445
44.85928891968387,-51.223291909666244,0.0,2.095039155573483,0.4895752966403961,0.0,0.0,0.8719608783721924,0.5814005732536316,0.0,0.0,0.813616156578064,-0.22660981652963155
45.416709958744086,-50.812506701324125,0.0,2.0770756269678925,0.4778990149497986,0.0,0.0,0.8784146904945374,0.5743998885154724,0.0,0.0,0.8185736536979675,0.1217070070868087
45.95741624805226,-50.389508351045116,0.0,2.0590932873607524,0.4662352502346039,0.0,0.0,0.8846607208251953,0.5671466588973999,0.0,0.0,0.8236157298088074,-0.22570161755957396
46.481181042966824,-49.955857444735564,0.0,2.0413439075272777,0.45459163188934326,0.0,0.0,0.8906998634338379,0.5596668124198914,0.0,0.0,0.8287167549133301,0.12260344041173166
46.9878512953506,-49.51299661530421,0.0,2.0240343136097514,0.4429715573787689,0.0,0.0,0.8965355157852173,0.551983118057251,0.0,0.0,0.8338543772697449,-0.22482739564454737
47.477300768066236,-49.06228444050263,0.0,2.007209766700151,0.4313749372959137,0.0,0.0,0.9021726250648499,0.5441153645515442,0.0,0.0,0.8390095829963684,0.12345316500312561
47.9494183875665,-48.60500673745939,0.0,1.990879237047142,0.41979873180389404,0.0,0.0,0.9076171517372131,0.5360803604125977,0.0,0.0,0.8441660404205322,-0.22400262141964794
48.40410626792978,-48.142380463937045,0.0,1.9750516948994106,0.4082377552986145,0.0,0.0,0.9128754734992981,0.5278923511505127,0.0,0.0,0.8493104577064514,0.12425253581866762
48.84127776875777,-47.67555754873823,0.0,1.9597361105056206,0.39668524265289307,0.0,0.0,0.9179545044898987,0.5195626616477966,0.0,0.0,0.8544316291809082,-0.2232291070563252
49.26085558510516,-47.2056286534812,0.0,1.9449414541144403,0.38513368368148804,0.0,0.0,0.9228606820106506,0.5111001133918762,0.0,0.0,0.8595205545425415,0.12499974068690903
49.662769867456866,-46.73362686823203,0.0,1.9306766959745516,0.3735754191875458,0.0,0.0,0.9275997281074524,0.5025113821029663,0.0,0.0,0.8645699620246887,-0.2225086647260278
50.04695636964746,-46.26053134371618,0.0,1.9169508063346221,0.3620034158229828,0.0,0.0,0.9321766495704651,0.49380046129226685,0.0,0.0,0.8695746660232544,0.1256929674364004
50.41335462245816,-45.7872708631059,0.0,1.9037727554433224,0.3504122197628021,0.0,0.0,0.9365954995155334,0.484968900680542,0.0,0.0,0.8745309114456177,-0.22184310660020456
50.76190657487567,-45.314726758366405,0.0,1.8911515135493204,0.3387984335422516,0.0,0.0,0.9408589005470276,0.4760168790817261,0.0,0.0,0.8794357180595398,0.12633040389569344
51.092726266338765,-44.843505544605776,0.0,1.8790960509012993,0.32716143131256104,0.0,0.0,0.9449683427810669,0.46694430708885193,0.0,0.0,0.8842862844467163,-0.22123424485030452
51.4063480218407,-44.37360581477554,0.0,1.867615337747924,0.31550222635269165,0.0,0.0,0.948924720287323,0.4577520787715912,0.0,0.0,0.8890794515609741,0.12691023789333866
51.703347580177585,-43.90492931891319,0.0,1.8567183443378643,0.30382317304611206,0.0,0.0,0.952728271484375,0.4484417140483856,0.0,0.0,0.8938116431236267,-0.22068389164777624
51.98427465698887,-43.437372738680104,0.0,1.846414040919799,0.29212814569473267,0.0,0.0,0.9563790559768677,0.43901532888412476,0.0,0.0,0.8984792232513428,0.1274306572578874
52.24965360871172,-42.97082775400304,0.0,1.8367113977423977,0.28042182326316833,0.0,0.0,0.9598767757415771,0.42947542667388916,0.0,0.0,0.9030781984329224,-0.2201938591640691
52.49998407974457,-42.505181108006525,0.0,1.8276193850543272,0.26871004700660706,0.0,0.0,0.9632210731506348,0.41982501745224,0.0,0.0,0.9076046943664551,0.12788984981789098
52.73574163316932,-42.040314670263996,0.0,1.819146973104268,0.25699958205223083,0.0,0.0,0.9664114713668823,0.4100683331489563,0.0,0.0,0.9120544195175171,-0.21976595957063177
52.95737836542354,-41.576105498417235,0.0,1.8113031321408877,0.2452978938817978,0.0,0.0,0.969447672367096,0.4002094566822052,0.0,0.0,0.9164233803749084,0.12828600340190008
53.165323505377685,-41.11242589820302,0.0,1.8040968324128586,0.23361289501190186,0.0,0.0,0.9723296165466309,0.3902531862258911,0.0,0.0,0.9207072854042053,-0.2194020050389131
53.359983998324324,-40.64914348193272,0.0,1.7975370441688505,0.2219531536102295,0.0,0.0,0.9750572443008423,0.3802047371864319,0.0,0.0,0.9249020218849182,0.1286173058384661
53.54174507544049,-40.18612122548063,0.0,1.79163273765754,0.21032766997814178,0.0,0.0,0.9776309132575989,0.3700702488422394,0.0,0.0,0.9290034770965576,-0.21910380774036203
53.710970809339386,-39.723217523854906,0.0,1.786392883127598,0.1987455189228058,0.0,0.0,0.9800510406494141,0.35985589027404785,0.0,0.0,0.9330075979232788,0.12888194495613992
53.86800465640359,-39.26028624539058,0.0,1.781826450827693,0.1872161626815796,0.0,0.0,0.982318639755249,0.3495681583881378,0.0,0.0,0.9369105696678162,-0.21887317984642746
54.013169986632214,-38.79717678466908,0.0,1.7779424110065016,0.1757490187883377,0.0,0.0,0.9844349026679993,0.3392143249511719,0.0,0.0,0.9407087564468384,0.12907810858347282
54.14677060182296,-38.333734114217066,0.0,1.7747497339126943,0.1643536239862442,0.0,0.0,0.986401379108429,0.32880160212516785,0.0,0.0,0.9443986415863037,-0.2187119335285584
54.26909124296171,-37.86979883509132,0.0,1.7722573897949425,0.15303920209407806,0.0,0.0,0.9882200360298157,0.31833744049072266,0.0,0.0,0.9479770660400391,0.12920398454901583
54.38039808777478,-37.40520722643583,0.0,1.7704743489019177,0.14181506633758545,0.0,0.0,0.9898930788040161,0.3078298568725586,0.0,0.0,0.9514410495758057,-0.2186218809582036
54.48093923947395,-36.939791294100665,0.0,1.769409581482294,0.13069021701812744,0.0,0.0,0.9914231300354004,0.29728689789772034,0.0,0.0,0.9547878503799438,0.12925776068132006
54.57094520779421,-36.47337881846132,0.0,1.7690720577847419,0.11967334896326065,0.0,0.0,0.992813229560852,0.28671663999557495,0.0,0.0,0.9580152034759521,-0.21860483430681205
54.650629383523295,-36.00579340152372,0.0,1.7694707480579346,0.10877294838428497,0.0,0.0,0.9940665364265442,0.27612730860710144,0.0,0.0,0.9611209034919739,0.12923762480893658
54.72018850779582,-35.536854513464455,0.0,1.7706146225505424,0.09799904376268387,0.0,0.0,0.9951863884925842,0.26552772521972656,0.0,0.0,0.9641030430793762,-0.21866260574583266
54.779803137525796,-35.06637753873334,0.0,1.7725126515112388,-0.08735528588294983,0.0,0.0,-0.996177077293396,0.2549256682395935,0.0,0.0,0.9669605493545532,0.12914176476041656
54.82963810844663,-34.59417382186167,0.0,1.7751738051886952,-0.0768510103225708,0.0,0.0,-0.9970424771308899,0.24432985484600067,0.0,0.0,0.9696919918060303,-0.2187970074467143
54.86984299732902,-34.12005071314278,0.0,1.7786070538315855,-0.0664934441447258,0.0,0.0,-0.997786819934845,0.23374846577644348,0.0,0.0,0.972296953201294,0.128968368364311
54.90055258505913,-33.6438116143374,0.0,1.782821367688579,-0.056288961321115494,0.0,0.0,-0.9984143972396851,0.22318968176841736,0.0,0.0,0.9747748374938965,-0.2190098515809059
54.921887322370864,-33.165256024594285,0.0,1.7878257170083487,-0.04624372720718384,0.0,0.0,-0.9989300966262817,0.21266189217567444,0.0,0.0,0.9771257042884827,0.12871562344917115
54.933953800149006,-32.68417958677374,0.0,1.7936290720395691,-0.03636358305811882,0.0,0.0,-0.9993385076522827,-0.20218007266521454,0.0,0.0,-0.9793483018875122,-0.21930295031985647
54.93684522634757,-32.20037413437174,0.0,1.8002404030309078,-0.026653936132788658,0.0,0.0,-0.9996445775032043,-0.19173766672611237,0.0,0.0,-0.9814460873603821,0.12838171784354802
54.9306419117017,-31.713627739270528,0.0,1.8076686802310395,-0.01711968332529068,0.0,0.0,-0.9998533725738525,-0.1813497245311737,0.0,0.0,-0.9834185838699341,-0.21967811583501468
54.91541176655535,-31.223724760542932,0.0,1.8159228738886353,-0.007765529211610556,0.0,0.0,-0.9999697804450989,-0.17102336883544922,0.0,0.0,-0.9852668642997742,0.12796483937599268
54.891210811276174,-30.73044589455038,0.0,1.8250119542523722,0.0014044875279068947,0.0,0.0,-0.9999989867210388,-0.16076627373695374,0.0,0.0,-0.9869924187660217,-0.22013716029782965
54.858083702889246,-30.233568226617905,0.0,1.8349448915709143,0.010386565700173378,0.0,0.0,-0.9999460577964783,-0.15058520436286926,0.0,0.0,-0.9885969758033752,0.12746317587505618
54.81606428072739,-29.732865284535272,0.0,1.845730656092937,0.01917768083512783,0.0,0.0,-0.9998160004615784,-0.14048674702644348,0.0,0.0,-0.9900825023651123,-0.22068189587974996
54.765176134074174,-29.22810709420685,0.0,1.8573782180671172,0.027775123715400696,0.0,0.0,-0.9996141195297241,-0.13047783076763153,0.0,0.0,-0.9914512038230896,0.1268749151692895
54.70543319496196,-28.719060237756864,0.0,1.8698965477421183,0.03617720305919647,0.0,0.0,-0.9993453621864319,-0.12056462466716766,0.0,0.0,-0.9927054643630981,-0.22131413475222478
54.636840359483536,-28.20548791442086,0.0,1.8832946153666161,0.044382493942976,0.0,0.0,-0.9990144968032837,-0.11075295507907867,0.0,0.0,-0.9938479065895081,0.12619824508724417
54.559394141184605,-27.68715000458889,0.0,1.8975813911892834,0.052390310913324356,0.0,0.0,-0.9986265301704407,-0.10104884952306747,0.0,0.0,-0.9948813915252686,-0.2220356890867029
54.47308347286315,-27.16380378960286,0.0,1.9127634635811828,0.06020059436559677,0.0,0.0,-0.9981861710548401,-0.09145773947238922,0.0,0.0,-0.9958088397979736,0.12543147375431996
54.37789193810064,-26.63521177359695,0.0,1.928819181592392,0.06781404465436935,0.0,0.0,-0.9976978898048401,-0.08198502659797668,0.0,0.0,-0.9966333508491516,-0.2228465839357539
54.27380019751039,-26.10114690234042,0.0,1.9457084107512514,0.07523194700479507,0.0,0.0,-0.9971659183502197,-0.07263585180044174,0.0,0.0,-0.9973583221435547,0.12457848238266041
54.160787788611785,-25.561392832692924,0.0,1.9633906964181846,0.08245604485273361,0.0,0.0,-0.9965946674346924,-0.06341513246297836,0.0,0.0,-0.9979870319366455,-0.22373962866640712
54.038834901580586,-25.015744113517176,0.0,1.981825583953593,0.08948887884616852,0.0,0.0,-0.9959876537322998,-0.054327718913555145,0.0,0.0,-0.9985228776931763,0.12364742745662971
53.90792414458939,-24.464006365598507,0.0,2.0009726187179,0.09633350372314453,0.0,0.0,-0.9953489899635315,-0.04537785053253174,0.0,0.0,-0.9989696741104126,-0.22470665062420042
53.7680422994185,-23.905996460620678,0.0,2.020791346071529,0.10299353301525116,0.0,0.0,-0.9946819543838501,-0.03656993433833122,0.0,0.0,-0.9993308186531067,0.12264648163068885
53.619182067390526,-23.341542699241035,0.0,2.0412413113748826,0.10947311669588089,0.0,0.0,-0.9939896464347839,-0.027908165007829666,0.0,0.0,-0.9996102452278137,-0.2257394771546728
53.46134380504217,-22.770484988189416,0.0,2.0622820599883824,0.11577706784009933,0.0,0.0,-0.9932751655578613,-0.01939665712416172,0.0,0.0,-0.9998116493225098,0.12158381755929995
53.29453724834533,-22.19267501629553,0.0,2.083873137272446,0.1219104528427124,0.0,0.0,-0.9925410151481628,-0.011039257049560547,0.0,0.0,-0.9999389052391052,-0.22682993560336287
53.11878322368496,-21.60797642926057,0.0,2.105974088587498,0.12787915766239166,0.0,0.0,-0.9917896389961243,-0.0028396211564540863,0.0,0.0,-0.9999958872795105,0.12046760789692358
52.93411534322623,-21.016265002954665,0.0,2.1285444592939373,0.13368944823741913,0.0,0.0,-0.9910231828689575,0.005201562773436308,0.0,0.0,-0.9999863505363464,-0.2279698533158093
52.74055223848173,-20.4174288149353,0.0,2.1515437947521883,0.1393478661775589,0.0,0.0,-0.9902434349060059,0.01308685727417469,0.0,0.0,-0.9999141097068787,0.11930602529802202
52.53799808044806,-19.81136841385186,0.0,2.1749316403226766,0.14486049115657806,0.0,0.0,-0.9894520044326782,0.020819393917918205,0.0,0.0,-0.9997830390930176,-0.22915105763755111
52.326329148993224,-19.197996986335855,0.0,2.1986675413658006,0.15023274719715118,0.0,0.0,-0.9886505603790283,0.028402309864759445,0.0,0.0,-0.9995964169502258,0.11810724241705614
52.105427719147734,-18.577240520922587,0.0,2.2227110432419845,0.15546949207782745,0.0,0.0,-0.9878406524658203,0.03583887591958046,0.0,0.0,-0.9993573427200317,-0.23036537591412604
51.87518302010653,-17.949037968514137,0.0,2.2470216913116463,0.16057488322257996,0.0,0.0,-0.9870235919952393,0.04313146322965622,0.0,0.0,-0.9990692734718323,0.11687943190848735
51.635492189585854,-17.313341398820043,0.0,2.2715590309352103,0.16555280983448029,0.0,0.0,-0.9862008690834045,0.05028291046619415,0.0,0.0,-0.9987348318099976,-0.2316046354910737
51.386261221932585,-16.670116152196666,0.0,2.2962826074730733,0.17040660977363586,0.0,0.0,-0.9853737354278564,0.05729549750685692,0.0,0.0,-0.9983571767807007,0.11563076642677708
51.12740590772976,-16.01934098624857,0.0,2.321151966285662,0.17513930797576904,0.0,0.0,-0.9845435619354248,0.06417156755924225,0.0,0.0,-0.9979387521743774,-0.23286066371393171
50.858852762433834,-15.361008216512296,0.0,2.3461266527334024,0.17975355684757233,0.0,0.0,-0.9837116003036499,0.07091325521469116,0.0,0.0,-0.9974823594093323,0.11436941862638615
50.58053994138967,-14.69512385051851,0.0,2.371166212176691,0.18425168097019196,0.0,0.0,-0.9828790426254272,0.07752253115177155,0.0,0.0,-0.996990442276001,-0.23412528792823922
50.29241813838164,-14.021707714481087,0.0,2.3962301899759533,0.18863576650619507,0.0,0.0,-0.9820471405982971,0.08400119841098785,0.0,0.0,-0.9964654445648193,0.11310356116177693
49.99445146472118,-13.340793571853961,0.0,2.4212781314916056,0.19290752708911896,0.0,0.0,-0.9812168478965759,0.0903506800532341,0.0,0.0,-0.9959098100662231,-0.23539033547953478
49.68661830570206,-12.65242923293629,0.0,2.446269582084074,0.19706864655017853,0.0,0.0,-0.9803897142410278,0.09657298028469086,0.0,0.0,-0.9953257441520691,0.11184136668740984
49.368912151134,-11.956676654722516,0.0,2.4711640871137552,0.20112040638923645,0.0,0.0,-0.9795665144920349,0.10266923159360886,0.0,0.0,-0.9947153329849243,-0.23664763371335706
49.04134239652865,-11.253612030144929,0.0,2.495921191941076,0.20506401360034943,0.0,0.0,-0.9787485003471375,0.10864108800888062,0.0,0.0,-0.9940807819366455,0.11059100785774717
48.703935110111914,-10.543325863142528,0.0,2.5205004515656135,0.20890045166015625,0.0,0.0,-0.9779368042945862,0.11448941379785538,0.0,0.0,-0.9934242367744446,-0.2378890104620711
48.3567300273032,-9.825915381720048,0.0,2.544888562435893,0.212630495429039,0.0,0.0,-0.9771325588226318,0.12021568417549133,0.0,0.0,-0.9927475452423096,0.10935928508652096
47.999768781142194,-9.101460187034238,0.0,2.569158719659363,0.2162548154592514,0.0,0.0,-0.9763367772102356,0.12582089006900787,0.0,0.0,-0.9920527935028076,-0.23911477597840797
47.633091742466945,-8.37001742027801,0.0,2.5934013120642807,0.21977388858795166,0.0,0.0,-0.9755505919456482,0.13130590319633484,0.0,0.0,-0.9913417100906372,0.10813491173273723
47.256737174005515,-7.631621798887122,0.0,2.6177067284789097,0.22318816184997559,0.0,0.0,-0.9747751355171204,0.13667185604572296,0.0,0.0,-0.9906161427497864,-0.24034232226197508
46.87074047238884,-6.8862856818726375,0.0,2.642165357731488,0.2264978140592575,0.0,0.0,-0.9740114212036133,0.14191946387290955,0.0,0.0,-0.9898779988288879,0.10689962742705147
46.475133505614394,-6.1339991662024715,0.0,2.66686758865028,0.22970296442508698,0.0,0.0,-0.9732605218887329,0.14704963564872742,0.0,0.0,-0.9891289472579956,-0.2415899096821161
46.06994405347939,-5.374730216236472,0.0,2.6919038100635513,0.23280364274978638,0.0,0.0,-0.97252357006073,0.1520630419254303,0.0,0.0,-0.9883706569671631,0.10563517180011855
45.65519535854813,-4.608424828258842,0.0,2.7173644107995383,0.23579959571361542,0.0,0.0,-0.9718014597892761,0.15696068108081818,0.0,0.0,-0.9876047372817993,-0.242875798608176
45.23090579540364,-3.835007232296496,0.0,2.743339779686507,0.23869049549102783,0.0,0.0,-0.9710954427719116,0.16174323856830597,0.0,0.0,-0.986832857131958,0.10432328448259487
44.797088666171796,-3.0543801334939635,0.0,2.7699203055527124,0.241475909948349,0.0,0.0,-0.9704065918922424,0.1664111614227295,0.0,0.0,-0.9860564470291138,-0.24421824940949952
44.35375213070226,-2.2664249955226294,0.0,2.797196377226421,0.2441553771495819,0.0,0.0,-0.9697359204292297,0.17096519470214844,0.0,0.0,-0.9852770566940308,0.10294570510513484
43.90089928023378,-1.4710023686217393,0.0,2.825258383535867,0.24672843515872955,0.0,0.0,-0.9690844416618347,0.1754058301448822,0.0,0.0,-0.9844961166381836,-0.24563552245543113
43.43852836399429,-0.6679522651367482,0.0,2.854196713309317,0.24919477105140686,0.0,0.0,-0.9684531688690186,0.1797337383031845,0.0,0.0,-0.9837151169776917,0.10148417329839493
42.96663317887259,0.14290541438352466,0.0,2.8841017553750388,0.2515542209148407,0.0,0.0,-0.9678429961204529,0.18394924700260162,0.0,0.0,-0.9829356074333191,-0.24714587811531608
42.48520363314855,0.9617704011736494,0.0,2.9150638985612636,0.2538067698478699,0.0,0.0,-0.9672546982765198,0.18805275857448578,0.0,0.0,-0.982158899307251,0.09992042869303003
41.99422649623105,1.7888615206711487,0.0,2.94717353169626,0.25595277547836304,0.0,0.0,-0.9666891098022461,0.19204460084438324,0.0,0.0,-0.981386125087738,-0.24876757675849773
41.49368634745946,2.6244160933790086,0.0,2.980521043608296,0.2579927444458008,0.0,0.0,-0.9661465883255005,0.19592492282390594,0.0,0.0,-0.9806188344955444,0.0982362109196949
40.983566738288516,3.468689269788415,0.0,3.0151968231256023,0.2599276304244995,0.0,0.0,-0.9656279683113098,0.19969391822814941,0.0,0.0,-0.9798582792282104,-0.2505188787543213
40.46385158356026,4.321953294602905,0.0,3.0512912590764456,0.2617586553096771,0.0,0.0,-0.9651333093643188,0.20335157215595245,0.0,0.0,-0.9791057705879211,0.09641325960904626
39.93452679916524,5.184496695004584,0.0,3.0888947402890845,0.26348745822906494,0.0,0.0,-0.9646627902984619,0.2068977802991867,0.0,0.0,-0.978362500667572,-0.25241804447213134
39.395582205120654,6.056623387232832,0.0,3.1280976555917865,0.2651160955429077,0.0,0.0,-0.964216411113739,0.21033231914043427,0.0,0.0,-0.9776298403739929,0.09443331439173808
38.84701465645918,6.9386501860384415,0.0,3.168984966790514,0.2666471004486084,0.0,0.0,-0.9637941718101501,0.2136548012495041,0.0,0.0,-0.9769091606140137,-0.2544830601892388
38.28885358415833,7.83086903803948,0.0,3.2115093900699256,0.2680834233760834,0.0,0.0,-0.9633956551551819,0.21686463057994843,0.0,0.0,-0.9762016534805298,0.09228561624631326
37.721188008164745,8.733508430329653,0.0,3.2554871350708705,0.2694260776042938,0.0,0.0,-0.9630119204521179,0.21996107697486877,0.0,0.0,-0.9755086302757263,-0.25670415842160976
37.14417116174639,9.646731271032888,0.0,3.3007281319587296,0.2706819772720337,0.0,0.0,-0.9626526236534119,0.22294317185878754,0.0,0.0,-0.9748314023017883,0.09000071741359311
36.558023838119794,10.570634594744106,0.0,3.3470423108989387,0.27185559272766113,0.0,0.0,-0.9623165130615234,0.2258097231388092,0.0,0.0,-0.9741713404655457,-0.25904325836808495
35.963037510782485,11.505249349452445,0.0,3.394239602056911,0.27295199036598206,0.0,0.0,-0.9620020985603333,0.22855938971042633,0.0,0.0,-0.9735298752784729,0.08761701583995812
35.35957719630112,12.450540274308047,0.0,3.4421299355980848,0.2739768624305725,0.0,0.0,-0.9617079496383667,0.23119162023067474,0.0,0.0,-0.9729081392288208,-0.2614619620822856
34.74807781265324,13.406407855040873,0.0,3.490523241687836,0.27493661642074585,0.0,0.0,-0.9614320993423462,0.23370951414108276,0.0,0.0,-0.9723063707351685,0.08517290947178888
34.12881100331678,14.372763327187105,0.0,3.5392294504916015,0.275837779045105,0.0,0.0,-0.9611728191375732,0.23611880838871002,0.0,0.0,-0.9717240333557129,-0.2639218716178293
33.50179139384192,15.349559313959178,0.0,3.5880584921748175,0.27668628096580505,0.0,0.0,-0.9609283804893494,0.23842518031597137,0.0,0.0,-0.9711607098579407,0.08270679625546479
32.86704640775445,16.336704775579417,0.0,3.636820296902859,0.2774873971939087,0.0,0.0,-0.9606972336769104,0.24063393473625183,0.0,0.0,-0.970615804195404,-0.26638458902833645
32.22463559158314,17.334059668031216,0.0,3.6853247948411623,0.27824586629867554,0.0,0.0,-0.9604780673980713,0.24275021255016327,0.0,0.0,-0.9700886607170105,0.08025707413736868
31.574650366528573,18.341435826419023,0.0,3.733381916155146,0.2789659798145294,0.0,0.0,-0.9602696895599365,0.2447787970304489,0.0,0.0,-0.969578742980957,-0.26881171636742657
30.917213786382355,19.358597838968308,0.0,3.7808015910102437,0.2796515226364136,0.0,0.0,-0.9600709676742554,0.24672415852546692,0.0,0.0,-0.9690855741500854,0.0778621410638789
30.25248030316185,20.385263907492437,0.0,3.827393749571835,0.2803059220314026,0.0,0.0,-0.9598810076713562,0.2485906183719635,0.0,0.0,-0.9686084985733032,-0.27116485568871906
29.580635541980346,21.42110668991799,0.0,3.872968322005354,0.2809322476387024,0.0,0.0,-0.9596988558769226,0.2503822445869446,0.0,0.0,-0.9681469798088074,0.07556039498137795
28.901896086725177,22.465754120248572,0.0,3.917335238476233,0.28153327107429504,0.0,0.0,-0.9595237374305725,0.2521027624607086,0.0,0.0,-0.9677004218101501,-0.2734056090458341
28.21650927814799,23.518790201191248,0.0,3.960304429149856,0.2821114659309387,0.0,0.0,-0.9593549370765686,0.2537558376789093,0.0,0.0,-0.9672682881355286,0.07339023383624543
27.524753025985405,24.57975576456336,0.0,4.001685824191657,0.28266897797584534,0.0,0.0,-0.9591918587684631,0.255344957113266,0.0,0.0,-0.9668499231338501,-0.2754955784923897
26.826935636698707,25.648149194582818,0.0,4.04128935376705,0.2832077741622925,0.0,0.0,-0.9590339660644531,0.2568732500076294,0.0,0.0,-0.9664450883865356,0.07139005557486192
26.12339565843031,26.723427109095752,0.0,4.078924948041468,0.283729612827301,0.0,0.0,-0.9588807821273804,0.25834378600120544,0.0,0.0,-0.9660530090332031,-0.2773963660820068
25.414501744671036,27.805004993945396,0.0,4.114402537180298,0.28423598408699036,0.0,0.0,-0.9587318301200867,0.2597593665122986,0.0,0.0,-0.9656732678413391,0.06959825814360793
24.700652538110894,28.892257785735193,0.0,4.147532051348968,0.2847282588481903,0.0,0.0,-0.9585867524147034,0.2611226439476013,0.0,0.0,-0.965305507183075,-0.2790695738683033
23.982276576009106,29.984520398493153,0.0,4.178123420712908,0.285207599401474,0.0,0.0,-0.9584451913833618,0.2624362111091614,0.0,0.0,-0.9649491310119629,0.06805323948886347
23.259832218325226,31.08108818995831,0.0,4.205986575437512,0.2856750190258026,0.0,0.0,-0.9583068490028381,0.26370251178741455,0.0,0.0,-0.964603841304779,-0.28047680390489943
22.533779114932333,32.181260489412566,0.0,4.231097520369823,0.2861313223838806,0.0,0.0,-0.9581716060638428,0.26492372155189514,0.0,0.0,-0.9642691612243652,0.06678500994682757
21.804410141775836,33.284594556297066,0.0,4.254413658467735,0.2865772545337677,0.0,0.0,-0.9580391645431519,0.26610198616981506,0.0,0.0,-0.9639447331428528,-0.2816543866371172
21.071790770522384,34.39099487658994,0.0,4.277251595996313,0.287013441324234,0.0,0.0,-0.9579094052314758,0.26723921298980713,0.0,0.0,-0.9636300802230835,0.06563157875851555
20.335760032377948,35.500708826824116,0.0,4.300928476585694,0.28744035959243774,0.0,0.0,-0.9577821493148804,0.2683373689651489,0.0,0.0,-0.963324785232544,-0.28285018868708595
19.595931462470883,36.614322477610095,0.0,4.326761443865998,0.2878584861755371,0.0,0.0,-0.9576572775840759,0.2693983316421509,0.0,0.0,-0.9630286693572998,0.0643268834413285
18.851693928619923,37.73275668522587,0.0,4.356067641467362,0.28826814889907837,0.0,0.0,-0.9575347304344177,0.27042368054389954,0.0,0.0,-0.9627411961555481,-0.2843302996770538
18.102212341904206,38.857263472729684,0.0,4.39016421301989,0.2886696457862854,0.0,0.0,-0.9574143886566162,0.2714151442050934,0.0,0.0,-0.9624621868133545,0.06260483437301895
17.346428246755128,39.98942269773937,0.0,4.4303683021537115,0.2890632748603821,0.0,0.0,-0.9572962522506714,0.2723742425441742,0.0,0.0,-0.9621912837028503,-0.286360809229267
16.58306881672491,41.131126255896305,0.0,4.477947003390345,0.2894492447376251,0.0,0.0,-0.9571802020072937,0.27330249547958374,0.0,0.0,-0.9619280099868774,0.060201869664098046
15.8108675365963,42.284246627689036,0.0,4.532873396852532,0.28982776403427124,0.0,0.0,-0.9570662379264832,0.2742013931274414,0.0,0.0,-0.9616721868515015,-0.289134869505135
15.028798351897697,43.450288491088564,0.0,4.593741808064052,0.29019901156425476,0.0,0.0,-0.9569542407989502,0.27507221698760986,0.0,0.0,-0.9614234566688538,0.05712770748169807
14.236085848662084,44.6303767201701,0.0,4.659079544020567,0.29056310653686523,0.0,0.0,-0.9568442702293396,0.27591627836227417,0.0,0.0,-0.9611815214157104,-0.29243475515950446
13.43220410364323,45.82526129561834,0.0,4.727413911717765,0.2909201979637146,0.0,0.0,-0.9567362070083618,0.2767347991466522,0.0,0.0,-0.9609461426734924,0.05367647678992038
12.616875649483127,47.03532197348946,0.0,4.79727221815125,0.29127028584480286,0.0,0.0,-0.9566301703453064,0.2775287926197052,0.0,0.0,-0.9607170820236206,-0.29596295245412496
11.79007056693432,48.26057268785629,0.0,4.86718177031671,0.29161331057548523,0.0,0.0,-0.9565261006355286,0.2782994508743286,0.0,0.0,-0.9604941010475159,0.05014569132701838
10.952005719805612,49.50066564886976,0.0,4.9356698752098325,0.29194921255111694,0.0,0.0,-0.9564240574836731,0.2790476381778717,0.0,0.0,-0.9602769613265991,-0.29942194765074726
10.103144150815776,50.75489508659397,0.0,5.001263839826222,0.2922777831554413,0.0,0.0,-0.9563241004943848,0.2797742486000061,0.0,0.0,-0.9600655436515808,0.046832864831241106
9.244188436809814,52.02220975512793,0.0,5.062527642744736,0.2925987243652344,0.0,0.0,-0.9562263488769531,0.2804800570011139,0.0,0.0,-0.9598595499992371,-0.30251607911127826
8.375923467122618,53.30144687435044,0.0,5.118951036503913,0.2929116487503052,0.0,0.0,-0.9561309218406677,0.28116574883461,0.0,0.0,-0.9596589207649231,0.043983198479767505
7.499051476984794,54.59157534924545,0.0,5.17099773538686,0.29321610927581787,0.0,0.0,-0.9560379385948181,0.28183072805404663,0.0,0.0,-0.9594590663909912,-0.30514470026698265
6.6141846104947355,55.891705624338904,0.0,5.219177770596212,0.2935115396976471,0.0,0.0,-0.9559476375579834,0.28247690200805664,0.0,0.0,-0.9592647552490234,0.041549863368184115
5.72184530200955,57.2010880012985,0.0,5.264001173334675,0.29379716515541077,0.0,0.0,-0.9558602571487427,0.28310489654541016,0.0,0.0,-0.9590758085250854,-0.30740850848609697
4.822466606043783,58.519111069126424,0.0,5.30597797480494,0.29407232999801636,0.0,0.0,-0.9557759761810303,0.2837151288986206,0.0,0.0,-0.9588921070098877,0.03942982288988783
3.9163924694841494,59.845300267299635,0.0,5.3456182062096556,0.29433611035346985,0.0,0.0,-0.9556951522827148,0.2843080461025238,0.0,0.0,-0.9587134718894958,-0.309410540375224
3.003877940682801,61.17931659963875,0.0,5.383431898751519,0.29458755254745483,0.0,0.0,-0.9556180238723755,0.28488394618034363,0.0,0.0,-0.9585399031639099,0.03752004043827861
2.0850893106063157,62.52095551447354,0.0,5.419929083633209,0.29482555389404297,0.0,0.0,-0.9555449485778809,0.2854432761669159,0.0,0.0,-0.9583711624145508,-0.3112538325409659
1.1601041817235958,63.87014596478786,0.0,5.45561979205742,0.29504895210266113,0.0,0.0,-0.9554762840270996,0.2859862744808197,0.0,0.0,-0.9582073092460632,0.03571747940675274
0.22891146065655477,65.22694966056027,0.0,5.491014055226803,0.29525649547576904,0.0,0.0,-0.9554125070571899,0.28651317954063416,0.0,0.0,-0.9580481648445129,-0.3130414215899246
-0.7085836221690673,66.59155309438901,0.0,5.5265918032416375,0.2954467833042145,0.0,0.0,-0.9553539752960205,0.2870243191719055,0.0,0.0,-0.9578937292098999,0.03392062344640756
-1.6525043391820002,67.9641868021979,0.0,5.562506945710861,0.2956183850765228,0.0,0.0,-0.9553012847900391,0.2875199019908905,0.0,0.0,-0.9577438831329346,-0.3148553176742288
-2.6029687048826853,69.34507623823103,0.0,5.598713877688846,0.29576969146728516,0.0,0.0,-0.9552547931671143,0.2879999876022339,0.0,0.0,-0.9575986862182617,0.03209199051822653
-3.5600890451934024,70.73444128978629,0.0,5.635164123019301,0.29589903354644775,0.0,0.0,-0.9552150964736938,0.28846460580825806,0.0,0.0,-0.9574580788612366,-0.31669623915556494
-4.523968011433344,72.13249648398971,0.0,5.6718092055459275,0.29600465297698975,0.0,0.0,-0.9551827311515808,0.28891298174858093,0.0,0.0,-0.957322359085083,0.030241228774457507
-5.494645049655319,73.53945117590584,0.0,5.7086006491124275,0.29608479142189026,0.0,0.0,-0.9551582336425781,0.28934407234191895,0.0,0.0,-0.9571918249130249,-0.31855439287104476
-6.472108737493768,74.95550971702157,0.0,5.7454899775624675,0.29613783955574036,0.0,0.0,-0.955142080783844,0.2897568345069885,0.0,0.0,-0.9570667743682861,0.02837813137799089
-7.456336987150546,76.38087160308481,0.0,5.782428714739759,0.2961622178554535,0.0,0.0,-0.9551348090171814,0.29015034437179565,0.0,0.0,-0.9569475054740906,-0.3204199856577767
-8.447297974848166,77.81573160027773,0.0,5.819368384488011,0.29615652561187744,0.0,0.0,-0.9551368355751038,0.290523499250412,0.0,0.0,-0.9568344354629517,0.02651249149171553
-9.44495009646806,79.26027984867952,0.0,5.856260510650888,0.29611945152282715,0.0,0.0,-0.9551485776901245,0.29087531566619873,0.0,0.0,-0.9567278623580933,-0.32228322435287143
-10.449241927903845,80.7147019419528,0.0,5.893056617072097,0.29604974389076233,0.0,0.0,-0.9551703333854675,0.2912048399448395,0.0,0.0,-0.9566280841827393,0.024654102278523105
-11.460112190366834,82.17917898218819,0.0,5.929708227595351,0.2959462106227875,0.0,0.0,-0.955202579498291,0.29151099920272827,0.0,0.0,-0.9565354585647583,-0.3241343157934398
-12.47748972087205,83.65388760881821,0.0,5.966166866064311,0.29580777883529663,0.0,0.0,-0.9552455544471741,0.2917931079864502,0.0,0.0,-0.9564501643180847,0.02281275690130291
-13.501293448153326,85.1390000005358,0.0,6.002384056322692,0.295633465051651,0.0,0.0,-0.9552995562553406,0.29204997420310974,0.0,0.0,-0.9563725590705872,-0.32596346681659033
-14.531432374233088,86.6346838491224,0.0,6.0383113222141835,0.2954222857952118,0.0,0.0,-0.9553648233413696,0.29228079319000244,0.0,0.0,-0.9563029408454895,0.02099824852294474
-15.567805561894943,88.14110230412899,0.0,6.073900187582495,0.29517340660095215,0.0,0.0,-0.9554415941238403,0.29248473048210144,0.0,0.0,-0.9562416076660156,-0.32776088425943434
-16.610302128287817,89.6584138873414,0.0,6.109102176271296,0.29488605260849,0.0,0.0,-0.9555301070213318,0.2926608920097351,0.0,0.0,-0.9561887979507446,0.019220370306338552
-17.65880124490267,91.18677237599762,0.0,6.143868812124292,0.29455944895744324,0.0,0.0,-0.9556304812431335,0.2928084135055542,0.0,0.0,-0.9561448097229004,-0.32951677495908055
-18.713172144145783,92.72632665372905,0.0,6.1781516189851935,0.29419293999671936,0.0,0.0,-0.9557429552078247,0.2929263710975647,0.0,0.0,-0.9561098217964172,0.017488915414373807
-19.77327413273958,94.27722052824035,0.0,6.211902120697665,0.293785959482193,0.0,0.0,-0.95586758852005,0.2930140793323517,0.0,0.0,-0.956084132194519,-0.33122134575263973
-20.838956612170037,95.8395925147674,0.0,6.245071841105416,0.293337881565094,0.0,0.0,-0.9560045003890991,0.2930706739425659,0.0,0.0,-0.9560679197311401,0.015813677009941962
-21.91005910638914,97.4135755843844,0.0,6.277612304052142,0.29284825921058655,0.0,0.0,-0.9561537504196167,0.2930954396724701,0.0,0.0,-0.9560614824295044,-0.3328648034772218
-22.986411296986766,98.99929687629657,0.0,6.30947503338155,0.2923166751861572,0.0,0.0,-0.9563154578208923,0.2930876612663269,0.0,0.0,-0.9560649394989014,0.014204448255931423
-24.067833066021475,100.59687737327992,0.0,6.340611552937307,0.29174280166625977,0.0,0.0,-0.956489622592926,0.29304662346839905,0.0,0.0,-0.9560784697532654,-0.33443735496993676
-25.154134546693918,102.20643153949206,0.0,6.370973386563124,0.2911664843559265,0.0,0.0,-0.9566642045974731,0.292971670627594,0.0,0.0,-0.9561023712158203,0.012671022315233538
-26.245116182042974,103.82806691995106,0.0,6.400512058102701,0.2905856966972351,0.0,0.0,-0.9568397998809814,0.29286208748817444,0.0,0.0,-0.9561367630958557,-0.33592920706789525
-27.340568791817542,105.46188370102352,0.0,6.429179091399718,0.2899985611438751,0.0,0.0,-0.9570170640945435,0.292717307806015,0.0,0.0,-0.9561817646026611,0.011223192350737765
-28.440273647678595,107.10797423136087,0.0,6.456926010297875,0.2894033193588257,0.0,0.0,-0.9571963548660278,0.2925366759300232,0.0,0.0,-0.9562374949455261,-0.33733056660820615
-29.54400255685252,108.76642250277258,0.0,6.483704338640869,0.288798451423645,0.0,0.0,-0.9573782086372375,0.29231977462768555,0.0,0.0,-0.9563041925430298,0.00987075152533401
-30.651517954358503,110.4373035906383,0.0,6.509465600272402,0.28818264603614807,0.0,0.0,-0.9575629830360413,0.29206591844558716,0.0,0.0,-0.9563818573951721,-0.33863164042798055
-31.762573003896176,112.12068305352247,0.0,6.534161319036151,0.28755462169647217,0.0,0.0,-0.9577509760856628,0.2917746901512146,0.0,0.0,-0.9564706683158875,0.008623493001912341
-32.87691170747948,113.81661629178126,0.0,6.557743018775821,0.28691336512565613,0.0,0.0,-0.9579424858093262,0.2914457619190216,0.0,0.0,-0.956570565700531,-0.33982263536432755
-33.994269023862046,115.52514786502186,0.0,6.580162223335113,0.286257803440094,0.0,0.0,-0.9581377506256104,0.2910785973072052,0.0,0.0,-0.9566817283630371,0.007491209943362276
-35.11437099579564,117.24631076841246,0.0,6.601370456557703,0.2855871617794037,0.0,0.0,-0.9583370089530945,0.2906728684902191,0.0,0.0,-0.9568041563034058,-0.34089375825435736
-36.23693488612422,118.98012566792936,0.0,6.621319242287301,0.2849006652832031,0.0,0.0,-0.9585404396057129,0.29022833704948425,0.0,0.0,-0.956937849521637,0.006483695512574494
-37.36166932270561,120.72660009476972,0.0,6.639960104367593,0.2841976583003998,0.0,0.0,-0.9587482213973999,0.28974470496177673,0.0,0.0,-0.9570828080177307,-0.3418352159351802
-38.48827445211348,122.48572759926503,0.0,6.657244566642287,0.28347763419151306,0.0,0.0,-0.9589604139328003,0.28922176361083984,0.0,0.0,-0.9572390913963318,0.005610742872438457
-39.61644210205769,124.25748686477874,0.0,6.6731241529550624,0.28274005651474,0.0,0.0,-0.9591771960258484,0.2886592745780945,0.0,0.0,-0.9574065804481506,-0.3426372152439063
-40.745855952418395,126.04184078218833,0.0,6.687550387149617,0.28198447823524475,0.0,0.0,-0.9593985676765442,0.2880585193634033,0.0,0.0,-0.9575900435447693,0.004882145185844844
-41.87619171478305,127.8387354857313,0.0,6.700474793069655,0.2812107503414154,0.0,0.0,-0.9596245884895325,0.28741809725761414,0.0,0.0,-0.9577847123146057,-0.3432899630176456
-43.00711732030873,129.64809935108474,0.0,6.71184889455886,0.2804185152053833,0.0,0.0,-0.959855318069458,0.2867380380630493,0.0,0.0,-0.9579904675483704,0.004307695615683005
-44.13829311574024,131.46984195676686,0.0,6.721624215460926,0.27960771322250366,0.0,0.0,-0.9600907564163208,0.28601840138435364,0.0,0.0,-0.9582073092460632,-0.3437836660935075
-45.269372067354084,133.30385301006206,0.0,6.729752279619554,0.27877774834632874,0.0,0.0,-0.9603309631347656,0.2852846384048462,0.0,0.0,-0.9584275484085083,0.0038971873248431765
-46.39999997257103,135.15000123884718,0.0,6.736184610878437,0.3998458683490753,0.0,0.0,-0.9165588021278381,0.3460690677165985,0.0,0.0,-0.9381940364837646,-0.34410853130860264
