X,Y,Z,Speed,RotW,RotX,RotY,RotZ,HarsherRotW,HarsherRotX,HarsherRotY,HarsherRotZ,TireRot
-46.16370309801699,134.7167684710934,0.0,6.915142470714376,0.28817421197891235,0.0,0.0,-0.9575780034065247,0.2881016135215759,0.0,0.0,-0.9575998187065125,-0.3492496197330493
-47.343497612582915,136.5000373440824,0.0,6.915142470714376,0.28817540407180786,0.0,0.0,-0.9575775861740112,0.2881021797657013,0.0,0.0,-0.9575996398925781,-0.0
-48.52942412310466,138.29247980614687,0.0,6.951205681941753,0.2881776988506317,0.0,0.0,-0.9575768709182739,0.288103312253952,0.0,0.0,-0.9575992822647095,-0.3510709940374622
-49.721281850258386,140.09379100108802,0.0,6.986084187126995,0.28818097710609436,0.0,0.0,-0.9575758576393127,0.2881050705909729,0.0,0.0,-0.9575987458229065,-0.001761540665921324
-50.9188753279234,141.9036741619633,0.0,7.019808770084921,0.28818511962890625,0.0,0.0,-0.9575746059417725,0.2881071865558624,0.0,0.0,-0.957598090171814,-0.3527742558030141
-52.12201440076909,143.72184060601765,0.0,7.052410214630357,0.2881900370121002,0.0,0.0,-0.9575731158256531,0.28810998797416687,0.0,0.0,-0.9575971961021423,-0.003408078269226178
-53.33051422186622,145.54800972959643,0.0,7.083919304578117,0.2881956696510315,0.0,0.0,-0.9575714468955994,0.2881131172180176,0.0,0.0,-0.9575962424278259,-0.3543656239821939
-54.544195250328904,147.3819090030532,0.0,7.114366823743025,0.2882019877433777,0.0,0.0,-0.9575694799423218,0.2881166934967041,0.0,0.0,-0.95759516954422,-0.004945831762403319
-55.76288324899386,149.22327396566328,0.0,7.143783555939904,0.28820887207984924,0.0,0.0,-0.9575673937797546,0.28812074661254883,0.0,0.0,-0.9575939774513245,-0.3558513175274908
-56.986409282142674,151.0718482205564,0.0,7.172200284983571,0.28821632266044617,0.0,0.0,-0.9575651288032532,0.2881251871585846,0.0,0.0,-0.9575926661491394,-0.006381020097942114
-58.21460971327307,152.92738342967706,0.0,7.199647794688846,0.2882242202758789,0.0,0.0,-0.9575627446174622,0.2881299555301666,0.0,0.0,-0.9575912356376648,-0.35723755539139357
-59.44732620292441,154.78963930878587,0.0,7.226156868870552,0.28823256492614746,0.0,0.0,-0.9575602412223816,0.2881351113319397,0.0,0.0,-0.9575896859169006,-0.0077198622283312646
-60.684405706563005,156.65838362251029,0.0,7.251758291343505,0.28824129700660706,0.0,0.0,-0.9575576186180115,0.2881406843662262,0.0,0.0,-0.9575879573822021,-0.35853055652639115
-61.925700472532085,158.53339217945486,0.0,7.276482845922532,0.2882503271102905,0.0,0.0,-0.9575549364089966,0.28814661502838135,0.0,0.0,-0.9575861692428589,-0.008968577106059916
-63.17106804007129,160.41444882738114,0.0,7.30036131642245,0.28825974464416504,0.0,0.0,-0.9575520753860474,0.2881528437137604,0.0,0.0,-0.9575842618942261,-0.3597365398849729
-64.42037123741025,162.30134544846572,0.0,7.3234244866580775,0.2882694602012634,0.0,0.0,-0.9575491547584534,0.28815925121307373,0.0,0.0,-0.9575823545455933,-0.010133383683616881
-65.67347817994073,164.1938819546442,0.0,7.345703140444242,0.2882794439792633,0.0,0.0,-0.9575461745262146,0.28816595673561096,0.0,0.0,-0.9575803279876709,-0.36086172441962766
-66.93026226847124,166.09186628305062,0.0,7.367228061595756,0.2882896661758423,0.0,0.0,-0.9575430750846863,0.2881731390953064,0.0,0.0,-0.957578182220459,-0.011220500913491305
-68.19060218756825,167.99511439155927,0.0,7.388030033927443,0.28830012679100037,0.0,0.0,-0.9575399160385132,0.28818047046661377,0.0,0.0,-0.9575759768486023,-0.3619123290828442
-69.45438190398772,169.90345025443565,0.0,7.408139841254126,0.2883107662200928,0.0,0.0,-0.9575366973876953,0.28818798065185547,0.0,0.0,-0.9575737118721008,-0.012236147748172221
-70.72149066520048,171.81670585810596,0.0,7.427588267390622,0.2883216142654419,0.0,0.0,-0.9575334191322327,0.2881958484649658,0.0,0.0,-0.9575713276863098,-0.3628945728271117
-71.9918229980145,173.73472119704812,0.0,7.446406096151754,0.28833264112472534,0.0,0.0,-0.9575300812721252,0.2882038950920105,0.0,0.0,-0.957568883895874,-0.013186543140148554
-73.26527870729795,175.6573442698147,0.0,7.4646241113523395,0.28834378719329834,0.0,0.0,-0.9575267434120178,0.2882121801376343,0.0,0.0,-0.9575663805007935,-0.36381467460491906
-74.54176287480527,177.58443107518946,0.0,7.482273096807203,0.2883550524711609,0.0,0.0,-0.9575233459472656,0.28822049498558044,0.0,0.0,-0.9575638771057129,-0.014077906041909394
-75.82118585810935,179.51584560848795,0.0,7.4993838363311625,0.2883664667606354,0.0,0.0,-0.9575198888778687,0.28822916746139526,0.0,0.0,-0.9575612545013428,-0.3646788533687554
-77.10346328964285,181.45145985800227,0.0,7.51598711373904,0.28837794065475464,0.0,0.0,-0.9575164318084717,0.288237988948822,0.0,0.0,-0.9575585722923279,-0.014916455405943607
-78.38851607585063,183.39115380160004,0.0,7.532113712845653,0.28838956356048584,0.0,0.0,-0.9575129747390747,0.2882470488548279,0.0,0.0,-0.9575558304786682,-0.3654933280711095
-79.67627039645613,185.3348154034784,0.0,7.547794417465827,0.2884012758731842,0.0,0.0,-0.9575093984603882,0.2882561981678009,0.0,0.0,-0.9575530886650085,-0.01570841018474034
-80.96665770384352,187.28234061108012,0.0,7.563060011414377,0.28841307759284973,0.0,0.0,-0.9575058221817017,0.2882654666900635,0.0,0.0,-0.9575502872467041,-0.36626431766447065
-82.25961472255835,189.23363335217476,0.0,7.577941278506126,0.2884249687194824,0.0,0.0,-0.9575022459030151,0.2882750332355499,0.0,0.0,-0.9575473666191101,-0.01645998933078824
-83.55508344892812,191.18860553210948,0.0,7.5924690025559,0.2884368896484375,0.0,0.0,-0.9574986100196838,0.2882847487926483,0.0,0.0,-0.9575444459915161,-0.36699804110132794
-84.85301115080516,193.14717703123287,0.0,7.6066739673785095,0.28844889998435974,0.0,0.0,-0.9574950337409973,0.2882944643497467,0.0,0.0,-0.9575415253639221,-0.017177411796576558
-86.15335036743336,195.10927570249603,0.0,7.620586956788779,0.28846099972724915,0.0,0.0,-0.957491397857666,0.2883044183254242,0.0,0.0,-0.9575385451316833,-0.36770071733416987
-87.45605890944078,197.07483736923362,0.0,7.634238754601533,0.28847312927246094,0.0,0.0,-0.9574877619743347,0.2883145809173584,0.0,0.0,-0.957535445690155,-0.017866896534594445
-88.76109985895951,199.04380582312845,0.0,7.647660144631586,0.2884853482246399,0.0,0.0,-0.9574841260910034,0.28832483291625977,0.0,0.0,-0.9575323462486267,-0.36837856531548563
-90.06844156987484,201.0161328223631,0.0,7.660881910693764,0.2884976267814636,0.0,0.0,-0.9574804306030273,0.28833502531051636,0.0,0.0,-0.9575292468070984,-0.01853466249733071
-91.37805766820472,202.99177808996046,0.0,7.673934836602882,0.28850987553596497,0.0,0.0,-0.9574767351150513,0.2883455157279968,0.0,0.0,-0.9575260877609253,-0.36903780399776437
-92.68992705261184,204.970709312317,0.0,7.686849706173769,0.28852221369743347,0.0,0.0,-0.9574729800224304,0.28835612535476685,0.0,0.0,-0.9575229287147522,-0.019186928637274447
-94.00403389504902,206.95290213793112,0.0,7.699657303221231,0.288534551858902,0.0,0.0,-0.9574692845344543,0.2883667051792145,0.0,0.0,-0.9575197100639343,-0.3696846523334948
-95.32036764154017,208.93834017632923,0.0,7.712388411560107,0.28854697942733765,0.0,0.0,-0.9574655294418335,0.2883775234222412,0.0,0.0,-0.9575164318084717,-0.01982991390691463
-96.63892301309751,210.92701499719138,0.0,7.7250738150052,0.2885594367980957,0.0,0.0,-0.9574617743492126,0.2883884310722351,0.0,0.0,-0.957513153553009,-0.37032532927516615
-97.95970000677742,212.9189261296808,0.0,7.737744297371345,0.28857192397117615,0.0,0.0,-0.957457959651947,0.2883993983268738,0.0,0.0,-0.9575098752975464,-0.02046983725874013
-99.28270389687563,214.9140810619775,0.0,7.7504306424733524,0.2885843813419342,0.0,0.0,-0.9574542045593262,0.2884105145931244,0.0,0.0,-0.957506537437439,-0.3709660537752676
-100.60794523626399,216.9124952410198,0.0,7.7631636341260455,0.28859683871269226,0.0,0.0,-0.9574504494667053,0.2884216904640198,0.0,0.0,-0.9575031399726868,-0.02111291764523976
-101.93543985786977,218.914192072456,0.0,7.775974056144247,0.28860926628112793,0.0,0.0,-0.9574466943740845,0.28843292593955994,0.0,0.0,-0.9574997425079346,-0.37161304478628787
-103.2652088762994,220.91920292080826,0.0,7.788892692342777,0.2886216938495636,0.0,0.0,-0.9574429988861084,0.2884441614151001,0.0,0.0,-0.9574964046478271,-0.021765374018902828
-104.59727868960869,222.92756710985122,0.0,7.8019503265364545,0.2886340320110321,0.0,0.0,-0.9574393033981323,0.2884555757045746,0.0,0.0,-0.957493007183075,-0.3722725212607161
-105.93168098122062,224.93933192320836,0.0,7.815177742540102,0.28864625096321106,0.0,0.0,-0.9574356079101562,0.2884669601917267,0.0,0.0,-0.957489550113678,-0.02243342533221837
-107.2684527219927,226.95455260516738,0.0,7.828605724168537,0.2886582314968109,0.0,0.0,-0.957431972026825,0.2884784936904907,0.0,0.0,-0.9574860334396362,-0.3729507021510411
-108.60763617243653,228.97329236171944,0.0,7.842265055236581,0.2886699438095093,0.0,0.0,-0.9574283957481384,0.2884899973869324,0.0,0.0,-0.9574825763702393,-0.02312329053767509
-109.94927888509058,230.9956223618225,0.0,7.856186519559057,0.2886813282966614,0.0,0.0,-0.9574249386787415,0.2885016202926636,0.0,0.0,-0.9574790596961975,-0.37365380640975204
-111.29343370704913,233.02162173889343,0.0,7.870400900950784,0.2886923551559448,0.0,0.0,-0.957421600818634,0.28851327300071716,0.0,0.0,-0.9574755430221558,-0.023841188587762296
-112.6401587826492,235.05137759253125,0.0,7.884938983226578,0.28870293498039246,0.0,0.0,-0.9574184417724609,0.28852495551109314,0.0,0.0,-0.957472026348114,-0.37438805298933764
-113.98951755631828,237.08498499047462,0.0,7.899831550201269,0.28871285915374756,0.0,0.0,-0.9574154615402222,0.2885366976261139,0.0,0.0,-0.9574685096740723,-0.02459333843496886
-115.34157877459344,239.12254696930228,0.0,7.915109379884471,0.28872206807136536,0.0,0.0,-0.9574127197265625,0.28854840993881226,0.0,0.0,-0.9574649930000305,-0.3751596605490953
-116.69641383821912,241.16417054203137,0.0,7.930787732244312,0.2887304425239563,0.0,0.0,-0.9574102163314819,0.288560152053833,0.0,0.0,-0.9574614763259888,-0.02538517441273863
-118.05408839067955,243.20995402264415,0.0,7.946832620619423,0.28873783349990845,0.0,0.0,-0.9574080109596252,0.2885720729827881,0.0,0.0,-0.9574579000473022,-0.3759700084468282
-119.41466065215073,245.25998451834684,0.0,7.96320031178611,0.2887440323829651,0.0,0.0,-0.9574061632156372,0.28858402371406555,0.0,0.0,-0.9574543237686157,-0.026211825481763207
-120.77818141793033,247.31433793051775,0.0,7.979847072520684,0.28874894976615906,0.0,0.0,-0.9574047327041626,0.28859588503837585,0.0,0.0,-0.9574507474899292,-0.3768107539384733
-122.1446906845859,249.37307895535392,0.0,7.996729169599438,0.28875231742858887,0.0,0.0,-0.9574037194252014,0.28860774636268616,0.0,0.0,-0.9574471712112427,-0.02706445664735685
-123.51420848115764,251.43626108421083,0.0,8.013802869798688,0.28875407576560974,0.0,0.0,-0.9574031829833984,0.2886192202568054,0.0,0.0,-0.9574437141418457,-0.3776730620293446
-124.88674430722287,253.50392660362996,0.0,8.031024439894736,0.2887539565563202,0.0,0.0,-0.9574032425880432,0.28863024711608887,0.0,0.0,-0.9574403762817383,-0.02793423291483399
-126.26229998361693,255.57610659505139,0.0,8.048350146663884,0.28875190019607544,0.0,0.0,-0.9574038982391357,0.2886406183242798,0.0,0.0,-0.95743727684021,-0.37854809772475606
-127.64086964736873,257.65282093420416,0.0,8.065736256882442,0.28874775767326355,0.0,0.0,-0.9574050903320312,0.2886504530906677,0.0,0.0,-0.9574342966079712,-0.02881231928950867
-129.0224397479449,259.7340782901718,0.0,8.083139037326706,0.28874140977859497,0.0,0.0,-0.9574069380760193,0.2886594831943512,0.0,0.0,-0.9574316143989563,-0.37942702603002193
-130.40698904482267,261.81987612412667,0.0,8.100514754772995,0.2887328267097473,0.0,0.0,-0.9574095010757446,0.2886676490306854,0.0,0.0,-0.9574291706085205,-0.029689880776694932
-131.7944886064118,263.9102006877284,0.0,8.117819675997604,0.28872179985046387,0.0,0.0,-0.957412838935852,0.2886745035648346,0.0,0.0,-0.9574270844459534,-0.38030101195045674
-133.18490181034605,266.00502702118183,0.0,8.135010067776838,0.28870832920074463,0.0,0.0,-0.9574168920516968,0.2886803150177002,0.0,0.0,-0.9574253559112549,-0.030558082381706764
-134.57818434516466,268.10431895095036,0.0,8.152042196887008,0.28869229555130005,0.0,0.0,-0.9574217200279236,0.2886848449707031,0.0,0.0,-0.957423985004425,-0.3811612204913744
-135.97428421340396,270.20802908711846,0.0,8.168872330104412,0.28867366909980774,0.0,0.0,-0.9574273824691772,0.28868788480758667,0.0,0.0,-0.9574230313301086,-0.031408089109858484
-137.37314173611855,272.31609882039936,0.0,8.18545673420536,0.2886524200439453,0.0,0.0,-0.9574337601661682,0.28868964314460754,0.0,0.0,-0.9574224948883057,-0.38199881665808894
-138.7746895588519,274.42845831878606,0.0,8.20175167596616,0.28862836956977844,0.0,0.0,-0.957440972328186,0.28868988156318665,0.0,0.0,-0.9574224352836609,-0.03223106596646458
-140.17885265907478,276.54502652383644,0.0,8.21771342216311,0.28860148787498474,0.0,0.0,-0.9574490785598755,0.2886884808540344,0.0,0.0,-0.9574228525161743,-0.3828049654559147
-141.58554835510833,278.66571114659445,0.0,8.233298239572518,0.2885718047618866,0.0,0.0,-0.9574580192565918,0.2886854112148285,0.0,0.0,-0.957423746585846,-0.0330181779568387
-142.99468631655031,280.7904086631396,0.0,8.248462394970689,0.28853917121887207,0.0,0.0,-0.9574678540229797,0.2886805832386017,0.0,0.0,-0.9574252367019653,-0.3835708318901658
-144.4061685762183,282.91900430976403,0.0,8.26316215513393,0.28850361704826355,0.0,0.0,-0.9574785232543945,0.28867387771606445,0.0,0.0,-0.9574272632598877,-0.03376059008629528
-145.8198895436245,285.05137207777335,0.0,8.27735378683854,0.28846508264541626,0.0,0.0,-0.957490086555481,0.28866490721702576,0.0,0.0,-0.9574300050735474,-0.3842875809661563
-147.2357360199956,287.18737470790927,0.0,8.290993556860833,0.2884235382080078,0.0,0.0,-0.9575026035308838,0.2886542081832886,0.0,0.0,-0.9574332237243652,-0.03444946736014842
-148.6535872148474,289.32686368439204,0.0,8.304037731977111,0.28837892413139343,0.0,0.0,-0.957516074180603,0.2886416018009186,0.0,0.0,-0.9574370384216309,-0.38494637768920065
-150.07331476412392,291.4696792285825,0.0,8.316442578963672,0.28833121061325073,0.0,0.0,-0.9575304388999939,0.2886267900466919,0.0,0.0,-0.9574414491653442,-0.03507597478371205
-151.49478274990815,293.6156502922605,0.0,8.328164364596832,0.2882804274559021,0.0,0.0,-0.9575456976890564,0.2886097729206085,0.0,0.0,-0.9574465751647949,-0.3855383870646128
-152.91784772170922,295.7645945505229,0.0,8.339159355652889,0.28822648525238037,0.0,0.0,-0.9575619697570801,0.2885904610157013,0.0,0.0,-0.9574523568153381,-0.03563127736230076
-154.342358719328,297.91631839429806,0.0,8.349383818908152,0.28816935420036316,0.0,0.0,-0.9575791358947754,0.2885688543319702,0.0,0.0,-0.9574589133262634,-0.3860547740977069
-155.7681572973017,300.07061692248203,0.0,8.35879402113892,0.28810909390449524,0.0,0.0,-0.9575972557067871,0.28854504227638245,0.0,0.0,-0.9574660658836365,-0.036106540101228435
-157.19507755092468,302.2272739336937,0.0,8.367346229121505,0.2880457043647766,0.0,0.0,-0.9576163291931152,0.28851866722106934,0.0,0.0,-0.9574739933013916,-0.386486703793797
-158.62294614383893,304.38606191765575,0.0,8.374996709632207,0.2879791855812073,0.0,0.0,-0.957636296749115,0.28848978877067566,0.0,0.0,-0.957482635974884,-0.03649292800580933
-160.05158233718723,306.5467420462029,0.0,8.381701729447338,0.28790953755378723,0.0,0.0,-0.9576572775840759,0.28845828771591187,0.0,0.0,-0.9574921131134033,-0.3868253411581976
-161.4807980203151,308.70906416392097,0.0,8.387417555343195,0.28783684968948364,0.0,0.0,-0.9576790928840637,0.28842437267303467,0.0,0.0,-0.9575023055076599,-0.036781606081357665
-162.91039774300788,310.87276677842414,0.0,8.392100454096083,0.2877611517906189,0.0,0.0,-0.9577018618583679,0.2883879542350769,0.0,0.0,-0.9575132727622986,-0.3870618511962223
-164.34017874924342,313.03757705027454,0.0,8.395706692482317,0.287682443857193,0.0,0.0,-0.9577255249023438,0.2883486747741699,0.0,0.0,-0.9575250744819641,-0.03696373933318764
-165.76993101243755,315.20321078255256,0.0,8.398192537278192,0.2876007854938507,0.0,0.0,-0.9577500224113464,0.28830671310424805,0.0,0.0,-0.9575377106666565,-0.38718739891318565
-167.19943727215696,317.36937241008496,0.0,8.399514255260017,0.2875162661075592,0.0,0.0,-0.957775354385376,0.28826212882995605,0.0,0.0,-0.957551121711731,-0.03703049276661319
-168.62847307226755,319.5357549883407,0.0,8.3996281132041,0.28742894530296326,0.0,0.0,-0.9578015208244324,0.28821486234664917,0.0,0.0,-0.9575653672218323,-0.38719314931440196
-170.05680680048553,321.70204018200377,0.0,8.39849037788674,0.28733891248703003,0.0,0.0,-0.9578284621238708,0.28816473484039307,0.0,0.0,-0.9575804471969604,-0.03697303138694846
-171.48419972929068,323.86789825323547,0.0,8.396057316084246,0.2872462570667267,0.0,0.0,-0.9578562378883362,0.2881118357181549,0.0,0.0,-0.9575963616371155,-0.38707026740518513
-172.91037522084628,326.0329412248484,0.0,8.392103701809095,0.287151038646698,0.0,0.0,-0.9578847885131836,0.28805607557296753,0.0,0.0,-0.9576131105422974,-0.036773353898304495
-174.33485137658977,328.1964684454639,0.0,8.385418352822885,0.28705334663391113,0.0,0.0,-0.9579140543937683,0.2879975140094757,0.0,0.0,-0.9576306939125061,-0.3867326235169927
-175.75688492708804,330.3573804407691,0.0,8.374456873862623,0.286953330039978,0.0,0.0,-0.9579440355300903,0.28793618083000183,0.0,0.0,-0.9576491117477417,-0.03621974384980642
-177.17547180625428,332.5141786301992,0.0,8.35767460860639,0.2868509888648987,0.0,0.0,-0.9579746723175049,0.2878718674182892,0.0,0.0,-0.9576684236526489,-0.3858850343626375
-178.5893478161319,334.6649651004306,0.0,8.33352690073227,0.2867465019226074,0.0,0.0,-0.958005964756012,0.28780484199523926,0.0,0.0,-0.9576885104179382,-0.03500016264404282
-179.99698933394646,336.80744236961596,0.0,8.300469093918345,0.28663986921310425,0.0,0.0,-0.958037793636322,0.2877349853515625,0.0,0.0,-0.9577094316482544,-0.384215448159914
-181.39661405605858,338.93891314406477,0.0,8.256956531842695,0.2865312099456787,0.0,0.0,-0.9580702781677246,0.2876622974872589,0.0,0.0,-0.9577312469482422,-0.03280255849880798
-182.78618177180806,341.05628006955885,0.0,8.201444558183407,0.286420613527298,0.0,0.0,-0.9581032991409302,0.28758683800697327,0.0,0.0,-0.9577538967132568,-0.38141181312661665
-184.1633951584231,343.15604548001284,0.0,8.132388516618562,0.2863081395626068,0.0,0.0,-0.9581369161605835,0.2875085771083832,0.0,0.0,-0.9577773809432983,-0.02931487963189655
-185.52570058618844,345.2343111467534,0.0,8.048243750826243,0.2861938774585724,0.0,0.0,-0.9581710696220398,0.28742772340774536,0.0,0.0,-0.9578015804290771,-0.37716207748054
-186.87028892094548,347.2867780322878,0.0,7.94746560448453,0.2860778868198395,0.0,0.0,-0.9582056403160095,0.2873442769050598,0.0,0.0,-0.9578266143798828,-0.02422507426110293
-188.19409630875595,349.3087460530593,0.0,7.828509421271507,0.2859604060649872,0.0,0.0,-0.9582406878471375,0.2872582674026489,0.0,0.0,-0.9578523635864258,-0.37115418943947825
-189.49381008986197,351.2951217519406,0.0,7.6898611094897165,0.28584128618240356,0.0,0.0,-0.9582762122154236,0.287169873714447,0.0,0.0,-0.957878828048706,-0.01722263427212356
-190.76625276124648,353.2410044115637,0.0,7.532275996837679,0.28572046756744385,0.0,0.0,-0.9583122134208679,0.2870790958404541,0.0,0.0,-0.9579060077667236,-0.36319534536614306
-192.00902205808796,355.1426664770554,0.0,7.360303331566952,0.285597562789917,0.0,0.0,-0.9583488702774048,0.28698623180389404,0.0,0.0,-0.957933783531189,-0.008537146127137296
-193.2205498294526,356.9976475151061,0.0,7.1788532993315295,0.28547194600105286,0.0,0.0,-0.958386242389679,0.2868916988372803,0.0,0.0,-0.9579620361328125,-0.35403120232395
-194.40009983422635,358.8047549498348,0.0,6.992836085785396,0.28534257411956787,0.0,0.0,-0.9584247469902039,0.28679516911506653,0.0,0.0,-0.9579908847808838,0.0008576626378188901
-195.54776554616748,360.56406478314574,0.0,6.80716187658255,0.28520792722702026,0.0,0.0,-0.9584648013114929,0.2866969406604767,0.0,0.0,-0.9580202102661133,-0.34465371701067493
-196.66446799855316,362.27692229144225,0.0,6.626740857376976,0.28506600856781006,0.0,0.0,-0.9585070013999939,0.2865973114967346,0.0,0.0,-0.9580499529838562,0.00996983532496909
-197.75195368852988,363.94594269393247,0.0,6.456483213822667,0.284914493560791,0.0,0.0,-0.9585520029067993,0.28649619221687317,0.0,0.0,-0.9580801129341125,-0.33605484612409364
-198.81279254924192,365.57501179153815,0.0,6.301299131573616,0.2847503423690796,0.0,0.0,-0.9586006999015808,0.28639379143714905,0.0,0.0,-0.9581106901168823,0.017807415236537283
-199.85022568370462,367.16905557218513,0.0,6.165205384783354,0.28456997871398926,0.0,0.0,-0.9586542248725891,0.2862906754016876,0.0,0.0,-0.9581414461135864,-0.3291814245690299
-200.86737446260128,368.7328268154154,0.0,6.047524594987188,0.28436920046806335,0.0,0.0,-0.958713710308075,0.2861861288547516,0.0,0.0,-0.9581726789474487,0.023750889468666936
-201.86698261270112,370.27050765116064,0.0,5.946043058996699,0.2841431498527527,0.0,0.0,-0.9587805271148682,0.28608033061027527,0.0,0.0,-0.9582042098045349,-0.32405609446850014
-202.8514169612123,371.78570902907427,0.0,5.8585461939432415,0.28388655185699463,0.0,0.0,-0.9588563442230225,0.2859738767147064,0.0,0.0,-0.9582359194755554,0.02816992305722532
-203.8226683092224,373.2814704258123,0.0,5.782819416958156,0.2835930585861206,0.0,0.0,-0.9589428901672363,0.285866379737854,0.0,0.0,-0.9582679271697998,-0.32023150977228365
-204.78235229332046,374.76025955997886,0.0,5.71664814517279,0.28325575590133667,0.0,0.0,-0.9590421319007874,0.2857578694820404,0.0,0.0,-0.9583002328872681,0.0315119064807286
-205.73171024206775,376.2239721121806,0.0,5.657817795718496,0.2828670144081116,0.0,0.0,-0.9591562747955322,0.2856486439704895,0.0,0.0,-0.9583327174186707,-0.3172602800018648
-206.67161003303727,377.67393144803964,0.0,5.6041137857266135,0.2824181616306305,0.0,0.0,-0.9592877626419067,0.2855384945869446,0.0,0.0,-0.9583654999732971,0.034224230217692386
-207.60254695484252,379.11088834250563,0.0,5.553321532328495,0.2819000780582428,0.0,0.0,-0.9594390988349915,0.2854272425174713,0.0,0.0,-0.9583985805511475,-0.31469501467872746
-208.52464457695024,380.53502070438225,0.0,5.503226452655483,0.28130272030830383,0.0,0.0,-0.959613025188446,0.2853107154369354,0.0,0.0,-0.958433210849762,0.03675428474663239
-209.43757136810902,381.9460030782334,0.0,5.45155090862831,0.28061553835868835,0.0,0.0,-0.959812343120575,0.2851787209510803,0.0,0.0,-0.9584724307060242,-0.31208513871775917
-210.3401437547653,383.3431902106953,0.0,5.395398979149664,0.27982911467552185,0.0,0.0,-0.9600395560264587,0.28502100706100464,0.0,0.0,-0.9585191607475281,0.03959024078090745
-211.23055017067085,384.72519713890654,0.0,5.331524334215252,0.27893534302711487,0.0,0.0,-0.960296630859375,0.28482747077941895,0.0,0.0,-0.9585763812065125,-0.30885914654935454
-212.10648538768922,386.0897415690244,0.0,5.256676640752516,0.2779272198677063,0.0,0.0,-0.9605849981307983,0.2845897972583771,0.0,0.0,-0.9586464762687683,0.04337042731942953
-212.9651650941272,387.4336279495013,0.0,5.167605565688903,0.27679869532585144,0.0,0.0,-0.9609060287475586,0.28430041670799255,0.0,0.0,-0.9587315917015076,-0.30436060740472765
-213.80383367166047,388.75350083592804,0.0,5.06402392594851,0.275547057390213,0.0,0.0,-0.9612698554992676,0.2839531898498535,0.0,0.0,-0.9588333368301392,0.048601823265914
-214.62227680672765,390.0498092046211,0.0,4.96084159998232,0.274164617061615,0.0,0.0,-0.9616683721542358,0.2835426330566406,0.0,0.0,-0.9589532017707825,-0.29914937882057663
-215.42271241159514,391.32675704583215,0.0,4.87259013479809,0.2726452648639679,0.0,0.0,-0.962103009223938,0.2830638587474823,0.0,0.0,-0.9590924978256226,0.05305896797218826
-216.2073209957382,392.5884832549434,0.0,4.7990385556074395,0.2709816098213196,0.0,0.0,-0.9625751376152039,0.28251180052757263,0.0,0.0,-0.9592524170875549,-0.2954346525988266
-216.97781544438925,393.838392977837,0.0,4.737374684105886,0.2691643238067627,0.0,0.0,-0.9630866050720215,0.28188356757164,0.0,0.0,-0.9594335556030273,0.056173304916711186
-217.73544283552502,395.07915644758685,0.0,4.684786341988939,0.26718199253082275,0.0,0.0,-0.9636399149894714,0.28117644786834717,0.0,0.0,-0.9596424698829651,-0.29277867572423333
-218.48098972118015,396.31270375579334,0.0,4.638461350952112,0.26502081751823425,0.0,0.0,-0.9642375707626343,0.2803860902786255,0.0,0.0,-0.9598749876022339,0.05851295092867212
-219.21479070152913,397.5402159592631,0.0,4.5955879540189235,0.2626643478870392,0.0,0.0,-0.964883029460907,0.27950984239578247,0.0,0.0,-0.9601317048072815,-0.29061335264679955
-219.9367921620462,398.76220138456125,0.0,4.553684759181313,0.260093629360199,0.0,0.0,-0.9655799269676208,0.2785445749759674,0.0,0.0,-0.9604132771492004,0.06062927390026859
-220.6467092603648,399.97873128490596,0.0,4.511192655599857,0.25728639960289,0.0,0.0,-0.9663323760032654,0.2774887979030609,0.0,0.0,-0.960719883441925,-0.2884672868093523
-221.34405967254182,401.1894733367289,0.0,4.466712224805617,0.2542174458503723,0.0,0.0,-0.967144787311554,0.2763417959213257,0.0,0.0,-0.961051344871521,0.06287576030401812
-222.02817284073137,402.39368129569147,0.0,4.418844048329657,0.25085869431495667,0.0,0.0,-0.968021810054779,0.27510198950767517,0.0,0.0,-0.9614076614379883,-0.2860497021388493
-222.6982003360967,403.59018334634106,0.0,4.366188707703042,0.2471790313720703,0.0,0.0,-0.9689682126045227,0.2737690806388855,0.0,0.0,-0.9617887735366821,0.06553512094172595
-223.35312716917628,404.77736933796115,0.0,4.307346784456835,0.24314512312412262,0.0,0.0,-0.9699885845184326,0.27234163880348206,0.0,0.0,-0.9621946215629578,-0.2830778878334853
-223.99178383620426,405.95317714719005,0.0,4.240918860122098,0.23872144520282745,0.0,0.0,-0.9710869193077087,0.27080610394477844,0.0,0.0,-0.9626284837722778,0.06889006661519753
-224.6124254838574,407.1150784653547,0.0,4.165505516229895,0.23387262225151062,0.0,0.0,-0.9722663164138794,0.2691299319267273,0.0,0.0,-0.96309894323349,-0.27926913309145485
-225.2116931379072,408.2601930238499,0.0,4.080164303496963,0.2285708785057068,0.0,0.0,-0.9735265374183655,0.2672809362411499,0.0,0.0,-0.9636141061782837,0.07320022887443656
-225.78669432945642,409.38650103588805,0.0,3.9882685107850135,0.22279687225818634,0.0,0.0,-0.9748642444610596,0.26523205637931824,0.0,0.0,-0.964180588722229,-0.2746279314393362
-226.33572984043417,410.49354917064596,0.0,3.8955656706295883,0.21653929352760315,0.0,0.0,-0.9762732982635498,0.2629587650299072,0.0,0.0,-0.9648034572601318,0.07788219049844794
-226.85819771956415,411.5825101089967,0.0,3.8078279613502133,0.209793359041214,0.0,0.0,-0.9777451753616333,0.260439395904541,0.0,0.0,-0.9654869437217712,-0.270196734000984
-227.354450934958,412.6562371211468,0.0,3.7308275612664183,0.20255935192108154,0.0,0.0,-0.9792695641517639,0.2576528787612915,0.0,0.0,-0.9662346243858337,0.08177109959358914
-227.8256117449084,413.7193038840645,0.0,3.6702805780279437,0.19484016299247742,0.0,0.0,-0.9808346629142761,0.25457894802093506,0.0,0.0,-0.9670493006706238,-0.26713880555459635
-228.27294174776972,414.7770437134452,0.0,3.6284213025821335,0.18664033710956573,0.0,0.0,-0.9824280142784119,0.25119706988334656,0.0,0.0,-0.9679335355758667,0.08388520441408456
-228.69707101558356,415.83396762297605,0.0,3.6020184953801557,0.17796537280082703,0.0,0.0,-0.9840365052223206,0.2474864274263382,0.0,0.0,-0.968889057636261,-0.26580533044338533
-229.09795975760483,416.89359793917964,0.0,3.587362639813024,0.16882169246673584,0.0,0.0,-0.9856463670730591,0.24342603981494904,0.0,0.0,-0.9699172973632812,0.08462539913969724
-229.4749503653897,417.95843754984736,0.0,3.580744219271754,0.15921765565872192,0.0,0.0,-0.9872432351112366,0.2389947921037674,0.0,0.0,-0.9710188508033752,-0.2654710667796848
-229.82684504747107,419.02993703862467,0.0,3.5784537171473616,0.14916324615478516,0.0,0.0,-0.9888123273849487,0.23417320847511292,0.0,0.0,-0.9721931219100952,0.08474108106517161
-230.1520095465258,420.1084592752421,0.0,3.5767816168308575,0.1386711597442627,0.0,0.0,-0.9903382658958435,0.22894316911697388,0.0,0.0,-0.9734381437301636,-0.26538661726875024
-230.44850365146442,421.19324120326354,0.0,3.572018401713261,0.1277574598789215,0.0,0.0,-0.9918053150177002,0.22328968346118927,0.0,0.0,-0.9747506380081177,0.08498164748525222
-230.71428082565964,422.28235280489605,0.0,3.5604545551855833,0.116442009806633,0.0,0.0,-0.9931973218917847,0.2172035276889801,0.0,0.0,-0.9761250019073486,-0.2648025846158372
-230.9474206101665,423.3726535244907,0.0,3.538380560638842,-0.104747474193573,0.0,0.0,0.9944987297058105,0.21067972481250763,0.0,0.0,-0.9775539040565491,0.08609649569468358
-231.14626788922834,424.45988884075973,0.0,3.5025428046527316,-0.09270406514406204,0.0,0.0,0.9956936240196228,0.2037184089422226,0.0,0.0,-0.9790283441543579,-0.26299259693977106
-231.30979062250816,425.5399652290572,0.0,3.453880455594183,-0.08034305274486542,0.0,0.0,0.9967672228813171,0.19632528722286224,0.0,0.0,-0.9805377125740051,0.08855419009158
-231.43764686466994,426.6096722593477,0.0,3.3955906334414805,-0.06769808381795883,0.0,0.0,0.9977058172225952,0.18850965797901154,0.0,0.0,-0.9820703268051147,-0.2600486665280184
-231.53005318085093,427.66672564161456,0.0,3.3308922887125973,-0.05480286478996277,0.0,0.0,0.9984971880912781,0.18028776347637177,0.0,0.0,-0.9836129546165466,0.09182178325970541
-231.58764168256647,428.7097898339668,0.0,3.2630043719255015,-0.041689660400152206,0.0,0.0,0.9991306066513062,0.17168988287448883,0.0,0.0,-0.9851502180099487,-0.25661998386200346
-231.61168539704815,429.7376642992032,0.0,3.1951458335981693,-0.028385505080223083,0.0,0.0,0.9995970129966736,-0.16275358200073242,0.0,0.0,0.9866659641265869,0.09524898216512623
-231.60407880120596,430.7489190090551,0.0,3.130310848376619,-0.014909668825566769,0.0,0.0,0.9998887777328491,-0.15351128578186035,0.0,0.0,0.988146185874939,-0.25334548965889486
-231.56660457193558,431.7425908840872,0.0,3.06944814925524,-0.001274661161005497,0.0,0.0,0.9999991655349731,-0.14398960769176483,0.0,0.0,0.9895785450935364,0.09832285585812517
-231.50086652635974,432.7179187593641,0.0,3.0124143025856056,0.012513406574726105,0.0,0.0,0.9999217391014099,-0.13421057164669037,0.0,0.0,0.9909522533416748,-0.25046499235234765
-231.40830291922634,433.67430463884443,0.0,2.9590556180397463,0.026453280821442604,0.0,0.0,0.9996501207351685,-0.12419312447309494,0.0,0.0,0.9922575354576111,0.10101773891599683
-231.29019914840194,434.6112824798824,0.0,2.9092184052896926,0.040547870099544525,0.0,0.0,0.9991776943206787,-0.11395179480314255,0.0,0.0,0.9934857487678528,-0.24794796140537523
-231.1476997873966,435.5284907693727,0.0,2.8627489740074727,0.054803766310214996,0.0,0.0,0.9984971880912781,-0.10349664837121964,0.0,0.0,0.9946293234825134,0.1033646798898463
-230.98181999159056,436.4256484932901,0.0,2.8194936338651173,0.06922953575849533,0.0,0.0,0.997600793838501,-0.09283585101366043,0.0,0.0,0.9956809878349304,-0.24576334826687243
-230.793456323719,437.3025341467181,0.0,2.7792986945346545,0.08383523672819138,0.0,0.0,0.9964796900749207,-0.08197574317455292,0.0,0.0,0.9966339468955994,0.10539472733077879
-230.58339704292558,438.1589674725197,0.0,2.7420104656881144,0.09863148629665375,0.0,0.0,0.9951240420341492,-0.07091892510652542,0.0,0.0,0.9974817633628845,-0.24388010438573407
-230.35233190031133,438.9947936539426,0.0,2.7074752569975256,0.11362824589014053,0.0,0.0,0.9935232996940613,-0.05966604873538017,0.0,0.0,0.9982181191444397,0.10713892978989947
-230.10086148240774,439.809869719976,0.0,2.675539378134918,0.12883397936820984,0.0,0.0,0.9916661381721497,-0.048215221613645554,0.0,0.0,0.9988366961479187,-0.24226718121085494
-229.8295061423902,440.6040529525066,0.0,2.646049138772323,0.14425498247146606,0.0,0.0,0.9895405173301697,-0.03656376153230667,0.0,0.0,0.9993310570716858,0.10862833581831338
-229.53871455713886,441.3771911114872,0.0,2.618850848581767,0.15989385545253754,0.0,0.0,0.9871340990066528,-0.024707531556487083,0.0,0.0,0.9996944665908813,-0.24089353019112988
-229.2288719464477,442.1291143187125,0.0,2.5937908172352833,0.17574945092201233,0.0,0.0,0.9844348430633545,-0.012639171443879604,0.0,0.0,0.9999198913574219,0.10989399396712568
-228.9003079887922,442.8596284625721,0.0,2.5707153544048964,0.191816508769989,0.0,0.0,0.9814307689666748,-0.00035161804407835007,0.0,0.0,0.9999997615814209,-0.23972810277545378
-228.55330446609767,443.56851000555434,0.0,2.5494707697626398,0.20808382332324982,0.0,0.0,0.9781109094619751,0.012163409031927586,0.0,0.0,0.9999257922172546,0.11096695278744168
-228.18810266790484,444.2555020934441,0.0,2.529903372980541,0.224534809589386,0.0,0.0,0.9744659066200256,0.024915345013141632,0.0,0.0,0.9996893405914307,-0.23873985041272153
-227.80491058321837,444.9203118802755,0.0,2.51185947373063,0.24114757776260376,0.0,0.0,0.9704883694648743,0.037914879620075226,0.0,0.0,0.9992807507514954,0.11187826083036648
-227.40390990614878,445.56260899628967,0.0,2.4951853816849368,0.2578935921192169,0.0,0.0,0.9661731123924255,0.051172323524951935,0.0,0.0,0.9986896514892578,-0.23789772455182792
-226.9852628792193,446.18202509752746,0.0,2.4797274065154906,0.274738609790802,0.0,0.0,0.9615186452865601,0.06469778716564178,0.0,0.0,0.9979047179222107,0.11265896664700517
-226.54911899592057,446.7781544453707,0.0,2.465331857894319,0.29164278507232666,0.0,0.0,0.9565269947052002,0.07850184291601181,0.0,0.0,0.9969137907028198,-0.23717067664166774
-226.09562158174822,447.35055547241575,0.0,2.451845045493454,0.30856096744537354,0.0,0.0,0.9512042999267578,0.0925944596529007,0.0,0.0,0.9957036972045898,0.11334011878846299
-225.6249142705604,447.89875329759866,0.0,2.4391132789849257,0.3254430890083313,0.0,0.0,0.9455614686012268,0.10698330402374268,0.0,0.0,0.9942606091499329,-0.236527658131136
-225.13714739064935,448.4222431585681,0.0,2.4269828680407595,0.34223538637161255,0.0,0.0,0.9396140575408936,0.1216668114066124,0.0,0.0,0.9925707578659058,0.11395276580584511
-224.63250000462625,448.9205152224037,0.0,2.4153001223329893,0.3588804304599762,0.0,0.0,0.9333833456039429,0.13661615550518036,0.0,0.0,0.990623950958252,-0.2359376204691274
-224.11159571672465,449.39359318747483,0.0,2.4039113515336417,0.3753241002559662,0.0,0.0,0.926893413066864,0.15178386867046356,0.0,0.0,0.9884135127067566,0.1145279562502566
-223.57553422062153,449.8420733488314,0.0,2.3926628653147475,0.3915198743343353,0.0,0.0,0.9201695322990417,0.1671232283115387,0.0,0.0,0.9859358072280884,-0.23536951510453677
-223.02544494760386,450.2665421404298,0.0,2.3814009733483363,0.4074288308620453,0.0,0.0,0.9132367968559265,0.18258978426456451,0.0,0.0,0.9831889867782593,0.11509673867280261
-222.4624687114042,450.6675519548359,0.0,2.369971985306436,0.4230184853076935,0.0,0.0,0.9061208963394165,0.19813929498195648,0.0,0.0,0.9801737666130066,-0.23479229348625896
-221.88776213299965,451.0456282305422,0.0,2.3582238203663968,0.4382631778717041,0.0,0.0,0.8988465666770935,0.21373100578784943,0.0,0.0,0.9768924117088318,0.11569008033644095
-221.30248015625142,451.4012883399585,0.0,2.346089123898198,0.453143835067749,0.0,0.0,0.8914373517036438,0.22932523488998413,0.0,0.0,0.9733496904373169,-0.23417943002826913
-220.70774471740637,451.7350613906086,0.0,2.3336254746642364,0.4676457941532135,0.0,0.0,0.8839157819747925,0.24488840997219086,0.0,0.0,0.969551146030426,0.11631955757047942
-220.10463958587562,452.04748663791827,0.0,2.3209004845120846,0.4817602336406708,0.0,0.0,0.87630295753479,0.26038509607315063,0.0,0.0,0.9655047059059143,-0.23353675375795843
-219.49420797321588,452.33911031983826,0.0,2.307981765289315,0.49548178911209106,0.0,0.0,0.8686182498931885,0.2757851779460907,0.0,0.0,0.9612191915512085,0.11697201813728597
-218.8774505475604,452.61048265418714,0.0,2.2949369288434998,0.5088086724281311,0.0,0.0,0.8608794808387756,0.2910611927509308,0.0,0.0,0.9567043781280518,-0.23287792363443244
-218.2553238410348,452.8621549961807,0.0,2.281833587022211,0.5217427611351013,0.0,0.0,0.8531026840209961,0.3061906397342682,0.0,0.0,0.9519702196121216,0.1176338030777551
-217.6287390370589,453.09467715294824,0.0,2.268739351673021,0.5342879891395569,0.0,0.0,0.8453023433685303,0.32114937901496887,0.0,0.0,0.9470285177230835,-0.23221659861679655
-216.99856112403702,453.30859485123506,0.0,2.255721834643503,0.5464507937431335,0.0,0.0,0.8374910354614258,0.33591926097869873,0.0,0.0,0.9418907761573792,0.11829125343278125
-216.3656084017503,453.5044473539635,0.0,2.2428486477812273,0.5582386255264282,0.0,0.0,0.829680323600769,0.3504854738712311,0.0,0.0,0.9365682005882263,-0.23156643766415635
-215.73065232679224,453.6827652208635,0.0,2.2301874029337676,0.5696605443954468,0.0,0.0,0.8218799829483032,0.3648316264152527,0.0,0.0,0.9310735464096069,0.118930710243259
-215.09441768361646,453.8440682079803,0.0,2.2178057119486962,0.5807268619537354,0.0,0.0,0.8140983581542969,0.378947913646698,0.0,0.0,0.9254179000854492,-0.23094109973561738
-214.45758306820142,453.9888633005318,0.0,2.2057711866735836,0.5914480090141296,0.0,0.0,0.8063430786132812,0.3928242027759552,0.0,0.0,0.9196135997772217,0.11953851455008287
-213.8207816719576,454.1176428733142,0.0,2.1941514389560046,0.6018338203430176,0.0,0.0,0.7986211776733398,0.4064561724662781,0.0,0.0,0.9136703014373779,-0.23035424379028513
-213.18460235431854,454.2308829726316,0.0,2.183014080643529,0.6118950247764587,0.0,0.0,0.7909389138221741,0.41983485221862793,0.0,0.0,0.9076005220413208,0.1201010073941473
-212.54959099345356,454.32904171356927,0.0,2.1724267235837305,0.6216416358947754,0.0,0.0,0.7833017706871033,0.43295949697494507,0.0,0.0,0.9014134407043457,-0.229819528787265
-211.91625210571982,454.4125577863242,0.0,2.1624569796241815,0.6310825943946838,0.0,0.0,0.7757155895233154,0.4458267390727997,0.0,0.0,0.895119309425354,0.12060452981634674
-211.28505072582067,454.4818490652553,0.0,2.153172460612454,0.6402266621589661,0.0,0.0,0.7681859731674194,0.45843783020973206,0.0,0.0,0.8887265920639038,-0.22935061368566262
-210.65637224109054,454.53731591179087,0.0,2.1446407783961194,0.6490817666053772,0.0,0.0,0.7607185244560242,0.4707924425601959,0.0,0.0,0.8822439908981323,0.12103542285757578
-210.03018438150758,454.5793769670631,0.0,2.136929496919684,0.6576547026634216,0.0,0.0,0.7533193826675415,0.48289015889167786,0.0,0.0,0.8756809234619141,-0.22896115502523656
-209.4062318180828,454.608447537915,0.0,2.1300887140991582,0.665952205657959,0.0,0.0,0.7459942102432251,0.49473175406455994,0.0,0.0,0.8690458536148071,0.1213809169394205
-208.7842556774357,454.62491668738846,0.0,2.124125149230578,0.6739804148674011,0.0,0.0,0.7387489676475525,0.506317138671875,0.0,0.0,0.8623474836349487,-0.22865996488035878
-208.16399743904475,454.6291481010086,0.0,2.11903890170983,0.6817459464073181,0.0,0.0,0.7315887808799744,0.5176477432250977,0.0,0.0,0.8555939197540283,0.12163779812733706
-207.54519893351832,454.6214813185653,0.0,2.114830070932803,0.6892545223236084,0.0,0.0,0.7245190739631653,0.5287233591079712,0.0,0.0,0.8487942814826965,-0.2284473976693978
-206.9276023412483,454.60223292972876,0.0,2.1114987562953837,0.69651198387146,0.0,0.0,0.7175449728965759,0.5395442247390747,0.0,0.0,0.8419573307037354,0.12180604634134813
-206.31095019144576,454.5716977366428,0.0,2.109045057193462,0.7035239338874817,0.0,0.0,0.7106714248657227,0.550113320350647,0.0,0.0,0.835090160369873,-0.22832347347233106
-205.69498536156354,454.53014988662017,0.0,2.107469073022923,0.7102966904640198,0.0,0.0,0.7039022445678711,0.5604307651519775,0.0,0.0,0.8282013535499573,0.12188564150147638
-205.07945107710617,454.4778439780418,0.0,2.106770903179655,0.7168356776237488,0.0,0.0,0.697242021560669,0.5704977512359619,0.0,0.0,0.8212992548942566,-0.2282882123691357
-204.46409091182989,454.41501614255066,0.0,2.106950647059547,0.7231463193893433,0.0,0.0,0.6906948685646057,0.5803147554397583,0.0,0.0,0.8143924474716187,0.12187656352774444
-203.84864878833426,454.3418851066242,0.0,2.1080084040584857,0.7292337417602539,0.0,0.0,0.6842646598815918,0.5898861289024353,0.0,0.0,0.8074865937232971,-0.22834163443978917
-203.23286897904777,454.258653235604,0.0,2.1099442735723595,0.7351034283638,0.0,0.0,0.6779548525810242,0.5992128849029541,0.0,0.0,0.8005898594856262,0.12177879234017505
-202.61649610760998,454.165507563268,0.0,2.1127583549970548,0.7407600283622742,0.0,0.0,0.6717695593833923,0.6082967519760132,0.0,0.0,0.7937098741531372,-0.2284837597642687
-201.99927515065167,454.0626208100313,0.0,2.1164507477284604,0.7462093830108643,0.0,0.0,0.665710985660553,0.6171413064002991,0.0,0.0,0.7868524789810181,0.12159230785879092
-201.38095143997464,453.95015239288284,0.0,2.121021551162464,0.7514557242393494,0.0,0.0,0.6597831845283508,0.6257488131523132,0.0,0.0,0.7800247669219971,-0.2287146084225517
-200.7612706651344,453.8282494301765,0.0,2.126470864694953,0.7565044164657593,0.0,0.0,0.6539883613586426,0.6341221332550049,0.0,0.0,0.7732329368591309,0.1213170900036147
-200.13997887642728,453.6970477444202,0.0,2.132798787721816,0.7613600492477417,0.0,0.0,0.6483291983604431,0.6422631740570068,0.0,0.0,0.766484260559082,-0.22903420049461548
-199.51682248828357,453.5566728662374,0.0,2.1400054196389386,0.7660270929336548,0.0,0.0,0.6428082585334778,0.6501749753952026,0.0,0.0,0.7597844004631042,0.12095311869466908
-198.89154828306994,453.40724104270436,0.0,2.1480908598422106,0.7705098390579224,0.0,0.0,0.6374281048774719,0.6578599214553833,0.0,0.0,0.7531402707099915,-0.22944255606043729
-198.26390341530222,453.2488602533087,0.0,2.1570552077275194,0.7748129367828369,0.0,0.0,0.6321905255317688,0.6653241515159607,0.0,0.0,0.7465546131134033,0.12050037385197672
-197.6336354162717,453.08163123681584,0.0,2.166898562690752,0.7789404988288879,0.0,0.0,0.6270977854728699,0.6725682616233826,0.0,0.0,0.7400349974632263,-0.2299396951999945
-197.00049219908578,452.9056485323829,0.0,2.177621024127796,0.7828967571258545,0.0,0.0,0.6221515536308289,0.679596483707428,0.0,0.0,0.7335860729217529,0.11995883539556036
-196.36422206412746,452.7210015383073,0.0,2.189222691434541,0.7866861820220947,0.0,0.0,0.6173529624938965,0.6864119172096252,0.0,0.0,0.7272127866744995,-0.23052563799326445
-195.7245737049338,452.52777559186336,0.0,2.201703664006872,0.790312647819519,0.0,0.0,0.6127036809921265,0.6930185556411743,0.0,0.0,0.720919668674469,0.11932848324544264
-195.0812962144961,452.32605307374087,0.0,2.2150640412406783,0.7937807440757751,0.0,0.0,0.6082038879394531,0.6994194388389587,0.0,0.0,0.7147113084793091,-0.23120040452022436
-194.43413909198577,452.1159145406691,0.0,2.2293039225318485,0.7970947027206421,0.0,0.0,0.603854238986969,0.7056170701980591,0.0,0.0,0.7085933089256287,0.11860929732164617
-193.78285224990628,451.89743988988766,0.0,2.2444234072762685,0.8002591133117676,0.0,0.0,0.5996542572975159,0.7116168141365051,0.0,0.0,0.7025676965713501,-0.23196401486085166
-193.1271860216747,451.67070955920235,0.0,2.2604225948698256,0.8032782673835754,0.0,0.0,0.5956037044525146,0.7174208760261536,0.0,0.0,0.6966399550437927,0.11780125754419381
-192.4668911696356,451.43580576645064,0.0,2.2773015847084097,0.806156575679779,0.0,0.0,0.5917020440101624,0.7230319380760193,0.0,0.0,0.6908144950866699,-0.2328164890951236
-191.80171889350848,451.19281379229426,0.0,2.295060476187908,0.8088985681533813,0.0,0.0,0.5879480242729187,0.7284539341926575,0.0,0.0,0.6850945949554443,0.11690434383310803
-191.13142083927355,450.9418233103481,0.0,2.313699368704207,0.8115088939666748,0.0,0.0,0.58433997631073,0.7336902022361755,0.0,0.0,0.679483950138092,-0.23375784730301746
-190.45574910849666,450.68292976875836,0.0,2.3332183616531954,0.8139922022819519,0.0,0.0,0.580875813961029,0.7387441396713257,0.0,0.0,0.6739858984947205,0.11591853610841163
-189.77445626809723,450.416235827449,0.0,2.3536175544307603,0.8163530230522156,0.0,0.0,0.5775532722473145,0.7436176538467407,0.0,0.0,0.6686049699783325,-0.23478810956451063
-189.08729536056074,450.141852855366,0.0,2.3748970464327903,0.8185963034629822,0.0,0.0,0.5743691921234131,0.7483148574829102,0.0,0.0,0.6633437275886536,0.11484381429012727
-188.39401991460122,449.8599024921654,0.0,2.397056937055172,0.8207271099090576,0.0,0.0,0.5713202357292175,0.7528378963470459,0.0,0.0,0.658206045627594,-0.2359072959595804
-187.69438395627367,449.5705182789165,0.0,2.420097325693794,0.8227503895759583,0.0,0.0,0.5684026479721069,0.7571893930435181,0.0,0.0,0.6531954407691956,0.1136801582982777
-186.98814202054163,449.27384736251145,0.0,2.444018311744544,0.824670672416687,0.0,0.0,0.56561279296875,0.7613720297813416,0.0,0.0,0.6483151316642761,-0.23711542656820417
-186.27504916330184,448.97003816398706,0.0,2.46881999460331,0.8264933824539185,0.0,0.0,0.562946081161499,0.7653940320014954,0.0,0.0,0.6435619592666626,0.11242754805288549
-185.5548609738705,448.6591052590199,0.0,2.4945024736659778,0.8282230496406555,0.0,0.0,0.5603983402252197,0.7692607641220093,0.0,0.0,0.6389349102973938,-0.23841252147035913
-184.82733358793286,448.3409807961614,0.0,2.5210658483284374,0.8298636674880981,0.0,0.0,0.5579658150672913,0.7729789614677429,0.0,0.0,0.6344315409660339,0.1110859634739734
-184.0922237009603,448.01559957433324,0.0,2.5485102179865757,0.8314191699028015,0.0,0.0,0.5556453466415405,0.7765544056892395,0.0,0.0,0.6300500631332397,-0.23979860074602266
-183.34928881325587,447.68290104481787,0.0,2.57683488009459,0.8328922986984253,0.0,0.0,0.5534346699714661,0.7799913883209229,0.0,0.0,0.6257900595664978,0.10965542498366965
-182.5982971768528,447.34283461219485,0.0,2.6060046553067853,0.8342860341072083,0.0,0.0,0.5513314604759216,0.7832967042922974,0.0,0.0,0.621647834777832,-0.24127182171633557
-181.83904126186542,446.9953668744752,0.0,2.6359375683454815,0.8356024026870728,0.0,0.0,0.5493344068527222,0.7864738702774048,0.0,0.0,0.6176233291625977,0.108143661698887
-181.07133867462196,446.6404834111566,0.0,2.666548305850394,0.8368431925773621,0.0,0.0,0.5474423170089722,0.7895280122756958,0.0,0.0,0.6137140989303589,-0.24281781856001802
-180.29503211090113,446.2781901115791,0.0,2.6977515544612456,0.8380100131034851,0.0,0.0,0.5456543564796448,0.7924631834030151,0.0,0.0,0.6099193692207336,0.10656774005187433
-179.50998930723713,445.90851446237474,0.0,2.7294620008177564,0.8391042351722717,0.0,0.0,0.5439701676368713,0.7952829003334045,0.0,0.0,0.6062383055686951,-0.24441935625479133
-178.7161029901924,445.53150678839046,0.0,2.7615943315596443,0.8401269912719727,0.0,0.0,0.5423892140388489,0.7979909181594849,0.0,0.0,0.6026691198348999,0.10494489506491034
-177.91329082350606,445.1472414408224,0.0,2.7940632333266295,0.8410792946815491,0.0,0.0,0.5409114956855774,0.8005905151367188,0.0,0.0,0.5992114543914795,-0.24605919977837645
-177.10149535303987,444.75581792570915,0.0,2.8267833927584314,0.8419618606567383,0.0,0.0,0.539536714553833,0.803085207939148,0.0,0.0,0.5958637595176697,0.10329236176027387
-176.28068394945802,444.35736196538807,0.0,2.859669496494773,0.8427757024765015,0.0,0.0,0.5382647514343262,0.8054769039154053,0.0,0.0,0.5926268100738525,-0.24772011410849473
-175.45084874858702,443.952026485032,0.0,2.892636231175369,0.8435143232345581,0.0,0.0,0.5370904207229614,0.8077684640884399,0.0,0.0,0.5894996523857117,0.10162737516024378
-174.61200658941613,443.5399925159574,0.0,2.925598283439944,0.8441879153251648,0.0,0.0,0.5360190868377686,0.8099619150161743,0.0,0.0,0.5864822864532471,-0.24938486422286718
-173.7641989497124,443.1214700070222,0.0,2.958470339928214,0.8447974920272827,0.0,0.0,0.5350496172904968,0.8120595216751099,0.0,0.0,0.5835744738578796,0.09996717028709878
-172.907491879236,442.69669853513676,0.0,2.991167087279902,0.8453440070152283,0.0,0.0,0.5341805219650269,0.8140624165534973,0.0,0.0,0.5807772278785706,-0.25103621509921503
-172.04197593055628,442.26594790567776,0.0,3.0236032121347254,0.8458284735679626,0.0,0.0,0.5334103107452393,0.8159736394882202,0.0,0.0,0.5780888795852661,0.09832898216311778
-171.16776518386015,441.82951818172455,0.0,3.055696560519492,0.8462522029876709,0.0,0.0,0.5327368974685669,0.8177931904792786,0.0,0.0,0.5755120515823364,-0.2526570912802638
-170.28496016337047,441.38772149159433,0.0,3.0874944609852055,0.8466169834136963,0.0,0.0,0.5321574807167053,0.8195230960845947,0.0,0.0,0.5730459690093994,0.09672302759414234
-169.39359868777538,440.94085749366735,0.0,3.1192164029423917,0.8469248414039612,0.0,0.0,0.531669020652771,0.8211643099784851,0.0,0.0,0.5706915855407715,-0.2542592095609298
-168.49365264808918,440.4892118490108,0.0,3.151093788605139,0.8471779823303223,0.0,0.0,0.5312680006027222,0.8227181434631348,0.0,0.0,0.5684491991996765,0.09511305862127631
-167.58502820298358,440.0330567418609,0.0,3.183358020187537,0.8473790884017944,0.0,0.0,0.5309500098228455,0.8241842985153198,0.0,0.0,0.5663213729858398,-0.25588871620650544
-166.66756598066644,439.57265177901775,0.0,3.2162404999036767,0.8475314378738403,0.0,0.0,0.5307098627090454,0.8255640864372253,0.0,0.0,0.5643080472946167,0.09345232732248138
-165.74104128751688,439.10824529489406,0.0,3.2499726299676466,0.8476384878158569,0.0,0.0,0.5305420160293579,0.8268579840660095,0.0,0.0,0.5624103546142578,-0.25759235913902917
-164.80516432378914,438.6400760906174,0.0,3.284785812593534,0.8477039337158203,0.0,0.0,0.5304404497146606,0.8280662298202515,0.0,0.0,0.5606300234794617,0.09169408577571939
-163.85958040679841,438.16837244353405,0.0,3.3209114499954304,0.8477323055267334,0.0,0.0,0.530397891998291,0.8291919231414795,0.0,0.0,0.5589637160301208,-0.2594168862805391
-162.90387020210986,437.69318763126387,0.0,3.3585809443874264,0.8477281332015991,0.0,0.0,0.5304071307182312,0.8302404880523682,0.0,0.0,0.5574051737785339,0.08979158605895193
-161.93754996335375,437.2143064746225,0.0,3.3980256979836074,0.8476955890655518,0.0,0.0,0.5304614901542664,0.8312158584594727,0.0,0.0,0.5559496879577637,-0.26140904555307354
-160.96007543923935,436.7314650734826,0.0,3.4394642378883598,0.8476382493972778,0.0,0.0,0.530555009841919,0.8321228623390198,0.0,0.0,0.554591178894043,0.0876987305082069
-159.97089751681477,436.244397759977,0.0,3.482919976590063,0.8475598096847534,0.0,0.0,0.5306820273399353,0.8329650163650513,0.0,0.0,0.5533254146575928,-0.26360377983093736
-158.969505270476,435.7528579392421,0.0,3.528264856262259,0.8474633693695068,0.0,0.0,0.5308374762535095,0.8337470293045044,0.0,0.0,0.5521463751792908,0.08540858507021723
-157.95542701858167,435.2566180054399,0.0,3.5753668486260533,0.8473517298698425,0.0,0.0,0.5310168266296387,0.8344724774360657,0.0,0.0,0.5510492920875549,-0.2659826683341593
-156.92823024747895,434.7554686956983,0.0,3.6240939254025477,0.8472277522087097,0.0,0.0,0.5312155485153198,0.8351446390151978,0.0,0.0,0.5500301718711853,0.08294762159665689
-155.88752153195063,434.24921844281215,0.0,3.6743140583128495,0.8470937609672546,0.0,0.0,0.5314300060272217,0.835766077041626,0.0,0.0,0.5490854978561401,-0.2685190386831644
-154.83294645165802,433.73769272729095,0.0,3.725895219078054,0.8469522595405579,0.0,0.0,0.5316561460494995,0.8363410234451294,0.0,0.0,0.5482093095779419,0.08034251246710108
-153.7641895031821,433.2207334297314,0.0,3.7787053794192658,0.846805214881897,0.0,0.0,0.5318909883499146,0.8368721008300781,0.0,0.0,0.5473983287811279,-0.2711862184983771
-152.6809740072964,432.6981981848771,0.0,3.8326125110575915,0.8466546535491943,0.0,0.0,0.5321310758590698,0.8373620510101318,0.0,0.0,0.5466486215591431,0.07761993006112503
-151.58306201112867,432.16995973908564,0.0,3.88748458571413,0.8465023636817932,0.0,0.0,0.5323737263679504,0.8378129601478577,0.0,0.0,0.545957088470459,-0.2739575354002225
-150.4702541849064,431.63590531328987,0.0,3.943189575109984,0.8463500738143921,0.0,0.0,0.532616138458252,0.8382285833358765,0.0,0.0,0.5453188419342041,0.07480654675830412
-149.3423897130017,431.09593597387,0.0,3.9995954509662566,0.846199631690979,0.0,0.0,0.5328555107116699,0.838607132434845,0.0,0.0,0.5447279214859009,-0.27680631700912517
-148.1993461790267,430.5499660141842,0.0,4.056570185004054,0.8460524082183838,0.0,0.0,0.5330895781517029,0.8389555811882019,0.0,0.0,0.5441842079162598,0.07192903493821337
-147.04103944475887,429.99792234980885,0.0,4.113981748944475,0.845909833908081,0.0,0.0,0.5333160758018494,0.8392758965492249,0.0,0.0,0.5436846613883972,-0.27970589094551007
-145.8674235227046,429.439743930826,0.0,4.171698114508622,0.8457735776901245,0.0,0.0,0.5335325598716736,0.8395706415176392,0.0,0.0,0.5432251691818237,0.06901406698042814
-144.67849044214174,428.87538117476817,0.0,4.229587253417602,0.8456447124481201,0.0,0.0,0.5337371826171875,0.8398409485816956,0.0,0.0,0.5428041219711304,-0.28262958482980194
-143.47427010851035,428.3047954240624,0.0,4.28751713739251,0.8455246686935425,0.0,0.0,0.5339277386665344,0.8400896787643433,0.0,0.0,0.5424168109893799,0.06608831526452366
-142.25483015605593,427.7279584320477,0.0,4.3453557381544545,0.8454146981239319,0.0,0.0,0.5341022610664368,0.8403185606002808,0.0,0.0,0.5420606136322021,-0.2855507262824254
-141.02027579365455,427.1448518818193,0.0,4.402971027424536,0.8453159928321838,0.0,0.0,0.5342589616775513,0.8405290842056274,0.0,0.0,0.5417330265045166,0.06317845217007509
-139.7707496437879,426.5554669423227,0.0,4.460230976923862,0.8452296257019043,0.0,0.0,0.5343961715698242,0.8407235145568848,0.0,0.0,0.541430652141571,-0.2884426429238055
-138.50643157466382,425.9598038662508,0.0,4.517003558373527,0.8451569080352783,0.0,0.0,0.5345117449760437,0.8409034013748169,0.0,0.0,0.5411509871482849,0.06031115007665769
-137.2275385255126,425.35787163439363,0.0,4.573156743494639,0.845098614692688,0.0,0.0,0.5346044301986694,0.8410705924034119,0.0,0.0,0.540891170501709,-0.2912786623743667
-135.934324325121,424.7496876511567,0.0,4.628558504008301,0.845055878162384,0.0,0.0,0.5346724390983582,0.8412265181541443,0.0,0.0,0.540648877620697,0.0575130813638465
-134.62707950370265,424.1352774959914,0.0,4.683076811635612,0.8450298309326172,0.0,0.0,0.5347141027450562,0.841373085975647,0.0,0.0,0.5404211282730103,-0.29403211225453396
-133.30613109823295,423.51467473546376,0.0,4.736579638097677,0.8450214266777039,0.0,0.0,0.5347278714179993,0.8415114283561707,0.0,0.0,0.540206253528595,0.05481091841121696
-131.9718424514157,422.88792080064525,0.0,4.7889349551155975,0.8450315594673157,0.0,0.0,0.5347123146057129,0.8416438698768616,0.0,0.0,0.5400004386901855,-0.296676320184732
-130.6246130044811,422.2550649344043,0.0,4.8400107344104795,0.845061182975769,0.0,0.0,0.5346658825874329,0.841771125793457,0.0,0.0,0.5398027300834656,0.05223133359834417
-129.26487808405147,421.61616421304893,0.0,4.889674947703423,0.8451110124588013,0.0,0.0,0.5345873832702637,0.8418950438499451,0.0,0.0,0.5396101474761963,-0.29918461378538574
-127.89310806285049,420.97128335478203,0.0,4.937797801349893,0.8451820015907288,0.0,0.0,0.5344753265380859,0.8420171737670898,0.0,0.0,0.5394201874732971,0.04980088644448205
-126.50978560102973,420.32048429486457,0.0,4.984330748972578,0.8452749848365784,0.0,0.0,0.5343283414840698,0.8421390652656555,0.0,0.0,0.5392305254936218,-0.30153476265521834
-125.11537715746181,419.66381307655513,0.0,5.029327644202935,0.8453907370567322,0.0,0.0,0.5341451168060303,0.8422616720199585,0.0,0.0,0.5390395522117615,0.04752831597830243
-123.71033121204752,419.00129928398684,0.0,5.07284887698715,0.8455299735069275,0.0,0.0,0.533924400806427,0.8423865437507629,0.0,0.0,0.5388450026512146,-0.30373280471502717
-122.29507831014158,418.33295632468736,0.0,5.11495483727142,0.8456934690475464,0.0,0.0,0.5336649417877197,0.8425148129463196,0.0,0.0,0.5386449098587036,0.0454017523275817
-120.87003111043298,417.6587817050539,0.0,5.155705915001942,0.8458818197250366,0.0,0.0,0.5333656072616577,0.8426477909088135,0.0,0.0,0.5384371876716614,-0.3057909399539424
-119.43558443614216,416.97875729650997,0.0,5.1951625001249075,0.846095621585846,0.0,0.0,0.5330254435539246,0.8427869081497192,0.0,0.0,0.5382196307182312,0.043408995503189496
-117.9921153294051,416.29284959016826,0.0,5.2333849825865135,0.8463353514671326,0.0,0.0,0.5326435565948486,0.842933177947998,0.0,0.0,0.5379906296730042,-0.3077213683610942
-116.53998310871913,415.6010099379061,0.0,5.270433752332951,0.8466014266014099,0.0,0.0,0.5322191119194031,0.8430878520011902,0.0,0.0,0.5377480983734131,0.04153784551599571
-115.07952942933267,414.90317477786095,0.0,5.306369199310421,0.8468940854072571,0.0,0.0,0.5317515134811401,0.8432517051696777,0.0,0.0,0.5374907851219177,-0.3095362899256129
-113.61107834646478,414.199265842429,0.0,5.341251713465111,0.8472135663032532,0.0,0.0,0.5312402248382568,0.8434260487556458,0.0,0.0,0.5372167229652405,0.03977610237686996
-112.13493638124847,413.48919034694217,0.0,5.375141684743218,0.8475598692893982,0.0,0.0,0.5306851267814636,0.8436119556427002,0.0,0.0,0.5369240641593933,-0.3112479046366284
-110.65139258929764,412.7728411572754,0.0,5.408099503090937,0.8479328751564026,0.0,0.0,0.530086100101471,0.8438102006912231,0.0,0.0,0.5366114377975464,0.03811156609668209
-109.16071863180066,412.0500969347163,0.0,5.44018555845446,0.8483323454856873,0.0,0.0,0.5294433832168579,0.844022274017334,0.0,0.0,0.536276638507843,-0.312868412483271
-107.66316884905567,411.32082225650134,0.0,5.471460240779986,0.8487579822540283,0.0,0.0,0.5287572741508484,0.8442486524581909,0.0,0.0,0.5359185338020325,0.03653203668630206
-106.15898033636056,410.5848677104873,0.0,5.5019839400137025,0.8492092490196228,0.0,0.0,0.5280283093452454,0.8444905281066895,0.0,0.0,0.5355352759361267,-0.31441001345467084
-104.64837302218697,409.84206996250197,0.0,5.531817046101813,0.849685549736023,0.0,0.0,0.5272573232650757,0.8447486162185669,0.0,0.0,0.5351256728172302,0.035025314156599485
-103.13154974856313,409.0922517949614,0.0,5.561019948990507,0.8501860499382019,0.0,0.0,0.5264453291893005,0.8450235724449158,0.0,0.0,0.534688413143158,-0.3158849075399584
-101.60869635360615,408.3352221154047,0.0,5.589653038625973,0.8507096767425537,0.0,0.0,0.5255938172340393,0.8453165292739868,0.0,0.0,0.5342217683792114,0.03357919851844465
-100.07998175614533,407.57077593364363,0.0,5.617776704954418,0.851255476474762,0.0,0.0,0.5247042775154114,0.8456279039382935,0.0,0.0,0.5337247848510742,-0.31730529472826374
-98.5455580423859,406.7986943062589,0.0,5.645451337922026,0.8518221378326416,0.0,0.0,0.5237783789634705,0.8459628820419312,0.0,0.0,0.533198356628418,0.03218148978270691
-97.00556055456997,406.0187442472148,0.0,5.672737327474997,0.8524081707000732,0.0,0.0,0.522818386554718,0.8463181257247925,0.0,0.0,0.5326387882232666,-0.31868337500871685
-95.46010798159851,405.23067860339273,0.0,5.699695063559523,0.853012204170227,0.0,0.0,0.5218265056610107,0.846693754196167,0.0,0.0,0.532045304775238,0.03081998796025609
-93.90930245158229,404.434237487797,0.0,5.726384936121801,0.8536405563354492,0.0,0.0,0.5208103656768799,0.8470894694328308,0.0,0.0,0.53141850233078,-0.32003134837044805
-92.35322962630052,403.62924397335365,0.0,5.752867335108022,0.8542822599411011,0.0,0.0,0.5197669863700867,0.8475043773651123,0.0,0.0,0.5307596921920776,0.0294824930619621
-90.79195645069649,402.8156606140396,0.0,5.779211342962145,0.8549360036849976,0.0,0.0,0.5186989903450012,0.8479375839233398,0.0,0.0,0.5300701260566711,-0.321361853817626
-89.22551523438352,401.99344545987844,0.0,5.805545494548581,0.8555928468704224,0.0,0.0,0.5176040530204773,0.8483877182006836,0.0,0.0,0.5293518304824829,0.028152485406081507
-87.65389716643466,401.1625350177881,0.0,5.832023205938893,0.8562684059143066,0.0,0.0,0.5164942145347595,0.8488543033599854,0.0,0.0,0.528605580329895,-0.32269911196865186
-86.07705255474481,400.3228435968024,0.0,5.858797977336905,0.8569523096084595,0.0,0.0,0.5153656601905823,0.8493360280990601,0.0,0.0,0.5278331637382507,0.026800224224363733
-84.4948910930855,399.4742626659047,0.0,5.886023308946446,0.8576436638832092,0.0,0.0,0.514220118522644,0.8498324751853943,0.0,0.0,0.5270354747772217,-0.32407412871660846
-82.90728213321451,398.6166602128249,0.0,5.913852700971344,0.8583415150642395,0.0,0.0,0.5130590200424194,0.8503423929214478,0.0,0.0,0.5262140035629272,0.02539469937462141
-81.31405496222753,397.74988010377143,0.0,5.942439653615423,0.859045147895813,0.0,0.0,0.5118837952613831,0.8508652448654175,0.0,0.0,0.5253697633743286,-0.32551791420368315
-79.7149990853888,396.8737414439851,0.0,5.9719376670825115,0.8597539067268372,0.0,0.0,0.5106955766677856,0.8514001965522766,0.0,0.0,0.5245036482810974,0.023904900714667443
-78.10986451472633,395.9880379388942,0.0,6.002500241576434,0.8604669570922852,0.0,0.0,0.5094956159591675,0.8519465923309326,0.0,0.0,0.5236167311668396,-0.3270614785720631
-76.4983620637334,395.09253725557073,0.0,6.03428087730102,0.8611839413642883,0.0,0.0,0.5082846879959106,0.8525038361549377,0.0,0.0,0.5227101445198059,0.022299818102314628
-74.88016364856894,394.1869803841069,0.0,6.067433074460096,0.8619043827056885,0.0,0.0,0.5070637464523315,0.8530714511871338,0.0,0.0,0.5217843055725098,-0.32873583196393563
-73.25490259620348,393.271080998446,0.0,6.102110333257486,0.8626278042793274,0.0,0.0,0.5058335065841675,0.853648841381073,0.0,0.0,0.5208401679992676,0.02054844139537576
-71.62218221536583,392.34452951731186,0.0,6.138435095608901,0.8633536100387573,0.0,0.0,0.5045945644378662,0.8542353510856628,0.0,0.0,0.519878625869751,-0.3305704159210778
-69.9816313460353,391.40702429560366,0.0,6.176321533072746,0.8640815615653992,0.0,0.0,0.5033478736877441,0.8548305034637451,0.0,0.0,0.5189003348350525,0.018634984957807854
-68.33292694767732,390.458285102497,0.0,6.215598188225799,0.8648113012313843,0.0,0.0,0.5020937919616699,0.8554337024688721,0.0,0.0,0.5179059505462646,-0.33255408537325226
-66.67579389878806,389.4980538974067,0.0,6.256093340075674,0.8655424118041992,0.0,0.0,0.5008329153060913,0.8560444116592407,0.0,0.0,0.516896665096283,0.01658977526842026
-65.01000471989812,388.5260955682917,0.0,6.297635267629993,0.8662747144699097,0.0,0.0,0.49956560134887695,0.8566624522209167,0.0,0.0,0.5158722996711731,-0.3346521625224603
-63.335379289787866,387.5421986723034,0.0,6.340052249896362,0.8670079708099365,0.0,0.0,0.49829229712486267,0.8572875261306763,0.0,0.0,0.514833390712738,0.01444750343678547
-61.65178455447532,386.54617617914886,0.0,6.383172565882405,0.8677418828010559,0.0,0.0,0.49701353907585144,0.8579188585281372,0.0,0.0,0.5137810707092285,-0.33682995625912915
-59.95913422859237,385.53786621735566,0.0,6.426824494595734,0.868476152420044,0.0,0.0,0.4957294762134552,0.8585566282272339,0.0,0.0,0.5127150416374207,0.012242860572475922
-58.257388488820986,384.51713282344906,0.0,6.470836315043962,0.8692106604576111,0.0,0.0,0.4944407343864441,0.8591998815536499,0.0,0.0,0.5116367340087891,-0.33905277547368606
-56.54655365912073,383.4838666938878,0.0,6.5150363062347045,0.869945228099823,0.0,0.0,0.49314746260643005,0.8598484992980957,0.0,0.0,0.510546088218689,0.010010537785064666
-54.8266818875329,382.437985939435,0.0,6.559252747175582,0.8706795573234558,0.0,0.0,0.49185001850128174,0.8605024218559265,0.0,0.0,0.5094434022903442,-0.3412859290565587
-53.09787081441183,381.3794368414936,0.0,6.603313916874209,0.8714134097099304,0.0,0.0,0.49054861068725586,0.8611611723899841,0.0,0.0,0.5083293318748474,0.007785226184123861
-51.36026323198643,380.3081946097828,0.0,6.6470480943381975,0.8721467852592468,0.0,0.0,0.48924359679222107,0.8618243932723999,0.0,0.0,0.5072044134140015,-0.3434947258981742
-49.614046735224356,379.2242641405897,0.0,6.690283558575167,0.8728795051574707,0.0,0.0,0.48793521523475647,0.8624918460845947,0.0,0.0,0.5060688853263855,0.00560161687922639
-47.85945336402564,378.12768077470395,0.0,6.732848588592733,0.873611330986023,0.0,0.0,0.48662373423576355,0.8631631135940552,0.0,0.0,0.5049232244491577,-0.3456444748889604
-46.096759236842885,377.01851105401016,0.0,6.774571463398505,0.8743422031402588,0.0,0.0,0.4853094518184662,0.8638381361961365,0.0,0.0,0.5037677884101868,0.0034944009799450226
-44.32628417588428,375.89685347560254,0.0,6.815280462000105,0.8750717639923096,0.0,0.0,0.48399263620376587,0.8645164370536804,0.0,0.0,0.5026030540466309,-0.34770048491934424
-42.548391324122576,374.7628392421713,0.0,6.854803863405148,0.8758000135421753,0.0,0.0,0.4826735258102417,0.8651978373527527,0.0,0.0,0.5014292597770691,0.0014982695958519754
-40.76348101266687,373.61662930772394,0.0,6.892992138163525,0.8765268921852112,0.0,0.0,0.48135238885879517,0.8658819794654846,0.0,0.0,0.5002470016479492,-0.34962918566471685
-38.97195308631406,372.4583908111446,0.0,6.929840244933854,0.8772521018981934,0.0,0.0,0.480029433965683,0.8665688633918762,0.0,0.0,0.49905627965927124,-0.0003627458975989928
-37.174191938141036,371.288287358711,0.0,6.965400981631543,0.8779755234718323,0.0,0.0,0.4787050187587738,0.8672580718994141,0.0,0.0,0.4978577196598053,-0.3514251824676304
-35.37056654519905,370.10647877162586,0.0,6.999727299638822,0.8786971569061279,0.0,0.0,0.47737932205200195,0.8679490089416504,0.0,0.0,0.496652215719223,-0.002096398322209092
-33.56143054708645,368.91312085596064,0.0,7.032872150337924,0.8794165849685669,0.0,0.0,0.47605258226394653,0.8686420917510986,0.0,0.0,0.4954391419887543,-0.3530991648261709
-31.747122327455983,367.70836517020393,0.0,7.064888485111082,0.880133867263794,0.0,0.0,0.4747250974178314,0.8693363666534424,0.0,0.0,0.49421989917755127,-0.0037133849269140318
-29.92796509835354,366.4923587909081,0.0,7.095829255340533,0.8808488845825195,0.0,0.0,0.4733971059322357,0.8700322508811951,0.0,0.0,0.4929940104484558,-0.3546618299892745
-28.10426698728952,365.2652440769046,0.0,7.125747412408506,0.8815614581108093,0.0,0.0,0.47206881642341614,0.8707291483879089,0.0,0.0,0.4917621612548828,-0.005224402960650076
-26.2763211269493,364.0271584325324,0.0,7.154695907697237,0.8822714686393738,0.0,0.0,0.4707404673099518,0.8714268803596497,0.0,0.0,0.49052464962005615,-0.356123875205877
-24.444405747451803,362.77823407030485,0.0,7.182727692588958,0.8829787969589233,0.0,0.0,0.46941235661506653,0.8721252083778381,0.0,0.0,0.48928213119506836,-0.006640149672353157
-22.608784271071755,361.51859777341485,0.0,7.209895718465903,0.8836833238601685,0.0,0.0,0.4680846929550171,0.87282395362854,0.0,0.0,0.4880346357822418,-0.3574959977249147
-20.769705409346024,360.2483706584601,0.0,7.236252936710307,0.8843849897384644,0.0,0.0,0.4667576253414154,0.873522937297821,0.0,0.0,0.48678261041641235,-0.007971322310959372
-18.92740326248642,358.9676679387437,0.0,7.261852298704398,0.8850837349891663,0.0,0.0,0.4654313623905182,0.874221920967102,0.0,0.0,0.4855262041091919,-0.35878889479532333
-17.082097421029733,357.6765986884915,0.0,7.286746755830416,0.8857793807983398,0.0,0.0,0.46410611271858215,0.874920666217804,0.0,0.0,0.4842660129070282,-0.009228618125404708
-15.233993069658627,356.3752656083008,0.0,7.310989259470594,0.8864719271659851,0.0,0.0,0.4627820551395416,0.875619113445282,0.0,0.0,0.4830019772052765,-0.3600132636660394
-13.383281093132084,355.0637647921226,0.0,7.334632761007158,0.8871611952781677,0.0,0.0,0.46145933866500854,0.8763167858123779,0.0,0.0,0.4817350208759308,-0.010422734364625097
-11.530138184269607,353.74218549605115,0.0,7.357730211822349,0.8878472447395325,0.0,0.0,0.46013814210891724,0.8770138025283813,0.0,0.0,0.48046499490737915,-0.36117980158599855
-9.674726953938748,352.4106099091892,0.0,7.3803345632983985,0.8885299563407898,0.0,0.0,0.45881861448287964,0.8777098655700684,0.0,0.0,0.479192316532135,-0.011564368277556913
-7.817196043000074,351.0691129268274,0.0,7.40249876681754,0.8892091512680054,0.0,0.0,0.4575008749961853,0.8784047961235046,0.0,0.0,0.47791722416877747,-0.362299205804137
-5.957680236170358,349.7177619261676,0.0,7.424275773762002,0.889884889125824,0.0,0.0,0.45618516206741333,0.8790987133979797,0.0,0.0,0.4766395688056946,-0.012664217113135812
-4.096300577767106,348.3566165447998,0.0,7.445718535514027,0.890557050704956,0.0,0.0,0.4548715353012085,0.8797911405563354,0.0,0.0,0.4753602147102356,-0.3633821735693908
-2.2331644893085745,346.985728462131,0.0,7.466880003455841,0.8912255764007568,0.0,0.0,0.4535601735115051,0.8804821968078613,0.0,0.0,0.47407907247543335,-0.013732978120298112
-0.36836588894248834,345.60514118394264,0.0,7.4878131289696785,0.8918905258178711,0.0,0.0,0.4522511959075928,0.881171464920044,0.0,0.0,0.47279658913612366,-0.3644394021306957
1.4980146873118478,344.21488983024767,0.0,7.508570863437777,0.892551839351654,0.0,0.0,0.4509447515010834,0.8818589448928833,0.0,0.0,0.4715130627155304,-0.014781348547979911
3.365909962521478,342.8150009265994,0.0,7.529206158242364,0.8932093977928162,0.0,0.0,0.44964081048965454,0.8825446963310242,0.0,0.0,0.470228374004364,-0.365481588736988
5.235265151806406,341.40549268468015,0.0,7.549769368588061,0.8938632011413574,0.0,0.0,0.44833964109420776,0.8832283616065979,0.0,0.0,0.4689430296421051,-0.01581989452503524
7.1060300122112,339.98638076815797,0.0,7.570279134245325,0.8945131897926331,0.0,0.0,0.44704121351242065,0.8839098811149597,0.0,0.0,0.4676571488380432,-0.36651743548735494
8.978153570975763,338.5576822255704,0.0,7.590732880202843,0.8951594233512878,0.0,0.0,0.4457457363605499,0.8845890164375305,0.0,0.0,0.46637120842933655,-0.01685291199763711
10.851584036607559,337.11941557682894,0.0,7.611127642435794,0.8958019018173218,0.0,0.0,0.4444532096385956,0.8852660059928894,0.0,0.0,0.4650847911834717,-0.36754747398396864
12.726268806661338,335.67160082727065,0.0,7.63146045691934,0.8964405059814453,0.0,0.0,0.4431636929512024,0.8859405517578125,0.0,0.0,0.4637986421585083,-0.017879821820038444
14.602154475626609,334.21425948142445,0.0,7.651728359628661,0.8970752954483032,0.0,0.0,0.4418773949146271,0.8866127133369446,0.0,0.0,0.4625124931335449,-0.36857110543393434
16.479186842920775,332.74741455649064,0.0,7.671928386538921,0.8977062106132507,0.0,0.0,0.44059422612190247,0.8872822523117065,0.0,0.0,0.4612267315387726,-0.018900025199344472
18.357310920990194,331.2710905955231,0.0,7.692057573625296,0.8983333110809326,0.0,0.0,0.4393143355846405,0.8879491686820984,0.0,0.0,0.45994138717651367,-0.3695877310443573
20.236470943518842,329.7853136803098,0.0,7.712112956862953,0.8989564776420593,0.0,0.0,0.4380377531051636,0.8886133432388306,0.0,0.0,0.45865684747695923,-0.019912923342660427
22.116610373744134,328.2901114439432,0.0,7.732091572227067,0.8995757699012756,0.0,0.0,0.4367646276950836,0.8892745971679688,0.0,0.0,0.4573732912540436,-0.370596752022343
23.997671912881852,326.7855130830758,0.0,7.751990455692807,0.9001830816268921,0.0,0.0,0.43549102544784546,0.8899332880973816,0.0,0.0,0.45609039068222046,-0.020917917457091706
25.879597508659245,325.27154936985187,0.0,7.771806643235346,0.9007960557937622,0.0,0.0,0.43422552943229675,0.8905888795852661,0.0,0.0,0.45480895042419434,-0.3715975695749964
27.76232836395657,323.74825266351235,0.0,7.7915371708298515,0.9014049172401428,0.0,0.0,0.43296343088150024,0.8912414908409119,0.0,0.0,0.45352858304977417,-0.02191440874974354
29.645804945558197,322.2156569216608,0.0,7.811179074451497,0.9020095467567444,0.0,0.0,0.4317047894001007,0.8918911814689636,0.0,0.0,0.452249675989151,-0.37258958490942296
31.529966993012376,320.67379771118976,0.0,7.830729390075456,0.9026101231575012,0.0,0.0,0.4304497539997101,0.8925378322601318,0.0,0.0,0.45097222924232483,-0.022901798427721276
33.41475352760144,319.1227122188564,0.0,7.850185153676895,0.9032067060470581,0.0,0.0,0.42919835448265076,0.8931812644004822,0.0,0.0,0.44969654083251953,-0.373572199232728
35.300102861419866,317.56243926150364,0.0,7.869543401230986,0.9037911295890808,0.0,0.0,0.42794692516326904,0.893821656703949,0.0,0.0,0.44842246174812317,-0.02387948769812992
37.18595260656371,315.9930192959179,0.0,7.888801168712906,0.9043811559677124,0.0,0.0,0.42670372128486633,0.8944588303565979,0.0,0.0,0.44715020060539246,-0.3745448137520168
39.072239684429036,314.4144944283197,0.0,7.90795549209782,0.9049668312072754,0.0,0.0,0.42546406388282776,0.8950926661491394,0.0,0.0,0.4458799958229065,-0.024846877768075037
40.958900335120525,312.82690842347733,0.0,7.9270034073609015,0.9055485129356384,0.0,0.0,0.4242282509803772,0.8957231640815735,0.0,0.0,0.444612056016922,-0.37550682967439475
42.84587012696935,311.2303067134408,0.0,7.945941950477317,0.9061177968978882,0.0,0.0,0.4229925274848938,0.8963505029678345,0.0,0.0,0.44334593415260315,-0.025803369844661583
44.733083966162084,309.62473640588587,0.0,7.964768157422246,0.906692624092102,0.0,0.0,0.42176511883735657,0.8969743847846985,0.0,0.0,0.4420824348926544,-0.37645764820696703
46.62047610647888,308.01024629206455,0.0,7.983479064170854,0.9072631597518921,0.0,0.0,0.4205414354801178,0.8975949287414551,0.0,0.0,0.4408210515975952,-0.02674836513499529
48.50798015914138,306.3868868543551,0.0,8.00207170669831,0.9078213572502136,0.0,0.0,0.41931793093681335,0.898212194442749,0.0,0.0,0.43956202268600464,-0.3773966705568385
50.39552910277136,304.75471027340353,0.0,8.020543120979795,0.9083850383758545,0.0,0.0,0.41810283064842224,0.8988258838653564,0.0,0.0,0.4383056163787842,-0.02768126484618144
52.28305529345786,303.11377043485334,0.0,8.038890342990472,0.908944308757782,0.0,0.0,0.41689154505729675,0.8994362354278564,0.0,0.0,0.43705177307128906,-0.3783232979311151
54.170490474934866,301.4641229356549,0.0,8.057110408705508,0.9094911813735962,0.0,0.0,0.41568052768707275,0.9000430703163147,0.0,0.0,0.43580061197280884,-0.028601470185324718
56.05776578886826,299.80582508994854,0.0,8.075200354100085,0.9100435376167297,0.0,0.0,0.4144778847694397,0.9006463289260864,0.0,0.0,0.4345524311065674,-0.37923693153690174
57.94481178525149,298.1389359345175,0.0,8.09315721514937,0.9105914831161499,0.0,0.0,0.4132792055606842,0.9012462496757507,0.0,0.0,0.43330684304237366,-0.02950838235953107
59.83155843291105,296.46351623380133,0.0,8.110978027828528,0.9111271500587463,0.0,0.0,0.41208094358444214,0.901842474937439,0.0,0.0,0.43206459283828735,-0.38013697258130363
61.717935130119926,294.7796284844667,0.0,8.128659828112742,0.9116681218147278,0.0,0.0,0.410891056060791,0.902435302734375,0.0,0.0,0.4308250844478607,-0.030401402575905512
63.60387071532004,293.0873369195286,0.0,8.146199651977172,0.9121965169906616,0.0,0.0,0.4097016155719757,0.9030244946479797,0.0,0.0,0.42958879470825195,-0.3810228222714264
65.48929347795256,291.3867075120155,0.0,8.163594535396998,0.9127304553985596,0.0,0.0,0.40852057933807373,0.9036101698875427,0.0,0.0,0.42835545539855957,-0.031279932041553216
67.37413116939598,289.67780797817454,0.0,8.180841514347383,0.9132598638534546,0.0,0.0,0.40734365582466125,0.9041921496391296,0.0,0.0,0.4271255433559418,-0.38189388181437517
69.25831101401153,287.96070778020885,0.0,8.197937624803505,0.9137769937515259,0.0,0.0,0.40616732835769653,0.90477055311203,0.0,0.0,0.42589882016181946,-0.03214337196357958
71.14175972029531,286.2354781285441,0.0,8.214879902740527,0.9142994284629822,0.0,0.0,0.40499937534332275,0.9053453803062439,0.0,0.0,0.42467543482780457,-0.38274955241725517
73.02440349213742,284.50219198361617,0.0,8.23166538413363,0.9148093461990356,0.0,0.0,0.4038321375846863,0.9059166312217712,0.0,0.0,0.4234554171562195,-0.03299112354908973
74.90616804018639,282.7609240571766,0.0,8.24829110495798,0.9153245091438293,0.0,0.0,0.4026733636856079,0.9064843654632568,0.0,0.0,0.4222389757633209,-0.38358923528717187
76.78697859331912,281.01175081311027,0.0,8.26475410118875,0.9158270955085754,0.0,0.0,0.401515394449234,0.9070483446121216,0.0,0.0,0.42102593183517456,-0.033822588005189225
78.66675991021559,279.2547504677586,0.0,8.281051408801105,0.9163349270820618,0.0,0.0,0.4003659784793854,0.9076088070869446,0.0,0.0,0.41981643438339233,-0.3844123316312302
80.54543629103794,277.4900029897458,0.0,8.297180063770226,0.9168301820755005,0.0,0.0,0.3992176055908203,0.9081655740737915,0.0,0.0,0.4186106026172638,-0.034637166538983244
82.42293158921285,275.71759009930065,0.0,8.313137102071275,0.9173305034637451,0.0,0.0,0.39807799458503723,0.9087186455726624,0.0,0.0,0.4174085855484009,-0.3852182426565357
84.29916922331614,273.9375952670723,0.0,8.32891955967943,0.9178181886672974,0.0,0.0,0.39693963527679443,0.9092681407928467,0.0,0.0,0.41621023416519165,-0.03543426035757696
86.17407218906055,272.1501037124306,0.0,8.344524472569855,0.9183108806610107,0.0,0.0,0.39581018686294556,0.9098139405250549,0.0,0.0,0.41501563787460327,-0.3860063695701935
88.04756307138366,270.35520240125174,0.0,8.35994887671773,0.9187909364700317,0.0,0.0,0.394682377576828,0.9103561639785767,0.0,0.0,0.413825124502182,-0.036213270668075725
89.91956405663669,268.55298004318126,0.0,8.375189808098222,0.919267475605011,0.0,0.0,0.3935603201389313,0.9108949303627014,0.0,0.0,0.41263824701309204,-0.38677611357930924
91.78999694487278,266.7435270883711,0.0,8.390244302686499,0.9197489023208618,0.0,0.0,0.3924477994441986,0.9114298224449158,0.0,0.0,0.41145533323287964,-0.03697359867758465
93.65878316223353,264.9269357236868,0.0,8.405109396457737,0.9202172756195068,0.0,0.0,0.39133745431900024,0.911961019039154,0.0,0.0,0.4102764129638672,-0.38752687589098794
95.52584377343385,263.1032998683813,0.0,8.419782125387107,0.920681893825531,0.0,0.0,0.39023348689079285,0.9124886989593506,0.0,0.0,0.40910136699676514,-0.037714645593209306
97.39109952036446,261.27271514363076,0.0,8.43425964327228,0.9211511015892029,0.0,0.0,0.38913974165916443,0.9130128026008606,0.0,0.0,0.40793049335479736,-0.38825806366296645
99.25447149532071,259.4352782136209,0.0,8.448542104525766,0.9216070175170898,0.0,0.0,0.38804909586906433,0.9135332703590393,0.0,0.0,0.4067637026309967,-0.038435982020153026
101.11588184107353,257.59108608102605,0.0,8.462632835150545,0.9220588803291321,0.0,0.0,0.38696572184562683,0.9140501022338867,0.0,0.0,0.40560099482536316,-0.388969716724824
102.97526344447706,255.7402312663682,0.0,8.47653531320015,0.922514796257019,0.0,0.0,0.38589349389076233,0.9145631790161133,0.0,0.0,0.4044427275657654,-0.039138127376193654
104.83260338124826,253.8827803565253,0.0,8.490253016728122,0.922957181930542,0.0,0.0,0.3848254680633545,0.9150724411010742,0.0,0.0,0.403289258480072,-0.3896625300343175
106.68790848178102,252.01879096610404,0.0,8.503789423788009,0.923395037651062,0.0,0.0,0.38376584649086,0.9155777096748352,0.0,0.0,0.4021408259868622,-0.03982178429841016
108.54118741246607,250.14832055297663,0.0,8.517148012433339,0.9238283634185791,0.0,0.0,0.3827148675918579,0.9160789847373962,0.0,0.0,0.40099775791168213,-0.39033720622852613
110.39245064000798,248.27142641349627,0.0,8.530332260717655,0.9242569804191589,0.0,0.0,0.38167279958724976,0.9165760278701782,0.0,0.0,0.3998602628707886,-0.040487655423880664
112.24171041096227,246.38816567042088,0.0,8.543345646694505,0.9246808290481567,0.0,0.0,0.380639910697937,0.9170689582824707,0.0,0.0,0.39872848987579346,-0.3909944479445286
114.08898073151471,244.49859526094124,0.0,8.556191648417416,0.9251080751419067,0.0,0.0,0.37961986660957336,0.9175575971603394,0.0,0.0,0.39760276675224304,-0.04113644338968431
115.93427734750811,242.60277192482027,0.0,8.568873743939934,0.9255211353302002,0.0,0.0,0.37860581278800964,0.9180417656898499,0.0,0.0,0.39648348093032837,-0.3916349578194033
117.77761772472657,240.70075219264388,0.0,8.5813954113156,0.9259292483329773,0.0,0.0,0.37760165333747864,0.918521523475647,0.0,0.0,0.39537081122398376,-0.04176885083289977
119.6190210294429,238.7925923741907,0.0,8.59376012859795,0.9263322353363037,0.0,0.0,0.3766076862812042,0.9189967513084412,0.0,0.0,0.3942648470401764,-0.392259438490229
121.4585081092374,236.87834854692292,0.0,8.605971373840527,0.9267300963401794,0.0,0.0,0.37562403082847595,0.9194673299789429,0.0,0.0,0.3931659758090973,-0.04238558039060569
123.29610147409474,234.9580765446022,0.0,8.618032625096868,0.9271227717399597,0.0,0.0,0.3746509552001953,0.9199333786964417,0.0,0.0,0.3920743465423584,-0.3928685925940846
125.13182527778595,233.03183194603474,0.0,8.62994736042051,0.927510142326355,0.0,0.0,0.37368860840797424,0.9203947186470032,0.0,0.0,0.39099016785621643,-0.042987334699880586
126.96570529954305,231.09967006394848,0.0,8.641719057864995,0.9278922080993652,0.0,0.0,0.37273722887039185,0.9208512902259827,0.0,0.0,0.3899136483669281,-0.3934631227680484
128.79776892603104,229.16164593400836,0.0,8.653351195483864,0.9282689094543457,0.0,0.0,0.3717968761920929,0.9213029742240906,0.0,0.0,0.3888450860977173,-0.043574816397803307
130.6280451336264,227.21781430396854,0.0,8.66484725133066,0.9286401271820068,0.0,0.0,0.3708677589893341,0.9217498898506165,0.0,0.0,0.38778460025787354,-0.39404373164919965
132.45656447100612,225.2682296229709,0.0,8.676210703458912,0.9290058612823486,0.0,0.0,0.3699501156806946,0.9221916794776917,0.0,0.0,0.3867325782775879,-0.04414872812145243
134.28335904205542,223.31294603098732,0.0,8.68744502992217,0.9293661117553711,0.0,0.0,0.3690440356731415,0.9226285815238953,0.0,0.0,0.3856889605522156,-0.3946111218746167
136.10846248909874,221.35201734841374,0.0,8.698553708773966,0.9297208189964294,0.0,0.0,0.36814966797828674,0.9230605363845825,0.0,0.0,0.38465407490730286,-0.04470977250790675
137.9319099764604,219.38549706581693,0.0,8.709540218067843,0.9300699830055237,0.0,0.0,0.3672671914100647,0.9234874844551086,0.0,0.0,0.38362815976142883,-0.39516599608137826
139.7537381743612,217.41343833383684,0.0,8.720408035857343,0.9304134845733643,0.0,0.0,0.3663967549800873,0.9239093661308289,0.0,0.0,0.3826112747192383,-0.04525865219424513
141.57398524315715,215.4358939532485,0.0,8.731160640195997,0.930751383304596,0.0,0.0,0.36553847789764404,0.9243260025978088,0.0,0.0,0.38160356879234314,-0.3957090569065628
143.39269081792395,213.45291636518598,0.0,8.741801509137357,0.9310836791992188,0.0,0.0,0.3646925091743469,0.9247374534606934,0.0,0.0,0.3806056082248688,-0.04579606981754614
145.2098959933942,211.46455764153308,0.0,8.752334120734952,0.9314102530479431,0.0,0.0,0.3638589382171631,0.9251437187194824,0.0,0.0,0.37961718440055847,-0.3962410069872494
147.02564330925335,209.47086947547925,0.0,8.762761953042332,0.9317312240600586,0.0,0.0,0.36303791403770447,0.9255445599555969,0.0,0.0,0.3786385655403137,-0.04632272801488857
148.8399767357972,207.47190317224886,0.0,8.77308848411302,0.9320464134216309,0.0,0.0,0.3622295558452606,0.9259402751922607,0.0,0.0,0.37766990065574646,-0.39676254896051644
150.65294165995851,205.46770964000316,0.0,8.78331719200057,0.9323558807373047,0.0,0.0,0.3614339828491211,0.9263306856155396,0.0,0.0,0.376711368560791,-0.04683932942335073
152.46458487170656,203.45833938091835,0.0,8.793451554758517,0.9326596856117249,0.0,0.0,0.36065131425857544,0.926715612411499,0.0,0.0,0.3757632374763489,-0.39727438546344307
154.27495455082413,201.4438424824428,0.0,8.803495050440402,0.9329577088356018,0.0,0.0,0.3598816692829132,0.927095353603363,0.0,0.0,0.3748256266117096,-0.04734657668001152
156.08410025406855,199.4242686087356,0.0,8.81345115709976,0.9332500100135803,0.0,0.0,0.3591251075267792,0.9274696111679077,0.0,0.0,0.37389856576919556,-0.39777721913310765
157.89207290271864,197.39966699228944,0.0,8.823323352790137,0.9335365295410156,0.0,0.0,0.35838186740875244,0.9278385043144226,0.0,0.0,0.37298235297203064,-0.047845172421949744
159.69892477051516,195.37008642573971,0.0,8.833115115565066,0.9338172078132629,0.0,0.0,0.3576521873474121,0.9282018542289734,0.0,0.0,0.37207701802253723,-0.398271752606589
161.50470947199756,193.33557525386192,0.0,8.84282992347809,0.9340919256210327,0.0,0.0,0.3569364547729492,0.9285597801208496,0.0,0.0,0.3711828887462616,-0.048335819286243864
163.30948195124077,191.29618136576127,0.0,8.852471254582753,0.9343605041503906,0.0,0.0,0.356235146522522,0.9289122819900513,0.0,0.0,0.37029993534088135,-0.39875868852096585
165.113298470999,189.25195218725526,0.0,8.862042586932587,0.9346227645874023,0.0,0.0,0.35554903745651245,0.9292593002319336,0.0,0.0,0.3694283068180084,-0.048819219909972844
166.9162166022582,187.20293467345164,0.0,8.871547398581132,0.934878408908844,0.0,0.0,0.3548789620399475,0.9296007752418518,0.0,0.0,0.3685682415962219,-0.3992387295133166
168.7182952142022,185.14917530152525,0.0,8.88098916758193,0.9351270198822021,0.0,0.0,0.35422608256340027,0.9299367666244507,0.0,0.0,0.3677196800708771,-0.049296076930215205
170.51959446459765,183.09072006369388,0.0,8.890371371988525,0.9353680610656738,0.0,0.0,0.35359182953834534,0.9302669763565063,0.0,0.0,0.36688318848609924,-0.39971257822072037
172.32017579060027,181.02761446039744,0.0,8.899697489854447,0.935600996017456,0.0,0.0,0.35297781229019165,0.9305918216705322,0.0,0.0,0.366058349609375,-0.04976709298404963
174.12010189998693,178.95990349368057,0.0,8.908970999233244,0.9358251690864563,0.0,0.0,0.3523860275745392,0.9309109449386597,0.0,0.0,0.3652457594871521,-0.40018093728025556
175.91943676281858,176.88763166078235,0.0,8.918195378178451,0.9360398054122925,0.0,0.0,0.35181865096092224,0.9312246441841125,0.0,0.0,0.36444535851478577,-0.05023297070855509
177.71824560353537,174.8108429479337,0.0,8.927374104743608,0.9362438917160034,0.0,0.0,0.3512783348560333,0.9315326809883118,0.0,0.0,0.3636572062969208,-0.4006445093290008
179.51659489349015,172.72958082436648,0.0,8.936510656982254,0.9364365339279175,0.0,0.0,0.3507678508758545,0.9318351745605469,0.0,0.0,0.36288124322891235,-0.050694412740809935
181.31455234392365,170.64388823653238,0.0,8.94560851294793,0.9366164803504944,0.0,0.0,0.35029056668281555,0.9321320652961731,0.0,0.0,0.36211782693862915,-0.401103997004035
183.11218689938357,168.55380760253908,0.0,8.954671150694177,0.9367824792861938,0.0,0.0,0.34984999895095825,0.9324233531951904,0.0,0.0,0.3613671362400055,-0.05115212171789313
184.90956873159217,166.4593808068006,0.0,8.963702048274532,0.936933159828186,0.0,0.0,0.34945008158683777,0.9327090978622437,0.0,0.0,0.3606291711330414,-0.4015601029424368
186.706769233767,164.36064919490596,0.0,8.972704683742535,0.9370669722557068,0.0,0.0,0.34909510612487793,0.9329891800880432,0.0,0.0,0.3599039316177368,-0.051606800276883136
188.50386101503125,162.2576535691356,0.0,8.981682533324545,0.9371821284294128,0.0,0.0,0.3487898111343384,0.9332634806632996,0.0,0.0,0.3591921031475067,-0.4020135296890029
190.3009176259403,160.1504348509576,0.0,8.990636953038099,0.9372768998146057,0.0,0.0,0.3485391438007355,0.9335311651229858,0.0,0.0,0.35849565267562866,-0.05205904369675968
192.09810053582794,158.03913300389908,0.0,8.999563091102129,0.9373493194580078,0.0,0.0,0.3483484089374542,0.9337907433509827,0.0,0.0,0.35781896114349365,-0.40246434474274173
193.89580760215304,155.92415158460537,0.0,9.008454965535876,0.9373975992202759,0.0,0.0,0.34822240471839905,0.9340361952781677,0.0,0.0,0.35716474056243896,-0.05250812826412066
195.69447708440532,153.805941210815,0.0,9.017306594358596,0.937420129776001,0.0,0.0,0.34816548228263855,0.9342709183692932,0.0,0.0,0.35653892159461975,-0.40291139670348514
197.49454871276527,151.6849565506877,0.0,9.026111995589526,0.9374154210090637,0.0,0.0,0.3481815755367279,0.9344936609268188,0.0,0.0,0.35594531893730164,-0.052952845498005996
199.29646367342755,149.5616563094532,0.0,9.034865187247917,0.9373821020126343,0.0,0.0,0.34827426075935364,0.9347029328346252,0.0,0.0,0.35538774728775024,-0.4033534770902726
201.10066458930044,147.43650321148377,0.0,9.043560187353009,0.9373188018798828,0.0,0.0,0.348446786403656,0.9348973631858826,0.0,0.0,0.35486987233161926,-0.053391986917455114
202.90759549605173,145.3099639777596,0.0,9.052191013924048,0.9372244477272034,0.0,0.0,0.348702073097229,0.9350757002830505,0.0,0.0,0.3543951213359833,-0.40378937742214327
204.7177018134738,143.18250929869657,0.0,9.060751684980287,0.9370978474617004,0.0,0.0,0.3490428328514099,0.9352368116378784,0.0,0.0,0.35396671295166016,-0.0538243440415076
206.5314303121355,141.0546138023107,0.0,9.069236218540967,0.9369379281997681,0.0,0.0,0.34947139024734497,0.9353795051574707,0.0,0.0,0.35358771681785583,-0.4042178892181371
208.3492290752963,138.92675601768815,0.0,9.077638632625327,0.9367437362670898,0.0,0.0,0.34998998045921326,0.9355027675628662,0.0,0.0,0.3532611131668091,-0.05424870838920259
210.17154745605268,136.79941833373553,0.0,9.085952945252625,0.9365142583847046,0.0,0.0,0.3506005108356476,0.935605525970459,0.0,0.0,0.3529894948005676,-0.40463780399729365
211.9988360296905,134.67308695318357,0.0,9.094173174442096,0.9362486004829407,0.0,0.0,0.35130488872528076,0.9356867074966431,0.0,0.0,0.3527757525444031,-0.05466387147957985
213.83154654121867,132.54825184181652,0.0,9.102293338212991,0.9359458088874817,0.0,0.0,0.35210463404655457,0.9357452392578125,0.0,0.0,0.35262253880500793,-0.405047913278652
215.67013184805597,130.42540667290527,0.0,9.110307454584554,0.9356050491333008,0.0,0.0,0.3530012369155884,0.9357801079750061,0.0,0.0,0.35253238677978516,-0.0550686248316789
217.51504585785023,128.30504876681672,0.0,9.118209541576029,0.9352254271507263,0.0,0.0,0.3539959788322449,0.9357905983924866,0.0,0.0,0.35250720381736755,-0.4054470085812518
219.36674346140362,126.18767902577892,0.0,9.125993617206666,0.9348061084747314,0.0,0.0,0.35509011149406433,0.9357755184173584,0.0,0.0,0.35254961252212524,-0.05546175996453934
221.22568046068383,124.07380186377816,0.0,9.133653699495706,0.9343551397323608,0.0,0.0,0.3562881052494049,0.93573397397995,0.0,0.0,0.352661669254303,-0.4058338814241327
223.09231349189844,121.9639251315679,0.0,9.141183806462397,0.9338626861572266,0.0,0.0,0.35758736729621887,0.9356651902198792,0.0,0.0,0.35284531116485596,-0.05584206839720046
224.96709994361478,119.85856003676864,0.0,9.148577956125983,0.9333280324935913,0.0,0.0,0.358988881111145,0.9355682134628296,0.0,0.0,0.35310256481170654,-0.406207323326334
226.85049786990345,117.75822105904174,0.0,9.155830166505709,0.9327505230903625,0.0,0.0,0.36049336194992065,0.9354420900344849,0.0,0.0,0.3534352481365204,-0.056208341648701754
228.74296589849064,115.66342586031843,0.0,9.162934455620823,0.9321295619010925,0.0,0.0,0.3621014654636383,0.9352859854698181,0.0,0.0,0.35384511947631836,-0.40656612580689533
230.64496313390296,113.5746951900681,0.0,9.169884841490571,0.9314643740653992,0.0,0.0,0.3638138175010681,0.9350990653038025,0.0,0.0,0.354333758354187,-0.05655937123808297
232.55694905558914,111.4925527855927,0.0,9.176675342134194,0.9307539463043213,0.0,0.0,0.3656308054924011,0.9348804950714111,0.0,0.0,0.3549027442932129,-0.40690908038485607
234.47938341100607,109.41752526733266,0.0,9.183299975570943,0.9299978613853455,0.0,0.0,0.36755284667015076,0.9346345663070679,0.0,0.0,0.3555555045604706,-0.056893948684383466
236.4127261036589,107.3501420291741,0.0,9.189752759820058,0.929194986820221,0.0,0.0,0.36958011984825134,0.9343560338020325,0.0,0.0,0.3562919795513153,-0.4072349785792558
238.3574370760844,105.29093512374581,0.0,9.19602771290079,0.9283445477485657,0.0,0.0,0.3717128336429596,0.9340441226959229,0.0,0.0,0.3571135103702545,-0.05721086550664267
240.31397618776836,103.24043914270142,0.0,9.202118852832381,0.9274458289146423,0.0,0.0,0.3739510178565979,0.9336981177330017,0.0,0.0,0.3580212891101837,-0.40754261190913416
242.2828030879945,101.19919109197524,0.0,9.208020197634077,0.9264978766441345,0.0,0.0,0.37629467248916626,0.9333174228668213,0.0,0.0,0.35901641845703125,-0.057508913223900004
244.26437708361627,99.167730262013,0.0,9.213725765325123,0.9254997968673706,0.0,0.0,0.37874364852905273,0.93290114402771,0.0,0.0,0.3601002097129822,-0.4078307718935304
246.25915700175224,97.14659809297031,0.0,9.219229573924766,0.9244508147239685,0.0,0.0,0.381297767162323,0.9324485659599304,0.0,0.0,0.36127352714538574,-0.05778688335519511
248.26760104740342,95.13633803488052,0.0,9.22452564145225,0.923349916934967,0.0,0.0,0.3839566111564636,0.9319589734077454,0.0,0.0,0.3625374734401703,-0.40809825005148415
250.2901666559941,93.13749540279352,0.0,9.229607985926826,0.9221962690353394,0.0,0.0,0.38671982288360596,0.9314314723014832,0.0,0.0,0.3638930022716522,-0.058043567419567677
252.32731034084003,91.15061722688807,0.0,9.234470625367733,0.920988917350769,0.0,0.0,0.3895868957042694,0.9308654069900513,0.0,0.0,0.3653407692909241,-0.408343837902035
254.37948753555096,89.17625209756395,0.0,9.239107577794217,0.9197270274162292,0.0,0.0,0.392556756734848,0.9302599430084229,0.0,0.0,0.3668819069862366,-0.058277756936056746
256.4471524313741,87.2149500055223,0.0,9.243512861225526,0.9184103012084961,0.0,0.0,0.39562785625457764,0.929614245891571,0.0,0.0,0.3685166537761688,-0.4085663269642223
258.5307578094905,85.2672621768435,0.0,9.247680493680907,0.9170384407043457,0.0,0.0,0.39879754185676575,0.9289276003837585,0.0,0.0,0.3702455461025238,-0.05848824342370229
260.63075486827734,83.33374090307593,0.0,9.251604493179599,0.915611982345581,0.0,0.0,0.40206199884414673,0.9281991720199585,0.0,0.0,0.3720692992210388,-0.40876450875708553
262.7475930455495,81.41493936635126,0.0,9.255278877740853,0.9141318798065186,0.0,0.0,0.4054161608219147,0.927428126335144,0.0,0.0,0.3739883005619049,-0.05867381840154334
264.88171983580264,79.51141145954202,0.0,9.258697665383913,0.9125998616218567,0.0,0.0,0.40885332226753235,0.9266137480735779,0.0,0.0,0.37600281834602356,-0.4089371747996644
267.03358060247314,77.62371160148447,0.0,9.261854874128028,0.9110183715820312,0.0,0.0,0.4123651385307312,0.9257550835609436,0.0,0.0,0.3781130909919739,-0.05883327338861982
269.2036183852431,75.75239454728711,0.0,9.264744521992437,0.9093911051750183,0.0,0.0,0.4159415662288666,0.9248514175415039,0.0,0.0,0.3803190588951111,-0.4090831166109982
271.3922737024141,73.89801519375098,0.0,9.26736062699639,0.9077224135398865,0.0,0.0,0.4195706844329834,0.9239017963409424,0.0,0.0,0.3826208710670471,-0.05896539990397098
273.5999843483762,72.06112837993217,0.0,9.269697207159131,0.9060180187225342,0.0,0.0,0.42323875427246094,0.9229055643081665,0.0,0.0,0.3850184977054596,-0.4092011257101265
275.82718518621067,70.24228868287396,0.0,9.271748280499907,0.904284656047821,0.0,0.0,0.4269299805164337,0.9218617677688599,0.0,0.0,0.3875117599964142,-0.05906898946663641
278.07430793545274,68.44205020854639,0.0,9.273507865037962,0.9025301933288574,0.0,0.0,0.4306265413761139,0.9207696318626404,0.0,0.0,0.39010024070739746,-0.4092899936160889
280.34178095505916,66.66096637802714,0.0,9.274969978792539,0.9007639288902283,0.0,0.0,0.434308797121048,0.919628381729126,0.0,0.0,0.3927835524082184,-0.059142833595655475
282.63002902161674,64.89958970896669,0.0,9.27612863978289,0.8989967703819275,0.0,0.0,0.43795502185821533,0.9184371829032898,0.0,0.0,0.39556142687797546,-0.4093485118479248
284.9394731028364,63.15847159237846,0.0,9.276977866028258,0.8972406387329102,0.0,0.0,0.44154149293899536,0.917195200920105,0.0,0.0,0.39843299984931946,-0.05918572381006798
287.2705301263833,61.438162064801034,0.0,9.277511675547883,0.8955092430114746,0.0,0.0,0.4450424611568451,0.915901780128479,0.0,0.0,0.40139761567115784,-0.40937547192467355
289.6236127440869,59.73920957588302,0.0,9.277724086361019,0.8938177824020386,0.0,0.0,0.4484301507472992,0.9145561456680298,0.0,0.0,0.4044545590877533,-0.059196451628913294
291.9991290915904,58.0621607514417,0.0,9.277609116486904,0.8921827077865601,0.0,0.0,0.45167455077171326,0.9131580591201782,0.0,0.0,0.4076016843318939,-0.4093696653653747
294.3974825695994,56.407560134251696,0.0,9.277160884438807,0.8906223773956299,0.0,0.0,0.4547434449195862,0.9117117524147034,0.0,0.0,0.41082701086997986,-0.05917381364668617
296.8186966974366,54.77563649584781,0.0,9.276379571754813,0.8891564607620239,0.0,0.0,0.4576030373573303,0.9102287292480469,0.0,0.0,0.41410255432128906,-0.40933020512880935
299.26059036587156,53.164785067376464,0.0,9.2752747769076,0.8878037929534912,0.0,0.0,0.4602218270301819,0.9087227582931519,0.0,0.0,0.4173974394798279,-0.05911801592712995
301.72018440320545,51.57273428429331,0.0,9.273856910682344,0.8865816593170166,0.0,0.0,0.46257174015045166,0.9072067141532898,0.0,0.0,0.4206824004650116,-0.4092585957234935
304.1945015111163,49.99720951169976,0.0,9.27213638386424,0.8855060338973999,0.0,0.0,0.4646274447441101,0.9056936502456665,0.0,0.0,0.42393040657043457,-0.05903112063328625
306.6805684235365,48.4359348302776,0.0,9.270123607238462,0.8845917582511902,0.0,0.0,0.4663659930229187,0.9041958451271057,0.0,0.0,0.42711588740348816,-0.40915694033835326
309.1754168928249,46.88663385057632,0.0,9.267828991590193,0.8838520646095276,0.0,0.0,0.4677663743495941,0.9027252793312073,0.0,0.0,0.4302152395248413,-0.05891523095408069
311.67608462623997,45.34703048744734,0.0,9.265262947704613,0.883293867111206,0.0,0.0,0.4688062071800232,0.9012938737869263,0.0,0.0,0.433206170797348,-0.4090273421623139
314.17961617259573,43.81484969452322,0.0,9.26243588636691,0.8829377889633179,0.0,0.0,0.4694722890853882,0.8999130129814148,0.0,0.0,0.43606749176979065,-0.058772450078439176
316.68306375900465,42.28781815866353,0.0,9.259358218362264,0.8827924132347107,0.0,0.0,0.4697464108467102,0.8985939025878906,0.0,0.0,0.4387796223163605,-0.40887190438430143
319.1834880776436,40.76366495430909,0.0,9.256040354475854,0.8828652501106262,0.0,0.0,0.46961095929145813,0.8973472118377686,0.0,0.0,0.44132381677627563,-0.05860488119528712
321.6779590225008,39.240122157708065,0.0,9.252492705492868,0.8831627368927002,0.0,0.0,0.4690488874912262,0.8961834907531738,0.0,0.0,0.4436822533607483,-0.40869273019324154
324.1635563760883,37.714925420995435,0.0,9.248725682198485,0.8836904168128967,0.0,0.0,0.4680432379245758,0.8951130509376526,0.0,0.0,0.4458378553390503,-0.05841462749355064
326.63737044612384,36.18581450612736,0.0,9.244749695377887,0.8844649195671082,0.0,0.0,0.46658337116241455,0.8941459655761719,0.0,0.0,0.4477742612361908,-0.4084919227780598
329.0965026522109,34.65053377868954,0.0,9.240575155816256,0.8854846358299255,0.0,0.0,0.4646497964859009,0.8932920098304749,0.0,0.0,0.4494754672050476,-0.058203792162155155
331.53806606256865,33.10683266161343,0.0,9.236212474298775,0.8867539167404175,0.0,0.0,0.46222636103630066,0.8925606608390808,0.0,0.0,0.4509262442588806,-0.4082715853276819
333.95918588087346,31.552466048853482,0.0,9.231672061610626,0.8882763385772705,0.0,0.0,0.4592970311641693,0.8919610977172852,0.0,0.0,0.45211121439933777,-0.05797447839002645
336.35699988330504,29.985194679089783,0.0,9.226964328536988,0.8900538086891174,0.0,0.0,0.4558454155921936,0.8915019631385803,0.0,0.0,0.4530158042907715,-0.40803382103103353
338.7286588058949,28.40278546953714,0.0,9.222099685863052,0.8920869827270508,0.0,0.0,0.451855331659317,0.8911881446838379,0.0,0.0,0.45362305641174316,-0.05772878936609027
341.07132668230116,26.80301180995275,0.0,9.21708854437399,0.8943746089935303,0.0,0.0,0.447311669588089,0.8910349011421204,0.0,0.0,0.45392218232154846,-0.4077807330770405
343.38218113214054,25.18365381694783,0.0,9.21194131485499,0.8969131112098694,0.0,0.0,0.44220101833343506,0.891048014163971,0.0,0.0,0.45389705896377563,-0.05746882827927208
345.6584136000278,23.542498548718672,0.0,9.206668408091232,0.8996959924697876,0.0,0.0,0.43651217222213745,0.891232430934906,0.0,0.0,0.453531950712204,-0.4075144246546285
347.8972295454792,21.877340180324843,0.0,9.201280234867898,0.9027137160301208,0.0,0.0,0.4302375912666321,0.8915984034538269,0.0,0.0,0.4528135061264038,-0.05719669831849766
350.0958485838558,20.185980139647082,0.0,9.195787205970175,0.9059535264968872,0.0,0.0,0.42337366938591003,0.8921505212783813,0.0,0.0,0.4517259895801544,-0.4072369989527233
352.2515045785249,18.46622720417182,0.0,9.190199732183242,0.9093990325927734,0.0,0.0,0.41592180728912354,0.8928946852684021,0.0,0.0,0.4502546787261963,-0.056914502672692935
354.3614456844311,16.715897558750534,0.0,9.184528224292277,0.9130303263664246,0.0,0.0,0.4078892767429352,0.8938359022140503,0.0,0.0,0.44838422536849976,-0.40695055916025036
356.4229343432755,14.932814814492147,0.0,9.178783093082469,0.9168238639831543,0.0,0.0,0.3992897868156433,0.8949787616729736,0.0,0.0,0.44609978795051575,-0.05662434453078341
358.4332472305058,13.114809988953407,0.0,9.172974749338994,0.9207528829574585,0.0,0.0,0.39014434814453125,0.8963263630867004,0.0,0.0,0.4433865547180176,-0.40665720846613546
360.38967515433086,11.25972144779017,0.0,9.16711360384704,0.9247878193855286,0.0,0.0,0.38048163056373596,0.8978813290596008,0.0,0.0,0.44022998213768005,-0.056328327081694884
362.2895229069709,9.365394808045565,0.0,9.161210067391782,0.9288963079452515,0.0,0.0,0.37033841013908386,0.8996446132659912,0.0,0.0,0.43661582469940186,-0.40635905005930417
364.1301090683623,7.429682803244402,0.0,9.155274550758412,0.9330444931983948,0.0,0.0,0.359759658575058,0.9016162753105164,0.0,0.0,0.43253034353256226,-0.056028553514352986
365.9087657625377,5.4504451104718825,0.0,9.149317464732105,0.9371973276138306,0.0,0.0,0.3487984538078308,0.9037942886352539,0.0,0.0,0.42796117067337036,-0.40605818712868263
367.6228383668988,3.425548139612653,0.0,9.143349220098045,0.9413195848464966,0.0,0.0,0.3375156819820404,0.9061753749847412,0.0,0.0,0.42289653420448303,-0.05572712701768323
369.269685174604,1.3528647849252504,0.0,9.137380227641417,0.9453765749931335,0.0,0.0,0.32597947120666504,0.9087545871734619,0.0,0.0,0.41732585430145264,-0.4057567228631964
370.84667701029105,-0.7697258608727964,0.0,9.131420898147395,0.9493351578712463,0.0,0.0,0.314264714717865,0.9115245342254639,0.0,0.0,0.41124099493026733,-0.055426150780611416
372.3511967993456,-2.9443388298334874,0.0,9.125481642401173,0.9531643390655518,0.0,0.0,0.30245232582092285,0.9144757390022278,0.0,0.0,0.40463632345199585,-0.40545676045177104
373.7806390909343,-5.173083639153916,0.0,9.119572871187923,0.956835925579071,0.0,0.0,0.2906281650066376,0.9175910353660583,0.0,0.0,0.39752140641212463,-0.05512772799206345
375.13258248367123,-7.457933878064834,0.0,9.113704995292832,0.9603252410888672,0.0,0.0,0.27888214588165283,0.9208372235298157,0.0,0.0,0.38994312286376953,-0.40516040308333207
376.40797199176427,-9.798320215528824,0.0,9.107888425501077,0.9636131525039673,0.0,0.0,0.26730018854141235,0.9241735339164734,0.0,0.0,0.3819689452648163,-0.05483396184096473
377.61079186731666,-12.191377868564675,0.0,9.102133572597852,0.9666876196861267,0.0,0.0,0.25595855712890625,0.9275624752044678,0.0,0.0,0.37366440892219543,-0.4048697539468056
378.7451212650084,-14.63417357105873,0.0,9.09645084736833,0.9695421457290649,0.0,0.0,0.24492420256137848,0.930969774723053,0.0,0.0,0.36509284377098083,-0.054546955516241336
379.8150235591548,-17.12378929961227,0.0,9.090850660597692,0.9721750617027283,0.0,0.0,0.23425529897212982,0.9343652725219727,0.0,0.0,0.35631343722343445,-0.4045869162311168
380.8245463504413,-19.65732228089541,0.0,9.085343423071128,0.9745885729789734,0.0,0.0,0.22400231659412384,0.9377220273017883,0.0,0.0,0.3473835289478302,-0.05426881220681895
381.7777215392994,-22.231884950705304,0.0,9.079939545573811,0.9767878651618958,0.0,0.0,0.2142087072134018,0.941017210483551,0.0,0.0,0.33835577964782715,-0.40431399312519173
382.6785654656404,-24.84460486492937,0.0,9.074649438890928,0.9787803292274475,0.0,0.0,0.2049117088317871,0.9442312717437744,0.0,0.0,0.32928043603897095,-0.054001635101622814
383.5310791146752,-27.492624562616957,0.0,9.06948351380766,0.9805752635002136,0.0,0.0,0.19614273309707642,0.94734787940979,0.0,0.0,0.32020413875579834,-0.40405308781795596
384.33924838856336,-30.17310138134513,0.0,9.064452181109194,0.9821828007698059,0.0,0.0,0.18792778253555298,0.9503533244132996,0.0,0.0,0.3111707270145416,-0.05374752738957911
385.10704444364285,-32.88320722505826,0.0,9.059565851580706,0.983613908290863,0.0,0.0,0.18028771877288818,0.9532374739646912,0.0,0.0,0.3022204637527466,-0.4038063034983353
385.8384240930135,-35.62012828454637,0.0,9.05483493600738,0.984879732131958,0.0,0.0,0.17323902249336243,0.9559918642044067,0.0,0.0,0.293391615152359,-0.05350859225961313
386.5373302742643,-38.38106471072185,0.0,9.050269845174398,0.9859917163848877,0.0,0.0,0.16679351031780243,0.9586107730865479,0.0,0.0,0.28471851348876953,-0.4035757433552554
387.20769258214807,-41.16323024082904,0.0,9.045880989866944,0.9869609475135803,0.0,0.0,0.16095921397209167,0.9610899686813354,0.0,0.0,0.2762341797351837,-0.05328693290065084
387.85342786603445,-43.96385177771917,0.0,9.041678780870196,0.9877978563308716,0.0,0.0,0.15574030578136444,0.9634271264076233,0.0,0.0,0.2679691016674042,-0.4033635105776419
388.47844089199,-46.78016892229525,0.0,9.037673628969342,0.9885125756263733,0.0,0.0,0.15113744139671326,0.9656214714050293,0.0,0.0,0.25995075702667236,-0.05308465250161776
389.0866250693603,-49.6094334592252,0.0,9.03387594494956,0.9891144633293152,0.0,0.0,0.1471477597951889,0.9676734805107117,0.0,0.0,0.2522052824497223,-0.4031717083544206
389.68186324175156,-52.44890879599415,0.0,9.030296139596036,0.9896117448806763,0.0,0.0,0.14376509189605713,0.969584047794342,0.0,0.0,0.24475759267807007,-0.052903854251439786
390.268028542339,-55.29586935535464,0.0,9.026944623693948,0.9900123476982117,0.0,0.0,0.14098013937473297,0.9713553786277771,0.0,0.0,0.23763048648834229,-0.40300243987451717
390.848985313455,-58.14759992120705,0.0,9.023831808028481,0.9903231263160706,0.0,0.0,0.1387801319360733,0.9729903340339661,0.0,0.0,0.23084518313407898,-0.052746641339042444
391.42859009044304,-61.0013949379271,0.0,9.020968103384815,0.9905503392219543,0.0,0.0,0.13714933395385742,0.9744917750358582,0.0,0.0,0.22442229092121124,-0.40285780832685725
392.01069264979094,-63.85455776312786,0.0,9.018363920548131,0.9906941056251526,0.0,0.0,0.13606765866279602,0.9758632779121399,0.0,0.0,0.21838125586509705,-0.05261511695335136
392.59913712159425,-66.70439987382612,0.0,9.016029670303622,0.9907691478729248,0.0,0.0,0.1355135291814804,0.9771085381507874,0.0,0.0,0.21274058520793915,-0.40273991690036687
393.1977631664329,-69.54824002595396,0.0,9.013975763436452,0.9907770156860352,0.0,0.0,0.1354602873325348,0.978230893611908,0.0,0.0,0.2075185775756836,-0.05251138428329227
393.8104072167796,-72.38340336712878,0.0,9.01221261073182,0.9907196760177612,0.0,0.0,0.13587725162506104,0.9792339205741882,0.0,0.0,0.2027329057455063,-0.4026508687839714
394.440903744107,-75.207220331119,0.0,9.010750074623687,0.9905995726585388,0.0,0.0,0.13673004508018494,0.9801212549209595,0.0,0.0,0.1983983814716339,-0.052437518823285456
395.0930859244992,-78.01702271658922,0.0,9.009588549114802,0.9904198050498962,0.0,0.0,0.13798020780086517,0.9808983206748962,0.0,0.0,0.19451986253261566,-0.4025922058794823
395.7703398254557,-80.81046591710542,0.0,9.00872043379681,0.9901974201202393,0.0,0.0,0.1395878791809082,0.9815740585327148,0.0,0.0,0.19108083844184875,-0.05239367461530603
396.4733770565041,-83.58715328224714,0.0,9.008137877363016,0.9899266958236694,0.0,0.0,0.14151188731193542,0.9821577072143555,0.0,0.0,0.18805807828903198,-0.40256278383737154
397.20191964867735,-86.34740729303236,0.0,9.007833028506713,0.9896109104156494,0.0,0.0,0.14371642470359802,0.982657253742218,0.0,0.0,0.18543019890785217,-0.052378278208422
397.9556905470576,-89.0915471691809,0.0,9.007798035921223,0.9892531037330627,0.0,0.0,0.1461687684059143,0.983079731464386,0.0,0.0,0.18317699432373047,-0.40256101653507403
398.7344150376798,-91.81988782404913,0.0,9.008025048299842,0.9888559579849243,0.0,0.0,0.14883966743946075,0.9834315180778503,0.0,0.0,0.18127822875976562,-0.05238974348006947
399.53782055177965,-94.53274000277939,0.0,9.00850621433588,0.9884218573570251,0.0,0.0,0.15170222520828247,0.9837183952331543,0.0,0.0,0.17971503734588623,-0.40258531785002544
400.36563647411464,-97.23041041725311,0.0,9.009233682722643,0.9879528880119324,0.0,0.0,0.15473243594169617,0.9839452505111694,0.0,0.0,0.1784685254096985,-0.05242648430768376
401.2175939553204,-99.9132018778752,0.0,9.010199602153437,0.9874509572982788,0.0,0.0,0.15790820121765137,0.9841165542602539,0.0,0.0,0.17752160131931305,-0.4026341016596615
402.09342572827,-102.58141342221225,0.0,9.011396121321567,0.9869178533554077,0.0,0.0,0.16120950877666473,0.9842318892478943,0.0,0.0,0.1768566220998764,-0.05248691456870047
402.99286592840343,-105.23534044050608,0.0,9.012815388920343,0.9863554239273071,0.0,0.0,0.16461852192878723,0.9843019843101501,0.0,0.0,0.17645840346813202,-0.4027057818414178
403.91564991799686,-107.87527479808433,0.0,9.014449553643066,0.985765278339386,0.0,0.0,0.16811878979206085,0.9843283295631409,0.0,0.0,0.1763116717338562,-0.05256944814055525
404.8615141143487,-110.50150495468398,0.0,9.016290764183045,0.9851489067077637,0.0,0.0,0.17169548571109772,0.9843124747276306,0.0,0.0,0.1764013022184372,-0.40279877227272987
405.8301958218544,-113.11431608070635,0.0,9.018331169233587,0.9845078587532043,0.0,0.0,0.17533500492572784,0.9842559695243835,0.0,0.0,0.17671264708042145,-0.052672498900683595
406.82143306795,-115.71399017041662,0.0,9.020562917487997,0.9838437438011169,0.0,0.0,0.1790250837802887,0.9841601848602295,0.0,0.0,0.17723217606544495,-0.40291148683103334
407.83496444290523,-118.30080615210179,0.0,9.022978157639578,0.9831579923629761,0.0,0.0,0.18275462090969086,0.9840318560600281,0.0,0.0,0.1779482364654541,-0.05279448072652104
408.8705289434469,-120.87503999519772,0.0,9.025569038381647,0.982451856136322,0.0,0.0,0.18651333451271057,0.9838696122169495,0.0,0.0,0.17884767055511475,-0.40304233939376416
409.9278658201987,-123.43696481439572,0.0,9.028327708407497,0.9817270040512085,0.0,0.0,0.19029206037521362,0.983674943447113,0.0,0.0,0.17991849780082703,-0.05293380749550336
411.0067144289235,-125.98685097073691,0.0,9.031246316410439,0.9809847474098206,0.0,0.0,0.1940823793411255,0.9834496378898621,0.0,0.0,0.18114957213401794,-0.40318974383835715
412.106814085556,-128.52496616970032,0.0,9.034317011083777,0.9802265167236328,0.0,0.0,0.19787666201591492,0.983194887638092,0.0,0.0,0.18252980709075928,-0.05308889308506587
413.2279039250177,-131.05157555629165,0.0,9.037531941120829,0.9794535636901855,0.0,0.0,0.20166796445846558,0.9829121828079224,0.0,0.0,0.18404878675937653,-0.4033521140422487
414.369722763805,-133.56694180713484,0.0,9.040883255214888,0.9786673784255981,0.0,0.0,0.20544996857643127,0.9826026558876038,0.0,0.0,0.18569675087928772,-0.05325815137264461
415.5320089663457,-136.0713252195718,0.0,9.04436310205926,0.9778690338134766,0.0,0.0,0.20921668410301208,0.982267439365387,0.0,0.0,0.18746405839920044,-0.4035278638828735
416.71450031511813,-138.56498379777022,0.0,9.04796363034726,0.977060079574585,0.0,0.0,0.21296295523643494,0.9819075465202332,0.0,0.0,0.18934178352355957,-0.05343999623567497
417.9169338845321,-141.04817333583867,0.0,9.05167698877219,0.9762415885925293,0.0,0.0,0.21668395400047302,0.9815241694450378,0.0,0.0,0.19132086634635925,-0.4037154072376679
419.13904591856857,-143.52114749795263,0.0,9.055495326027355,0.9754149913787842,0.0,0.0,0.2203754484653473,0.9811181426048279,0.0,0.0,0.19339346885681152,-0.05363284155159237
420.38057171217986,-145.98415789548488,0.0,9.05941079080606,0.974581241607666,0.0,0.0,0.22403329610824585,0.9806907176971436,0.0,0.0,0.195551335811615,-0.4039131579840672
421.6412454964513,-148.43745416113944,0.0,9.063415531801617,0.973741888999939,0.0,0.0,0.22765398025512695,0.9802424907684326,0.0,0.0,0.1977871060371399,-0.053835101197832635
422.9208003275276,-150.8812840200881,0.0,9.067501697707325,0.9728979468345642,0.0,0.0,0.2312340885400772,0.9797744750976562,0.0,0.0,0.2000933736562729,-0.404119529999507
424.21896797930845,-153.31589335809866,0.0,9.071661437216495,0.972050666809082,0.0,0.0,0.23477056622505188,0.9792876243591309,0.0,0.0,0.20246316492557526,-0.05404518905183109
425.5354788399184,-155.74152628665675,0.0,9.075886899022434,0.9712011218070984,0.0,0.0,0.23826046288013458,0.9787830710411072,0.0,0.0,0.20488977432250977,-0.4043329371614231
426.8700618119578,-158.1584252050685,0.0,9.080170231818444,0.9703505039215088,0.0,0.0,0.24170130491256714,0.9782613515853882,0.0,0.0,0.20736731588840485,-0.054261518991023605
428.2224442165428,-160.56683085954268,0.0,9.084503584297835,0.9695000648498535,0.0,0.0,0.2450905591249466,0.9777234792709351,0.0,0.0,0.20988965034484863,-0.40455179334725083
429.59235170114295,-162.96698239923978,0.0,9.08887910515391,0.968650758266449,0.0,0.0,0.24842587113380432,0.9771702289581299,0.0,0.0,0.21245108544826508,-0.05448250489284567
430.9795081512246,-165.3591174292842,0.0,9.093288943079974,0.9678038358688354,0.0,0.0,0.251705139875412,0.9766025543212891,0.0,0.0,0.21504570543766022,-0.40477451243442575
432.3836356057135,-167.74347206072727,0.0,9.097725246769338,0.9669603109359741,0.0,0.0,0.25492623448371887,0.9760214686393738,0.0,0.0,0.2176685333251953,-0.05470656063473267
433.8044541762836,-170.12028095745393,0.0,9.102180164915307,0.9661214351654053,0.0,0.0,0.25808724761009216,0.9754276871681213,0.0,0.0,0.22031481564044952,-0.40499950830038384
435.24168197048846,-172.48977738002293,0.0,9.106645846211187,0.9652882218360901,0.0,0.0,0.2611861824989319,0.9748221039772034,0.0,0.0,0.2229793667793274,-0.05493210009412053
436.6950350187432,-174.85219322642982,0.0,9.11111443935028,0.9644618630409241,0.0,0.0,0.2642212510108948,0.9742056131362915,0.0,0.0,0.2256576418876648,-0.40522519482256025
438.16422720517437,-177.2077590697831,0.0,9.1155780930259,0.9636434316635132,0.0,0.0,0.2671906650066376,0.9735791683197021,0.0,0.0,0.22834573686122894,-0.055157537148444735
439.6489702023465,-179.55670419288157,0.0,9.120028955931343,0.9628340601921082,0.0,0.0,0.27009278535842896,0.9729434847831726,0.0,0.0,0.23103950917720795,-0.40544998587839076
441.1489734098846,-181.89925661968445,0.0,9.124459176759922,0.9620348811149597,0.0,0.0,0.27292588353157043,0.9722996950149536,0.0,0.0,0.23373430967330933,-0.05538128567514061
442.66394389700116,-184.23564314365976,0.0,9.128860904204943,0.9612469673156738,0.0,0.0,0.27568817138671875,0.9716483950614929,0.0,0.0,0.23642750084400177,-0.4056722953453111
444.19358634894695,-186.5660893530025,0.0,9.133226286959712,0.9604713916778564,0.0,0.0,0.2783779501914978,0.9709907174110413,0.0,0.0,0.23911455273628235,-0.05560175955164404
445.73760301739765,-188.89081965271063,0.0,9.137547473717532,0.9597095251083374,0.0,0.0,0.28099361062049866,0.9703273773193359,0.0,0.0,0.24179263412952423,-0.40589053710075657
447.2956939029713,-191.21005762126066,0.0,9.141817946352235,0.9589622020721436,0.0,0.0,0.2835334837436676,0.9696592092514038,0.0,0.0,0.24445827305316925,-0.055817439987740136
448.8675390541294,-193.5240286341557,0.0,9.14603670559115,0.9582306742668152,0.0,0.0,0.28599587082862854,0.9689876437187195,0.0,0.0,0.24710705876350403,-0.40610360574918664
450.45271626474863,-195.83296561407863,0.0,9.150204180020557,0.9575160145759583,0.0,0.0,0.2883793115615845,0.9683135747909546,0.0,0.0,0.24973511695861816,-0.0560279184942758
452.0507677810204,-198.13710465489328,0.0,9.154320798228813,0.9568194150924683,0.0,0.0,0.2906823754310608,0.967638373374939,0.0,0.0,0.25233888626098633,-0.40631151575970464
453.6612343775177,-200.43668277995582,0.0,9.158386988804265,0.9561416506767273,0.0,0.0,0.2929040789604187,0.9669630527496338,0.0,0.0,0.25491461157798767,-0.05623328165465219
455.2836554104768,-202.73193792578036,0.0,9.16240318033527,0.9554837942123413,0.0,0.0,0.2950432002544403,0.9662887454032898,0.0,0.0,0.25745895504951477,-0.40651435371581596
456.9175688443395,-205.02310892757728,0.0,9.166369801410166,0.9548465013504028,0.0,0.0,0.2970989942550659,0.9656164050102234,0.0,0.0,0.2599690556526184,-0.056433616052374236
458.5625112780393,-207.31043550493186,0.0,9.170287280617314,0.954230785369873,0.0,0.0,0.2990707755088806,0.9649472236633301,0.0,0.0,0.26244211196899414,-0.40671220620102544
460.2180179710317,-209.594158247626,0.0,9.174156046545061,0.9536373019218445,0.0,0.0,0.3009577691555023,0.9642823338508606,0.0,0.0,0.26487475633621216,-0.0566290082709473
461.8836228690644,-211.87451860160212,0.0,9.177976527781755,0.953066885471344,0.0,0.0,0.3027593791484833,0.9636227488517761,0.0,0.0,0.26726481318473816,-0.4069051597988383
463.55885862968734,-214.15175885507375,0.0,9.181749152915753,0.9525200724601746,0.0,0.0,0.30447524785995483,0.9629693031311035,0.0,0.0,0.2696095407009125,-0.05681954489387647
465.2432566475001,-216.42612212477957,0.0,9.185474350535397,0.9519976377487183,0.0,0.0,0.3061048090457916,0.9623232483863831,0.0,0.0,0.27190646529197693,-0.4070933010927597
466.9363470791341,-218.69785234238455,0.0,9.189152549229048,0.9515001773834229,0.0,0.0,0.3076477646827698,0.9616855382919312,0.0,0.0,0.27415359020233154,-0.05700531250466695
468.6376588679684,-220.96719424102957,0.0,9.19278417758504,0.9510282278060913,0.0,0.0,0.309103786945343,0.9610571265220642,0.0,0.0,0.27634865045547485,-0.4072767166662946
470.34671976857715,-223.23439334202823,0.0,9.196369664191739,0.9505822062492371,0.0,0.0,0.31047260761260986,0.9604387879371643,0.0,0.0,0.2784903943538666,-0.05718639768682349
472.06305637090674,-225.49969594171407,0.0,9.199909437637489,0.9501549005508423,0.0,0.0,0.3117515742778778,0.9598316550254822,0.0,0.0,0.2805759012699127,-0.40745549310294865
473.78619412418135,-227.76334909843817,0.0,9.203403926510637,0.9497563242912292,0.0,0.0,0.31294360756874084,0.9592364430427551,0.0,0.0,0.28260430693626404,-0.05736288702385117
475.5156573605351,-230.02560061971812,0.0,9.206853559399535,0.949386715888977,0.0,0.0,0.3140483498573303,0.9586541056632996,0.0,0.0,0.28457340598106384,-0.4076297169862263
477.2509693183673,-232.28669904953907,0.0,9.210258764892542,0.9490461349487305,0.0,0.0,0.3150656521320343,0.9580855369567871,0.0,0.0,0.286481648683548,-0.05753486709925559
478.99165216542303,-234.54689365580904,0.0,9.213619971578002,0.9487347602844238,0.0,0.0,0.31599539518356323,0.9575315117835999,0.0,0.0,0.2883279323577881,-0.40779947489963336
480.73722702159307,-236.8064344179674,0.0,9.21693760804426,0.9484527707099915,0.0,0.0,0.316837340593338,0.9569928050041199,0.0,0.0,0.29011061787605286,-0.057702424496541393
482.48721398143397,-239.06557201474834,0.0,9.22021210287967,0.9482002258300781,0.0,0.0,0.3175913691520691,0.9564704298973083,0.0,0.0,0.291828453540802,-0.4079648534266742
484.2411321364074,-241.32455781210183,0.0,9.223443884672587,0.9479772448539734,0.0,0.0,0.31825754046440125,0.9559650421142578,0.0,0.0,0.2934802770614624,-0.05786564579921405
485.9984995968343,-243.5836438512699,0.0,9.226633382011357,0.9477839469909668,0.0,0.0,0.3188354969024658,0.9554770588874817,0.0,0.0,0.2950647175312042,-0.4081259391508545
487.7588335135654,-245.84308283702043,0.0,9.229781023484332,0.9476203918457031,0.0,0.0,0.3193252384662628,0.9550074934959412,0.0,0.0,0.2965810298919678,-0.05802461759077843
489.521650099365,-248.10312812604187,0.0,9.232887237679863,0.9474866390228271,0.0,0.0,0.3197266459465027,0.954556941986084,0.0,0.0,0.2980281114578247,-0.40828281865567934
491.2864646500054,-250.36403371549312,0.0,9.235952453186297,0.9473828077316284,0.0,0.0,0.3200395703315735,0.9541260004043579,0.0,0.0,0.2994050085544586,-0.05817942645473967
493.0527915650742,-252.62605423171732,0.0,9.238977098591985,0.9473088383674622,0.0,0.0,0.32026392221450806,0.9537153840065002,0.0,0.0,0.3007104992866516,-0.40843557852465345
494.82014436848874,-254.88944491911477,0.0,9.24196160248528,0.9472647905349731,0.0,0.0,0.32039961218833923,0.9533254504203796,0.0,0.0,0.30194422602653503,-0.058330158974603086
496.58803572872006,-257.1544616291777,0.0,9.24490639345453,0.9472506642341614,0.0,0.0,0.3204464614391327,0.9529571533203125,0.0,0.0,0.3031046390533447,-0.4085843053412822
498.3559774787212,-259.4213608096872,0.0,9.24781190008809,0.9472665190696716,0.0,0.0,0.3204042911529541,0.9526107907295227,0.0,0.0,0.3041912615299225,-0.05847690173387382
500.12348063556203,-261.6903994940738,0.0,9.250678550974305,0.9473122358322144,0.0,0.0,0.3202729821205139,0.952286958694458,0.0,0.0,0.3052036762237549,-0.4087290856890709
501.89005541976815,-263.96183529094174,0.0,9.253506774701524,0.9473877549171448,0.0,0.0,0.3200524151325226,0.9519860744476318,0.0,0.0,0.30614107847213745,-0.05861974131605657
503.6552112743597,-266.2359263737576,0.0,9.256296999858103,0.9474931359291077,0.0,0.0,0.319742351770401,0.9517086744308472,0.0,0.0,0.3070024251937866,-0.40887000615152436
505.4184568835947,-268.51293147070425,0.0,9.259049655032388,0.9476282000541687,0.0,0.0,0.31934258341789246,0.9514550566673279,0.0,0.0,0.30778738856315613,-0.05875876430465682
507.17930019140954,-270.79310985470084,0.0,9.261765168812733,0.9477928280830383,0.0,0.0,0.31885311007499695,0.9512258768081665,0.0,0.0,0.3084951639175415,-0.4090071533121479
508.9372484195588,-273.07672133358955,0.0,9.264443969787488,0.947986900806427,0.0,0.0,0.318273663520813,0.951017439365387,0.0,0.0,0.309123694896698,-0.05889405728317976
510.6918080854545,-275.36402624048924,0.0,9.267086486544997,0.9482102990150452,0.0,0.0,0.31760403513908386,0.9508351683616638,0.0,0.0,0.3096742630004883,-0.4091406137544463
512.4424850196981,-277.6552854243174,0.0,9.269693147673618,0.9484627842903137,0.0,0.0,0.31684404611587524,0.9506791830062866,0.0,0.0,0.3101462125778198,-0.059025706835130254
514.1887843833105,-279.95076024048,0.0,9.272264381761694,0.9487441778182983,0.0,0.0,0.3159934878349304,0.9505496025085449,0.0,0.0,0.31053921580314636,-0.40927047406192496
515.9302106846544,-282.25071254173184,0.0,9.274800617397586,0.9490541815757751,0.0,0.0,0.31505224108695984,0.9504469037055969,0.0,0.0,0.3108517527580261,-0.05915379954401373
517.6662677960512,-284.55540466920485,0.0,9.277302283169634,0.9493924379348755,0.0,0.0,0.3140205442905426,0.9503706097602844,0.0,0.0,0.31108471751213074,-0.409396820818089
519.3964589700875,-286.8650994436085,0.0,9.279769807666195,0.9497585892677307,0.0,0.0,0.3128984868526459,0.9503212571144104,0.0,0.0,0.31123635172843933,-0.059278421993334995
521.1202868556137,-289.1800601566,0.0,9.282203619475615,0.9501612186431885,0.0,0.0,0.3116896450519562,0.9502988457679749,0.0,0.0,0.3113063871860504,-0.4095197406064435
522.8372535134328,-291.50055056232617,0.0,9.284604147186247,0.9505903720855713,0.0,0.0,0.31039172410964966,0.9503031969070435,0.0,0.0,0.3112945854663849,-0.05939966076659925
524.5468604316757,-293.8268348691378,0.0,9.286971819386439,0.9510452747344971,0.0,0.0,0.30900561809539795,0.9503346085548401,0.0,0.0,0.3111998736858368,-0.4096393200104936
526.2486085408677,-296.159177731477,0.0,9.289307064664545,0.9515252709388733,0.0,0.0,0.30753293633461,0.9503928422927856,0.0,0.0,0.3110223710536957,-0.05951760244731169
527.9419982286773,-298.49784424193626,0.0,9.29161031160891,0.9520295858383179,0.0,0.0,0.30597546696662903,0.9504780173301697,0.0,0.0,0.31076115369796753,-0.40975564561374433
529.6265293543544,-300.8430999234923,0.0,9.29388198880789,0.9525570273399353,0.0,0.0,0.30433523654937744,0.9505900144577026,0.0,0.0,0.3104158937931061,-0.05963233361897735
531.3017012628519,-303.1952107219146,0.0,9.296122524849832,0.9531064629554749,0.0,0.0,0.3026147484779358,0.9507286548614502,0.0,0.0,0.30998629331588745,-0.409868803999701
532.9670127986301,-305.55444299834625,0.0,9.298332348323088,0.9536765217781067,0.0,0.0,0.3008170425891876,0.9508942365646362,0.0,0.0,0.3094708025455475,-0.05974394086510143
534.6219623191466,-307.92106352206355,0.0,9.300511887816006,0.954265832901001,0.0,0.0,0.29894569516181946,0.9510864615440369,0.0,0.0,0.30886945128440857,-0.40997888175186853
536.2660477080261,-310.29533946340825,0.0,9.302661571916937,0.9548725485801697,0.0,0.0,0.2970045506954193,0.9513106942176819,0.0,0.0,0.3081839084625244,-0.059852510769188905
537.8987663879122,-312.6775383868966,0.0,9.304781829214232,0.9554949998855591,0.0,0.0,0.2949979603290558,0.951561689376831,0.0,0.0,0.30741262435913086,-0.4100859654537521
539.5196153330002,-315.06792824450656,0.0,9.306873088296244,0.9561312794685364,0.0,0.0,0.2929307520389557,0.9518399834632874,0.0,0.0,0.30655449628829956,-0.059958129914745084
541.1280910812484,-317.46677736914,0.0,9.308935777751318,0.9567793607711792,0.0,0.0,0.29080820083618164,0.9521452188491821,0.0,0.0,0.30560898780822754,-0.4101901416888568
542.723689746269,-319.87435446826356,0.0,9.31097032616781,0.9574372172355652,0.0,0.0,0.2886362075805664,0.9524771571159363,0.0,0.0,0.30457621812820435,-0.060060884885275
544.3059070288971,-322.2909286177268,0.0,9.312977162134064,0.9581024050712585,0.0,0.0,0.2864213287830353,0.952834963798523,0.0,0.0,0.30345839262008667,-0.41029149704068785
545.8743137264199,-324.7167185589377,0.0,9.314956714238438,0.9587726593017578,0.0,0.0,0.2841704189777374,0.9532170295715332,0.0,0.0,0.3022592067718506,-0.06016086226428374
547.4288886072491,-327.1516691753603,0.0,9.316909411069277,0.9594458937644958,0.0,0.0,0.2818899154663086,0.953620970249176,0.0,0.0,0.3009851574897766,-0.41039011809275044
548.969748035637,-329.5956330507207,0.0,9.318835681214932,0.9601200222969055,0.0,0.0,0.27958548069000244,0.9540449380874634,0.0,0.0,0.29964083433151245,-0.0602581486352764
550.4970088670136,-332.0484625360845,0.0,9.320735953263751,0.9607935547828674,0.0,0.0,0.2772623598575592,0.9544873833656311,0.0,0.0,0.2982308268547058,-0.4104860914285494
552.0107883383733,-334.51000982485743,0.0,9.322610655804093,0.961465060710907,0.0,0.0,0.27492520213127136,0.9549463391304016,0.0,0.0,0.29675981402397156,-0.06035283058175828
553.5112040616864,-336.98012695856335,0.0,9.324460217424297,0.9621331691741943,0.0,0.0,0.2725784480571747,0.9554200768470764,0.0,0.0,0.29523271322250366,-0.41057950363159
554.9983740173915,-339.45866583252933,0.0,9.326285066712721,0.962796688079834,0.0,0.0,0.27022585272789,0.9559071063995361,0.0,0.0,0.2936536371707916,-0.060444994687234244
556.4724165479726,-341.9454782014782,0.0,9.328085632257713,0.9634546041488647,0.0,0.0,0.2678707540035248,0.9564058780670166,0.0,0.0,0.29202666878700256,-0.4106704412853775
557.9334503516162,-344.4404156850219,0.0,9.329862342647623,0.9641061425209045,0.0,0.0,0.2655164897441864,0.9569151401519775,0.0,0.0,0.2903551459312439,-0.0605347275352095
559.3815944759548,-346.94332977306516,0.0,9.331615626470803,0.9647505283355713,0.0,0.0,0.26316574215888977,0.9574334025382996,0.0,0.0,0.28864288330078125,-0.4107589909734169
560.8169683118913,-349.45407183110933,0.0,9.333345912315602,0.9653869867324829,0.0,0.0,0.2608211040496826,0.9579592943191528,0.0,0.0,0.28689348697662354,-0.06062211570918924
562.2396915875078,-351.97249310546357,0.0,9.335053628770368,0.9660151600837708,0.0,0.0,0.2584848403930664,0.9584919214248657,0.0,0.0,0.28511014580726624,-0.4108452392792132
563.6498843620577,-354.4984447283589,0.0,9.336739204423457,0.9666345119476318,0.0,0.0,0.2561589479446411,0.959030032157898,0.0,0.0,0.2832958400249481,-0.06070724579267861
565.0476670200444,-357.0317777229678,0.0,9.338403067863215,0.9672446846961975,0.0,0.0,0.25384533405303955,0.9595724940299988,0.0,0.0,0.2814538776874542,-0.41092927278627167
566.4331602653795,-359.5723430083258,0.0,9.340045647677995,0.9678453207015991,0.0,0.0,0.25154566764831543,0.9601184129714966,0.0,0.0,0.2795867323875427,-0.06079020436918259
567.8064851156296,-362.119991404158,0.0,9.341667372456143,0.9684361815452576,0.0,0.0,0.24926146864891052,0.9606667160987854,0.0,0.0,0.27769744396209717,-0.4110111780780974
569.1677628963471,-364.67457363560925,0.0,9.343268670786014,0.969016969203949,0.0,0.0,0.24699397385120392,0.9612168073654175,0.0,0.0,0.2757876515388489,-0.060871078022206315
570.5171152354832,-367.23594033787725,0.0,9.344849971255957,0.9695874452590942,0.0,0.0,0.24474462866783142,0.9617675542831421,0.0,0.0,0.27386119961738586,-0.41109104173819555
571.8546640578892,-369.80394206074766,0.0,9.346411702454322,0.9701476693153381,0.0,0.0,0.2425144612789154,0.9623185992240906,0.0,0.0,0.2719191312789917,-0.06094995333525505
573.1805315799005,-372.3784292730338,0.0,9.347954292969462,0.9706975221633911,0.0,0.0,0.24030444025993347,0.9628689885139465,0.0,0.0,0.26996397972106934,-0.4111689503500713
574.494840304009,-374.9592523669186,0.0,9.349478171389716,0.9712367057800293,0.0,0.0,0.23811541497707367,0.9634180665016174,0.0,0.0,0.2679983079433441,-0.061026916891833594
575.7977130136172,-377.54626166219754,0.0,9.35098376630345,0.9717654585838318,0.0,0.0,0.23594823479652405,0.9639653563499451,0.0,0.0,0.26602351665496826,-0.41124499049722957
577.0892727678811,-380.1393074104272,0.0,9.352471506299006,0.972283661365509,0.0,0.0,0.2338036149740219,0.9645101428031921,0.0,0.0,0.26404157280921936,-0.06110205527544749
578.3696428966387,-382.7382397989721,0.0,9.353941819964735,0.972791314125061,0.0,0.0,0.23168237507343292,0.9650519490242004,0.0,0.0,0.26205477118492126,-0.4113192487631755
579.6389469954229,-385.3429089549565,0.0,9.355395135888989,0.9732885956764221,0.0,0.0,0.22958478331565857,0.965590238571167,0.0,0.0,0.2600642740726471,-0.0611754550696017
580.8973089205632,-387.95316494911714,0.0,9.356831882660114,0.9737753868103027,0.0,0.0,0.227511465549469,0.9661247134208679,0.0,0.0,0.2580721378326416,-0.4113918117314141
582.1448527843712,-390.5688577995566,0.0,9.35825248886647,0.9742515683174133,0.0,0.0,0.22546307742595673,0.9666549563407898,0.0,0.0,0.25607946515083313,-0.0612472028578015
583.3817029504143,-393.1898374753999,0.0,9.359657383096396,0.9747175574302673,0.0,0.0,0.22343982756137848,0.9671805500984192,0.0,0.0,0.2540875971317291,-0.4114627659854508
584.607984028877,-395.81595390035136,0.0,9.361046993938249,0.97517329454422,0.0,0.0,0.22144225239753723,0.9677009582519531,0.0,0.0,0.25209885835647583,-0.06131738522355168
585.8238208720066,-398.44705695615346,0.0,9.362421749980374,0.9756189584732056,0.0,0.0,0.21947063505649567,0.968215823173523,0.0,0.0,0.2501140236854553,-0.41153219810879044
587.029338569648,-401.08299648594556,0.0,9.363782079811129,0.9760545492172241,0.0,0.0,0.21752505004405975,0.968725323677063,0.0,0.0,0.24813345074653625,-0.06138608875035745
588.2246624448652,-403.7236222975252,0.0,9.365128412018858,0.9764801859855652,0.0,0.0,0.2156059890985489,0.9692288637161255,0.0,0.0,0.24615934491157532,-0.4116001946849384
589.4099180496494,-406.3687841665086,0.0,9.366461175191914,0.9768961071968079,0.0,0.0,0.21371343731880188,0.9697262644767761,0.0,0.0,0.24419260025024414,-0.061453400021723836
590.5852311607163,-409.0183318393932,0.0,9.367780797918652,0.9773024320602417,0.0,0.0,0.21184782683849335,0.970217227935791,0.0,0.0,0.242234468460083,-0.41166684229739997
591.7507277753886,-411.6721150365201,0.0,9.369087708787408,0.9776991009712219,0.0,0.0,0.2100093960762024,0.9707018733024597,0.0,0.0,0.24028529226779938,-0.06151940562115599
592.9065341075685,-414.3299834549356,0.0,9.370382336386548,0.978086531162262,0.0,0.0,0.20819813013076782,0.9711796641349792,0.0,0.0,0.23834702372550964,-0.41173222752967975
594.0527765837971,-416.99178677115657,0.0,9.371665109304418,0.9784644842147827,0.0,0.0,0.20641429722309113,0.9716506004333496,0.0,0.0,0.23641985654830933,-0.06158419213215954
595.1895818394012,-419.6573746438319,0.0,9.372936456129361,0.9788333177566528,0.0,0.0,0.20465798676013947,0.9721146821975708,0.0,0.0,0.23450452089309692,-0.4117964369652829
596.3170767147292,-422.3265967163057,0.0,9.374196805449738,0.9791932106018066,0.0,0.0,0.20292939245700836,0.9725714921951294,0.0,0.0,0.23260249197483063,-0.061647846138239204
597.4353882514752,-424.9993026190824,0.0,9.375446585853886,0.9795441031455994,0.0,0.0,0.20122866332530975,0.9730210900306702,0.0,0.0,0.23071447014808655,-0.4118595571877146
598.5446436890909,-427.6753419721875,0.0,9.37668622593017,0.9798861742019653,0.0,0.0,0.19955599308013916,0.9734633564949036,0.0,0.0,0.22884094715118408,-0.0617104542229
599.6449704612862,-430.3545643874326,0.0,9.377916154266932,0.9802197217941284,0.0,0.0,0.19791139662265778,0.9738982915878296,0.0,0.0,0.22698287665843964,-0.4119216747804804
600.7364961926183,-433.0368194705747,0.0,9.379136799452525,0.9805446863174438,0.0,0.0,0.19629499316215515,0.974325954914093,0.0,0.0,0.2251405119895935,-0.06177210296964708
601.8193486951697,-435.72195682338025,0.0,9.3803485900753,0.9808613061904907,0.0,0.0,0.19470685720443726,0.97474604845047,0.0,0.0,0.22331468760967255,-0.41198287632708525
602.893655965315,-438.4098260455857,0.0,9.381551954723603,0.9811697006225586,0.0,0.0,0.19314707815647125,0.9751587510108948,0.0,0.0,0.22150571644306183,-0.06183287896198558
603.9595461805079,-441.1002767365834,0.0,9.382747321380188,0.9814698696136475,0.0,0.0,0.191616028547287,0.9755638241767883,0.0,0.0,0.2197144776582718,-0.4120432483804482
605.0171476873725,-443.79315847453427,0.0,9.383935039141077,0.9817619919776917,0.0,0.0,0.19011364877223969,0.9759613871574402,0.0,0.0,0.21794180572032928,-0.06189286470748495
606.0665889816735,-446.4883207730408,0.0,9.385115300778915,0.9820461273193359,0.0,0.0,0.18864016234874725,0.9763514399528503,0.0,0.0,0.2161877304315567,-0.4121028575540764
607.1080076095762,-449.1856329629786,0.0,9.38628828066347,0.9823225140571594,0.0,0.0,0.18719561398029327,0.9767341017723083,0.0,0.0,0.2144528478384018,-0.061952106115795824
608.1415788763363,-451.885048305941,0.0,9.387454153164509,0.9825910925865173,0.0,0.0,0.18578049540519714,0.9771090149879456,0.0,0.0,0.21273793280124664,-0.4121617400036238
609.1674881902157,-454.5865422416279,0.0,9.388613092651806,0.9828432202339172,0.0,0.0,0.1843932420015335,0.9774762392044067,0.0,0.0,0.21104370057582855,-0.062010638413134034
610.1859211411185,-457.290090237806,0.0,9.389765273495128,0.9830983877182007,0.0,0.0,0.18303731083869934,0.977836012840271,0.0,0.0,0.20937053859233856,-0.41221993095530673
611.1970634985083,-459.99566779050764,0.0,9.390910870064245,0.9833371043205261,0.0,0.0,0.18170945346355438,0.9781882166862488,0.0,0.0,0.20771829783916473,-0.06206849682571569
612.2011012094329,-462.70325042434655,0.0,9.392050056728925,0.9835785627365112,0.0,0.0,0.18041323125362396,0.978533148765564,0.0,0.0,0.20608791708946228,-0.4122774656353411
613.1982203966014,-465.4128136928261,0.0,9.393183007858944,0.983803927898407,0.0,0.0,0.1791454553604126,0.9788705706596375,0.0,0.0,0.20447954535484314,-0.06212571657975702
614.1886073565116,-468.12433317864117,0.0,9.394309897824067,0.9840230941772461,0.0,0.0,0.1779080629348755,0.9792004823684692,0.0,0.0,0.20289385318756104,-0.4123343792699433
615.1724485576292,-470.83778449397556,0.0,9.395430900994063,0.9842360615730286,0.0,0.0,0.1767011284828186,0.9795230627059937,0.0,0.0,0.20133082568645477,-0.06218233290147396
616.1499306386193,-473.553143280792,0.0,9.396546191738702,0.9844428896903992,0.0,0.0,0.1755247563123703,0.9798380732536316,0.0,0.0,0.19979186356067657,-0.4123907070853292
617.1212404066288,-476.27038521111433,0.0,9.397655944427756,0.9846435189247131,0.0,0.0,0.17437909543514252,0.9801457524299622,0.0,0.0,0.19827672839164734,-0.06223838101708268
618.0865648356208,-478.9894859873057,0.0,9.398760333430992,0.9848379492759705,0.0,0.0,0.1732640415430069,0.9804462790489197,0.0,0.0,0.19678528606891632,-0.4124464843077149
619.0460910647621,-481.71042134233977,0.0,9.399859533118185,0.9850262403488159,0.0,0.0,0.1721799671649933,0.9807394742965698,0.0,0.0,0.19531889259815216,-0.062293896152799455
620.0000063968591,-484.43316704006486,0.0,9.400953717859098,0.9852084517478943,0.0,0.0,0.17112673819065094,0.9810255765914917,0.0,0.0,0.19387733936309814,-0.4125017461633166
620.9484982968502,-487.15769887546236,0.0,9.402043062023504,0.9853845834732056,0.0,0.0,0.17010459303855896,0.981304407119751,0.0,0.0,0.19246135652065277,-0.06234891353484012
621.8917543903458,-489.88399267489825,0.0,9.403127739981171,0.9855546951293945,0.0,0.0,0.16911351680755615,0.9815762042999268,0.0,0.0,0.1910703033208847,-0.4125565278783503
622.8299624622236,-492.6120242963694,0.0,9.404207926101876,0.9857187867164612,0.0,0.0,0.16815347969532013,0.9818408489227295,0.0,0.0,0.18970541656017303,-0.06240346838942118
623.7633104552741,-495.3417696297429,0.0,9.405283794755375,0.9858769178390503,0.0,0.0,0.16722479462623596,0.9820985198020935,0.0,0.0,0.18836688995361328,-0.41261086467903213
624.6919864688983,-498.07320459698695,0.0,9.406355520311452,0.9860290884971619,0.0,0.0,0.16632746160030365,0.9823494553565979,0.0,0.0,0.1870541125535965,-0.062457595942758404
625.6161787578588,-500.8063051523999,0.0,9.407423277139866,0.9861752986907959,0.0,0.0,0.16546174883842468,0.9825934171676636,0.0,0.0,0.1857682168483734,-0.4126647917915783
626.5360757310812,-503.5410472828291,0.0,9.408487239610393,0.9863157272338867,0.0,0.0,0.16462741792201996,0.9828305840492249,0.0,0.0,0.18450941145420074,-0.0625113314210678
627.4518659505092,-506.27740700788377,0.0,9.4095475820928,0.9864503145217896,0.0,0.0,0.16382482647895813,0.9830609560012817,0.0,0.0,0.18327800929546356,-0.41271834444220495
628.363738130012,-509.0153603801442,0.0,9.410604478956861,0.986579179763794,0.0,0.0,0.16305391490459442,0.983284592628479,0.0,0.0,0.18207447230815887,-0.06256471005056574
629.2718811343425,-511.75488348536095,0.0,9.41165810457234,0.9867022633552551,0.0,0.0,0.16231463849544525,0.983501672744751,0.0,0.0,0.18089823424816132,-0.41277155785712816
630.1764839781488,-514.4959524426502,0.0,9.412708633309007,0.9868196845054626,0.0,0.0,0.16160722076892853,0.9837121963500977,0.0,0.0,0.179749995470047,-0.06261776705746813
631.0777358250396,-517.2385434046814,0.0,9.413756239536633,0.9869315028190613,0.0,0.0,0.16093161702156067,0.9839162826538086,0.0,0.0,0.178629532456398,-0.41282446726256383
631.975825986699,-519.9826325578603,0.0,9.414801097624993,0.9870376586914062,0.0,0.0,0.1602879762649536,0.984113872051239,0.0,0.0,0.17753776907920837,-0.06267053766799136
632.8709439220562,-522.7281961225011,0.0,9.415843381943848,0.9871382713317871,0.0,0.0,0.1596762090921402,0.9843050837516785,0.0,0.0,0.1764744371175766,-0.4128771078847282
633.7632792365064,-525.4752103529989,0.0,9.416883266862973,0.9872333407402039,0.0,0.0,0.15909655392169952,0.9844899773597717,0.0,0.0,0.17543959617614746,-0.06272305710835124
634.6530216811851,-528.2236515379903,0.0,9.41792092675214,0.987322986125946,0.0,0.0,0.158548966050148,0.9846686124801636,0.0,0.0,0.17443418502807617,-0.41292951494983765
635.5403611522951,-530.9734960005088,0.0,9.418956535981113,0.9874072074890137,0.0,0.0,0.15803343057632446,0.9848411083221436,0.0,0.0,0.1734575629234314,-0.06277536060476402
636.4254876904847,-533.7247200981351,0.0,9.419990268919666,0.9874860048294067,0.0,0.0,0.15755000710487366,0.9850074052810669,0.0,0.0,0.1725107729434967,-0.41298172368410796
637.3085914802807,-536.4773002231408,0.0,9.421022299937565,0.98755943775177,0.0,0.0,0.1570986956357956,0.9851675629615784,0.0,0.0,0.1715933084487915,-0.06282748338344585
638.1898628495724,-539.231212802624,0.0,9.42205280340458,0.9876275658607483,0.0,0.0,0.15667948126792908,0.9853218793869019,0.0,0.0,0.1707049012184143,-0.41303376931375513
639.0694922691497,-541.9864342986397,0.0,9.423081953690481,0.9876903891563416,0.0,0.0,0.1562923789024353,0.985470175743103,0.0,0.0,0.1698460727930069,-0.06287946067061256
639.9476703522921,-544.7429412083235,0.0,9.424109925165043,0.9877479076385498,0.0,0.0,0.15593740344047546,0.9856127500534058,0.0,0.0,0.16901685297489166,-0.41308568706499565
640.8245878544137,-547.5007100640084,0.0,9.42513689219803,0.9878001809120178,0.0,0.0,0.15561480820178986,0.9857494235038757,0.0,0.0,0.16821791231632233,-0.06293132769248055
641.7004356727583,-550.2597174333384,0.0,9.426163029159214,0.9878472089767456,0.0,0.0,0.15532444417476654,0.9858803749084473,0.0,0.0,0.1674492508172989,-0.41313751216404543
642.5754048461475,-553.0199399193674,0.0,9.427188510418366,0.9878890514373779,0.0,0.0,0.1550663411617279,0.986005425453186,0.0,0.0,0.16671164333820343,-0.06298311967526599
643.4496865547851,-555.7813541606623,0.0,9.428213510345252,0.9879257678985596,0.0,0.0,0.1548403948545456,0.9861249327659607,0.0,0.0,0.1660037338733673,-0.41318927983712045
644.3234721201097,-558.5439368313916,0.0,9.429238203309643,0.987957239151001,0.0,0.0,0.15464673936367035,0.9862343072891235,0.0,0.0,0.16532562673091888,-0.06303487184518469
645.1969530047035,-561.3076646414097,0.0,9.430262763681313,0.9879835844039917,0.0,0.0,0.15448516607284546,0.9863386750221252,0.0,0.0,0.16467858850955963,-0.41324102531043716
646.0703208122553,-564.0725143363381,0.0,9.431287365830022,0.9880048632621765,0.0,0.0,0.15435567498207092,0.9864380955696106,0.0,0.0,0.16406208276748657,-0.06308661942845284
646.9437672875713,-566.8384626976335,0.0,9.432312184125552,0.9880211353302002,0.0,0.0,0.15425804257392883,0.9865326881408691,0.0,0.0,0.16347557306289673,-0.4132927838102114
647.8174843166466,-569.6054865426564,0.0,9.433337392937663,0.988032341003418,0.0,0.0,0.15419206023216248,0.9866222143173218,0.0,0.0,0.16292019188404083,-0.0631383976512867
648.6916639267826,-572.3735627247282,0.0,9.43436316663613,0.9880385398864746,0.0,0.0,0.15415742993354797,0.9867066740989685,0.0,0.0,0.16239634156227112,-0.41334459056265926
649.5664982867634,-575.1426681331837,0.0,9.435389679590719,0.9880398511886597,0.0,0.0,0.15415377914905548,0.9867862462997437,0.0,0.0,0.16190312802791595,-0.06319024173990223
650.4421797070816,-577.9127796934168,0.0,9.436417106171204,0.9880363941192627,0.0,0.0,0.1541803628206253,0.9868608713150024,0.0,0.0,0.16144096851348877,-0.41339648079399693
651.3189006402202,-580.6838743669198,0.0,9.437445620747354,0.9880282282829285,0.0,0.0,0.15423648059368134,0.9869304895401001,0.0,0.0,0.16101029515266418,-0.06324218692051586
652.1968536809861,-583.455929151317,0.0,9.438475397688936,0.9880154728889465,0.0,0.0,0.1543213278055191,0.9869951605796814,0.0,0.0,0.16061066091060638,-0.41344848973044046
653.076231566897,-586.2289210803896,0.0,9.439506611365719,0.987998366355896,0.0,0.0,0.15443381667137146,0.9870547652244568,0.0,0.0,0.16024264693260193,-0.06329426841934327
653.9572271786243,-589.0028272240959,0.0,9.440539436147473,0.9879769682884216,0.0,0.0,0.15457278490066528,0.9871094822883606,0.0,0.0,0.1599053144454956,-0.41350065259820584
654.840033540485,-591.7776246885842,0.0,9.441574046403975,0.9879515767097473,0.0,0.0,0.15473689138889313,0.9871591329574585,0.0,0.0,0.15959957242012024,-0.06334652146260095
655.7248438209922,-594.5532906162,0.0,9.442610616504988,0.9879223704338074,0.0,0.0,0.15492475032806396,0.98720383644104,0.0,0.0,0.15932515263557434,-0.4135530046235095
656.6118513334557,-597.3298021854854,0.0,9.44364932082028,0.9878896474838257,0.0,0.0,0.15513452887535095,0.9872435927391052,0.0,0.0,0.15908193588256836,-0.06339898127650456
657.5012495366362,-600.1071366111713,0.0,9.444690333719624,0.9878536462783813,0.0,0.0,0.15536445379257202,0.9872782826423645,0.0,0.0,0.15887047350406647,-0.41360558103256734
658.3932320354571,-602.8852711441675,0.0,9.445733829572793,0.9878146052360535,0.0,0.0,0.1556125432252884,0.9873080253601074,0.0,0.0,0.15869030356407166,-0.06345168308727073
659.2879925817649,-605.6641830715395,0.0,9.446779982749549,0.9877730011940002,0.0,0.0,0.15587671101093292,0.9873327016830444,0.0,0.0,0.15854179859161377,-0.41365841705159534
660.1857250751459,-608.4438497164846,0.0,9.44782896761967,0.9877291321754456,0.0,0.0,0.15615427494049072,0.9873523712158203,0.0,0.0,0.15842433273792267,-0.06350466212111516
661.0866141482602,-611.2242484382971,0.0,9.448880958552918,0.9876834154129028,0.0,0.0,0.15644285082817078,0.9873672723770142,0.0,0.0,0.15833680331707,-0.41371154790681
661.9906935450944,-614.0053566323311,0.0,9.449936129919065,0.9876362681388855,0.0,0.0,0.1567399501800537,0.9873778820037842,0.0,0.0,0.1582760512828827,-0.06355795360425387
662.8978753615853,-616.7871517299523,0.0,9.450994656087886,0.9875879883766174,0.0,0.0,0.15704332292079926,0.9873843789100647,0.0,0.0,0.15824055671691895,-0.4137650088244272
663.8080681950656,-619.5696111984867,0.0,9.452056711429146,0.9875389337539673,0.0,0.0,0.15735109150409698,0.9873871207237244,0.0,0.0,0.1582285314798355,-0.0636115927629034
664.7211806016567,-622.35271254116,0.0,9.45312247031261,0.9874893426895142,0.0,0.0,0.15766119956970215,0.9873864054679871,0.0,0.0,0.15823747217655182,-0.41381883503066275
665.6371210961535,-625.136433297034,0.0,9.45419210710806,0.9874395132064819,0.0,0.0,0.15797217190265656,0.9873826503753662,0.0,0.0,0.15826551616191864,-0.06366561482327965
666.5557981518822,-627.9207510409316,0.0,9.455265796185255,0.9873897433280945,0.0,0.0,0.15828260779380798,0.987375795841217,0.0,0.0,0.15831248462200165,-0.4138730617517332
667.4771202005339,-630.7056433833598,0.0,9.456343711913973,0.9873402118682861,0.0,0.0,0.1585911214351654,0.9873663187026978,0.0,0.0,0.15837545692920685,-0.06372005501159878
668.4009956319699,-633.4910879704216,0.0,9.457426028663978,0.9872910976409912,0.0,0.0,0.15889661014080048,0.9873543977737427,0.0,0.0,0.15845313668251038,-0.4139277242138546
669.3273327940037,-636.2770624837268,0.0,9.458512920805042,0.9872425198554993,0.0,0.0,0.15919798612594604,0.9873402714729309,0.0,0.0,0.15854445099830627,-0.06377494855407678
670.2560399921545,-639.0635446402895,0.0,9.459604562706932,0.9871947169303894,0.0,0.0,0.15949425101280212,0.9873242378234863,0.0,0.0,0.15864740312099457,-0.413982857643243
671.1870254893778,-641.850512192425,0.0,9.460701128739418,0.9871477484703064,0.0,0.0,0.15978467464447021,0.9873063564300537,0.0,0.0,0.15876108407974243,-0.06383033067692956
672.1201975057669,-644.6379429276374,0.0,9.461802793272273,0.9871017932891846,0.0,0.0,0.160068541765213,0.9872868061065674,0.0,0.0,0.1588849276304245,-0.4140384972661145
673.0554642182299,-647.4258146684991,0.0,9.462909730675264,0.9870569705963135,0.0,0.0,0.1603448987007141,0.9872658848762512,0.0,0.0,0.1590171456336975,-0.06388623660637355
673.9927337601417,-650.2141052725259,0.0,9.464022115318164,0.9870133996009827,0.0,0.0,0.1606132984161377,0.9872437715530396,0.0,0.0,0.15915614366531372,-0.41409467830868524
674.9319142209679,-653.002792632046,0.0,9.465140121570737,0.9869711399078369,0.0,0.0,0.16087323427200317,0.9872205853462219,0.0,0.0,0.1593017578125,-0.0639427015686247
675.8729136458643,-655.7918546740594,0.0,9.46626392380276,0.9869303107261658,0.0,0.0,0.1611241102218628,0.9871965050697327,0.0,0.0,0.1594521850347519,-0.41415143599717125
676.815640035249,-658.5812693600922,0.0,9.467393696383999,0.9868909120559692,0.0,0.0,0.16136550903320312,0.9871715903282166,0.0,0.0,0.1596076786518097,-0.06399976078989938
677.7600013443503,-661.3710146860473,0.0,9.468529613684222,0.9868531227111816,0.0,0.0,0.16159690916538239,0.9871460795402527,0.0,0.0,0.15976634621620178,-0.4142088055577886
678.7059054827255,-664.1610686820406,0.0,9.469671850073198,0.9868170022964478,0.0,0.0,0.16181808710098267,0.9871202111244202,0.0,0.0,0.1599273830652237,-0.06405744949641329
679.6532603137573,-666.9514094122397,0.0,9.470820579920705,0.9867825508117676,0.0,0.0,0.16202878952026367,0.9870939254760742,0.0,0.0,0.16009053587913513,-0.41426682221675365
680.6019736541203,-669.7420149746887,0.0,9.471975977596504,0.9867498874664307,0.0,0.0,0.162228524684906,0.987067461013794,0.0,0.0,0.1602543592453003,-0.0641158029143829
681.5519532732242,-672.5328635011314,0.0,9.473138217470368,0.986719012260437,0.0,0.0,0.1624171882867813,0.9870409369468689,0.0,0.0,0.16041867434978485,-0.4143255212002821
682.5031068926291,-675.3239331568225,0.0,9.474307473912065,0.9866899847984314,0.0,0.0,0.16259433329105377,0.9870143532752991,0.0,0.0,0.1605829894542694,-0.06417485627002417
683.4553421854355,-678.1152021403385,0.0,9.475483921291367,0.9866628646850586,0.0,0.0,0.16276004910469055,0.9869880080223083,0.0,0.0,0.16074568033218384,-0.41438493773459034
684.4085667756474,-680.9066486833761,0.0,9.476667733978042,0.9866375923156738,0.0,0.0,0.16291403770446777,0.9869619011878967,0.0,0.0,0.16090665757656097,-0.06423464478955315
685.3626882375095,-683.6982510505479,0.0,9.477859086341866,0.9866142868995667,0.0,0.0,0.16305595636367798,0.9869361519813538,0.0,0.0,0.16106536984443665,-0.4144451070458946
686.3176140948177,-686.4899875391675,0.0,9.479058152752597,0.9865930080413818,0.0,0.0,0.16318586468696594,0.9869109392166138,0.0,0.0,0.16122078895568848,-0.06429520369918601
687.2732518202032,-689.2818364790317,0.0,9.480265107580014,0.9865736961364746,0.0,0.0,0.16330350935459137,0.986886203289032,0.0,0.0,0.161373108625412,-0.4145060643604106
688.2295088343918,-692.0737762321949,0.0,9.481480125193883,0.9865564107894897,0.0,0.0,0.16340894997119904,0.9868620038032532,0.0,0.0,0.1615220010280609,-0.06435656822513902
689.1862925054339,-694.8657851927339,0.0,9.482703379963974,0.9865411520004272,0.0,0.0,0.16350218653678894,0.9868384599685669,0.0,0.0,0.1616666465997696,-0.41456784490435455
690.1435101479107,-697.6578417865098,0.0,9.483935046260056,0.9865278601646423,0.0,0.0,0.1635831594467163,0.9868156909942627,0.0,0.0,0.16180647909641266,-0.06441877359362802
691.1010690221124,-700.449924470922,0.0,9.485175298451903,0.9865165948867798,0.0,0.0,0.16365186870098114,0.9867938160896301,0.0,0.0,0.16194075345993042,-0.4146304839039428
692.058876333191,-703.2420117346531,0.0,9.486424310909277,0.9865072965621948,0.0,0.0,0.16370852291584015,0.9867729544639587,0.0,0.0,0.16206879913806915,-0.06448185503086912
693.0168392302854,-706.034082097409,0.0,9.487682258001955,0.9865000247955322,0.0,0.0,0.1637529581785202,0.9867530465126038,0.0,0.0,0.16219109296798706,-0.41469401658539123
693.9748648056212,-708.8261141096547,0.0,9.488949314099704,0.9864946603775024,0.0,0.0,0.16378583014011383,0.98673415184021,0.0,0.0,0.16230696439743042,-0.06454584776307865
694.9328600935827,-711.6180863523365,0.0,9.490225653572297,0.9864912033081055,0.0,0.0,0.16380730271339417,0.9867163896560669,0.0,0.0,0.1624157577753067,-0.4147584781749161
695.8907320697595,-714.4099774366053,0.0,9.491511450789499,0.9864895939826965,0.0,0.0,0.16381751000881195,0.9866997599601746,0.0,0.0,0.1625179946422577,-0.06461078701647271
696.848387649965,-717.2017660035268,0.0,9.492806880121082,0.9864897727966309,0.0,0.0,0.16381698846817017,0.9866843223571777,0.0,0.0,0.16261272132396698,-0.4148239038987334
697.8057336892306,-719.9934307237882,0.0,9.494112115936812,0.9864916205406189,0.0,0.0,0.16380618512630463,0.9866700768470764,0.0,0.0,0.16270031034946442,-0.06467670801726716
698.7626769807702,-722.7849502973964,0.0,9.495427332606464,0.9864950776100159,0.0,0.0,0.16378551721572876,0.9866573214530945,0.0,0.0,0.16277901828289032,-0.41489032898305933
699.71912425492,-725.5763034533729,0.0,9.496752704499801,0.986500084400177,0.0,0.0,0.16375578939914703,0.9866459369659424,0.0,0.0,0.16284947097301483,-0.06474364599167809
700.6749821780518,-728.3674689494349,0.0,9.498088405986602,0.986506462097168,0.0,0.0,0.1637176126241684,0.9866359233856201,0.0,0.0,0.16291126608848572,-0.41495778865410987
701.6301573514572,-731.1584255716762,0.0,9.499434611436634,0.9865140914916992,0.0,0.0,0.1636715680360794,0.9866273999214172,0.0,0.0,0.1629643440246582,-0.06481163616592212
702.5845563029185,-733.949152112915,0.0,9.500791422613425,0.9865229725837708,0.0,0.0,0.16361844539642334,0.9866202473640442,0.0,0.0,0.16300883889198303,-0.41502631447111954
703.5380880184916,-736.7396280251427,0.0,9.502158260094184,0.9865328669548035,0.0,0.0,0.16355913877487183,0.9866145849227905,0.0,0.0,0.16304436326026917,-0.06488066836192002
704.4907170397696,-739.529850729755,0.0,9.503534171689358,0.986543595790863,0.0,0.0,0.1634945422410965,0.9866102933883667,0.0,0.0,0.16307152807712555,-0.4150958049557243
705.4424613329886,-742.3198349182024,0.0,9.504918201406847,0.9865550398826599,0.0,0.0,0.16342554986476898,0.9866071343421936,0.0,0.0,0.1630915403366089,-0.06495056885270228
706.3933409450634,-745.1095957197567,0.0,9.506309393254545,0.9865671396255493,0.0,0.0,0.1633525788784027,0.9866051077842712,0.0,0.0,0.16310490667819977,-0.4151660671702545
707.3433758417104,-747.8991479929764,0.0,9.507706791240352,0.9865798354148865,0.0,0.0,0.16327616572380066,0.9866042137145996,0.0,0.0,0.1631113439798355,-0.06502114450855118
708.2925859080816,-750.688506326113,0.0,9.509109439372178,0.9865928888320923,0.0,0.0,0.16319727897644043,0.9866043925285339,0.0,0.0,0.16311101615428925,-0.4152369079849932
709.2409909493692,-753.477685037492,0.0,9.51051638165791,0.9866062998771667,0.0,0.0,0.16311603784561157,0.9866054654121399,0.0,0.0,0.1631055474281311,-0.06509220219974965
710.1886106913821,-756.2666981758825,0.0,9.511926662105452,0.9866200089454651,0.0,0.0,0.16303321719169617,0.9866074323654175,0.0,0.0,0.1630943864583969,-0.4153081342702227
711.1354647810896,-759.0555595208392,0.0,9.513339324722711,0.9866338968276978,0.0,0.0,0.16294918954372406,0.9866101145744324,0.0,0.0,0.16307927668094635,-0.06516354879658093
712.0815727871403,-761.8442825830294,0.0,9.514753413517576,0.9866479635238647,0.0,0.0,0.16286414861679077,0.9866135716438293,0.0,0.0,0.16305913031101227,-0.41537955289622597
713.0269542003463,-764.6328806045382,0.0,9.516167972497952,0.9866620898246765,0.0,0.0,0.16277842223644257,0.9866178631782532,0.0,0.0,0.1630338430404663,-0.06523499116932713
713.9716284341415,-767.4213665591521,0.0,9.517582045671736,0.9866762161254883,0.0,0.0,0.162692591547966,0.98662269115448,0.0,0.0,0.1630053073167801,-0.41545097073328574
714.915614825008,-770.2097531526282,0.0,9.51899467704683,0.9866904020309448,0.0,0.0,0.16260658204555511,0.9866280555725098,0.0,0.0,0.1629735231399536,-0.06530633618827131
715.8589326328743,-772.9980528229346,0.0,9.520404910631136,0.9867045283317566,0.0,0.0,0.16252076625823975,0.9866340160369873,0.0,0.0,0.1629379838705063,-0.41552219465168505
716.8016010414815,-775.7862777404795,0.0,9.521811790432547,0.9867185950279236,0.0,0.0,0.162435382604599,0.9866405129432678,0.0,0.0,0.1628992259502411,-0.06537739072369608
717.7436391587236,-778.5744398083154,0.0,9.52321436045897,0.9867326021194458,0.0,0.0,0.1623506098985672,0.986647367477417,0.0,0.0,0.16285821795463562,-0.41559303152170646
718.685066016953,-781.3625506623241,0.0,9.524611664718297,0.9867464303970337,0.0,0.0,0.1622665822505951,0.9866546988487244,0.0,0.0,0.16281439363956451,-0.06544796164588429
719.6259005732604,-784.1506216713811,0.0,9.526002747218435,0.9867600798606873,0.0,0.0,0.1621834933757782,0.9866623282432556,0.0,0.0,0.16276855766773224,-0.4156632882136326
720.5661617097226,-786.9386639375015,0.0,9.527386651967278,0.9867735505104065,0.0,0.0,0.16210153698921204,0.9866702556610107,0.0,0.0,0.16272065043449402,-0.06551785582511882
721.50586823362,-789.7266882959651,0.0,9.528762422972727,0.9867867827415466,0.0,0.0,0.16202081739902496,0.9866786599159241,0.0,0.0,0.16267013549804688,-0.4157327715977462
722.4450388776265,-792.5147053154191,0.0,9.530129104242686,0.9867998361587524,0.0,0.0,0.16194139420986176,0.9866872429847717,0.0,0.0,0.16261841356754303,-0.0655868801316824
723.3836922999672,-795.3027252979648,0.0,9.53148573978505,0.9868125915527344,0.0,0.0,0.1618635356426239,0.9866960048675537,0.0,0.0,0.16256572306156158,-0.4158012885443302
724.3218470845463,-798.090758279221,0.0,9.53283137360772,0.9868251085281372,0.0,0.0,0.1617872416973114,0.98670494556427,0.0,0.0,0.16251179575920105,-0.0656548414358577
725.2595217410463,-800.878814028367,0.0,9.534165049718599,0.9868373870849609,0.0,0.0,0.16171258687973022,0.9867140054702759,0.0,0.0,0.16245700418949127,-0.41586864592366746
726.196734704996,-803.6669020481672,0.0,9.535485812125577,0.986849308013916,0.0,0.0,0.16163983941078186,0.9867233037948608,0.0,0.0,0.16240058839321136,-0.06572154660792734
727.1335043378082,-806.4550315749759,0.0,9.536792704836563,0.9868609309196472,0.0,0.0,0.1615687906742096,0.9867326021194458,0.0,0.0,0.16234423220157623,-0.41593465060604046
728.0698489267888,-809.2432115787179,0.0,9.538084771859452,0.9868722558021545,0.0,0.0,0.1614997684955597,0.9867419600486755,0.0,0.0,0.16228778660297394,-0.06578680251817431
729.0057866851131,-812.0314507628525,0.0,9.53936105720215,0.986883282661438,0.0,0.0,0.16143253445625305,0.9867514371871948,0.0,0.0,0.16223043203353882,-0.4159991094617322
729.9413357517747,-814.8197575643167,0.0,9.540620604872547,0.9868939518928528,0.0,0.0,0.1613672524690628,0.9867610335350037,0.0,0.0,0.16217222809791565,-0.06585041603688124
730.8765141915025,-817.6081401534461,0.0,9.54186245887855,0.9869042634963989,0.0,0.0,0.16130395233631134,0.9867706298828125,0.0,0.0,0.16211402416229248,-0.4160618293610253
731.8113399946479,-820.3966064338789,0.0,9.543085663228057,0.9869142770767212,0.0,0.0,0.16124272346496582,0.9867802262306213,0.0,0.0,0.16205596923828125,-0.06591219403433107
732.7458310770418,-823.1851640424346,0.0,9.544289261928968,0.9869239330291748,0.0,0.0,0.1611836850643158,0.9867898225784302,0.0,0.0,0.16199791431427002,-0.4161226171742027
733.6800052798204,-825.9738203489757,0.0,9.545472298989178,0.9869332313537598,0.0,0.0,0.16112682223320007,0.9867992997169495,0.0,0.0,0.1619403213262558,-0.06597194338080631
734.6138803692234,-828.7625824562508,0.0,9.546633818416591,0.9869421720504761,0.0,0.0,0.1610720306634903,0.9868087768554688,0.0,0.0,0.16188301146030426,-0.41618127977154673
735.5474740363571,-831.5514571997111,0.0,9.547772864219109,0.9869507551193237,0.0,0.0,0.16101932525634766,0.9868181347846985,0.0,0.0,0.16182616353034973,-0.06602947094659006
736.4808038969327,-834.3404511473134,0.0,9.548888480404626,0.9869589805603027,0.0,0.0,0.1609690636396408,0.9868273138999939,0.0,0.0,0.1617705225944519,-0.4162376240233405
737.4138874909697,-837.1295705992974,0.0,9.549979710981045,0.9869668483734131,0.0,0.0,0.1609208583831787,0.9868363738059998,0.0,0.0,0.16171522438526154,-0.06608458360196479
738.3467422824708,-839.9188215879449,0.0,9.551045599956268,0.9869743585586548,0.0,0.0,0.16087496280670166,0.9868453145027161,0.0,0.0,0.16166044771671295,-0.4162914567998669
739.2793856590673,-842.7082098773179,0.0,9.55208519133819,0.9869814515113831,0.0,0.0,0.16083142161369324,0.986854076385498,0.0,0.0,0.16160693764686584,-0.06613708821721337
740.2118349316315,-845.4977409629784,0.0,9.553097529134712,0.9869882464408875,0.0,0.0,0.1607901155948639,0.98686283826828,0.0,0.0,0.16155382990837097,-0.4163425849714084
741.1441073338611,-848.2874200716824,0.0,9.55408165735373,0.9869946241378784,0.0,0.0,0.1607511192560196,0.9868713617324829,0.0,0.0,0.1615019291639328,-0.06618679166261837
742.076220021832,-851.0772521610598,0.0,9.555036620003158,0.9870005249977112,0.0,0.0,0.16071468591690063,0.9868797063827515,0.0,0.0,0.16145116090774536,-0.4163908154082481
743.0081900735192,-853.8672419192685,0.0,9.555961461090876,0.9870061278343201,0.0,0.0,0.16068047285079956,0.9868877530097961,0.0,0.0,0.1614021211862564,-0.06623350080846274
743.9400344882918,-856.6573937646322,0.0,9.556855224624798,0.9870113134384155,0.0,0.0,0.16064861416816711,0.9868956804275513,0.0,0.0,0.16135375201702118,-0.41643595498066843
744.8717701863711,-859.4477118452529,0.0,9.557716954612815,0.9870160818099976,0.0,0.0,0.16061925888061523,0.9869034290313721,0.0,0.0,0.16130667924880981,-0.06627702252502926
745.8034140082631,-862.2382000386089,0.0,9.558545695062831,0.9870204925537109,0.0,0.0,0.1605922132730484,0.986910879611969,0.0,0.0,0.1612609624862671,-0.41647781055895206
746.7349827141594,-865.0288619511251,0.0,9.559340489982748,0.9870244860649109,0.0,0.0,0.16056762635707855,0.9869181513786316,0.0,0.0,0.16121657192707062,-0.06631716368260082
747.6664929833058,-867.8197009177314,0.0,9.560100383380462,0.9870280623435974,0.0,0.0,0.1605454981327057,0.9869251251220703,0.0,0.0,0.16117408871650696,-0.41651618901338205
748.5979614133415,-870.6107200013907,0.0,9.560824419263872,0.9870312213897705,0.0,0.0,0.16052590310573578,0.9869318604469299,0.0,0.0,0.1611330658197403,-0.06635373115145993
749.529404519609,-873.4019219926154,0.0,9.561511641640882,0.9870340824127197,0.0,0.0,0.16050860285758972,0.9869383573532104,0.0,0.0,0.16109329462051392,-0.41655089721424116
750.4608387344314,-876.1933094089566,0.0,9.562161094519386,0.9870365262031555,0.0,0.0,0.1604936271905899,0.9869446754455566,0.0,0.0,0.1610548496246338,-0.06638653180188941
751.3922804063609,-878.9848844944778,0.0,9.562771821907287,0.9870385527610779,0.0,0.0,0.16048112511634827,0.9869507551193237,0.0,0.0,0.16101783514022827,-0.4165817420318119
752.3237457993941,-881.7766492192033,0.0,9.563342867812485,0.9870402216911316,0.0,0.0,0.16047120094299316,0.9869564771652222,0.0,0.0,0.16098317503929138,-0.06641537250417218
753.2552510921612,-884.568605278551,0.0,9.563873276242877,0.9870414733886719,0.0,0.0,0.1604635864496231,0.9869619011878967,0.0,0.0,0.16095024347305298,-0.4166085303363771
754.1868123770804,-887.3607540927408,0.0,9.564362091206368,0.9870423078536987,0.0,0.0,0.16045843064785004,0.9869670271873474,0.0,0.0,0.1609189510345459,-0.06644006012859088
755.1184456518213,-890.1530967832182,0.0,9.564808278045628,0.9870427846908569,0.0,0.0,0.16045555472373962,0.986971914768219,0.0,0.0,0.16088922321796417,-0.41663106502522873
756.0501663374781,-892.9456327306389,0.0,9.565205865049217,0.9870428442955017,0.0,0.0,0.16045519709587097,0.9869763851165771,0.0,0.0,0.1608617901802063,-0.06646014028028724
756.981988519508,-895.7383573025024,0.0,9.565541100533558,0.9870425462722778,0.0,0.0,0.16045726835727692,0.9869805574417114,0.0,0.0,0.16083605587482452,-0.41664799611029646
757.9139248793191,-898.5312616518461,0.0,9.565799548438665,0.9870418310165405,0.0,0.0,0.16046178340911865,0.9869845509529114,0.0,0.0,0.16081194579601288,-0.06647319320478762
758.8459866920564,-901.3243327154188,0.0,9.565966772704556,0.987040638923645,0.0,0.0,0.16046883165836334,0.9869881868362427,0.0,0.0,0.16078968346118927,-0.41665644178029093
759.7781838239323,-904.1175532115521,0.0,9.566028337271243,0.9870390892028809,0.0,0.0,0.1604783535003662,0.9869914650917053,0.0,0.0,0.1607694923877716,-0.06647630252633746
760.7105247290999,-906.9109016377172,0.0,9.565969806078746,0.987037181854248,0.0,0.0,0.16049031913280487,0.9869944453239441,0.0,0.0,0.16075129806995392,-0.4166534856594578
761.6430164460703,-909.7043522677812,0.0,9.565776743067072,0.987034797668457,0.0,0.0,0.1605047881603241,0.9869970083236694,0.0,0.0,0.160735622048378,-0.06646655186918221
762.5756645936758,-912.4978751489546,0.0,9.565434712176241,0.9870320558547974,0.0,0.0,0.1605217456817627,0.9869993925094604,0.0,0.0,0.16072121262550354,-0.4166362113720421
763.5084733665739,-915.29143609843,0.0,9.56492927734627,0.987028956413269,0.0,0.0,0.1605410873889923,0.987001359462738,0.0,0.0,0.16070914268493652,-0.06644102485756748
764.4414455303007,-918.0849966997212,0.0,9.564246002517164,0.9870253801345825,0.0,0.0,0.16056303679943085,0.987002968788147,0.0,0.0,0.16069911420345306,-0.4166017025422893
765.3745824158672,-920.878514298688,0.0,9.563370451628954,0.9870213866233826,0.0,0.0,0.16058747470378876,0.9870042204856873,0.0,0.0,0.1606915444135666,-0.06639680511573864
766.3078839139031,-923.6719419992638,0.0,9.562288188621642,0.987017035484314,0.0,0.0,0.16061446070671082,0.9870052337646484,0.0,0.0,0.1606854945421219,-0.4165470427944452
767.2413484683495,-926.4652286588764,0.0,9.560984777435245,0.9870122671127319,0.0,0.0,0.1606438159942627,0.9870059490203857,0.0,0.0,0.1606813669204712,-0.06633097626794082
768.1749730696991,-929.2583188835649,0.0,9.559445782009782,0.9870071411132812,0.0,0.0,0.16067549586296082,0.9870061874389648,0.0,0.0,0.16067969799041748,-0.4164693157527552
769.1087532477889,-932.0511530227964,0.0,9.557656766285264,0.9870015382766724,0.0,0.0,0.16070958971977234,0.9870061278343201,0.0,0.0,0.16068005561828613,-0.06624062193841979
770.0426830641433,-934.8436671639793,0.0,9.555603294201712,0.9869955778121948,0.0,0.0,0.1607462465763092,0.9870057106018066,0.0,0.0,0.1606828272342682,-0.4163656050414646
770.9767551038739,-937.6357931266825,0.0,9.553270929699135,0.9869892001152039,0.0,0.0,0.16078533232212067,0.9870048761367798,0.0,0.0,0.1606878936290741,-0.06612282575142103
771.9109604671327,-940.4274584565492,0.0,9.550645236717548,0.9869824647903442,0.0,0.0,0.1608268916606903,0.987003743648529,0.0,0.0,0.16069497168064117,-0.41623299428481875
772.8452887601277,-943.2185864189205,0.0,9.54771177919697,0.9869753122329712,0.0,0.0,0.16087086498737335,0.9870022535324097,0.0,0.0,0.16070428490638733,-0.06597467133118978
773.7797280856985,-946.009095992164,0.0,9.544456121077415,0.9869677424430847,0.0,0.0,0.16091717779636383,0.9870004057884216,0.0,0.0,0.16071557998657227,-0.41606856710706347
774.7142650334558,-948.7989018607076,0.0,9.540863826298892,0.9869598150253296,0.0,0.0,0.16096605360507965,0.9869982004165649,0.0,0.0,0.16072922945022583,-0.06579324230197148
775.6488846694924,-951.5879144077853,0.0,9.536920458801427,0.9869514107704163,0.0,0.0,0.16101740300655365,0.9869955778121948,0.0,0.0,0.16074560582637787,-0.415869407132444
776.5835711563736,-954.3760415889053,0.0,9.532618013253028,0.9869426488876343,0.0,0.0,0.1610710173845291,0.9869926571846008,0.0,0.0,0.1607634574174881,-0.06557594707225434
777.5183199074411,-957.163225186868,0.0,9.528072436675338,0.9869334697723389,0.0,0.0,0.1611272543668747,0.9869892597198486,0.0,0.0,0.1607843041419983,-0.4156398325578132
778.4531486039332,-959.949473585339,0.0,9.523511621818951,0.98692387342453,0.0,0.0,0.16118572652339935,0.9869855046272278,0.0,0.0,0.16080735623836517,-0.06534560288758834
779.3880976517689,-962.7348629924601,0.0,9.519167483020995,0.9869138598442078,0.0,0.0,0.16124676167964935,0.9869813919067383,0.0,0.0,0.16083236038684845,-0.41542043160842146
780.3232302514875,-965.5195374932728,0.0,9.515271934618601,0.9869034886360168,0.0,0.0,0.16131024062633514,0.9869770407676697,0.0,0.0,0.16085919737815857,-0.06514885801878062
781.2586324753531,-968.3037091069568,0.0,9.512056890948903,0.9868927001953125,0.0,0.0,0.1613761931657791,0.9869722127914429,0.0,0.0,0.16088874638080597,-0.4152580556655074
782.1944133516225,-971.0876578488818,0.0,9.509754266349026,0.98688143491745,0.0,0.0,0.16144466400146484,0.9869669675827026,0.0,0.0,0.16092102229595184,-0.06503256384706968
783.1307049560064,-973.8717317974998,0.0,9.508595975156098,0.9868698120117188,0.0,0.0,0.16151559352874756,0.9869613647460938,0.0,0.0,0.16095556318759918,-0.41519955611030895
784.0676625103647,-976.6563471661077,0.0,9.508813931707255,0.9868578314781189,0.0,0.0,0.16158872842788696,0.9869554042816162,0.0,0.0,0.16099205613136292,-0.0650435717536938
785.0054644887192,-979.4419883795362,0.0,9.510640050339621,0.9868454933166504,0.0,0.0,0.1616641879081726,0.98694908618927,0.0,0.0,0.16103088855743408,-0.4152917843240648
785.9443127306816,-982.2292081558437,0.0,9.514306245390326,0.9868327379226685,0.0,0.0,0.16174212098121643,0.9869424104690552,0.0,0.0,0.16107191145420074,-0.06522873311989102
786.8844325624412,-985.0186275931155,0.0,9.520044431196503,0.9868195056915283,0.0,0.0,0.1618226021528244,0.9869354367256165,0.0,0.0,0.16111481189727783,-0.4155815916880131
787.8260729254914,-987.8109362614916,0.0,9.528086522095279,0.9868059158325195,0.0,0.0,0.1619051843881607,0.9869279265403748,0.0,0.0,0.1611604392528534,-0.06563489932689992
788.7694910744106,-990.6068465598229,0.0,9.538508399076061,0.9867919683456421,0.0,0.0,0.16199010610580444,0.9869200587272644,0.0,0.0,0.1612086445093155,-0.416107949111285
789.7148798761743,-993.406878275751,0.0,9.55065097971383,0.986777663230896,0.0,0.0,0.16207709908485413,0.9869117736816406,0.0,0.0,0.16125909984111786,-0.06624816097527197
790.6623461583981,-996.2112950156809,0.0,9.563638982893316,0.9867630004882812,0.0,0.0,0.162166029214859,0.9869030117988586,0.0,0.0,0.16131249070167542,-0.4167639088678248
791.6119103680035,-999.0201039481052,0.0,9.576597097803004,0.986748218536377,0.0,0.0,0.16225601732730865,0.9868940711021423,0.0,0.0,0.16136720776557922,-0.06690261122323599
792.5635062038634,-1001.833055536076,0.0,9.588650013631385,0.9867332577705383,0.0,0.0,0.16234681010246277,0.986884593963623,0.0,0.0,0.16142497956752777,-0.4173726419904703
793.5169802202334,-1004.6496432499315,0.0,9.598922419566934,0.9867183566093445,0.0,0.0,0.16243743896484375,0.9868747591972351,0.0,0.0,0.16148503124713898,-0.06742141960381925
794.4720914010045,-1007.4691032603272,0.0,9.606539004798147,0.9867036938667297,0.0,0.0,0.16252651810646057,0.9868645071983337,0.0,0.0,0.16154727339744568,-0.4177573180122488
795.4285107051026,-1010.2904141118072,0.0,9.610624458513499,0.9866895079612732,0.0,0.0,0.16261258721351624,0.9868539571762085,0.0,0.0,0.16161151230335236,-0.06762775565004908
796.3858205837479,-1013.1122963774441,0.0,9.610303469901487,0.9866760969161987,0.0,0.0,0.16269385814666748,0.986842930316925,0.0,0.0,0.16167867183685303,-0.41774110646618756
797.3435144707018,-1015.9332122953513,0.0,9.604700728150585,0.986663818359375,0.0,0.0,0.16276834905147552,0.9868314862251282,0.0,0.0,0.16174839437007904,-0.06734478889495304
798.3009962471097,-1018.7513653882195,0.0,9.592940922449284,0.9866530299186707,0.0,0.0,0.16283364593982697,0.9868198037147522,0.0,0.0,0.1618197113275528,-0.4171471768853138
799.2575796830761,-1021.5647000673922,0.0,9.574148741986061,0.9866442680358887,0.0,0.0,0.16288691759109497,0.9868075847625732,0.0,0.0,0.16189368069171906,-0.06639568887155795
800.2124878586957,-1024.370901223408,0.0,9.547448875949417,0.9866379499435425,0.0,0.0,0.1629251390695572,0.9867949485778809,0.0,0.0,0.16197066009044647,-0.41579869880265496
801.1648525678893,-1027.1673938053614,0.0,9.511966013527823,0.9866347312927246,0.0,0.0,0.16294479370117188,0.9867819547653198,0.0,0.0,0.16204959154129028,-0.06460362511289164
802.113713709078,-1029.9513423919188,0.0,9.466824843909773,0.9866352081298828,0.0,0.0,0.16294190287590027,0.9867686033248901,0.0,0.0,0.16213063895702362,-0.41351884175123826
803.0580186674574,-1032.7196507573256,0.0,9.411150056283743,0.9866401553153992,0.0,0.0,0.16291187703609467,0.9867548942565918,0.0,0.0,0.16221368312835693,-0.06179176715198109
803.996621694392,-1035.468961436259,0.0,9.344066339838232,0.9866504073143005,0.0,0.0,0.16284988820552826,0.9867408275604248,0.0,0.0,0.16229894757270813,-0.4101307752640912
804.9282832902667,-1038.1956552919487,0.0,9.264698383761703,0.986666738986969,0.0,0.0,0.16275069117546082,0.9867263436317444,0.0,0.0,0.16238687932491302,-0.05778328452185333
805.8516695979554,-1040.895851092558,0.0,9.172170877242651,0.9866901636123657,0.0,0.0,0.16260816156864166,0.9867118000984192,0.0,0.0,0.16247494518756866,-0.4054576688742402
806.7653482408575,-1043.565405254261,0.0,9.065608509469586,0.9867216944694519,0.0,0.0,0.16241584718227386,0.9866975545883179,0.0,0.0,0.16256116330623627,-0.052401346755536815
807.6674891504567,-1046.1999523139173,0.0,8.944229947394058,0.9867623448371887,0.0,0.0,0.1621670424938202,0.9866849780082703,0.0,0.0,0.16263732314109802,-0.3993274384663853
808.5558326374882,-1048.7954089100172,0.0,8.808936027388793,0.9868130087852478,0.0,0.0,0.1618560552597046,0.9866753816604614,0.0,0.0,0.16269531846046448,-0.04556832049264459
809.4283781916058,-1051.3483791207398,0.0,8.662080000029475,0.9868742227554321,0.0,0.0,0.16147905588150024,0.986669659614563,0.0,0.0,0.16273045539855957,-0.39191046738763186
810.2834555998443,-1053.8561667567203,0.0,8.506062831722698,0.9869464039802551,0.0,0.0,0.16103240847587585,0.9866684079170227,0.0,0.0,0.16273806989192963,-0.03768866552765593
811.1197277291107,-1056.3167763386011,0.0,8.343285488874955,0.9870299100875854,0.0,0.0,0.16051356494426727,0.9866726994514465,0.0,0.0,0.16271215677261353,-0.38368938946602865
811.9361893483391,-1058.7289142480752,0.0,8.176148937892812,0.9871248006820679,0.0,0.0,0.1599210500717163,0.9866829514503479,0.0,0.0,0.16264989972114563,-0.02924742557906279
812.7321624219404,-1061.091990022876,0.0,8.007054145182844,0.9872311353683472,0.0,0.0,0.15925349295139313,0.9866997599601746,0.0,0.0,0.16254733502864838,-0.3751492484200707
813.5072883243597,-1063.4061177670844,0.0,7.838402077151531,0.987348735332489,0.0,0.0,0.15851086378097534,0.9867236018180847,0.0,0.0,0.16240157186985016,-0.020729644365360178
814.2615174219294,-1065.672117650254,0.0,7.672593700205482,0.9874773025512695,0.0,0.0,0.1576932966709137,0.9867547750473022,0.0,0.0,0.16220995783805847,-0.36677508796825004
814.9950964445968,-1067.8915174721446,0.0,7.512029980751177,0.9876167178153992,0.0,0.0,0.15680111944675446,0.986793577671051,0.0,0.0,0.16197073459625244,-0.012620365605041706
815.7085540284105,-1070.0665542740828,0.0,7.359111885195217,0.987766444683075,0.0,0.0,0.15583594143390656,0.9868401288986206,0.0,0.0,0.1616823673248291,-0.35905195182906013
816.4026845072037,-1072.2001752282608,0.0,7.216237827178599,0.9879262447357178,0.0,0.0,0.15479831397533417,0.9868946671485901,0.0,0.0,0.16134266555309296,-0.00540450408905091
817.0784424833571,-1074.2957644546505,0.0,7.084877171304247,0.9880955219268799,0.0,0.0,0.15368957817554474,0.986957311630249,0.0,0.0,0.16095104813575745,-0.35241757526974943
817.7367116322732,-1076.3564615082457,0.0,6.9641926517639385,0.9882739782333374,0.0,0.0,0.15251104533672333,0.9870280027389526,0.0,0.0,0.16050638258457184,0.000690673665510122
818.3782680729748,-1078.3850569953468,0.0,6.852995120631773,0.988470733165741,0.0,0.0,0.15126487612724304,0.9871068596839905,0.0,0.0,0.16000761091709137,-0.34680153834388244
819.0037793929698,-1080.38399212325,0.0,6.750095429981941,0.988675057888031,0.0,0.0,0.14995141327381134,0.9871937036514282,0.0,0.0,0.15945525467395782,0.005887627738733969
819.6138049347471,-1082.3553582063169,0.0,6.654304431888548,0.9888869524002075,0.0,0.0,0.1485709547996521,0.9872886538505554,0.0,0.0,0.15884722769260406,-0.3419636091472465
820.2087972192572,-1084.3008961320415,0.0,6.564432978425775,0.9891061782836914,0.0,0.0,0.14712321758270264,0.9873963594436646,0.0,0.0,0.15818481147289276,0.010426590034833594
820.7891044024981,-1086.2219957900936,0.0,6.479291921667733,0.9893326759338379,0.0,0.0,0.14560715854167938,0.9875125885009766,0.0,0.0,0.15746565163135529,-0.33766355577562823
821.3549736768191,-1088.1196954668692,0.0,6.397692113688589,0.9895665645599365,0.0,0.0,0.14402122795581818,0.9876370429992676,0.0,0.0,0.15669062733650208,0.014547792458022735
821.9065555391622,-1089.9946812080227,0.0,6.3184444065625005,0.9898081421852112,0.0,0.0,0.14236240088939667,0.9877696633338928,0.0,0.0,0.15585903823375702,-0.33366114632481564
822.4439088545312,-1091.8472861515488,0.0,6.2403596523635825,0.9900574684143066,0.0,0.0,0.1406269371509552,0.9879101514816284,0.0,0.0,0.15497201681137085,0.018491466912513466
822.9670078749953,-1093.677494171217,0.0,6.162263302024016,0.9903149008750916,0.0,0.0,0.13880950212478638,0.9880584478378296,0.0,0.0,0.15402932465076447,-0.3297168862066556
823.4758060521385,-1095.4851449388798,0.0,6.08367317427432,0.9905809164047241,0.0,0.0,0.13690340518951416,0.9882144331932068,0.0,0.0,0.1530301570892334,0.022460665283710157
823.9703184518661,-1097.2702247741004,0.0,6.005086226720418,0.9908562898635864,0.0,0.0,0.13490056991577148,0.9883776903152466,0.0,0.0,0.15197628736495972,-0.32574784845140803
824.4506238481524,-1099.0328890531064,0.0,5.927073538130344,0.9911416172981262,0.0,0.0,0.1327913999557495,0.9885481595993042,0.0,0.0,0.15086744725704193,0.026400700060986604
824.9168601562022,-1100.773462624345,0.0,5.850206187272177,0.9914379119873047,0.0,0.0,0.13056419789791107,0.9887256026268005,0.0,0.0,0.1497044861316681,-0.32186565901412684
825.3692196642426,-1102.4924402289416,0.0,5.775055252914,0.9917458891868591,0.0,0.0,0.12820617854595184,0.9889095425605774,0.0,0.0,0.14848777651786804,0.0301962017962481
825.8079440918394,-1104.1904869247269,0.0,5.702191813823852,0.9920667409896851,0.0,0.0,0.12570242583751678,0.9890996217727661,0.0,0.0,0.14721907675266266,-0.3181856873429073
826.2333157567284,-1105.8684236122679,0.0,5.6321369448173915,0.9924010038375854,0.0,0.0,0.12303650379180908,0.9892958998680115,0.0,0.0,0.14589715003967285,0.033734326493544076
826.6456229497334,-1107.5271064897483,0.0,5.565006048558437,0.9927499890327454,0.0,0.0,0.12018956989049911,0.989497721195221,0.0,0.0,0.14452475309371948,-0.31479523803689946
827.0451437835567,-1109.1673684243137,0.0,5.500717545064019,0.9931145310401917,0.0,0.0,0.11714015156030655,0.9897050261497498,0.0,0.0,0.1431008130311966,0.03698122060942377
827.4321456084888,-1110.7900185505002,0.0,5.43918854989663,0.9934953451156616,0.0,0.0,0.11386581510305405,0.9899179339408875,0.0,0.0,0.1416229009628296,-0.3116877130284455
827.8068619291109,-1112.3958422536905,0.0,5.380336178618798,0.9938931465148926,0.0,0.0,0.11034135520458221,0.9901382923126221,0.0,0.0,0.14007599651813507,0.03995356259315269
828.1687757791013,-1113.9856011505447,0.0,5.324077546793042,0.9943076968193054,0.0,0.0,0.10654193162918091,0.9903689026832581,0.0,0.0,0.1384386122226715,-0.3088463679867407
828.5165243337095,-1115.5600330666693,0.0,5.2703297699818545,0.9947381019592285,0.0,0.0,0.10244596004486084,0.9906123876571655,0.0,0.0,0.13668715953826904,0.04266809677553596
828.8487745706421,-1117.1198520117812,0.0,5.219009963747772,0.9951825737953186,0.0,0.0,0.09803521633148193,0.9908708333969116,0.0,0.0,0.1348017305135727,-0.30625445858097894
829.164268565843,-1118.6657481525604,0.0,5.1700352436532855,0.9956384301185608,0.0,0.0,0.09329335391521454,0.9911457896232605,0.0,0.0,0.13276612758636475,0.045141567487378687
829.4618146109412,-1120.1983877834052,0.0,5.123322725260924,0.996101975440979,0.0,0.0,0.08820655941963196,0.9914385676383972,0.0,0.0,0.1305624544620514,-0.30389524048035466
829.7402791559574,-1121.7184132952366,0.0,5.078789524133188,0.9965689182281494,0.0,0.0,0.082763671875,0.9917504191398621,0.0,0.0,0.128173828125,0.04739071905948661
829.9985795238033,-1123.226443142511,0.0,5.036352755832597,0.9970343708992004,0.0,0.0,0.07695531100034714,0.9920817613601685,0.0,0.0,0.1255844235420227,-0.30175196935406223
830.2356773475841,-1124.7230718085589,0.0,4.9959295359216735,0.9974920749664307,0.0,0.0,0.07077591866254807,0.9924325942993164,0.0,0.0,0.12278248369693756,0.04943229582266462
830.4505726858648,-1126.2088697693603,0.0,4.957436979962911,0.9979355931282043,0.0,0.0,0.06422213464975357,0.9928026795387268,0.0,0.0,0.11975385993719101,-0.2998079008712965
830.6422987749562,-1127.6843834558535,0.0,4.9207922035188405,0.9983572959899902,0.0,0.0,0.05729389190673828,0.9931912422180176,0.0,0.0,0.11648797988891602,0.051283042107718696
830.809917380859,-1129.1501352148439,0.0,4.8859123221519605,0.9987495541572571,0.0,0.0,0.049993496388196945,0.9935975074768066,0.0,0.0,0.11297030001878738,-0.29804629070125205
830.9525147168595,-1130.606623268588,0.0,4.852714451424796,0.999103844165802,0.0,0.0,0.04232657700777054,0.994019627571106,0.0,0.0,0.10919471085071564,0.05295970224545429
831.0691978958562,-1132.0543216731025,0.0,4.82111570689985,0.9994114637374878,0.0,0.0,0.034302350133657455,0.9944556355476379,0.0,0.0,0.105150006711483,-0.29645039451312344
831.1590918893578,-1133.493680275233,0.0,4.79103320413964,0.9996636509895325,0.0,0.0,0.02593288943171501,0.9949030876159668,0.0,0.0,0.10082797706127167,0.05447902056667697
831.2213369677255,-1134.9251246685274,0.0,4.762384058706685,0.999851405620575,0.0,0.0,0.017233218997716904,0.9953591227531433,0.0,0.0,0.0962224155664444,-0.29500346797610544
831.2550865986545,-1136.3490561479312,0.0,4.735085386163488,0.9999661445617676,0.0,0.0,0.008221031166613102,0.995820164680481,0.0,0.0,0.0913274735212326,0.055857741402191935
831.2595057831039,-1137.7658516633246,0.0,4.709054302072568,0.9999994039535522,0.0,0.0,-0.0010830294340848923,0.996282696723938,0.0,0.0,0.08613605797290802,-0.2936887667593923
831.2337698099064,-1139.1758637719154,0.0,4.6842079219964345,0.9999432563781738,0.0,0.0,-0.010656257160007954,0.9967423677444458,0.0,0.0,0.08064424991607666,0.057112609082804716
831.177063412121,-1140.5794205894958,0.0,4.660463361497605,0.9997903108596802,0.0,0.0,-0.020474009215831757,0.9971942901611328,0.0,0.0,0.07484910637140274,-0.29248954653217873
831.0885803098475,-1141.9768257405665,0.0,4.637737736138588,0.9995344281196594,0.0,0.0,-0.030509192496538162,0.9976334571838379,0.0,0.0,0.06874904036521912,0.05826036793932077
830.9675231257008,-1143.368358307328,0.0,4.615948161481895,0.9991699457168579,0.0,0.0,-0.040734291076660156,0.9980542659759521,0.0,0.0,0.062342531979084015,-0.2913890629636589
830.813103650119,-1144.7542728610056,0.0,4.595012029722571,0.9986924529075623,0.0,0.0,-0.05111998692154884,0.9984506964683533,0.0,0.0,0.05563176050782204,0.05931774833120587
830.6245429243037,-1146.1348029615554,0.0,4.5748585033933775,0.9980985522270203,0.0,0.0,-0.061637114733457565,0.9988170862197876,0.0,0.0,0.048615485429763794,-0.29037120809854816
830.4010708796814,-1147.510165915826,0.0,4.5554326504702525,0.9973860383033752,0.0,0.0,-0.07225575298070908,0.9991462230682373,0.0,0.0,0.041303254663944244,0.060298852014191995
830.1419304739962,-1148.8805603061924,0.0,4.536680666155061,0.996553897857666,0.0,0.0,-0.08294674754142761,0.9994311928749084,0.0,0.0,0.03371277451515198,-0.28942413818363955
829.8469512761019,-1150.245775987184,0.0,4.518548745649681,0.9956021308898926,0.0,0.0,-0.0936816930770874,0.9996649622917175,0.0,0.0,0.025873053818941116,0.06121460557506983
829.5171234204552,-1151.604803977657,0.0,4.500983084155978,0.9945312142372131,0.0,0.0,-0.10443870723247528,0.9998411536216736,0.0,0.0,0.017812196165323257,-0.2885369835627455
829.1535482097058,-1152.9565507621678,0.0,4.48392987687582,0.993342399597168,0.0,0.0,-0.11519786715507507,0.9999542236328125,0.0,0.0,0.009554939344525337,0.06207587867002734
828.75729790604,-1154.2999342670541,0.0,4.467335319011087,0.992037296295166,0.0,0.0,-0.12594300508499146,0.9999992847442627,0.0,0.0,0.0011245086789131165,-0.2876988745796782
828.3294188275453,-1155.6338824912511,0.0,4.451145605763637,0.9906178116798401,0.0,0.0,-0.13666042685508728,0.9999721050262451,0.0,0.0,-0.007456816267222166,0.06289354095525207
827.8709342734462,-1156.9573323866684,0.0,4.435306932335353,0.9890859127044678,0.0,0.0,-0.1473385989665985,0.999869167804718,0.0,0.0,-0.0161733478307724,-0.2868989415782497
827.3828472833131,-1158.2692289816448,0.0,4.419765493928095,0.987444281578064,0.0,0.0,-0.1579664647579193,0.9996872544288635,0.0,0.0,-0.025009427219629288,0.06367846208693179
826.8661432349355,-1159.5685247413949,0.0,4.404467485743742,0.9856958985328674,0.0,0.0,-0.16853266954421997,0.999423623085022,0.0,0.0,-0.03394756466150284,-0.28612631490227225
826.321792285196,-1160.8541791596624,0.0,4.389359102984155,0.9838439226150513,0.0,0.0,-0.17902719974517822,0.9990760684013367,0.0,0.0,-0.04297740012407303,0.06444151172125431
825.7507516579448,-1162.1251585760617,0.0,4.374386540851211,0.981892466545105,0.0,0.0,-0.1894383281469345,0.9986423850059509,0.0,0.0,-0.05208925902843475,-0.2853701248955579
825.1539677825787,-1163.3804362137942,0.0,4.359495994546781,0.9798459410667419,0.0,0.0,-0.1997542828321457,0.9981208443641663,0.0,0.0,-0.06127394735813141,0.06519355951440736
824.5323782867728,-1164.6189924325474,0.0,4.344633659272731,0.9777098894119263,0.0,0.0,-0.20996032655239105,0.9975101947784424,0.0,0.0,-0.07052064687013626,-0.284619501901919
823.886913846574,-1165.839815191475,0.0,4.329745730230939,0.9754908084869385,0.0,0.0,-0.22004015743732452,0.996808648109436,0.0,0.0,-0.07982606440782547,0.06594547512257867
823.2184998968775,-1167.041900717189,0.0,4.314778402623263,0.9731963276863098,0.0,0.0,-0.22997593879699707,0.9960149526596069,0.0,0.0,-0.08918598294258118,-0.28386357626516767
822.5280582051378,-1168.224254371648,0.0,4.299677871651587,0.9708355665206909,0.0,0.0,-0.23974619805812836,0.9951277375221252,0.0,0.0,-0.09859327971935272,0.06670812820195621
821.8165083110364,-1169.3858917147595,0.0,4.284390332517772,0.9684195518493652,0.0,0.0,-0.2493261694908142,0.9941457509994507,0.0,0.0,-0.10804615169763565,-0.2830914783291164
821.0847688347167,-1170.5258397563525,0.0,4.268861980423692,0.9659605622291565,0.0,0.0,-0.2586890757083893,0.9930676221847534,0.0,0.0,-0.11754423379898071,0.06749238840872793
820.333758656145,-1171.64313839201,0.0,4.253039010571219,0.9634735584259033,0.0,0.0,-0.26780304312705994,0.9918920397758484,0.0,0.0,-0.1270834356546402,-0.2822923384375774
819.5643978937081,-1172.7368421203605,0.0,4.236868022314265,0.9609756469726562,0.0,0.0,-0.2766326367855072,0.9906178116798401,0.0,0.0,-0.13666167855262756,0.06830910498736198
818.7775929996302,-1173.806047505754,0.0,4.220385124784112,0.9584859609603882,0.0,0.0,-0.28513938188552856,0.9892463684082031,0.0,0.0,-0.1462590992450714,-0.28145986886534746
817.9744257456766,-1174.8506313200114,0.0,4.203828049483453,0.9560256600379944,0.0,0.0,-0.2932824194431305,0.9877824187278748,0.0,0.0,-0.15583950281143188,0.06914532091163775
817.1564191596443,-1175.8720838708098,0.0,4.187462107901809,0.9536159038543701,0.0,0.0,-0.30102553963661194,0.9862321615219116,0.0,0.0,-0.16536712646484375,-0.2806333061592039
816.3250768988396,-1176.8721341854487,0.0,4.171552611528688,0.9512773752212524,0.0,0.0,-0.30833619832992554,0.9846026301383972,0.0,0.0,-0.17480766773223877,0.06994883082947218
815.4818087851667,-1177.8525330346292,0.0,4.156364871853611,0.9490299820899963,0.0,0.0,-0.315185546875,0.9829031825065613,0.0,0.0,-0.18412359058856964,-0.27986624859985654
814.6279285723948,-1178.8150503898416,0.0,4.142164200366089,0.9468932151794434,0.0,0.0,-0.3215481638908386,0.9811426997184753,0.0,0.0,-0.1932850331068039,0.07066603646015507
813.7646530068985,-1179.7614741884086,0.0,4.129215908555633,0.9448848366737366,0.0,0.0,-0.32740288972854614,0.979330837726593,0.0,0.0,-0.20226521790027618,-0.2792122944680153
812.8931021481919,-1180.693610371742,0.0,4.117785307911765,0.9430218935012817,0.0,0.0,-0.33273056149482727,0.9774788022041321,0.0,0.0,-0.21103328466415405,0.07124333952297668
812.0143009203166,-1181.6132841669787,0.0,4.108137709923989,0.9413198828697205,0.0,0.0,-0.3375156819820404,0.9755985140800476,0.0,0.0,-0.21956205368041992,-0.27872504204439025
811.1291818715221,-1182.522342588489,0.0,4.100538426081826,0.9397919774055481,0.0,0.0,-0.34174686670303345,0.9737004637718201,0.0,0.0,-0.2278318703174591,0.07162714173722731
810.2385891276847,-1183.4226581436867,0.0,4.095252767874787,0.9384503364562988,0.0,0.0,-0.34541410207748413,0.9717974066734314,0.0,0.0,-0.23581719398498535,-0.2784580896096913
809.3432835345975,-1184.3161337372112,0.0,4.092546046792387,0.9373045563697815,0.0,0.0,-0.34851130843162537,0.9699015617370605,0.0,0.0,-0.24349693953990936,0.071763844822197
808.4439489955809,-1185.2047087788462,0.0,4.092683574324141,0.9363623261451721,0.0,0.0,-0.3510349988937378,0.9680246710777283,0.0,0.0,-0.2508544921875,-0.27846503544462836
807.5412000239164,-1186.0903665135565,0.0,4.095930661959562,0.93562912940979,0.0,0.0,-0.3529846668243408,0.9661799669265747,0.0,0.0,-0.25786828994750977,0.07159985049717577
806.6356063630894,-1186.9751271690777,0.0,4.102480980956289,0.9351086616516113,0.0,0.0,-0.354360967874527,0.9643794298171997,0.0,0.0,-0.26452237367630005,-0.2787958596363823
805.7278183473229,-1187.8609453159804,0.0,4.112005664088759,0.934799075126648,0.0,0.0,-0.35516732931137085,0.9626356363296509,0.0,0.0,-0.27079954743385315,0.0711188058945258
804.818627755133,-1188.7496702460119,0.0,4.123944324428959,0.9347057938575745,0.0,0.0,-0.3554128408432007,0.9609612822532654,0.0,0.0,-0.27668243646621704,-0.2793988222798267
803.9089755387373,-1189.6430539194612,0.0,4.137735539267478,0.9348225593566895,0.0,0.0,-0.35510528087615967,0.9593682289123535,0.0,0.0,-0.28215673565864563,0.07042227989258035
802.9999567259337,-1190.5427565173086,0.0,4.1528178858948905,0.9351418018341064,0.0,0.0,-0.3542543053627014,0.9578686952590942,0.0,0.0,-0.28720611333847046,-0.2801605569579788
802.0928226800874,-1191.4503493330167,0.0,4.168629941601773,0.935663640499115,0.0,0.0,-0.352877140045166,0.9564741253852844,0.0,0.0,-0.2918165326118469,0.06962369122051554
801.188980657972,-1192.367314944525,0.0,4.184610283678713,0.9363749623298645,0.0,0.0,-0.35098832845687866,0.9551956057548523,0.0,0.0,-0.295974999666214,-0.28096764494166265
800.2899905948258,-1193.2950445959616,0.0,4.200197489416285,0.9372647404670715,0.0,0.0,-0.3486076593399048,0.9540440440177917,0.0,0.0,-0.2996661961078644,0.06883645860750687
799.3975590433226,-1194.2348327153034,0.0,4.21483013610507,0.9383206963539124,0.0,0.0,-0.3457574248313904,0.9530297517776489,0.0,0.0,-0.30287662148475647,-0.28170666750170237
798.5135299963404,-1195.1878687193757,0.0,4.227947773686849,0.9395288228988647,0.0,0.0,-0.3424625098705292,0.9521613121032715,0.0,0.0,-0.3055956959724426,0.06817395165893222
797.6398353043666,-1196.1552679216975,0.0,4.23917408646463,0.9408735632896423,0.0,0.0,-0.3387518525123596,0.9514434933662415,0.0,0.0,-0.30782338976860046,-0.2822736529955297
796.7782758006459,-1197.1379376855793,0.0,4.248533244704879,0.942338764667511,0.0,0.0,-0.3346558213233948,0.950874388217926,0.0,0.0,-0.30957677960395813,0.06770126689932371
795.9299526373342,-1198.1356430166966,0.0,4.2561020396127125,0.9439085721969604,0.0,0.0,-0.3302028477191925,0.9504503607749939,0.0,0.0,-0.3108762204647064,-0.2826559153646122
795.0957089698735,-1199.1477622094392,0.0,4.261957262393252,0.9455689787864685,0.0,0.0,-0.32541826367378235,0.9501668214797974,0.0,0.0,-0.3117416799068451,0.06740554857707426
794.2763523278604,-1200.1736686523548,0.0,4.266175704251608,0.9473066926002502,0.0,0.0,-0.3203251361846924,0.950016438961029,0.0,0.0,-0.31219279766082764,-0.2828689679837211
793.4726544359016,-1201.2127332682119,0.0,4.268834156392904,0.9491096138954163,0.0,0.0,-0.31494346261024475,0.9499981999397278,0.0,0.0,-0.3122485280036926,0.0672712833174128
792.6853510194985,-1202.2643266522139,0.0,4.270009410022254,0.9509667158126831,0.0,0.0,-0.3092910647392273,0.9501042366027832,0.0,0.0,-0.31192252039909363,-0.2829283242276277
791.9151417454774,-1203.3278211552617,0.0,4.269778256344775,0.9528677463531494,0.0,0.0,-0.30338433384895325,0.950330913066864,0.0,0.0,-0.3112320899963379,0.06728295774556836
791.1626902974231,-1204.402592906906,0.0,4.268217486565588,0.9548033475875854,0.0,0.0,-0.29723668098449707,0.9506715536117554,0.0,0.0,-0.31019070744514465,-0.2828494974711031
790.4286245860304,-1205.4880237732402,0.0,4.2654038918898065,0.956764817237854,0.0,0.0,-0.29086101055145264,0.9511203765869141,0.0,0.0,-0.30881255865097046,0.06742505848676944
789.7135370937712,-1206.5835032456014,0.0,4.261414263522552,0.9587441086769104,0.0,0.0,-0.28426894545555115,0.951671838760376,0.0,0.0,-0.3071098327636719,-0.2826480010889185
789.0179853528192,-1207.6884302564872,0.0,4.256325392668939,0.9607340097427368,0.0,0.0,-0.2774694263935089,0.9523206353187561,0.0,0.0,-0.30509281158447266,0.06768207216624486
788.3424925547372,-1208.8022149196663,0.0,4.250214070534084,0.9627276062965393,0.0,0.0,-0.2704714238643646,0.9530611038208008,0.0,0.0,-0.3027724027633667,-0.2823393484558451
787.6875482900604,-1209.9242801919522,0.0,4.243157088323107,0.9647181034088135,0.0,0.0,-0.26328352093696594,0.9538873434066772,0.0,0.0,-0.3001596927642822,0.06803848540922353
787.0536094155622,-1211.054063454601,0.0,4.2352312372411225,0.9666996002197266,0.0,0.0,-0.2559128701686859,0.9547937512397766,0.0,0.0,-0.29726436734199524,-0.28193905294665395
786.441101046714,-1212.191018012746,0.0,4.226513308493251,0.9686656594276428,0.0,0.0,-0.2483675181865692,0.9557750225067139,0.0,0.0,-0.29409414529800415,0.0684787848409342
785.8504176725875,-1213.334614511705,0.0,4.217080093284608,0.9706107974052429,0.0,0.0,-0.2406536042690277,0.9568256735801697,0.0,0.0,-0.29065805673599243,-0.2814626279361164
785.2819243902622,-1214.484342269382,0.0,4.207008382820309,0.9725295901298523,0.0,0.0,-0.23277868330478668,0.957940399646759,0.0,0.0,-0.2869631350040436,0.06898745708660589
784.7359582556462,-1215.639710524362,0.0,4.196374968305478,0.9744163155555725,0.0,0.0,-0.22474996745586395,0.959113597869873,0.0,0.0,-0.28301769495010376,-0.28092558679900376
784.2128297475093,-1216.8002495996084,0.0,4.1852566409452265,0.9762660264968872,0.0,0.0,-0.21657440066337585,0.9603405594825745,0.0,0.0,-0.2788265347480774,0.06954898877146706
783.7128243414786,-1217.9655119819868,0.0,4.173730191944676,0.9780733585357666,0.0,0.0,-0.20826001465320587,0.9616157412528992,0.0,0.0,-0.27439677715301514,-0.28034344291008706
783.2362041907222,-1219.1350733181043,0.0,4.161872412508936,0.9798334836959839,0.0,0.0,-0.19981560111045837,0.9629339575767517,0.0,0.0,-0.26973456144332886,0.07014786652074684
782.7832099100929,-1220.3085333271983,0.0,4.149760093843135,0.9815412759780884,0.0,0.0,-0.19125007092952728,0.9642897248268127,0.0,0.0,-0.264847069978714,-0.27973170964413746
782.3540624605777,-1221.4855166319996,0.0,4.137470027152381,0.9831922650337219,0.0,0.0,-0.1825726181268692,0.9656786918640137,0.0,0.0,-0.2597370743751526,0.07076857695967378
781.9489651310263,-1222.6656735087006,0.0,4.125079003641795,0.9847819805145264,0.0,0.0,-0.17379391193389893,0.9670959711074829,0.0,0.0,-0.254409521818161,-0.27910590037592603
781.5681056142998,-1223.848680557294,0.0,4.112663814516497,0.9863060116767883,0.0,0.0,-0.16492509841918945,0.9685366749763489,0.0,0.0,-0.2488689124584198,0.07139560671347667
781.2116581752043,-1225.0342412936639,0.0,4.1003012509816,0.9877603650093079,0.0,0.0,-0.15597794950008392,0.9699955582618713,0.0,0.0,-0.24312099814414978,-0.2784815284802241
780.8797859078161,-1226.2220866649197,0.0,4.088068104242226,0.9891415238380432,0.0,0.0,-0.1469651311635971,0.9714679718017578,0.0,0.0,-0.2371693104505539,0.07201344240738441
780.5726430801219,-1227.4119754895144,0.0,4.076041165503487,0.9904458522796631,0.0,0.0,-0.13790100812911987,0.9729490280151367,0.0,0.0,-0.23101840913295746,-0.27787410733180296
780.2903775642372,-1228.6036948237313,0.0,4.064297225970505,0.9916703701019287,0.0,0.0,-0.12880009412765503,0.9744330644607544,0.0,0.0,-0.2246764749288559,0.07260657066662596
780.0330539231113,-1229.7970602561331,0.0,4.052913076848393,0.9928126335144043,0.0,0.0,-0.11967741698026657,0.9759137034416199,0.0,0.0,-0.21815547347068787,-0.2772991503054337
779.8003481267912,-1230.9919161315433,0.0,4.041965509342272,0.9938706755638123,0.0,0.0,-0.11054722219705582,0.9773838520050049,0.0,0.0,-0.2114713490009308,0.07315947811643006
779.5918261552213,-1232.1881357060904,0.0,4.03153131465726,0.9948433637619019,0.0,0.0,-0.10142168402671814,0.9788374304771423,0.0,0.0,-0.20463740825653076,-0.27677217077588756
779.4070664688419,-1233.3856212347853,0.0,4.021687283998471,0.9957299828529358,0.0,0.0,-0.09231279790401459,0.980269193649292,0.0,0.0,-0.19766508042812347,0.0736566513820254
779.245661853306,-1234.584303992976,0.0,4.012510208571026,0.9965303540229797,0.0,0.0,-0.08323044329881668,0.9816732406616211,0.0,0.0,-0.19056996703147888,-0.2763086821179358
779.107221166117,-1235.7841442329357,0.0,4.0040768795800386,0.9972445964813232,0.0,0.0,-0.07418301701545715,0.9830449819564819,0.0,0.0,-0.18336302042007446,0.07408257708864091
778.9913710197285,-1236.9851310766726,0.0,3.9964640882306286,0.9978735446929932,0.0,0.0,-0.0651782974600792,0.984380304813385,0.0,0.0,-0.17605340480804443,-0.27592419770634946
778.8977574043411,-1238.1872823458766,0.0,3.989748625727914,0.9984181523323059,0.0,0.0,-0.05622333288192749,0.9856747388839722,0.0,0.0,-0.16865545511245728,0.07442174186150532
778.8260472536934,-1239.3906443297321,0.0,3.984007283277009,0.9988795518875122,0.0,0.0,-0.04732421040534973,0.9869251847267151,0.0,0.0,-0.16117705404758453,-0.27563423091589967
778.7759299572028,-1240.5952914910845,0.0,3.979316852083035,0.9992591142654419,0.0,0.0,-0.03848618268966675,0.9881282448768616,0.0,0.0,-0.15362977981567383,0.07465863232584741
778.7471188218243,-1241.8013261112103,0.0,3.9757541233511065,0.9995584487915039,0.0,0.0,-0.029714435338974,0.9892814755439758,0.0,0.0,-0.1460195928812027,-0.27545429512135783
778.739352487012,-1243.0088778731713,0.0,3.973395888286341,0.999779224395752,0.0,0.0,-0.021013803780078888,0.9903817176818848,0.0,0.0,-0.13835996389389038,0.07477773510689617
778.7523962961396,-1244.2181033833986,0.0,3.97231893809386,0.9999232888221741,0.0,0.0,-0.012388807721436024,0.9914275407791138,0.0,0.0,-0.13065586984157562,-0.2753999036974951
778.7860436276924,-1245.4291856308698,0.0,3.972600063978775,0.9999926090240479,0.0,0.0,-0.0038447584956884384,0.9924169778823853,0.0,0.0,-0.1229151114821434,0.07476353682988024
778.8401171894747,-1246.6423333828418,0.0,3.974316057146206,0.9999892711639404,0.0,0.0,0.004613679833710194,0.9933486580848694,0.0,0.0,-0.11514341086149216,-0.27548657001908256
778.9144702789821,-1247.8577805157488,0.0,3.9775437088012717,0.999915599822998,0.0,0.0,0.012980656698346138,0.9942210912704468,0.0,0.0,-0.10735023766756058,0.07460052412002843
779.0089880129691,-1249.0757852794384,0.0,3.982359810149088,0.9997739791870117,0.0,0.0,0.02125033363699913,0.9950334429740906,0.0,0.0,-0.099540114402771,-0.2757298074608915
779.1235885290847,-1250.2966294924834,0.0,3.988841152394771,0.9995669722557068,0.0,0.0,0.02941717766225338,0.9957846999168396,0.0,0.0,-0.09172046929597855,0.07427318360256974
779.2582241622875,-1251.5206176658312,0.0,3.9970645267434413,0.9992974400520325,0.0,0.0,0.03747338056564331,0.9964746832847595,0.0,0.0,-0.08389373123645782,-0.276145129397693
779.4128825985301,-1252.74807605153,0.0,4.007106724400214,0.998968243598938,0.0,0.0,0.04541198909282684,0.9971027970314026,0.0,0.0,-0.07606571167707443,0.07376600190273269
779.5875880079735,-1253.9793516127397,0.0,4.019044536570207,0.9985824823379517,0.0,0.0,0.05322461202740669,0.997668981552124,0.0,0.0,-0.06824057549238205,-0.27674804920425833
779.7824021597139,-1255.2148109106383,0.0,4.032954754458539,0.9981436133384705,0.0,0.0,0.0609021857380867,0.9981729984283447,0.0,0.0,-0.06042186915874481,0.07306346564574626
779.9974255197116,-1256.4548389032195,0.0,4.048914169270327,0.99765545129776,0.0,0.0,0.06843475997447968,0.998615026473999,0.0,0.0,-0.05261393263936043,-0.27755408025535877
780.2327983332434,-1257.6998376503132,0.0,4.066999572210684,0.9971219301223755,0.0,0.0,0.07581166923046112,0.9989952445030212,0.0,0.0,-0.044819753617048264,0.07215006145683939
780.4887016927288,-1258.9502249178863,0.0,4.087287752659874,0.996547520160675,0.0,0.0,0.08302158117294312,0.9993139505386353,0.0,0.0,-0.03704085201025009,-0.2785787358336007
780.7653559802674,-1260.2064212224666,0.0,4.109818010751736,0.9959367513656616,0.0,0.0,0.09005246311426163,0.9995713233947754,0.0,0.0,-0.02928498014807701,0.07101216963401807
781.0629346663454,-1261.4688465542388,0.0,4.134495779443205,0.9952948093414307,0.0,0.0,0.09689107537269592,0.9997676610946655,0.0,0.0,-0.02156437560915947,-0.2798250877877153
781.3812601623582,-1262.7380629199936,0.0,4.1611966239681815,0.9946267008781433,0.0,0.0,0.10352477431297302,0.9999036192893982,0.0,0.0,-0.0138936135917902,0.06966364213275666
781.7200437247332,-1264.0146484512313,0.0,4.189796109560584,0.9939377307891846,0.0,0.0,0.10994322597980499,0.9999803304672241,0.0,0.0,-0.006281607784330845,-0.2812695062519781
782.0789881111825,-1265.299141871822,0.0,4.220169801454318,0.9932332634925842,0.0,0.0,0.11613545566797256,0.9999991655349731,0.0,0.0,0.0012583103962242603,0.06812961728963882
782.4577813988981,-1266.5920427784797,0.0,4.252193264883285,0.9925187230110168,0.0,0.0,0.12209188938140869,0.9999620318412781,0.0,0.0,0.008713841438293457,-0.28288685288980475
782.8560909705471,-1267.8938119276688,0.0,4.28574206508141,0.9917993545532227,0.0,0.0,0.1278042048215866,0.9998708963394165,0.0,0.0,0.016073931008577347,0.06643523344124869
783.2735576916356,-1269.2048715178041,0.0,4.3206917672825895,0.9910805225372314,0.0,0.0,0.1332642138004303,0.9997279047966003,0.0,0.0,0.023329123854637146,-0.2846519893646118
783.7097902836871,-1270.5256054668969,0.0,4.356917936720745,0.9903674125671387,0.0,0.0,0.13846427202224731,0.9995356798171997,0.0,0.0,0.03047039732336998,0.06460562892417016
784.1643599007232,-1271.8563596856613,0.0,4.394296138629775,0.9896653294563293,0.0,0.0,0.14339680969715118,0.9992972612380981,0.0,0.0,0.03748508542776108,-0.28653977733981534
784.6367949193705,-1273.1974423460028,0.0,4.4327019382436,0.9889790415763855,0.0,0.0,0.1480555236339569,0.9990153908729553,0.0,0.0,0.04436570778489113,0.06266594207498707
785.1265759556223,-1274.5491241446641,0.0,4.472010900796126,0.9883137941360474,0.0,0.0,0.1524330973625183,0.9986933469772339,0.0,0.0,0.05110238119959831,-0.2885250784788318
785.6331311238082,-1275.9116385617435,0.0,4.512098591521252,0.9876742362976074,0.0,0.0,0.15652313828468323,0.9983347058296204,0.0,0.0,0.05768653377890587,0.06064131123028371
786.1558315556782,-1277.285182113654,0.0,4.552840575652906,0.9870651364326477,0.0,0.0,0.16031871736049652,0.9979428648948669,0.0,0.0,0.06410936266183853,-0.29058275444507686
786.6939871996753,-1278.669914600038,0.0,4.594112418424979,0.9864911437034607,0.0,0.0,0.16381357610225677,0.9975215196609497,0.0,0.0,0.07036217302083969,0.05855687472664359
787.246842922457,-1280.0659593440332,0.0,4.635789685071398,0.9859564304351807,0.0,0.0,0.16700127720832825,0.9970744848251343,0.0,0.0,0.07643638551235199,-0.2926876669019667
787.813574936498,-1281.4734034252276,0.0,4.677747940826058,0.9854653477668762,0.0,0.0,0.16987507045269012,0.9966055750846863,0.0,0.0,0.08232519775629044,0.05643777090065061
788.393287579184,-1282.8922979045515,0.0,4.719862750922884,0.9850218892097473,0.0,0.0,0.17242790758609772,0.9961186051368713,0.0,0.0,0.08802151679992676,-0.29481467751291746
788.9850104701517,-1284.3226580402927,0.0,4.762009680595775,0.9846298098564148,0.0,0.0,0.17465311288833618,0.9956178665161133,0.0,0.0,0.09351550042629242,0.0543091380888884
789.5876960567746,-1285.7644634515573,0.0,4.804064152384827,0.98429274559021,0.0,0.0,0.17654316127300262,0.9951074719429016,0.0,0.0,0.09879857301712036,-0.29693864073458676
790.2002153835762,-1287.217653045632,0.0,4.845884013627047,0.9840137362480164,0.0,0.0,0.17809157073497772,0.994591474533081,0.0,0.0,0.10386425256729126,0.05219702388473593
790.8213521369756,-1288.6821149480654,0.0,4.887292810391749,0.9837896227836609,0.0,0.0,0.1792883574962616,0.9940738081932068,0.0,0.0,0.1087067648768425,-0.2990299941065414
791.4498010653962,-1290.1576855444848,0.0,4.928110124258467,0.9836335778236389,0.0,0.0,0.18012802302837372,0.9935590624809265,0.0,0.0,0.11331509053707123,0.05013554338641682
792.0841676427478,-1291.6441496940622,0.0,4.96815553680671,0.9835464358329773,0.0,0.0,0.18060249090194702,0.9930509924888611,0.0,0.0,0.11768368631601334,-0.30105248968978604
792.7229685278547,-1293.1412409217764,0.0,5.007248629616019,0.9835289120674133,0.0,0.0,0.1807028353214264,0.9925540685653687,0.0,0.0,0.12180320173501968,0.04816114475968408
793.3646328611845,-1294.6486415879226,0.0,5.045208984265908,0.9835813641548157,0.0,0.0,0.18041972815990448,0.9920724630355835,0.0,0.0,0.12566573917865753,-0.3029696793185683
794.0075044384575,-1296.16598303332,0.0,5.081856182335891,0.9837037920951843,0.0,0.0,0.17974375188350677,0.9916101098060608,0.0,0.0,0.12926357984542847,0.04631027617029093
794.6498447982598,-1297.6928456987082,0.0,5.117009805405509,0.9838957786560059,0.0,0.0,0.17866498231887817,0.9911711812019348,0.0,0.0,0.13258767127990723,-0.3047451148271348
795.2898372576792,-1299.2287592168661,0.0,5.150489435054271,0.9841676950454712,0.0,0.0,0.17717581987380981,0.9907596111297607,0.0,0.0,0.13562940061092377,0.04461938578398977
795.9255919261575,-1300.77320247606,0.0,5.182114652861713,0.9845117330551147,0.0,0.0,0.17526571452617645,0.9903789758682251,0.0,0.0,0.13838137686252594,-0.3063423480497328
796.5551517232499,-1302.325603653538,0.0,5.211705040407345,0.984927237033844,0.0,0.0,0.17292562127113342,0.9900333285331726,0.0,0.0,0.14083331823349,0.0431249217665336
797.1764994207375,-1303.8853402178852,0.0,5.239080179270701,0.9854123592376709,0.0,0.0,0.17014752328395844,0.9897261261940002,0.0,0.0,0.1429765373468399,-0.30772493082060937
797.7875657236093,-1305.4517388992188,0.0,5.264059651031301,0.9859647154808044,0.0,0.0,0.16692407429218292,0.9894603490829468,0.0,0.0,0.14480391144752502,0.04186333228367495
798.3862383977353,-1307.0240756263584,0.0,5.286463037268664,0.9865807294845581,0.0,0.0,0.1632499098777771,0.9892397522926331,0.0,0.0,0.14630332589149475,-0.3088564149740115
798.9703724446914,-1308.6015754302987,0.0,5.306109919562322,0.9872558116912842,0.0,0.0,0.1591206043958664,0.9890673160552979,0.0,0.0,0.14746491611003876,0.04087106550116698
799.5378013160636,-1310.183412313516,0.0,5.322819879491788,0.9879845976829529,0.0,0.0,0.1545349359512329,0.9889450669288635,0.0,0.0,0.14828158915042877,-0.3097003523441866
800.0863491507846,-1311.7687090849015,0.0,5.3364124986365935,0.9887607097625732,0.0,0.0,0.14949239790439606,0.9888741374015808,0.0,0.0,0.14874036610126495,0.040184569584762686
800.6138440095522,-1313.3565371603336,0.0,5.346707358576258,0.9895764589309692,0.0,0.0,0.1439964920282364,0.9888599514961243,0.0,0.0,0.14883466064929962,-0.3102202947653817
801.1181320702418,-1314.945916329221,0.0,5.353524040890306,0.9904233813285828,0.0,0.0,0.13805297017097473,0.9889015555381775,0.0,0.0,0.14855343103408813,0.03984029270021472
801.5970927374507,-1316.5358144876168,0.0,5.356682127158261,0.9912921786308289,0.0,0.0,0.13167135417461395,0.9889974594116211,0.0,0.0,0.14788520336151123,-0.310379794071844
802.0486618376317,-1318.1251736105112,0.0,5.3560897427597345,0.9921725988388062,0.0,0.0,0.12486530095338821,0.9891566038131714,0.0,0.0,0.14682160317897797,0.03987021110418071
802.47088724889,-1319.7130706411692,0.0,5.352198548572733,0.9930539727210999,0.0,0.0,0.11765160411596298,0.9893739819526672,0.0,0.0,0.14535407721996307,-0.31018326911290456
802.8619419374944,-1321.2987781466852,0.0,5.345666327989977,0.9939250349998474,0.0,0.0,0.1100516989827156,0.9896488189697266,0.0,0.0,0.1434745490550995,0.04020012123462291
803.2201138955879,-1322.8817639893416,0.0,5.337151257421369,0.9947744607925415,0.0,0.0,0.1020904928445816,0.9899802207946777,0.0,0.0,0.14117321372032166,-0.30975321504378295
803.543792858148,-1324.4616909848505,0.0,5.327311513276816,0.9955907464027405,0.0,0.0,0.09379737079143524,0.9903663992881775,0.0,0.0,0.13844089210033417,0.040697078009600374
803.8314538984993,-1326.0384166641138,0.0,5.3168052719662136,0.9963629245758057,0.0,0.0,0.08520588278770447,0.9908047914505005,0.0,0.0,0.1352711319923401,-0.3092225967957728
804.0816350715346,-1327.6119732832422,0.0,5.306223768847597,0.9970804452896118,0.0,0.0,0.07635317742824554,0.9912899136543274,0.0,0.0,0.1316719502210617,0.04123149735902548
804.2933025350553,-1329.182389057055,0.0,5.295751282019324,0.997734010219574,0.0,0.0,0.06727813929319382,0.9918141961097717,0.0,0.0,0.12766563892364502,-0.30869368331959746
804.4668524861373,-1330.7494957167128,0.0,5.285419144385089,0.9983152151107788,0.0,0.0,0.058018412441015244,0.9923692941665649,0.0,0.0,0.12327829748392105,0.04175332249206776
804.6029895503058,-1332.3130910282414,0.0,5.275258414054639,0.9988176226615906,0.0,0.0,0.04860760271549225,0.9929473400115967,0.0,0.0,0.11853518337011337,-0.3081805151210899
804.7024080603423,-1333.872984824042,0.0,5.265300149137711,0.999235987663269,0.0,0.0,0.03907677158713341,0.993540346622467,0.0,0.0,0.11345994472503662,0.04225626516463987
804.765791209458,-1335.4289988737437,0.0,5.255575407744053,0.9995659589767456,0.0,0.0,0.02945421263575554,0.9941409230232239,0.0,0.0,0.10807271301746368,-0.30768936656585466
804.7938102498257,-1336.9809667340196,0.0,5.246115247983408,0.9998044371604919,0.0,0.0,0.019765928387641907,0.9947416186332703,0.0,0.0,0.10239915549755096,0.042734051011137086
804.7871237356737,-1338.5287335776006,0.0,5.236950727965514,0.9999494552612305,0.0,0.0,0.0100351357832551,0.9953353404998779,0.0,0.0,0.09645897150039673,-0.30722651201949636
804.7463768101203,-1340.072156001705,0.0,5.22811290580012,0.9999998211860657,0.0,0.0,0.0002832310274243355,0.9959155321121216,0.0,0.0,0.09027358144521713,0.04318040566595499
804.6722005349376,-1341.6111018160955,0.0,5.219632839596963,0.9999549984931946,0.0,0.0,-0.009470321238040924,0.9964761137962341,0.0,0.0,0.08386171609163284,-0.3067982258476198
804.5652112624375,-1343.1454498109238,0.0,5.211541587465789,0.9998152852058411,0.0,0.0,-0.01920832321047783,0.9970111846923828,0.0,0.0,0.0772436112165451,0.04358905476348901
804.4260100486813,-1344.6750895045127,0.0,5.203870207516342,0.9995816349983215,0.0,0.0,-0.028915412724018097,0.9975153803825378,0.0,0.0,0.07043590396642685,-0.30641078241582953
804.2551821072217,-1346.199920871179,0.0,5.196649757858363,0.9992554187774658,0.0,0.0,-0.0385776050388813,0.9979836940765381,0.0,0.0,0.06345802545547485,0.04395372393813446
804.0532963026192,-1347.7198540491847,0.0,5.189911296601592,0.9988384246826172,0.0,0.0,-0.048182450234889984,0.9984115362167358,0.0,0.0,0.05632653087377548,-0.30607045608973
803.8209046829857,-1349.2348090288372,0.0,5.183685881855775,0.9983327388763428,0.0,0.0,-0.05771894380450249,0.9987953305244446,0.0,0.0,0.04905456677079201,0.04426813882428682
803.558542050844,-1350.744715320762,0.0,5.178004571730656,0.9977409243583679,0.0,0.0,-0.0671774372458458,0.9991311430931091,0.0,0.0,0.0416601300239563,-0.305783521234926
803.2667255716202,-1352.2495116042742,0.0,5.172898424335973,0.9970657229423523,0.0,0.0,-0.07654979079961777,0.9994158148765564,0.0,0.0,0.03415674716234207,0.04452602505634157
802.9459544191329,-1353.7491453557955,0.0,5.168398497781474,0.9963099360466003,0.0,0.0,-0.08582866191864014,0.9996466636657715,0.0,0.0,0.026558561250567436,-0.30555625221702204
802.5967094574743,-1355.2435724571499,0.0,5.164535850176897,0.9954765439033508,0.0,0.0,-0.09500797092914581,0.9998212456703186,0.0,0.0,0.01887923665344715,0.04472110826869391
802.2194529587383,-1356.7327567835719,0.0,5.161341539631993,0.9945687055587769,0.0,0.0,-0.10408269613981247,0.9999376535415649,0.0,0.0,0.011129533872008324,-0.30539492340162283
801.8146283560973,-1358.21666977119,0.0,5.158846624256493,0.9935895204544067,0.0,0.0,-0.11304803937673569,0.9999940991401672,0.0,0.0,0.0033204159699380398,0.04484711409573938
801.3826600317831,-1359.6952899636765,0.0,5.1570821621601475,0.9925422668457031,0.0,0.0,-0.12190080434083939,0.99998939037323,0.0,0.0,-0.004535254556685686,-0.3053058091543327
800.9239531396063,-1361.1686025377273,0.0,5.156079211452699,0.9914302229881287,0.0,0.0,-0.13063742220401764,0.999922513961792,0.0,0.0,-0.012429304420948029,0.04489776817187319
800.4388934616986,-1362.6365988069613,0.0,5.155868830243889,0.9902563095092773,0.0,0.0,-0.13925692439079285,0.9997925758361816,0.0,0.0,-0.020349372178316116,-0.30529518384075643
799.9278472992453,-1364.0992757037493,0.0,5.156482076643458,0.989023745059967,0.0,0.0,-0.14775706827640533,0.9995994567871094,0.0,0.0,-0.028287013992667198,0.04486679613149086
799.3911613970572,-1365.5566352384476,0.0,5.157950008761152,0.9877352714538574,0.0,0.0,-0.15613727271556854,0.9993428587913513,0.0,0.0,-0.036234982311725616,-0.3053693218264985
798.8291629019087,-1367.008683935414,0.0,5.1603036847067125,0.9863941669464111,0.0,0.0,-0.16439703106880188,0.9990229606628418,0.0,0.0,-0.04418596997857094,0.04474792360898777
798.2421593546601,-1368.4554322451309,0.0,5.163574162589883,0.9850031137466431,0.0,0.0,-0.17253637313842773,0.9986398220062256,0.0,0.0,-0.0521310493350029,-0.30553449747716366
797.6304387162861,-1369.8968939316699,0.0,5.167792500520406,0.9835646748542786,0.0,0.0,-0.1805558055639267,0.9981942176818848,0.0,0.0,-0.06006195396184921,0.04453487623875935
796.9942694280218,-1371.3330854346686,0.0,5.1729897566080245,0.9820812940597534,0.0,0.0,-0.188457190990448,0.997686505317688,0.0,0.0,-0.06797624379396439,-0.3057969851583565
796.3339005059561,-1372.7640252048952,0.0,5.179196988962477,0.9805556535720825,0.0,0.0,-0.1962408572435379,0.9971175193786621,0.0,0.0,-0.07586793601512909,0.04422137965520112
795.6495616705117,-1374.1897330124032,0.0,5.1864452556935134,0.9789898991584778,0.0,0.0,-0.2039080113172531,0.9964881539344788,0.0,0.0,-0.08372966200113297,-0.3061630592356816
794.9414635113735,-1375.6102292261724,0.0,5.194765614910874,0.9773861765861511,0.0,0.0,-0.21146135032176971,0.9957994222640991,0.0,0.0,-0.09155692160129547,0.043801159492708186
794.2097976885533,-1377.0255340640674,0.0,5.204189124724296,0.9757466912269592,0.0,0.0,-0.21890214085578918,0.9950526356697083,0.0,0.0,-0.0993453860282898,-0.3066389940747433
793.4547376684163,-1378.4356658975746,0.0,5.214743452420594,0.974073052406311,0.0,0.0,-0.22623342275619507,0.994248628616333,0.0,0.0,-0.10709347575902939,0.04326811263935981
792.676444743815,-1379.840630390053,0.0,5.226418669923142,0.972366988658905,0.0,0.0,-0.23345737159252167,0.9933888912200928,0.0,0.0,-0.11479534208774567,-0.30722865152436696
791.8750727951037,-1381.2404137566955,0.0,5.239181432537974,0.9706301689147949,0.0,0.0,-0.2405766099691391,0.9924746155738831,0.0,0.0,-0.12244796752929688,0.04262352866891378
791.0507699300438,-1382.6349823656635,0.0,5.252998041291935,0.9688637256622314,0.0,0.0,-0.24759449064731598,0.9915071725845337,0.0,0.0,-0.1300506293773651,-0.30792646004729435
790.2036800397071,-1384.0242824507382,0.0,5.267834797211863,0.9670692682266235,0.0,0.0,-0.2545130252838135,0.990487813949585,0.0,0.0,-0.137599378824234,0.04187419756184674
789.3339443209745,-1385.4082398389537,0.0,5.283658001324608,0.9652479290962219,0.0,0.0,-0.2613356113433838,0.9894179105758667,0.0,0.0,-0.14509202539920807,-0.3087256117701603
788.4417027669766,-1386.7867596933584,0.0,5.300433954657001,0.9634004831314087,0.0,0.0,-0.2680656313896179,0.9882987141609192,0.0,0.0,-0.15252894163131714,0.04102692719152384
787.5270956266489,-1388.1597262711387,0.0,5.318128958235896,0.9615281820297241,0.0,0.0,-0.274705708026886,0.9871321320533752,0.0,0.0,-0.15990492701530457,-0.3096192988195994
786.5902648343871,-1389.5270026973826,0.0,5.3367093130881305,0.9596315622329712,0.0,0.0,-0.2812594175338745,0.9859188795089722,0.0,0.0,-0.16722272336483002,0.040088525431309974
785.6313554106198,-1390.888430754849,0.0,5.35614132024054,0.9577117562294006,0.0,0.0,-0.287728875875473,0.9846606850624084,0.0,0.0,-0.1744786500930786,-0.3106007133222463
784.6505168339456,-1392.2438306901367,0.0,5.376391280719977,0.9557693600654602,0.0,0.0,-0.29411691427230835,0.9833581447601318,0.0,0.0,-0.1816757321357727,0.03906580015457073
783.6479043853212,-1393.5930010367435,0.0,5.397425495553275,0.9538048505783081,0.0,0.0,-0.3004263937473297,0.9820134043693542,0.0,0.0,-0.1888090968132019,-0.3116630474047361
782.6236804646157,-1394.9357184555236,0.0,5.4192102657672825,0.9518192410469055,0.0,0.0,-0.306659460067749,0.9806273579597473,0.0,0.0,-0.1958799511194229,0.037965559234671375
781.5780158797096,-1396.2717375931431,0.0,5.441711892388838,0.9498130083084106,0.0,0.0,-0.31281787157058716,0.9792008399963379,0.0,0.0,-0.202891007065773,-0.3127994931937036
780.5110911081481,-1397.6007909591453,0.0,5.464896676444788,0.947787344455719,0.0,0.0,-0.31890279054641724,0.9777351021766663,0.0,0.0,-0.20984025299549103,0.03679461054497696
779.4230975312294,-1398.9225888223177,0.0,5.488730918961966,0.9457430839538574,0.0,0.0,-0.32491546869277954,0.9762313365936279,0.0,0.0,-0.21672889590263367,-0.31400324281578335
778.3142386402483,-1400.2368191270841,0.0,5.513180920967225,0.9436811804771423,0.0,0.0,-0.3308563828468323,0.974690318107605,0.0,0.0,-0.2235574573278427,0.0355597619588528
777.1847312144944,-1401.5431474306918,0.0,5.538212983487402,0.9416027069091797,0.0,0.0,-0.33672595024108887,0.9731127023696899,0.0,0.0,-0.2303272783756256,-0.31526748839761043
776.0348064704654,-1402.8412168620016,0.0,5.563793407549336,0.939509391784668,0.0,0.0,-0.34252312779426575,0.9715001583099365,0.0,0.0,-0.23703674972057343,0.03426782134966416
774.8647111816251,-1404.1306481027445,0.0,5.589888494179875,0.9374029636383057,0.0,0.0,-0.3482467532157898,0.9698531031608582,0.0,0.0,-0.24368874728679657,-0.3165854220658194
773.6747087679164,-1405.4110393921108,0.0,5.616464544405853,0.9352851510047913,0.0,0.0,-0.3538951277732849,0.9681721925735474,0.0,0.0,-0.25028419494628906,0.03292559659077632
772.4650803541194,-1406.6819665556181,0.0,5.643487859254123,0.9331580400466919,0.0,0.0,-0.3594663143157959,0.966457188129425,0.0,0.0,-0.25682657957077026,-0.3179502359470452
771.2361257960293,-1407.9429830591926,0.0,5.670924739751516,0.9310246706008911,0.0,0.0,-0.3649561405181885,0.9647099375724792,0.0,0.0,-0.2633136212825775,0.031539895555554476
769.9881646521683,-1409.1936201104065,0.0,5.698741583041821,0.9288879036903381,0.0,0.0,-0.37036073207855225,0.9629306793212891,0.0,0.0,-0.26974794268608093,-0.3193551270223131
768.7215016627472,-1410.4334777192223,0.0,5.726912726929199,0.9267512559890747,0.0,0.0,-0.3756752014160156,0.9611209630966187,0.0,0.0,-0.2761266827583313,0.030117110510737455
767.4362623280225,-1411.6626569450164,0.0,5.75542626273071,0.9246181845664978,0.0,0.0,-0.38089483976364136,0.9592825174331665,0.0,0.0,-0.2824471592903137,-0.320795204588046
766.1325123637299,-1412.8814447569623,0.0,5.784271651583697,0.922492265701294,0.0,0.0,-0.38601523637771606,0.957417905330658,0.0,0.0,-0.2887043058872223,0.02866027268987953
764.8103258453694,-1414.0901351959067,0.0,5.813438354625467,0.9203770756721497,0.0,0.0,-0.39103177189826965,0.9555293917655945,0.0,0.0,-0.29489463567733765,-0.3222682703982364
763.4697856708876,-1415.289029698391,0.0,5.8429158329933655,0.9182760715484619,0.0,0.0,-0.39594048261642456,0.9536186456680298,0.0,0.0,-0.3010164499282837,0.0271715111561473
762.1109839385987,-1416.4784376381726,0.0,5.872693547824705,0.9161931276321411,0.0,0.0,-0.40073683857917786,0.9516879916191101,0.0,0.0,-0.30706581473350525,-0.32377219538971824
760.7340223232883,-1417.658676864995,0.0,5.902760960256823,0.9141317009925842,0.0,0.0,-0.40541738271713257,0.9497389793395996,0.0,0.0,-0.3130419850349426,0.025652954972706976
759.339012450313,-1418.8300742403585,0.0,5.933107531427042,0.9120951890945435,0.0,0.0,-0.4099782705307007,0.9477753043174744,0.0,0.0,-0.31893789768218994,-0.3253048504993252
757.9260762675208,-1419.9929661700128,0.0,5.9637227224726805,0.9100874066352844,0.0,0.0,-0.4144158363342285,0.9457995295524597,0.0,0.0,-0.3247501254081726,0.024106733202725217
756.4953464147757,-1421.147699132876,0.0,5.994595994531079,0.9081121683120728,0.0,0.0,-0.41872653365135193,0.9438133835792542,0.0,0.0,-0.33047786355018616,-0.3268641066638908
755.0469665908911,-1422.2946302060718,0.0,6.025716808739553,0.9061724543571472,0.0,0.0,-0.42290785908699036,0.9418197274208069,0.0,0.0,-0.33611753582954407,0.022534974909367955
753.5810919177347,-1423.4341275857637,0.0,6.057074626235438,0.9042720794677734,0.0,0.0,-0.4269563853740692,0.9398209452629089,0.0,0.0,-0.3416665196418762,-0.32844783482024864
752.0978893012789,-1424.5665711034287,0.0,6.088658908156048,0.9024142622947693,0.0,0.0,-0.4308689832687378,0.9378204941749573,0.0,0.0,-0.34711983799934387,0.020939809155801792
750.5975377893485,-1425.69235273723,0.0,6.120459115638728,0.9006025195121765,0.0,0.0,-0.43464311957359314,0.9358204007148743,0.0,0.0,-0.35247668623924255,-0.3300539059052325
749.080228925805,-1426.811877118104,0.0,6.1524647098207925,0.8988403677940369,0.0,0.0,-0.43827566504478455,0.9338236451148987,0.0,0.0,-0.3577330410480499,0.019323365005192494
747.5461671009084,-1427.9255620301676,0.0,6.184665151839565,0.8971309661865234,0.0,0.0,-0.4417642056941986,0.9318340420722961,0.0,0.0,-0.3628841042518616,-0.33168019085567557
745.9955698975681,-1429.0338389050596,0.0,6.217049902832381,0.8954774141311646,0.0,0.0,-0.4451063871383667,0.9298534989356995,0.0,0.0,-0.36792951822280884,0.017687771520706885
744.4286684332058,-1430.1371533097724,0.0,6.24960842393656,0.893883228302002,0.0,0.0,-0.4482995271682739,0.9278851747512817,0.0,0.0,-0.37286576628685,-0.3333245606084119
742.845708136823,-1431.2359651243069,0.0,6.2823284346398625,0.8923513889312744,0.0,0.0,-0.4513411223888397,0.9259322881698608,0.0,0.0,-0.37768930196762085,0.01603524572761078
741.2469531817915,-1432.3307462455539,0.0,6.315181533173405,0.8908847570419312,0.0,0.0,-0.4542292058467865,0.9239974021911621,0.0,0.0,-0.3823985755443573,-0.3349838080090959
739.6326891336964,-1433.421979683551,0.0,6.348130590602425,0.8894864916801453,0.0,0.0,-0.45696118474006653,0.9220836758613586,0.0,0.0,-0.38699063658714294,0.014371151918064318
738.0032234188728,-1434.510160161965,0.0,6.381138392120567,0.8881597518920898,0.0,0.0,-0.45953479409217834,0.920194149017334,0.0,0.0,-0.39146241545677185,-0.3366508686918303
736.3588857395716,-1435.595794687066,0.0,6.414167722921474,0.8869067430496216,0.0,0.0,-0.46194836497306824,0.918332576751709,0.0,0.0,-0.39580973982810974,0.012703003897816478
734.7000284558641,-1436.6794030680014,0.0,6.4471813681988035,0.8857304453849792,0.0,0.0,-0.46419963240623474,0.9165006875991821,0.0,0.0,-0.4000331461429596,-0.3383182245139177
733.0270269329191,-1437.7615183863866,0.0,6.480142113146191,0.8846337795257568,0.0,0.0,-0.46628624200820923,0.9147022366523743,0.0,0.0,-0.4041286110877991,0.0110383198095646
731.3402798522452,-1438.842687413168,0.0,6.513012742957297,0.8836191296577454,0.0,0.0,-0.4682060778141022,0.9129403233528137,0.0,0.0,-0.40809324383735657,-0.3399783573326604
729.6402094854845,-1439.9234709707268,0.0,6.545756042825757,0.8826890587806702,0.0,0.0,-0.46995705366134644,0.9112169742584229,0.0,0.0,-0.41192692518234253,0.009384617796006023
727.9272619293326,-1441.0044442381377,0.0,6.5783347979452325,0.8818461894989014,0.0,0.0,-0.4715370237827301,0.9095364809036255,0.0,0.0,-0.41562435030937195,-0.3416237490053612
726.20190730014,-1442.0861969975208,0.0,6.610711793509364,0.8810921907424927,0.0,0.0,-0.4729442298412323,0.9079005718231201,0.0,0.0,-0.4191855490207672,0.00774941599983775
724.46463988676,-1443.1693338193945,0.0,6.642849814711794,0.8804216980934143,0.0,0.0,-0.4741726219654083,0.9063133597373962,0.0,0.0,-0.4226064085960388,-0.3432468813893223
722.7159782602093,-1444.2544741849642,0.0,6.674711646746181,0.8798468708992004,0.0,0.0,-0.47522661089897156,0.904777467250824,0.0,0.0,-0.425884872674942,0.006140232563757619
720.9564653387022,-1445.342252543281,0.0,6.706260074806161,0.8793683052062988,0.0,0.0,-0.4761051535606384,0.9032944440841675,0.0,0.0,-0.4290211796760559,-0.3448402363418465
719.1866684066566,-1446.4333183012293,0.0,6.737457884085394,0.8789865970611572,0.0,0.0,-0.4768071174621582,0.9018692374229431,0.0,0.0,-0.4320090711116791,0.0045645856304629695
717.4071790862636,-1447.528335744339,0.0,6.768267859777517,0.8787015080451965,0.0,0.0,-0.4773327708244324,0.9005030989646912,0.0,0.0,-0.43484941124916077,-0.34639629572023656
715.6186132602592,-1448.6279838864357,0.0,6.79865278707619,0.8785123825073242,0.0,0.0,-0.4776831269264221,0.8992000222206116,0.0,0.0,-0.43753767013549805,0.003029993342651194
713.8216109445502,-1449.7329562462135,0.0,6.828575451175053,0.8784180879592896,0.0,0.0,-0.4778596758842468,0.8979611992835999,0.0,0.0,-0.44007450342178345,-0.34790754138179525
712.0168361093918,-1450.843960548847,0.0,6.857998637267747,0.8784171342849731,0.0,0.0,-0.47786474227905273,0.8967894315719604,0.0,0.0,-0.44245731830596924,0.00154397384302013
710.2049764478575,-1451.9617183508376,0.0,6.8868851305479355,0.8785073757171631,0.0,0.0,-0.47770142555236816,0.8956884741783142,0.0,0.0,-0.4446818232536316,-0.3493664551838249
708.3867430903869,-1453.0869645863468,0.0,6.915197716209252,0.878685712814331,0.0,0.0,-0.47737473249435425,0.8946602940559387,0.0,0.0,-0.4467467963695526,0.00011404527426678301
706.5628702642457,-1454.2204470333638,0.0,6.942899179445355,0.8789488673210144,0.0,0.0,-0.4768897294998169,0.8937069773674011,0.0,0.0,-0.44865092635154724,-0.3507655189836282
704.7341148968114,-1455.3629256981333,0.0,6.969952305449886,0.8792928457260132,0.0,0.0,-0.4762527346611023,0.8928303718566895,0.0,0.0,-0.45039302110671997,-0.001252274220911509
702.9012561616446,-1456.5151721163709,0.0,6.996319879416497,0.8797129392623901,0.0,0.0,-0.47547173500061035,0.8920338749885559,0.0,0.0,-0.45196816325187683,-0.3520972146385075
701.0650949663909,-1457.6779685699057,0.0,7.021964686538834,0.8802038431167603,0.0,0.0,-0.4745554029941559,0.8913198113441467,0.0,0.0,-0.4533747136592865,-0.002547466499817408
699.2264533816341,-1458.852107217502,0.0,7.046849512010541,0.880759596824646,0.0,0.0,-0.47351399064064026,0.8906899094581604,0.0,0.0,-0.4546107351779938,-0.3533540240057655
697.3861738929012,-1460.03838921454,0.0,7.070937591235634,0.8813821077346802,0.0,0.0,-0.47236379981040955,0.8901458382606506,0.0,0.0,-0.4556752145290375,-0.003764036157650308
695.5451107197505,-1461.2376289063143,0.0,7.094222999807841,0.8820552229881287,0.0,0.0,-0.4711133539676666,0.8896897435188293,0.0,0.0,-0.45656511187553406,-0.3545300547417356
693.7041162513083,-1462.4506615094276,0.0,7.116749956909007,0.8827712535858154,0.0,0.0,-0.46977630257606506,0.8893207907676697,0.0,0.0,-0.4572834074497223,-0.004901761263769788
691.8639765159921,-1463.6782474887107,0.0,7.138567280894625,0.8835219144821167,0.0,0.0,-0.46836796402931213,0.8890317678451538,0.0,0.0,-0.45783695578575134,-0.3556319397915143
690.0249655561618,-1464.9203938777343,0.0,7.159723790120203,0.8842988610267639,0.0,0.0,-0.4669034779071808,0.888821542263031,0.0,0.0,-0.4582411050796509,-0.005970271830718132
688.187098592475,-1466.1767399470666,0.0,7.180268302941241,0.8850950002670288,0.0,0.0,-0.46539562940597534,0.8886837959289551,0.0,0.0,-0.45850691199302673,-0.35666954144914254
686.3503713849113,-1467.4469218445354,0.0,7.200249637713235,0.88590407371521,0.0,0.0,-0.46385666728019714,0.8886135816574097,0.0,0.0,-0.45864319801330566,-0.0069794301525359925
684.514762107851,-1468.7305755085222,0.0,7.219716612791693,0.8867198824882507,0.0,0.0,-0.46229755878448486,0.8886035680770874,0.0,0.0,-0.4586632251739502,-0.3576527220086606
682.680231669377,-1470.0273372076936,0.0,7.238718046532114,0.8875371217727661,0.0,0.0,-0.4607282876968384,0.8886494636535645,0.0,0.0,-0.45857465267181396,-0.007939098523264354
680.8467240139536,-1471.3368440513966,0.0,7.2573027572900015,0.8883513808250427,0.0,0.0,-0.4591577351093292,0.8887463212013245,0.0,0.0,-0.4583866596221924,-0.35859134376410945
679.0141664079474,-1472.6587344697984,0.0,7.27551956342085,0.8891582489013672,0.0,0.0,-0.45759445428848267,0.8888887763023376,0.0,0.0,-0.45810896158218384,-0.008859139236943536
677.182469707492,-1473.9926486628935,0.0,7.293417283280173,0.8899539709091187,0.0,0.0,-0.45604562759399414,0.889072597026825,0.0,0.0,-0.4577494263648987,-0.3594952690095298
675.3515286082255,-1475.3382290175728,0.0,7.311044735223464,0.8907354474067688,0.0,0.0,-0.4545181095600128,0.88929283618927,0.0,0.0,-0.45731738209724426,-0.009749414587614802
673.5212218764544,-1476.6951204919676,0.0,7.3284507376062225,0.891499400138855,0.0,0.0,-0.4530184268951416,0.8895458579063416,0.0,0.0,-0.4568195939064026,-0.36037436003896206
671.6914125613189,-1478.0629709663347,0.0,7.345684108783956,0.892243504524231,0.0,0.0,-0.451551616191864,0.8898280262947083,0.0,0.0,-0.4562629461288452,-0.010619786869318526
669.8619481875554,-1479.4414315597787,0.0,7.362793667112161,0.8929650783538818,0.0,0.0,-0.4501233696937561,0.8901401162147522,0.0,0.0,-0.4556569755077362,-0.36123847914644713
668.0326609284674,-1480.830156912134,0.0,7.379828230946344,0.89366215467453,0.0,0.0,-0.4487382471561432,0.890475332736969,0.0,0.0,-0.4550045430660248,-0.011480118376095472
666.2033677587315,-1482.2288054303558,0.0,7.396836618641999,0.894333004951477,0.0,0.0,-0.44740021228790283,0.8908290266990662,0.0,0.0,-0.45431429147720337,-0.3620974886260257
664.3738705866765,-1483.6370394987773,0.0,7.413867648554638,0.8949756622314453,0.0,0.0,-0.44611358642578125,0.8911983966827393,0.0,0.0,-0.45359140634536743,-0.012340271401986347
662.5439563656785,-1485.054525652626,0.0,7.430970139039755,0.8955809473991394,0.0,0.0,-0.4448781907558441,0.8915807008743286,0.0,0.0,-0.45284172892570496,-0.36296125077173863
660.7133971843211,-1486.4809347141647,0.0,7.448192908452853,0.8961567282676697,0.0,0.0,-0.443701833486557,0.891973078250885,0.0,0.0,-0.45207053422927856,-0.013210108241031693
658.8819503349753,-1487.9159418908653,0.0,7.4655847751494315,0.8967016339302063,0.0,0.0,-0.44258740544319153,0.8923721313476562,0.0,0.0,-0.4512841999530792,-0.3638396278776264
657.0493583604459,-1489.3592268349814,0.0,7.483194557484995,0.8972144722938538,0.0,0.0,-0.4415377378463745,0.892775297164917,0.0,0.0,-0.4504877030849457,-0.014099491187272328
655.2153490783302,-1490.8104736639118,0.0,7.501071073815046,0.897693932056427,0.0,0.0,-0.44055572152137756,0.893181324005127,0.0,0.0,-0.44968339800834656,-0.36474248223773
653.3796355827337,-1492.2693709407026,0.0,7.519263142495084,0.8981389999389648,0.0,0.0,-0.4396434724330902,0.8935869336128235,0.0,0.0,-0.44887810945510864,-0.015018282534749017
651.5419162229593,-1493.7356116140418,0.0,7.537819581880612,0.8985487818717957,0.0,0.0,-0.4388030767440796,0.8939902186393738,0.0,0.0,-0.44807565212249756,-0.36567967614609
649.701874558796,-1495.2088929170527,0.0,7.5567892103271275,0.898922324180603,0.0,0.0,-0.43803685903549194,0.8943888545036316,0.0,0.0,-0.4472804069519043,-0.0159763445775023
647.8591792919922,-1496.6889162241816,0.0,7.576220846190134,0.8992587924003601,0.0,0.0,-0.4373467266559601,0.8947806358337402,0.0,0.0,-0.4464968144893646,-0.36666107189674685
646.013484173501,-1498.1753868654205,0.0,7.596163307825138,0.8995574116706848,0.0,0.0,-0.4367344081401825,0.8951638340950012,0.0,0.0,-0.4457288384437561,-0.016983539609573217
644.1644278860408,-1499.6680138970735,0.0,7.616665413587629,0.8998174667358398,0.0,0.0,-0.4362014830112457,0.895537257194519,0.0,0.0,-0.44497889280319214,-0.3676965317837414
642.3116339014991,-1501.1665098282263,0.0,7.637775981833123,0.9000381827354431,0.0,0.0,-0.4357496500015259,0.8958982825279236,0.0,0.0,-0.4442521929740906,-0.018049729925002145
640.4547103126775,-1502.6705903020177,0.0,7.6595438309171096,0.900219202041626,0.0,0.0,-0.43537983298301697,0.8962463736534119,0.0,0.0,-0.4435501992702484,-0.36879591810111445
638.5932496388318,-1504.1799737307558,0.0,7.682017779195101,0.9003598093986511,0.0,0.0,-0.4350935220718384,0.8965795636177063,0.0,0.0,-0.442876935005188,-0.019184777817830068
636.7268286044339,-1505.694380883851,0.0,7.705246645022592,0.9004595875740051,0.0,0.0,-0.4348917603492737,0.8968960046768188,0.0,0.0,-0.44223612546920776,-0.3699690931429068
634.8550078905353,-1507.2135344274718,0.0,7.7292792467550795,0.9005180597305298,0.0,0.0,-0.4347752630710602,0.8971906304359436,0.0,0.0,-0.44162851572036743,-0.020398545582097194
632.9773318580651,-1508.7371584147359,0.0,7.754164402748079,0.9005347490310669,0.0,0.0,-0.4347449243068695,0.8974661827087402,0.0,0.0,-0.44106045365333557,-0.3712259192031593
631.0933282423548,-1510.2649777251745,0.0,7.779950931357075,0.9005091190338135,0.0,0.0,-0.4348018169403076,0.8977213501930237,0.0,0.0,-0.44053468108177185,-0.02170089551184451
629.2025079205565,-1511.7967173691773,0.0,7.806687228052683,0.90044105052948,0.0,0.0,-0.4349459111690521,0.8979558348655701,0.0,0.0,-0.4400518238544464,-0.37257623721808897
627.3044251895972,-1513.3320528126194,0.0,7.834171440513815,0.9003301858901978,0.0,0.0,-0.4351777136325836,0.8981674313545227,0.0,0.0,-0.43961644172668457,-0.02308898705028556
625.3988404457301,-1514.8704782767677,0.0,7.861529790859348,0.9001763463020325,0.0,0.0,-0.4354974031448364,0.8983549475669861,0.0,0.0,-0.43923091888427734,-0.3739579720840249
623.4857476704076,-1516.4112860832217,0.0,7.887776893040009,0.899979293346405,0.0,0.0,-0.4359051287174225,0.8985170125961304,0.0,0.0,-0.43889832496643066,-0.02441459827153103
621.565375396497,-1517.9535688158046,0.0,7.911927361006531,0.8997387886047363,0.0,0.0,-0.4364008605480194,0.8986528515815735,0.0,0.0,-0.4386199712753296,-0.37517769268839474
619.6381881914741,-1519.496222392758,0.0,7.932995808709654,0.8994547128677368,0.0,0.0,-0.43698441982269287,0.8987608551979065,0.0,0.0,-0.4383992850780487,-0.025478661286840343
617.7048886657687,-1521.0379500627307,0.0,7.949996850100105,0.8991268873214722,0.0,0.0,-0.4376556873321533,0.898840606212616,0.0,0.0,-0.43823710083961487,-0.3760363311424579
615.7664200106328,-1522.577267330917,0.0,7.961945099128624,0.8987553119659424,0.0,0.0,-0.43841415643692017,0.8988910913467407,0.0,0.0,-0.43813517689704895,-0.026082108207472587
613.8239690647242,-1524.1125078122743,0.0,7.967855169745938,0.8983398079872131,0.0,0.0,-0.4392593502998352,0.8989098072052002,0.0,0.0,-0.4380984902381897,-0.3763348195574738
611.87896990206,-1525.641829996822,0.0,7.966741675902787,0.8978806734085083,0.0,0.0,-0.44019025564193726,0.8988972902297974,0.0,0.0,-0.4381259083747864,-0.026025871144687185
609.9331079261071,-1527.1632248978515,0.0,7.957619231549901,0.8973777294158936,0.0,0.0,-0.4412063658237457,0.8988521695137024,0.0,0.0,-0.4382198750972748,-0.37587409004470174
607.9883244455579,-1528.6745245372713,0.0,7.939502450638018,0.8968392610549927,0.0,0.0,-0.44231051206588745,0.8987741470336914,0.0,0.0,-0.43838077783584595,-0.025110882209743557
606.0468216968472,-1530.1734112035351,0.0,7.911405947117861,0.8962570428848267,0.0,0.0,-0.44349759817123413,0.8986611366271973,0.0,0.0,-0.4386124014854431,-0.3744550747154009
604.1110539876387,-1531.6574383036184,0.0,7.872402345425271,0.8956314921379089,0.0,0.0,-0.44476640224456787,0.8985134959220886,0.0,0.0,-0.43891388177871704,-0.023141003336380417
602.1834603526207,-1533.1242474913058,0.0,7.822670772279945,0.894963264465332,0.0,0.0,-0.4461153447628021,0.898330569267273,0.0,0.0,-0.4392860233783722,-0.37194337910200065
600.2662217655977,-1534.5717579491438,0.0,7.76338342013139,0.8942527174949646,0.0,0.0,-0.44754263758659363,0.8981111645698547,0.0,0.0,-0.43973082304000854,-0.02014669262180696
598.3612519275327,-1535.9981714495955,0.0,7.695747721366858,0.8935004472732544,0.0,0.0,-0.4490463137626648,0.8978559970855713,0.0,0.0,-0.44024643301963806,-0.3685274347199535
596.4701959817712,-1537.401969477696,0.0,7.620971108373622,0.8927069902420044,0.0,0.0,-0.45062464475631714,0.8975688815116882,0.0,0.0,-0.440835565328598,-0.01637009600598699
594.5944285569594,-1538.781909182795,0.0,7.5402610135389665,0.8918731808662415,0.0,0.0,-0.45227500796318054,0.8972464799880981,0.0,0.0,-0.4414951801300049,-0.3644511673040618
592.7350511852715,-1540.1370182464566,0.0,7.454824869250137,0.8909996747970581,0.0,0.0,-0.4539952874183655,0.8968873023986816,0.0,0.0,-0.44222772121429443,-0.012055139223722866
590.8929048571713,-1541.4665774803507,0.0,7.365807383508626,0.8900873064994812,0.0,0.0,-0.4557831883430481,0.8964923620223999,0.0,0.0,-0.44303098320961,-0.3599553346908542
589.0686409356729,-1542.770061369576,0.0,7.274057167499115,0.8891371488571167,0.0,0.0,-0.45763540267944336,0.8960618376731873,0.0,0.0,-0.4439038038253784,-0.007421289930313157
587.2627403238617,-1544.0471172641464,0.0,7.18033554394702,0.8881498575210571,0.0,0.0,-0.4595494568347931,0.895595908164978,0.0,0.0,-0.44484561681747437,-0.3552219193599404
585.4755106638156,-1545.2975603885363,0.0,7.085403823127882,0.8871268630027771,0.0,0.0,-0.46152186393737793,0.895094096660614,0.0,0.0,-0.4458567202091217,-0.0026267585758111833
583.7070832816522,-1546.521373327238,0.0,6.990023315317302,0.8860692977905273,0.0,0.0,-0.46354982256889343,0.8945574164390564,0.0,0.0,-0.44693443179130554,-0.3504047219957697
581.9574099146554,-1547.7186989849772,0.0,6.89495533079088,0.884978175163269,0.0,0.0,-0.4656299650669098,0.8939858078956604,0.0,0.0,-0.44807830452919006,0.002174654784109109
580.2262592511465,-1548.8898290591371,0.0,6.800961179824152,0.8838550448417664,0.0,0.0,-0.4677588939666748,0.893380343914032,0.0,0.0,-0.4492858946323395,-0.3456575426540157
578.5132133109006,-1550.035197253407,0.0,6.708802172692739,0.88270103931427,0.0,0.0,-0.46993327140808105,0.8927415013313293,0.0,0.0,-0.4505554139614105,0.006829150093776437
576.8176636903106,-1551.155372477896,0.0,6.619239619672186,0.8815175294876099,0.0,0.0,-0.4721500277519226,0.8920688629150391,0.0,0.0,-0.45188724994659424,-0.34113418139035145
575.1388076923186,-1552.2510518721183,0.0,6.5330348310380995,0.8803054094314575,0.0,0.0,-0.47440633177757263,0.8913629055023193,0.0,0.0,-0.4532793164253235,0.011182927297518186
573.4756443563186,-1553.3230536753742,0.0,6.450949117066036,0.8790658712387085,0.0,0.0,-0.4766992926597595,0.8906252980232239,0.0,0.0,-0.4547279179096222,-0.3369884382604493
571.826970397903,-1554.372309959611,0.0,6.373743788031599,0.8777992725372314,0.0,0.0,-0.4790278673171997,0.8898547291755676,0.0,0.0,-0.4562349021434784,0.015082186339661463
570.1913760624554,-1555.3998592295718,0.0,6.302180154210342,0.8765051960945129,0.0,0.0,-0.4813917577266693,0.8890525698661804,0.0,0.0,-0.457797110080719,-0.3333741133199818
568.567305194062,-1556.406799280966,0.0,6.236773004132279,0.8751832842826843,0.0,0.0,-0.4837910234928131,0.8882194757461548,0.0,0.0,-0.45941221714019775,0.01838557775774552
566.9536103051647,-1557.3939423020222,0.0,6.175904063392174,0.8738319873809814,0.0,0.0,-0.486227422952652,0.8873544931411743,0.0,0.0,-0.46108147501945496,-0.3302999243937139
565.3498459989542,-1558.3616546002456,0.0,6.116862070709044,0.8724492192268372,0.0,0.0,-0.48870423436164856,0.8864576816558838,0.0,0.0,-0.46280384063720703,0.021367496580125878
563.7562829996834,-1559.3098765653363,0.0,6.0569268892275545,0.8710314035415649,0.0,0.0,-0.49122679233551025,0.885530412197113,0.0,0.0,-0.4645760655403137,-0.32727289502596196
562.1739203715147,-1560.2381448685908,0.0,5.993378382092317,0.869574785232544,0.0,0.0,-0.4938008189201355,0.8845734000205994,0.0,0.0,-0.4663962423801422,0.024577017142511648
560.6044981545431,-1561.1456153228164,0.0,5.923496412447998,0.8680738210678101,0.0,0.0,-0.4964347779750824,0.8835861682891846,0.0,0.0,-0.4682641327381134,-0.32374350261968327
559.0505103038646,-1562.0310862031822,0.0,5.84456084343921,0.8665218353271484,0.0,0.0,-0.4991387724876404,0.882570207118988,0.0,0.0,-0.47017669677734375,0.02856366204194538
557.515217767179,-1562.8930217393474,0.0,5.753851538210603,0.8649115562438965,0.0,0.0,-0.5019238591194153,0.8815259337425232,0.0,0.0,-0.4721320867538452,-0.31916222457783444
556.0023563522692,-1563.7297428757072,0.0,5.649785845319207,0.8632344007492065,0.0,0.0,-0.5048027038574219,0.8804550766944885,0.0,0.0,-0.47412624955177307,0.033819505117268445
554.5147454619874,-1564.540196352793,0.0,5.535976483470313,0.8614802360534668,0.0,0.0,-0.5077906250953674,0.879357635974884,0.0,0.0,-0.4761589765548706,-0.3134142770097085
553.0538699944715,-1565.324136032339,0.0,5.417518623309943,0.8596376180648804,0.0,0.0,-0.5109038352966309,0.8782368898391724,0.0,0.0,-0.4782233238220215,0.03980222532738814
551.6198555921652,-1566.0820783793893,0.0,5.299507547717529,0.8576933145523071,0.0,0.0,-0.514161229133606,0.877091646194458,0.0,0.0,-0.48032087087631226,-0.30745412167675834
550.211444153172,-1566.8152584810748,0.0,5.187038539572594,0.8556327819824219,0.0,0.0,-0.5175829529762268,0.8759244084358215,0.0,0.0,-0.4824463725090027,0.04548247826400109
548.8259697425012,-1567.5255869012356,0.0,5.085206881754575,0.8534402251243591,0.0,0.0,-0.5211902856826782,0.8747348785400391,0.0,0.0,-0.4846000075340271,-0.30231110865564625
547.4593348922076,-1568.2156073343276,0.0,4.999107857142971,0.8510966300964355,0.0,0.0,-0.5250087380409241,0.8735253810882568,0.0,0.0,-0.4867768883705139,0.04983091385044569
546.106175271025,-1568.8883618287143,0.0,4.933151823576587,0.8485808372497559,0.0,0.0,-0.5290651321411133,0.8722905516624451,0.0,0.0,-0.48898637294769287,-0.2989799958492632
544.7614310704353,-1569.5464087260636,0.0,4.885974643605429,0.8458690643310547,0.0,0.0,-0.5333901047706604,0.8710153698921204,0.0,0.0,-0.4912542402744293,0.05221359970757486
543.421153748204,-1570.1901453898909,0.0,4.853316329510087,0.8429358005523682,0.0,0.0,-0.5380138158798218,0.8696824908256531,0.0,0.0,-0.49361005425453186,-0.2973305860464681
542.0825310183956,-1570.818607760642,0.0,4.8308951770147885,0.83975750207901,0.0,0.0,-0.5429612994194031,0.8682773113250732,0.0,0.0,-0.4960777163505554,0.053345981146731336
540.7439060983794,-1571.4302529983295,0.0,4.8144294818437805,0.836311399936676,0.0,0.0,-0.5482544302940369,0.8667804598808289,0.0,0.0,-0.49868860840797424,-0.2964989852802556
539.4047973788367,-1572.0229952107784,0.0,4.799637539721302,0.8325750827789307,0.0,0.0,-0.5539119243621826,0.8651770353317261,0.0,0.0,-0.5014653205871582,0.05409304893069489
538.0659176634745,-1572.5942676544496,0.0,4.782241191928918,0.828528106212616,0.0,0.0,-0.5599472522735596,0.8634493947029114,0.0,0.0,-0.5044344663619995,-0.29562038185639783
536.7288366823083,-1573.1412594264295,0.0,4.759235379261668,0.8241516351699829,0.0,0.0,-0.5663689970970154,0.8615849018096924,0.0,0.0,-0.5076127052307129,0.055254958661364095
535.3951055709981,-1573.6613444545962,0.0,4.730768324815924,0.8194288611412048,0.0,0.0,-0.5731805562973022,0.8595635890960693,0.0,0.0,-0.5110278129577637,-0.2941826518338855
534.0661205311574,-1574.1521514205128,0.0,4.6974680270125395,0.8143463134765625,0.0,0.0,-0.5803789496421814,0.8573744893074036,0.0,0.0,-0.5146920680999756,0.05693679188375725
532.7431199808548,-1574.6115679924571,0.0,4.659962484272341,0.8088927268981934,0.0,0.0,-0.5879560112953186,0.8550024032592773,0.0,0.0,-0.518622875213623,-0.2922884325035724
531.4271815907423,-1575.0377396760446,0.0,4.618879695016181,0.8030605912208557,0.0,0.0,-0.5958970785140991,0.85243159532547,0.0,0.0,-0.5228376388549805,0.059011680230027896
530.1192192283185,-1575.4290635161483,0.0,4.574847657664885,0.7968454957008362,0.0,0.0,-0.6041828989982605,0.8496500253677368,0.0,0.0,-0.5273459553718567,-0.29006459223330494
528.8199798316691,-1575.784176936233,0.0,4.528494370639306,0.7902467250823975,0.0,0.0,-0.6127884387969971,0.8466429114341736,0.0,0.0,-0.5321605205535889,0.061352755332329895
527.5300475415386,-1576.1019403395944,0.0,4.480422489261684,0.7832688689231873,0.0,0.0,-0.6216828227043152,0.8433993458747864,0.0,0.0,-0.5372864603996277,-0.28763671943645536
526.2498730324652,-1576.3814116241895,0.0,4.431122666397512,0.7759192585945129,0.0,0.0,-0.6308320164680481,0.8399055004119873,0.0,0.0,-0.5427320003509521,0.063842645375975
524.9797799547505,-1576.621826713236,0.0,4.381054623899242,0.7682105898857117,0.0,0.0,-0.6401969790458679,0.8361505270004272,0.0,0.0,-0.548499345779419,-0.28510803042139127
523.719962541816,-1576.8225801598476,0.0,4.33067808259122,0.7601596713066101,0.0,0.0,-0.6497360467910767,0.8321220278739929,0.0,0.0,-0.5545918345451355,0.06638691513900644
522.4704832187496,-1576.9832033287948,0.0,4.2804527632978235,0.7517877817153931,0.0,0.0,-0.6594049334526062,0.8278125524520874,0.0,0.0,-0.5610040426254272,-0.282571398133846
521.2312702192628,-1577.1033403978531,0.0,4.230838386843397,0.7431188225746155,0.0,0.0,-0.6691591739654541,0.8232132196426392,0.0,0.0,-0.5677316188812256,0.06889269172761389
520.0021152161704,-1577.1827224025167,0.0,4.182294674052308,0.7341818809509277,0.0,0.0,-0.678952693939209,0.8183141946792603,0.0,0.0,-0.5747703313827515,-0.28011969546762944
518.7826710954718,-1577.221139520971,0.0,4.135280916056108,0.7250086069107056,0.0,0.0,-0.6887397170066833,0.8131125569343567,0.0,0.0,-0.5821056365966797,0.07126712394964418
517.5724901033193,-1577.21841257675,0.0,4.090119820486487,0.715633749961853,0.0,0.0,-0.6984756588935852,0.8076093196868896,0.0,0.0,-0.5897170901298523,-0.27783883205502236
516.3712090801148,-1577.1745700502017,0.0,4.046803238818387,0.7060933113098145,0.0,0.0,-0.7081186771392822,0.8018211722373962,0.0,0.0,-0.5975632667541504,0.07345483009449777
515.1790824285661,-1577.0909866844875,0.0,4.005273905739714,0.6964211463928223,0.0,0.0,-0.717633068561554,0.7957669496536255,0.0,0.0,-0.6056022644042969,-0.2757413909904429
513.9965925780289,-1576.9695189985623,0.0,3.965474555938397,0.6866477727890015,0.0,0.0,-0.7269901037216187,0.7894641160964966,0.0,0.0,-0.6137958765029907,0.07546489826628147
512.8241814951456,-1576.811908581412,0.0,3.9273479241023375,0.6768001914024353,0.0,0.0,-0.7361666560173035,0.7829341888427734,0.0,0.0,-0.622103750705719,-0.2738158035239753
511.6622548890304,-1576.619787931838,0.0,3.8908367449194605,0.6669022440910339,0.0,0.0,-0.7451451420783997,0.7761939764022827,0.0,0.0,-0.6304933428764343,0.07730889721491163
510.5111870308477,-1576.3946881257662,0.0,3.8558837530776904,0.6569740772247314,0.0,0.0,-0.753913164138794,0.7692592144012451,0.0,0.0,-0.6389361023902893,-0.27205050090570404
509.371325180319,-1576.1380460560147,0.0,3.822431683264927,0.6470333337783813,0.0,0.0,-0.76246178150177,0.7621456384658813,0.0,0.0,-0.6474049091339111,0.0789983956903037
508.24299364349895,-1575.8512112701176,0.0,3.790423270169103,0.6370956301689148,0.0,0.0,-0.770784854888916,0.7548692226409912,0.0,0.0,-0.6558746695518494,-0.27043391438571296
507.1264974842751,-1575.5354524300901,0.0,3.7598012484781194,0.6271739602088928,0.0,0.0,-0.7788791656494141,0.7474431991577148,0.0,0.0,-0.6643252372741699,0.08054496244237361
506.0221259102842,-1575.1919634164544,0.0,3.730508352879907,0.6172784566879272,0.0,0.0,-0.7867447137832642,0.7398802042007446,0.0,0.0,-0.672738254070282,-0.26895447521408605
504.93015535227886,-1574.8218690973188,0.0,3.7024873180623694,0.6074174642562866,0.0,0.0,-0.7943826913833618,0.732189953327179,0.0,0.0,-0.681100070476532,0.0819601662210371
503.85085225445846,-1574.4262307818942,0.0,3.675680878713429,0.597598135471344,0.0,0.0,-0.8017957210540771,0.7243888974189758,0.0,0.0,-0.6893911957740784,-0.26760061464090723
502.7844755918292,-1574.0060513764802,0.0,3.650031769521008,0.5878254175186157,0.0,0.0,-0.8089878559112549,0.7164833545684814,0.0,0.0,-0.6976038217544556,0.08325557577620987
501.7312791293421,-1573.5622802596954,0.0,3.6254827251730113,0.5781031847000122,0.0,0.0,-0.815963625907898,0.7084878087043762,0.0,0.0,-0.7057227492332458,-0.26636076391626096
500.6915134363155,-1573.095817892518,0.0,3.6019764803573655,0.5684325098991394,0.0,0.0,-0.8227298259735107,0.7004079818725586,0.0,0.0,-0.7137423753738403,0.08444275985780816
499.66542766850966,-1572.6075201775943,0.0,3.579455769761977,0.5588145852088928,0.0,0.0,-0.8292925357818604,0.6922531127929688,0.0,0.0,-0.7216544151306152,-0.26522335429023125
498.65327112916145,-1572.0982025811902,0.0,3.5578633280747742,0.5492497682571411,0.0,0.0,-0.8356581330299377,0.6840318441390991,0.0,0.0,-0.7294517755508423,0.08553328721574771
497.6552946193252,-1571.5686440301886,0.0,3.537141889983662,0.539736270904541,0.0,0.0,-0.8418340086936951,0.6757498383522034,0.0,0.0,-0.7371307015419006,-0.26417681701290235
496.6717515869589,-1571.019590595566,0.0,3.5172341901765622,0.530272364616394,0.0,0.0,-0.847827136516571,0.6674113273620605,0.0,0.0,-0.7446889877319336,0.08653872659994469
495.70289908339834,-1570.4517589729408,0.0,3.4980829633413952,0.5208548903465271,0.0,0.0,-0.8536450266838074,0.6590245366096497,0.0,0.0,-0.752121090888977,-0.26320958333435857
494.7489985351098,-1569.8658397699198,0.0,3.4796309441660687,0.5114799737930298,0.0,0.0,-0.8592949509620667,0.6505919098854065,0.0,0.0,-0.7594271898269653,0.08747064676031469
493.8103163379455,-1569.2625006092328,0.0,3.4618208673385085,0.5021435022354126,0.0,0.0,-0.8647841811180115,0.6421225070953369,0.0,0.0,-0.7666017413139343,-0.2623100845046838
492.8871242805313,-1568.6423890559065,0.0,3.44459546754662,0.492840975522995,0.0,0.0,-0.8701192140579224,0.6336166262626648,0.0,0.0,-0.7736470103263855,0.08834061644677368
491.9796998028724,-1568.0061353760639,0.0,3.427897479478333,0.483567476272583,0.0,0.0,-0.8753069639205933,0.6250774264335632,0.0,0.0,-0.7805626392364502,-0.26146675177396217
491.08832609580463,-1567.3543551343184,0.0,3.4116696378215496,0.4743162989616394,0.0,0.0,-0.8803544044494629,0.6165085434913635,0.0,0.0,-0.7873480916023254,0.08916020440923747
490.21329204650493,-1566.687651636151,0.0,3.395854677264195,0.46508219838142395,0.0,0.0,-0.8852673768997192,0.6079128980636597,0.0,0.0,-0.7940036058425903,-0.2606680163922776
489.3548920349276,-1566.0066182211342,0.0,3.380395332494187,0.4558590054512024,0.0,0.0,-0.8900519013404846,0.599288821220398,0.0,0.0,-0.8005327582359314,0.08994097939762169
488.51342558575163,-1565.3118404123818,0.0,3.3652343381994356,0.4466395974159241,0.0,0.0,-0.8947138786315918,0.5906392335891724,0.0,0.0,-0.8069355487823486,-0.2599023096097144
487.6891968801874,-1564.6038979271552,0.0,3.350314429067864,0.4374188184738159,0.0,0.0,-0.8992578983306885,0.5819640159606934,0.0,0.0,-0.8132144212722778,0.09069451016184246
486.88251413181945,-1563.8833665531697,0.0,3.3355783397873817,0.42818835377693176,0.0,0.0,-0.9036895632743835,0.5732621550559998,0.0,0.0,-0.8193718194961548,-0.25915806267635666
486.09368883054543,-1563.150819894769,0.0,3.3209688050459127,0.4189411699771881,0.0,0.0,-0.9080134630203247,0.5645356178283691,0.0,0.0,-0.8254085779190063,0.09143236545181563
485.3230348585979,-1562.4068309928316,0.0,3.3064285595313656,0.409670352935791,0.0,0.0,-0.9122336506843567,0.5557855367660522,0.0,0.0,-0.8313256502151489,-0.25842370684228866
484.5708674826263,-1561.6519738219856,0.0,3.291900337931661,0.40036940574645996,0.0,0.0,-0.9163537621498108,0.5470084547996521,0.0,0.0,-0.8371269702911377,0.0921661140174573
483.8375022258566,-1560.886824668467,0.0,3.277326874934717,0.39103031158447266,0.0,0.0,-0.9203777313232422,0.538201630115509,0.0,0.0,-0.8428159952163696,-0.25768767335759457
483.1232536024432,-1560.1119633674414,0.0,3.2626510067677326,0.3816464841365814,0.0,0.0,-0.9243083000183105,0.5293671488761902,0.0,0.0,-0.8483927249908447,0.09290731948043637
482.4284285500977,-1559.3279684479628,0.0,3.2478402371274466,0.3722098767757416,0.0,0.0,-0.9281485080718994,0.5204995274543762,0.0,0.0,-0.8538618683815002,-0.25693965468889324
481.7533139224315,-1558.535403716747,0.0,3.232918735044069,0.362713485956192,0.0,0.0,-0.9319006204605103,0.5116005539894104,0.0,0.0,-0.8592233061790466,0.09366093069676856
481.09817551844264,-1557.7348157799654,0.0,3.217918595720565,0.35315048694610596,0.0,0.0,-0.9355664253234863,0.5026655793190002,0.0,0.0,-0.8644809126853943,-0.2561820718947769
480.46325896856854,-1556.9267334639235,0.0,3.2028719143598927,0.34351369738578796,0.0,0.0,-0.9391475915908813,0.4936912953853607,0.0,0.0,-0.869637131690979,0.09442086409882272
479.8487906823382,-1556.111667298769,0.0,3.187810786165012,0.33379602432250977,0.0,0.0,-0.9426453113555908,0.48467373847961426,0.0,0.0,-0.8746949434280396,-0.2554214088546314
479.2549788552042,-1555.2901090635523,0.0,3.1727673063388897,0.32399094104766846,0.0,0.0,-0.9460601210594177,0.47561123967170715,0.0,0.0,-0.8796555995941162,0.09518063580721273
478.6820145322164,-1554.4625313909114,0.0,3.1577735700844793,0.314092755317688,0.0,0.0,-0.9493923187255859,0.4665018916130066,0.0,0.0,-0.8845202326774597,-0.254664149447843
478.1300727262746,-1553.6293874296425,0.0,3.142861672604747,0.30409523844718933,0.0,0.0,-0.9526416063308716,0.4573414921760559,0.0,0.0,-0.8892911672592163,0.09593376194255274
477.59931358879817,-1552.7911105634016,0.0,3.128063709102648,0.29399406909942627,0.0,0.0,-0.9558072090148926,0.4481252133846283,0.0,0.0,-0.8939708471298218,-0.2539167775537976
477.0898836307675,-1551.948114183788,0.0,3.1134117747811496,0.2837846875190735,0.0,0.0,-0.9588879346847534,0.4388512372970581,0.0,0.0,-0.8985597491264343,0.09667375862545671
476.6019169922143,-1551.1007915160649,0.0,3.0989379648432047,0.273465096950531,0.0,0.0,-0.9618818163871765,0.42951563000679016,0.0,0.0,-0.9030594825744629,-0.25318577705188117
476.1355367583818,-1550.2495154958028,0.0,3.0846743744917786,0.26303309202194214,0.0,0.0,-0.9647866487503052,0.4201123118400574,0.0,0.0,-0.9074721932411194,0.09739414197653881
475.6908563209232,-1549.3946386947455,0.0,3.070653098929835,0.25248873233795166,0.0,0.0,-0.967599630355835,0.4106372892856598,0.0,0.0,-0.9117988348007202,-0.25247763182148
475.26798078268524,-1548.53649329426,0.0,3.056906233360327,0.24183320999145508,0.0,0.0,-0.9703176021575928,0.4010884761810303,0.0,0.0,-0.9160394072532654,0.09808842811641294
474.86700840478784,-1547.6753911047638,0.0,3.0434658729862227,0.23106949031352997,0.0,0.0,-0.9729370474815369,0.39146047830581665,0.0,0.0,-0.9201949834823608,-0.25179882574197976
474.4880320949189,-1546.811623629593,0.0,3.0303641130104757,0.22020210325717926,0.0,0.0,-0.9754540324211121,0.38174912333488464,0.0,0.0,-0.9242660403251648,0.09875013316569312
474.13114093594805,-1545.9454621718373,0.0,3.0176330486360534,0.20923711359500885,0.0,0.0,-0.9778647422790527,0.3719508647918701,0.0,0.0,-0.9282524585723877,-0.25115584269276653
473.7964217541999,-1545.077157982748,0.0,3.0053047750659103,0.1981828510761261,0.0,0.0,-0.9801648855209351,0.3620603680610657,0.0,0.0,-0.932154655456543,0.09937277324499327
473.4839607269349,-1544.206942450411,0.0,2.9934113875030115,0.18704982101917267,0.0,0.0,-0.9823502898216248,0.35207265615463257,0.0,0.0,-0.9359726905822754,-0.2505551665532262
473.1938450288374,-1543.3350273274662,0.0,2.981984981150317,0.17584969103336334,0.0,0.0,-0.9844168424606323,0.3419855833053589,0.0,0.0,-0.9397052526473999,0.09994986447492735
472.9261645175583,-1542.461604996768,0.0,2.9710576512107854,0.16459688544273376,0.0,0.0,-0.9863607883453369,0.3317950367927551,0.0,0.0,-0.9433516263961792,-0.2500032812027448
472.68101345861294,-1541.5868487739879,0.0,2.9606614928873816,0.15330727398395538,0.0,0.0,-0.9881784319877625,0.32149696350097656,0.0,0.0,-0.9469106197357178,0.10047492297610935
472.4584922902188,-1540.7109132462622,0.0,2.9508286013830602,0.14199888706207275,0.0,0.0,-0.9898666739463806,0.3110896944999695,0.0,0.0,-0.9503805637359619,-0.24950667052070835
472.25869381733526,-1539.8339346461617,0.0,2.9415910719007874,0.13069163262844086,0.0,0.0,-0.9914229512214661,0.3005816340446472,0.0,0.0,-0.9537560939788818,0.10094146486915342
472.0813946661076,-1538.9560312603398,0.0,2.9329809996435245,0.1194043755531311,0.0,0.0,-0.9928455352783203,0.28998568654060364,0.0,0.0,-0.9570310115814209,-0.24907181838650314
471.9260802389298,-1538.0773038144548,0.0,2.9250306723887007,0.10815514624118805,0.0,0.0,-0.9941338896751404,0.2793155908584595,0.0,0.0,-0.9601993560791016,0.10134299654868997
471.7922469737562,-1537.1978357183925,0.0,2.917773141866386,-0.09695923328399658,0.0,0.0,0.9952881932258606,0.26858338713645935,0.0,0.0,-0.9632564187049866,-0.24870527644093168
471.6794150271771,-1536.3176935155038,0.0,2.9112416492215476,-0.08583090454339981,0.0,0.0,0.9963096380233765,0.2578020691871643,0.0,0.0,-0.9661977887153625,0.1016728699145909
471.587128576397,-1535.4369274235241,0.0,2.905469435599158,-0.07478177547454834,0.0,0.0,0.9971998333930969,0.2469833493232727,0.0,0.0,-0.9690197110176086,-0.24841375050040695
471.514956086089,-1534.5555719110139,0.0,2.900489742144184,-0.06382323056459427,0.0,0.0,0.997961163520813,0.23613937199115753,0.0,0.0,-0.9717192053794861,0.10192436958403403
471.46249054156556,-1533.6736463096504,0.0,2.896335810001597,-0.052963849157094955,0.0,0.0,0.9985964298248291,0.2252804934978485,0.0,0.0,-0.9742939472198486,-0.24820395594775105
471.42934964955936,-1532.7911554629688,0.0,2.8930408803163647,-0.04221181571483612,0.0,0.0,0.9991087317466736,0.21441687643527985,0.0,0.0,-0.976742148399353,0.10209078017419729
471.41517600774,-1531.908090412313,0.0,2.8906381942334574,-0.03157354146242142,0.0,0.0,0.9995014071464539,-0.20355787873268127,0.0,0.0,0.9790627956390381,-0.24808260816578603
471.4196372439232,-1531.0244291210147,0.0,2.8891609928978452,-0.021054763346910477,0.0,0.0,0.9997783303260803,-0.192713662981987,0.0,0.0,0.9812548160552979,0.10216538630225852
471.4424261257405,-1530.1401372380546,0.0,2.888642517454497,-0.010659531690180302,0.0,0.0,0.999943196773529,-0.18189240992069244,0.0,0.0,0.9833183288574219,-0.24805642253733412
471.48326064133727,-1529.2551689026895,0.0,2.889116009048382,-0.00039108190685510635,0.0,0.0,0.9999998807907104,-0.17110267281532288,0.0,0.0,0.985253095626831,0.10214147258539566
471.5418840514511,-1528.3694675918262,0.0,2.890614708824472,0.00974732544273138,0.0,0.0,0.9999524354934692,-0.1603507101535797,0.0,0.0,0.987060010433197,-0.24813211444521743
471.6180649130021,-1527.4829670121571,0.0,2.893171857927731,0.019754599779844284,0.0,0.0,0.9998048543930054,-0.1496444195508957,0.0,0.0,0.9887397885322571,0.10201232364078658
471.7115970740684,-1526.595592039406,0.0,2.8968206975031343,0.029629267752170563,0.0,0.0,0.9995608329772949,-0.13899174332618713,0.0,0.0,0.9902934432029724,-0.24831639927225801
471.8222996398788,-1525.7072597072936,0.0,2.9015944686956487,0.039371587336063385,0.0,0.0,0.9992245435714722,-0.1283956915140152,0.0,0.0,0.991722822189331,0.1017712240856091
471.9500169091571,-1524.817880249186,0.0,2.907526412650243,0.04898161441087723,0.0,0.0,0.9987996220588684,-0.11786302179098129,0.0,0.0,0.9930296540260315,-0.2486159924012779
472.09461827987604,-1523.927358195697,0.0,2.9146497705118874,0.05846017599105835,0.0,0.0,0.9982895851135254,-0.1073983758687973,0.0,0.0,0.9942158460617065,0.10141145853704117
472.25599812315096,-1523.0355935318921,0.0,2.922997783425554,0.06780809164047241,0.0,0.0,0.997698187828064,-0.09700590372085571,0.0,0.0,0.9952834844589233,-0.24903760921509943
472.43407562367236,-1522.142482918092,0.0,2.9326036925362087,0.07702767103910446,0.0,0.0,0.9970287084579468,-0.08668883144855499,0.0,0.0,0.9962352514266968,0.10092631161226062
472.62879458472355,-1521.2479209786761,0.0,2.943500738988821,0.08612053096294403,0.0,0.0,0.9962844252586365,-0.07645051926374435,0.0,0.0,0.9970731735229492,-0.2495879650965445
472.8401231954417,-1520.3518016636895,0.0,2.9557221639283635,0.09508925676345825,0.0,0.0,0.9954684972763062,-0.06629294902086258,0.0,0.0,0.9978000521659851,0.10030906792844532
473.06805359136007,-1519.4540203208178,0.0,2.96929911409235,0.10393694788217545,0.0,0.0,0.9945836067199707,-0.05621979758143425,0.0,0.0,0.9984182715415955,-0.2502736696502812
473.3125951403765,-1518.5544977969068,0.0,2.984187675514434,0.11266683787107468,0.0,0.0,0.9936324954032898,-0.046230752021074295,0.0,0.0,0.9989306330680847,0.09955712038187542
473.57376370899806,-1517.6532098144523,0.0,3.0002499550433024,0.12128205597400665,0.0,0.0,0.9926177859306335,-0.03632880374789238,0.0,0.0,0.9993398189544678,-0.25108489588911287
473.851576483687,-1516.7501893639214,0.0,3.0173421213959433,0.1297856569290161,0.0,0.0,0.9915417432785034,-0.026514578610658646,0.0,0.0,0.9996483325958252,0.09869387965699453
474.146047356155,-1515.8455271136338,0.0,3.035320343289355,0.13818195462226868,0.0,0.0,0.9904066324234009,-0.016789743676781654,0.0,0.0,0.9998589158058167,-0.25199288689383065
474.45718246102973,-1514.9393716326313,0.0,3.0540407894405277,0.14647477865219116,0.0,0.0,0.9892142415046692,-0.007152329199016094,0.0,0.0,0.9999743103981018,0.0977484025786525
474.78497586574457,-1514.031929418374,0.0,3.0733596285664624,0.15466716885566711,0.0,0.0,0.9879665374755859,0.0023960471153259277,0.0,0.0,0.9999969601631165,-0.2529685858395849
475.1294054149423,-1513.1234647202598,0.0,3.0931330293841484,0.1627635955810547,0.0,0.0,0.986664891242981,0.01185669843107462,0.0,0.0,0.9999295473098755,0.09674974597169864
475.4904287339323,-1512.2142991493247,0.0,3.1132171606105765,0.17076724767684937,0.0,0.0,0.9853112101554871,0.021228890866041183,0.0,0.0,0.9997743964195251,-0.25398293590152576
475.86797939775863,-1511.3048110640075,0.0,3.1334681909627484,0.1786821335554123,0.0,0.0,0.9839066863059998,0.0305144302546978,0.0,0.0,0.999534010887146,0.0957269666609829
476.26196327424316,-1510.3954347216313,0.0,3.153742289157651,0.18651224672794342,0.0,0.0,0.9824524521827698,0.0397130511701107,0.0,0.0,0.9992108345031738,-0.25500688025480367
476.67225505093796,-1509.486659185183,0.0,3.173895623912286,0.1942596435546875,0.0,0.0,0.9809499979019165,0.04882407560944557,0.0,0.0,0.9988070726394653,0.09470912147135488
477.09869495726974,-1508.579026975117,0.0,3.1937843639436405,0.2019283026456833,0.0,0.0,0.9794001579284668,0.05785072222352028,0.0,0.0,0.9983249306678772,-0.25601136207456904
477.5410856942361,-1507.6731324563227,0.0,3.213264677968714,0.20952071249485016,0.0,0.0,0.9778040647506714,0.06679672747850418,0.0,0.0,0.997766375541687,0.09372526722766428
477.9991895848716,-1506.7696199509435,0.0,3.2321927347044968,0.21703971922397614,0.0,0.0,0.9761626720428467,0.07566016912460327,0.0,0.0,0.9971334934234619,-0.25696732453597215
478.4727259592773,-1505.8691815686,0.0,3.2504247028679876,0.22448694705963135,0.0,0.0,0.9744769334793091,0.08444418013095856,0.0,0.0,0.9964279532432556,0.09280446075476065
478.96136878831913,-1504.9725547466282,0.0,3.2678167511761775,0.2318635880947113,0.0,0.0,0.9727481007575989,0.09315171092748642,0.0,0.0,0.9956517219543457,-0.2578457108141635
479.46474874928685,-1504.0805113600607,0.0,3.284225048346058,0.2391713559627533,0.0,0.0,0.970977246761322,0.10178022086620331,0.0,0.0,0.994806706905365,0.09197575887749393
479.98256141278046,-1503.1936400234101,0.0,3.299505763094629,0.24640993773937225,0.0,0.0,0.9691656827926636,0.11033409088850021,0.0,0.0,0.9938943982124329,-0.25861746408429337
480.5145801304294,-1502.3123145883899,0.0,3.3135150641388793,0.25358036160469055,0.0,0.0,0.9673143029212952,0.11881202459335327,0.0,0.0,0.9929166436195374,0.09126821842071361
481.0605382277222,-1501.4369179202142,0.0,3.326109120195809,0.2606818675994873,0.0,0.0,0.9654247164726257,0.12721601128578186,0.0,0.0,0.9918749332427979,-0.25925352752151204
481.6201220433679,-1500.5678502857888,0.0,3.337152039888463,0.26771432161331177,0.0,0.0,0.9634982347488403,0.1355437934398651,0.0,0.0,0.9907712340354919,0.09071049520391292
482.19301540988556,-1499.7054592055815,0.0,3.346775509721538,0.27467694878578186,0.0,0.0,0.9615363478660583,0.14379464089870453,0.0,0.0,0.9896074533462524,-0.25973956135146536
482.7789599850131,-1498.8499590299587,0.0,3.3554367490222576,0.2815689444541931,0.0,0.0,0.959540843963623,0.15196852385997772,0.0,0.0,0.9883852005004883,0.09027305887559378
483.3777671500831,-1498.0014324733218,0.0,3.363612647850955,0.2883889973163605,0.0,0.0,0.9575132131576538,0.1600644290447235,0.0,0.0,0.9871063828468323,-0.2601524855347329
483.9893263874534,-1497.159837179881,0.0,3.3717800962679654,0.29513615369796753,0.0,0.0,0.9554551243782043,0.1680823713541031,0.0,0.0,0.9857727885246277,0.08986056148079527
484.6136133147718,-1496.3250121056242,0.0,3.3804159843336206,0.30180829763412476,0.0,0.0,0.9533684253692627,0.1760227233171463,0.0,0.0,0.9843859076499939,-0.2605886414976448
485.25069736872194,-1495.4966837122358,0.0,3.389997202108258,0.3084042966365814,0.0,0.0,0.9512551426887512,0.18388299643993378,0.0,0.0,0.9829478859901428,0.08937666159318736
485.9007491382707,-1494.6744719746844,0.0,3.4010006396522057,0.3149219751358032,0.0,0.0,0.9491173624992371,0.19166021049022675,0.0,0.0,0.9814610481262207,-0.26114437066653107
486.56404735355324,-1493.8578962094882,0.0,3.413903187025803,0.3213594853878021,0.0,0.0,0.9469571113586426,0.1993541568517685,0.0,0.0,0.9799272418022156,0.08872501778644001
487.24098554142387,-1493.046380735219,0.0,3.429181734289381,0.3277153968811035,0.0,0.0,0.9447763562202454,0.20696790516376495,0.0,0.0,0.9783475399017334,-0.2619160144677219
487.9320783622992,-1492.2392603806236,0.0,3.44731317150327,0.3339872658252716,0.0,0.0,0.9425775408744812,0.21449826657772064,0.0,0.0,0.9767241477966309,0.08780928863422341
488.63796764521373,-1491.4357858588187,0.0,3.4687743887278115,0.34017375111579895,0.0,0.0,0.9403625726699829,0.22194519639015198,0.0,0.0,0.975058913230896,-0.2629999143275472
489.35942813894775,-1490.635129028306,0.0,3.49404227602333,0.34627193212509155,0.0,0.0,0.9381341338157654,0.2293105125427246,0.0,0.0,0.9733530879020691,0.08653313271020735
490.0973729966073,-1489.8363880630188,0.0,3.523593723450169,0.3522806763648987,0.0,0.0,0.9358943104743958,0.2365918755531311,0.0,0.0,0.9716088771820068,-0.26449241167233706
490.8528590090335,-1489.0385925542419,0.0,3.557905621068651,0.35819751024246216,0.0,0.0,0.9336457252502441,0.2437942922115326,0.0,0.0,0.9698268175125122,0.08480020858806175
491.6270875588996,-1488.2407126802295,0.0,3.5974362108701485,0.36402183771133423,0.0,0.0,0.9313902854919434,0.25091513991355896,0.0,0.0,0.9680088758468628,-0.26648890610675613
492.42127698820224,-1487.4417953457046,0.0,3.64204169689944,0.3697517514228821,0.0,0.0,0.929130494594574,0.2579552233219147,0.0,0.0,0.9661566019058228,0.08254740626335008
493.2364989441433,-1486.6411164941007,0.0,3.69086070533426,0.37538671493530273,0.0,0.0,0.9268681406974792,0.2649141848087311,0.0,0.0,0.9642717838287354,-0.2689545125933632
494.0736548506712,-1485.8381789473203,0.0,3.7429898828029637,0.38092654943466187,0.0,0.0,0.9246051907539368,0.2717980444431305,0.0,0.0,0.9623542428016663,0.0799146195225065
494.93346154810877,-1485.0327008488146,0.0,3.7975258759338644,0.3863699436187744,0.0,0.0,0.9223438501358032,0.27860143780708313,0.0,0.0,0.9604067802429199,-0.27170885568078246
495.8164372379779,-1484.2246041458689,0.0,3.8535653313553175,0.39171651005744934,0.0,0.0,0.9200859069824219,0.2853255569934845,0.0,0.0,0.9584305286407471,0.07708434399617045
496.72288775997606,-1483.4140031098345,0.0,3.910204895695636,0.39696598052978516,0.0,0.0,0.9178332090377808,0.2919696569442749,0.0,0.0,0.9564274549484253,-0.2745694397383743
497.65289326076436,-1482.6011929181113,0.0,3.9665412155831756,0.4021182656288147,0.0,0.0,0.9155875444412231,0.2985343337059021,0.0,0.0,0.9543986320495605,0.07423907531498156
498.60629534246385,-1481.7866383442245,0.0,4.02167093764626,0.40717244148254395,0.0,0.0,0.9133510589599609,0.30502378940582275,0.0,0.0,0.9523444771766663,-0.2773537691354997
499.5826848022033,-1480.970962622077,0.0,4.074690708513214,0.41212746500968933,0.0,0.0,0.9111260175704956,0.31143122911453247,0.0,0.0,0.9502683877944946,0.07156130910957983
500.58139009233633,-1480.1549365672595,0.0,4.1246971748123915,0.4169817566871643,0.0,0.0,0.9089146852493286,0.31775811314582825,0.0,0.0,0.9481714963912964,-0.2798793482415188
501.6014666437207,-1479.3394680519173,0.0,4.170786983172106,0.4217342734336853,0.0,0.0,0.9067192673683167,0.32400068640708923,0.0,0.0,0.9460566639900208,0.06923354101060433
502.64168720138,-1478.525591939952,0.0,4.212056780220713,0.42638346552848816,0.0,0.0,0.9045423269271851,0.33015546202659607,0.0,0.0,0.9439263939857483,-0.28196368142579187
503.7005333226979,-1477.714460596094,0.0,4.247603212586528,0.4309267997741699,0.0,0.0,0.9023867249488831,0.33622312545776367,0.0,0.0,0.9417821168899536,0.06743826664869454
504.7761881914288,-1476.9073350791393,0.0,4.276522960983592,0.43536266684532166,0.0,0.0,0.9002549648284912,0.34219732880592346,0.0,0.0,0.9396279454231262,-0.283424274779179
505.8666802197464,-1476.1054684103929,0.0,4.298499001256014,0.43968772888183594,0.0,0.0,0.8981505036354065,0.3480791449546814,0.0,0.0,0.9374650120735168,0.06632836562483485
506.97041857201924,-1475.3097236168041,0.0,4.315292890901878,0.44389814138412476,0.0,0.0,0.8960770964622498,0.35386475920677185,0.0,0.0,0.9352964758872986,-0.2842724510239196
508.08633517343173,-1474.5205115209433,0.0,4.329126608347635,0.4479919373989105,0.0,0.0,0.8940374255180359,0.3595528304576874,0.0,0.0,0.9331246018409729,0.06562969302656435
509.21390982706214,-1473.7378156203363,0.0,4.342222132019727,0.45196622610092163,0.0,0.0,0.8920349478721619,0.36513587832450867,0.0,0.0,0.930954098701477,-0.2849338411083687
510.35319247778233,-1472.9612154445258,0.0,4.356801440344602,0.45581817626953125,0.0,0.0,0.8900728225708008,0.3706168532371521,0.0,0.0,0.9287856817245483,0.06489336432328785
511.50482252031316,-1472.1899083182223,0.0,4.375086511748696,0.4595452547073364,0.0,0.0,0.8881542682647705,0.3759923279285431,0.0,0.0,0.9266226887702942,-0.285857329563121
512.6700451191377,-1471.4227295373848,0.0,4.399299324658468,0.4631456732749939,0.0,0.0,0.8862820267677307,0.38126134872436523,0.0,0.0,0.924467146396637,0.06367049498441049
513.8507220842886,-1470.6581726036982,0.0,4.4316526509467575,0.46661725640296936,0.0,0.0,0.8844591975212097,0.3864218592643738,0.0,0.0,0.9223220348358154,-0.2874913359413174
515.0490255270084,-1469.8946065539817,0.0,4.4731803865377415,0.4699589014053345,0.0,0.0,0.8826881051063538,0.39147359132766724,0.0,0.0,0.9201893210411072,0.06157313460102748
516.2668095972396,-1469.130672155104,0.0,4.52259112029328,0.4731690585613251,0.0,0.0,0.8809714317321777,0.39641714096069336,0.0,0.0,0.9180704355239868,-0.2899868275451325
517.5055199465096,-1468.3653119915084,0.0,4.5783212195581875,0.47624582052230835,0.0,0.0,0.8793119192123413,0.4012499749660492,0.0,0.0,0.9159684777259827,0.05875848312300183
518.7661767979401,-1467.5977536738806,0.0,4.638807051677323,0.4791879653930664,0.0,0.0,0.877712070941925,0.4059722125530243,0.0,0.0,0.9138854146003723,-0.29304166755114947
520.049359759205,-1466.827493833109,0.0,4.702484983995497,0.4819939136505127,0.0,0.0,0.8761744499206543,0.4105823338031769,0.0,0.0,0.9118234515190125,0.0555424259352153
521.3552123075466,-1466.0542724135491,0.0,4.767856365688368,0.48466137051582336,0.0,0.0,0.874701738357544,0.41508209705352783,0.0,0.0,0.9097838401794434,-0.2963432524851328
522.6835445841064,-1465.2779926924527,0.0,4.833836204246472,0.4871881902217865,0.0,0.0,0.873296856880188,0.4194691777229309,0.0,0.0,0.9077694416046143,0.052210110856523134
524.0338707863677,-1464.4986857567055,0.0,4.899501719787054,0.4895726144313812,0.0,0.0,0.871962308883667,0.4237412214279175,0.0,0.0,0.9057830572128296,-0.2996596926639501
525.4054059483165,-1463.7165014515015,0.0,4.963930513852389,0.4918111264705658,0.0,0.0,0.8707017302513123,0.42789700627326965,0.0,0.0,0.9038273692131042,0.048956131358273924
526.7971500153445,-1462.9316518147375,0.0,5.026200187984701,0.4939011335372925,0.0,0.0,0.8695178031921387,0.43193599581718445,0.0,0.0,0.9019041061401367,-0.3028046257009356
528.2079353263581,-1462.1443768822974,0.0,5.085403489292675,0.49583959579467773,0.0,0.0,0.8684139251708984,0.43585404753685,0.0,0.0,0.900017261505127,0.04596606563564898
529.6364404266865,-1461.3549329827833,0.0,5.141079295203567,0.49762341380119324,0.0,0.0,0.8673930168151855,0.43964871764183044,0.0,0.0,0.898169755935669,-0.30561653509037456
531.0813232887318,-1460.563519761007,0.0,5.193274824280375,0.49924978613853455,0.0,0.0,0.866457998752594,0.44332170486450195,0.0,0.0,0.8963624835014343,0.043329927803486934
532.5412312157605,-1459.7702785647173,0.0,5.2420649493200475,0.5007143616676331,0.0,0.0,0.8656124472618103,0.4468679428100586,0.0,0.0,0.894599974155426,-0.30808068281965095
534.0148031851595,-1458.9752953011632,0.0,5.287524543119531,0.5020139217376709,0.0,0.0,0.8648593425750732,0.4502828121185303,0.0,0.0,0.8928860425949097,0.04103398872270497
535.500672262725,-1458.1786034030306,0.0,5.329728478475798,0.5031414031982422,0.0,0.0,0.8641949892044067,0.4535660147666931,0.0,0.0,0.8912227153778076,-0.3102121947063311
536.997468070637,-1457.3801868816067,0.0,5.368751628185791,0.5040984153747559,0.0,0.0,0.863631546497345,0.45671403408050537,0.0,0.0,0.889613687992096,0.03906312257573563
538.5038192924159,-1456.579983445835,0.0,5.404668865046476,0.5048812031745911,0.0,0.0,0.8631712794303894,0.4597240090370178,0.0,0.0,0.8880620002746582,-0.31202619656798186
540.0183561988176,-1455.7778876667453,0.0,5.4375550618548,0.505486011505127,0.0,0.0,0.8628163933753967,0.4625932276248932,0.0,0.0,0.8865708112716675,0.03740220354501217
541.5397131793517,-1454.9737541676313,0.0,5.467485091407729,0.5059089064598083,0.0,0.0,0.8625690340995789,0.4653191864490509,0.0,0.0,0.8851431608200073,-0.3135378142221702
543.0665312648433,-1454.1674008213013,0.0,5.494533826502211,0.5061464905738831,0.0,0.0,0.862430989742279,0.46789804100990295,0.0,0.0,0.883782684803009,0.03603610581296762
544.5974606272349,-1453.3586119366419,0.0,5.5187761399352,0.5061946511268616,0.0,0.0,0.8624043464660645,0.47032684087753296,0.0,0.0,0.8824925422668457,-0.31476217348646257
546.1311630436098,-1452.547141417762,0.0,5.540286904503659,0.5060498714447021,0.0,0.0,0.8624906539916992,0.472602516412735,0.0,0.0,0.8812759518623352,0.03494970356203536
547.6663143122489,-1451.7327158799505,0.0,5.559140993004535,0.5057089328765869,0.0,0.0,0.8626911044120789,0.47472184896469116,0.0,0.0,0.8801361322402954,-0.315714400178426
549.201606609313,-1450.915037707729,0.0,5.5754132782347945,0.5051678419113159,0.0,0.0,0.8630073070526123,0.4766824245452881,0.0,0.0,0.8790757656097412,0.03412787097464853
550.7357507756099,-1450.093788041266,0.0,5.589178632991384,0.5044234991073608,0.0,0.0,0.8634400963783264,0.47848182916641235,0.0,0.0,0.8780974745750427,-0.3164096201156275
552.267478523706,-1449.268629678482,0.0,5.600511930071266,0.5034721493721008,0.0,0.0,0.8639904856681824,0.48011550307273865,0.0,0.0,0.8772053122520447,0.03355548223324034
553.7955445564686,-1448.439209881167,0.0,5.6094880422713915,0.5023159384727478,0.0,0.0,0.8646671772003174,0.4815811514854431,0.0,0.0,0.8764015436172485,-0.31686295911563384
555.3187285889591,-1447.6051630744619,0.0,5.616181842388718,0.5009475350379944,0.0,0.0,0.8654639720916748,0.4828774333000183,0.0,0.0,0.8756879568099976,0.0332174115202441
556.8358372663884,-1446.766113430052,0.0,5.620668203220204,0.49936336278915405,0.0,0.0,0.8663815259933472,0.4839992821216583,0.0,0.0,0.8750683069229126,-0.317089542996012
558.345705971649,-1445.9216773244184,0.0,5.623021997562801,0.49756139516830444,0.0,0.0,0.8674198389053345,0.4849436581134796,0.0,0.0,0.8745453953742981,0.03309853301809279
559.8472005167285,-1445.0714656644411,0.0,5.623318098213466,0.4955388307571411,0.0,0.0,0.8685784935951233,0.48570966720581055,0.0,0.0,0.8741202354431152,-0.3171044975743284
561.3392187130517,-1444.2150860736187,0.0,5.6216313779691545,0.4932926297187805,0.0,0.0,0.8698575496673584,0.48629242181777954,0.0,0.0,0.8737912774085999,0.033183720909219616
562.820691816555,-1443.3521449330729,0.0,5.618036709626823,0.4908207356929779,0.0,0.0,0.8712557554244995,0.48669081926345825,0.0,0.0,0.8735674619674683,-0.3169229486681501
564.2905858440117,-1442.4822492724093,0.0,5.612608965983429,0.4881204664707184,0.0,0.0,0.8727723360061646,0.48690253496170044,0.0,0.0,0.8734491467475891,0.033457849376057724
565.7479027578102,-1441.6050085063532,0.0,5.605423019835926,0.4851899743080139,0.0,0.0,0.8744055032730103,0.48692625761032104,0.0,0.0,0.8734362721443176,-0.31656002209504386
567.1916815170651,-1440.7200360139361,0.0,5.59655374398127,0.4820270538330078,0.0,0.0,0.8761536478996277,0.48675358295440674,0.0,0.0,0.8735324144363403,0.033905792601040374
568.6209989935635,-1439.8269505577646,0.0,5.586076011216419,0.47863054275512695,0.0,0.0,0.8780142068862915,0.4863891005516052,0.0,0.0,0.8737338781356812,-0.31603084367257667
570.034970751665,-1438.925377541703,0.0,5.5740646943383245,0.47499847412109375,0.0,0.0,0.8799848556518555,0.48582372069358826,0.0,0.0,0.8740442991256714,0.03451242476660071
571.4327516918435,-1438.0149501059755,0.0,5.560594666143947,0.47113025188446045,0.0,0.0,0.8820621967315674,0.48506104946136475,0.0,0.0,0.874468982219696,-0.31535053921831524
572.8135365580948,-1437.0953100594156,0.0,5.545740799430239,0.46702420711517334,0.0,0.0,0.8842433094978333,0.48409512639045715,0.0,0.0,0.8750052452087402,0.035262620055171834
574.1765603099457,-1436.1661086491981,0.0,5.529577966994155,0.4626796841621399,0.0,0.0,0.8865245580673218,0.482925146818161,0.0,0.0,0.8756524920463562,-0.3145342345498261
575.5210983602769,-1435.2270071689982,0.0,5.512181041632658,0.4580966830253601,0.0,0.0,0.8889015913009644,0.4815498888492584,0.0,0.0,0.8764103651046753,0.03614125264918683
576.8464666805896,-1434.2776774070778,0.0,5.493624896142696,0.4532756209373474,0.0,0.0,0.8913697600364685,0.4799647629261017,0.0,0.0,0.8772802948951721,-0.3135970554846765
578.1520217757753,-1433.3178019362995,0.0,5.4739844033212295,0.44821682572364807,0.0,0.0,0.893924355506897,0.4781716465950012,0.0,0.0,0.8782597184181213,0.03713319673107901
579.4371605307823,-1432.3470742485536,0.0,5.45333443596521,0.4429207444190979,0.0,0.0,0.8965603113174438,0.4761671721935272,0.0,0.0,0.8793486952781677,-0.312554127840433
580.7013199319224,-1431.3651987364833,0.0,5.431749866871598,0.43738967180252075,0.0,0.0,0.8992717266082764,0.4739473760128021,0.0,0.0,0.8805476427078247,0.03822332648328158
581.9439766658465,-1430.371890525792,0.0,5.409305568837344,0.43162477016448975,0.0,0.0,0.9020529985427856,0.4715139865875244,0.0,0.0,0.8818535804748535,-0.3114205774346626
583.1646465994629,-1429.36687516174,0.0,5.386076414659408,0.4256291389465332,0.0,0.0,0.9048974514007568,0.4688666760921478,0.0,0.0,0.883264422416687,0.03939651608822786
584.3628841443056,-1428.3498881537425,0.0,5.362137277134749,0.4194059371948242,0.0,0.0,0.9077985286712646,0.4659999907016754,0.0,0.0,0.8847807049751282,-0.3102115300849323
585.5382815090343,-1427.3206743821947,0.0,5.337563029060313,0.4129587411880493,0.0,0.0,0.9107494950294495,0.4629179537296295,0.0,0.0,0.8863975405693054,0.04063763972835083
586.6904678438881,-1426.2789873719105,0.0,5.312428543233068,0.4062926471233368,0.0,0.0,0.9137427806854248,0.4596185088157654,0.0,0.0,0.8881133198738098,-0.3089421116088088
587.8191082810413,-1425.2245884366582,0.0,5.286808692449955,0.39941415190696716,0.0,0.0,0.9167704582214355,0.4561026692390442,0.0,0.0,0.8899244666099548,0.04193157158608379
588.9239028748693,-1424.1572456994404,0.0,5.260778349507946,0.39233025908470154,0.0,0.0,0.9198241829872131,0.45237067341804504,0.0,0.0,0.8918275833129883,-0.30762744782385887
590.0045854461794,-1423.0767329932307,0.0,5.234412387203981,0.3850485384464264,0.0,0.0,0.9228960275650024,0.44842350482940674,0.0,0.0,0.8938190340995789,0.04326318584385985
591.0609223344695,-1421.9828286469015,0.0,5.207785678335026,0.3775785267353058,0.0,0.0,0.925977349281311,0.44426319003105164,0.0,0.0,0.8958942890167236,-0.306282664547649
592.0927110622548,-1420.875314161089,0.0,5.180973095698036,0.36993005871772766,0.0,0.0,0.9290593862533569,0.4398882985115051,0.0,0.0,0.8980506658554077,0.044617356684111875
593.0997789154268,-1419.7539727786946,0.0,5.154049512089962,0.36211469769477844,0.0,0.0,0.9321333765983582,0.4353029429912567,0.0,0.0,0.9002823233604431,-0.30492288759774633
594.0819814435379,-1418.6185879546301,0.0,5.127089800307768,0.3541445732116699,0.0,0.0,0.9351906180381775,0.4305085241794586,0.0,0.0,0.902584969997406,0.04597895828927323
595.0392008837712,-1417.4689417293075,0.0,5.1001688331484,0.34603220224380493,0.0,0.0,0.9382225275039673,0.4255082309246063,0.0,0.0,0.904953122138977,-0.30356324279171765
595.9713445121989,-1416.3048130102018,0.0,5.073361483408822,0.33779075741767883,0.0,0.0,0.9412212371826172,0.4203031659126282,0.0,0.0,0.9073824882507324,0.04733286484177718
596.87834292576,-1415.1259757656344,0.0,5.046742623885983,0.32943451404571533,0.0,0.0,0.9441784620285034,0.4148975610733032,0.0,0.0,0.9098669290542603,-0.3022188559471298
597.7601482581642,-1413.932197134699,0.0,5.020387127376839,0.32097747921943665,0.0,0.0,0.9470868110656738,0.40929728746414185,0.0,0.0,0.9124000072479248,0.04866395052405714
598.6167323326993,-1412.7232354569621,0.0,4.9943698666783565,0.3124338686466217,0.0,0.0,0.949939489364624,0.4035051763057709,0.0,0.0,0.9149762988090515,-0.3009048528815499
599.4480847546421,-1411.498838225321,0.0,4.968765714587477,0.30381837487220764,0.0,0.0,0.9527300000190735,0.39752769470214844,0.0,0.0,0.9175892472267151,0.04995708951854605
600.254210945684,-1410.2587399650322,0.0,4.94364954390117,0.2951446771621704,0.0,0.0,0.955452561378479,0.3913673460483551,0.0,0.0,0.9202336668968201,-0.2996363594125445
601.0351301224615,-1409.0026600415872,0.0,4.919096227416377,0.2864264249801636,0.0,0.0,0.9581021666526794,0.3850313723087311,0.0,0.0,0.9229027032852173,0.05119715600767702
601.7908732209299,-1407.7303003997156,0.0,4.895180637930066,0.27767717838287354,0.0,0.0,0.9606743454933167,0.37852931022644043,0.0,0.0,0.9255884885787964,-0.29842850135768034
602.5214807679579,-1406.4415717321851,0.0,4.871977648239184,0.2689087390899658,0.0,0.0,0.9631655216217041,0.37187862396240234,0.0,0.0,0.9282806515693665,0.05236902417388317
603.2270007011117,-1405.1373590671278,0.0,4.849562131140691,0.2601314187049866,0.0,0.0,0.9655731320381165,0.36509281396865845,0.0,0.0,0.9309704303741455,-0.2972964045345241
603.9074859454594,-1403.8187654675905,0.0,4.828007576628557,0.2513524293899536,0.0,0.0,0.9678955674171448,0.35818618535995483,0.0,0.0,0.933649480342865,0.05345763803813236
604.5629875003791,-1402.486839703011,0.0,4.807352689579385,0.24257680773735046,0.0,0.0,0.9701321125030518,0.3511711061000824,0.0,0.0,0.9363106489181519,-0.2962532284209296
605.1935482264414,-1401.1425881640223,0.0,4.7875996485485866,0.23380829393863678,0.0,0.0,0.9722826480865479,0.34405651688575745,0.0,0.0,0.938948392868042,0.0544552663730212
605.7992019834237,-1399.7869776533332,0.0,4.768748900787344,0.22504869103431702,0.0,0.0,0.9743474721908569,0.33685389161109924,0.0,0.0,0.941556453704834,-0.29530117045319004
606.3799730328335,-1398.4209376616332,0.0,4.750800893546852,0.21629832684993744,0.0,0.0,0.9763273000717163,0.3295714259147644,0.0,0.0,0.9441302418708801,0.0553617313851672
606.9358754481784,-1397.0453625931666,0.0,4.7337560740782925,0.20755639672279358,0.0,0.0,0.9782231450080872,0.32221660017967224,0.0,0.0,0.9466656446456909,-0.294440320985081
607.4669125319931,-1395.661113943742,0.0,4.717614889632864,0.1988213211297989,0.0,0.0,0.9800357818603516,0.3147936165332794,0.0,0.0,0.9491598606109619,0.05617694272079496
607.9730762386519,-1394.2690224338862,0.0,4.702377787461746,0.1900903731584549,0.0,0.0,0.9817667007446289,0.30731093883514404,0.0,0.0,0.9516088962554932,-0.2936707703703781
608.4543466019995,-1392.8698900998456,0.0,4.68804521481613,0.18136121332645416,0.0,0.0,0.9834166765213013,0.29977187514305115,0.0,0.0,0.9540106654167175,0.05690081002612912
608.9106911668498,-1391.4644923450885,0.0,4.674617618947209,0.1726302206516266,0.0,0.0,0.9849867820739746,0.2921808063983917,0.0,0.0,0.9563628435134888,-0.29299260896285684
609.3420644234043,-1390.0535799549543,0.0,4.662095447106164,0.16389459371566772,0.0,0.0,0.9864778518676758,0.2845401465892792,0.0,0.0,0.958663821220398,0.05753324294739398
609.748407243658,-1388.6378810770477,0.0,4.6504791465441935,0.15515144169330597,0.0,0.0,0.9878907203674316,0.2768515944480896,0.0,0.0,0.9609124064445496,-0.29240592711629265
610.1296463188634,-1387.218103169977,0.0,4.639769164512478,0.14639794826507568,0.0,0.0,0.9892258048057556,0.2691177725791931,0.0,0.0,0.9631069898605347,0.05807415113081399
610.4856935971308,-1385.7949349229982,0.0,4.6299659482622095,0.13763220608234406,0.0,0.0,0.9904835224151611,0.261338472366333,0.0,0.0,0.9652469754219055,-0.29191081518446094
610.8164457202579,-1384.3690481491062,0.0,4.6210699450445745,0.1288527399301529,0.0,0.0,0.9916638135910034,0.2535131573677063,0.0,0.0,0.9673316478729248,0.05852344422261377
611.1217834588742,-1382.9410996541083,0.0,4.613081602110762,0.12005910277366638,0.0,0.0,0.9927667379379272,0.2456425279378891,0.0,0.0,0.9693601131439209,-0.29150736352113715
611.4015711450066,-1381.51173308419,0.0,4.606001366711969,0.1112525537610054,0.0,0.0,0.9937921166419983,0.23772405087947845,0.0,0.0,0.9713324308395386,0.0588810318690175
611.655656101163,-1380.0815807544743,0.0,4.599829686099372,0.1024344265460968,0.0,0.0,0.9947396516799927,0.2297579050064087,0.0,0.0,0.9732475280761719,-0.2911956624800969
611.8838680650473,-1378.6512654610515,0.0,4.594567007524168,0.0936085432767868,0.0,0.0,0.995608925819397,0.22174102067947388,0.0,0.0,0.9751054048538208,0.05914682371625005
612.0860186090138,-1377.22140227897,0.0,4.590213778237542,0.0847802683711052,0.0,0.0,0.9963995218276978,0.21367159485816956,0.0,0.0,0.976905345916748,-0.2909758024151158
612.261900553378,-1375.792600348646,0.0,4.586770445490684,-0.07595573365688324,0.0,0.0,-0.9971111416816711,0.20554432272911072,0.0,0.0,0.9786476492881775,0.05932072941053579
612.4112873726983,-1374.365464653156,0.0,4.584237456534781,-0.06714370846748352,0.0,0.0,-0.9977432489395142,0.19735702872276306,0.0,0.0,0.9803314805030823,-0.2908478736799692
612.5339329880467,-1372.9405973621256,0.0,4.582615258621025,-0.05835557356476784,0.0,0.0,-0.998295783996582,0.18911144137382507,0.0,0.0,0.9819554090499878,0.05940265859809929
612.6297681931745,-1371.5183861307241,0.0,4.581904299000603,-0.04960295185446739,0.0,0.0,-0.9987688660621643,0.1808157116174698,0.0,0.0,0.9835168123245239,-0.2908119666284328
612.6992196631596,-1370.098659581817,0.0,4.582105024924703,-0.040897659957408905,0.0,0.0,-0.9991632699966431,0.17247731983661652,0.0,0.0,0.9850132465362549,0.05939252092516498
612.7427768295587,-1368.681157625632,0.0,4.583217902017818,-0.03225049376487732,0.0,0.0,-0.9994797706604004,0.16410477459430695,0.0,0.0,0.9864427447319031,-0.29086817254222647
612.7609092029829,-1367.265621647113,0.0,4.585244883829448,-0.0236715879291296,0.0,0.0,-0.9997197389602661,-0.15570613741874695,0.0,0.0,-0.9878032803535461,0.05929014810639577
612.7540672627634,-1365.8517937677423,0.0,4.588190484353593,-0.015170341357588768,0.0,0.0,-0.999884843826294,-0.14729048311710358,0.0,0.0,-0.9890931248664856,-0.2910169402454661
612.7226832826644,-1364.4394168266115,0.0,4.592059470478687,-0.006755631882697344,0.0,0.0,-0.999977171421051,-0.13886474072933197,0.0,0.0,-0.9903112649917603,0.059094744766744534
612.6671721531163,-1363.0282344414952,0.0,4.596856609093156,0.0015648910775780678,0.0,0.0,-0.9999987483024597,-0.13043633103370667,0.0,0.0,-0.9914565682411194,-0.2912592199734696
612.5879322057732,-1361.6179910715882,0.0,4.602586667085435,0.009783494286239147,0.0,0.0,-0.9999521374702454,-0.12201260030269623,0.0,0.0,-0.99252849817276,0.05880534789844763
612.4853460416809,-1360.2084320820047,0.0,4.609254411343954,0.017893772572278976,0.0,0.0,-0.9998398423194885,-0.11360179632902145,0.0,0.0,-0.9935263395309448,-0.2915959747340009
612.3597813643671,-1358.7993038100929,0.0,4.616864608757145,0.025889404118061066,0.0,0.0,-0.9996646642684937,-0.10521069914102554,0.0,0.0,-0.9944499731063843,0.05842099449374108
612.2115918192112,-1357.3903536336875,0.0,4.625422026213437,0.03376486524939537,0.0,0.0,-0.9994297027587891,-0.09684579819440842,0.0,0.0,-0.9952995181083679,-0.29202816753482375
612.0411178404789,-1355.9813300413641,0.0,4.634931430601263,0.041514575481414795,0.0,0.0,-0.9991377592086792,-0.08851543068885803,0.0,0.0,-0.996074914932251,0.05794072154486096
611.8486875074508,-1354.5719827047983,0.0,4.645397588809055,0.049133606255054474,0.0,0.0,-0.9987919926643372,-0.0802248939871788,0.0,0.0,-0.9967768788337708,-0.2925567613837021
611.6346174111122,-1353.1620625533171,0.0,4.656825267725243,0.05661788955330849,0.0,0.0,-0.9983956813812256,-0.07198092341423035,0.0,0.0,-0.9974061250686646,0.057363566044043385
611.3992135329127,-1351.7513218507386,0.0,4.6692192342382555,0.06396310776472092,0.0,0.0,-0.9979519844055176,-0.06378844380378723,0.0,0.0,-0.9979636073112488,-0.29318271928839973
611.1427721371509,-1350.3395142746003,0.0,4.68258425523653,0.07116569578647614,0.0,0.0,-0.9974642992019653,-0.05565473437309265,0.0,0.0,-0.9984502196311951,0.05668856498352451
610.8655806785787,-1348.9263949978679,0.0,4.6969250976084895,0.07822242379188538,0.0,0.0,-0.9969357848167419,-0.04758533462882042,0.0,0.0,-0.9988673329353333,-0.29390700425668054
610.5679187268739,-1347.5117207732296,0.0,4.712246528242574,0.08513005077838898,0.0,0.0,-0.9963697195053101,-0.03958475589752197,0.0,0.0,-0.9992162585258484,0.05591475535554047
610.250058909672,-1346.095250020083,0.0,4.728553314027205,0.09188564866781235,0.0,0.0,-0.9957695007324219,-0.03165994584560394,0.0,0.0,-0.9994986653327942,-0.2947305792963084
609.9122678759039,-1344.6767429143108,0.0,4.745850221850825,0.09848643839359283,0.0,0.0,-0.9951383471488953,-0.02381403185427189,0.0,0.0,-0.9997163414955139,0.0550411741523274
609.5548072812368,-1343.2559614809607,0.0,4.764142018601858,0.10492971539497375,0.0,0.0,-0.9944795370101929,-0.016053132712841034,0.0,0.0,-0.9998710751533508,-0.2956544074150475
609.1779347974671,-1341.8326696899405,0.0,4.783433471168733,0.11121295392513275,0.0,0.0,-0.9937964677810669,-0.008381612598896027,0.0,0.0,-0.9999648332595825,0.0540668583661216
608.7819051477827,-1340.406633554839,0.0,4.803729346439888,0.11733401566743851,0.0,0.0,-0.99309241771698,-0.0008026789873838425,0.0,0.0,-0.9999996423721313,-0.2966794516206614
608.3669711698492,-1338.9776212349866,0.0,4.825034411303747,0.12329013645648956,0.0,0.0,-0.99237060546875,0.00667862594127655,0.0,0.0,-0.9999776482582092,0.052990844989159014
607.933384908763,-1337.5454031408808,0.0,4.84735343264875,0.12907929718494415,0.0,0.0,-0.9916342496871948,0.014060062356293201,0.0,0.0,-0.9999012351036072,-0.29780667492091406
607.4813987419517,-1336.1097520430937,0.0,4.870691177363317,0.13469891250133514,0.0,0.0,-0.9908866286277771,0.021335404366254807,0.0,0.0,-0.9997724294662476,0.051812171013675856
607.0112665381859,-1334.6704431847859,0.0,4.895052412335891,0.14014624059200287,0.0,0.0,-0.9901308417320251,0.02850288525223732,0.0,0.0,-0.9995937943458557,-0.29903704032356937
606.523244852927,-1333.22725439796,0.0,4.920441904454896,0.14541859924793243,0.0,0.0,-0.9893702864646912,0.035557713359594345,0.0,0.0,-0.9993677139282227,0.05052987343190796
606.0175941623028,-1331.7799662235793,0.0,4.946864420608761,0.1505136638879776,0.0,0.0,-0.9886079430580139,0.04249831289052963,0.0,0.0,-0.9990965127944946,-0.3003715108363908
605.4945801380846,-1330.3283620356883,0.0,4.974324727685926,0.15542815625667572,0.0,0.0,-0.9878472089767456,0.049320582300424576,0.0,0.0,-0.9987829327583313,0.049142989236091505
604.9544749661022,-1328.8722142339793,0.0,5.0028275925748105,0.16015921533107758,0.0,0.0,-0.9870912432670593,0.056020211428403854,0.0,0.0,-0.9984295964241028,-0.30181104946714254
604.3975587106263,-1327.4111770692784,0.0,5.032377782163858,0.164703831076622,0.0,0.0,-0.9863430261611938,0.06259455531835556,0.0,0.0,-0.9980390071868896,0.04765055541846286
603.8241207527228,-1325.9448411156702,0.0,5.062979841444869,0.1690586358308792,0.0,0.0,-0.9856060147285461,0.06903824955224991,0.0,0.0,-0.9976140260696411,-0.3033566080166885
603.2344631106408,-1324.4727968731584,0.0,5.094622465546861,0.173221156001091,0.0,0.0,-0.9848829507827759,0.07534904032945633,0.0,0.0,-0.9971572756767273,0.04605244309007939
602.6289052611551,-1322.994642329431,0.0,5.127268201171938,0.17718832194805145,0.0,0.0,-0.9841768741607666,0.08152313530445099,0.0,0.0,-0.9966714382171631,-0.3050053825432075
602.0077864536582,-1321.509983128342,0.0,5.160877150175046,0.18095700442790985,0.0,0.0,-0.9834910035133362,0.0875563696026802,0.0,0.0,-0.996159553527832,0.0443550214232557
601.3714677347984,-1320.0184320334752,0.0,5.195409414411147,0.18452414870262146,0.0,0.0,-0.98282790184021,0.09344559162855148,0.0,0.0,-0.9956243634223938,-0.30674943629250556
600.7203339502105,-1318.5196083976848,0.0,5.230825095735179,0.18788641691207886,0.0,0.0,-0.9821906685829163,0.09918737411499023,0.0,0.0,-0.9950686693191528,0.04256635064931469
600.054795722292,-1317.0131376388745,0.0,5.267084296002112,0.1910410076379776,0.0,0.0,-0.9815820455551147,0.1047777608036995,0.0,0.0,-0.9944955110549927,-0.30858070903325974
599.3752914026686,-1315.4986507223725,0.0,5.304147117066878,0.19398456811904907,0.0,0.0,-0.9810044765472412,0.11021554470062256,0.0,0.0,-0.9939075112342834,0.040694490999579
598.682288997713,-1313.9757836503209,0.0,5.341973660784444,0.19671374559402466,0.0,0.0,-0.9804608821868896,0.11549444496631622,0.0,0.0,-0.9933079481124878,-0.3104911405341469
597.9762880651881,-1312.4441769585867,0.0,5.380524029009756,0.19922508299350739,0.0,0.0,-0.9799536466598511,0.1206125020980835,0.0,0.0,-0.9926995038986206,0.03874750270537136
597.2578215798105,-1310.9034752217667,0.0,5.419758323597755,0.20151618123054504,0.0,0.0,-0.9794850945472717,0.12556666135787964,0.0,0.0,-0.9920850396156311,-0.3124726705638438
596.5274577652561,-1309.353326566934,0.0,5.459636646403406,0.2035841941833496,0.0,0.0,-0.979057252407074,0.13035273551940918,0.0,0.0,-0.9914674758911133,0.0367334459980152
595.78580188987,-1307.7933821968384,0.0,5.50011909928165,0.2054274082183838,0.0,0.0,-0.9786722660064697,0.13496701419353485,0.0,0.0,-0.9908499121665955,-0.31451723889102784
595.0334980230776,-1306.2232959233577,0.0,5.54116578408745,0.2070443481206894,0.0,0.0,-0.978331446647644,0.13940700888633728,0.0,0.0,-0.9902349710464478,0.034660381108833405
594.2712307492546,-1304.642723712031,0.0,5.582736802675743,0.20843471586704254,0.0,0.0,-0.9780362248420715,0.14366847276687622,0.0,0.0,-0.9896256923675537,-0.316616785284376
593.4997268355584,-1303.051323238609,0.0,5.624792256901496,0.20959720015525818,0.0,0.0,-0.9777812361717224,0.14774909615516663,0.0,0.0,-0.9890246987342834,0.03253636826914891
592.7197568500087,-1301.4487534585835,0.0,5.667292248619653,0.2105344831943512,0.0,0.0,-0.9775762557983398,0.1516440212726593,0.0,0.0,-0.9884350299835205,-0.3187632495125657
591.9321367258583,-1299.8346741907365,0.0,5.710196879685154,0.2112487554550171,0.0,0.0,-0.9774206876754761,0.1553504765033722,0.0,0.0,-0.9878593683242798,0.030369467710285203
591.1377292681013,-1298.208745715803,0.0,5.753466251952972,0.2117433100938797,0.0,0.0,-0.9773136377334595,0.1588631421327591,0.0,0.0,-0.987300455570221,-0.3209485713442737
590.3374455977444,-1296.57062839139,0.0,5.797060467278037,0.2120218575000763,0.0,0.0,-0.9772539734840393,0.16217952966690063,0.0,0.0,-0.9867611527442932,0.028167739663564784
589.5322465292794,-1294.9199822843536,0.0,5.8409396275153185,0.21208995580673218,0.0,0.0,-0.977240264415741,0.1652946174144745,0.0,0.0,-0.9862441420555115,-0.3231646905481768
588.7231438766095,-1293.2564668218845,0.0,5.885063834519751,0.2119540572166443,0.0,0.0,-0.9772706627845764,0.16820469498634338,0.0,0.0,-0.9857520461082458,0.025939244360310643
587.9112016825034,-1291.5797404625855,0.0,5.929393190146303,0.21162211894989014,0.0,0.0,-0.977342963218689,0.17090579867362976,0.0,0.0,-0.9852873682975769,-0.32540354689295226
587.0975373664953,-1289.8894603888891,0.0,5.973887796249919,0.21110373735427856,0.0,0.0,-0.9774546027183533,0.17339377105236053,0.0,0.0,-0.9848526120185852,0.023692042031845273
586.2833227859924,-1288.1852822221883,0.0,6.018507754685536,0.21040953695774078,0.0,0.0,-0.9776028394699097,0.17566418647766113,0.0,0.0,-0.9844502210617065,-0.3276570801472764
585.4697852052191,-1286.4668597620866,0.0,6.063213167308129,0.20955216884613037,0.0,0.0,-0.9777844548225403,0.17771105468273163,0.0,0.0,-0.9840827584266663,0.02143419290949211
584.6582081665009,-1284.7338447512266,0.0,6.10796413597263,0.20854562520980835,0.0,0.0,-0.9779960513114929,0.17953519523143768,0.0,0.0,-0.9837515950202942,-0.329917230079827
583.8498558924083,-1282.9859067135405,0.0,6.152720762534007,0.20740564167499542,0.0,0.0,-0.9782338738441467,0.18114450573921204,0.0,0.0,-0.9834564328193665,0.019173757224574095
583.045260579091,-1281.2229200437941,0.0,6.197443125603977,0.20614951848983765,0.0,0.0,-0.9785033464431763,0.18255074322223663,0.0,0.0,-0.9831963777542114,-0.332175935285381
582.2445130786369,-1279.4448930901942,0.0,6.242074366303138,0.20478878915309906,0.0,0.0,-0.9787922501564026,0.18376298248767853,0.0,0.0,-0.9829704761505127,0.01691965415895985
581.4477067520166,-1277.6518665447952,0.0,6.286510799349973,0.20333626866340637,0.0,0.0,-0.9790976643562317,0.18479308485984802,0.0,0.0,-0.9827773571014404,-0.33442019958067565
580.6549432148757,-1275.8439144742256,0.0,6.330640714893515,0.20180320739746094,0.0,0.0,-0.9794169664382935,0.18565279245376587,0.0,0.0,-0.9826153516769409,0.014690870545649659
579.8663314153658,-1274.021144544087,0.0,6.374352403082805,0.200200155377388,0.0,0.0,-0.9797475337982178,0.18635013699531555,0.0,0.0,-0.9824833869934082,-0.3366278606003368
579.0819867348031,-1272.183698237267,0.0,6.417534154066868,0.19853635132312775,0.0,0.0,-0.980087399482727,0.18689194321632385,0.0,0.0,-0.9823775291442871,0.012509974031303106
578.3020301133769,-1270.3317510655954,0.0,6.460074257994748,0.19682063162326813,0.0,0.0,-0.9804344773292542,0.1872892528772354,0.0,0.0,-0.9823004007339478,-0.3387763506977045
577.5265872032275,-1268.4655127742758,0.0,6.501861005015464,0.19506102800369263,0.0,0.0,-0.980786919593811,0.18755096197128296,0.0,0.0,-0.9822500348091125,0.010399532262580058
576.7557875512482,-1266.5852275384707,0.0,6.542782685278069,0.19326461851596832,0.0,0.0,-0.9811432361602783,0.18768411874771118,0.0,0.0,-0.9822246432304382,-0.34084310222611885
575.9897638140242,-1264.691174151454,0.0,6.582727588931585,0.19143787026405334,0.0,0.0,-0.9815019369125366,0.18769602477550507,0.0,0.0,-0.9822225570678711,0.008382112886139825
575.2286510073417,-1262.7836662037032,0.0,6.621584006125037,0.18958701193332672,0.0,0.0,-0.9818617105484009,0.18759466707706451,0.0,0.0,-0.9822420477867126,-0.34280554753891945
574.4725857927056,-1260.8630522523304,0.0,6.6592402270074755,0.18771757185459137,0.0,0.0,-0.9822213649749756,0.18738630414009094,0.0,0.0,-0.9822815656661987,0.00648028354864294
573.7217058032977,-1258.9297159802325,0.0,6.695584541727919,0.18583440780639648,0.0,0.0,-0.9825797080993652,0.18707799911499023,0.0,0.0,-0.9823395609855652,-0.3446411189894469
572.9761490117806,-1256.9840763443704,0.0,6.730505240435416,0.18394242227077484,0.0,0.0,-0.982935905456543,0.18667535483837128,0.0,0.0,-0.9824148416519165,0.004716611896749101
572.2360531423042,-1255.026587712578,0.0,6.763890613278987,0.18204590678215027,0.0,0.0,-0.9832890629768372,0.18618564307689667,0.0,0.0,-0.982505738735199,-0.34632724893104133
571.5015551290112,-1253.0577399883418,0.0,6.795628950407673,0.1801486760377884,0.0,0.0,-0.9836386442184448,0.18561333417892456,0.0,0.0,-0.9826111793518066,0.003113665577118452
570.7727906232535,-1251.0780587229954,0.0,6.825608541970506,0.17825457453727722,0.0,0.0,-0.9839837551116943,0.18496523797512054,0.0,0.0,-0.9827297925949097,-0.347841369717043
570.0498935516348,-1249.088105214816,0.0,6.8537176781165146,0.17636671662330627,0.0,0.0,-0.984324038028717,0.18424725532531738,0.0,0.0,-0.982866108417511,0.0016940122364109689
569.33299377616,-1247.088471117611,0.0,6.8798634829432315,0.17448866367340088,0.0,0.0,-0.9846587777137756,0.18346431851387024,0.0,0.0,-0.9830138683319092,-0.34916186491031154
568.6221991649174,-1245.0797281032371,0.0,6.904126155126282,0.1726229339838028,0.0,0.0,-0.9849876165390015,0.18262122571468353,0.0,0.0,-0.9831721186637878,0.00046862475241854495
567.917587057626,-1243.0624005005566,0.0,6.926679041284798,0.17077234387397766,0.0,0.0,-0.9853101372718811,0.18172235786914825,0.0,0.0,-0.9833396673202515,-0.35030089956478205
567.2192056054256,-1241.0369646852214,0.0,6.947696386709455,0.16893929243087769,0.0,0.0,-0.985626220703125,0.18077214062213898,0.0,0.0,-0.9835156798362732,-0.0005928573397358528
566.5270751591974,-1239.0038487425238,0.0,6.967352436690945,0.16712625324726105,0.0,0.0,-0.9859352707862854,0.17977626621723175,0.0,0.0,-0.9836991429328918,-0.351293629361827
565.8411896072415,-1236.9634321434714,0.0,6.985821436519969,0.16533508896827698,0.0,0.0,-0.9862371683120728,0.17873799800872803,0.0,0.0,-0.9838891625404358,-0.001525635108878487
565.1615176589418,-1234.916045434925,0.0,7.003277631487195,0.16356773674488068,0.0,0.0,-0.9865318536758423,0.17766156792640686,0.0,0.0,-0.9840848445892334,-0.3521752553702728
564.4880040714627,-1232.8619699445298,0.0,7.019895266883321,0.1618257462978363,0.0,0.0,-0.9868192076683044,0.17654985189437866,0.0,0.0,-0.9842855334281921,-0.0023649096238343437
563.8205708169017,-1230.8014375010853,0.0,7.035848587999037,0.1601106971502304,0.0,0.0,-0.9870990514755249,0.17540837824344635,0.0,0.0,-0.9844900965690613,-0.3529809786589453
563.159118187654,-1228.7346301709056,0.0,7.051311840125023,0.15842396020889282,0.0,0.0,-0.9873710870742798,0.17424052953720093,0.0,0.0,-0.9846979975700378,-0.0031458819534295746
562.5035258380633,-1226.6616800106576,0.0,7.0664592685519745,0.15676653385162354,0.0,0.0,-0.987635612487793,0.1730489730834961,0.0,0.0,-0.9849086403846741,-0.35374600029667014
561.8536537606922,-1224.5826688370848,0.0,7.081465118570575,0.1551395058631897,0.0,0.0,-0.9878924489021301,0.17183689773082733,0.0,0.0,-0.9851213097572327,-0.0039037531664902203
561.2093431957798,-1222.4976280139858,0.0,7.096503635471519,0.15354368090629578,0.0,0.0,-0.9881417751312256,0.170607790350914,0.0,0.0,-0.9853352904319763,-0.3545055213522733
560.570417472655,-1220.4065382567628,0.0,7.111749064545484,0.15197965502738953,0.0,0.0,-0.9883834719657898,0.16936585307121277,0.0,0.0,-0.985549807548523,-0.0046737243318419885
559.936682782019,-1218.3093294548012,0.0,7.127375651083167,0.15044814348220825,0.0,0.0,-0.9886177778244019,0.1681121438741684,0.0,0.0,-0.9857648015022278,-0.3552947428945805
559.3079288781419,-1216.2058805119577,0.0,7.143557640375257,0.14894920587539673,0.0,0.0,-0.9888447523117065,0.16684935986995697,0.0,0.0,-0.9859795570373535,-0.005490996518311253
558.6839297100856,-1214.0960192053599,0.0,7.160469277712432,0.1474832147359848,0.0,0.0,-0.9890644550323486,0.16558115184307098,0.0,0.0,-0.9861935377120972,-0.35614886599241763
558.064443981118,-1211.979522062771,0.0,7.178284808385385,0.14605030417442322,0.0,0.0,-0.9892771244049072,0.16430999338626862,0.0,0.0,-0.9864063262939453,-0.006390770794723
557.4492156354725,-1209.8561142587334,0.0,7.197178477684806,0.14465035498142242,0.0,0.0,-0.9894828796386719,0.1630374640226364,0.0,0.0,-0.9866177439689636,-0.3571030917146106
556.8379742715779,-1207.72546952974,0.0,7.217324530901387,0.14328162372112274,0.0,0.0,-0.9896733164787292,0.16176608204841614,0.0,0.0,-0.9868271350860596,-0.007408248229903935
556.230435480796,-1205.5872101086939,0.0,7.2388972133258065,0.14194536209106445,0.0,0.0,-0.9898583889007568,0.16049833595752716,0.0,0.0,-0.987034261226654,-0.3581926211299853
555.6263011124867,-1203.440906677842,0.0,7.262070770248754,0.1406424194574356,0.0,0.0,-0.9900473952293396,0.15923556685447693,0.0,0.0,-0.9872390031814575,-0.008578629892679046
555.0252770528915,-1201.2860678261559,0.0,7.287019446960933,0.13936935365200043,0.0,0.0,-0.9902212023735046,0.1579793244600296,0.0,0.0,-0.9874409437179565,-0.35945265530736803
554.4271173998479,-1199.122115169404,0.0,7.313913228449096,0.1381271332502365,0.0,0.0,-0.9903900027275085,0.156729593873024,0.0,0.0,-0.9876402616500854,-0.009936901685010546
553.8315970840171,-1196.9484802321344,0.0,7.34268838630566,0.1369152069091797,0.0,0.0,-0.9905539155006409,0.1554882526397705,0.0,0.0,-0.9878365397453308,-0.3609059461082046
553.2385264958513,-1194.76471595208,0.0,7.372930999851148,0.1357332468032837,0.0,0.0,-0.9907130002975464,0.15425531566143036,0.0,0.0,-0.9880298972129822,-0.011464306409530112
552.647752127409,-1192.5705055282358,0.0,7.404198391462889,0.13458095490932465,0.0,0.0,-0.9908672571182251,0.15303073823451996,0.0,0.0,-0.9882203340530396,-0.3624851073007168
552.0591549281964,-1190.365662770265,0.0,7.436047883518183,0.13345789909362793,0.0,0.0,-0.9910168051719666,0.15181615948677063,0.0,0.0,-0.9884077310562134,-0.013072866614342926
551.4726487588152,-1188.1501324509334,0.0,7.468036798394363,0.13236404955387115,0.0,0.0,-0.9911617040634155,0.150612473487854,0.0,0.0,-0.9885919094085693,-0.36410070906214004
550.8881789450958,-1185.9239906617408,0.0,7.49972245846876,0.13129912316799164,0.0,0.0,-0.9913020133972168,0.1494198888540268,0.0,0.0,-0.9887729287147522,-0.014673152476686213
550.3057209361165,-1183.6874451717574,0.0,7.530662186118674,0.13026314973831177,0.0,0.0,-0.9914377927780151,0.1482389122247696,0.0,0.0,-0.988950788974762,-0.36566332156971143
549.7252790700849,-1181.440835789508,0.0,7.5604133037214325,0.12925590574741364,0.0,0.0,-0.9915690422058105,0.14707061648368835,0.0,0.0,-0.9891252517700195,-0.016175734173795253
549.1468854524835,-1179.184634727641,0.0,7.588533133654364,0.12827755510807037,0.0,0.0,-0.9916958808898926,0.14591562747955322,0.0,0.0,-0.9892963767051697,-0.36708351500066755
548.5705989511393,-1176.9194469699214,0.0,7.614578998294793,0.12732790410518646,0.0,0.0,-0.9918183088302612,0.14477519690990448,0.0,0.0,-0.9894639253616333,-0.01749118188290788
547.9965043129938,-1174.6460106399973,0.0,7.638108220020025,0.12640711665153503,0.0,0.0,-0.9919363856315613,0.14365041255950928,0.0,0.0,-0.9896279573440552,-0.3682718595322449
547.4247032320189,-1172.3651646446233,0.0,7.658787982632685,0.12551522254943848,0.0,0.0,-0.9920501708984375,0.14253976941108704,0.0,0.0,-0.9897886514663696,-0.0185356143380927
546.8552764500677,-1170.0776976500647,0.0,7.6767931082258425,0.12465240061283112,0.0,0.0,-0.9921596646308899,0.14144642651081085,0.0,0.0,-0.9899455308914185,-0.3691812093096771
546.2882738889738,-1167.7843042485702,0.0,7.692444941870144,0.12381848692893982,0.0,0.0,-0.9922649264335632,0.1403696984052658,0.0,0.0,-0.9900988936424255,-0.019326110986794764
545.7237158330776,-1165.4855846941166,0.0,7.706064842737403,0.12301377952098846,0.0,0.0,-0.9923659563064575,0.13931037485599518,0.0,0.0,-0.990248441696167,-0.3698690830908518
545.1615940320913,-1163.1820446406816,0.0,7.717974169999434,0.12223866581916809,0.0,0.0,-0.9924628734588623,0.1382695436477661,0.0,0.0,-0.9903943538665771,-0.019927592161644858
544.601872719903,-1160.8740948793527,0.0,7.728494282828052,0.12149300426244736,0.0,0.0,-0.9925556182861328,0.13724637031555176,0.0,0.0,-0.9905366897583008,-0.37040040192057994
544.0444895466107,-1158.562051074711,0.0,7.737946540395058,0.12077708542346954,0.0,0.0,-0.9926443099975586,0.1362428069114685,0.0,0.0,-0.9906752705574036,-0.020404978907453297
543.4893564216206,-1156.2461335008247,0.0,7.746652301872265,0.12009110301733017,0.0,0.0,-0.9927288889884949,0.1352594941854477,0.0,0.0,-0.9908100366592407,-0.37084008684367115
542.9363602661183,-1153.9264667771376,0.0,7.754932926431489,0.11943512409925461,0.0,0.0,-0.9928094148635864,0.13429613411426544,0.0,0.0,-0.9909411072731018,-0.02082319226903029
542.3853636736,-1151.6030796044163,0.0,7.763109773244535,0.11880962550640106,0.0,0.0,-0.9928858876228333,0.13335421681404114,0.0,0.0,-0.9910681843757629,-0.3712530589049361
541.8362054774665,-1149.275904500892,0.0,7.771504201483216,0.1182144433259964,0.0,0.0,-0.9929584264755249,0.13243348896503448,0.0,0.0,-0.9911916255950928,-0.021247153291185927
541.2887012248996,-1146.9447775386093,0.0,7.780437570319338,0.117649607360363,0.0,0.0,-0.9930269718170166,0.1315348595380783,0.0,0.0,-0.9913113713264465,-0.37170423914918466
540.742643556378,-1144.6094380799502,0.0,7.790231238924725,0.11711540818214417,0.0,0.0,-0.9930915832519531,0.13065849244594574,0.0,0.0,-0.9914271235466003,-0.021741783018730698
540.1978025103922,-1142.2695286008557,0.0,7.801206277686662,0.11661220341920853,0.0,0.0,-0.9931522607803345,0.12980474531650543,0.0,0.0,-0.9915392994880676,-0.3722585340361512
539.6539333828034,-1139.9246275614764,0.0,7.813573379596763,0.11613994836807251,0.0,0.0,-0.9932091236114502,0.12897475063800812,0.0,0.0,-0.9916476011276245,-0.022366384125301453
539.1107958582214,-1137.5743322530466,0.0,7.82726682895516,0.11569872498512268,0.0,0.0,-0.9932620525360107,0.128167524933815,0.0,0.0,-0.9917522072792053,-0.3729501223875854
538.5681566098784,-1135.218271643329,0.0,7.842178343029152,0.11528898030519485,0.0,0.0,-0.9933111071586609,0.12738536298274994,0.0,0.0,-0.9918529391288757,-0.023119490896715167
538.0257889398646,-1132.8561064646856,0.0,7.858199639086046,0.1149105653166771,0.0,0.0,-0.9933563470840454,0.1266281008720398,0.0,0.0,-0.9919499754905701,-0.37375927875409526
537.483472449186,-1130.4875293020395,0.0,7.875222434393131,0.11456327140331268,0.0,0.0,-0.9933978319168091,0.12589521706104279,0.0,0.0,-0.9920431971549988,-0.02397922803343655
536.9409927377658,-1128.1122646808074,0.0,7.893138446217732,0.1142469272017479,0.0,0.0,-0.9934356212615967,0.12518717348575592,0.0,0.0,-0.9921327233314514,-0.37466412783614583
536.3981411345962,-1125.7300691548717,0.0,7.911839391827127,0.11396141350269318,0.0,0.0,-0.9934696555137634,0.12450376898050308,0.0,0.0,-0.9922142028808594,-0.024923720235931257
535.8547144583448,-1123.3407313946775,0.0,7.931216988488624,0.11370623856782913,0.0,0.0,-0.9935001134872437,0.12384656071662903,0.0,0.0,-0.9922924637794495,-0.3756427943342013
535.3105148087775,-1120.9440722754941,0.0,7.9511629534695345,0.11348021775484085,0.0,0.0,-0.9935271143913269,0.12321492284536362,0.0,0.0,-0.992367684841156,-0.025931092204664108
534.7653493894381,-1118.5399449659017,0.0,7.971569004037151,0.11328274011611938,0.0,0.0,-0.9935507774353027,0.12261001765727997,0.0,0.0,-0.9924396276473999,-0.3766734029487273
534.2190303620713,-1116.1282350165277,0.0,7.9923268574587745,0.11311262100934982,0.0,0.0,-0.9935712218284607,0.12203240394592285,0.0,0.0,-0.9925083518028259,-0.026979468640099646
533.6713747333314,-1113.7088604490848,0.0,8.013328231001706,0.11296823620796204,0.0,0.0,-0.9935886263847351,0.12148185074329376,0.0,0.0,-0.9925737977027893,-0.3777340783801885
533.1222042743501,-1111.281771845708,0.0,8.034464841933266,0.11284784227609634,0.0,0.0,-0.9936032295227051,0.12095911800861359,0.0,0.0,-0.99263596534729,-0.028046974242703693
532.571345473766,-1108.8469524386176,0.0,8.055628407520725,0.11274957656860352,0.0,0.0,-0.9936152100563049,0.12046431750059128,0.0,0.0,-0.9926947951316833,-0.3788029453290501
532.0186295248446,-1106.4044182001135,0.0,8.076710645031405,0.11267106235027313,0.0,0.0,-0.9936248660087585,0.11999746412038803,0.0,0.0,-0.992750346660614,-0.029111733712940013
531.4638923473142,-1103.9542179328819,0.0,8.097603271732606,0.11260958015918732,0.0,0.0,-0.9936325550079346,0.11955886334180832,0.0,0.0,-0.9928025603294373,-0.37985812849577744
530.9069746445546,-1101.496433360614,0.0,8.118198004891621,0.11256223171949387,0.0,0.0,-0.9936385750770569,0.11914883553981781,0.0,0.0,-0.9928514361381531,-0.03015187175127415
530.3477219967585,-1099.0311792189111,0.0,8.138386561775755,0.11252571642398834,0.0,0.0,-0.9936432838439941,0.11876758933067322,0.0,0.0,-0.9928969740867615,-0.38087775258083467
529.7859849906688,-1096.5586033464438,0.0,8.158060659652316,0.11249637603759766,0.0,0.0,-0.9936471581459045,0.11841621994972229,0.0,0.0,-0.9929389357566833,-0.031145513058171148
529.2216193053965,-1094.07888642051,0.0,8.177113188822254,0.11247029900550842,0.0,0.0,-0.9936505556106567,0.11809372156858444,0.0,0.0,-0.9929775595664978,-0.38184000152881137
528.654482102019,-1091.5922253449073,0.0,8.19549207283602,0.11244285106658936,0.0,0.0,-0.9936541318893433,0.11779914051294327,0.0,0.0,-0.9930129647254944,-0.032073739523512834
528.084454424487,-1089.098815916239,0.0,8.21322271745715,0.11240959167480469,0.0,0.0,-0.9936583042144775,0.1175311878323555,0.0,0.0,-0.9930452108383179,-0.38273548863088863
527.51169273705,-1086.5989071424385,0.0,8.23033635665385,0.11236593127250671,0.0,0.0,-0.9936636090278625,0.11728502810001373,0.0,0.0,-0.993074893951416,-0.032938064735467454
526.9365154076715,-1084.0927759048634,0.0,8.246864224394313,0.11230771988630295,0.0,0.0,-0.9936705231666565,0.1170574501156807,0.0,0.0,-0.9931023716926575,-0.38357022942586144
526.3592444060755,-1081.5806916439678,0.0,8.262837554646744,0.11223137378692627,0.0,0.0,-0.993679404258728,0.11684434860944748,0.0,0.0,-0.9931281208992004,-0.033744798586600344
525.7802031441524,-1079.0629158358256,0.0,8.278287581379349,0.11213352531194687,0.0,0.0,-0.9936906099319458,0.11664258688688278,0.0,0.0,-0.9931525588035583,-0.384350533806296
525.1997162923492,-1076.539701910887,0.0,8.293245538560337,0.11201111227273941,0.0,0.0,-0.9937045574188232,0.11644959449768066,0.0,0.0,-0.9931759238243103,-0.03450025096947856
524.6181096105407,-1074.0112951780234,0.0,8.307742660157894,0.11186137050390244,0.0,0.0,-0.9937215447425842,0.1162620410323143,0.0,0.0,-0.993198573589325,-0.3850827116647585
524.0357097936666,-1071.477932753949,0.0,8.321810180140233,0.11168192327022552,0.0,0.0,-0.9937418103218079,0.11607736349105835,0.0,0.0,-0.9932208061218262,-0.03521073177666739
523.4528443323987,-1068.939843498135,0.0,8.335479332475556,0.11147001385688782,0.0,0.0,-0.9937655925750732,0.11589287221431732,0.0,0.0,-0.9932429790496826,-0.38577307289381524
522.8698413890945,-1066.3972479533206,0.0,8.348781351132061,0.11122386157512665,0.0,0.0,-0.9937931299209595,0.11570540815591812,0.0,0.0,-0.9932653903961182,-0.03588255090073328
522.2870296892686,-1063.8503582916894,0.0,8.361747470077955,0.11094150692224503,0.0,0.0,-0.9938244819641113,0.11551397293806076,0.0,0.0,-0.9932881593704224,-0.3864279273860321
521.7047384288132,-1061.299378266831,0.0,8.374408923281434,0.11062081158161163,0.0,0.0,-0.9938600063323975,0.1153142899274826,0.0,0.0,-0.9933118224143982,-0.03652201823424234
521.1232971971747,-1058.7445031715479,0.0,8.386796944710712,0.11026045680046082,0.0,0.0,-0.9938997030258179,0.11510507017374039,0.0,0.0,-0.9933364987373352,-0.3870535850339754
520.5430359166876,-1056.1859198015934,0.0,8.398942768333978,0.10985881090164185,0.0,0.0,-0.9939437508583069,0.11488372087478638,0.0,0.0,-0.9933624863624573,-0.03713544366976085
519.9642847982637,-1053.6238064254158,0.0,8.410877628119442,0.10941442102193832,0.0,0.0,-0.9939922094345093,0.11464941501617432,0.0,0.0,-0.9933898448944092,-0.38765635573021096
519.3873743136105,-1051.0583327599757,0.0,8.422632758035311,0.10892575979232788,0.0,0.0,-0.9940451383590698,0.11439920961856842,0.0,0.0,-0.9934188723564148,-0.0377291370998552
518.8126351841631,-1048.4896599527144,0.0,8.434239392049777,0.10839177668094635,0.0,0.0,-0.9941026568412781,0.11413133889436722,0.0,0.0,-0.9934498071670532,-0.38824254936730523
518.2403983868991,-1045.9179405697275,0.0,8.445728764131045,0.10781148821115494,0.0,0.0,-0.994164764881134,0.11384393274784088,0.0,0.0,-0.993482768535614,-0.03830940841709102
517.6709951771966,-1043.3433185902068,0.0,8.457132108247322,0.10718465596437454,0.0,0.0,-0.9942314028739929,0.11353514343500137,0.0,0.0,-0.9935179352760315,-0.3888184758378242
517.1047571289089,-1040.7659294072312,0.0,8.46848065836681,0.10651152580976486,0.0,0.0,-0.9943023920059204,0.11320296674966812,0.0,0.0,-0.9935556054115295,-0.03888256751403485
516.542016191806,-1038.1858998349385,0.0,8.479805648457706,0.10579320043325424,0.0,0.0,-0.994377613067627,0.11284635961055756,0.0,0.0,-0.9935957193374634,-0.3893904450343341
515.9831047665537,-1035.6033481221657,0.0,8.491138312488214,0.10503225773572922,0.0,0.0,-0.9944566488265991,0.11246372014284134,0.0,0.0,-0.9936385154724121,-0.039454924283252424
515.4283557973841,-1033.0183839725998,0.0,8.502509884426546,0.10423226654529572,0.0,0.0,-0.9945390820503235,0.1120532751083374,0.0,0.0,-0.9936841130256653,-0.3899647668494014
514.8781028826269,-1030.4311085715092,0.0,8.51395159824089,0.10339812189340591,0.0,0.0,-0.9946243166923523,0.1116141825914383,0.0,0.0,-0.9937325716018677,-0.040032788617310244
514.3326804032637,-1027.8416146191123,0.0,8.525494687899457,0.10253623127937317,0.0,0.0,-0.994711697101593,0.11114399135112762,0.0,0.0,-0.9937840700149536,-0.3905477511755916
513.7924236696831,-1025.249986370651,0.0,8.537170387370443,0.10165465623140335,0.0,0.0,-0.994800329208374,0.1106417253613472,0.0,0.0,-0.9938386678695679,-0.0406224704087742
513.257669086809,-1022.6562996832287,0.0,8.549009930622065,0.10076303035020828,0.0,0.0,-0.9948893785476685,0.11010643094778061,0.0,0.0,-0.9938964247703552,-0.3911457079054715
512.728754337793,-1020.0606220694887,0.0,8.561044551622508,0.09987276047468185,0.0,0.0,-0.994977593421936,0.10953596979379654,0.0,0.0,-0.9939574599266052,-0.04123027955021075
512.2060185864646,-1017.4630127581935,0.0,8.573305484339981,0.09899718314409256,0.0,0.0,-0.995063841342926,0.10892997682094574,0.0,0.0,-0.9940217733383179,-0.39176494693160646
511.6898026987391,-1014.8635227617845,0.0,8.58582396274269,0.09815170615911484,0.0,0.0,-0.9951467514038086,0.10828705132007599,0.0,0.0,-0.994094729423523,-0.041862525934185935
511.1804494832113,-1012.262194951001,0.0,8.598631220798833,0.09735377132892609,0.0,0.0,-0.99522465467453,0.10760551691055298,0.0,0.0,-0.9941710829734802,-0.3924117781465632
510.6783039511546,-1009.6590641366372,0.0,8.611758492476612,0.09662272036075592,0.0,0.0,-0.9952959418296814,0.10688446462154388,0.0,0.0,-0.9942509531974792,-0.042525519453265714
510.183713596176,-1007.0541571585316,0.0,8.625237011744233,0.09598004072904587,0.0,0.0,-0.9953587055206299,0.10612249374389648,0.0,0.0,-0.9943345785140991,-0.39309251144290763
509.69702869378716,-1004.4474929818673,0.0,8.6390980125699,0.09544917941093445,0.0,0.0,-0.9954109191894531,0.10531816631555557,0.0,0.0,-0.9944218397140503,-0.04322557000001659
509.2186026211718,-1001.8390828009102,0.0,8.653372728921807,0.09505623579025269,0.0,0.0,-0.9954501390457153,0.10447248816490173,0.0,0.0,-0.9945126175880432,-0.39381345671320594
508.74879180263986,-999.2289301502519,0.0,8.668092394768166,0.09482893347740173,0.0,0.0,-0.9954737424850464,0.10359485447406769,0.0,0.0,-0.9946059584617615,-0.04396898746700445
508.2873530431755,-996.617031023711,0.0,8.683288244077177,0.09479641914367676,0.0,0.0,-0.9954788088798523,0.10270810127258301,0.0,0.0,-0.994699239730835,-0.3945809238500247
507.832219066805,-994.0033872254942,0.0,8.698947470184697,0.0949852466583252,0.0,0.0,-0.9954624176025391,0.10183460265398026,0.0,0.0,-0.994790256023407,-0.04475985747243477
507.38096829737043,-991.3880609463539,0.0,8.714875476544671,0.0954195037484169,0.0,0.0,-0.9954216480255127,0.10099626332521439,0.0,0.0,-0.9948767423629761,-0.3953853686156799
506.93116536783236,-988.7711885194343,0.0,8.730830767652161,0.09612077474594116,0.0,0.0,-0.9953534603118896,0.10021443665027618,0.0,0.0,-0.9949566721916199,-0.04556568025564134
506.48036043804325,-986.1529799915879,0.0,8.746571847949896,0.0971084013581276,0.0,0.0,-0.9952547550201416,0.09950956702232361,0.0,0.0,-0.9950282573699951,-0.3961803726711211
506.0260895349731,-983.5337186391648,0.0,8.761857221880598,0.0984002947807312,0.0,0.0,-0.9951314330101013,0.0989014282822609,0.0,0.0,-0.9950857758522034,-0.046337668838
505.5658759282018,-980.9137604276939,0.0,8.776445393886991,0.10001075267791748,0.0,0.0,-0.9949738383293152,0.09840895235538483,0.0,0.0,-0.9951328039169312,-0.3969171490350803
505.09723255280005,-978.2935334150263,0.0,8.790094868411812,0.10195212066173553,0.0,0.0,-0.994779109954834,0.098049595952034,0.0,0.0,-0.9951676726341248,-0.0470270362382435
504.61766549040976,-975.6735370976086,0.0,8.802564149897774,0.10423485934734344,0.0,0.0,-0.994544506072998,0.09784101694822311,0.0,0.0,-0.9951884746551514,-0.39754691072629056
504.1246785174435,-973.0543416997949,0.0,8.813611742787609,0.10686658322811127,0.0,0.0,-0.9942667484283447,0.09779896587133408,0.0,0.0,-0.9951932430267334,-0.047584995475103864
503.61577872679163,-970.436587406301,0.0,8.822996151524048,0.10985250771045685,0.0,0.0,-0.9939424991607666,0.09793961048126221,0.0,0.0,-0.9951798319816589,-0.3980208707634844
503.0884832263021,-967.8209835381599,0.0,8.830475880549814,0.11319523304700851,0.0,0.0,-0.9935684204101562,0.09827670454978943,0.0,0.0,-0.9951460957527161,-0.04796275956731422
502.54032691355184,-965.2083076728184,0.0,8.835809434307635,0.11689465492963791,0.0,0.0,-0.9931407570838928,0.09882430732250214,0.0,0.0,-0.9950896501541138,-0.39829024216539455
501.9688713220633,-962.5994047093552,0.0,8.838755317240233,0.12094803899526596,0.0,0.0,-0.9926559329032898,0.0995955765247345,0.0,0.0,-0.9950141310691833,-0.04811154153360708
501.3717145291558,-959.9951858801028,0.0,8.83907203379034,0.1253502368927002,0.0,0.0,-0.9921102523803711,0.10060210525989532,0.0,0.0,-0.9949142932891846,-0.3983062379507535
500.74650211004075,-957.3966277103851,0.0,8.836518088400679,0.13009360432624817,0.0,0.0,-0.9914997816085815,0.1018548458814621,0.0,0.0,-0.9947880506515503,-0.04798255439271509
500.09093911659807,-954.8047709284551,0.0,8.830851985513979,0.13516803085803986,0.0,0.0,-0.9908210635185242,0.10336343199014664,0.0,0.0,-0.9946335554122925,-0.3980200711382939
499.40280305250866,-952.2207193281693,0.0,8.821832229572964,0.14056089520454407,0.0,0.0,-0.9900707006454468,0.1051366999745369,0.0,0.0,-0.9944486021995544,-0.04752701116337088
498.67995624176183,-949.645633150261,0.0,8.80923594463041,0.14625786244869232,0.0,0.0,-0.9892454743385315,0.10718217492103577,0.0,0.0,-0.9942310452461243,-0.3973838951310943
497.92033542930824,-947.0806462797364,0.0,8.793120419493208,0.15224242210388184,0.0,0.0,-0.98834228515625,0.10950630903244019,0.0,0.0,-0.9939785599708557,-0.04671309575240107
497.1219401383125,-944.5268029937023,0.0,8.773759415117024,0.1584964394569397,0.0,0.0,-0.987358808517456,0.11211424320936203,0.0,0.0,-0.9936885833740234,-0.3964060666272466
496.2828348499995,-941.9850567470214,0.0,8.751432307323359,0.16500037908554077,0.0,0.0,-0.9862928986549377,0.11500951647758484,0.0,0.0,-0.9933582544326782,-0.04558546404565028
495.4011502887128,-939.4562706735032,0.0,8.726418471933753,0.17173349857330322,0.0,0.0,-0.9851428866386414,0.11819452047348022,0.0,0.0,-0.9929848909378052,-0.39514274160756957
494.47508340091895,-936.9412181542012,0.0,8.698997284769703,0.17867442965507507,0.0,0.0,-0.9839078187942505,0.12167084962129593,0.0,0.0,-0.9925655126571655,-0.044200555603021496
493.50289604974574,-934.4405834505386,0.0,8.669448121652723,0.18580102920532227,0.0,0.0,-0.9825870394706726,0.1254356950521469,0.0,0.0,-0.9920972585678101,-0.39365035963196443
492.4829195637965,-931.9549665499659,0.0,8.638050358404318,0.19309116899967194,0.0,0.0,-0.9811804890632629,0.12947815656661987,0.0,0.0,-0.9915782809257507,-0.04261480998441519
491.4145236643876,-929.4854515172015,0.0,8.605083370846023,0.20052380859851837,0.0,0.0,-0.9796885848045349,0.13377851247787476,0.0,0.0,-0.9910076260566711,-0.3919853602603334
490.29907063041014,-927.034166985423,0.0,8.570826534799341,0.20808078348636627,0.0,0.0,-0.9781115651130676,0.13831812143325806,0.0,0.0,-0.9903846383094788,-0.04088466674973429
489.1381323241336,-924.6032502159695,0.0,8.535559226085773,0.21574737131595612,0.0,0.0,-0.976449191570282,0.1430792361497879,0.0,0.0,-0.9897083044052124,-0.3902041830525775
487.9332426951798,-922.1947099631021,0.0,8.499550104181171,0.22351127862930298,0.0,0.0,-0.9747012257575989,0.14804738759994507,0.0,0.0,-0.9889776706695557,-0.03906602422929989
486.68590103914875,-919.8104490438636,0.0,8.462989693086026,0.2313629388809204,0.0,0.0,-0.9728673696517944,0.15320780873298645,0.0,0.0,-0.9881916642189026,-0.38835769764373174
485.39757152934516,-917.4522747675078,0.0,8.426033908695775,0.23929458856582642,0.0,0.0,-0.9709468483924866,0.1585477590560913,0.0,0.0,-0.9873492121696472,-0.0371995704722165
484.06967865752233,-915.1219000247444,0.0,8.388838512306581,0.24730053544044495,0.0,0.0,-0.9689385890960693,0.16405603289604187,0.0,0.0,-0.9864490032196045,-0.38647914227054014
482.7036029340082,-912.8209448495232,0.0,8.351559265214663,0.2553766965866089,0.0,0.0,-0.9668413996696472,0.1697225123643875,0.0,0.0,-0.985490083694458,-0.03531678021504886
481.3006768619738,-910.5509384813005,0.0,8.31435192871618,0.26352062821388245,0.0,0.0,-0.964653491973877,0.17553773522377014,0.0,0.0,-0.9844710826873779,-0.3845999838615259
479.8621811794724,-908.3133219117669,0.0,8.277372264107301,0.27173134684562683,0.0,0.0,-0.9623728394508362,0.18149414658546448,0.0,0.0,-0.9833906292915344,-0.03344912038631759
478.389341362397,-906.1094509003752,0.0,8.240776032684233,0.280009001493454,0.0,0.0,-0.9599970579147339,0.18758445978164673,0.0,0.0,-0.9822472929954529,-0.3827516893452093
476.88332438110206,-903.9405994435741,0.0,8.204718995743148,0.28835466504096985,0.0,0.0,-0.9575234651565552,0.19380292296409607,0.0,0.0,-0.98103928565979,-0.03162805791454559
475.3452357031268,-901.8079636834079,0.0,8.169356914580224,0.2967703640460968,0.0,0.0,-0.9549486041069031,0.20014381408691406,0.0,0.0,-0.9797653555870056,-0.38096572565011216
473.7761165342112,-899.7126662420885,0.0,8.134845550491628,0.30525892972946167,0.0,0.0,-0.9522691965103149,0.20660313963890076,0.0,0.0,-0.9784237146377563,-0.02988505972825284
472.17694128964763,-897.6557609702636,0.0,8.101340664773568,0.31382378935813904,0.0,0.0,-0.9494810700416565,0.21317729353904724,0.0,0.0,-0.977012574672699,-0.3792735597047556
470.54861528791474,-895.6382380980343,0.0,8.068998018722214,0.3224691152572632,0.0,0.0,-0.9465799331665039,0.21986304223537445,0.0,0.0,-0.9755299091339111,-0.028251592755962174
468.8919726585425,-893.6610297792424,0.0,8.037973373633733,0.3311994969844818,0.0,0.0,-0.943560779094696,0.22665788233280182,0.0,0.0,-0.9739737510681152,-0.3777066584376607
467.20777445620945,-891.7250160212138,0.0,8.008422490804328,0.3400198519229889,0.0,0.0,-0.9404182434082031,0.233560711145401,0.0,0.0,-0.9723415970802307,-0.026759123926194228
465.49670697321795,-889.8310309939877,0.0,7.980501131530172,0.34893563389778137,0.0,0.0,-0.9371466636657715,0.24056965112686157,0.0,0.0,-0.9706312417984009,-0.3762964887773498
463.7593802426903,-887.9798697150362,0.0,7.954365057107445,0.3579520583152771,0.0,0.0,-0.933739960193634,0.24768489599227905,0.0,0.0,-0.9688400030136108,-0.02543912016747063
461.9963267251121,-886.1722951076754,0.0,7.930170028832315,0.36707401275634766,0.0,0.0,-0.9301917552947998,0.2549072206020355,0.0,0.0,-0.9669649004936218,-0.37507451765234323
460.20800017118955,-884.4090454336808,0.0,7.908071808000987,0.37630531191825867,0.0,0.0,-0.9264957308769226,0.2622363567352295,0.0,0.0,-0.9650031328201294,-0.02432304840831262
458.3947746543951,-882.6908421031178,0.0,7.88822615590963,0.38564884662628174,0.0,0.0,-0.9226456880569458,0.26967382431030273,0.0,0.0,-0.9629513025283813,-0.3740722119911636
456.55694376709,-881.0183978670983,0.0,7.870788833854418,0.39510655403137207,0.0,0.0,-0.918635368347168,0.27722159028053284,0.0,0.0,-0.9608055353164673,-0.023442375577241326
454.6947264277685,-879.3924309190865,0.0,7.855888579011302,0.4046776592731476,0.0,0.0,-0.9144594073295593,0.28488150238990784,0.0,0.0,-0.9585623145103455,-0.3733196738677739
452.80831293647157,-877.8137108446484,0.0,7.843463853404724,0.4143597483634949,0.0,0.0,-0.9101132154464722,0.2926557958126068,0.0,0.0,-0.9562174081802368,-0.022814864182969685
450.89788829487253,-876.2830772107765,0.0,7.83337139954666,0.42414769530296326,0.0,0.0,-0.9055930972099304,0.30054694414138794,0.0,0.0,-0.9537666440010071,-0.37280995397595257
448.96363674232094,-874.8014398053016,0.0,7.825467644948889,0.43403396010398865,0.0,0.0,-0.9008965492248535,0.3085581660270691,0.0,0.0,-0.9512051343917847,-0.02241568465782967
447.00574600039425,-873.3697784168601,0.0,7.81960901712321,0.4440082609653473,0.0,0.0,-0.8960226774215698,0.3166939616203308,0.0,0.0,-0.9485273957252502,-0.3725140636817264
445.02441130849195,-871.9891422264241,0.0,7.81565194358141,0.45405635237693787,0.0,0.0,-0.8909728527069092,0.3249569535255432,0.0,0.0,-0.9457284808158875,-0.022215832458748863
443.01983925880984,-870.6606488120419,0.0,7.8134528518352715,0.46416175365448,0.0,0.0,-0.8857502937316895,0.3333512544631958,0.0,0.0,-0.9428024291992188,-0.3724029984420224
440.9922514379434,-869.3854827670725,0.0,7.8128681693966,0.474303662776947,0.0,0.0,-0.8803611397743225,0.34188026189804077,0.0,0.0,-0.939743161201477,-0.022186303042654343
438.94188788128935,-868.164893930966,0.0,7.813754323777173,0.48445868492126465,0.0,0.0,-0.8748139142990112,0.35054811835289,0.0,0.0,-0.9365444779396057,-0.37244775371376854
436.8690103454786,-867.0001952306259,0.0,7.815967742488785,0.49459975957870483,0.0,0.0,-0.8691206574440002,0.3593588173389435,0.0,0.0,-0.9331992864608765,-0.02229809186647308
434.77390540312246,-865.8927601294616,0.0,7.819364853043231,0.5046964287757874,0.0,0.0,-0.8632966876029968,0.3683164119720459,0.0,0.0,-0.9297003746032715,-0.3726193249538921
432.65688736336,-864.844019680567,0.0,7.823802082952295,0.5147155523300171,0.0,0.0,-0.85736083984375,0.37742331624031067,0.0,0.0,-0.9260407090187073,-0.022522194387132877
430.518301020874,-863.8554591798546,0.0,7.829135859727768,0.5246202349662781,0.0,0.0,-0.8513361811637878,0.38668006658554077,0.0,0.0,-0.9222137928009033,-0.37288870761932
428.35852423538074,-862.9286083574034,0.0,7.835222610881441,0.5343720316886902,0.0,0.0,-0.8452492356300354,0.39607131481170654,0.0,0.0,-0.9182196259498596,-0.022829606061560814
426.17797034292016,-862.0638904172532,0.0,7.841918763925103,0.5439316630363464,0.0,0.0,-0.8391293883323669,0.40556514263153076,0.0,0.0,-0.9140660166740417,-0.3732268971669797
423.9770903997234,-861.259250887969,0.0,7.8490807463705465,0.553264319896698,0.0,0.0,-0.8330056071281433,0.4151281416416168,0.0,0.0,-0.9097628593444824,-0.02319132234668425
421.7563752589083,-860.512320069631,0.0,7.856564985729562,0.5623391270637512,0.0,0.0,-0.8269065618515015,0.42472875118255615,0.0,0.0,-0.9053205251693726,-0.37360488905379863
419.51635747981885,-859.8207358077891,0.0,7.864227909513941,0.5711299180984497,0.0,0.0,-0.8208594918251038,0.43433690071105957,0.0,0.0,-0.9007503986358643,-0.023578338699430712
417.2576091697639,-859.1821366157346,0.0,7.871939487631278,0.5796139240264893,0.0,0.0,-0.8148910403251648,0.44392159581184387,0.0,0.0,-0.8960654735565186,-0.3739943626960883
414.9807165865088,-858.5941503370104,0.0,7.879662246078628,0.5877726078033447,0.0,0.0,-0.8090260624885559,0.4534541070461273,0.0,0.0,-0.8912794589996338,-0.023968377004852492
412.68626924504946,-858.0543902927503,0.0,7.887397420944211,0.595590353012085,0.0,0.0,-0.8032883405685425,0.462907999753952,0.0,0.0,-0.8864061236381531,-0.37438502809333996
410.37485988611206,-857.5604552374066,0.0,7.895146378766574,0.6030551791191101,0.0,0.0,-0.7976995706558228,0.47225967049598694,0.0,0.0,-0.8814592957496643,-0.024359738511032458
408.0470844833576,-857.1099293196514,0.0,7.902910486084273,0.6101588606834412,0.0,0.0,-0.7922791242599487,0.4814838469028473,0.0,0.0,-0.8764547109603882,-0.37477715472554696
405.7035422522979,-856.7003820364795,0.0,7.910691109435865,0.6168970465660095,0.0,0.0,-0.7870438098907471,0.4905593693256378,0.0,0.0,-0.8714075684547424,-0.024752699286365365
403.3448356609305,-856.3293681804665,0.0,7.9184896153599045,0.623268723487854,0.0,0.0,-0.7820076942443848,0.4994659125804901,0.0,0.0,-0.8663333058357239,-0.3751710186611045
400.97157044210456,-855.994427780131,0.0,7.926307370394939,0.6292766332626343,0.0,0.0,-0.7771814465522766,0.5081853866577148,0.0,0.0,-0.8612475991249084,-0.025147535399245968
398.584355607627,-855.6930860333633,0.0,7.934145741079532,0.6349262595176697,0.0,0.0,-0.7725726366043091,0.5167003273963928,0.0,0.0,-0.8561661839485168,-0.37556689596840714
396.1838034641291,-855.422853233863,0.0,7.9420060939522354,0.6402275562286377,0.0,0.0,-0.7681851983070374,0.5249967575073242,0.0,0.0,-0.8511041402816772,-0.025544522918069412
393.7705296306952,-855.181224690547,0.0,7.949889795551599,0.6451932787895203,0.0,0.0,-0.7640193104743958,0.533060610294342,0.0,0.0,-0.8460769057273865,-0.3759650627158497
391.345153058267,-854.965680639872,0.0,7.957798212416179,0.6498392224311829,0.0,0.0,-0.7600715756416321,0.5408788323402405,0.0,0.0,-0.8411003351211548,-0.025943937911230064
388.90829605084895,-854.773686151033,0.0,7.965732711084536,0.654184877872467,0.0,0.0,-0.7563344836235046,0.5484408140182495,0.0,0.0,-0.8361891508102417,-0.37636579497182726
386.460584288506,-854.602691023978,0.0,7.973694658095219,0.658252477645874,0.0,0.0,-0.75279700756073,0.5557374954223633,0.0,0.0,-0.8313577175140381,-0.02634605644712318
384.0026468521836,-854.4501296801991,0.0,7.98168541998678,0.6620676517486572,0.0,0.0,-0.7494438886642456,0.562759280204773,0.0,0.0,-0.8266206979751587,-0.3767693688047344
381.5351162503512,-854.3134210462433,0.0,7.989706363297776,0.6656588315963745,0.0,0.0,-0.7462559342384338,0.5694988965988159,0.0,0.0,-0.8219919204711914,-0.02675115459414318
379.05862844748634,-854.1899684298991,0.0,7.997758854566767,0.6690582036972046,0.0,0.0,-0.7432097792625427,0.5759495496749878,0.0,0.0,-0.817484974861145,-0.37717606028296624
376.5738228944169,-854.0771593890017,0.0,8.0058442603323,0.6723007559776306,0.0,0.0,-0.740277886390686,0.5821049213409424,0.0,0.0,-0.8131133317947388,-0.027159508420685263
374.08134256052404,-853.9723655928119,0.0,8.013963947132929,0.6754249334335327,0.0,0.0,-0.737428605556488,0.5879610180854797,0.0,0.0,-0.8088889122009277,-0.3775861454749172
371.58183396782465,-853.8729426759105,0.0,8.02211928150721,0.6784722805023193,0.0,0.0,-0.7346258163452148,0.593513011932373,0.0,0.0,-0.8048240542411804,-0.02757139399514391
369.0759472269514,-853.7762300845606,0.0,8.030311629993703,0.6814878582954407,0.0,0.0,-0.7318293452262878,0.5987669229507446,0.0,0.0,-0.8009229898452759,-0.37799990044898246
366.5643360750281,-853.6797996746233,0.0,8.038542359130956,0.6845192909240723,0.0,0.0,-0.728994607925415,0.6037542223930359,0.0,0.0,-0.7971701622009277,-0.027987087385914267
364.04765791547726,-853.5845343637777,0.0,8.046812835457525,0.6876113414764404,0.0,0.0,-0.7260788083076477,0.6085147261619568,0.0,0.0,-0.793542206287384,-0.37841760127355667
361.52657385974845,-853.4936954684198,0.0,8.055124425511966,0.6908037662506104,0.0,0.0,-0.7230421900749207,0.6130871176719666,0.0,0.0,-0.7900148630142212,-0.028406864661391085
359.0017487709998,-853.4106155954616,0.0,8.063478495832832,0.6941299438476562,0.0,0.0,-0.7198495864868164,0.6175079345703125,0.0,0.0,-0.7865641713142395,-0.3788395240170348
356.47385137311755,-853.3386481758725,0.0,8.071876210592436,0.6976182460784912,0.0,0.0,-0.7164695262908936,0.621811032295227,0.0,0.0,-0.7831668853759766,-0.028830991669451855
353.943555118009,-853.2811677217237,0.0,8.080316115771447,0.7012910842895508,0.0,0.0,-0.712874710559845,0.6260284781455994,0.0,0.0,-0.7797998189926147,-0.3792657818543586
351.41153880377027,-853.2415700506496,0.0,8.088794932831293,0.7051661014556885,0.0,0.0,-0.7090417146682739,0.630190372467041,0.0,0.0,-0.7764402627944946,-0.029259214753282414
348.87848662964194,-853.2232724698082,0.0,8.09730934612105,0.7092553377151489,0.0,0.0,-0.704951286315918,0.6343249678611755,0.0,0.0,-0.7730661630630493,-0.37969580272757864
346.3450882352955,-853.2297139397435,0.0,8.105856039989794,0.7135658264160156,0.0,0.0,-0.700587809085846,0.6384586691856384,0.0,0.0,-0.7696557641029358,-0.02969086595877457
343.81203873606205,-853.2643552184087,0.0,8.1144316987866,0.7180993556976318,0.0,0.0,-0.6959401369094849,0.6426177024841309,0.0,0.0,-0.7661867141723633,-0.3801289168082254
341.2800387540524,-853.3306789851998,0.0,8.123033006860547,0.722853422164917,0.0,0.0,-0.6910009384155273,0.6468260288238525,0.0,0.0,-0.7626372575759888,-0.0301252754574588
338.7497944451492,-853.4321899448535,0.0,8.131656648560712,0.7278199195861816,0.0,0.0,-0.6857677698135376,0.6511051654815674,0.0,0.0,-0.7589871287345886,-0.3805644542678297
336.22201752183673,-853.5724149110496,0.0,8.140299308236168,0.7329869270324707,0.0,0.0,-0.6802424192428589,0.6554765701293945,0.0,0.0,-0.7552151679992676,-0.03056177342086558
333.697425271837,-853.7549028695771,0.0,8.148957670236003,0.7383378148078918,0.0,0.0,-0.6744308471679688,0.6599593758583069,0.0,0.0,-0.7513009905815125,-0.3810017452779224
331.1767405725194,-853.9832250208971,0.0,8.157628418909281,0.7438522577285767,0.0,0.0,-0.6683439612388611,0.66457200050354,0.0,0.0,-0.7472239136695862,-0.03099969002052616
328.6606919010536,-854.2609748019574,0.0,8.166308238605081,0.7495062351226807,0.0,0.0,-0.6619971990585327,0.6693307757377625,0.0,0.0,-0.7429642677307129,-0.3814401200100335
326.150013340277,-854.5917678871009,0.0,8.174993813672486,0.755272626876831,0.0,0.0,-0.655410647392273,0.6742502450942993,0.0,0.0,-0.7385027408599854,-0.031438355427970854
323.645444580235,-854.9792421679065,0.0,8.18368182846057,0.7611217498779297,0.0,0.0,-0.6486088037490845,0.679341733455658,0.0,0.0,-0.7338220477104187,-0.38187890863569424
321.1477309153736,-855.4270576423044,0.0,8.192368967318405,0.7670214176177979,0.0,0.0,-0.6416212320327759,0.6846007704734802,0.0,0.0,-0.728918194770813,-0.03187709981473025
318.65762323734145,-855.9379086679954,0.0,8.201051914595073,0.7729392051696777,0.0,0.0,-0.6344798803329468,0.6900054216384888,0.0,0.0,-0.7238040566444397,-0.382317441326435
316.1758780233751,-856.5110269670143,0.0,8.209727354639654,0.7788457274436951,0.0,0.0,-0.6272152066230774,0.6955324411392212,0.0,0.0,-0.7184944152832031,-0.03231525335233537
313.70325732023963,-857.1448725783429,0.0,8.218391971801214,0.7847161889076233,0.0,0.0,-0.6198548078536987,0.7011579275131226,0.0,0.0,-0.7130057215690613,-0.3827550482537866
311.24052872367827,-857.8378941537956,0.0,8.227042450428836,0.7905295491218567,0.0,0.0,-0.6124235391616821,0.7068608403205872,0.0,0.0,-0.707352340221405,-0.0327521462123162
308.7884653533505,-858.5885288383311,0.0,8.235675474871606,0.7962680459022522,0.0,0.0,-0.6049436330795288,0.7126217484474182,0.0,0.0,-0.701548159122467,-0.38319105958928007
306.3478458232272,-859.3952021607016,0.0,8.244287729478584,0.8019171357154846,0.0,0.0,-0.597434937953949,0.7184219360351562,0.0,0.0,-0.6956072449684143,-0.03318710856620394
303.9194542074,-860.2563279345227,0.0,8.252875898598854,0.8074650764465332,0.0,0.0,-0.5899150967597961,0.724245011806488,0.0,0.0,-0.6895424127578735,-0.3836248055044452
301.50408000128624,-861.1703081698331,0.0,8.261436666581496,0.8129027485847473,0.0,0.0,-0.5823992490768433,0.7300751209259033,0.0,0.0,-0.6833667159080505,-0.033619470585529276
299.1025180781922,-862.1355329952319,0.0,8.269966717775587,0.8182228803634644,0.0,0.0,-0.5749009251594543,0.7358976006507874,0.0,0.0,-0.6770926117897034,-0.38405561617081346
296.71556864119543,-863.1503805906698,0.0,8.278462736530196,0.8234206438064575,0.0,0.0,-0.5674312114715576,0.7417003512382507,0.0,0.0,-0.6707311272621155,-0.034048562441822694
294.3440371703333,-864.2132171309698,0.0,8.286921407194402,0.8284927010536194,0.0,0.0,-0.5599997043609619,0.7474717497825623,0.0,0.0,-0.6642932295799255,-0.3844828217599148
291.9887343650512,-865.3223967401598,0.0,8.295339414117292,0.8334368467330933,0.0,0.0,-0.5526144504547119,0.7532006502151489,0.0,0.0,-0.65779048204422,-0.034473714306615055
289.6504760818881,-866.4762614566928,0.0,8.30371344164793,0.8382528424263,0.0,0.0,-0.5452814102172852,0.7588781714439392,0.0,0.0,-0.6512321829795837,-0.38490575244328046
287.3300832673686,-867.673141209632,0.0,8.3120401741354,0.842941164970398,0.0,0.0,-0.5380053520202637,0.7644956707954407,0.0,0.0,-0.6446284055709839,-0.034894256351436725
285.0283818860685,-868.9113538058789,0.0,8.320316295928777,0.8475034832954407,0.0,0.0,-0.5307893753051758,0.7700459957122803,0.0,0.0,-0.6379879117012024,-0.3853237383924409
282.7462028438329,-870.1892049285178,0.0,8.32853849137714,0.8519419431686401,0.0,0.0,-0.5236358642578125,0.7755231857299805,0.0,0.0,-0.6313186883926392,-0.03530951874781868
280.48438190611125,-871.504988146355,0.0,8.33670344482956,0.8562594056129456,0.0,0.0,-0.5165457129478455,0.780921459197998,0.0,0.0,-0.6246289014816284,-0.38573610977892675
278.24375961138304,-872.8569849347248,0.0,8.344807840635116,0.8604590892791748,0.0,0.0,-0.5095190405845642,0.7862358689308167,0.0,0.0,-0.6179262399673462,-0.03571883166729123
276.025181179653,-874.2434647076353,0.0,8.352848363142888,0.8645450472831726,0.0,0.0,-0.5025548934936523,0.791462779045105,0.0,0.0,-0.6112171411514282,-0.38614219677426875
273.82949641598395,-875.6626848613271,0.0,8.360821696701953,0.8685210943222046,0.0,0.0,-0.49565184116363525,0.7965990900993347,0.0,0.0,-0.6045076847076416,-0.0361215252813854
271.6575596090394,-877.1128908293174,0.0,8.368724525661385,0.8723913431167603,0.0,0.0,-0.488807737827301,0.8016417622566223,0.0,0.0,-0.5978043675422668,-0.38654132954999765
269.5102294246202,-878.5923161489949,0.0,8.37655353437026,0.8761599659919739,0.0,0.0,-0.4820200800895691,0.8065903186798096,0.0,0.0,-0.5911104679107666,-0.03651692976163162
267.3882499148173,-880.0993661731292,0.0,8.38430540717766,0.8798313736915588,0.0,0.0,-0.47528576850891113,0.8114462494850159,0.0,0.0,-0.5844267010688782,-0.3869328382776441
265.29172107955964,-881.6334358049445,0.0,8.391976828432652,0.8834091424942017,0.0,0.0,-0.46860218048095703,0.816211462020874,0.0,0.0,-0.5777530074119568,-0.03690437527956053
263.22052335668513,-883.1942537007188,0.0,8.399564482658516,0.8868967294692993,0.0,0.0,-0.4619673192501068,0.8208873271942139,0.0,0.0,-0.5710898637771606,-0.3873160531375362
261.17453537372313,-884.781545635299,0.0,8.407066093496175,0.8902971148490906,0.0,0.0,-0.4553796648979187,0.8254756927490234,0.0,0.0,-0.5644373297691345,-0.03728324451378573
259.15363326838036,-886.3950349021034,0.0,8.414482875819326,0.8936127424240112,0.0,0.0,-0.44883817434310913,0.829977810382843,0.0,0.0,-0.5577962398529053,-0.38769063810335197
257.1576905524541,-888.0344425016627,0.0,8.421816776913829,0.8968462944030762,0.0,0.0,-0.44234171509742737,0.8343950510025024,0.0,0.0,-0.5511667132377625,-0.03765364355896261
255.18657815938025,-889.6994871965318,0.0,8.429069744065554,0.8999996781349182,0.0,0.0,-0.4358900487422943,0.838728666305542,0.0,0.0,-0.5445494055747986,-0.3880569495756613
253.2401644912471,-891.3898855653132,0.0,8.436243724560368,0.9030748605728149,0.0,0.0,-0.4294828772544861,0.842979371547699,0.0,0.0,-0.5379458665847778,-0.038015965806175445
251.31831546525746,-893.1053520557984,0.0,8.443340665684142,0.9060733914375305,0.0,0.0,-0.42312026023864746,0.8471481204032898,0.0,0.0,-0.5313567519187927,-0.38841538094554884
249.42089455963674,-894.8455990372089,0.0,8.450362514722737,0.9089969396591187,0.0,0.0,-0.41680240631103516,0.8512360453605652,0.0,0.0,-0.5247828960418701,-0.0383706046465086
247.54776285898333,-896.610336851523,0.0,8.457311218962026,0.9118470549583435,0.0,0.0,-0.410529762506485,0.8552438020706177,0.0,0.0,-0.5182257890701294,-0.38876632560409874
245.69877909904253,-898.3992738638898,0.0,8.464188725687878,0.9146250486373901,0.0,0.0,-0.40430304408073425,0.8591723442077637,0.0,0.0,-0.5116860866546631,-0.03871795347104656
243.87379971091008,-900.2121165121084,0.0,8.470996982186149,0.9173320531845093,0.0,0.0,-0.3981228768825531,0.8630228042602539,0.0,0.0,-0.5051648616790771,-0.38911017694239525
242.07267886464615,-902.0485693551723,0.0,8.477737935742717,0.919969379901886,0.0,0.0,-0.39199018478393555,0.8667954206466675,0.0,0.0,-0.49866384267807007,-0.03905840567087321
240.29526851230202,-903.9083351208616,0.0,8.48441353364345,0.922538161277771,0.0,0.0,-0.38590583205223083,0.8704910278320312,0.0,0.0,-0.49218401312828064,-0.3894473283515232
238.54141843035114,-905.7911147523778,0.0,8.491025723174209,0.9250394105911255,0.0,0.0,-0.3798710107803345,0.8741103410720825,0.0,0.0,-0.48572710156440735,-0.03939235463707319
236.81097626150918,-907.6966074540176,0.0,8.497576451620864,0.9274743795394897,0.0,0.0,-0.3738865256309509,0.877653956413269,0.0,0.0,-0.47929441928863525,-0.38977817322256636
235.10378755595065,-909.6245107358642,0.0,8.50406766626928,0.9298442006111145,0.0,0.0,-0.36795347929000854,0.8811227083206177,0.0,0.0,-0.472887247800827,-0.039720193760730604
233.4196958119049,-911.5745204574976,0.0,8.510501314405335,0.9321498870849609,0.0,0.0,-0.36207276582717896,0.8845171332359314,0.0,0.0,-0.46650728583335876,-0.39010310494660955
231.75854251562873,-913.5463308707153,0.0,8.516879343314883,0.9343924522399902,0.0,0.0,-0.3562455475330353,0.8878381848335266,0.0,0.0,-0.46015533804893494,-0.04004231643292999
230.1201671807518,-915.5396346612466,0.0,8.5232037002838,0.9365728497505188,0.0,0.0,-0.35047298669815063,0.8910860419273376,0.0,0.0,-0.4538339674472809,-0.3904225169147367
228.50440738698728,-917.5541229894621,0.0,8.529476332597948,0.9386922121047974,0.0,0.0,-0.3447563350200653,0.89426189661026,0.0,0.0,-0.447543740272522,-0.04035911604475567
226.91109881819762,-919.589485530067,0.0,8.535699187543198,0.9407516121864319,0.0,0.0,-0.3390964865684509,0.8973662257194519,0.0,0.0,-0.4412863254547119,-0.39073680251803206
225.34007529981895,-921.6454105107653,0.0,8.541874212405414,0.9427520632743835,0.0,0.0,-0.33349427580833435,0.9003995060920715,0.0,0.0,-0.4350636899471283,-0.04067098598729191
223.79116883562986,-923.7215847498985,0.0,8.548003354470467,0.9446946978569031,0.0,0.0,-0.3279508650302887,0.9033626914024353,0.0,0.0,-0.428877055644989,-0.3910463551475801
222.2642096438645,-925.8176936930402,0.0,8.554088561024226,0.9465805888175964,0.0,0.0,-0.3224671483039856,0.9062565565109253,0.0,0.0,-0.42272770404815674,-0.040978319651623185
220.75902619266228,-927.9334214485447,0.0,8.560131779352552,0.9484108090400696,0.0,0.0,-0.3170439600944519,0.909081757068634,0.0,0.0,-0.41661712527275085,-0.3913515681944653
219.275445234851,-930.0684508220396,0.0,8.566134956741317,0.9501864314079285,0.0,0.0,-0.3116820752620697,0.9118390679359436,0.0,0.0,-0.4105469882488251,-0.041281510428833545
217.8132918420525,-932.2224633498656,0.0,8.572100040476387,0.9519084095954895,0.0,0.0,-0.3063824772834778,0.9145294427871704,0.0,0.0,-0.4045184254646301,-0.39165283504977183
216.3723894381175,-934.3951393314356,0.0,8.578028977843632,0.953577995300293,0.0,0.0,-0.30114588141441345,0.9171536564826965,0.0,0.0,-0.3985329568386078,-0.04158095171000753
214.9525598318701,-936.5861578605319,0.0,8.583923716128915,0.9551962018013,0.0,0.0,-0.295973002910614,0.919712483882904,0.0,0.0,-0.3925919234752655,-0.3919505491045841
213.55362324917064,-938.7951968555096,0.0,8.589786202618102,0.9567641615867615,0.0,0.0,-0.29086440801620483,0.922206699848175,0.0,0.0,-0.38669660687446594,-0.041877036886229124
212.1753983642819,-941.0219330884229,0.0,8.59561838459707,0.958283007144928,0.0,0.0,-0.28582054376602173,0.9246373176574707,0.0,0.0,-0.3808480203151703,-0.39224510374998656
210.81770233054075,-943.2660422130507,0.0,8.601422209351677,0.9597538113594055,0.0,0.0,-0.28084203600883484,0.9270050525665283,0.0,0.0,-0.37504813075065613,-0.042170159348582925
209.4803508103272,-945.5271987918222,0.0,8.607199624167796,0.9611777067184448,0.0,0.0,-0.27592945098876953,0.9293110966682434,0.0,0.0,-0.36929720640182495,-0.39253689237706335
208.16315800432923,-947.8050763216369,0.0,8.61295257633129,0.9625556468963623,0.0,0.0,-0.27108338475227356,0.9315563440322876,0.0,0.0,-0.3635963797569275,-0.04246071248815331
206.86593668009507,-950.099347258568,0.0,8.618683013128031,0.9638887643814087,0.0,0.0,-0.26630452275276184,0.9337417483329773,0.0,0.0,-0.35794690251350403,-0.3928263083768987
205.5884981998718,-952.4096830414534,0.0,8.624392881843882,0.9651779532432556,0.0,0.0,-0.26159343123435974,0.9358682632446289,0.0,0.0,-0.3523498773574829,-0.04274908969602459
204.3306525477261,-954.7357541143534,0.0,8.630084129764711,0.966424286365509,0.0,0.0,-0.2569509446620941,0.9379366636276245,0.0,0.0,-0.34680643677711487,-0.39311374514057695
203.09220835594127,-957.0772299478817,0.0,8.635758704176391,0.9676286578178406,0.0,0.0,-0.25237786769866943,0.9399480819702148,0.0,0.0,-0.3413172662258148,-0.043035684363281146
201.87297293068931,-959.4337790593954,0.0,8.641418552364781,0.9687918424606323,0.0,0.0,-0.2478751242160797,0.9419035911560059,0.0,0.0,-0.33588311076164246,-0.3933995960591825
200.6727522769669,-961.8050690320514,0.0,8.647065621615756,0.9699147939682007,0.0,0.0,-0.24344389140605927,0.9438042044639587,0.0,0.0,-0.3305049240589142,-0.04332088988100713
199.49135112280328,-964.1907665326997,0.0,8.65270185921518,0.9709984064102173,0.0,0.0,-0.2390853464603424,0.9456507563591003,0.0,0.0,-0.3251839876174927,-0.3936842545237999
198.32857294272486,-966.5905373286357,0.0,8.658329212448919,0.9720433950424194,0.0,0.0,-0.23480069637298584,0.9474443793296814,0.0,0.0,-0.3199204206466675,-0.043605099640286915
197.18421998047936,-969.0040463031836,0.0,8.663949628602841,0.9730504751205444,0.0,0.0,-0.23059144616127014,0.9491861462593079,0.0,0.0,-0.31471484899520874,-0.3939681139255131
196.05809327101193,-971.4309574701193,0.0,8.669565054962813,0.9740204215049744,0.0,0.0,-0.22645926475524902,0.9508770108222961,0.0,0.0,-0.30956828594207764,-0.04388870703220471
194.94999266169214,-973.8709339869212,0.0,8.675177438814709,0.9749538898468018,0.0,0.0,-0.22240599989891052,0.9525182247161865,0.0,0.0,-0.3044809401035309,-0.39425156765540686
193.85971683278822,-976.3236381668395,0.0,8.680788727444387,0.9758515954017639,0.0,0.0,-0.2184337079524994,0.9541108012199402,0.0,0.0,-0.29945358633995056,-0.044172105447844945
192.78706331718197,-978.7887314897904,0.0,8.68640086813772,0.9767140746116638,0.0,0.0,-0.21454454958438873,0.9556554555892944,0.0,0.0,-0.29448673129081726,-0.3945350091045652
191.731828519322,-981.265874612062,0.0,8.692015808180575,0.9775418043136597,0.0,0.0,-0.21074098348617554,0.9571534395217896,0.0,0.0,-0.28958094120025635,-0.044455688278292105
190.69380773341598,-983.7547273748179,0.0,8.697635494858815,0.9783353805541992,0.0,0.0,-0.20702554285526276,0.9586057066917419,0.0,0.0,-0.28473642468452454,-0.3948188316640723
189.6727865170698,-986.2549488114129,0.0,8.703261875458313,0.9790953397750854,0.0,0.0,-0.20340104401111603,0.960012674331665,0.0,0.0,-0.27995598316192627,-0.0447398489146304
188.6683907493978,-988.7661971535008,0.0,8.708896897264934,0.9798222780227661,0.0,0.0,-0.19987016916275024,0.961374819278717,0.0,0.0,-0.27524206042289734,-0.3951034287250127
187.6801055548392,-991.288129835931,0.0,8.714542507564548,0.9805166721343994,0.0,0.0,-0.19643555581569672,0.962692379951477,0.0,0.0,-0.2705976366996765,-0.04502498074794431
186.70740910938,-993.8204035004308,0.0,8.720200653643015,0.9811791777610779,0.0,0.0,-0.19309918582439423,0.9639659523963928,0.0,0.0,-0.2660248875617981,-0.3953891936784706
185.7497773371426,-996.3626739980684,0.0,8.72587328278621,0.981810450553894,0.0,0.0,-0.18986311554908752,0.9651961326599121,0.0,0.0,-0.2615261375904083,-0.045311477169317826
184.80668391567553,-998.9145963904901,0.0,8.73156234228,0.98241126537323,0.0,0.0,-0.18672923743724823,0.9663834571838379,0.0,0.0,-0.25710418820381165,-0.39567651991553066
183.87760027938464,-1001.4758249499231,0.0,8.737269779410248,0.982982337474823,0.0,0.0,-0.1836988925933838,0.9675287008285522,0.0,0.0,-0.25276073813438416,-0.04559973156983538
182.96199562109203,-1004.046013157944,0.0,8.742997541462822,0.9835245013237,0.0,0.0,-0.18077361583709717,0.9686324000358582,0.0,0.0,-0.24849796295166016,-0.3959658008272768
182.05933689171874,-1006.6248137030003,0.0,8.74874757572359,0.9840384721755981,0.0,0.0,-0.17795465886592865,0.9696952700614929,0.0,0.0,-0.24431785941123962,-0.04589013734058128
181.16908879807815,-1009.2118784766927,0.0,8.754521829478424,0.9845249056816101,0.0,0.0,-0.17524303495883942,0.9707179665565491,0.0,0.0,-0.24022218585014343,-0.3962574298047936
180.29071379877647,-1011.8068585687898,0.0,8.76032225001319,0.9849846959114075,0.0,0.0,-0.17263978719711304,0.9717013239860535,0.0,0.0,-0.23621293902397156,-0.04618308787264014
179.42367209820804,-1014.4094042609945,0.0,8.76615078461375,0.9854185581207275,0.0,0.0,-0.17014572024345398,0.9726461172103882,0.0,0.0,-0.23229144513607025,-0.39655180023916536
178.56742163863694,-1017.0191650194394,0.0,8.772009380565976,0.9858272075653076,0.0,0.0,-0.16776172816753387,0.9735533595085144,0.0,0.0,-0.2284592092037201,-0.04647897655709604
177.7214180903584,-1019.6357894859091,0.0,8.777899985155733,0.9862114191055298,0.0,0.0,-0.16548842191696167,0.9744237065315247,0.0,0.0,-0.2247180938720703,-0.3968493055214763
176.8851148399292,-1022.2589254677873,0.0,8.783824545668889,0.9865718483924866,0.0,0.0,-0.16332636773586273,0.975257933139801,0.0,0.0,-0.22106917202472687,-0.0467781967850332
176.0579629764561,-1024.8882199267214,0.0,8.789785009391313,0.9869091510772705,0.0,0.0,-0.161276176571846,0.9760570526123047,0.0,0.0,-0.21751375496387482,-0.39715033904281083
175.23941127593875,-1027.5233189659923,0.0,8.795783323608871,0.9872238636016846,0.0,0.0,-0.15933850407600403,0.976821780204773,0.0,0.0,-0.21405337750911713,-0.04708114194753621
174.42890618365,-1030.163867816596,0.0,8.801821435607431,0.9875167608261108,0.0,0.0,-0.15751373767852783,0.9775530695915222,0.0,0.0,-0.21068869531154633,-0.39745529419425324
173.6258917945526,-1032.8095108220123,0.0,8.807901292672858,0.9877882599830627,0.0,0.0,-0.15580235421657562,0.978251576423645,0.0,0.0,-0.20742101967334747,-0.04738820543568906
172.82980983173462,-1035.4598914216726,0.0,8.814024842091024,0.9880387783050537,0.0,0.0,-0.15420478582382202,0.9789182543754578,0.0,0.0,-0.2042514830827713,-0.3977645643668879
172.04009962285983,-1038.1146521331095,0.0,8.820194031147793,0.9882692098617554,0.0,0.0,-0.1527213752269745,0.9795539379119873,0.0,0.0,-0.20118092000484467,-0.047699780640576395
171.25619807461874,-1040.7734345327851,0.0,8.826410807129031,0.988471269607544,0.0,0.0,-0.15135109424591064,0.9801592826843262,0.0,0.0,-0.19821059703826904,-0.3980785429517989
170.4775396451734,-1043.4358792355897,0.0,8.832677117320612,0.9886561632156372,0.0,0.0,-0.15009576082229614,0.9807351231575012,0.0,0.0,-0.19534122943878174,-0.04801626095328254
169.70355631458372,-1046.1016258730017,0.0,8.838994909008399,0.9888241291046143,0.0,0.0,-0.1489553302526474,0.9812823534011841,0.0,0.0,-0.19257374107837677,-0.39839762334007095
168.93367755320472,-1048.770313069912,0.0,8.845366129478261,0.9889751672744751,0.0,0.0,-0.1479293406009674,0.9818016290664673,0.0,0.0,-0.1899084597826004,-0.048338039764891705
168.16733028804572,-1051.4415784200878,0.0,8.851792726016058,0.9891095757484436,0.0,0.0,-0.14701734483242035,0.9822937250137329,0.0,0.0,-0.18734651803970337,-0.398722198922788
167.40393886707676,-1054.1150584602915,0.0,8.858276645907669,0.9892274141311646,0.0,0.0,-0.14621849358081818,0.9827592372894287,0.0,0.0,-0.18488924205303192,-0.048665510466488204
166.64292502147572,-1056.790388643023,0.0,8.864819836438954,0.9893289804458618,0.0,0.0,-0.14553141593933105,0.9831989407539368,0.0,0.0,-0.18253661692142487,-0.3990526630910347
165.88370782580182,-1059.4672033078955,0.0,8.871424244895781,0.9894145727157593,0.0,0.0,-0.14495451748371124,0.9836134910583496,0.0,0.0,-0.18028974533081055,-0.04899906644915625
165.1257036560822,-1062.1451356516309,0.0,8.87809181856402,0.989484429359436,0.0,0.0,-0.14448592066764832,0.9840034246444702,0.0,0.0,-0.17814910411834717,-0.3993894092358952
164.36832614580598,-1064.8238176966602,0.0,8.884824504729538,0.9895389080047607,0.0,0.0,-0.1441231369972229,0.9843694567680359,0.0,0.0,-0.17611555755138397,-0.049339101103980376
163.61098613980366,-1067.502880258341,0.0,8.8916242506782,0.9895784854888916,0.0,0.0,-0.14386333525180817,0.9847120642662048,0.0,0.0,-0.17418932914733887,-0.39973283074845395
162.85309164601054,-1070.1819529107504,0.0,8.898493003695876,0.9896035194396973,0.0,0.0,-0.14370304346084595,0.9850319623947144,0.0,0.0,-0.17237143218517303,-0.0496860078220448
162.09404778509153,-1072.8606639510833,0.0,8.90543271106843,0.9896145462989807,0.0,0.0,-0.14363856613636017,0.9853293299674988,0.0,0.0,-0.17066286504268646,-0.4000833210197951
161.33325673791992,-1075.5386403626178,0.0,8.912445320081734,0.9896121621131897,0.0,0.0,-0.14366547763347626,0.9856050610542297,0.0,0.0,-0.16906391084194183,-0.05004017999443383
160.57011769089613,-1078.2155077762488,0.0,8.919532778021653,0.9895970225334167,0.0,0.0,-0.14377881586551666,0.9858593344688416,0.0,0.0,-0.1675749570131302,-0.4004412734410031
159.80402677909112,-1080.890890430584,0.0,8.926697032174053,0.9895698428153992,0.0,0.0,-0.14397314190864563,0.9860925078392029,0.0,0.0,-0.1661972552537918,-0.05040201101223185
159.03437702719916,-1083.5644111305937,0.0,8.933940029824804,0.9895314574241638,0.0,0.0,-0.14424249529838562,0.9863049983978271,0.0,0.0,-0.1649313122034073,-0.40080708140316224
158.26055828829115,-1086.2356912047908,0.0,8.941263718259773,0.9894827008247375,0.0,0.0,-0.14458009600639343,0.9864974617958069,0.0,0.0,-0.16377651691436768,-0.05077189426652323
157.48196023512514,-1088.9043530617619,0.0,8.948670044764825,0.9894246459007263,0.0,0.0,-0.1449788510799408,0.9866705536842346,0.0,0.0,-0.16273045539855957,-0.4011811382973568
156.6981958174436,-1091.570210449954,0.0,8.956160956625832,0.9893583059310913,0.0,0.0,-0.14543122053146362,0.9868256449699402,0.0,0.0,-0.1617870181798935,-0.05115022314839224
155.90925493383546,-1094.2333983720714,0.0,8.963735898089778,0.9892846345901489,0.0,0.0,-0.14593051373958588,0.9869638681411743,0.0,0.0,-0.16094078123569489,-0.4015637110985662
155.11516571014442,-1096.8940752677827,0.0,8.971368915863016,0.989204466342926,0.0,0.0,-0.14647053182125092,0.9870867133140564,0.0,0.0,-0.1601860672235489,-0.05153572909653559
154.31596001097142,-1099.5523881773554,0.0,8.979019272590017,0.9891185760498047,0.0,0.0,-0.14704592525959015,0.9871906042098999,0.0,0.0,-0.15951725840568542,-0.40195009275144505
153.51167355859099,-1102.2084727988242,0.0,8.98664604741006,0.9890276789665222,0.0,0.0,-0.1476517617702484,0.9872820973396301,0.0,0.0,-0.15893006324768066,-0.05192091974401253
152.7023460330448,-1104.8624535895697,0.0,8.994208319462413,0.9889324903488159,0.0,0.0,-0.14828336238861084,0.9873620271682739,0.0,0.0,-0.1584193855524063,-0.402332025683382
151.88802116940678,-1107.5144438575476,0.0,9.001665167886358,0.988833487033844,0.0,0.0,-0.14893685281276703,0.9874308109283447,0.0,0.0,-0.1579814851284027,-0.052297528250272396
151.06874685219626,-1110.1645458421237,0.0,9.008975671821165,0.9887312650680542,0.0,0.0,-0.14960840344429016,0.9874891638755798,0.0,0.0,-0.15761153399944305,-0.4027012430538269
150.24457520691172,-1112.8128507844353,0.0,9.016098910406116,0.9886263608932495,0.0,0.0,-0.15029466152191162,0.9875376224517822,0.0,0.0,-0.1573054939508438,-0.05265728777476486
149.41556268866097,-1115.459438987209,0.0,9.02299396278049,0.9885191917419434,0.0,0.0,-0.150992751121521,0.9875767230987549,0.0,0.0,-0.15705980360507965,-0.4030494780222295
148.5817701678526,-1118.1043798639782,0.0,9.029619908083557,0.9884101748466492,0.0,0.0,-0.15169981122016907,0.9876070618629456,0.0,0.0,-0.1568702608346939,-0.052991931476940035
147.74326301292155,-1120.7477319776174,0.0,9.035935825454596,0.9882996678352356,0.0,0.0,-0.15241338312625885,0.9876291751861572,0.0,0.0,-0.15673358738422394,-0.40336846374803953
146.900111170054,-1123.3895430681416,0.0,9.041900794032884,0.9881879687309265,0.0,0.0,-0.15313121676445007,0.9876434803009033,0.0,0.0,-0.15664629638195038,-0.053293192516247534
146.05238923987395,-1126.0298500697154,0.0,9.047473892957695,0.9880754351615906,0.0,0.0,-0.15385127067565918,0.9876505136489868,0.0,0.0,-0.15660513937473297,-0.40364993339070676
145.20017655106253,-1128.6686791167974,0.0,9.05261420136831,0.9879624247550964,0.0,0.0,-0.15457159280776978,0.9876506924629211,0.0,0.0,-0.1566074937582016,-0.05355280405213719
144.34355723086847,-1131.3060455393925,0.0,9.057280798404001,0.9878491759300232,0.0,0.0,-0.15529054403305054,0.9876444339752197,0.0,0.0,-0.15664972364902496,-0.40388562010968104
143.48262027247685,-1133.9419538473544,0.0,9.061432763204042,0.98773592710495,0.0,0.0,-0.15600650012493134,0.9876322150230408,0.0,0.0,-0.15672941505908966,-0.053762499244058404
142.6174595991996,-1136.5763977037113,0.0,9.065029174907714,0.9876229166984558,0.0,0.0,-0.1567181795835495,0.9876143336296082,0.0,0.0,-0.15684424340724945,-0.404067257064412
141.74817412544914,-1139.209359886993,0.0,9.068029112654296,0.9875103235244751,0.0,0.0,-0.1574241816997528,0.9875912666320801,0.0,0.0,-0.15699096024036407,-0.0539140112514615
140.87486781446623,-1141.84081224253,0.0,9.07039165558306,0.9873983860015869,0.0,0.0,-0.15812329947948456,0.9875633120536804,0.0,0.0,-0.15716753900051117,-0.4041865774143496
139.99764973276157,-1144.4707156227357,0.0,9.07207588283328,0.9872872829437256,0.0,0.0,-0.1588146835565567,0.9875308871269226,0.0,0.0,-0.15737144649028778,-0.053999073233795825
139.11663410124325,-1147.0990198163659,0.0,9.073040873544237,0.9871771335601807,0.0,0.0,-0.15949709713459015,0.9874942302703857,0.0,0.0,-0.1576007902622223,-0.4042353143189434
138.23194034299385,-1149.7256634667947,0.0,9.073245706855205,0.9870681762695312,0.0,0.0,-0.1601698249578476,0.9874536991119385,0.0,0.0,-0.15785333514213562,-0.05400941835051137
137.34369312767473,-1152.3505739793122,0.0,9.07264946190546,0.9869605898857117,0.0,0.0,-0.16083183884620667,0.9874095916748047,0.0,0.0,-0.1581270545721054,-0.40420520093764317
136.4520224125212,-1154.9736674175297,0.0,9.071211217834284,0.9868544936180115,0.0,0.0,-0.1614825576543808,0.987362265586853,0.0,0.0,-0.15842010080814362,-0.05393677976105804
135.5570634799128,-1157.5948483889244,0.0,9.068890053780944,0.9867499470710754,0.0,0.0,-0.16212132573127747,0.9873119592666626,0.0,0.0,-0.15873022377490997,-0.4040879704298987
134.6589569714911,-1160.214009919631,0.0,9.065645048884726,0.9866471290588379,0.0,0.0,-0.16274750232696533,0.9872589707374573,0.0,0.0,-0.15905602276325226,-0.05377289062488538
133.75784891880497,-1162.8310333185705,0.0,9.061435282284897,0.9865460395812988,0.0,0.0,-0.1633606106042862,0.9872035980224609,0.0,0.0,-0.15939565002918243,-0.4038753559551599
132.85389078320273,-1165.4457879942859,0.0,9.056219705826807,0.9864469170570374,0.0,0.0,-0.16396017372608185,0.9871459603309631,0.0,0.0,-0.159747913479805,-0.05350947767245667
131.94724996918262,-1168.0581011323434,0.0,9.049852757745988,0.9863497614860535,0.0,0.0,-0.16454580426216125,0.9870864748954773,0.0,0.0,-0.16011083126068115,-0.40355379292077503
131.0381395963967,-1170.6676728424668,0.0,9.041895356484885,0.9862546920776367,0.0,0.0,-0.1651170700788498,0.987025260925293,0.0,0.0,-0.16048341989517212,-0.0531075887198757
130.12682438331933,-1173.274061249956,0.0,9.031857274901807,0.9861618280410767,0.0,0.0,-0.16567355394363403,0.9869624972343445,0.0,0.0,-0.1608642041683197,-0.4030468191034478
129.21362141382852,-1175.876682233857,0.0,9.01924828585505,0.9860711693763733,0.0,0.0,-0.1662152260541916,0.9868984818458557,0.0,0.0,-0.16125166416168213,-0.052470771091251645
128.29890086225421,-1178.4748090395078,0.0,9.003578162202922,0.9859826564788818,0.0,0.0,-0.1667424738407135,0.9868332743644714,0.0,0.0,-0.1616450995206833,-0.40225539871697674
127.38308667576013,-1181.0675717673678,0.0,8.984356676803731,0.985896110534668,0.0,0.0,-0.1672564446926117,0.9867673516273499,0.0,0.0,-0.1620422899723053,-0.05149998900038344
126.46665721281839,-1183.6539567407758,0.0,8.961093602515765,0.985811173915863,0.0,0.0,-0.16775918006896973,0.9867006540298462,0.0,0.0,-0.16244298219680786,-0.4010804959751602
125.55014583645381,-1186.232805756147,0.0,8.933298712197344,0.9857273101806641,0.0,0.0,-0.16825419664382935,0.9866335391998291,0.0,0.0,-0.16284550726413727,-0.05009620666106923
124.6341414609098,-1188.8028152200916,0.0,8.900481778706766,0.9856436848640442,0.0,0.0,-0.16874612867832184,0.9865661859512329,0.0,0.0,-0.16324898600578308,-0.3994230750917977
123.71928905038205,-1191.3625351790897,0.0,8.862152574902336,0.9855592250823975,0.0,0.0,-0.16924110054969788,0.9864985346794128,0.0,0.0,-0.16365306079387665,-0.048160388287108113
122.80624168677484,-1193.910503091965,0.0,8.81828746175906,0.9854726195335388,0.0,0.0,-0.1697465479373932,0.9864309430122375,0.0,0.0,-0.16405603289604187,-0.3972076653370868
121.89541678781262,-1196.4459199173848,0.0,8.771204168839372,0.9853821992874146,0.0,0.0,-0.17027181386947632,0.9863635897636414,0.0,0.0,-0.1644570380449295,-0.04578244420025518
120.98691595122835,-1198.9688629468344,0.0,8.723953280381625,0.9852859973907471,0.0,0.0,-0.17082788050174713,0.986296534538269,0.0,0.0,-0.16485556960105896,-0.39482125682911984
120.08052037091002,-1201.4802878618298,0.0,8.679585632971301,0.9851815700531006,0.0,0.0,-0.17142775654792786,0.9862298965454102,0.0,0.0,-0.1652507185935974,-0.043541653927006485
119.17568656440977,-1203.9820314255098,0.0,8.641152063193932,0.9850661158561707,0.0,0.0,-0.17208658158779144,0.9861639142036438,0.0,0.0,-0.16564138233661652,-0.3928801674464244
118.27154236822656,-1206.4768148616786,0.0,8.61170340763499,0.9849364161491394,0.0,0.0,-0.17282173037528992,0.9860986471176147,0.0,0.0,-0.16602745652198792,-0.04205434809069625
117.36689231462583,-1208.9682227656128,0.0,8.594203782604815,0.9847885966300964,0.0,0.0,-0.1736529916524887,0.9860340356826782,0.0,0.0,-0.16640859842300415,-0.39199634800045596
116.46078525719102,-1211.459139244789,0.0,8.586212697399912,0.9846181273460388,0.0,0.0,-0.17460334300994873,0.9859704375267029,0.0,0.0,-0.16678375005722046,-0.041650757928832494
115.5534179679094,-1213.9492794754447,0.0,8.57679462198759,0.9844196438789368,0.0,0.0,-0.17569896578788757,0.9859078526496887,0.0,0.0,-0.16715222597122192,-0.39152068762609626
114.64622864240738,-1216.4349609506135,0.0,8.554269314786517,0.9841963648796082,0.0,0.0,-0.17697107791900635,0.9858462810516357,0.0,0.0,-0.1675139218568802,-0.040513116151000506
113.74191142714076,-1218.9090877507465,0.0,8.506956534215323,0.9839327931404114,0.0,0.0,-0.17845164239406586,0.9857859015464783,0.0,0.0,-0.16786842048168182,-0.3891311532538138
112.84442991227881,-1221.3611323881073,0.0,8.42317603869272,0.9836212396621704,0.0,0.0,-0.18017733097076416,0.985725462436676,0.0,0.0,-0.16822275519371033,-0.036281777993293185
111.95895105532061,-1223.7770655685713,0.0,8.291247586637352,0.9832533597946167,0.0,0.0,-0.18218745291233063,0.9856598973274231,0.0,0.0,-0.1686047911643982,-0.3824681001197044
111.08978702139618,-1226.139067151486,0.0,8.102423250591368,0.9828207492828369,0.0,0.0,-0.18451747298240662,0.9855825304985046,0.0,0.0,-0.16905155777931213,-0.026745195364708096
110.23779961438527,-1228.433643533669,0.0,7.875111356495808,0.9823161363601685,0.0,0.0,-0.18719370663166046,0.9854869842529297,0.0,0.0,-0.16959738731384277,-0.3709877014280095
109.40084745410763,-1230.6572686625634,0.0,7.642427164557478,0.9817330837249756,0.0,0.0,-0.19023418426513672,0.985373318195343,0.0,0.0,-0.17027153074741364,-0.014993468499135854
108.57394208524424,-1232.8157017572453,0.0,7.435120229711506,0.9810658693313599,0.0,0.0,-0.1936512589454651,0.9852323532104492,0.0,0.0,-0.17109878361225128,-0.36051765421356646
107.75152953178416,-1234.9171394507237,0.0,7.260812147560856,0.9803086519241333,0.0,0.0,-0.19745264947414398,0.9850597381591797,0.0,0.0,-0.17210151255130768,-0.006190030006678726
106.92873324660998,-1236.9685061183798,0.0,7.114652508768378,0.9794560074806213,0.0,0.0,-0.20164252817630768,0.9848513007164001,0.0,0.0,-0.173300638794899,-0.35313585427455246
106.1013087791683,-1238.9753707528675,0.0,6.9916697691256315,0.9785026907920837,0.0,0.0,-0.20622196793556213,0.9846032857894897,0.0,0.0,-0.17471352219581604,2.121947022770687e-05
105.26561941035133,-1240.9419210728806,0.0,6.886892384424244,0.9774432182312012,0.0,0.0,-0.21118879318237305,0.9843117594718933,0.0,0.0,-0.1763569414615631,-0.3478440671684218
104.41864142837801,-1242.8709566051718,0.0,6.795348810455814,0.9762725234031677,0.0,0.0,-0.2165379524230957,0.9839727878570557,0.0,0.0,-0.17824649810791016,0.004644632296916029
103.5579959052372,-1244.7638986397799,0.0,6.712067503012035,0.9749857187271118,0.0,0.0,-0.22226129472255707,0.9835824966430664,0.0,0.0,-0.18039530515670776,-0.3436379405298471
102.68198673075159,-1246.620852898551,0.0,6.632210877757492,0.9735786318778992,0.0,0.0,-0.2283473163843155,0.983136773109436,0.0,0.0,-0.1828148365020752,0.008677795188559656
101.78931543123286,-1248.441368555253,0.0,6.553548103577612,0.9720472097396851,0.0,0.0,-0.234781414270401,0.9826315641403198,0.0,0.0,-0.18551623821258545,-0.33966507314702493
100.87877967063937,-1250.2251061857748,0.0,6.476216005792101,0.9703885316848755,0.0,0.0,-0.24154606461524963,0.9820631742477417,0.0,0.0,-0.18850715458393097,0.01258345669287847
99.94924994019387,-1251.971854766479,0.0,6.40043741145168,0.9686000347137451,0.0,0.0,-0.24862104654312134,0.9814274311065674,0.0,0.0,-0.191794291138649,-0.33583787141266025
98.99965662172494,-1253.6815240181875,0.0,6.326435147607101,0.9666804075241089,0.0,0.0,-0.2559834122657776,0.980719804763794,0.0,0.0,-0.1953844130039215,0.01632094476583701
98.02897661495943,-1255.354136469776,0.0,6.254432041309082,0.964629054069519,0.0,0.0,-0.2636091113090515,0.9799361228942871,0.0,0.0,-0.19928108155727386,-0.3322013508925583
97.03621958110793,-1256.9898192743374,0.0,6.184650919608429,0.9624462127685547,0.0,0.0,-0.2714710831642151,0.979072093963623,0.0,0.0,-0.20348678529262543,0.019845243841627558
96.02041418925904,-1258.588795279748,0.0,6.117312583661525,0.9601332545280457,0.0,0.0,-0.279541939496994,0.9781234264373779,0.0,0.0,-0.20800147950649261,-0.3288004248346339
94.98061394380552,-1260.1513448577919,0.0,6.052522420571983,0.957692563533783,0.0,0.0,-0.2877923846244812,0.9770860075950623,0.0,0.0,-0.21282383799552917,0.023117474300695384
93.91593429868686,-1261.677754725516,0.0,5.990210369372219,0.9551277756690979,0.0,0.0,-0.29619351029396057,0.9759583473205566,0.0,0.0,-0.2179381549358368,-0.32565335154171654
92.82640725510262,-1263.1683106522153,0.0,5.9302916722239,0.9524427652359009,0.0,0.0,-0.3047172725200653,0.9747409820556641,0.0,0.0,-0.22332121431827545,0.026143671126368062
91.71333293688016,-1264.6232944603485,0.0,5.872681571288717,0.9496411681175232,0.0,0.0,-0.31333932280540466,0.9734344482421875,0.0,0.0,-0.228950634598732,-0.32274375048438403
90.57802797184381,-1266.0429813863332,0.0,5.817295308728341,0.9467264413833618,0.0,0.0,-0.3220387101173401,0.9720392823219299,0.0,0.0,-0.23480477929115295,0.02894095711426581
89.42172421369646,-1267.427637778085,0.0,5.764048126704506,0.9437015652656555,0.0,0.0,-0.33079782128334045,0.9705556631088257,0.0,0.0,-0.24086491763591766,-0.32005449886701864
88.24557592056914,-1268.7775191080912,0.0,5.712855267378879,0.9405689835548401,0.0,0.0,-0.3396022915840149,0.9689837694168091,0.0,0.0,-0.24711351096630096,0.03152645506000451
87.05066651067024,-1270.092868282531,0.0,5.663631972913136,0.9373311400413513,0.0,0.0,-0.34843963384628296,0.9673235416412354,0.0,0.0,-0.25353577733039856,-0.3175684738940013
85.83801491958612,-1271.373914228565,0.0,5.616293485469005,0.9339898228645325,0.0,0.0,-0.35729947686195374,0.9655751585960388,0.0,0.0,-0.2601155638694763,0.03391728775920305
84.60858158210036,-1272.6208707434428,0.0,5.570755047208158,0.9305469989776611,0.0,0.0,-0.3661724925041199,0.9637385606765747,0.0,0.0,-0.26684048771858215,-0.3152685527697161
83.36327405984042,-1273.8339355904425,0.0,5.526931900292284,0.9270035028457642,0.0,0.0,-0.3750525116920471,0.9618132710456848,0.0,0.0,-0.2736990749835968,0.03613057800747954
82.1029523345718,-1275.0132898279578,0.0,5.484739286883061,0.9233607053756714,0.0,0.0,-0.38393330574035645,0.9597991704940796,0.0,0.0,-0.2806808054447174,-0.3131376126985432
80.82843378557996,-1276.159097359191,0.0,5.444092449142212,0.919619619846344,0.0,0.0,-0.39280974864959717,0.957696795463562,0.0,0.0,-0.2877732217311859,0.0381834486004517
79.54049786826168,-1277.2715046910344,0.0,5.404906629231411,0.9157806634902954,0.0,0.0,-0.40167829394340515,0.955504834651947,0.0,0.0,-0.29497000575065613,-0.3111585308848664
78.23989050982705,-1278.3506408916692,0.0,5.367097069312337,0.9118444919586182,0.0,0.0,-0.4105354845523834,0.9532234072685242,0.0,0.0,-0.302261620759964,0.04009302233373824
76.92732823687486,-1279.3966177373218,0.0,5.330579011546708,0.9078115820884705,0.0,0.0,-0.4193779528141022,0.9508518576622009,0.0,0.0,-0.30964168906211853,-0.3093141845330669
75.60350204850158,-1280.4095300394392,0.0,5.2952676980962,0.9036821126937866,0.0,0.0,-0.4282037615776062,0.9483892917633057,0.0,0.0,-0.3171042501926422,0.04187642200295577
74.26908104763537,-1281.3894561442394,0.0,5.261078371122507,0.8994562029838562,0.0,0.0,-0.4370107352733612,0.9458363652229309,0.0,0.0,-0.32463976740837097,-0.3075874508475268
72.92471584231937,-1282.3364585972827,0.0,5.227926272787306,0.8951341509819031,0.0,0.0,-0.4457967281341553,0.943191409111023,0.0,0.0,-0.3322463631629944,0.043550770403723515
71.57104172781652,-1283.2505849662468,0.0,5.195726645252315,0.8907155394554138,0.0,0.0,-0.4545608162879944,0.9404540657997131,0.0,0.0,-0.33991801738739014,-0.3059612070326283
70.20868165958854,-1284.1318688156093,0.0,5.16439473067921,0.8862013816833496,0.0,0.0,-0.4632999002933502,0.9376239776611328,0.0,0.0,-0.34764888882637024,0.04513319033165808
68.83824902646711,-1284.9803308273572,0.0,5.133845771229673,0.8815912008285522,0.0,0.0,-0.4720135033130646,0.934699535369873,0.0,0.0,-0.35543686151504517,-0.30441833029275267
67.46035023262397,-1285.795980062222,0.0,5.103995009065415,0.8768854141235352,0.0,0.0,-0.4806993007659912,0.931679904460907,0.0,0.0,-0.36327823996543884,0.04664080458237818
66.07558709633966,-1286.5788153562087,0.0,5.0747576863481205,0.872084379196167,0.0,0.0,-0.4893553853034973,0.92856365442276,0.0,0.0,-0.3711712956428528,-0.30294169783228325
64.68455907297658,-1287.3288268474375,0.0,5.046049045239479,0.8671888113021851,0.0,0.0,-0.4979792535305023,0.9253510236740112,0.0,0.0,-0.37910962104797363,0.048090735951501484
63.287865309032604,-1288.0459976284865,0.0,5.017784327901167,0.8621991872787476,0.0,0.0,-0.5065691471099854,0.9220404624938965,0.0,0.0,-0.3870917558670044,-0.30151418685560083
61.88610675905234,-1288.7303061086477,0.0,4.989879501916499,0.8571162223815918,0.0,0.0,-0.5151229500770569,0.9186319708824158,0.0,0.0,-0.39511290192604065,0.0495000705971918
60.47993781344441,-1289.3818019670487,0.0,4.962288048707252,0.8519408106803894,0.0,0.0,-0.5236380100250244,0.91512531042099,0.0,0.0,-0.4031680226325989,-0.3001206791177601
59.07011158584454,-1290.0006822290259,0.0,4.935018380193876,0.8466731905937195,0.0,0.0,-0.5321131348609924,0.9115215539932251,0.0,0.0,-0.4112510681152344,0.050877326582715876
57.65736700711915,-1290.5871628470034,0.0,4.908083276641803,0.8413139581680298,0.0,0.0,-0.5405466556549072,0.9078212380409241,0.0,0.0,-0.41935646533966064,-0.2987603203525039
56.242414179127216,-1291.1414606108574,0.0,4.881495518316442,0.8358630537986755,0.0,0.0,-0.5489378571510315,0.9040239453315735,0.0,0.0,-0.4274807572364807,0.052220142659754304
54.82593502144693,-1291.6637925346308,0.0,4.855267885483206,0.8303199410438538,0.0,0.0,-0.5572866201400757,0.900131344795227,0.0,0.0,-0.4356176555156708,-0.29743569243163337
53.40858392810719,-1292.1543752439732,0.0,4.829413158407501,0.8246845006942749,0.0,0.0,-0.5655928254127502,0.8961429595947266,0.0,0.0,-0.44376465678215027,0.053525936956507064
51.99098843370845,-1292.613424364369,0.0,4.803944117354756,0.8189559578895569,0.0,0.0,-0.5738560557365417,0.8920592069625854,0.0,0.0,-0.4519179165363312,-0.29614937722694923
50.57374988834648,-1293.0411539101933,0.0,4.778873542590382,0.813133180141449,0.0,0.0,-0.5820773839950562,0.8878804445266724,0.0,0.0,-0.46007391810417175,0.05479212760117236
49.157444140799946,-1293.4377756746067,0.0,4.754214214379784,0.8072149753570557,0.0,0.0,-0.5902571678161621,0.8836069107055664,0.0,0.0,-0.46822935342788696,-0.29490395661025237
47.7426222294664,-1293.8034986202726,0.0,4.7299789129883925,0.8012006878852844,0.0,0.0,-0.5983954668045044,0.8792377710342407,0.0,0.0,-0.4763830900192261,0.056016132721949746
46.329811080588975,-1294.1385282708645,0.0,4.7061804186816145,0.7950891256332397,0.0,0.0,-0.6064925193786621,0.8747722506523132,0.0,0.0,-0.4845341145992279,-0.2937020124533444
44.91951421333737,-1294.4430661032886,0.0,4.682831511724864,0.7888796329498291,0.0,0.0,-0.614547610282898,0.870210587978363,0.0,0.0,-0.4926797151565552,0.05719537044703815
43.512212451358344,-1294.7173089405337,0.0,4.659944972383548,0.7825725078582764,0.0,0.0,-0.6225593686103821,0.8655539155006409,0.0,0.0,-0.5008155703544617,-0.2925461266280254
42.10836464044907,-1294.9614483450287,0.0,4.637533580923097,0.7761673331260681,0.0,0.0,-0.6305269002914429,0.8608001470565796,0.0,0.0,-0.5089430212974548,0.05832725890463672
40.70840837203587,-1295.1756700123572,0.0,4.615610117608918,0.7696653604507446,0.0,0.0,-0.6384472846984863,0.8559492826461792,0.0,0.0,-0.5170596241950989,-0.2914388810060973
39.31276071221314,-1295.3601531651545,0.0,4.594187362706418,0.7630684971809387,0.0,0.0,-0.6463173627853394,0.8510003089904785,0.0,0.0,-0.5251650214195251,0.05940921622294487
37.92181893610028,-1295.5150699469903,0.0,4.573278096481029,0.7563799023628235,0.0,0.0,-0.6541323065757751,0.8459532260894775,0.0,0.0,-0.5332568883895874,-0.29038285745936043
36.535961267338436,-1295.6405848159964,0.0,4.552895099198154,0.7496026158332825,0.0,0.0,-0.6618878245353699,0.8408070802688599,0.0,0.0,-0.5413347482681274,0.060438660530160726
35.15554762260404,-1295.7368539379936,0.0,4.53305115112321,0.7427428364753723,0.0,0.0,-0.6695764660835266,0.8355606198310852,0.0,0.0,-0.5493980646133423,-0.28938063785961576
33.780920361022766,-1295.8040245788172,0.0,4.513759032521604,0.7358062267303467,0.0,0.0,-0.6771918535232544,0.8302129507064819,0.0,0.0,-0.557446300983429,0.06141300995448423
32.412405038454565,-1295.8422344955359,0.0,4.495031523658767,0.7288011312484741,0.0,0.0,-0.684725284576416,0.8247616291046143,0.0,0.0,-0.5654804706573486,-0.2884348040786644
31.050311166630962,-1295.8516113262122,0.0,4.476881404800105,0.7217370271682739,0.0,0.0,-0.6921671032905579,0.8192083239555359,0.0,0.0,-0.5734960436820984,0.06232968262411365
29.69493297718616,-1295.8322719778332,0.0,4.4593214562110255,0.7146246433258057,0.0,0.0,-0.6995078325271606,0.8135508298873901,0.0,0.0,-0.5814937949180603,-0.28754793798830686
28.346550190683473,-1295.7843220120108,0.0,4.442364458156958,0.7074776291847229,0.0,0.0,-0.7067354917526245,0.8077883720397949,0.0,0.0,-0.5894726514816284,0.06318609666724836
27.00542879073831,-1295.7078550280103,0.0,4.426023190903307,0.7003099918365479,0.0,0.0,-0.7138386368751526,0.8019174337387085,0.0,0.0,-0.5974348783493042,-0.28672262146034466
25.671821803456652,-1295.6029520426503,0.0,4.410310434715495,0.6931387186050415,0.0,0.0,-0.7208040356636047,0.7959402799606323,0.0,0.0,-0.6053749918937683,0.06397967021208736
24.34597008238291,-1295.4696808665774,0.0,4.395238969858921,0.685981273651123,0.0,0.0,-0.7276188731193542,0.7898567914962769,0.0,0.0,-0.6132912039756775,-0.28596143636657834
23.028082890900656,-1295.3081403231647,0.0,4.380821576599018,0.6788588166236877,0.0,0.0,-0.7342684864997864,0.7836757898330688,0.0,0.0,-0.621169924736023,0.06470782138682996
21.718087408161743,-1295.1190172858267,0.0,4.367071035201193,0.6717902421951294,0.0,0.0,-0.7407411336898804,0.7774097919464111,0.0,0.0,-0.6289942860603333,-0.2852669645788094
20.41571183632493,-1294.9034033897642,0.0,4.354000125930856,0.6647945642471313,0.0,0.0,-0.7470259666442871,0.7710702419281006,0.0,0.0,-0.6367498636245728,0.06536796831967528
19.120679335344665,-1294.6623658024794,0.0,4.34162162905343,0.6578882336616516,0.0,0.0,-0.7531153559684753,0.7646704912185669,0.0,0.0,-0.6444212198257446,-0.2846417879688384
17.832712317854316,-1294.3969388567987,0.0,4.329948324834329,0.6510872840881348,0.0,0.0,-0.7590026259422302,0.7582226395606995,0.0,0.0,-0.6519955396652222,0.06595752913882177
16.55153242145995,-1294.1081252870608,0.0,4.318992993538964,0.6444053649902344,0.0,0.0,-0.7646838426589966,0.751738965511322,0.0,0.0,-0.6594604849815369,-0.2840884884084664
15.276860480926405,-1293.7968974764794,0.0,4.308768415432745,0.6378557682037354,0.0,0.0,-0.770155668258667,0.7452320456504822,0.0,0.0,-0.666804850101471,0.06647392197246918
14.008416500265561,-1293.4641987163184,0.0,4.299287370781098,0.6314499974250793,0.0,0.0,-0.7754164934158325,0.7387130260467529,0.0,0.0,-0.6740196943283081,-0.2836096477694943
12.745919624759296,-1293.1109444776114,0.0,4.290562639849432,0.625198245048523,0.0,0.0,-0.780465841293335,0.7321929931640625,0.0,0.0,-0.6810967922210693,0.06691456494881595
11.48908811289913,-1292.7380236962492,0.0,4.282607002903157,0.6191109418869019,0.0,0.0,-0.7853034138679504,0.7256832718849182,0.0,0.0,-0.6880285739898682,-0.2832078479237229
10.237639308269642,-1292.346300072372,0.0,4.275433240207698,0.6131961345672607,0.0,0.0,-0.7899306416511536,0.7191948294639587,0.0,0.0,-0.6948080062866211,0.06727687619606137
8.99128961136567,-1291.9366133851001,0.0,4.2690541320284625,0.6074618101119995,0.0,0.0,-0.7943488955497742,0.7127389907836914,0.0,0.0,-0.7014290690422058,-0.2828856707429534
7.749754451338489,-1291.5097808237342,0.0,4.263482458630867,0.6019155383110046,0.0,0.0,-0.7985597252845764,0.7063248753547668,0.0,0.0,-0.7078874707221985,0.06755827384240456
6.512748257676066,-1291.0665983366966,0.0,4.258731000280325,0.5965631008148193,0.0,0.0,-0.8025659918785095,0.6999620199203491,0.0,0.0,-0.7141798138618469,-0.28264569809898665
5.279984431794883,-1290.6078419995524,0.0,4.254812537242254,0.5914115905761719,0.0,0.0,-0.8063696622848511,0.6936624050140381,0.0,0.0,-0.7202998995780945,0.06775617601604456
4.0511753185314605,-1290.1342694036089,0.0,4.2517398497820675,0.5864656567573547,0.0,0.0,-0.809973955154419,0.6874304413795471,0.0,0.0,-0.7262498140335083,-0.28249051186362373
2.826032177520016,-1289.6466210666704,0.0,4.249525718165179,0.5817317366600037,0.0,0.0,-0.8133805990219116,0.6812795400619507,0.0,0.0,-0.7320228815078735,0.06786800084518035
1.60426515442598,-1289.1456218676906,0.0,4.248182922657006,0.5772151947021484,0.0,0.0,-0.8165919184684753,0.6752150654792786,0.0,0.0,-0.73762047290802,-0.2824226939086655
0.38558325200766674,-1288.6319825071353,0.0,4.247724243522959,0.5729210376739502,0.0,0.0,-0.8196104764938354,0.6692452430725098,0.0,0.0,-0.7430410385131836,0.06789116645801102
-0.8303056990221016,-1288.106400995058,0.0,4.248162461028456,0.5688547492027283,0.0,0.0,-0.8224379420280457,0.6633781790733337,0.0,0.0,-0.7482836842536926,-0.2824448261059128
-2.0436950693820015,-1287.569564168975,0.0,4.249510355438911,0.5650214552879333,0.0,0.0,-0.825076162815094,0.6576201319694519,0.0,0.0,-0.7533491253852844,0.0678230909827355
-3.254879460885633,-1287.0221492437872,0.0,4.251780707019738,0.5614280700683594,0.0,0.0,-0.8275254964828491,0.6519786715507507,0.0,0.0,-0.7582368850708008,-0.2825594903271667
-4.4641547364461935,-1286.4648253961445,0.0,4.254986296036352,0.5580793619155884,0.0,0.0,-0.82978755235672,0.6464594602584839,0.0,0.0,-0.7629480361938477,0.06766119254755301
-5.671818050465227,-1285.8982553857638,0.0,4.25913990275417,0.5549819469451904,0.0,0.0,-0.8318623900413513,0.6410678625106812,0.0,0.0,-0.7674838900566101,-0.2827692684442283
-6.878167879673487,-1285.3230972164017,0.0,4.264254307438603,0.5521430969238281,0.0,0.0,-0.8337494730949402,0.6358093023300171,0.0,0.0,-0.7718460559844971,0.06740288928066249
-8.083504054480734,-1284.7400058393152,0.0,4.270342290355067,0.5495700240135193,0.0,0.0,-0.8354477882385254,0.6306919455528259,0.0,0.0,-0.7760331630706787,-0.28307674232889823
-9.288133203250997,-1284.149632233751,0.0,4.2774358715147285,0.547269880771637,0.0,0.0,-0.836956262588501,0.6257196664810181,0.0,0.0,-0.7800479531288147,0.06704462760593216
-10.492407574934704,-1283.5526229066272,0.0,4.2856481697432205,0.545251727104187,0.0,0.0,-0.8382724523544312,0.6209035515785217,0.0,0.0,-0.7838869094848633,-0.28349150486569075
-11.696879636684427,-1282.9497030586099,0.0,4.295113668599576,0.543523371219635,0.0,0.0,-0.8393940329551697,0.6162501573562622,0.0,0.0,-0.7875503897666931,0.06656657210813638
-12.902236177757409,-1282.3416408873825,0.0,4.305966851750836,0.54209303855896,0.0,0.0,-0.8403184413909912,0.6117660999298096,0.0,0.0,-0.7910386919975281,-0.2840396454288856
-14.1092047218177,-1281.7291965289833,0.0,4.318342202864045,0.5409643650054932,0.0,0.0,-0.8410359025001526,0.6074609160423279,0.0,0.0,-0.7943494915962219,0.06594155437514596
-15.318553147660133,-1281.1131245006684,0.0,4.3323742056062535,0.5401523113250732,0.0,0.0,-0.8415536880493164,0.6033440828323364,0.0,0.0,-0.7974809408187866,-0.28474833243606784
-16.531090679953557,-1280.4941773576816,0.0,4.348197343644488,0.5396634340286255,0.0,0.0,-0.8418667912483215,0.5994231700897217,0.0,0.0,-0.8004323244094849,0.06514240598937654
-17.74766905066329,-1279.873109897587,0.0,4.365946100645801,0.5395032167434692,0.0,0.0,-0.841970682144165,0.5957054495811462,0.0,0.0,-0.8032029271125793,-0.285644734304821
-18.96918383825103,-1279.2506839358898,0.0,4.3857549602772385,0.5396788120269775,0.0,0.0,-0.8418591618537903,0.5921981334686279,0.0,0.0,-0.8057923316955566,0.06414195853324331
-20.196575992963442,-1278.6276736807395,0.0,4.407758406205831,0.5401957631111145,0.0,0.0,-0.8415266871452332,0.5889096856117249,0.0,0.0,-0.8081987500190735,-0.2867560194527297
-21.43083355794061,-1278.004871739001,0.0,4.4320909220986255,0.5410599708557129,0.0,0.0,-0.8409668207168579,0.5858481526374817,0.0,0.0,-0.8104206919670105,0.0629130435891628
-22.67299359737482,-1277.3830957908435,0.0,4.458886991622666,0.5422829985618591,0.0,0.0,-0.8401819467544556,0.5830211639404297,0.0,0.0,-0.8124567270278931,-0.2881093562973782
-23.924144344626768,-1276.7631959753842,0.0,4.488281098445006,0.5438662171363831,0.0,0.0,-0.839160680770874,0.5804359316825867,0.0,0.0,-0.8143056631088257,0.06142849273954967
-25.185427341819093,-1276.1460631538635,0.0,4.52040685512541,0.5458144545555115,0.0,0.0,-0.8378969430923462,0.5780999064445496,0.0,0.0,-0.8159657716751099,-0.289731869261035
-26.45798100208247,-1275.532666096936,0.0,4.555186579880147,0.5481328368186951,0.0,0.0,-0.8363838195800781,0.5760220885276794,0.0,0.0,-0.8174339532852173,0.059671940984259875
-27.742807131527535,-1274.924122638218,0.0,4.592057369205673,0.5508248209953308,0.0,0.0,-0.8346147537231445,0.5742124319076538,0.0,0.0,-0.8187060952186584,-0.29159403033808173
-29.040752937723965,-1274.3217096325338,0.0,4.630388473136503,0.5538913011550903,0.0,0.0,-0.832584023475647,0.5726777911186218,0.0,0.0,-0.8197803497314453,0.057736026644318955
-30.352511200543283,-1273.7268610998244,0.0,4.669549141707202,0.5573333501815796,0.0,0.0,-0.8302847146987915,0.5714275240898132,0.0,0.0,-0.8206522464752197,-0.29357184188205643
-31.67861965474998,-1273.1411638270408,0.0,4.708908624952312,0.5611481666564941,0.0,0.0,-0.8277120590209961,0.5704712271690369,0.0,0.0,-0.8213173747062683,0.05574817395517198
-33.01945953677573,-1272.5663502750203,0.0,4.747836172906396,0.5653305053710938,0.0,0.0,-0.8248617053031921,0.569814920425415,0.0,0.0,-0.8217729330062866,-0.2955378796575152
-34.375253247451084,-1272.0042886377666,0.0,4.785701035603971,0.5698743462562561,0.0,0.0,-0.8217294812202454,0.5694683790206909,0.0,0.0,-0.8220110535621643,0.05383580715226416
-35.74606108417243,-1271.45696990921,0.0,4.821872463079599,0.5747696161270142,0.0,0.0,-0.8183133602142334,0.5694413185119629,0.0,0.0,-0.8220298886299133,-0.29736471942901155
-37.13177700003902,-1270.9264918277534,0.0,4.8557197053678385,0.5800041556358337,0.0,0.0,-0.8146119117736816,0.5697383880615234,0.0,0.0,-0.8218225836753845,0.05212635047103992
-38.53212335405639,-1270.4150395919762,0.0,4.8866120125032095,0.5855613350868225,0.0,0.0,-0.810626745223999,0.5703709721565247,0.0,0.0,-0.8213841319084167,-0.298924936961101
-39.94664462565998,-1269.9248632720328,0.0,4.913918634520271,0.5914229154586792,0.0,0.0,-0.8063603639602661,0.5713436603546143,0.0,0.0,-0.820708155632019,0.05074722814694593
-41.37470007856941,-1269.4582518807601,0.0,4.937008821453571,0.5975667834281921,0.0,0.0,-0.8018181324005127,0.5726627707481384,0.0,0.0,-0.8197885155677795,-0.3000911080183384
-42.815455373450895,-1269.017504116469,0.0,4.955251823337664,0.6039681434631348,0.0,0.0,-0.7970076203346252,0.5743340253829956,0.0,0.0,-0.8186187744140625,0.049825864415426024
-44.267877125896234,-1268.6048947598526,0.0,4.968030464662319,0.610599160194397,0.0,0.0,-0.7919390797615051,0.5763602256774902,0.0,0.0,-0.8171936273574829,-0.30073649394382596
-45.73088110955836,-1268.2225998947356,0.0,4.97526498189582,0.6174297332763672,0.0,0.0,-0.7866255044937134,0.578741729259491,0.0,0.0,-0.815509021282196,0.04946048475716841
-47.20353488663561,-1267.8726296882683,0.0,4.9775793956586245,0.6244271397590637,0.0,0.0,-0.7810825109481812,0.5814810991287231,0.0,0.0,-0.8135583400726318,-0.300853383527806
-48.685072580639854,-1267.5568298921903,0.0,4.975645336060348,0.6315569877624512,0.0,0.0,-0.7753289937973022,0.5845760703086853,0.0,0.0,-0.8113374710083008,0.04955816453485917
-50.1748969047983,-1267.2768910984792,0.0,4.970134433210596,0.6387841105461121,0.0,0.0,-0.769385576248169,0.5880212187767029,0.0,0.0,-0.8088442087173462,-0.30057505510105087
-51.672577443553834,-1267.0343546183105,0.0,4.961718317218989,0.6460718512535095,0.0,0.0,-0.7632762789726257,0.5917956233024597,0.0,0.0,-0.8060868382453918,0.04998322089807161
-53.177361601746654,-1266.8299386976062,0.0,4.95106861819513,0.653384804725647,0.0,0.0,-0.7570255994796753,0.595862865447998,0.0,0.0,-0.8030851483345032,-0.3000371915139873
-54.687761725452205,-1266.6629730070001,0.0,4.9388569662486415,0.6606938242912292,0.0,0.0,-0.7506551742553711,0.6001922488212585,0.0,0.0,-0.7998548150062561,0.05059997099637914
-56.20239296745239,-1266.5325932412838,0.0,4.925734302066543,0.6679725646972656,0.0,0.0,-0.7441855072975159,0.6047554612159729,0.0,0.0,-0.7964103817939758,-0.29937443069670955
-57.71998713789604,-1266.4379134955097,0.0,4.912043207975361,0.6752004623413086,0.0,0.0,-0.737634003162384,0.6095229387283325,0.0,0.0,-0.7927675843238831,0.05129144039492364
-59.23932291642962,-1266.3780415283545,0.0,4.897889512170825,0.6823589205741882,0.0,0.0,-0.731016993522644,0.6144657731056213,0.0,0.0,-0.7889426350593567,-0.29865959757526833
-60.759225539357054,-1266.352083131822,0.0,4.8833729884574195,0.689434289932251,0.0,0.0,-0.7243478298187256,0.6195634603500366,0.0,0.0,-0.7849457263946533,0.052024598158226965
-62.27856800309588,-1266.3591460539803,0.0,4.868593410639627,0.6964155435562134,0.0,0.0,-0.7176384329795837,0.6247908473014832,0.0,0.0,-0.7807914018630981,-0.2979131542511374
-63.79627194356164,-1266.3983437036406,0.0,4.853650552521931,0.7032937407493591,0.0,0.0,-0.7108989953994751,0.6301307678222656,0.0,0.0,-0.7764882445335388,0.05277928796215098
-65.31130819757954,-1266.4687986393942,0.0,4.838644187908832,0.7100626826286316,0.0,0.0,-0.7041379809379578,0.6355630159378052,0.0,0.0,-0.7720484137535095,-0.29715525704845563
-66.82269705270447,-1266.5696458460486,0.0,4.823674090604811,0.7167177200317383,0.0,0.0,-0.6973628997802734,0.6410686373710632,0.0,0.0,-0.767483115196228,0.053535353482556086
-68.3295081919649,-1266.7000358020161,0.0,4.808840034414348,0.7232564687728882,0.0,0.0,-0.6905791163444519,0.6466317772865295,0.0,0.0,-0.7628018856048584,-0.2964060622913615
-69.83086034003533,-1266.859137341678,0.0,4.794241793141942,0.7296774387359619,0.0,0.0,-0.6837912201881409,0.652241051197052,0.0,0.0,-0.7580112218856812,0.05427263839530386
-71.32592061725425,-1267.0461403171066,0.0,4.7799791405920775,0.7359803318977356,0.0,0.0,-0.6770027279853821,0.6578827500343323,0.0,0.0,-0.7531200051307678,-0.2956857263039946
-72.81390360760963,-1267.2602580638388,0.0,4.766151850569237,0.7421659827232361,0.0,0.0,-0.670215904712677,0.6635459065437317,0.0,0.0,-0.7481350898742676,0.05497098637625536
-74.294070146472,-1267.5007296756114,0.0,4.752859696877905,0.7482364177703857,0.0,0.0,-0.6634320020675659,0.6692203879356384,0.0,0.0,-0.7430635690689087,-0.29501440541049295
-75.7657258333177,-1267.766822093125,0.0,4.74020245332258,0.7541928887367249,0.0,0.0,-0.6566526889801025,0.6748968362808228,0.0,0.0,-0.7379118204116821,0.05561024110127172
-77.22821927409439,-1268.057832011977,0.0,4.728279893707744,0.7600389122962952,0.0,0.0,-0.6498772501945496,0.6805680394172668,0.0,0.0,-0.7326845526695251,-0.2944122559349961
-78.68094005710165,-1268.373087614916,0.0,4.7171917918378785,0.7657769918441772,0.0,0.0,-0.6431059241294861,0.686227560043335,0.0,0.0,-0.7273866534233093,0.05617024624621436
-80.12331646541173,-1268.711950133498,0.0,4.707037921517481,0.7714099884033203,0.0,0.0,-0.6363382339477539,0.6918691992759705,0.0,0.0,-0.722022533416748,-0.29389943420164266
-81.55481292785224,-1269.0738152441022,0.0,4.697918056551034,0.7769410610198975,0.0,0.0,-0.6295730471611023,0.6974876523017883,0.0,0.0,-0.7165966629981995,0.056630845486944
-82.9749272094897,-1269.458114303044,0.0,4.689931970743023,0.7823728322982788,0.0,0.0,-0.6228100657463074,0.7030789256095886,0.0,0.0,-0.7111116051673889,-0.2934960965345714
-84.38318734129213,-1269.8643154252586,0.0,4.683179437897937,0.7877082228660583,0.0,0.0,-0.616048276424408,0.7086411714553833,0.0,0.0,-0.7055688500404358,0.05697188249932211
-85.77914828734475,-1270.291924410676,0.0,4.6777602318202645,0.7929486632347107,0.0,0.0,-0.6092881560325623,0.7141698002815247,0.0,0.0,-0.6999722719192505,-0.2932223992579213
-87.1623883464907,-1270.7404855220016,0.0,4.673774126314492,0.7980967164039612,0.0,0.0,-0.6025290489196777,0.7196642160415649,0.0,0.0,-0.6943221092224121,0.05717320095920961
-88.53251433299492,-1271.209584665109,0.0,4.671320895185106,0.8031532764434814,0.0,0.0,-0.5957721471786499,0.7251219153404236,0.0,0.0,-0.6886203289031982,-0.29309849869583116
-89.88954378876342,-1271.6989586652167,0.0,4.670500312236595,0.8081192374229431,0.0,0.0,-0.5890184640884399,0.7305400967597961,0.0,0.0,-0.6828696727752686,0.057214644542467774
-91.23404609944124,-1272.2085365972528,0.0,4.671412151273445,0.8129957318305969,0.0,0.0,-0.5822691917419434,0.7359170317649841,0.0,0.0,-0.677071750164032,-0.2931445511724397
-92.56663819855856,-1272.7382992213388,0.0,4.674153085520745,0.817782998085022,0.0,0.0,-0.575526237487793,0.7412504553794861,0.0,0.0,-0.6712285280227661,0.05707621351987685
-93.88791345817707,-1273.2882558750746,0.0,4.67870874035531,0.8224813938140869,0.0,0.0,-0.5687914490699768,0.7465398907661438,0.0,0.0,-0.6653406620025635,-0.29337463474994296
-95.19840356107828,-1273.8584260820803,0.0,4.684925746465909,0.8270915746688843,0.0,0.0,-0.5620665550231934,0.7517830729484558,0.0,0.0,-0.6594105362892151,0.05676222331227079
-96.49857846780846,-1274.4488344327558,0.0,4.692641956157349,0.8316138982772827,0.0,0.0,-0.5553538799285889,0.7569779753684998,0.0,0.0,-0.6534402966499329,-0.29376434231011667
-97.78884886417987,-1275.0595065329514,0.0,4.701695221734435,0.8360485434532166,0.0,0.0,-0.5486550331115723,0.7621239423751831,0.0,0.0,-0.647430956363678,0.056304987677064405
-99.06956855574046,-1275.6904650738159,0.0,4.7119233955019615,0.8403956890106201,0.0,0.0,-0.5419729351997375,0.7672178745269775,0.0,0.0,-0.6413862705230713,-0.29428091674282
-100.34103681342447,-1276.3417260163553,0.0,4.723164329764738,0.8446558117866516,0.0,0.0,-0.5353094935417175,0.7722582221031189,0.0,0.0,-0.6353085041046143,0.05573726372439888
-101.60350067381307,-1277.013294885674,0.0,4.735255876827564,0.8488287329673767,0.0,0.0,-0.5286674499511719,0.7772435545921326,0.0,0.0,-0.6291996240615845,-0.2948916009379122
-102.85715719667233,-1277.705163171214,0.0,4.74803588899525,0.8529148101806641,0.0,0.0,-0.5220497250556946,0.7821725010871887,0.0,0.0,-0.6230615973472595,0.05509180856441476
-104.10215568171579,-1278.4173048305543,0.0,4.761342218572588,0.8569144606590271,0.0,0.0,-0.5154584646224976,0.787044107913971,0.0,0.0,-0.616896390914917,-0.2955636377852525
-105.33859984587694,-1279.1496728955012,0.0,4.775012717864387,0.8608278036117554,0.0,0.0,-0.5088961720466614,0.7918564081192017,0.0,0.0,-0.6107068061828613,0.05440137930725322
-106.56654996171983,-1279.9021961802819,0.0,4.788885239175456,0.8646549582481384,0.0,0.0,-0.5023661255836487,0.7966078519821167,0.0,0.0,-0.6044958829879761,-0.2962642701747005
-107.78602495703414,-1280.6747760926305,0.0,4.8027976348105845,0.8683964610099792,0.0,0.0,-0.495870441198349,0.8012959957122803,0.0,0.0,-0.5982674956321716,0.05369873306305481
-108.99700447508013,-1281.4672835494546,0.0,4.816587757074584,0.8720522522926331,0.0,0.0,-0.48941269516944885,0.8059210181236267,0.0,0.0,-0.5920224189758301,-0.2969607409961146
-110.19943089445056,-1282.2795559995707,0.0,4.830093458272255,0.8756229877471924,0.0,0.0,-0.48299509286880493,0.8104812502861023,0.0,0.0,-0.5857640504837036,0.053016626941960326
-111.3932119682978,-1283.1113950245733,0.0,4.843155286823818,0.8791089057922363,0.0,0.0,-0.47662097215652466,0.8149740695953369,0.0,0.0,-0.5794969201087952,-0.2976204293067996
-112.57824516284259,-1283.9625799920047,0.0,4.855706187213623,0.8825105428695679,0.0,0.0,-0.47029268741607666,0.8194000720977783,0.0,0.0,-0.5732215642929077,0.05238274308388935
-113.7544456395573,-1284.8328875217808,0.0,4.867792403800118,0.8858283758163452,0.0,0.0,-0.4640130400657654,0.8237569332122803,0.0,0.0,-0.5669426321983337,-0.2982308442859155
-114.92174727019999,-1285.7220937666389,0.0,4.879467112410828,0.8890630602836609,0.0,0.0,-0.4577847719192505,0.8280432820320129,0.0,0.0,-0.560663640499115,0.05179311133587369
-116.08010192988556,-1286.6299755066307,0.0,4.890783488873253,0.8922152519226074,0.0,0.0,-0.45161059498786926,0.8322581052780151,0.0,0.0,-0.5543880462646484,-0.2988023784506844
-117.22947880307152,-1287.5563112093391,0.0,4.90179470901491,0.8952853679656982,0.0,0.0,-0.44549334049224854,0.8364009261131287,0.0,0.0,-0.5481176376342773,0.05123698910649707
-118.36986370316359,-1288.5008820545206,0.0,4.912553948663317,0.8982744216918945,0.0,0.0,-0.43943503499031067,0.8404716849327087,0.0,0.0,-0.541854977607727,-0.2993457743925232
-119.50125840633807,-1289.4634729219772,0.0,4.923114383645983,0.9011831879615784,0.0,0.0,-0.4334384500980377,0.8444676399230957,0.0,0.0,-0.5356059670448303,0.05070363380434223
-120.6236800001605,-1290.4438733415982,0.0,4.933529189790419,0.9040126204490662,0.0,0.0,-0.42750564217567444,0.8483904004096985,0.0,0.0,-0.5293703675270081,-0.2998717747028482
-121.73716024747165,-1291.4418784045945,0.0,4.943851542924138,0.9067637324333191,0.0,0.0,-0.42163869738578796,0.8522383570671082,0.0,0.0,-0.5231532454490662,0.05018230283799277
-122.84174496597977,-1292.4572896350473,0.0,4.9541346188746616,0.9094376564025879,0.0,0.0,-0.41583994030952454,0.8560104966163635,0.0,0.0,-0.5169580578804016,-0.3003911219730767
-123.93749342394463,-1293.4899158209837,0.0,4.96443159346949,0.9120352268218994,0.0,0.0,-0.41011130809783936,0.8597070574760437,0.0,0.0,-0.5107873678207397,0.04966225361603177
-125.02447775226689,-1294.5395738042419,0.0,4.974795642536142,0.9145579934120178,0.0,0.0,-0.4044542610645294,0.8633278608322144,0.0,0.0,-0.5046432614326477,-0.30091455879462475
-126.10278237328056,-1295.6060892284754,0.0,4.9852799419021325,0.9170071482658386,0.0,0.0,-0.3988703489303589,0.8668726086616516,0.0,0.0,-0.49852970242500305,0.049132743547042335
-127.17250344648447,-1296.6892972446778,0.0,4.995937667394975,0.9193839430809021,0.0,0.0,-0.39336103200912476,0.8703418970108032,0.0,0.0,-0.4924478530883789,-0.30145282775890975
-128.23374833142302,-1297.7890431736578,0.0,5.006821994842176,0.9216896891593933,0.0,0.0,-0.3879275619983673,0.8737346529960632,0.0,0.0,-0.4864028990268707,0.0485830300396079
-129.2866350678881,-1298.905183124919,0.0,5.017986100071255,0.9239258766174316,0.0,0.0,-0.3825712203979492,0.877051830291748,0.0,0.0,-0.4803958535194397,-0.30201667145734806
-130.33129187360322,-1300.0375845714277,0.0,5.029483158909724,0.9260936975479126,0.0,0.0,-0.3772933781147003,0.880293071269989,0.0,0.0,-0.4744305908679962,0.04800237050231149
-131.3678566595021,-1301.186126879744,0.0,5.04136634718509,0.9281947016716003,0.0,0.0,-0.37209463119506836,0.8834598064422607,0.0,0.0,-0.4685072898864746,-0.3026168324813564
-132.39647656272996,-1302.3507017950033,0.0,5.053688840724871,0.9302303194999695,0.0,0.0,-0.3669758439064026,0.8865517973899841,0.0,0.0,-0.4626297354698181,0.04738002234373667
-133.41730749745324,-1303.531213880207,0.0,5.066503815356577,0.9322020411491394,0.0,0.0,-0.36193788051605225,0.8895699381828308,0.0,0.0,-0.4567994177341461,-0.30326405342235163
-134.43051372357868,-1304.7275809092653,0.0,5.079864446907729,0.934111475944519,0.0,0.0,-0.35698121786117554,0.8925150632858276,0.0,0.0,-0.4510177671909332,0.04670524297246631
-135.4362674334748,-1305.9397342132015,0.0,5.0938239112058294,0.9359598755836487,0.0,0.0,-0.3521064519882202,0.8953869342803955,0.0,0.0,-0.4452889859676361,-0.3039690768717506
-136.43474835677722,-1307.1676189788486,0.0,5.108435384078397,0.9377486705780029,0.0,0.0,-0.34731417894363403,0.8981872797012329,0.0,0.0,-0.4396131634712219,0.04596728979708414
-137.4261433833954,-1308.4111944993563,0.0,5.123752041352947,0.9394795298576355,0.0,0.0,-0.34260472655296326,0.900915801525116,0.0,0.0,-0.4339940547943115,-0.30474264542097035
-138.4106462048267,-1309.6704343756987,0.0,5.139827058856984,0.9411537647247314,0.0,0.0,-0.3379783034324646,0.9035743474960327,0.0,0.0,-0.4284311532974243,0.04515542022617319
-139.38845697391963,-1310.9453266683342,0.0,5.156713612418025,0.9427729249000549,0.0,0.0,-0.33343490958213806,0.9061635136604309,0.0,0.0,-0.4229274392127991,-0.30559550166142696
-140.35978198324028,-1312.235873998043,0.0,5.174464877863583,0.9443385004997253,0.0,0.0,-0.32897496223449707,0.9086845517158508,0.0,0.0,-0.41748327016830444,0.0442588916683167
-141.32483336223677,-1313.5420935948525,0.0,5.193134031021177,0.9458518028259277,0.0,0.0,-0.32459843158721924,0.9111382365226746,0.0,0.0,-0.41210073232650757,-0.30653838818453777
-142.2838287934285,-1314.8640172938656,0.0,5.2127742477183086,0.9473141431808472,0.0,0.0,-0.320305734872818,0.913525402545929,0.0,0.0,-0.406781405210495,0.04326696153209797
-143.2369912478867,-1316.2016914766284,0.0,5.233438703782498,0.9487268924713135,0.0,0.0,-0.31609657406806946,0.9158474802970886,0.0,0.0,-0.4015260636806488,-0.3075820475817191
-144.18454874032142,-1317.5551769565502,0.0,5.255180575041263,0.9500913619995117,0.0,0.0,-0.31197160482406616,0.9181053638458252,0.0,0.0,-0.39633625745773315,0.04216888722609974
-145.12673410415755,-1318.9245488067183,0.0,5.278053037322104,0.951408863067627,0.0,0.0,-0.307930588722229,0.9203000664710999,0.0,0.0,-0.39121299982070923,-0.30873722244438784
-146.06378478701492,-1320.3098961282358,0.0,5.302109266452538,0.9526804089546204,0.0,0.0,-0.3039737045764923,0.9224329590797424,0.0,0.0,-0.3861570358276367,0.04095392615890614
-146.99594266711202,-1321.7113217570693,0.0,5.327402438260079,0.9539074301719666,0.0,0.0,-0.3001011610031128,0.9245055317878723,0.0,0.0,-0.3811684548854828,-0.3100146553639606
-147.92345389115542,-1323.1289419071156,0.0,5.353985728572253,0.9550909399986267,0.0,0.0,-0.29631316661834717,0.9265179634094238,0.0,0.0,-0.376250296831131,0.03961133573909936
-148.84656873438212,-1324.5628857470238,0.0,5.381912313216549,0.9562318921089172,0.0,0.0,-0.2926099896430969,0.9284723401069641,0.0,0.0,-0.3714011609554291,-0.3114250889318544
-149.76554148349825,-1326.013294908011,0.0,5.411235368020493,0.9573315382003784,0.0,0.0,-0.2889918386936188,0.9303693771362305,0.0,0.0,-0.366623193025589,0.038130373375263815
-150.68063034335822,-1327.4803229196782,0.0,5.442008068811607,0.9583908319473267,0.0,0.0,-0.28545916080474854,0.9322100877761841,0.0,0.0,-0.3619174659252167,-0.31297926573948637
-151.59209736834342,-1328.964134570535,0.0,5.474283591417382,0.9594107270240784,0.0,0.0,-0.28201213479042053,0.933996319770813,0.0,0.0,-0.35728222131729126,0.03650029647598224
-152.5002084194991,-1330.4649051896301,0.0,5.5081151116653455,0.9603922963142395,0.0,0.0,-0.27865132689476013,0.9357285499572754,0.0,0.0,-0.3527202010154724,-0.3146879283782724
-153.40523314861943,-1331.9828198453747,0.0,5.5435558053830025,0.9613361954689026,0.0,0.0,-0.27537715435028076,0.937408447265625,0.0,0.0,-0.34823110699653625,0.03471036244983794
-154.3074445242438,-1333.51807162374,0.0,5.580655825277609,0.962243378162384,0.0,0.0,-0.2721902132034302,0.9390367269515991,0.0,0.0,-0.34381604194641113,-0.3165616667567879
-155.20710424382253,-1335.0708351620447,0.0,5.619373351176063,0.9631146192550659,0.0,0.0,-0.26909103989601135,0.9406152367591858,0.0,0.0,-0.3394738733768463,0.03275493184890588
-156.1044467321049,-1336.6412354331462,0.0,5.659560068056414,0.9639507532119751,0.0,0.0,-0.2660805583000183,0.9421443343162537,0.0,0.0,-0.3352065980434418,-0.31859129892246213
-156.99967982118034,-1338.2293435202112,0.0,5.70106171380064,0.9647522568702698,0.0,0.0,-0.2631596028804779,0.9436250925064087,0.0,0.0,-0.33101505041122437,0.03065888913455106
-157.89298637074126,-1339.8351580180627,0.0,5.743724026290674,0.965519905090332,0.0,0.0,-0.26032912731170654,0.9450589418411255,0.0,0.0,-0.32689887285232544,-0.3207459611694336
-158.78452585189862,-1341.4585961400617,0.0,5.7873927434084935,0.9662542343139648,0.0,0.0,-0.2575899660587311,0.9464463591575623,0.0,0.0,-0.3228600025177002,0.02845339837102484
-159.67443589298327,-1343.0995121418293,0.0,5.83191360303606,0.9669559001922607,0.0,0.0,-0.25494319200515747,0.9477885365486145,0.0,0.0,-0.31889835000038147,-0.32299448943345216
-160.56283378522323,-1344.7576970835712,0.0,5.877132343055357,0.9676254391670227,0.0,0.0,-0.2523900866508484,0.9490862488746643,0.0,0.0,-0.3150153160095215,0.026169623622575577
-161.44981794568116,-1346.4328771733246,0.0,5.922894701348309,0.9682632684707642,0.0,0.0,-0.24993188679218292,0.9503402709960938,0.0,0.0,-0.31121188402175903,-0.32530571965026794
-162.33546933436742,-1348.1247122737216,0.0,5.969046415796897,0.9688698649406433,0.0,0.0,-0.24756988883018494,0.9515516757965088,0.0,0.0,-0.3074883818626404,0.023838728953454957
-163.21985282202326,-1349.8327945824979,0.0,6.015433224283105,0.9694458246231079,0.0,0.0,-0.2453051060438156,0.9527211785316467,0.0,0.0,-0.3038456439971924,-0.32764848775563193
-164.1030185046666,-1351.5566474975385,0.0,6.061900864688856,0.9699912667274475,0.0,0.0,-0.24313922226428986,0.9538494944572449,0.0,0.0,-0.30028480291366577,0.021491878427911892
-164.98500296065927,-1353.2957246777544,0.0,6.108295074896133,0.9705066680908203,0.0,0.0,-0.24107353389263153,0.9549372792243958,0.0,0.0,-0.29680734872817993,-0.32999162968529233
-165.8658304457456,-1355.0494093113957,0.0,6.154461592786898,0.9709924459457397,0.0,0.0,-0.23910954594612122,0.9559856057167053,0.0,0.0,-0.2934131324291229,0.019160236110196516
-166.74551402126153,-1356.8170136036842,0.0,6.200246156243131,0.9714488387107849,0.0,0.0,-0.23724865913391113,0.9569948315620422,0.0,0.0,-0.2901045083999634,-0.3323039813750011
-167.6240566104995,-1358.5977784957581,0.0,6.245494503146761,0.9718760848045349,0.0,0.0,-0.23549211025238037,0.9579658508300781,0.0,0.0,-0.2868817448616028,0.016874966064558683
-168.50145197806128,-1360.3908736269068,0.0,6.290052371379768,0.972274661064148,0.0,0.0,-0.23384113609790802,0.9588991403579712,0.0,0.0,-0.28374654054641724,-0.33455437876050653
-169.37768562691716,-1362.1953975519634,0.0,6.33376549882413,0.9726448059082031,0.0,0.0,-0.232296884059906,0.9597951769828796,0.0,0.0,-0.2807006537914276,0.014667232355247473
-170.2527356078413,-1364.0103782254419,0.0,6.376479623361779,0.9729867577552795,0.0,0.0,-0.23086030781269073,0.9606549143791199,0.0,0.0,-0.2777441740036011,-0.33671165777755957
-171.12657323589002,-1365.8347737636198,0.0,6.418040482874692,0.9732927083969116,0.0,0.0,-0.22953049838542938,0.9614785313606262,0.0,0.0,-0.27487924695014954,0.012568199046514517
-171.99916370864423,-1367.6674734952123,0.0,6.458293815244832,0.9735731482505798,0.0,0.0,-0.22831061482429504,0.9622665047645569,0.0,0.0,-0.27210789918899536,-0.33874465436191004
-172.87046662105072,-1369.5072993106037,0.0,6.497085358354179,0.9738281965255737,0.0,0.0,-0.22720110416412354,0.9630193710327148,0.0,0.0,-0.269431471824646,0.01060903020260806
-173.74043637187424,-1371.3530073187746,0.0,6.534260850084664,0.9740577936172485,0.0,0.0,-0.22620221972465515,0.9637374877929688,0.0,0.0,-0.2668512761592865,-0.3406222044493082
-174.6090224569949,-1373.2032898200719,0.0,6.569666028318267,0.9742620587348938,0.0,0.0,-0.22531384229660034,0.9644213914871216,0.0,0.0,-0.2643686532974243,0.00882088988777957
-175.4761696450873,-1375.0567776018404,0.0,6.60314663093696,0.9744411706924438,0.0,0.0,-0.22453562915325165,0.9650713205337524,0.0,0.0,-0.2619863450527191,-0.34231314397550483
-176.34181803156144,-1376.9120425626359,0.0,6.634548395822682,0.974595308303833,0.0,0.0,-0.2238669991493225,0.9656878113746643,0.0,0.0,-0.25970470905303955,0.007234942166278457
-177.20590296707266,-1378.7676006693086,0.0,6.66371706085741,0.9747247099876404,0.0,0.0,-0.22330676019191742,0.9662708044052124,0.0,0.0,-0.25752711296081543,-0.3437863088762486
-178.06835485737477,-1380.621915249631,0.0,6.690498363923105,0.9748297333717346,0.0,0.0,-0.22285360097885132,0.9668202996253967,0.0,0.0,-0.2554561495780945,0.005882351102354466
-178.9290988318366,-1382.4734006213955,0.0,6.7147380429017405,0.9749108552932739,0.0,0.0,-0.22250549495220184,0.9673371315002441,0.0,0.0,-0.2534922957420349,-0.34501053508729085
-179.788054279673,-1384.320426059428,0.0,6.736281844553694,0.974968671798706,0.0,0.0,-0.22225981950759888,0.9678213000297546,0.0,0.0,-0.2516375482082367,0.004794280311851806
-180.64519100495014,-1386.1615322624418,0.0,6.755026375084784,0.975003719329834,0.0,0.0,-0.22211366891860962,0.9682738780975342,0.0,0.0,-0.24989046156406403,-0.34595722854845706
-181.50079522012646,-1387.9964488501828,0.0,6.771038693007319,0.9750167727470398,0.0,0.0,-0.2220638394355774,0.9686957001686096,0.0,0.0,-0.2482498586177826,0.003985577386471262
-182.3552882763719,-1389.8253799726592,0.0,6.784421524877509,0.9750083684921265,0.0,0.0,-0.22210745513439178,0.969088077545166,0.0,0.0,-0.24671363830566406,-0.34663312914796157
-183.2091180814532,-1391.6485843267567,0.0,6.7952775972515775,0.974979043006897,0.0,0.0,-0.22224164009094238,0.969451904296875,0.0,0.0,-0.24528038501739502,0.0034372909029323773
-184.06275592260621,-1393.466370313609,0.0,6.8037096366857455,0.9749293327331543,0.0,0.0,-0.22246386110782623,0.9697879552841187,0.0,0.0,-0.24394847452640533,-0.34705898972544474
-184.91669358242882,-1395.2790919496194,0.0,6.809820369736232,0.9748598337173462,0.0,0.0,-0.2227713018655777,0.9700969457626343,0.0,0.0,-0.242716982960701,0.003128668021594616
-185.77144061011535,-1397.0871449654933,0.0,6.813712522959253,0.9747709035873413,0.0,0.0,-0.22316157817840576,0.9703793525695801,0.0,0.0,-0.24158552289009094,-0.3472555631205468
-186.62752175590066,-1398.890963104369,0.0,6.815488822911028,0.9746630787849426,0.0,0.0,-0.2236318439245224,0.970636248588562,0.0,0.0,-0.24055130779743195,0.003038955902818108
-187.4854745754972,-1400.6910146286984,0.0,6.815251996147778,0.9745368361473083,0.0,0.0,-0.22417934238910675,0.9708680510520935,0.0,0.0,-0.2396140843629837,-0.3472436021729079
-188.34584721026167,-1402.4877990441737,0.0,6.813104769225722,0.9743927121162415,0.0,0.0,-0.22480137646198273,0.9710756540298462,0.0,0.0,-0.23877111077308655,0.003147401706962316
-189.20919634783434,-1404.2818440476588,0.0,6.809149868701078,0.9742311239242554,0.0,0.0,-0.22549547255039215,0.9712595343589783,0.0,0.0,-0.23802201449871063,-0.3470438597221683
-190.0760853670453,-1406.0737027048522,0.0,6.803490021130066,0.9740524291992188,0.0,0.0,-0.22625938057899475,0.9714161157608032,0.0,0.0,-0.2373637557029724,0.003433252594387204
-190.9470826700018,-1407.8639508622364,0.0,6.796227953068903,0.9738568663597107,0.0,0.0,-0.2270914763212204,0.9715516567230225,0.0,0.0,-0.23679564893245697,-0.34667708860796814
-191.82276020341317,-1409.6531847967292,0.0,6.787466391073812,0.9736443758010864,0.0,0.0,-0.22799105942249298,0.9716662168502808,0.0,0.0,-0.2363169640302658,0.003875755725452401
-192.70369217044743,-1411.4420191054357,0.0,6.777308061701007,0.9734148979187012,0.0,0.0,-0.22895735502243042,0.9717602729797363,0.0,0.0,-0.23592543601989746,-0.3461640416699477
-193.59045393367109,-1413.2310848369173,0.0,6.765855691506708,0.9731680154800415,0.0,0.0,-0.22999127209186554,0.9718338847160339,0.0,0.0,-0.23562011122703552,0.004454158260517982
-194.48362110896605,-1415.0210278644959,0.0,6.753212007047141,0.9729032516479492,0.0,0.0,-0.23109397292137146,0.9718877673149109,0.0,0.0,-0.23539772629737854,-0.34552547174774734
-195.38376884970634,-1416.8125075013065,0.0,6.73947973487852,0.9726284742355347,0.0,0.0,-0.2322699874639511,0.9719222187995911,0.0,0.0,-0.2352568507194519,0.005147707359943299
-196.29147131991883,-1418.6061953560293,0.0,6.724761601557065,0.9723334312438965,0.0,0.0,-0.23352034389972687,0.9719376564025879,0.0,0.0,-0.23519502580165863,-0.34478213168100713
-197.20730135467537,-1420.4027744276063,0.0,6.709160333638986,0.9720167517662048,0.0,0.0,-0.23484934866428375,0.9719343781471252,0.0,0.0,-0.23521064221858978,0.005935650184088703
-198.13183030552193,-1422.2029384366174,0.0,6.692778657680518,0.9716771841049194,0.0,0.0,-0.23626214265823364,0.9719130396842957,0.0,0.0,-0.23530037701129913,-0.3439547743093674
-199.06562806837965,-1424.0073913904764,0.0,6.675719300237871,0.9713126420974731,0.0,0.0,-0.23776565492153168,0.9718735814094543,0.0,0.0,-0.23546412587165833,0.00679723389331327
-200.00926329104857,-1425.8168473791775,0.0,6.6580849878672606,0.970920979976654,0.0,0.0,-0.2393673062324524,0.9718169569969177,0.0,0.0,-0.23569715023040771,-0.3430641524724678
-200.9633037571864,-1427.6320305979532,0.0,6.639978447124915,0.970499575138092,0.0,0.0,-0.2410764843225479,0.9717433452606201,0.0,0.0,-0.2359984964132309,0.007711705647977185
-201.92831694343528,-1429.453675592871,0.0,6.621502404567053,0.9700449705123901,0.0,0.0,-0.2429041713476181,0.971653401851654,0.0,0.0,-0.23636482656002045,-0.3421310190099496
-202.9048707462545,-1431.28252772525,0.0,6.602759586749888,0.9695534110069275,0.0,0.0,-0.24486272037029266,0.9715479016304016,0.0,0.0,-0.23679256439208984,0.008658312608440133
-203.89351384235388,-1433.1193058555712,0.0,6.583717040783186,0.9690202474594116,0.0,0.0,-0.246967613697052,0.9714269638061523,0.0,0.0,-0.23728051781654358,-0.34116927426415655
-204.89453804906873,-1434.9642665702806,0.0,6.562799953686564,0.9684398174285889,0.0,0.0,-0.24923637509346008,0.9712908864021301,0.0,0.0,-0.23782727122306824,0.009714731148673494
-205.90780546103122,-1436.8169000632006,0.0,6.537455325548383,0.9678055047988892,0.0,0.0,-0.25168994069099426,0.9711365699768066,0.0,0.0,-0.23844388127326965,-0.33988924254000596
-206.93271093361477,-1438.6745573621913,0.0,6.505114581516675,0.9671100974082947,0.0,0.0,-0.2543506622314453,0.9709644317626953,0.0,0.0,-0.23915155231952667,0.011348102059365872
-207.9681433911802,-1440.5309130850167,0.0,6.463209146739503,0.9663461446762085,0.0,0.0,-0.2572391927242279,0.9707645773887634,0.0,0.0,-0.23996856808662415,-0.33777280644014884
-209.01244410377754,-1442.378594017345,0.0,6.409170446364902,0.9655065536499023,0.0,0.0,-0.2603738605976105,0.9705324172973633,0.0,0.0,-0.2409118413925171,0.014077329351012413
-210.06340361329777,-1444.209689303681,0.0,6.340675549983977,0.9645841121673584,0.0,0.0,-0.2637714445590973,0.9702636003494263,0.0,0.0,-0.24199819564819336,-0.334313468239092
-211.11868905727658,-1446.0166148993994,0.0,6.258161798902309,0.9635719060897827,0.0,0.0,-0.2674461007118225,0.9699540734291077,0.0,0.0,-0.24324072897434235,0.018244690516753204
-212.17614295089822,-1447.7926836312954,0.0,6.163803102574619,0.9624630212783813,0.0,0.0,-0.27141043543815613,0.9696000814437866,0.0,0.0,-0.24465247988700867,-0.3295478775154713
-213.23381458326725,-1449.5321624894118,0.0,6.059800388517118,0.9612504243850708,0.0,0.0,-0.2756750285625458,0.9691981077194214,0.0,0.0,-0.24624431133270264,0.02349735284288962
-214.28999020861735,-1451.2302999808321,0.0,5.948354584246007,0.9599267840385437,0.0,0.0,-0.2802494466304779,0.9687450528144836,0.0,0.0,-0.24802428483963013,-0.3239193015421829
-215.34322577023048,-1452.8833329105044,0.0,5.831666617277601,0.9584851861000061,0.0,0.0,-0.2851412892341614,0.9682376384735107,0.0,0.0,-0.25000083446502686,0.02939068450796062
-216.3923815390101,-1454.4884745502366,0.0,5.711937415128102,0.9569183588027954,0.0,0.0,-0.29035624861717224,0.9676724076271057,0.0,0.0,-0.25218287110328674,-0.317872372140693
-217.43665808600025,-1456.043886375502,0.0,5.591367905313753,0.9552191495895386,0.0,0.0,-0.2958983778953552,0.9670464396476746,0.0,0.0,-0.25457558035850525,0.0354800536905035
-218.47563307208122,-1457.548635622321,0.0,5.472159015350744,0.9533805251121521,0.0,0.0,-0.3017699420452118,0.9663571715354919,0.0,0.0,-0.25718215107917786,-0.3118517211324603
-219.50929842661748,-1459.0026408539256,0.0,5.356511672755409,0.9513953924179077,0.0,0.0,-0.3079712986946106,0.9656004309654236,0.0,0.0,-0.26001110672950745,0.041320828569055834
-220.53809759780472,-1460.4066075412436,0.0,5.246626805043938,0.9492572546005249,0.0,0.0,-0.31450003385543823,0.9647736549377441,0.0,0.0,-0.26306402683258057,-0.3063019803389517
-221.5629626886328,-1461.761955364569,0.0,5.144705339732538,0.946959376335144,0.0,0.0,-0.32135307788848877,0.9638728499412537,0.0,0.0,-0.26634734869003296,0.046468377322156806
-222.58535144162164,-1463.0707385480362,0.0,5.05294820433752,0.9444953203201294,0.0,0.0,-0.32852470874786377,0.9628949761390686,0.0,0.0,-0.26986247301101685,-0.3016677815816275
-223.60728420088174,-1464.3355600539296,0.0,4.973556326375089,0.9418588876724243,0.0,0.0,-0.3360087275505066,0.9618347883224487,0.0,0.0,-0.2736186683177948,0.05047806812834016
-224.63127504799752,-1465.559355342115,0.0,4.908225853183917,0.9390437602996826,0.0,0.0,-0.34379735589027405,0.9606873989105225,0.0,0.0,-0.27762141823768616,-0.2983682627335885
-225.65974852285706,-1466.7446143736227,0.0,4.855779232460294,0.9360446929931641,0.0,0.0,-0.35188108682632446,0.9594470858573914,0.0,0.0,-0.2818790376186371,0.05312688735680601
-226.69480450451982,-1467.8931340033973,0.0,4.814023419489714,0.9328559041023254,0.0,0.0,-0.360249400138855,0.9581088423728943,0.0,0.0,-0.28639569878578186,-0.29625938329062995
-227.7381863359183,-1469.0060454089485,0.0,4.780764204456234,0.9294736981391907,0.0,0.0,-0.36888808012008667,0.9566649794578552,0.0,0.0,-0.2911832332611084,0.054806645691830275
-228.7912485016444,-1470.083851401285,0.0,4.753807377543919,0.925894558429718,0.0,0.0,-0.3777815103530884,0.9551091194152832,0.0,0.0,-0.2962476909160614,-0.2948979273859676
-229.8549233572376,-1471.126473138159,0.0,4.730958728936868,0.9221165776252747,0.0,0.0,-0.38691163063049316,0.9534331560134888,0.0,0.0,-0.30159875750541687,0.05596061784370154
-230.92968670232034,-1472.133306170431,0.0,4.71002404881915,0.9181400537490845,0.0,0.0,-0.3962555527687073,0.9516286849975586,0.0,0.0,-0.3072454035282135,-0.2938406203093152
-232.01555073102315,-1473.1033107395479,0.0,4.688931999479047,0.9139674305915833,0.0,0.0,-0.40578699111938477,0.949687123298645,0.0,0.0,-0.3131953775882721,0.05702587286087846
-233.11234346041584,-1474.0353420115005,0.0,4.666939040230146,0.9096036553382874,0.0,0.0,-0.41547662019729614,0.9476004838943481,0.0,0.0,-0.31945347785949707,-0.2927298647916939
-234.21989063488087,-1474.9283310787405,0.0,4.644112808329173,0.9050570726394653,0.0,0.0,-0.42528972029685974,0.9453624486923218,0.0,0.0,-0.3260173201560974,0.05817871285587706
-235.33788799006163,-1475.781614564817,0.0,4.620532557335967,0.9003381133079529,0.0,0.0,-0.4351906180381775,0.9429738521575928,0.0,0.0,-0.3328631818294525,-0.29153894302436023
-236.46558009455356,-1476.595737708385,0.0,4.596277540810351,0.8954584002494812,0.0,0.0,-0.44514498114585876,0.9404361844062805,0.0,0.0,-0.33996686339378357,0.05940371369050415
-237.60213475240351,-1477.3715210202436,0.0,4.5714270123121885,0.8904290199279785,0.0,0.0,-0.4551219344139099,0.9377499222755432,0.0,0.0,-0.3473084568977356,-0.29028386582748333
-238.74674759689438,-1478.1098001893401,0.0,4.546060225401305,0.8852620720863342,0.0,0.0,-0.46509233117103577,0.9349180459976196,0.0,0.0,-0.35486122965812683,0.06068486454458913
-239.89864375013514,-1478.811422706426,0.0,4.520256433637542,0.8799687027931213,0.0,0.0,-0.47503140568733215,0.9319412708282471,0.0,0.0,-0.36260706186294556,-0.28898064402123264
-241.05707933729983,-1479.4772446394263,0.0,4.494094890580728,0.8745607137680054,0.0,0.0,-0.48491576313972473,0.928823709487915,0.0,0.0,-0.37052008509635925,0.06200615459796355
-242.22134285893236,-1480.108127558873,0.0,4.467654849790721,0.8690498471260071,0.0,0.0,-0.49472421407699585,0.9255664348602295,0.0,0.0,-0.3785833418369293,-0.28764528842577775
-243.39075642502522,-1480.7049356112398,0.0,4.441015564827353,0.8634470701217651,0.0,0.0,-0.5044393539428711,0.9221745133399963,0.0,0.0,-0.3867724537849426,0.06335157303045688
-244.56467685480212,-1481.2685327376205,0.0,4.41425628925045,0.8577637672424316,0.0,0.0,-0.5140441060066223,0.9186511635780334,0.0,0.0,-0.39506796002388,-0.2862938098612877
-245.74249664635389,-1481.7997800347912,0.0,4.387456276619871,0.8520107865333557,0.0,0.0,-0.523524284362793,0.9149996638298035,0.0,0.0,-0.40345299243927,0.0647051090219003
-246.92364482041438,-1482.2995332553498,0.0,4.360694780495449,0.846198558807373,0.0,0.0,-0.5328677296638489,0.9112243056297302,0.0,0.0,-0.41190916299819946,-0.28494221914793305
-248.10758764268425,-1482.7686404432964,0.0,4.334051054437021,0.8403370380401611,0.0,0.0,-0.5420641899108887,0.9073286652565002,0.0,0.0,-0.42042091488838196,0.06605075175212391
-249.29382922917034,-1483.207939701149,0.0,4.307604352004413,0.8344361782073975,0.0,0.0,-0.5511044263839722,0.9033196568489075,0.0,0.0,-0.4289669990539551,-0.2836065271058821
-250.48191203905827,-1483.6182570844305,0.0,4.281433926757488,0.8285046219825745,0.0,0.0,-0.5599820017814636,0.8991997241973877,0.0,0.0,-0.43753737211227417,0.06737249040095844
-251.67141725962173,-1484.00040461914,0.0,4.2556190322560745,0.8225519061088562,0.0,0.0,-0.5686898231506348,0.8949774503707886,0.0,0.0,-0.44611024856567383,-0.28230274455530563
-252.86196508762774,-1484.355178437644,0.0,4.23023892206,0.8165850043296814,0.0,0.0,-0.5772249698638916,0.8906549215316772,0.0,0.0,-0.454679012298584,0.06865431414823495
-254.0532149116302,-1484.683357028259,0.0,4.205372849729124,0.8106122612953186,0.0,0.0,-0.5855830311775208,0.886238157749176,0.0,0.0,-0.46322911977767944,-0.28104688231637254
-255.24486539942188,-1484.9856995936673,0.0,4.181100068823278,0.8046405911445618,0.0,0.0,-0.5937619805335999,0.881732702255249,0.0,0.0,-0.47174859046936035,0.06988021217378276
-256.4366544947816,-1485.2629445132118,0.0,4.157499832902298,0.7986766695976257,0.0,0.0,-0.6017600297927856,0.8771467804908752,0.0,0.0,-0.48022159934043884,-0.27985495120925236
-257.62835932747015,-1485.5158079040457,0.0,4.134651395526016,0.7927267551422119,0.0,0.0,-0.6095768213272095,0.8724827766418457,0.0,0.0,-0.4886440634727478,0.07103417365743336
-258.8197960402168,-1485.744982276056,0.0,4.112634010254288,0.7867956757545471,0.0,0.0,-0.6172133088111877,0.8677470684051514,0.0,0.0,-0.4970053732395172,-0.27874296205411453
-260.0108195362136,-1485.951135275471,0.0,4.091526930646944,0.7808881998062134,0.0,0.0,-0.6246704459190369,0.8629449009895325,0.0,0.0,-0.5052973628044128,0.07210018777901633
-261.20132315035414,-1486.134908512064,0.0,4.071409410263817,0.7750093936920166,0.0,0.0,-0.6319493651390076,0.8580817580223083,0.0,0.0,-0.5135124921798706,-0.2777269256711283
-262.39123824714386,-1486.2969164648996,0.0,4.052360702664761,0.7691629528999329,0.0,0.0,-0.6390523910522461,0.8531646132469177,0.0,0.0,-0.5216411352157593,0.07306224371836259
-263.58053374791956,-1486.437745461608,0.0,4.034460061409606,0.7633520364761353,0.0,0.0,-0.6459823846817017,0.848196804523468,0.0,0.0,-0.5296805500984192,-0.2768228528804639
-264.7692155896176,-1486.557952726287,0.0,4.017786740058191,0.757579505443573,0.0,0.0,-0.6527426242828369,0.8431844711303711,0.0,0.0,-0.5376237034797668,0.07390433065530272
-265.95732611696593,-1486.6580654911922,0.0,4.002419992170351,0.7518481016159058,0.0,0.0,-0.6593360900878906,0.8381311893463135,0.0,0.0,-0.5454680919647217,-0.2760467545022901
-267.14494340956844,-1486.7385801675482,0.0,3.9884390713059363,0.7461603879928589,0.0,0.0,-0.6657658815383911,0.8330449461936951,0.0,0.0,-0.5532047748565674,0.07461043776966708
-268.3321805448852,-1486.7999615709252,0.0,3.97592323102478,0.7405174970626831,0.0,0.0,-0.6720367670059204,0.8279281854629517,0.0,0.0,-0.5608336329460144,-0.2754146413567772
-269.5191847976595,-1486.842642196845,0.0,3.964951724886716,0.7349205613136292,0.0,0.0,-0.6781529188156128,0.8227835297584534,0.0,0.0,-0.5683544278144836,0.07516455424128646
-270.70613676943697,-1486.8670215423706,0.0,3.955603785147102,0.7293710708618164,0.0,0.0,-0.6841180920600891,0.817615270614624,0.0,0.0,-0.5757644176483154,-0.27494252318810974
-271.89324192355053,-1486.873465485702,0.0,3.947933602758928,0.7238697409629822,0.0,0.0,-0.6899363994598389,0.8124324679374695,0.0,0.0,-0.5830549001693726,0.0755519371901841
-273.08070739054557,-1486.8623066136888,0.0,3.941921943723031,0.7184167504310608,0.0,0.0,-0.6956127882003784,0.807232141494751,0.0,0.0,-0.5902338027954102,-0.2746389040448826
-274.2687366655213,-1486.8338459185313,0.0,3.9375361859620988,0.7130119800567627,0.0,0.0,-0.7011517286300659,0.8020206093788147,0.0,0.0,-0.5972962379455566,0.07577344010740289
-275.4575283579823,-1486.7883545973846,0.0,3.9347437073988236,0.7076557874679565,0.0,0.0,-0.7065572738647461,0.7968026995658875,0.0,0.0,-0.6042392253875732,-0.27449786977401014
-276.64727498723664,-1486.7260757848358,0.0,3.9335118859558893,0.7023472189903259,0.0,0.0,-0.7118345499038696,0.7915804982185364,0.0,0.0,-0.6110644936561584,0.07583565331159148
-277.83816181971486,-1486.6472262231637,0.0,3.9338080995559874,0.6970856785774231,0.0,0.0,-0.7169879078865051,0.7863560914993286,0.0,0.0,-0.6177731156349182,-0.27451283005684335
-279.0303657448764,-1486.551997875038,0.0,3.9355997261218034,0.6918707489967346,0.0,0.0,-0.7220214009284973,0.7811331152915955,0.0,0.0,-0.6243643164634705,0.07574516712139875
-280.22405418661435,-1486.4405594830355,0.0,3.9388541435760254,0.686701238155365,0.0,0.0,-0.726939857006073,0.7759135961532593,0.0,0.0,-0.6308389902114868,-0.2746771945747334
-281.41938404731854,-1486.3130580801212,0.0,3.9435387298413453,0.6815752983093262,0.0,0.0,-0.7317479848861694,0.7706983089447021,0.0,0.0,-0.6371999979019165,0.07550857185547352
-282.6165006820051,-1486.16962045499,0.0,3.9496208628404488,0.676491916179657,0.0,0.0,-0.7364500761032104,0.7654911279678345,0.0,0.0,-0.6434462070465088,-0.27498437300903156
-283.81553690014135,-1486.0103545759393,0.0,3.957067920496022,0.6714503169059753,0.0,0.0,-0.7410495281219482,0.7602910995483398,0.0,0.0,-0.6495823264122009,0.0751324578324648
-285.0166119930208,-1485.835350976707,0.0,3.965847280730757,0.6664484143257141,0.0,0.0,-0.7455510497093201,0.7551038861274719,0.0,0.0,-0.6556049585342407,-0.27542777504108884
-286.21983078474113,-1485.6446841075078,0.0,3.975926321467342,0.6614845395088196,0.0,0.0,-0.7499587535858154,0.749930202960968,0.0,0.0,-0.6615167856216431,0.07462341537102107
-287.4252827050798,-1485.4384136542717,0.0,3.987272420628461,0.6565568447113037,0.0,0.0,-0.7542764544487,0.7447672486305237,0.0,0.0,-0.6673240661621094,-0.27600081035225643
-288.6330408827048,-1485.216585828893,0.0,3.999852956136805,0.6516644954681396,0.0,0.0,-0.758507251739502,0.7396208643913269,0.0,0.0,-0.6730234622955322,0.07398803478979155
-289.8431612574009,-1484.9792346330955,0.0,4.013635305915059,0.646804928779602,0.0,0.0,-0.7626553177833557,0.7344883680343628,0.0,0.0,-0.6786209940910339,-0.2766968886238854
-291.055681710152,-1484.7263830983197,0.0,4.028586847885921,0.6419768333435059,0.0,0.0,-0.7667238712310791,0.729373574256897,0.0,0.0,-0.6841152906417847,0.07323290640742475
-292.27062121009214,-1484.4580445038603,0.0,4.044674959972068,0.6371793150901794,0.0,0.0,-0.7707155346870422,0.724277138710022,0.0,0.0,-0.6895086169242859,-0.2775094195373271
-293.4879789775378,-1484.174223575272,0.0,4.061867020096191,0.632411003112793,0.0,0.0,-0.7746329307556152,0.7191979885101318,0.0,0.0,-0.6948050260543823,0.07236462054257001
-294.7077336624626,-1483.8749176649137,0.0,4.080130406180986,0.6276700496673584,0.0,0.0,-0.7784793972969055,0.71413654088974,0.0,0.0,-0.7000064253807068,-0.2784318127739329
-295.9298425379462,-1483.5601179162938,0.0,4.09943249614913,0.6229557991027832,0.0,0.0,-0.782257080078125,0.7090915441513062,0.0,0.0,-0.7051165103912354,0.07138976751387585
-297.1542407082851,-1483.2298104137203,0.0,4.119740667923316,0.6182673573493958,0.0,0.0,-0.7859678864479065,0.7040632367134094,0.0,0.0,-0.7101373672485352,-0.2794574780150534
-298.3808403316253,-1482.8839773185848,0.0,4.141022299426231,0.613603949546814,0.0,0.0,-0.7896139621734619,0.6990536451339722,0.0,0.0,-0.7150692939758301,0.07031493763999125
-299.6095298571019,-1482.5225979934523,0.0,4.163244768580572,0.6089659333229065,0.0,0.0,-0.7931963205337524,0.6940627098083496,0.0,0.0,-0.7199146747589111,-0.28057982494204037
-300.8401732766457,-1482.145650114942,0.0,4.186375453309014,0.6043528318405151,0.0,0.0,-0.7967167496681213,0.6890885233879089,0.0,0.0,-0.7246771454811096,0.06914672123956492
-302.07260902359695,-1481.7531108957605,0.0,4.210380471035051,0.5997650027275085,0.0,0.0,-0.8001761436462402,0.6841329336166382,0.0,0.0,-0.7293573617935181,-0.2817921995746685
-303.3066473856194,-1481.3449588298135,0.0,4.235219478591051,0.5952033400535583,0.0,0.0,-0.8035750985145569,0.6791926026344299,0.0,0.0,-0.7339600920677185,0.06789222590845381
-304.54210348060786,-1480.921168668139,0.0,4.260850068546082,0.5906695127487183,0.0,0.0,-0.8069136142730713,0.6742689609527588,0.0,0.0,-0.7384858131408691,-0.28308667381482155
-305.77905531439126,-1480.4816640006088,0.0,4.28722983255943,0.586164116859436,0.0,0.0,-0.8101924061775208,0.6693607568740845,0.0,0.0,-0.7429375648498535,0.0665599145946483
-307.01771053199053,-1480.026343405245,0.0,4.314316362290377,0.5816891193389893,0.0,0.0,-0.8134111762046814,0.6644712090492249,0.0,0.0,-0.7473137378692627,-0.2844546803668896
-308.25826559100983,-1479.5551080120104,0.0,4.342067249398215,0.577246904373169,0.0,0.0,-0.8165696263313293,0.659600555896759,0.0,0.0,-0.7516162395477295,0.06515835463970701
-309.5009051782048,-1479.06786268589,0.0,4.370440085542206,0.5728384852409363,0.0,0.0,-0.8196682333946228,0.6547478437423706,0.0,0.0,-0.7558472156524658,-0.2858876518893133
-310.7458027027995,-1478.5645169967122,0.0,4.3993924623816385,0.5684661269187927,0.0,0.0,-0.8227066397666931,0.6499148607254028,0.0,0.0,-0.760006844997406,0.06369611338519016
-311.993120783356,-1478.0449861789514,0.0,4.428881971575795,0.5641325116157532,0.0,0.0,-0.8256841897964478,0.6451034545898438,0.0,0.0,-0.76409512758255,-0.2873770210405333
-313.243011727849,-1477.5091920809991,0.0,4.458866204783969,0.5598396062850952,0.0,0.0,-0.8286008834838867,0.6403156518936157,0.0,0.0,-0.7681117057800293,0.062181758172656115
-314.49561800654084,-1476.9570641032333,0.0,4.489302753665418,0.5555893778800964,0.0,0.0,-0.83145672082901,0.6355517506599426,0.0,0.0,-0.7720581293106079,-0.2889142204789904
-315.75107271716655,-1476.3885401241082,0.0,4.520149209879435,0.5513842701911926,0.0,0.0,-0.8342512249946594,0.6308119893074036,0.0,0.0,-0.7759356498718262,0.06062385634366543
-317.00950004188445,-1475.803567413354,0.0,4.551363165085313,0.5472265481948853,0.0,0.0,-0.8369842767715454,0.6260964274406433,0.0,0.0,-0.7797455191612244,-0.2904906828631257
-318.2710156953857,-1475.2021035312457,0.0,4.582902210942309,0.5431187748908997,0.0,0.0,-0.8396556377410889,0.6214070320129395,0.0,0.0,-0.783487856388092,0.05903097523977677
-319.5357273634843,-1474.5841172128053,0.0,4.614723939109714,0.5390642881393433,0.0,0.0,-0.8422642350196838,0.6167470216751099,0.0,0.0,-0.7871613502502441,-0.29209784085137847
-320.8037351314637,-1473.949589235676,0.0,4.646785941246813,0.5350648164749146,0.0,0.0,-0.8448106646537781,0.6121165752410889,0.0,0.0,-0.7907675504684448,0.0574116822025495
-322.0751319014048,-1473.2985132703004,0.0,4.679045809012899,0.5311231017112732,0.0,0.0,-0.8472943902015686,0.6075186729431152,0.0,0.0,-0.7943055033683777,-0.29372712710219084
-323.35000379764864,-1472.6308967109612,0.0,4.711461134067226,0.5272411704063416,0.0,0.0,-0.849715530872345,0.6029545664787292,0.0,0.0,-0.7977756261825562,0.05577454457354308
-324.62843055952663,-1471.9467614861196,0.0,4.743989508069089,0.5234218835830688,0.0,0.0,-0.8520734906196594,0.5984244346618652,0.0,0.0,-0.8011792898178101,-0.29536997427400213
-325.91048592042824,-1471.246144846416,0.0,4.776588522677782,0.519668698310852,0.0,0.0,-0.8543676733970642,0.5939332246780396,0.0,0.0,-0.8045143485069275,0.054128129694316185
-327.1962384174178,-1470.5290998778833,0.0,4.8092174378909816,0.5159837603569031,0.0,0.0,-0.8565981388092041,0.5894812941551208,0.0,0.0,-0.807781994342804,-0.2970178992847698
-328.48576069347746,-1469.7956910743776,0.0,4.841869227037867,0.5123698711395264,0.0,0.0,-0.8587647676467896,0.5850721597671509,0.0,0.0,-0.8109812140464783,0.05247904943437251
-329.77913794937723,-1469.0459897899707,0.0,4.874568175457763,0.5088292360305786,0.0,0.0,-0.8608672022819519,0.5807039141654968,0.0,0.0,-0.8141148090362549,-0.2986693613261787
-331.0764682651717,-1468.280074000682,0.0,4.907339755742011,0.5053646564483643,0.0,0.0,-0.8629055619239807,0.5763807892799377,0.0,0.0,-0.8171811103820801,0.05082391911698628
-332.37786261512457,-1467.4980282604124,0.0,4.940209440481906,0.5019790530204773,0.0,0.0,-0.8648795485496521,0.5721051096916199,0.0,0.0,-0.8201802372932434,-0.30032944641405224
-333.68344489600963,-1466.6999436795638,0.0,4.973202702268792,0.49867433309555054,0.0,0.0,-0.8667892217636108,0.5678794384002686,0.0,0.0,-0.8231117129325867,0.049157592764113245
-334.9933519694405,-1465.88591792751,0.0,5.006345013694001,0.49545371532440186,0.0,0.0,-0.8686341643333435,0.563704788684845,0.0,0.0,-0.8259763717651367,-0.30200330052643654
-336.3077337189056,-1465.0560552601069,0.0,5.03966184734883,0.4923178553581238,0.0,0.0,-0.8704153895378113,0.5595844388008118,0.0,0.0,-0.8287733793258667,0.04747492439770773
-337.6267531221679,-1464.2104665734607,0.0,5.07317867582462,0.48926857113838196,0.0,0.0,-0.8721330165863037,0.555519700050354,0.0,0.0,-0.8315033316612244,-0.30369606964137535
-338.9505863397507,-1463.3492694851643,0.0,5.106920971712695,0.4863066077232361,0.0,0.0,-0.8737881183624268,0.551513671875,0.0,0.0,-0.8341657519340515,0.04577076803972413
-340.2794228201927,-1462.4725884442805,0.0,5.140914207604389,0.4834322929382324,0.0,0.0,-0.8753817081451416,0.5475689768791199,0.0,0.0,-0.8367605209350586,-0.3054128997369155
-341.6134654228148,-1461.5805548713422,0.0,5.175183856091005,0.48064500093460083,0.0,0.0,-0.8769152164459229,0.5436859130859375,0.0,0.0,-0.8392887711524963,0.04403997771211726
-342.952930558743,-1460.6733073296928,0.0,5.209755389763876,0.4779435098171234,0.0,0.0,-0.8783904910087585,0.5398677587509155,0.0,0.0,-0.841749906539917,-0.30715893679110085
-344.29804835094455,-1459.75099172953,0.0,5.244654281214345,0.4753264784812927,0.0,0.0,-0.8798093795776367,0.5361180305480957,0.0,0.0,-0.8441430330276489,0.04227740743684105
-345.6490628140899,-1458.8137615660312,0.0,5.279906003033704,0.47279077768325806,0.0,0.0,-0.8811747431755066,0.5324372053146362,0.0,0.0,-0.846469521522522,-0.3089393267819776
-347.00623205503285,-1457.8617781930202,0.0,5.3155360278132955,0.4703323245048523,0.0,0.0,-0.8824894428253174,0.5288280248641968,0.0,0.0,-0.8487289547920227,0.040477911235851594
-348.3698284947813,-1456.8952111336419,0.0,5.35156982814444,0.4679471254348755,0.0,0.0,-0.8837565183639526,0.5252922773361206,0.0,0.0,-0.8509217500686646,-0.31075921568759096
-349.7401391128103,-1455.9142384296044,0.0,5.388032876618476,0.46563005447387695,0.0,0.0,-0.8849794864654541,0.5218343138694763,0.0,0.0,-0.8530466556549072,0.03863634313110226
-351.11746571464056,-1454.9190470305682,0.0,5.424950645826704,0.4633744955062866,0.0,0.0,-0.8861626386642456,0.5184541940689087,0.0,0.0,-0.8551051020622253,-0.31262374948598626
-352.50212445193364,-1453.9098337901228,0.0,5.462345561903122,0.46117326617240906,0.0,0.0,-0.8873100280761719,0.5151549577713013,0.0,0.0,-0.857096791267395,0.03674771100603064
-353.89440152428926,-1452.8868388699534,0.0,5.50006366995433,0.4590180516242981,0.0,0.0,-0.8884267807006836,0.5119388103485107,0.0,0.0,-0.8590215444564819,-0.3145287044380675
-355.2944856116753,-1451.8503979094053,0.0,5.537681245904487,0.4568994343280792,0.0,0.0,-0.8895182609558105,0.5088096261024475,0.0,0.0,-0.8608787655830383,0.03484783343279041
-356.70246295579085,-1450.8009491141001,0.0,5.574751777885536,0.45480677485466003,0.0,0.0,-0.8905899524688721,0.5057671070098877,0.0,0.0,-0.8626697063446045,-0.31640095352801956
-358.11830694679696,-1449.7390105344723,0.0,5.610867793457416,0.4527287185192108,0.0,0.0,-0.8916481733322144,0.5028042793273926,0.0,0.0,-0.8643999695777893,0.033023792242291516
-359.54163199254407,-1448.6648298902692,0.0,5.645972942031376,0.45065373182296753,0.0,0.0,-0.8926987648010254,0.49991270899772644,0.0,0.0,-0.8660755157470703,-0.31817394082973477
-360.9717838544678,-1447.5783860379966,0.0,5.680196583008892,0.44857102632522583,0.0,0.0,-0.893747091293335,0.49708762764930725,0.0,0.0,-0.8677000403404236,0.03129532552625541
-362.4081182311575,-1446.4796246170297,0.0,5.713669763631357,0.4464704990386963,0.0,0.0,-0.8947981595993042,0.49431881308555603,0.0,0.0,-0.8692804574966431,-0.31986450550763706
-363.85000970319976,-1445.3684650131008,0.0,5.74652353114016,0.4443429410457611,0.0,0.0,-0.8958565592765808,0.49160143733024597,0.0,0.0,-0.8708200454711914,0.029636044338942125
-365.2968517122241,-1444.244799765344,0.0,5.778888932776655,0.4421800374984741,0.0,0.0,-0.8969261050224304,0.4889277517795563,0.0,0.0,-0.8723239898681641,-0.3214991217519045
-366.7480563998458,-1443.1084939306731,0.0,5.810897015782232,0.4399730861186981,0.0,0.0,-0.8980107307434082,0.48629000782966614,0.0,0.0,-0.8737972974777222,0.028019474490175555
-368.2030543006816,-1441.9593844045855,0.0,5.8426788273982675,0.4377148747444153,0.0,0.0,-0.899113655090332,0.4836820662021637,0.0,0.0,-0.875243604183197,-0.32310426375271434
-369.6612938837175,-1440.7972791973639,0.0,5.87436541486615,0.4353984594345093,0.0,0.0,-0.9002377390861511,0.48109909892082214,0.0,0.0,-0.8766661286354065,0.0264191417897775
-371.122240936296,-1439.6219566645761,0.0,5.906087825427235,0.43301647901535034,0.0,0.0,-0.9013857841491699,0.47853216528892517,0.0,0.0,-0.8780698776245117,-0.3247064057002439
-372.5853777849377,-1438.433164690651,0.0,5.937977106322914,0.43056249618530273,0.0,0.0,-0.9025605916976929,0.4759773313999176,0.0,0.0,-0.8794573545455933,0.024808572047571475
-374.0502023470981,-1437.2306198241663,0.0,5.970164304794572,0.42803019285202026,0.0,0.0,-0.9037642478942871,0.4734267592430115,0.0,0.0,-0.8808330297470093,-0.3263320217846711
-375.5162270077242,-1436.0140063633696,0.0,6.002780468083564,0.4254136085510254,0.0,0.0,-0.904998779296875,0.47087615728378296,0.0,0.0,-0.8821991086006165,0.02316129107337994
-376.98297731422736,-1434.7829753902531,0.0,6.035956643431282,0.4227072596549988,0.0,0.0,-0.9062660336494446,0.4683198928833008,0.0,0.0,-0.8835588097572327,-0.328007586196172
-378.44999048311485,-1433.5371437513593,0.0,6.069823878079102,0.41990533471107483,0.0,0.0,-0.9075677394866943,0.46575143933296204,0.0,0.0,-0.8849153518676758,0.021450824677025415
-379.91681371109956,-1432.276092983269,0.0,6.104513219268416,0.4170018136501312,0.0,0.0,-0.9089055061340332,0.46316543221473694,0.0,0.0,-0.8862715363502502,-0.32975957312492515
-381.3830022829756,-1430.9993681805247,0.0,6.140155714240571,0.4139917492866516,0.0,0.0,-0.9102804660797119,0.4605562090873718,0.0,0.0,-0.88763028383255,0.01965069866833069
-382.8481174679615,-1429.7064768035025,0.0,6.17688241023696,0.41086968779563904,0.0,0.0,-0.9116939306259155,0.45791876316070557,0.0,0.0,-0.8889938592910767,-0.3316144567611064
-384.3117175186277,-1428.3968934404015,0.0,6.214795896777791,0.40763020515441895,0.0,0.0,-0.91314697265625,0.45524781942367554,0.0,0.0,-0.8903646469116211,0.017735876115763383
-385.77329764162397,-1427.0701114941824,0.0,6.253750737786295,0.40426790714263916,0.0,0.0,-0.9146405458450317,0.4525384306907654,0.0,0.0,-0.8917447924613953,-0.33358187297365705
-387.2322604032459,-1425.72567125627,0.0,6.293473646965066,0.4007774591445923,0.0,0.0,-0.916175365447998,0.4497843384742737,0.0,0.0,-0.8931370973587036,0.015729668581482004
-388.68791689506963,-1424.3631618218405,0.0,6.33369027711567,0.39715415239334106,0.0,0.0,-0.9177518486976624,0.4469790458679199,0.0,0.0,-0.8945443630218506,-0.3356130159105562
-390.13948854706655,-1422.982222898694,0.0,6.374126281039688,0.3933921754360199,0.0,0.0,-0.919370710849762,0.444118469953537,0.0,0.0,-0.895967960357666,0.013687446161077033
-391.5861093532316,-1421.58254673574,0.0,6.414507311538651,0.3894861936569214,0.0,0.0,-0.9210322499275208,0.44119793176651,0.0,0.0,-0.8974097371101379,-0.33765246189535236
-393.0268285270389,-1420.1638801753186,0.0,6.454559021414141,0.3854310214519501,0.0,0.0,-0.922736644744873,0.4382111430168152,0.0,0.0,-0.8988719582557678,0.011664632531001862
-394.46061360345186,-1418.7260268330456,0.0,6.494007063467738,0.3812215030193329,0.0,0.0,-0.9244837760925293,0.4351522922515869,0.0,0.0,-0.9003567099571228,-0.33964478725159464
-395.8863540033338,-1417.2688494081626,0.0,6.532577090500975,0.376852422952652,0.0,0.0,-0.9262734055519104,0.4320176839828491,0.0,0.0,-0.9018650054931641,0.009716651367707052
-397.3028650747984,-1415.7922721267237,0.0,6.56999475531543,0.3723183572292328,0.0,0.0,-0.9281050562858582,0.42879995703697205,0.0,0.0,-0.9033992886543274,-0.34153456830282974
-398.7088926244205,-1414.296283319086,0.0,6.605985710712673,0.36761435866355896,0.0,0.0,-0.9299783706665039,0.42549455165863037,0.0,0.0,-0.9049608707427979,0.007898926347644275
-400.10312837440216,-1412.7809266771328,0.0,6.640325612986951,0.3627355992794037,0.0,0.0,-0.9318920969963074,0.42209696769714355,0.0,0.0,-0.9065505266189575,-0.34326890680153066
-401.48426174699836,-1411.246250826059,0.0,6.673018924833965,0.35767698287963867,0.0,0.0,-0.9338452816009521,0.41860246658325195,0.0,0.0,-0.9081693291664124,0.006247748981633439
-402.85099467767884,-1409.692294525719,0.0,6.704135515597008,0.3524338901042938,0.0,0.0,-0.935836672782898,0.4150049090385437,0.0,0.0,-0.9098189473152161,-0.3448404517895631
-404.20204215322013,-1408.1190864858393,0.0,6.733745259770143,0.34700092673301697,0.0,0.0,-0.9378647208213806,0.4112991690635681,0.0,0.0,-0.9115002155303955,0.004752307356727603
-405.53613265827835,-1406.526645152764,0.0,6.761918031847402,0.3413742780685425,0.0,0.0,-0.9399273991584778,0.40748104453086853,0.0,0.0,-0.9132134318351746,-0.34626331906619234
-406.85200852776495,-1404.9149784663252,0.0,6.788723706322848,0.3355492055416107,0.0,0.0,-0.9420226216316223,0.4035445749759674,0.0,0.0,-0.9149597883224487,0.0033984854135232223
-408.14842620153024,-1403.2840835866537,0.0,6.814232157690538,0.3295218050479889,0.0,0.0,-0.9441479444503784,0.3994863033294678,0.0,0.0,-0.9167389273643494,-0.3475516246908231
-409.4241563781406,-1401.6339465907517,0.0,6.838513260444532,0.3232885003089905,0.0,0.0,-0.9463003873825073,0.3952999711036682,0.0,0.0,-0.9185518026351929,0.0021721670926144743
-410.67798406478954,-1399.9645421387058,0.0,6.861636889078861,0.3168465793132782,0.0,0.0,-0.9484767317771912,0.39097946882247925,0.0,0.0,-0.9203991293907166,-0.34871948472285996
-411.9087085206402,-1398.2758331094185,0.0,6.883672918087593,0.31019407510757446,0.0,0.0,-0.9506732225418091,0.3865219056606293,0.0,0.0,-0.9222800135612488,0.0010592363345977018
-413.11514309111317,-1396.5677702057856,0.0,6.9046912219647885,0.30333051085472107,0.0,0.0,-0.9528853893280029,0.38192218542099,0.0,0.0,-0.9241942167282104,-0.34978101522170824
-414.2961149308543,-1394.8402915292502,0.0,6.924761675204481,0.2962557077407837,0.0,0.0,-0.9551087021827698,0.37717491388320923,0.0,0.0,-0.9261417984962463,4.557708006780459e-05
-415.4504646133125,-1393.0933221236753,0.0,6.943954152300735,0.28897157311439514,0.0,0.0,-0.9573377370834351,0.3722767233848572,0.0,0.0,-0.9281215071678162,-0.3507503322467716
-416.57704562501976,-1391.3267734885103,0.0,6.962338527747604,0.28148138523101807,0.0,0.0,-0.9595667719841003,0.3672220706939697,0.0,0.0,-0.9301329851150513,-0.0008829267303800403
-417.6747237428405,-1389.540543061201,0.0,6.979984676039147,0.2737898826599121,0.0,0.0,-0.9617895483970642,0.36200785636901855,0.0,0.0,-0.9321747422218323,-0.35164155185745566
-418.7423762925697,-1387.7345136688223,0.0,6.996962471669403,0.26590317487716675,0.0,0.0,-0.9639997482299805,0.3566288650035858,0.0,0.0,-0.9342458844184875,-0.0017403911561505447
-419.77889128738866,-1385.9085529488946,0.0,7.013341789132435,0.2578296661376953,0.0,0.0,-0.9661903977394104,0.3510819971561432,0.0,0.0,-0.936344563961029,-0.35246879011316434
-420.78316644477246,-1384.0625127393412,0.0,7.029192502922299,0.24957914650440216,0.0,0.0,-0.9683544039726257,0.3453626036643982,0.0,0.0,-0.9384691715240479,-0.002540932256648698
-421.75410808051447,-1382.1962284375315,0.0,7.044584487533036,0.24116328358650208,0.0,0.0,-0.9704844951629639,0.3394674062728882,0.0,0.0,-0.9406177401542664,-0.3532461630733026
-422.6906298785777,-1380.3095183283335,0.0,7.059587617458706,0.2325955480337143,0.0,0.0,-0.9725735187530518,0.3333936333656311,0.0,0.0,-0.9427875876426697,-0.0032986660912784904
-423.5916515355121,-1378.402182881087,0.0,7.074271767193364,0.2238912731409073,0.0,0.0,-0.9746142029762268,0.32713767886161804,0.0,0.0,-0.9449764490127563,-0.3539877867972752
-424.4560972781735,-1376.474004015361,0.0,7.088706811231067,0.21506747603416443,0.0,0.0,-0.9765992760658264,0.3206973075866699,0.0,0.0,-0.9471815228462219,-0.004027708719445355
-425.28289425346173,-1374.52474433535,0.0,7.102962624065862,0.20614281296730042,0.0,0.0,-0.978522002696991,0.3140704333782196,0.0,0.0,-0.9493995904922485,-0.35470777734448705
-426.07097078874335,-1372.554146332703,0.0,7.117109080191798,0.19713744521141052,0.0,0.0,-0.9803759455680847,0.30725497007369995,0.0,0.0,-0.9516271352767944,-0.0047421762005532275
-426.8192544612112,-1370.5619317236014,0.0,7.13121546235196,0.18807339668273926,0.0,0.0,-0.9821549654006958,0.30025607347488403,0.0,0.0,-0.9538584351539612,-0.3554202208879296
-427.52684298216496,-1368.5479137643954,0.0,7.145323030460046,0.17897292971611023,0.0,0.0,-0.9838539361953735,0.29308730363845825,0.0,0.0,-0.9560855031013489,-0.005454679640355509
-428.19374668827805,-1366.5124559974474,0.0,7.159433438958161,0.16985751688480377,0.0,0.0,-0.9854685664176941,0.28576451539993286,0.0,0.0,-0.9582996368408203,-0.35613286778177383
-428.82027919554,-1364.4561080358258,0.0,7.173545346748659,0.16074664890766144,0.0,0.0,-0.9869956374168396,0.2783030867576599,0.0,0.0,-0.9604930877685547,-0.0061674022560372355
-429.4067603062674,-1362.3794274898735,0.0,7.1876574127338895,0.15165738761425018,0.0,0.0,-0.9884330630302429,0.270717978477478,0.0,0.0,-0.9626585841178894,-0.3568455983870885
-429.9535159179384,-1360.2829799233,0.0,7.201768295816191,0.14260528981685638,0.0,0.0,-0.9897794723510742,0.26302316784858704,0.0,0.0,-0.9647893905639648,-0.006880073118779695
-430.46087809349746,-1358.1673389051691,0.0,7.215876654897919,0.13360433280467987,0.0,0.0,-0.9910346269607544,0.2552327513694763,0.0,0.0,-0.9668795466423035,-0.35755814177505457
-430.92918513034357,-1356.033086060175,0.0,7.229981148881428,0.12466717511415482,0.0,0.0,-0.9921984076499939,0.24735914170742035,0.0,0.0,-0.968923807144165,-0.0075924212997650065
-431.3587816279727,-1353.8808111171816,0.0,7.244080436669055,0.11580458283424377,0.0,0.0,-0.9932718276977539,0.23941519856452942,0.0,0.0,-0.970917284488678,-0.3582702270168539
-431.75001855425563,-1351.7111119560138,0.0,7.258173177163153,0.10702648013830185,0.0,0.0,-0.9942560791969299,0.2314133644104004,0.0,0.0,-0.9728555083274841,-0.008304175870173958
-432.1032533103287,-1349.5245946524494,0.0,7.272258029266071,0.09834127873182297,0.0,0.0,-0.9951527714729309,0.22336509823799133,0.0,0.0,-0.9747347831726074,-0.358981583183668
-432.41884979407473,-1347.3218735214114,0.0,7.286333651880167,0.0897563099861145,0.0,0.0,-0.9959637522697449,0.21528112888336182,0.0,0.0,-0.9765520691871643,-0.009015065901188835
-432.6971784621716,-1345.1035711583143,0.0,7.300398703907771,0.08127757906913757,0.0,0.0,-0.9966915249824524,0.2071717381477356,0.0,0.0,-0.9783045053482056,-0.35969193934667837
-432.9386163906847,-1342.8703184785577,0.0,7.314451844251245,-0.07291153073310852,0.0,0.0,0.9973383545875549,0.19904673099517822,0.0,0.0,-0.9799898862838745,-0.009724820463990536
-433.1435473341847,-1340.6227547551232,0.0,7.328491731812939,-0.06466121971607208,0.0,0.0,0.9979071617126465,0.19091551005840302,0.0,0.0,-0.9816064238548279,-0.36040102457706696
-433.31236178336115,-1338.3615276542594,0.0,7.342517025495192,-0.05653068795800209,0.0,0.0,0.9984007477760315,0.18278668820858002,0.0,0.0,-0.9831525087356567,-0.010433168629760903
-433.4454570211164,-1336.0872932692284,0.0,7.356526384200358,-0.04852285608649254,0.0,0.0,0.9988219738006592,0.17466843128204346,0.0,0.0,-0.9846271872520447,-0.36110856794601476
-433.54323717711094,-1333.800716152078,0.0,7.370518466830786,-0.04064011946320534,0.0,0.0,0.9991737604141235,0.16656829416751862,0.0,0.0,-0.986029863357544,-0.0111398394696815
-433.60611328074134,-1331.5024693434304,0.0,7.384491932288829,-0.032883889973163605,0.0,0.0,0.9994590878486633,0.15849383175373077,0.0,0.0,-0.9873599410057068,-0.3618142985247038
-433.63450331252506,-1329.1932344002425,0.0,7.398445439476824,-0.025255480781197548,0.0,0.0,0.9996809363365173,-0.1504516303539276,0.0,0.0,0.9886173605918884,-0.011844562054933783
-433.6288322538708,-1326.8737014215249,0.0,7.412377647297128,-0.01775514893233776,0.0,0.0,0.9998422861099243,-0.1424475461244583,0.0,0.0,0.989802360534668,-0.3625179453843151
-433.58953213521005,-1324.5445690719914,0.0,7.426287214652093,-0.010383057408034801,0.0,0.0,0.9999460577964783,-0.1344875693321228,0.0,0.0,0.9909152984619141,-0.012547065456699646
-433.5170420824681,-1322.2065446036,0.0,7.440172800444059,-0.0031389426440000534,0.0,0.0,0.9999950528144836,-0.12657763063907623,0.0,0.0,0.9919567108154297,-0.3632192375960306
-433.41180836184964,-1319.8603438749844,0.0,7.454033063575377,0.003978134132921696,0.0,0.0,0.9999920129776001,-0.11872155964374542,0.0,0.0,0.9929276704788208,-0.013247078746160101
-433.27428442291705,-1317.5066913687187,0.0,7.467866662948398,0.010969352908432484,0.0,0.0,0.9999397397041321,-0.1109241396188736,0.0,0.0,0.9938288927078247,-0.3639179042310317
-433.1049309399381,-1315.146320206419,0.0,7.481672257465474,0.017835870385169983,0.0,0.0,0.9998407959938049,-0.10318952053785324,0.0,0.0,0.9946617484092712,-0.013944330994497323
-432.90421585147857,-1312.77997216163,0.0,7.495448506028945,0.024579577147960663,0.0,0.0,0.999697744846344,-0.09552113711833954,0.0,0.0,0.9954273700714111,-0.36461367436049985
-432.6726143982188,-1310.408397670494,0.0,7.509194067541168,0.031202681362628937,0.0,0.0,0.9995129108428955,-0.0879221186041832,0.0,0.0,0.9961273074150085,-0.01463855127289243
-432.41060915896867,-1308.0323558401528,0.0,7.522907600904488,0.03770739212632179,0.0,0.0,0.9992886185646057,-0.08039537072181702,0.0,0.0,0.9967629909515381,-0.3653062770556171
-432.11869008485985,-1305.652614454879,0.0,7.53658776502125,0.044096264988183975,0.0,0.0,0.9990271329879761,-0.07294364273548126,0.0,0.0,0.9973360300064087,-0.015329468652526823
-431.79735453169025,-1303.2699499798914,0.0,7.550233218793805,0.05037231370806694,0.0,0.0,0.9987303018569946,-0.06556916981935501,0.0,0.0,0.9978480935096741,-0.36599544138756435
-431.44710729039906,-1300.8851475628385,0.0,7.563842621124505,0.05653846636414528,0.0,0.0,0.9984001517295837,-0.05827329307794571,0.0,0.0,0.9983006119728088,-0.016016812204582342
-431.0684606156491,-1298.4990010329295,0.0,7.577414630915701,0.06259787827730179,0.0,0.0,0.9980385303497314,-0.051057830452919006,0.0,0.0,0.9986956715583801,-0.3666808964275238
-430.66193425249276,-1296.1123128976749,0.0,7.590947907069734,0.0685541182756424,0.0,0.0,0.9976471662521362,-0.04392440617084503,0.0,0.0,0.9990347623825073,-0.016700311000240553
-430.2280554610989,-1293.7258943372144,0.0,7.604441108488954,0.07441055029630661,0.0,0.0,0.9972274899482727,-0.03687433525919914,0.0,0.0,0.9993199110031128,-0.3673623712466763
-429.76735903951777,-1291.3405651962166,0.0,7.617892894075719,0.08017085492610931,0.0,0.0,0.9967808723449707,-0.029906997457146645,0.0,0.0,0.9995527267456055,-0.017379694110683186
-429.2803873444617,-1288.9571539733086,0.0,7.631301922732364,0.08583859354257584,0.0,0.0,0.9963088035583496,-0.02302425540983677,0.0,0.0,0.9997350573539734,-0.3680395949162039
-428.7676903100782,-1286.5764978080285,0.0,7.644666853361242,0.09141755849123001,0.0,0.0,0.9958123564720154,-0.01622595265507698,0.0,0.0,0.9998685717582703,-0.018054690607091084
-428.22982546469274,-1284.1994424652605,0.0,7.657986344864707,0.0969112440943718,0.0,0.0,0.9952928423881531,-0.009511996060609818,0.0,0.0,0.9999550580978394,-0.36871229650728804
-427.6673579454983,-1281.8268423171316,0.0,7.671259056145108,0.10232339799404144,0.0,0.0,0.9947510957717896,-0.0028820112347602844,0.0,0.0,0.9999961256980896,-0.0187250295606467
-427.08086050394405,-1279.4595602937952,0.0,7.684483738998283,0.10765720158815384,0.0,0.0,0.9941880106925964,0.0036637026350945234,0.0,0.0,0.9999934434890747,-0.3693802097827009
-426.4709134574832,-1277.0984676429346,0.0,7.697659857239664,0.11291608214378357,0.0,0.0,0.9936044216156006,0.010126023553311825,0.0,0.0,0.9999487996101379,-0.01939049007788818
-425.8381046593437,-1274.7444438096973,0.0,7.710787204063822,0.11810334771871567,0.0,0.0,0.9930012822151184,0.01650608703494072,0.0,0.0,0.999863862991333,-0.3700432070970523
-425.18302949009194,-1272.3983764177256,0.0,7.723865574451717,0.1232219934463501,0.0,0.0,0.9923790693283081,0.02280452847480774,0.0,0.0,0.9997400641441345,-0.020051013834852638
-424.5062706389158,-1270.0611164665681,0.0,7.73689476338433,0.12827442586421967,0.0,0.0,0.9917386770248413,0.02902286872267723,0.0,0.0,0.9995787739753723,-0.37070124694213374
-423.80815770793487,-1267.7329456329019,0.0,7.74987456584264,0.13326355814933777,0.0,0.0,0.991080641746521,0.0351652167737484,0.0,0.0,0.9993815422058105,-0.020706559413555092
-423.0888439212966,-1265.4137462546712,0.0,7.762804776807629,0.13819079101085663,0.0,0.0,0.9904055595397949,0.0412326455116272,0.0,0.0,0.9991496205329895,-0.3713542878999615
-422.3484817217449,-1263.10339044372,0.0,7.775685191260265,0.1430579274892807,0.0,0.0,0.9897142648696899,0.047227129340171814,0.0,0.0,0.9988842010498047,-0.021357085396011444
-421.58722638265425,-1260.801748093334,0.0,7.788515604181524,0.14786618947982788,0.0,0.0,0.989007294178009,0.05315018445253372,0.0,0.0,0.9985864758491516,-0.37200228855255035
-420.80523600694096,-1258.508686880077,0.0,7.801295810552395,0.1526164710521698,0.0,0.0,0.9882854223251343,0.05900411307811737,0.0,0.0,0.9982576966285706,-0.022002550364237206
-420.0026715257428,-1256.2240722658248,0.0,7.814025605353835,0.15730930864810944,0.0,0.0,0.9875491857528687,0.06478941440582275,0.0,0.0,0.9978989362716675,-0.37264520748191604
-419.1796966968549,-1253.9477674999898,0.0,7.826704783566833,0.16194532811641693,0.0,0.0,0.9867995977401733,0.07050734758377075,0.0,0.0,0.9975112676620483,-0.022642912900247225
-418.33647810293564,-1251.679633621955,0.0,7.839333140172366,0.16652461886405945,0.0,0.0,0.9860371351242065,0.07615938782691956,0.0,0.0,0.9970955848693848,-0.3732830032700743
-417.47318514946943,-1249.4195294637043,0.0,7.8519104701514095,0.1710471212863922,0.0,0.0,0.9852626919746399,0.08174584805965424,0.0,0.0,0.9966530799865723,-0.02327813158605746
-416.5899900624914,-1247.167311652652,0.0,7.864436568484931,0.17551301419734955,0.0,0.0,0.9844769239425659,0.08726833760738373,0.0,0.0,0.9961847066879272,-0.37391563449904003
-415.6870678860712,-1244.922834614676,0.0,7.876911230153918,0.17992213368415833,0.0,0.0,0.9836807250976562,0.09272719919681549,0.0,0.0,0.9956914782524109,-0.02390816500368309
-414.76459647955517,-1242.6859505773489,0.0,7.889334250139349,0.18427425622940063,0.0,0.0,0.9828747510910034,0.0981229841709137,0.0,0.0,0.9951741695404053,-0.37454305975082947
-413.8227565145682,-1240.4565095733806,0.0,7.901705423422189,0.18856869637966156,0.0,0.0,0.982059895992279,0.10345609486103058,0.0,0.0,0.9946339130401611,-0.02453297173513963
-412.86173147176936,-1238.2343594442555,0.0,7.914024544983419,0.1928049623966217,0.0,0.0,0.98123699426651,0.10872705280780792,0.0,0.0,0.9940716028213501,-0.37516523760745724
-411.8817076373663,-1236.0193458440815,0.0,7.926291409804017,0.19698278605937958,0.0,0.0,0.9804068803787231,0.11393602192401886,0.0,0.0,0.9934880137443542,-0.025152510362442593
-410.88287409938204,-1233.8113122436362,0.0,7.9385058128649675,0.201101616024971,0.0,0.0,0.9795702695846558,0.11908264458179474,0.0,0.0,0.9928842186927795,-0.3757821266509396
-409.8654227436804,-1231.6100999346313,0.0,7.950667549147232,0.20516066253185272,0.0,0.0,0.9787282943725586,0.12416762113571167,0.0,0.0,0.9922611713409424,-0.025766739467607436
-408.8295482497386,-1229.415548034168,0.0,7.962776413631793,0.20915929973125458,0.0,0.0,0.9778815507888794,0.129191592335701,0.0,0.0,0.9916196465492249,-0.37639368546329116
-407.77544808617836,-1227.2274934894126,0.0,7.974832201299633,0.21309657394886017,0.0,0.0,0.9770312309265137,0.13415320217609406,0.0,0.0,0.9909605979919434,-0.026375617632649895
-406.7033225060454,-1225.0457710824735,0.0,7.98683470713172,0.21697182953357697,0.0,0.0,0.976177990436554,0.1390533447265625,0.0,0.0,0.9902849197387695,-0.3769998726265279
-405.6133745418401,-1222.8702134354853,0.0,7.998783726109032,0.22078470885753632,0.0,0.0,0.9753225445747375,0.14389146864414215,0.0,0.0,0.9895935654640198,-0.026979103439584817
-404.505810000301,-1220.700651015911,0.0,8.010679053212547,0.22453437745571136,0.0,0.0,0.9744659662246704,0.14866730570793152,0.0,0.0,0.988887369632721,-0.377600646722665
-403.3808374569335,-1218.5369121420404,0.0,8.022520483423252,0.22822031378746033,0.0,0.0,0.9736093282699585,0.15338090062141418,0.0,0.0,0.9881672263145447,-0.027577155470428494
-402.2386682502917,-1216.3788229887127,0.0,8.034307811722103,0.23184162378311157,0.0,0.0,0.9727533459663391,0.15803225338459015,0.0,0.0,0.9874340295791626,-0.3781959663337181
-401.0795164760046,-1214.2262075932374,0.0,8.04604083309009,0.23539751768112183,0.0,0.0,0.9718990325927734,0.1626199632883072,0.0,0.0,0.9866888523101807,-0.028169732307195605
-399.90359898055135,-1212.0788878615367,0.0,8.057719342508191,0.2388875037431717,0.0,0.0,0.9710471630096436,0.16714522242546082,0.0,0.0,0.985932469367981,-0.37878579004170293
-398.7111353547833,-1209.9366835744947,0.0,8.069343134957373,0.24231071770191193,0.0,0.0,0.9701985716819763,0.1716066300868988,0.0,0.0,0.9851657152175903,-0.028756792531901776
-397.5023479271907,-1207.7994123945207,0.0,8.080912005418616,0.24566681683063507,0.0,0.0,0.9693541526794434,0.17600420117378235,0.0,0.0,0.9843895435333252,-0.37937007642863435
-396.27746175691465,-1205.6668898723235,0.0,8.092425748872905,0.2489549219608307,0.0,0.0,0.9685149192810059,0.1803378015756607,0.0,0.0,0.983604907989502,-0.029338294726562852
-395.03670462650604,-1203.538929453907,0.0,8.103884160301206,0.25217464566230774,0.0,0.0,0.9676815867424011,0.18460635840892792,0.0,0.0,0.9828127026557922,-0.3799487840765283
-393.7803070344231,-1201.4153424877654,0.0,8.115287034684494,0.2553255558013916,0.0,0.0,0.9668549299240112,0.18881002068519592,0.0,0.0,0.9820137023925781,-0.02991419747319357
-392.5085021872781,-1199.2959382323104,0.0,8.126634167003758,0.25840723514556885,0.0,0.0,0.966035783290863,0.19294926524162292,0.0,0.0,0.981208860874176,-0.3805218715674002
-391.22152599182294,-1197.1805238635002,0.0,8.137925352239968,0.261419415473938,0.0,0.0,0.965225100517273,0.1970221847295761,0.0,0.0,0.9803991317749023,-0.030484459353810334
-389.91961704667665,-1195.0689044826904,0.0,8.149160385374095,0.2643619775772095,0.0,0.0,0.964423418045044,0.20102879405021667,0.0,0.0,0.9795853495597839,-0.38108929748326514
-388.6030166337983,-1192.9608831247028,0.0,8.16033906138712,0.26723524928092957,0.0,0.0,0.9636311531066895,0.20496873557567596,0.0,0.0,0.978768527507782,-0.031049038950427765
-387.2719687096932,-1190.8562607660997,0.0,8.17146117526002,0.2700396478176117,0.0,0.0,0.9628490805625916,0.20884206891059875,0.0,0.0,0.9779493808746338,-0.3816510204061389
-385.9267198963685,-1188.7548363336934,0.0,8.182526521973777,0.2727756202220917,0.0,0.0,0.9620776176452637,0.21264758706092834,0.0,0.0,0.9771289229393005,-0.031607894845061935
-384.56751947202076,-1186.6564067132558,0.0,8.193534896509357,0.2754441797733307,0.0,0.0,0.9613169431686401,0.21638648211956024,0.0,0.0,0.9763076901435852,-0.3822069989180369
-383.19461936146826,-1184.5607667584563,0.0,8.20448609384774,0.27804625034332275,0.0,0.0,0.9605675339698792,0.22005604207515717,0.0,0.0,0.9754871129989624,-0.03216098561972769
-381.8082741263178,-1182.4677093000132,0.0,8.215379908969911,0.28058385848999023,0.0,0.0,0.9598294496536255,0.22365787625312805,0.0,0.0,0.9746676087379456,-0.3827571916009749
-380.40874095487317,-1180.3770251550666,0.0,8.226216136856829,0.2830580770969391,0.0,0.0,0.9591026902198792,0.22719043493270874,0.0,0.0,0.9738501906394958,-0.03270826985644071
-378.99627965177837,-1178.2885031367662,0.0,8.236994572489484,0.2854715585708618,0.0,0.0,0.9583870768547058,0.23065423965454102,0.0,0.0,0.9730355739593506,-0.3833015570369676
-377.57115262740115,-1176.201930064085,0.0,8.247715010848852,0.2878264784812927,0.0,0.0,0.9576824903488159,0.23404808342456818,0.0,0.0,0.9722248315811157,-0.03324970613721684
-376.1336248869522,-1174.117090771848,0.0,8.258377246915908,0.29012563824653625,0.0,0.0,0.9569884538650513,0.23737232387065887,0.0,0.0,0.9714184999465942,-0.383840053808031
-374.68396401933825,-1172.0337681209785,0.0,8.268981075671624,0.2923722267150879,0.0,0.0,0.9563045501708984,0.24062630534172058,0.0,0.0,0.9706176519393921,-0.033785253044071206
-373.222440185755,-1169.951743008971,0.0,8.279526292096978,0.29456964135169983,0.0,0.0,0.9556299448013306,0.24380981922149658,0.0,0.0,0.969822883605957,-0.3843726404961802
-371.7493261080141,-1167.870794380581,0.0,8.290012691172958,0.29672154784202576,0.0,0.0,0.9549639225006104,0.24692314863204956,0.0,0.0,0.9690347909927368,-0.03431486915901971
-370.264897056605,-1165.7906992387352,0.0,8.30044006788052,0.2988326847553253,0.0,0.0,0.9543054103851318,0.24996621906757355,0.0,0.0,0.9682543277740479,-0.3848992756834308
-368.7694288712515,-1163.711235693026,0.0,8.310808217200655,0.3009070158004761,0.0,0.0,0.9536533951759338,0.25294116139411926,0.0,0.0,0.9674814939498901,-0.03483851306407704
-367.2630986637412,-1161.63233626354,0.0,8.321116934114336,0.3029492497444153,0.0,0.0,0.9530065059661865,0.2558516561985016,0.0,0.0,0.9667158722877502,-0.38541991795179853
-365.7459371748895,-1159.554161432137,0.0,8.331366013602542,0.3049635589122772,0.0,0.0,0.952363908290863,0.25870195031166077,0.0,0.0,0.9659570455551147,-0.03535614334125914
-364.2179640368901,-1157.4768907933244,0.0,8.341555250646243,0.30695369839668274,0.0,0.0,0.9517242312431335,0.26149439811706543,0.0,0.0,0.9652048945426941,-0.3859345258832986
-362.6791994431367,-1155.400705027961,0.0,8.351684440226423,0.30892324447631836,0.0,0.0,0.9510868191719055,0.2642333507537842,0.0,0.0,0.964458703994751,-0.035867718572581364
-361.1296641480225,-1153.3257858949112,0.0,8.361753377324055,0.3108752965927124,0.0,0.0,0.9504505395889282,0.2669213116168976,0.0,0.0,0.9637182950973511,-0.3864430580599466
-359.5693794667052,-1151.252316222571,0.0,8.371761856920113,0.3128123879432678,0.0,0.0,0.9498146176338196,0.26956069469451904,0.0,0.0,0.9629833698272705,-0.036373197340059116
-357.9983672748323,-1149.1804799002548,0.0,8.381709673995575,0.3147375285625458,0.0,0.0,0.9491784572601318,0.2721565067768097,0.0,0.0,0.9622529149055481,-0.38694547306375776
-356.41665000822985,-1147.110461869455,0.0,8.391596623531422,0.316652774810791,0.0,0.0,0.9485412836074829,0.27470943331718445,0.0,0.0,0.9615272283554077,-0.03687253822570802
-354.8242506625567,-1145.0424481149696,0.0,8.401422500508628,0.31856003403663635,0.0,0.0,0.9479024410247803,0.2772228717803955,0.0,0.0,0.9608055353164673,-0.38744172947674793
-353.2211927929166,-1142.9766256558908,0.0,8.411187099908165,0.3204616904258728,0.0,0.0,0.9472612142562866,0.2796993851661682,0.0,0.0,0.9600875377655029,-0.03736569981154325
-351.60750051343774,-1140.9131825364698,0.0,8.420890216711014,0.32235926389694214,0.0,0.0,0.9466171264648438,0.28214186429977417,0.0,0.0,0.9593725800514221,-0.38793178588093213
-349.98319849681315,-1138.8523078168425,0.0,8.430531645898157,0.3242543041706085,0.0,0.0,0.9459697008132935,0.28455162048339844,0.0,0.0,0.9586605429649353,-0.03785264067958083
-348.3483119738024,-1136.7941915636263,0.0,8.440111182450556,0.3261483907699585,0.0,0.0,0.945318341255188,0.2869318425655365,0.0,0.0,0.9579508304595947,-0.388415600858326
-346.70286673269544,-1134.739024840378,0.0,8.449628621349195,0.3280428946018219,0.0,0.0,0.9446625709533691,0.2892846167087555,0.0,0.0,0.9572429060935974,-0.03833331941183532
-345.04688911874314,-1132.6869996979292,0.0,8.459083757575053,0.3299388289451599,0.0,0.0,0.9440019726753235,0.2916107773780823,0.0,0.0,0.9565368890762329,-0.3888931329909451
-343.38040603354494,-1130.6383091645798,0.0,8.468476386109108,0.33183738589286804,0.0,0.0,0.9433361291885376,0.2939131557941437,0.0,0.0,0.9558318853378296,-0.038807694590323016
-341.70344493439984,-1128.5931472361622,0.0,8.477806301932333,0.33373987674713135,0.0,0.0,0.9426648616790771,0.2961929440498352,0.0,0.0,0.9551278352737427,-0.3893643408608049
-340.0160338336243,-1126.5517088659753,0.0,8.4870733000257,0.3356468677520752,0.0,0.0,0.9419875144958496,0.298451691865921,0.0,0.0,0.9544245004653931,-0.039275724797058764
-338.3182012978252,-1124.5141899545827,0.0,8.496277175370194,0.3375594913959503,0.0,0.0,0.9413038492202759,0.30069223046302795,0.0,0.0,0.9537210464477539,-0.3898291830499207
-336.60997644714035,-1122.4807873394798,0.0,8.505417722946786,0.339478462934494,0.0,0.0,0.9406135082244873,0.3029156029224396,0.0,0.0,0.9530172348022461,-0.039737368614058355
-334.8913889544385,-1120.4516987846268,0.0,8.514494737736454,0.3414047360420227,0.0,0.0,0.9399160742759705,0.3051226735115051,0.0,0.0,0.9523128271102905,-0.390287618140308
-333.16246904448195,-1118.427122969854,0.0,8.523508014720177,0.34333887696266174,0.0,0.0,0.9392113089561462,0.3073152005672455,0.0,0.0,0.9516075253486633,-0.040192584623337246
-331.42324749305254,-1116.407259480129,0.0,8.532457348878928,0.34528154134750366,0.0,0.0,0.938498854637146,0.30949467420578003,0.0,0.0,0.9509009122848511,-0.39073960471398234
-329.67375562603604,-1114.3923087946946,0.0,8.541342535193687,0.3472333550453186,0.0,0.0,0.9377784729003906,0.31166234612464905,0.0,0.0,0.9501927495002747,-0.04064133140691095
-327.9140253184719,-1112.3824722760755,0.0,8.550163368645425,0.34919503331184387,0.0,0.0,0.9370498061180115,0.3138195276260376,0.0,0.0,0.9494824409484863,-0.391185101352959
-326.1440889935643,-1110.3779521589527,0.0,8.558919644215123,0.35116708278656006,0.0,0.0,0.9363126754760742,0.3159679174423218,0.0,0.0,0.9487696290016174,-0.04108356754679471
-324.3639796216545,-1108.3789515389046,0.0,8.567611156883759,0.3531501591205597,0.0,0.0,0.9355666041374207,0.31810855865478516,0.0,0.0,0.9480540156364441,-0.3916240666392537
-322.5737307191518,-1106.3856743610147,0.0,8.576237701632298,0.3551444411277771,0.0,0.0,0.9348113536834717,0.320242315530777,0.0,0.0,0.947335422039032,-0.041519251625003806
-320.77337634743526,-1104.398325408357,0.0,8.584799073441733,0.3571506440639496,0.0,0.0,0.9340466856956482,0.3223704397678375,0.0,0.0,0.9466133713722229,-0.3920564591548817
-318.96295111170457,-1102.4171102903358,0.0,8.593295067293031,0.35916921496391296,0.0,0.0,0.9332723021507263,0.324493408203125,0.0,0.0,0.9458877444267273,-0.04194834222355426
-317.1424901598067,-1100.4422354309097,0.0,8.601725478167172,0.36120060086250305,0.0,0.0,0.9324880838394165,0.3266116976737976,0.0,0.0,0.9451584219932556,-0.3924822374818584
-315.31202918101104,-1098.4739080566706,0.0,8.610090101045127,0.36324501037597656,0.0,0.0,0.9316936731338501,0.328728049993515,0.0,0.0,0.9444244503974915,-0.042370797924461134
-313.4716044047559,-1096.5123361848025,0.0,8.618388730907883,0.3653029501438141,0.0,0.0,0.9308885931968689,0.33084291219711304,0.0,0.0,0.9436857104301453,-0.39290136020219957
-311.62125259935226,-1094.5577286109035,0.0,8.626621162736404,0.36737483739852905,0.0,0.0,0.9300729036331177,0.3329564332962036,0.0,0.0,0.9429420828819275,-0.042786577309740004
-309.76101107064983,-1092.6102948966802,0.0,8.634787191511675,0.36946091055870056,0.0,0.0,0.9292461276054382,0.3350699543952942,0.0,0.0,0.9421930909156799,-0.3933137858979203
-307.89091766066525,-1090.6702453575112,0.0,8.642886612214667,0.37156134843826294,0.0,0.0,0.9284082651138306,0.3371843993663788,0.0,0.0,0.9414385557174683,-0.04319563896140627
-306.01101074617264,-1088.7377910498806,0.0,8.650919219826369,0.37367621064186096,0.0,0.0,0.9275590181350708,0.3393000364303589,0.0,0.0,0.9406781196594238,-0.39371947315103656
-304.1213292372532,-1086.813143758681,0.0,8.65888480932774,0.37580546736717224,0.0,0.0,0.9266983866691589,0.34141868352890015,0.0,0.0,0.9399112462997437,-0.04359794146147555
-302.2219125758095,-1084.896515984388,0.0,8.666783175699763,0.37794920802116394,0.0,0.0,0.9258261919021606,0.34354037046432495,0.0,0.0,0.939137876033783,-0.39411838054356296
-300.31280073404207,-1082.9881209301088,0.0,8.67461411392342,0.38010698556900024,0.0,0.0,0.9249423146247864,0.34566530585289,0.0,0.0,0.9383578896522522,-0.04399344339196326
-298.3940342128827,-1081.088172488494,0.0,8.68237741897968,0.3822786211967468,0.0,0.0,0.9240469336509705,0.3477957844734192,0.0,0.0,0.9375702738761902,-0.39451046665751555
-296.4656540403957,-1079.1968852285281,0.0,8.690072885849524,0.38446325063705444,0.0,0.0,0.9231401681900024,0.34993064403533936,0.0,0.0,0.9367755651473999,-0.044382103334884626
-294.5277017701351,-1077.3144743821883,0.0,8.697700309513928,0.38666045665740967,0.0,0.0,0.9222220778465271,0.35207194089889526,0.0,0.0,0.9359728693962097,-0.3948956900749097
-292.5802194794693,-1075.441155830978,0.0,8.705259484953869,0.3888693153858185,0.0,0.0,0.9212928414344788,0.3542192280292511,0.0,0.0,0.935162365436554,-0.04476387987225533
-290.62324976786306,-1073.5771460923272,0.0,8.712750207150325,0.39108866453170776,0.0,0.0,0.9203528761863708,0.35637396574020386,0.0,0.0,0.9343433976173401,-0.395274009377761
-288.6568357551221,-1071.722662305871,0.0,8.720172271084266,0.393317312002182,0.0,0.0,0.9194025993347168,0.358536034822464,0.0,0.0,0.9335158467292786,-0.04513873158609072
-286.681021079603,-1069.8779222196006,0.0,8.727525471736676,0.39555373787879944,0.0,0.0,0.9184426665306091,0.36070647835731506,0.0,0.0,0.9326793551445007,-0.39564538314808484
-284.695849896378,-1068.043144175883,0.0,8.734809604088527,0.3977962136268616,0.0,0.0,0.9174736142158508,0.362886518239975,0.0,0.0,0.9318332672119141,-0.04550661705840642
-282.70136687537024,-1066.2185470973614,0.0,8.742024463120796,0.4000430703163147,0.0,0.0,0.9164961576461792,0.3650762140750885,0.0,0.0,0.9309775829315186,-0.3960097699678964
-280.6976171924416,-1064.4043504664166,0.0,8.749169874333106,0.4022922217845917,0.0,0.0,0.9155112504959106,0.36727550625801086,0.0,0.0,0.9301120638847351,-0.04586749641256349
-278.6846464379973,-1062.6007742314184,0.0,8.756246051019115,0.40454110503196716,0.0,0.0,0.914519727230072,0.3694840967655182,0.0,0.0,0.929236888885498,-0.3963671526288059
-276.6625010660241,-1060.8080257566664,0.0,8.763253473287007,0.4067874252796173,0.0,0.0,0.9135227203369141,0.3717021346092224,0.0,0.0,0.9283519387245178,-0.04622140662811364
-274.63123535874456,-1059.0261238943033,0.0,8.770192626502208,0.4090285897254944,0.0,0.0,0.9125214219093323,0.3739275634288788,0.0,0.0,0.9274578094482422,-0.3967176149124019
-272.5909096281953,-1057.2549442356626,0.0,8.777063996030133,0.4112620949745178,0.0,0.0,0.9115170240402222,0.37615829706192017,0.0,0.0,0.9265552759170532,-0.04656844549316036
-270.54158472230034,-1055.494357623995,0.0,8.783868067236206,0.4134860634803772,0.0,0.0,0.9105103611946106,0.3783937692642212,0.0,0.0,0.9256446361541748,-0.39706125487230454
-268.4833218804562,-1053.744233665692,0.0,8.79060532548585,0.41569867730140686,0.0,0.0,0.9095023274421692,0.38063016533851624,0.0,0.0,0.924727201461792,-0.046908711061324215
-266.41618272771285,-1052.0044407443795,0.0,8.797276256144478,0.4178982973098755,0.0,0.0,0.9084937572479248,0.3828681707382202,0.0,0.0,0.9238029718399048,-0.3973981705621343
-264.3402292689702,-1050.2748460349292,0.0,8.803881344577517,0.42008310556411743,0.0,0.0,0.9074856042861938,0.38510483503341675,0.0,0.0,0.9228727221488953,-0.04724230138622515
-262.25552388320483,-1048.5553155174111,0.0,8.81042107615038,0.4222519099712372,0.0,0.0,0.9064784646034241,0.3873404860496521,0.0,0.0,0.9219366312026978,-0.39772846003551116
-260.16212931771395,-1046.845713990967,0.0,8.816895936228493,0.42440319061279297,0.0,0.0,0.9054732322692871,0.38957300782203674,0.0,0.0,0.9209954738616943,-0.047569314521483386
-258.0601086823864,-1045.1459050876135,0.0,8.823306410177278,0.4265359342098236,0.0,0.0,0.9044705629348755,0.3918013572692871,0.0,0.0,0.9200497269630432,-0.39805222134605583
-255.94952544399123,-1043.4557512859653,0.0,8.829652983362145,0.42864876985549927,0.0,0.0,0.9034712314605713,0.39402344822883606,0.0,0.0,0.9191002249717712,-0.04788984852071915
-253.83044342050042,-1041.7751139248878,0.0,8.835936141148522,0.4307408630847931,0.0,0.0,0.9024757146835327,0.39623820781707764,0.0,0.0,0.9181475639343262,-0.39836955254738804
-251.7029267754314,-1040.1038532170694,0.0,8.842156368901831,0.4328111410140991,0.0,0.0,0.9014847278594971,0.39844489097595215,0.0,0.0,0.9171921014785767,-0.048204001437552935
-249.5670400122121,-1038.4418282625088,0.0,8.848314151987488,0.43485885858535767,0.0,0.0,0.9004986882209778,0.4006432890892029,0.0,0.0,0.9162339568138123,-0.39868055169312827
-247.42284796858073,-1036.7888970619329,0.0,8.854409975770915,0.4368831217288971,0.0,0.0,0.8995183110237122,0.4028315842151642,0.0,0.0,0.9152739644050598,-0.048511871325604805
-245.27041581100568,-1035.1449165301192,0.0,8.860444325617529,0.4388834238052368,0.0,0.0,0.8985440731048584,0.405009001493454,0.0,0.0,0.914312481880188,-0.39898531683689664
-243.10980902913542,-1033.5097425091456,0.0,8.866417686892756,0.44085875153541565,0.0,0.0,0.8975764513015747,0.4071738123893738,0.0,0.0,0.9133504629135132,-0.04881355623849509
-240.94109343027677,-1031.8832297815484,0.0,8.872330544962013,0.44280895590782166,0.0,0.0,0.8966159820556641,0.4093261957168579,0.0,0.0,0.9123879075050354,-0.39928394603231365
-238.76433513389702,-1030.2652320833936,0.0,8.878183385190718,0.44473299384117126,0.0,0.0,0.8956632018089294,0.4114646017551422,0.0,0.0,0.9114255309104919,-0.0491091542298438
-236.57960056616457,-1028.6556021172662,0.0,8.883976692944294,0.4466306269168854,0.0,0.0,0.894718587398529,0.4135884940624237,0.0,0.0,0.9104636907577515,-0.3995765373329993
-234.38695645451048,-1027.054191565166,0.0,8.889710953588164,0.44850143790245056,0.0,0.0,0.8937822580337524,0.4156970977783203,0.0,0.0,0.9095029234886169,-0.049398763353271535
-232.18646982222364,-1025.4608511013125,0.0,8.89538665248774,0.4503449499607086,0.0,0.0,0.8928548097610474,0.4177890121936798,0.0,0.0,0.9085438847541809,-0.39986318879257393
-229.97820798307316,-1023.8754304048587,0.0,8.901004275008448,0.45216071605682373,0.0,0.0,0.8919366002082825,0.41986337304115295,0.0,0.0,0.9075871706008911,-0.04968248166239819
-227.76223853597162,-1022.297778172518,0.0,8.906564306515708,0.45394837856292725,0.0,0.0,0.8910280466079712,0.42191994190216064,0.0,0.0,0.9066328406333923,-0.40014399846465776
-225.53862935965557,-1020.7277421310856,0.0,8.912067232374941,0.45570752024650574,0.0,0.0,0.890129566192627,0.4239584505558014,0.0,0.0,0.9056814312934875,-0.04996040721084427
-223.30744860740688,-1019.1651690498733,0.0,8.917513537951566,0.4574378728866577,0.0,0.0,0.889241635799408,0.42597800493240356,0.0,0.0,0.9047333598136902,-0.4004190644028711
-221.0687647018102,-1017.6099047530474,0.0,8.922903708610997,0.4591391980648041,0.0,0.0,0.8883643746376038,0.4279778003692627,0.0,0.0,0.9037891030311584,-0.05023263805222972
-218.8226463295325,-1016.0617941318633,0.0,8.928238229718668,0.46081146597862244,0.0,0.0,0.887498140335083,0.4299573600292206,0.0,0.0,0.9028490781784058,-0.4006884846608343
-216.56916243614376,-1014.520681156806,0.0,8.933517586639985,0.4624539017677307,0.0,0.0,0.8866433501243591,0.4319159686565399,0.0,0.0,0.9019137620925903,-0.05049927224017503
-214.30838222096992,-1012.9864088896284,0.0,8.938742264740375,0.46406665444374084,0.0,0.0,0.8858002424240112,0.4338530898094177,0.0,0.0,0.9009836912155151,-0.4009523572921671
-212.04037513198048,-1011.4588194952902,0.0,8.94391274938526,0.4656493663787842,0.0,0.0,0.8849691152572632,0.43576863408088684,0.0,0.0,0.9000587463378906,-0.0507604078283006
-209.76521086071193,-1009.9377542537935,0.0,8.949029525940059,0.467201828956604,0.0,0.0,0.8841506242752075,0.4376620948314667,0.0,0.0,0.8991395831108093,-0.40121078035049024
-207.48295933721892,-1008.4230535719109,0.0,8.954093079770187,0.4687241315841675,0.0,0.0,0.8833445310592651,0.4395328462123871,0.0,0.0,0.8982265591621399,-0.051016142870226266
-205.19369072507405,-1006.9145569948175,0.0,8.959103896241071,0.4702158570289612,0.0,0.0,0.882551372051239,0.4413798153400421,0.0,0.0,0.8973203897476196,-0.4014638518894238
-202.89747541639537,-1005.4121032176107,0.0,8.964062460718129,0.47167691588401794,0.0,0.0,0.881771445274353,0.4432032108306885,0.0,0.0,0.8964211344718933,-0.05126657541957258
-200.59438402690847,-1003.9155300967243,0.0,8.968969258566782,0.47310715913772583,0.0,0.0,0.8810048699378967,0.44500213861465454,0.0,0.0,0.8955293893814087,-0.4017116699625881
-198.28448739105355,-1002.4246746612368,0.0,8.973824775152446,0.47450658679008484,0.0,0.0,0.8802518844604492,0.4467765986919403,0.0,0.0,0.8946454524993896,-0.051511803529959654
-195.96785655712284,-1000.9393731240684,0.0,8.978629495840542,0.47587504982948303,0.0,0.0,0.8795128464698792,0.4485267102718353,0.0,0.0,0.8937693238258362,-0.40195433262360303
-193.64456278243995,-999.4594608930719,0.0,8.983383905996499,0.47721245884895325,0.0,0.0,0.8787878751754761,0.45025140047073364,0.0,0.0,0.8929018974304199,-0.05175192525500805
-191.3146775285747,-997.9847725820072,0.0,8.98808849098572,0.47851860523223877,0.0,0.0,0.8780773878097534,0.45194998383522034,0.0,0.0,0.8920432925224304,-0.4021919379260889
-188.97827245660088,-996.5151420214113,0.0,8.992743736173646,0.47979357838630676,0.0,0.0,0.8773812651634216,0.4536229968070984,0.0,0.0,0.891193687915802,-0.05198703864833759
-186.6354194223832,-995.0504022693459,0.0,8.997350126925683,0.4810373783111572,0.0,0.0,0.8766999244689941,0.45527005195617676,0.0,0.0,0.8903535604476929,-0.4024245839236666
-184.2861904719203,-993.590385622043,0.0,9.001908148607257,0.48224562406539917,0.0,0.0,0.8760260343551636,0.4568902850151062,0.0,0.0,0.8895232081413269,-0.05221724176356857
-181.93065783670795,-992.1349236244233,0.0,9.006418286583783,0.48342323303222656,0.0,0.0,0.8753683567047119,0.45848363637924194,0.0,0.0,0.8887028694152832,-0.4026523686699558
-179.568893929158,-990.6838470805101,0.0,9.010881026220684,0.48457449674606323,0.0,0.0,0.8747349977493286,0.46005040407180786,0.0,0.0,0.8878927826881409,-0.05244263265432114
-177.20097133805075,-989.2369860637193,0.0,9.015296852883381,0.4856896996498108,0.0,0.0,0.8741093277931213,0.46158963441848755,0.0,0.0,0.8870935440063477,-0.4028753902185769
-174.82696282402833,-987.7941699270349,0.0,9.019666251937297,0.486773818731308,0.0,0.0,0.8735002875328064,0.463100790977478,0.0,0.0,0.8863056898117065,-0.052663309374215816
-172.44694131513072,-986.3552273130651,0.0,9.023989708747845,0.48782679438591003,0.0,0.0,0.8729078769683838,0.4645843207836151,0.0,0.0,0.8855289220809937,-0.40309374662315006
-170.06097990237447,-984.9199861639813,0.0,9.028267708680454,0.4888482391834259,0.0,0.0,0.8723323941230774,0.4660404622554779,0.0,0.0,0.8847634792327881,-0.05287936997687287
-167.66915183536977,-983.488273731333,0.0,9.032500737100536,0.48983779549598694,0.0,0.0,0.8717740774154663,0.4674684405326843,0.0,0.0,0.8840097188949585,-0.40330753593729557
-165.27153051798265,-982.0599165857464,0.0,9.036689279373517,0.4907950460910797,0.0,0.0,0.8712331652641296,0.46886759996414185,0.0,0.0,0.8832683563232422,-0.05309091251591236
-162.86818950403853,-980.6347406264965,0.0,9.040833820864812,0.49171939492225647,0.0,0.0,0.8707101345062256,0.4702385663986206,0.0,0.0,0.8825392127037048,-0.4035168562146337
-160.4592024930713,-979.2125710909622,0.0,9.044934846939846,0.4926103353500366,0.0,0.0,0.870205283164978,0.47158074378967285,0.0,0.0,0.8818228244781494,-0.053298035044954506
-158.04464332611172,-977.7932325639526,0.0,9.048992842964038,0.4934670329093933,0.0,0.0,0.8697191476821899,0.4728943109512329,0.0,0.0,0.8811190724372864,-0.4037218055087848
-155.62458598152134,-976.3765489869124,0.0,9.053008294302801,0.4942886531352997,0.0,0.0,0.8692523241043091,0.474178671836853,0.0,0.0,0.8804284930229187,-0.05350083561761931
-153.1991045708703,-974.9623436669992,0.0,9.05698168632157,0.4950740933418274,0.0,0.0,0.8688055276870728,0.4754341244697571,0.0,0.0,0.8797512054443359,-0.4039224818733691
-150.76827333486037,-973.5504392860408,0.0,9.060913504385756,0.49582234025001526,0.0,0.0,0.8683794140815735,0.4766608774662018,0.0,0.0,0.8790870904922485,-0.053699412287527615
-148.33216663929036,-972.1406579093589,0.0,9.064804233860778,0.496532142162323,0.0,0.0,0.8679747581481934,0.4778575301170349,0.0,0.0,0.8784371018409729,-0.40411898336200663
-145.8908589710669,-970.7328209944702,0.0,9.068654360112053,0.49720197916030884,0.0,0.0,0.8675925135612488,0.47902530431747437,0.0,0.0,0.8778008222579956,-0.05389386310829902
-143.44442493426234,-969.3267493996588,0.0,9.072464368505017,0.4978303909301758,0.0,0.0,0.8672335743904114,0.48016348481178284,0.0,0.0,0.8771787285804749,-0.40431140802831794
-140.99293924621693,-967.9222633924182,0.0,9.076234744405076,0.49841558933258057,0.0,0.0,0.8668990731239319,0.48127174377441406,0.0,0.0,0.8765712380409241,-0.05408428613355454
-138.5364767336834,-966.5191826577659,0.0,9.079965973177652,0.49895578622817993,0.0,0.0,0.866590142250061,0.48235073685646057,0.0,0.0,0.8759779334068298,-0.4044998539259228
-136.0751123290243,-965.1173263064256,0.0,9.083658540188166,0.49944886565208435,0.0,0.0,0.8663080930709839,0.4833998680114746,0.0,0.0,0.8753994703292847,-0.05427077941691383
-133.60892233792023,-963.7165123419286,0.0,9.08731293080204,0.49989259243011475,0.0,0.0,0.8660542368888855,0.48441752791404724,0.0,0.0,0.874836802482605,-0.4046844191084418
-131.1380913094465,-962.3165121986268,0.0,9.090929630384691,0.5002849102020264,0.0,0.0,0.8658299446105957,0.4854022264480591,0.0,0.0,0.8742908835411072,-0.05445344101199717
-128.6629932932952,-960.9170161766953,0.0,9.094509124301545,0.5006236433982849,0.0,0.0,0.86563640832901,0.4863520562648773,0.0,0.0,0.873762845993042,-0.404865201629495
-126.18402220158644,-959.5177056215296,0.0,9.098051897918024,0.5009066462516785,0.0,0.0,0.8654749393463135,0.48726484179496765,0.0,0.0,0.8732541799545288,-0.05463236897242535
-123.70157276583883,-958.118261031692,0.0,9.101558436599534,0.5011326670646667,0.0,0.0,0.865346372127533,0.48813849687576294,0.0,0.0,0.8727661371231079,-0.40504229954270266
-121.21604052170427,-956.7183620712902,0.0,9.105029225711508,0.5012998580932617,0.0,0.0,0.8652516603469849,0.48897185921669006,0.0,0.0,0.8722994923591614,-0.054807661351817916
-118.72782179398209,-955.3176875821316,0.0,9.108464750619367,0.5014071464538574,0.0,0.0,0.8651915788650513,0.4897631108760834,0.0,0.0,0.8718554377555847,-0.40521581090168546
-116.23731368190182,-953.9159155956394,0.0,9.111865496688521,0.5014531016349792,0.0,0.0,0.8651669025421143,0.49051085114479065,0.0,0.0,0.8714348673820496,-0.05497941620379537
-113.7449140446955,-952.5127233445417,0.0,9.115231949284397,0.501436710357666,0.0,0.0,0.865178108215332,0.4912138283252716,0.0,0.0,0.8710388541221619,-0.405385833760063
-111.25102148743183,-951.1077872743218,0.0,9.118564593772415,0.5013566017150879,0.0,0.0,0.8652260899543762,0.4918708801269531,0.0,0.0,0.8706680536270142,-0.055147731581978165
-108.75603534714223,-949.7007830544355,0.0,9.121863915517995,0.5012121796607971,0.0,0.0,0.8653110265731812,0.4924775958061218,0.0,0.0,0.870319664478302,-0.4055524661714559
-106.2603556792225,-948.2913855892938,0.0,9.125130399886554,0.5010022521018982,0.0,0.0,0.8654336333274841,0.4930361807346344,0.0,0.0,0.8699991106987,-0.05531270553998624
-103.76438324411312,-946.8792690290036,0.0,9.128364532243515,0.5007259249687195,0.0,0.0,0.865594208240509,0.4935450851917267,0.0,0.0,0.8697072267532349,-0.40571580618948416
-101.2685194942662,-945.4641067798764,0.0,9.131566797954303,0.5003823041915894,0.0,0.0,0.8657932281494141,0.49400341510772705,0.0,0.0,0.8694446086883545,-0.05547443613144021
-98.77316656139696,-944.0455715146949,0.0,9.134737682384328,0.4999707043170929,0.0,0.0,0.8660309314727783,0.4944097697734833,0.0,0.0,0.8692119717597961,-0.40587595186776826
-96.27872724401284,-942.6233351827384,0.0,9.137877670899014,0.49949055910110474,0.0,0.0,0.8663074970245361,0.49476364254951477,0.0,0.0,0.8690096139907837,-0.05563302140995968
-93.78560499523948,-941.1970690195743,0.0,9.140987248863786,0.49894097447395325,0.0,0.0,0.8666232228279114,0.4950633645057678,0.0,0.0,0.8688384890556335,-0.40603300125992847
-91.29420391092069,-939.7664435565986,0.0,9.144066901644061,0.49832120537757874,0.0,0.0,0.8669783473014832,0.4953084886074066,0.0,0.0,0.86869877576828,-0.055788559429165496
-88.80492871801974,-938.3311286303415,0.0,9.147117114605255,0.49763059616088867,0.0,0.0,0.867372989654541,0.4954978823661804,0.0,0.0,0.8685911297798157,-0.4061870524195847
-86.31818476329732,-936.8907933915273,0.0,9.150138373112796,0.4968683421611786,0.0,0.0,0.8678074479103088,0.4956303536891937,0.0,0.0,0.868516206741333,-0.05594114824267771
-83.83437800228712,-935.4451063138888,0.0,9.153131162532102,0.49603402614593506,0.0,0.0,0.8682816624641418,0.4957047998905182,0.0,0.0,0.8684744834899902,-0.4063382034003577
-81.35391498856308,-933.9937352027422,0.0,9.15609596822859,0.4951269328594208,0.0,0.0,0.8687957525253296,0.49572089314460754,0.0,0.0,0.8684661388397217,-0.05609088590411648
-78.8772028632888,-932.5363472033072,0.0,9.159033275567676,0.494146466255188,0.0,0.0,0.8693496584892273,0.49567797780036926,0.0,0.0,0.8684914112091064,-0.4064865522558671
-76.40464934507031,-931.0726088087898,0.0,9.161943569914792,0.49309179186820984,0.0,0.0,0.8699436187744141,0.49557456374168396,0.0,0.0,0.8685509562492371,-0.05623787046710216
-73.93666272009969,-929.6021858682145,0.0,9.164827336635351,0.49196726083755493,0.0,0.0,0.8705865144729614,0.4954104423522949,0.0,0.0,0.8686448931694031,-0.40663219703973374
-71.47365183258816,-928.1247435940066,0.0,9.167685061094774,0.4907667934894562,0.0,0.0,0.8712689876556396,0.49518415331840515,0.0,0.0,0.868773877620697,-0.05638219998525479
-69.01602607550102,-926.6399465693287,0.0,9.17051722865848,0.4894898235797882,0.0,0.0,0.8719912767410278,0.4948951303958893,0.0,0.0,0.8689380288124084,-0.40677523580557756
-66.56419538158784,-925.1474587551684,0.0,9.173324324691894,0.4881359040737152,0.0,0.0,0.8727532029151917,0.4945431351661682,0.0,0.0,0.8691373467445374,-0.05652397251219482
-64.11857021470432,-923.6469434971715,0.0,9.17610683456043,0.48670411109924316,0.0,0.0,0.8735551238059998,0.4941263496875763,0.0,0.0,0.8693726658821106,-0.40691576660701884
-61.67956156143969,-922.1380635322299,0.0,9.178865243629513,0.4851941764354706,0.0,0.0,0.8743969202041626,0.493645042181015,0.0,0.0,0.8696435689926147,-0.05666328610154242
-59.24758092303753,-920.6204809948148,0.0,9.181600037264559,0.48360511660575867,0.0,0.0,0.875278651714325,0.4930974245071411,0.0,0.0,0.8699508905410767,-0.40705388749767774
-56.823040307618975,-919.0938574230573,0.0,9.184311700830994,0.4819362163543701,0.0,0.0,0.8762001991271973,0.4924857020378113,0.0,0.0,0.8702995777130127,-0.056800238806917924
-54.406352222706396,-917.5578537645802,0.0,9.187000719694234,0.4801865220069885,0.0,0.0,0.8771613240242004,0.49180689454078674,0.0,0.0,0.870685338973999,-0.4071896965311747
-51.997929668048336,-916.0121303820724,0.0,9.1896675792197,0.4783554971218109,0.0,0.0,0.8781620860099792,0.4910600781440735,0.0,0.0,0.8711085915565491,-0.05693492868194139
-49.59818612874257,-914.456347058609,0.0,9.192312764772812,0.47644245624542236,0.0,0.0,0.8792022466659546,0.4902447462081909,0.0,0.0,0.8715693354606628,-0.40732329176112986
-47.20753556866786,-912.8901630027199,0.0,9.194936761718987,0.47444650530815125,0.0,0.0,0.8802816271781921,0.48936036229133606,0.0,0.0,0.8720678091049194,-0.05706745378023309
-44.82639242421734,-911.3132368532019,0.0,9.197540055423651,0.4723668098449707,0.0,0.0,0.8813998103141785,0.48840564489364624,0.0,0.0,0.872604250907898,-0.4074547712411634
-42.45517159833286,-909.7252266836726,0.0,9.20012313125222,0.47020256519317627,0.0,0.0,0.882556676864624,0.48738038539886475,0.0,0.0,0.8731785416603088,-0.05719791215541331
-40.094288454849604,-908.125790006871,0.0,9.202686474570122,0.4679528474807739,0.0,0.0,0.8837518692016602,0.4862832725048065,0.0,0.0,0.8737910389900208,-0.4075842330248958
-37.744158813141254,-906.5145837786974,0.0,9.205230570742765,0.46561703085899353,0.0,0.0,0.884985089302063,0.4851130545139313,0.0,0.0,0.8744422197341919,-0.05732640186110244
-35.40519894307796,-904.8912644020019,0.0,9.207755905135578,0.4631940722465515,0.0,0.0,0.8862559199333191,0.4838699698448181,0.0,0.0,0.8751316070556641,-0.4077117751659469
-33.077825560281894,-903.255487730104,0.0,9.210262963113978,0.4606832265853882,0.0,0.0,0.8875638246536255,0.482552707195282,0.0,0.0,0.8758594393730164,-0.05745302095092064
-30.762455821703313,-901.6069090700676,0.0,9.212752230043385,0.4580835998058319,0.0,0.0,0.8889084458351135,0.48116031289100647,0.0,0.0,0.8766258358955383,-0.40783749571793715
-28.45950732149241,-899.9451831857014,0.0,9.215224191289222,0.4553944766521454,0.0,0.0,0.8902891874313354,0.479692280292511,0.0,0.0,0.8774306774139404,-0.05757786747848814
-26.16939808718663,-898.2699643003094,0.0,9.217679332216905,0.4526149332523346,0.0,0.0,0.8917055130004883,0.47814804315567017,0.0,0.0,0.878273606300354,-0.40796149273448684
-23.89254657621087,-896.5809060991809,0.0,9.220118138191859,0.44974416494369507,0.0,0.0,0.8931570053100586,0.47652706503868103,0.0,0.0,0.8791546821594238,-0.05770103949742522
-21.629371672681202,-894.8776617318136,0.0,9.2225410945795,0.4467814862728119,0.0,0.0,0.89464271068573,0.4748275876045227,0.0,0.0,0.880074143409729,-0.4080838642692161
-19.380292684524626,-893.1598838138793,0.0,9.22494868674525,0.44372665882110596,0.0,0.0,0.8961618542671204,0.473049521446228,0.0,0.0,0.8810316324234009,-0.0578226350613521
-17.145729340904424,-891.4272244289258,0.0,9.227341400054527,0.44057944416999817,0.0,0.0,0.897713303565979,0.47119149565696716,0.0,0.0,0.8820271492004395,-0.4082047083757452
-14.926101789969227,-889.6793351298197,0.0,9.229719719872755,0.4373398423194885,0.0,0.0,0.8992960453033447,0.4692530035972595,0.0,0.0,0.8830603957176208,-0.057942752223888894
-12.721830596899416,-887.9158669399181,0.0,9.232084131565355,0.43400824069976807,0.0,0.0,0.9009085297584534,0.46723270416259766,0.0,0.0,0.8841313123703003,-0.4083241231076946
-10.533336742283103,-886.1364703539891,0.0,9.234435120497738,0.43058550357818604,0.0,0.0,0.9025494456291199,0.46513083577156067,0.0,0.0,0.8852392435073853,-0.05806148903865577
-8.361041620794259,-884.3407953388568,0.0,9.236773172035338,0.4270729422569275,0.0,0.0,0.9042168259620667,0.46294569969177246,0.0,0.0,0.8863841891288757,-0.4084422065186845
-6.205367040189731,-882.5284913337856,0.0,9.239098771543564,0.4234723448753357,0.0,0.0,0.9059085845947266,0.46067678928375244,0.0,0.0,0.8875657916069031,-0.05817894355927322
-4.066735220622634,-880.6992072506035,0.0,9.241412404387843,0.4197860062122345,0.0,0.0,0.907622754573822,0.45832282304763794,0.0,0.0,0.8887837529182434,-0.40855905666233494
-1.9455687942692226,-878.8525914735525,0.0,9.243714555933591,0.4160167872905731,0.0,0.0,0.9093567132949829,0.4558837115764618,0.0,0.0,0.8900373578071594,-0.05829521383936154
0.15770919472549316,-876.9882918588792,0.0,9.246005711546227,0.4121679961681366,0.0,0.0,0.9111076593399048,0.4533582925796509,0.0,0.0,0.8913266658782959,-0.40867477159226606
2.2426752899869946,-875.1059557341571,0.0,9.248286356591178,0.408243864774704,0.0,0.0,0.9128727316856384,0.4507460296154022,0.0,0.0,0.8926507234573364,-0.05841039793254088
4.308905622330736,-873.2052298973422,0.0,9.250556976433854,0.4042488932609558,0.0,0.0,0.9146488904953003,0.4480464458465576,0.0,0.0,0.8940088748931885,-0.40878944936209816
6.355975908870228,-871.2857606155558,0.0,9.252818056439686,0.4001884162425995,0.0,0.0,0.9164326786994934,0.4452580511569977,0.0,0.0,0.8954010009765625,-0.05852459389243142
8.383461451794343,-869.3471936236112,0.0,9.25507008197409,0.3960685431957245,0.0,0.0,0.9182206988334656,0.4423808753490448,0.0,0.0,0.8968261480331421,-0.4089031880254519
10.390937136785489,-867.3891741223135,0.0,9.257313538155724,0.3918958008289337,0.0,0.0,0.9200093150138855,0.43941402435302734,0.0,0.0,0.8982836008071899,-0.05863789976019074
12.377977375224312,-865.4113468327029,0.0,9.259548648021541,0.38767775893211365,0.0,0.0,0.9217946529388428,0.4363570213317871,0.0,0.0,0.8997726440429688,-0.4090160723621093
14.34415594469522,-863.4133561612656,0.0,9.261774874993387,0.3834224045276642,0.0,0.0,0.923572838306427,0.43321117758750916,0.0,0.0,0.9012914896011353,-0.05875033546583952
16.289088870957077,-861.3948869264308,0.0,9.26399154565814,0.37913835048675537,0.0,0.0,0.9253397583961487,0.4299812316894531,0.0,0.0,0.9028369784355164,-0.4091280254259857
18.212790332084335,-859.3560019034073,0.0,9.266197986602666,0.37483423948287964,0.0,0.0,0.927091658115387,0.4266741871833801,0.0,0.0,0.9044046401977539,-0.058861771877179225
20.115491083827333,-857.2969696150625,0.0,9.268393524413844,0.3705177903175354,0.0,0.0,0.9288251399993896,0.4232960343360901,0.0,0.0,0.9059906005859375,-0.40923891117402494
21.997424349906083,-855.2180612659487,0.0,9.270577485678547,0.3661959767341614,0.0,0.0,0.9305375814437866,0.41985273361206055,0.0,0.0,0.9075915217399597,-0.05897207295115425
23.858823676613127,-853.119548706787,0.0,9.272749196983652,0.36187511682510376,0.0,0.0,0.9322264194488525,0.4163498878479004,0.0,0.0,0.9092038869857788,-0.40934859356317155
25.699922937428635,-851.0017044380237,0.0,9.274907984916034,0.3575611710548401,0.0,0.0,0.9338895678520203,0.41279351711273193,0.0,0.0,0.9108241200447083,-0.059081102644708894
27.520956337369505,-848.8648016130679,0.0,9.27705317606256,0.3532595932483673,0.0,0.0,0.9355251789093018,0.4091886878013611,0.0,0.0,0.9124491810798645,-0.4094569365503699
29.322158417060063,-846.7091140412241,0.0,9.279184097010113,0.34897521138191223,0.0,0.0,0.9371317625045776,0.4055401384830475,0.0,0.0,0.9140766263008118,-0.05918872491478727
31.103764056528654,-844.5349161903176,0.0,9.281300074345562,0.3447125256061554,0.0,0.0,0.9387081265449524,0.4018535315990448,0.0,0.0,0.915703296661377,-0.4095638040925644
32.866008478732105,-842.3424831890035,0.0,9.283400434655784,0.34047552943229675,0.0,0.0,0.9402531981468201,0.3981330692768097,0.0,0.0,0.9173269271850586,-0.05929480371833379
34.609127252802374,-840.1320908287687,0.0,9.285484504527652,0.3362679183483124,0.0,0.0,0.9417661428451538,0.3943832516670227,0.0,0.0,0.9189454317092896,-0.4096690601466991
36.33335629701789,-837.9040155656238,0.0,9.287551610548038,0.3320932984352112,0.0,0.0,0.9432464241981506,0.3906087875366211,0.0,0.0,0.9205563068389893,-0.05939920301229262
38.03893188150284,-835.6585345214755,0.0,9.289601079303822,0.32795450091362,0.0,0.0,0.944693386554718,0.38681358098983765,0.0,0.0,0.9221574664115906,-0.4097725686697185
39.72609063064195,-833.3959254851983,0.0,9.29163223738187,0.3238544762134552,0.0,0.0,0.9461067318916321,0.3830018937587738,0.0,0.0,0.9237470626831055,-0.05950178675360829
41.395069525227704,-831.1164669133794,0.0,9.293644411369067,0.3197958171367645,0.0,0.0,0.9474863409996033,0.37917739152908325,0.0,0.0,0.9253236651420593,-0.4098741936185668
43.0461059043225,-828.8204379307626,0.0,9.29563692785228,0.3157808482646942,0.0,0.0,0.9488320350646973,0.3753435015678406,0.0,0.0,0.9268854260444641,-0.05960241889922513
44.679437466845854,-826.5081183303706,0.0,9.297609113418384,0.3118116855621338,0.0,0.0,0.9501438736915588,0.37150391936302185,0.0,0.0,0.9284310340881348,-0.40997379895018815
46.295302272885365,-824.1797885733143,0.0,9.299560294654254,0.30789005756378174,0.0,0.0,0.9514217376708984,0.36766183376312256,0.0,0.0,0.9299592971801758,-0.05970096340608727
47.893938744723634,-821.8357297882903,0.0,9.301489798146767,0.30401790142059326,0.0,0.0,0.9526661038398743,0.3638208508491516,0.0,0.0,0.9314687252044678,-0.4100712486215272
49.47558566759049,-819.4762237707605,0.0,9.303396950482794,0.30019673705101013,0.0,0.0,0.9538770914077759,0.35998421907424927,0.0,0.0,0.93295818567276,-0.059797284231139114
51.04048219013618,-817.1015529818125,0.0,9.305281078249209,0.2964281141757965,0.0,0.0,0.9550549983978271,0.3561544120311737,0.0,0.0,0.9344269037246704,-0.41016640658952797
52.58886782461854,-814.7120005467133,0.0,9.307141508032887,0.29271307587623596,0.0,0.0,0.956200122833252,0.352334588766098,0.0,0.0,0.935873806476593,-0.059891245331324894
54.120982446817386,-812.3078502531351,0.0,9.308977566420703,0.2890527546405792,0.0,0.0,0.9573129415512085,0.34852731227874756,0.0,0.0,0.9372983574867249,-0.4102591368111348
55.63706629566219,-809.8893865490749,0.0,9.310788579999528,0.2854483127593994,0.0,0.0,0.958393931388855,0.34473493695259094,0.0,0.0,0.9386997818946838,-0.059982710663588845
57.13735997258371,-807.4568945404435,0.0,9.312573875356243,0.2819005250930786,0.0,0.0,0.9594435691833496,0.3409602642059326,0.0,0.0,0.9400774240493774,-0.4103493032432921
58.62210444057734,-805.0106599883542,0.0,9.31433277907772,0.2784102261066437,0.0,0.0,0.960462212562561,0.33720526099205017,0.0,0.0,0.9414309859275818,-0.060071544184875536
60.09154102299135,-802.5509693060774,0.0,9.316064617750829,0.2749781906604767,0.0,0.0,0.9614503979682922,0.3334726393222809,0.0,0.0,0.9427595734596252,-0.4104367698429441
61.54591140203093,-800.0781095556822,0.0,9.31776871796245,0.2716049253940582,0.0,0.0,0.9624088406562805,0.32976391911506653,0.0,0.0,0.944063127040863,-0.06015760985212909
62.98545761697612,-797.5923684443644,0.0,9.319444406299452,0.2682909071445465,0.0,0.0,0.9633379578590393,0.32608190178871155,0.0,0.0,0.9453413486480713,-0.41052140056703507
64.41042206212002,-795.0940343204499,0.0,9.32109100934871,0.26503655314445496,0.0,0.0,0.9642383456230164,0.32242804765701294,0.0,0.0,0.9465938210487366,-0.06024077162229369
65.82104748442697,-792.5833961690737,0.0,9.322707853697104,0.26184192299842834,0.0,0.0,0.9651107788085938,0.318803995847702,0.0,0.0,0.9478205442428589,-0.4106030593725095
67.21757698089914,-790.0607436075531,0.0,9.324294265931503,0.258707195520401,0.0,0.0,0.9659557938575745,0.31521180272102356,0.0,0.0,0.9490213990211487,-0.06032089345231384
68.60025399566763,-787.5263668804263,0.0,9.325849572638779,0.25563231110572815,0.0,0.0,0.966774046421051,0.31165266036987305,0.0,0.0,0.9501961469650269,-0.41068161021631133
69.96932231679205,-784.9805568541829,0.0,9.327373100405813,0.2526170611381531,0.0,0.0,0.9675662517547607,0.3081282675266266,0.0,0.0,0.9513447880744934,-0.060397839299133727
71.32502607278396,-782.4236050116622,0.0,9.328864175819477,0.24966102838516235,0.0,0.0,0.9683332443237305,0.30464035272598267,0.0,0.0,0.9524673819541931,-0.4107569170553853
72.66760972883984,-779.8558034461381,0.0,9.330322125466644,0.24676378071308136,0.0,0.0,0.9690755605697632,0.30119064450263977,0.0,0.0,0.9535638689994812,-0.060471473119697694
73.99731808278882,-777.277444855087,0.0,9.331746275934186,0.24392463266849518,0.0,0.0,0.9697940945625305,0.2977796494960785,0.0,0.0,0.9546345472335815,-0.41082884384667534
75.31439626076185,-774.6888225336193,0.0,9.333135953808986,0.24114276468753815,0.0,0.0,0.9704895615577698,0.29440879821777344,0.0,0.0,0.9556794762611389,-0.060541658870950144
76.61908971256838,-772.0902303676077,0.0,9.334490485677906,0.23841723799705505,0.0,0.0,0.9711626768112183,0.29107964038848877,0.0,0.0,0.9566987752914429,-0.4108972545471259
77.91164420679293,-769.4819628264814,0.0,9.33580919812783,0.23574692010879517,0.0,0.0,0.9718143343925476,0.2877926826477051,0.0,0.0,0.9576927423477173,-0.0606082605098352
79.19230582560354,-766.864314955703,0.0,9.337091417745631,0.233130544424057,0.0,0.0,0.9724452495574951,0.2845494747161865,0.0,0.0,0.9586613774299622,-0.41096201311368147
80.46132095927567,-764.2375823689257,0.0,9.338336471118179,0.2305665910243988,0.0,0.0,0.9730562567710876,0.2813504636287689,0.0,0.0,0.9596052169799805,-0.06067114199329726
81.7189363004305,-761.6020612398225,0.0,9.339543684832348,0.22805364429950714,0.0,0.0,0.9736483097076416,0.2781968116760254,0.0,0.0,0.9605241417884827,-0.411022983503286
82.96539883798727,-758.9580482936015,0.0,9.340712385475019,0.22558987140655518,0.0,0.0,0.9742221236228943,0.2750892639160156,0.0,0.0,0.9614187479019165,-0.06073016727828062
84.2009558508289,-756.305840798193,0.0,9.341841899633058,0.22317329049110413,0.0,0.0,0.9747785925865173,0.27202868461608887,0.0,0.0,0.9622892141342163,-0.41108002967288393
85.4258541799474,-753.6457361510933,0.0,9.342931553893347,0.22080186009407043,0.0,0.0,0.9753184914588928,0.269014447927475,0.0,0.0,0.9631361365318298,-0.06078520032172957
86.64027724924466,-750.9779965938857,0.0,9.343980674842754,0.21847349405288696,0.0,0.0,0.9758426547050476,0.26604604721069336,0.0,0.0,0.9639602899551392,-0.4111330155794196
87.84429599973244,-748.3028217206603,0.0,9.344988589068157,0.2161862552165985,0.0,0.0,0.9763518571853638,0.2631222903728485,0.0,0.0,0.9647623896598816,-0.06083610508058829
89.0379699874766,-745.6204051054697,0.0,9.34595462315643,0.2139384001493454,0.0,0.0,0.9768469929695129,0.2602420747280121,0.0,0.0,0.9655433297157288,-0.41118180517983743
90.22135891332861,-742.9309407550267,0.0,9.346878103694449,0.21172824501991272,0.0,0.0,0.9773285388946533,0.2574043869972229,0.0,0.0,0.9663037061691284,-0.06088274551180134
91.39452262363645,-740.234623102861,0.0,9.34775835726908,0.20955434441566467,0.0,0.0,0.9777969717979431,0.25460875034332275,0.0,0.0,0.9670440554618835,-0.41122626243108146
92.55752111087422,-737.531647003285,0.0,9.34859471046721,0.20741526782512665,0.0,0.0,0.9782528281211853,0.2518540024757385,0.0,0.0,0.967765212059021,-0.06092498557231296
93.71041451419768,-734.8222077251455,0.0,9.349386489875702,0.20530986785888672,0.0,0.0,0.9786968231201172,0.24913935363292694,0.0,0.0,0.9684675931930542,-0.4112662512900962
94.85326311992135,-732.106500945377,0.0,9.350133022081433,0.20323699712753296,0.0,0.0,0.9791293144226074,0.24646387994289398,0.0,0.0,0.9691519141197205,-0.06096268921906706
95.98612736192,-729.3847227423457,0.0,9.350833633671284,0.20119565725326538,0.0,0.0,0.979550838470459,0.24382725358009338,0.0,0.0,0.969818651676178,-0.41130163571382605
97.1090678219525,-726.6570695889935,0.0,9.351487651232121,0.19918467104434967,0.0,0.0,0.9799617528915405,0.2412281185388565,0.0,0.0,0.9704684615135193,-0.06099572040900836
98.22214522990808,-723.9237383457754,0.0,9.352094401350822,0.19720281660556793,0.0,0.0,0.9803625345230103,0.23866626620292664,0.0,0.0,0.9711016416549683,-0.411332279659215
99.32542046397704,-721.1849262533938,0.0,9.352653210614264,0.1952485740184784,0.0,0.0,0.9807536005973816,0.23614074289798737,0.0,0.0,0.9717188477516174,-0.06102394309908116
100.41895455074152,-718.4408309253324,0.0,9.353163405609314,0.19332018494606018,0.0,0.0,0.9811356663703918,0.23365089297294617,0.0,0.0,0.9723204374313354,-0.4113580470832074
101.50280866519226,-715.6916503401801,0.0,9.353624312922854,0.1914154440164566,0.0,0.0,0.9815091490745544,0.23119613528251648,0.0,0.0,0.9729069471359253,-0.06104722124622963
102.57704413066656,-712.9375828337566,0.0,9.354035259141753,0.189531609416008,0.0,0.0,0.9818745255470276,0.22877609729766846,0.0,0.0,0.9734788537025452,-0.4113788019427478
103.64172241870867,-710.1788270910334,0.0,9.354395570852887,0.18766553699970245,0.0,0.0,0.9822328090667725,0.2263898253440857,0.0,0.0,0.9740365743637085,-0.061065418807397964
104.6969051488538,-707.4155821378528,0.0,9.354704574643131,0.18581335246562958,0.0,0.0,0.9825848937034607,0.22403669357299805,0.0,0.0,0.9745804667472839,-0.41139440819478035
105.74265408833432,-704.648047332442,0.0,9.35496159709936,0.1839706003665924,0.0,0.0,0.9829316735267639,0.22171607613563538,0.0,0.0,0.9751110672950745,-0.06107839973953072
106.77903115170939,-701.8764223567268,0.0,9.355165964808446,0.18213216960430145,0.0,0.0,0.9832738637924194,0.2194279432296753,0.0,0.0,0.9756285548210144,-0.41140472979624937
107.8060984004157,-699.1009072074453,0.0,9.355317004357264,0.18029212951660156,0.0,0.0,0.9836129546165466,0.21717120707035065,0.0,0.0,0.9761333465576172,-0.06108602799957202
108.82391804224322,-696.3217021870544,0.0,9.35541404233269,0.17844368517398834,0.0,0.0,0.9839499592781067,0.21494551002979279,0.0,0.0,0.976625919342041,-0.4114096307040992
109.83255243073235,-693.5390078944383,0.0,9.355456405321595,0.17657926678657532,0.0,0.0,0.9842863082885742,0.21275018155574799,0.0,0.0,0.977106511592865,-0.06108816754446622
110.83206406449266,-690.7530252154205,0.0,9.355443419910857,0.17469041049480438,0.0,0.0,0.9846233129501343,0.21058523654937744,0.0,0.0,0.977575421333313,-0.41140897487527406
111.82251558644774,-687.9639553130639,0.0,9.355374412687343,0.17276780307292938,0.0,0.0,0.984962522983551,0.20844988524913788,0.0,0.0,0.9780329465866089,-0.06108468233115738
112.80396978299952,-685.1719996177824,0.0,9.355248710237941,0.17080102860927582,0.0,0.0,0.9853054881095886,0.2063436359167099,0.0,0.0,0.9784795641899109,-0.41140262626671836
113.77648958311785,-682.3773598172435,0.0,9.355065639149514,0.1687786877155304,0.0,0.0,0.9856538772583008,0.20426608622074127,0.0,0.0,0.9789154529571533,-0.061075436316590404
114.74013805735073,-679.5802378460797,0.0,9.354824526008937,0.1666884422302246,0.0,0.0,0.9860095381736755,0.20221570134162903,0.0,0.0,0.9793409705162048,-0.41139044883537607
115.69497760193428,-676.7808358753941,0.0,9.354524697403088,0.16451667249202728,0.0,0.0,0.9863742589950562,0.2001870572566986,0.0,0.0,0.9797576665878296,-0.061060293457709136
116.64070509914588,-673.9793563020706,0.0,9.35416547991884,0.16224932670593262,0.0,0.0,0.9867497086524963,0.19816923141479492,0.0,0.0,0.9801678657531738,-0.4113723065381919
117.5760769803874,-671.1760017378892,0.0,9.353746200143068,0.1598731130361557,0.0,0.0,0.9871374368667603,0.19615088403224945,0.0,0.0,0.9805737733840942,-0.061039117711457924
118.4997010162131,-668.3709749984369,0.0,9.353266184662642,0.15737594664096832,0.0,0.0,0.9875386953353882,0.19412164390087128,0.0,0.0,0.980977475643158,-0.4113480633321099
119.41018564320083,-665.5644790918266,0.0,9.352724760064444,0.15474651753902435,0.0,0.0,0.9879541397094727,0.19207122921943665,0.0,0.0,0.9813810586929321,-0.061011773034781225
120.30614005940438,-662.7567172072211,0.0,9.352121252935342,0.15197433531284332,0.0,0.0,0.9883843064308167,0.1899898499250412,0.0,0.0,0.9817861914634705,-0.4113175831740744
121.18617432126766,-659.9478927031563,0.0,9.351454989862216,0.1490495800971985,0.0,0.0,0.9888296127319336,0.1878678798675537,0.0,0.0,0.9821944236755371,-0.06097812338462333
122.04889944199259,-657.1382090956745,0.0,9.350725297431934,0.14596310257911682,0.0,0.0,0.9892898797988892,0.1856963336467743,0.0,0.0,0.9826072454452515,-0.4112807300210299
122.89292749135707,-654.3278700462598,0.0,9.349931502231371,0.14270630478858948,0.0,0.0,0.989764928817749,0.18346618115901947,0.0,0.0,0.9830260276794434,-0.06093803271792819
123.71687169697626,-651.517079349583,0.0,9.349072930847406,0.1392710953950882,0.0,0.0,0.9902542233467102,0.1811690330505371,0.0,0.0,0.9834519624710083,-0.4112373678299206
124.51934654700368,-648.7060409210492,0.0,9.348148909866913,0.1356498897075653,0.0,0.0,0.9907567501068115,0.17879649996757507,0.0,0.0,0.9838860630989075,-0.060891364991640606
125.29896789426216,-645.8949587841604,0.0,9.347158765876758,0.13183557987213135,0.0,0.0,0.9912714958190918,0.1763407289981842,0.0,0.0,0.9843292236328125,-0.4111873605576906
126.05435306180453,-643.0840370576749,0.0,9.346101825463824,0.1278218775987625,0.0,0.0,0.9917970299720764,0.17379380762577057,0.0,0.0,0.9847821593284607,-0.06083798416270453
126.784120949891,-640.2734799425899,0.0,9.344977415214982,0.12360326945781708,0.0,0.0,0.9923316240310669,0.17114821076393127,0.0,0.0,0.985245406627655,-0.41113057216128446
127.48689214438227,-637.463491708922,0.0,9.343784861717106,0.1191752701997757,0.0,0.0,0.9928730726242065,0.16839636862277985,0.0,0.0,0.9857193827629089,-0.060777754188064304
128.16128902653728,-634.6542766823098,0.0,9.342523491557074,0.11453459411859512,0.0,0.0,0.9934191107749939,0.16553114354610443,0.0,0.0,0.9862045049667358,-0.41106686659764646
128.80593588421328,-631.8460392304177,0.0,9.341192631321757,0.10967908799648285,0.0,0.0,0.993966817855835,0.1625455617904663,0.0,0.0,0.9867009520530701,-0.0607105390246645
129.41945902445772,-629.0389837491557,0.0,9.339791607598027,0.10460792481899261,0.0,0.0,0.9945132732391357,0.15943269431591034,0.0,0.0,0.9872087240219116,-0.41099610782372065
130.00048688748316,-626.2333146487222,0.0,9.338319746972763,0.09932193160057068,0.0,0.0,0.9950551986694336,0.15618599951267242,0.0,0.0,0.9877276420593262,-0.06063620262944913
130.54765016202396,-623.4292363394461,0.0,9.336776376032837,0.09382345527410507,0.0,0.0,0.9955886602401733,0.15279871225357056,0.0,0.0,0.9882573485374451,-0.41091815979645174
131.05958190206064,-620.6269532174538,0.0,9.335160821365122,0.08811654895544052,0.0,0.0,0.9961100220680237,0.1492644101381302,0.0,0.0,0.9887973666191101,-0.06055460895936243
131.53491764490684,-617.8266696501497,0.0,9.333472409556494,0.08220715820789337,0.0,0.0,0.9966151118278503,0.14557723701000214,0.0,0.0,0.9893468022346497,-0.4108328864727837
131.97229553065037,-615.0285899615161,0.0,9.33171046719383,0.0761030837893486,0.0,0.0,0.9970998167991638,0.14173084497451782,0.0,0.0,0.9899051785469055,-0.06046562197134908
132.37035642308985,-612.2329184161188,0.0,9.329874324581182,0.06981416046619415,0.0,0.0,0.9975598454475403,0.1377192586660385,0.0,0.0,0.9904712438583374,-0.41074015199739744
132.72774408225487,-609.4398587853883,0.0,9.327964710748642,0.06335239112377167,0.0,0.0,0.9979910254478455,0.13353706896305084,0.0,0.0,0.991043746471405,-0.060369176828291515
133.04310536589134,-606.6496132894292,0.0,9.32598584791172,-0.05673191696405411,0.0,0.0,-0.9983892440795898,0.1291787177324295,0.0,0.0,0.9916212558746338,-0.4106402094298762
133.3150902510595,-603.8623824281661,0.0,9.323942494631527,-0.04996884986758232,0.0,0.0,-0.9987505674362183,0.12463875114917755,0.0,0.0,0.99220210313797,-0.06026597716767562
133.54235181888524,-601.0783649747705,0.0,9.32183940946916,-0.04308142513036728,0.0,0.0,-0.9990713000297546,0.11991216242313385,0.0,0.0,0.9927842617034912,-0.41053399300753446
133.7235462287193,-598.2977579704988,0.0,9.31968135098573,-0.03609035909175873,0.0,0.0,-0.9993483424186707,0.11499546468257904,0.0,0.0,0.9933657646179199,-0.060156984314977124
133.85733268172245,-595.5207567209413,0.0,9.317473077742346,-0.029018407687544823,0.0,0.0,-0.9995787739753723,0.10989167541265488,0.0,0.0,0.9939432740211487,-0.4104224640558484
133.94272308048923,-592.7475189650975,0.0,9.315219348300111,-0.021889716386795044,0.0,0.0,-0.9997602105140686,0.10461436957120895,0.0,0.0,0.9945125579833984,-0.0600431595956723
133.9802488650057,-589.9780453223967,0.0,9.312924921220135,-0.014727197587490082,0.0,0.0,-0.9998914003372192,-0.09917891770601273,0.0,0.0,-0.9950693249702454,-0.4103065839002941
133.97085285710497,-587.2122928203424,0.0,9.31059455506352,-0.007551773451268673,0.0,0.0,-0.999971330165863,-0.09360083937644958,0.0,0.0,-0.9956095218658447,-0.05992546433523721
133.9154771994258,-584.4502171053165,0.0,9.308233008391383,-0.00038248905912041664,0.0,0.0,-0.9999997615814209,-0.08789432048797607,0.0,0.0,-0.9961294531822205,-0.41018731386634777
133.81506319917798,-581.6917724527389,0.0,9.305845039764815,0.006763141136616468,0.0,0.0,-0.9999770522117615,-0.08207397907972336,0.0,0.0,-0.9966259002685547,-0.05980485985914791
133.67055118660858,-578.9369117760262,0.0,9.303435407744935,0.013869313523173332,0.0,0.0,-0.9999037981033325,-0.07615367323160172,0.0,0.0,-0.9970957636833191,-0.41006561527948515
133.4828803805376,-576.1855866351589,0.0,9.301008870892844,0.02092164009809494,0.0,0.0,-0.9997811317443848,-0.07014654576778412,0.0,0.0,-0.997536301612854,-0.05968230749288067
133.25298876095295,-573.4377472448497,0.0,9.298570187769652,0.027907049283385277,0.0,0.0,-0.9996106028556824,-0.06406547129154205,0.0,0.0,-0.9979453086853027,-0.40994244946518255
132.98181294865265,-570.6933424823028,0.0,9.296124116936461,0.03481372445821762,0.0,0.0,-0.9993939399719238,-0.05792282894253731,0.0,0.0,-0.9983206987380981,-0.059558768561911446
132.67028809192473,-567.9523198945863,0.0,9.29367541695438,0.041631024330854416,0.0,0.0,-0.9991331100463867,-0.05173053964972496,0.0,0.0,-0.998660683631897,-0.40981877774891584
132.31934776025017,-565.2146257055933,0.0,9.29122884638452,0.04834940657019615,0.0,0.0,-0.9988304972648621,-0.045499976724386215,0.0,0.0,-0.9989638924598694,-0.059435204391716456
131.92992384501918,-562.4802048226212,0.0,9.288789163787978,0.054960258305072784,0.0,0.0,-0.9984884858131409,-0.03924236446619034,0.0,0.0,-0.9992292523384094,-0.4096955614561612
131.50294646724478,-559.7490008425364,0.0,9.28636112772587,0.06145598366856575,0.0,0.0,-0.998109757900238,-0.03296808525919914,0.0,0.0,-0.999455988407135,-0.05931257630777165
131.03934389226288,-557.0209560575532,0.0,9.283949496759295,0.06782979518175125,0.0,0.0,-0.9976969361305237,-0.026687100529670715,0.0,0.0,-0.9996434450149536,-0.4095737619123947
130.54004245140527,-554.2960114606195,0.0,9.281559029449367,0.07407568395137787,0.0,0.0,-0.9972526431083679,-0.02040909044444561,0.0,0.0,-0.9997913241386414,-0.059191845635553075
130.0059664706297,-551.5741067503983,0.0,9.279194484357188,0.08018842339515686,0.0,0.0,-0.9967796802520752,-0.014143116772174835,0.0,0.0,-0.9998996257781982,-0.4094543404430927
129.43803820609642,-548.8551803358635,0.0,9.276860620043866,0.08616345375776291,0.0,0.0,-0.9962809085845947,-0.007897811010479927,0.0,0.0,-0.9999685287475586,-0.05907397370053685
128.83717778667565,-546.1391693404993,0.0,9.274562195070509,0.09199680387973785,0.0,0.0,-0.9957591891288757,-0.0016815154813230038,0.0,0.0,-0.9999983310699463,-0.4093382583737312
128.20430316337283,-543.4260096061081,0.0,9.272303967998216,0.09768502414226532,0.0,0.0,-0.9952173233032227,0.0044980538077652454,0.0,0.0,-0.9999896287918091,-0.058959921828198814
127.54033006565795,-540.7156356962244,0.0,9.270090697388104,0.10322528332471848,0.0,0.0,-0.9946579337120056,0.010633565485477448,0.0,0.0,-0.9999432563781738,-0.4092264770297862
126.84617196468749,-538.0079808991437,0.0,9.267927141801277,0.10861510038375854,0.0,0.0,-0.9940837621688843,0.01671803928911686,0.0,0.0,-0.9998600482940674,-0.058850651344015625
126.12274004340296,-535.3029772305554,0.0,9.265818059798837,0.11385256052017212,0.0,0.0,-0.9934976100921631,0.02274481952190399,0.0,0.0,-0.9997411370277405,-0.4091199577367337
125.37094317349604,-532.600555435787,0.0,9.263768209941892,0.11893604695796967,0.0,0.0,-0.9929018020629883,0.028707729652523994,0.0,0.0,-0.9995876550674438,-0.058747123573462845
124.5916878992289,-529.9006449916675,0.0,9.26178235079155,0.1238643229007721,0.0,0.0,-0.9922990202903748,0.034601207822561264,0.0,0.0,-0.9994009733200073,-0.40901966182004984
123.78587842809364,-527.2031741079902,0.0,9.259865240908919,0.1286364495754242,0.0,0.0,-0.9916917085647583,0.040419500321149826,0.0,0.0,-0.9991825222969055,-0.05865029984201675
122.95441662830672,-524.5080697286014,0.0,9.258021638855109,0.13325181603431702,0.0,0.0,-0.9910821914672852,0.0461578406393528,0.0,0.0,-0.9989339709281921,-0.40892655060521094
122.09820203312167,-521.8152575320936,0.0,9.256256303191213,0.13770991563796997,0.0,0.0,-0.9904724955558777,0.05181172490119934,0.0,0.0,-0.9986566305160522,-0.05856114147515329
121.21813185195363,-519.1246619321134,0.0,9.254573992478353,0.1420106589794159,0.0,0.0,-0.9898649454116821,0.0573764368891716,0.0,0.0,-0.9983524084091187,-0.4088415854176928
120.31510098830864,-516.4362060772918,0.0,9.252979465277626,0.1461540013551712,0.0,0.0,-0.9892616868019104,0.062847800552845,0.0,0.0,-0.9980229139328003,-0.058480609798348904
119.39000206450511,-513.7498118507789,0.0,9.251477480150145,0.1501402109861374,0.0,0.0,-0.9886646866798401,0.06822223216295242,0.0,0.0,-0.9976699352264404,-0.4087657275829715
118.44372545318522,-511.0653998694019,0.0,9.250072795657008,0.1539696305990219,0.0,0.0,-0.9880754947662354,0.07349632680416107,0.0,0.0,-0.9972953200340271,-0.05840966613707932
117.47715931560839,-508.38288948243786,0.0,9.248770170359332,0.1576426774263382,0.0,0.0,-0.9874962568283081,0.07866684347391129,0.0,0.0,-0.9969007968902588,-0.4086999384265233
116.49118964672002,-505.70219876999806,0.0,9.247574362818215,0.16115985810756683,0.0,0.0,-0.9869282245635986,0.08373063802719116,0.0,0.0,-0.9964883327484131,-0.058349271816820814
115.48670032699711,-503.02324454103405,0.0,9.24649013159477,0.16452191770076752,0.0,0.0,-0.9863733649253845,0.08868534117937088,0.0,0.0,-0.9960596561431885,-0.4086451792738241
114.46457318106401,-500.3459423309602,0.0,9.245522235250101,0.1677296906709671,0.0,0.0,-0.9858328700065613,0.09352824091911316,0.0,0.0,-0.9956166744232178,-0.058300388163049666
113.42568804307797,-497.6702063988891,0.0,9.244675432345314,0.1707841157913208,0.0,0.0,-0.9853082895278931,0.09825709462165833,0.0,0.0,-0.9951611161231995,-0.40860241145035003
112.37092282888821,-494.99594972449034,0.0,9.243954481441515,0.17368628084659576,0.0,0.0,-0.9848008155822754,0.10286993533372879,0.0,0.0,-0.9946948289871216,-0.0582639765012416
111.30115361496375,-492.32308400445737,0.0,9.24336414109981,0.17643755674362183,0.0,0.0,-0.9843116402626038,0.10736483335494995,0.0,0.0,-0.9942197799682617,-0.40857259628157705
110.21725472410265,-489.6515196486012,0.0,9.242909169881312,0.17903940379619598,0.0,0.0,-0.983841598033905,0.11173998564481735,0.0,0.0,-0.9937375783920288,-0.058240998156873
109.12009881791829,-486.98116577555317,0.0,9.242594326347119,0.1814935803413391,0.0,0.0,-0.9833918213844299,0.1159939095377922,0.0,0.0,-0.9932499527931213,-0.4085566950929815
108.01055699611737,-484.3119302080893,0.0,9.242424369058343,0.1838020384311676,0.0,0.0,-0.9829630851745605,0.12012539803981781,0.0,0.0,-0.9927587509155273,-0.05823241445541966
106.88949890257153,-481.64371946806517,0.0,9.24240405657609,0.1859668791294098,0.0,0.0,-0.9825558662414551,0.12413306534290314,0.0,0.0,-0.992265522480011,-0.4085556692100394
105.75779283819814,-478.9764387709714,0.0,9.242538147461467,0.1879904866218567,0.0,0.0,-0.9821707010269165,0.1280156821012497,0.0,0.0,-0.9917721748352051,-0.058239186722357894
104.61630588066078,-476.30999202010264,0.0,9.242831400275577,0.1898755580186844,0.0,0.0,-0.981808066368103,0.13177235424518585,0.0,0.0,-0.9912800192832947,-0.4085704799582268
103.46590401090208,-473.6442818003386,0.0,9.243288573579528,0.19162489473819733,0.0,0.0,-0.9814682006835938,0.1354023516178131,0.0,0.0,-0.9907907247543335,-0.058262276283163494
102.3074522465275,-470.97920937154134,0.0,9.243914425934431,0.19324162602424622,0.0,0.0,-0.9811511039733887,0.13890449702739716,0.0,0.0,-0.9903058409690857,-0.4086020886630199
101.14181478205793,-468.3146746615635,0.0,9.244713715901385,0.19472919404506683,0.0,0.0,-0.9808570146560669,0.14227835834026337,0.0,0.0,-0.9898266792297363,-0.05830264446331268
99.96985513607038,-465.6505762588656,0.0,9.245691202041508,0.19608956575393677,0.0,0.0,-0.9805771112442017,0.14552323520183563,0.0,0.0,-0.9893549084663391,-0.4086514566498947
98.79243630525538,-462.9868114047536,0.0,9.24685164291589,0.1973288655281067,0.0,0.0,-0.980322003364563,0.14863842725753784,0.0,0.0,-0.9888916611671448,-0.058361252588281565
97.61042092540457,-460.3232759852072,0.0,9.248199797085654,0.19845132529735565,0.0,0.0,-0.980090856552124,0.15162350237369537,0.0,0.0,-0.9884383082389832,-0.40871954524432724
96.42467158773088,-457.6598648551285,0.0,9.249739267249602,0.19946135580539703,0.0,0.0,-0.9798828959465027,0.1544780135154724,0.0,0.0,-0.9879962205886841,-0.05843900360666271
95.23605215135979,-454.9964743724979,0.0,9.251464820566227,0.20036371052265167,0.0,0.0,-0.9796971082687378,0.15720249712467194,0.0,0.0,-0.9875664114952087,-0.40880669440173256
94.04540942797591,-452.3330035603435,0.0,9.253367146450623,0.20116354525089264,0.0,0.0,-0.9795325994491577,0.1597995162010193,0.0,0.0,-0.9871494770050049,-0.05853508067153118
92.85329065348638,-449.6693541009313,0.0,9.255436912423605,0.2018657922744751,0.0,0.0,-0.9793882369995117,0.1622728407382965,0.0,0.0,-0.9867458939552307,-0.4089112280367317
91.66000363312638,-447.0054303243895,0.0,9.257664786005975,0.20247486233711243,0.0,0.0,-0.979263186454773,0.1646261215209961,0.0,0.0,-0.9863560199737549,-0.05864759953932763
90.46585103996944,-444.3411391980965,0.0,9.26004143471853,0.20299479365348816,0.0,0.0,-0.9791566729545593,0.16686265170574188,0.0,0.0,-0.9859800934791565,-0.4090312607999921
89.27113721149377,-441.6763903168113,0.0,9.262557526082087,0.20342913269996643,0.0,0.0,-0.9790679216384888,0.16898584365844727,0.0,0.0,-0.9856184124946594,-0.05877467486071941
88.07616820049377,-439.011095893559,0.0,9.265203727617445,0.20378105342388153,0.0,0.0,-0.9789962768554688,0.17099864780902863,0.0,0.0,-0.985271155834198,-0.40916490734218186
86.88125182118817,-436.3451707512649,0.0,9.26797070684541,0.20405341684818268,0.0,0.0,-0.9789411425590515,0.17290395498275757,0.0,0.0,-0.9849386215209961,-0.0589144212863742
85.68669769052165,-433.6785323151405,0.0,9.270849131286788,0.20424886047840118,0.0,0.0,-0.9789020419120789,0.1747046858072281,0.0,0.0,-0.9846207499504089,-0.4093102823139686
84.49281726465605,-431.0111006058285,0.0,9.273829668462382,0.2043696641921997,0.0,0.0,-0.9788784384727478,0.1764032393693924,0.0,0.0,-0.9843178391456604,-0.059064953466959724
83.29992387063669,-428.3427982332905,0.0,9.276902985892997,0.20441778004169464,0.0,0.0,-0.9788699150085449,0.1780022531747818,0.0,0.0,-0.9840299487113953,-0.4094655003660199
82.10833273323465,-425.6735503914617,0.0,9.28005975109944,0.20439513027668,0.0,0.0,-0.978875994682312,0.17950406670570374,0.0,0.0,-0.9837570786476135,-0.059224386053143674
80.91836099694737,-423.0032848536517,0.0,9.283290631602513,0.20430324971675873,0.0,0.0,-0.9788963198661804,0.18091082572937012,0.0,0.0,-0.9834993481636047,-0.40962867614900345
79.73032774315566,-420.3319319687148,0.0,9.286586294923026,0.20414364337921143,0.0,0.0,-0.9789305925369263,0.18222472071647644,0.0,0.0,-0.9832566976547241,-0.05939083369559378
78.54455400241632,-417.6594246579673,0.0,9.289937408581782,0.20391759276390076,0.0,0.0,-0.9789785146713257,0.18344785273075104,0.0,0.0,-0.983029305934906,-0.4097979243135871
77.36136276188992,-414.98569841287645,0.0,9.293334640099586,0.2036261409521103,0.0,0.0,-0.9790396690368652,0.1845819354057312,0.0,0.0,-0.9828170537948608,-0.05956241104497784
76.18107896788304,-412.3106912935085,0.0,9.29676865699724,0.20327028632164001,0.0,0.0,-0.9791139364242554,0.18562865257263184,0.0,0.0,-0.9826197624206543,-0.40997135951043834
75.004029523496,-409.63434392773934,0.0,9.300230126795554,0.20285092294216156,0.0,0.0,-0.9792008996009827,0.18658997118473053,0.0,0.0,-0.9824376106262207,-0.059737232751963354
73.8305432813649,-406.9565995112361,0.0,9.303709717015327,0.20236876606941223,0.0,0.0,-0.9793003797531128,0.1874672770500183,0.0,0.0,-0.9822705984115601,-0.41014709639022484
72.66095103148348,-404.2774038082096,0.0,9.30719809517737,0.20182451605796814,0.0,0.0,-0.9794121384620667,0.1882620006799698,0.0,0.0,-0.982118546962738,-0.05991341346721801
71.49558548409027,-401.59670515293226,0.0,9.310685928802487,0.2012186348438263,0.0,0.0,-0.9795359969139099,0.18897557258605957,0.0,0.0,-0.9819815754890442,-0.41032324960361466
70.33478124760988,-398.9144544520306,0.0,9.31416388541148,0.20055167376995087,0.0,0.0,-0.9796716570854187,0.1896086484193802,0.0,0.0,-0.9818555116653442,-0.06008906784140955
69.17887480163658,-396.2306051875564,0.0,9.31762263252516,0.1998240053653717,0.0,0.0,-0.9798189401626587,0.19016343355178833,0.0,0.0,-0.9817453622817993,-0.41049793380127525
68.0282044649458,-393.54511342083356,0.0,9.321052837664327,0.19903600215911865,0.0,0.0,-0.9799776077270508,0.19064104557037354,0.0,0.0,-0.9816507697105408,-0.06026231052520592
66.8831103585204,-390.85793779708115,0.0,9.324445168349781,0.19818788766860962,0.0,0.0,-0.9801474809646606,0.19104239344596863,0.0,0.0,-0.9815715551376343,-0.4106692636338739
65.74393436358133,-388.1690395508204,0.0,9.327790292102335,0.19727984070777893,0.0,0.0,-0.9803283214569092,0.19136860966682434,0.0,0.0,-0.981507420539856,-0.060431256169274306
64.61102007461164,-385.47838251206304,0.0,9.331078876442797,0.19631212949752808,0.0,0.0,-0.9805200099945068,0.1916206181049347,0.0,0.0,-0.9814581871032715,-0.4108353537520791
63.484712747361115,-382.785933113286,0.0,9.334301588891966,0.19528482854366302,0.0,0.0,-0.980722188949585,0.19179925322532654,0.0,0.0,-0.9814234972000122,-0.060594019424282886
62.365359241823896,-380.09166039719224,0.0,9.337449096970644,0.19419796764850616,0.0,0.0,-0.9809347987174988,0.191905215382576,0.0,0.0,-0.9814031720161438,-0.4109943188065577
61.25330796017524,-377.39553602525336,0.0,9.340512068199647,0.19305163621902466,0.0,0.0,-0.9811575412750244,0.19193942844867706,0.0,0.0,-0.9813969731330872,-0.06074871494089923
60.14890877966633,-374.6975342870503,0.0,9.343481170099771,0.19184760749340057,0.0,0.0,-0.9813995957374573,0.19190263748168945,0.0,0.0,-0.9814046025276184,-0.41114427344797805
59.05251298046367,-371.9976321104007,0.0,9.346347070191822,0.19058388471603394,0.0,0.0,-0.9816505312919617,0.19179539382457733,0.0,0.0,-0.9814258813858032,-0.06089345736979068
57.964473168428576,-369.2958090722741,0.0,9.349100435996608,0.18926049768924713,0.0,0.0,-0.9819103479385376,0.19161829352378845,0.0,0.0,-0.9814605712890625,-0.4112833323270077
56.88514319283316,-366.59204741050297,0.0,9.351731935034934,0.18787743151187897,0.0,0.0,-0.9821789860725403,0.19137191772460938,0.0,0.0,-0.9815084934234619,-0.061026361361625314
55.81487805900872,-363.88633203628723,0.0,9.3542322348276,0.18643467128276825,0.0,0.0,-0.9824564456939697,0.19105671346187592,0.0,0.0,-0.9815693497657776,-0.4114096100943141
54.75403383592377,-361.17865054748995,0.0,9.356592002895422,0.18493224680423737,0.0,0.0,-0.982742428779602,0.1906733214855194,0.0,0.0,-0.9816429018974304,-0.061145541567070805
53.70296755869152,-358.46899324272624,0.0,9.35880190675919,0.183370441198349,0.0,0.0,-0.9830367565155029,0.19022195041179657,0.0,0.0,-0.9817289113998413,-0.4115212214005651
52.66203712600752,-355.75735313624483,0.0,9.360852613939723,0.18174958229064941,0.0,0.0,-0.9833390712738037,0.18970316648483276,0.0,0.0,-0.9818271994590759,-0.06124911263679472
51.63160119252446,-353.0437259736106,0.0,9.36273479195782,0.18007022142410278,0.0,0.0,-0.9836490750312805,0.18911728262901306,0.0,0.0,-0.9819374680519104,-0.4116162808964285
50.612019056160534,-350.3281102481665,0.0,9.364439108334283,0.17833320796489716,0.0,0.0,-0.9839662313461304,0.18846561014652252,0.0,0.0,-0.982064425945282,-0.06133518922146458
49.6036505403562,-347.61050721829446,0.0,9.365956230589923,0.17653974890708923,0.0,0.0,-0.984290361404419,0.1877477467060089,0.0,0.0,-0.9822033643722534,-0.4116929032325719
48.60685587128752,-344.8909209254732,0.0,9.367276826245542,0.17469117045402527,0.0,0.0,-0.9846206903457642,0.18696364760398865,0.0,0.0,-0.9823543429374695,-0.06140188597174834
47.62199555003824,-342.1693582131055,0.0,9.368391562821946,0.1727892905473709,0.0,0.0,-0.9849566221237183,0.18611374497413635,0.0,0.0,-0.9825169444084167,-0.41174920305966306
46.64943021975862,-339.4458287461538,0.0,9.369291107839938,0.17083626985549927,0.0,0.0,-0.985297679901123,0.18519824743270874,0.0,0.0,-0.9826908707618713,-0.06144731753831362
45.68952052781429,-336.720345031546,0.0,9.369966128820323,0.1688346266746521,0.0,0.0,-0.9856428503990173,0.18421746790409088,0.0,0.0,-0.9828763008117676,-0.41178329502836936
44.74262698294919,-333.9929224393669,0.0,9.37040729328391,0.16678732633590698,0.0,0.0,-0.9859916567802429,0.18317143619060516,0.0,0.0,-0.9830726385116577,-0.0614695985718281
43.80910980748458,-331.26357922483203,0.0,9.3706052687515,0.1646977663040161,0.0,0.0,-0.9863430261611938,0.1820603609085083,0.0,0.0,-0.9832797050476074,-0.41179329378935875
42.88932877260695,-328.53233651521094,0.0,9.370550845593339,0.16256985068321228,0.0,0.0,-0.986696183681488,0.18088442087173462,0.0,0.0,-0.9834975004196167,-0.06146684992747653
41.983640959642806,-325.79921199802874,0.0,9.370256525801901,0.1604079306125641,0.0,0.0,-0.9870501160621643,0.1796436905860901,0.0,0.0,-0.9837254881858826,-0.4117784291534275
41.09239638339257,-323.06420635220485,0.0,9.36978128062315,0.15821681916713715,0.0,0.0,-0.9874038696289062,0.178338423371315,0.0,0.0,-0.9839634895324707,-0.06144284764572144
40.215937819683,-320.3273014441078,0.0,9.369190074170222,0.15600192546844482,0.0,0.0,-0.9877563714981079,0.17696869373321533,0.0,0.0,-0.9842113256454468,-0.4117485702416635
39.35460126900275,-317.58846026309135,0.0,9.36854787055626,0.1537691056728363,0.0,0.0,-0.9881064295768738,0.17553478479385376,0.0,0.0,-0.9844685196876526,-0.06141041311976375
38.50871645100595,-314.8476268518205,0.0,9.367919633894406,0.15152481198310852,0.0,0.0,-0.9884531497955322,0.17403924465179443,0.0,0.0,-0.9847344160079956,-0.4117168411173274
37.67847909032484,-312.1047335416076,0.0,9.36737032829779,0.1492757797241211,0.0,0.0,-0.9887953996658325,0.17248715460300446,0.0,0.0,-0.9850078821182251,-0.06138267041286394
36.86361369255261,-309.3597201273035,0.0,9.366964917879555,0.1470283567905426,0.0,0.0,-0.9891320466995239,0.1708841472864151,0.0,0.0,-0.9852876663208008,-0.4116963658436792
36.06373442928984,-306.61251324338804,0.0,9.366768366752845,0.1447882354259491,0.0,0.0,-0.9894624948501587,0.16923558712005615,0.0,0.0,-0.9855724573135376,-0.06137274358828265
35.278451456812356,-303.86302024802427,0.0,9.366845639030792,0.14256064593791962,0.0,0.0,-0.98978590965271,0.16754649579524994,0.0,0.0,-0.9858613014221191,-0.4117002684839796
34.5073713217545,-301.11112914117405,0.0,9.36726169882654,0.14035029709339142,0.0,0.0,-0.99010169506073,0.16582174599170685,0.0,0.0,-0.9861531257629395,-0.06139375670927999
33.75009732885768,-298.3567084813847,0.0,9.368081510253225,0.13816151022911072,0.0,0.0,-0.9904095530509949,0.1640659123659134,0.0,0.0,-0.9864469766616821,-0.41174167310148896
33.006229870875465,-295.5996073012505,0.0,9.369370037423984,0.1359982043504715,0.0,0.0,-0.9907089471817017,0.16228345036506653,0.0,0.0,-0.9867420196533203,-0.06145883383911627
32.275366720711474,-292.8396550215061,0.0,9.371192244451962,0.13386397063732147,0.0,0.0,-0.990999698638916,0.1604786515235901,0.0,0.0,-0.9870374202728271,-0.41183370375946765
31.55710328586419,-290.07666136373246,0.0,9.373613095450294,0.1317620575428009,0.0,0.0,-0.9912813901901245,0.15865544974803925,0.0,0.0,-0.987332284450531,-0.061581099041052245
30.85103282522892,-287.3104162616211,0.0,9.376697554532118,0.12969538569450378,0.0,0.0,-0.9915538430213928,0.15681764483451843,0.0,0.0,-0.9876260161399841,-0.41198948452117595
30.15674662829939,-284.5406897707841,0.0,9.380510585810574,0.12766671180725098,0.0,0.0,-0.9918171167373657,0.15496906638145447,0.0,0.0,-0.9879178404808044,-0.061773676378347964
29.473834419633167,-281.7672330540882,0.0,9.385113510317758,0.12567847967147827,0.0,0.0,-0.9920710325241089,0.15311314165592194,0.0,0.0,-0.9882072806358337,-0.4122219554558822
28.80189321839999,-278.9898148914894,0.0,9.39044396303168,0.12373289465904236,0.0,0.0,-0.9923155903816223,0.1512531340122223,0.0,0.0,-0.9884937405586243,-0.06204289116187944
28.1405372146303,-276.20826646850327,0.0,9.396288576266723,0.12183201313018799,0.0,0.0,-0.9925508499145508,0.14939235150814056,0.0,0.0,-0.9887767434120178,-0.4125171379425005
27.489396929280403,-273.42248435992315,0.0,9.402424807646,0.1199776753783226,0.0,0.0,-0.99277663230896,0.14753378927707672,0.0,0.0,-0.9890559315681458,-0.06235280183760045
26.84811781788165,-270.632430810621,0.0,9.40863011479261,0.11817160248756409,0.0,0.0,-0.9929932355880737,0.14568039774894714,0.0,0.0,-0.9893306493759155,-0.4128305372933394
26.21635900294303,-267.83813402133325,0.0,9.414681955329668,0.11641526222229004,0.0,0.0,-0.9932005405426025,0.1438348889350891,0.0,0.0,-0.989600658416748,-0.06265845034957307
25.593792135627652,-265.0396884394459,0.0,9.420357786880269,0.11471012979745865,0.0,0.0,-0.993398904800415,0.14200007915496826,0.0,0.0,-0.9898657202720642,-0.4131171954524607
24.98010038742054,-262.23725505477694,0.0,9.425435067067523,0.11305741965770721,0.0,0.0,-0.9935883283615112,0.14017853140830994,0.0,0.0,-0.9901255369186401,-0.06291487864185863
24.374977572629337,-259.4310617002904,0.0,9.42969125351454,0.11145830154418945,0.0,0.0,-0.9937689900398254,0.13837264478206635,0.0,0.0,-0.9903795123100281,-0.4133321543639261
23.77812740261659,-256.621403357615,0.0,9.432903803844416,0.10991379618644714,0.0,0.0,-0.9939409494400024,0.1365848183631897,0.0,0.0,-0.9906277656555176,-0.06307712865851911
23.18926287266589,-253.80864246722598,0.0,9.434850175680268,0.10842479765415192,0.0,0.0,-0.9941045641899109,0.13481725752353668,0.0,0.0,-0.99086993932724,-0.4134304559717974
22.60810578229675,-250.99320924301884,0.0,9.435307826645193,0.10699214041233063,0.0,0.0,-0.9942597150802612,0.13307221233844757,0.0,0.0,-0.991105854511261,-0.06310024234361639
22.03438638972434,-248.17560199103403,0.0,9.434054214362304,0.10561563819646835,0.0,0.0,-0.9943982362747192,0.1313517689704895,0.0,0.0,-0.9913354516029358,-0.4133671422201363
21.46784320094028,-245.35638743194895,0.0,9.430866796454694,0.10429694503545761,0.0,0.0,-0.9945303201675415,0.12965786457061768,0.0,0.0,-0.9915585517883301,-0.06293926164121183
20.90822289363341,-242.53620102694458,0.0,9.425523030545486,0.10303657501935959,0.0,0.0,-0.9946560263633728,0.1279924362897873,0.0,0.0,-0.9917749166488647,-0.41309725505300465
20.3552803758317,-239.71574730646674,0.0,9.417800374257776,0.10183493047952652,0.0,0.0,-0.9947752952575684,0.12635724246501923,0.0,0.0,-0.991984486579895,-0.06254922849536787
19.80877897874841,-236.895800201331,0.0,9.40747628521467,0.10069228708744049,0.0,0.0,-0.9948882460594177,0.12475412338972092,0.0,0.0,-0.9921873807907104,-0.41257583641446394
19.26849078285769,-234.07720337556006,0.0,9.394328221039277,0.0996088907122612,0.0,0.0,-0.9949948787689209,0.12318465858697891,0.0,0.0,-0.9923834800720215,-0.06188518485014605
18.734197075701626,-231.26087056027023,0.0,9.3781336393547,0.098584845662117,0.0,0.0,-0.9950951933860779,0.12165042757987976,0.0,0.0,-0.9925727248191833,-0.4117579282485762
18.205688939346363,-228.44778588783402,0.0,9.35866999778404,0.09762019664049149,0.0,0.0,-0.995189368724823,0.12015292048454285,0.0,0.0,-0.9927552342414856,-0.06090217264960757
17.68276772906271,-225.63900295393938,0.0,9.335718978337372,0.09671489894390106,0.0,0.0,-0.9952774047851562,0.1186935156583786,0.0,0.0,-0.9929307699203491,-0.4105987858522799
17.16524284900864,-222.8356284436625,0.0,9.309117693316466,0.095868781208992,0.0,0.0,-0.9953594207763672,0.11727358400821686,0.0,0.0,-0.9930995106697083,-0.05955867340612747
16.652930668065874,-220.03881061330318,0.0,9.27874226687791,0.09508159756660461,0.0,0.0,-0.9954355359077454,0.11589429527521133,0.0,0.0,-0.9932613968849182,-0.40906467340588815
16.14565567984117,-217.24973923296156,0.0,9.24446963634137,0.09435299783945084,0.0,0.0,-0.9955058097839355,0.11455681920051575,0.0,0.0,-0.9934165477752686,-0.05782773246993855
15.643251759274769,-214.46964576875106,0.0,9.206176739026462,0.09368254244327545,0.0,0.0,-0.9955703616142273,0.11326216906309128,0.0,0.0,-0.9935649633407593,-0.40713068869301405
15.145563464452902,-211.6998035596089,0.0,9.16374051225285,0.09306969493627548,0.0,0.0,-0.9956293106079102,0.1120113655924797,0.0,0.0,-0.9937068223953247,-0.05568448869349352
14.652447377887137,-208.94152798799948,0.0,9.117037893340147,0.09251382201910019,0.0,0.0,-0.9956827163696289,0.11080523580312729,0.0,0.0,-0.9938420653343201,-0.4047719705661098
14.16377348104729,-206.19617664370122,0.0,9.06594581960803,0.09201420098543167,0.0,0.0,-0.9957306981086731,0.10964453965425491,0.0,0.0,-0.9939707517623901,-0.053104080929245234
13.679426555484886,-203.4651494799104,0.0,9.01034122837613,0.09157004207372665,0.0,0.0,-0.995773434638977,0.10853002965450287,0.0,0.0,-0.9940930604934692,-0.40196365787763
13.199307603412862,-200.74988896079526,0.0,8.950101056964067,0.09118051081895828,0.0,0.0,-0.9958109855651855,0.10746227204799652,0.0,0.0,-0.9942089915275574,-0.05006164802964613
12.723335280165314,-198.05188019966593,0.0,8.885102242691524,0.09084460139274597,0.0,0.0,-0.9958434700965881,0.10644178092479706,0.0,0.0,-0.9943187832832336,-0.3986808894800267
12.251447330503856,-195.37265108682166,0.0,8.815221722878121,0.09056112170219421,0.0,0.0,-0.9958710670471191,0.10546895861625671,0.0,0.0,-0.9944224953651428,-0.04653232884715108
11.78360202036923,-192.71377240647288,0.0,8.74033643391751,0.09032854437828064,0.0,0.0,-0.9958938956260681,0.10454411804676056,0.0,0.0,-0.9945200681686401,-0.3948988041789857
11.319780394675167,-190.07686271415227,0.0,8.660307643533814,0.09014484286308289,0.0,0.0,-0.9959121942520142,0.10366743803024292,0.0,0.0,-0.9946118593215942,-0.04249047074696449
10.85999065786561,-187.46360537434938,0.0,8.574941107677663,0.09000735729932785,0.0,0.0,-0.9959261417388916,0.10283903777599335,0.0,0.0,-0.9946978092193604,-0.39058736297412955
10.404270241982534,-184.87575248325308,0.0,8.484030294535502,0.08991274982690811,0.0,0.0,-0.9959361553192139,0.10205898433923721,0.0,0.0,-0.9947781562805176,-0.03789901553776448
9.952687212185214,-182.31512504076034,0.0,8.387368672293782,0.0898568332195282,0.0,0.0,-0.9959425330162048,0.10132720321416855,0.0,0.0,-0.9948530197143555,-0.38570546286091134
9.505341653796036,-179.7836131029895,0.0,8.284749709139058,0.0898345336318016,0.0,0.0,-0.9959456920623779,0.10064300149679184,0.0,0.0,-0.9949179887771606,-0.03271623962085929
9.062367026264852,-177.28317591347485,0.0,8.175966873257774,0.08983980119228363,0.0,0.0,-0.9959462881088257,0.10000666230916977,0.0,0.0,-0.9949784874916077,-0.3802113802406445
8.623931468754298,-174.81584201119406,0.0,8.060813632836423,0.08986544609069824,0.0,0.0,-0.9959449172019958,0.0994177758693695,0.0,0.0,-0.9950345158576965,-0.02690041939755866
8.190239041388814,-172.38370931347495,0.0,7.939083456061427,0.08990323543548584,0.0,0.0,-0.9959423542022705,0.09887582063674927,0.0,0.0,-0.9950861930847168,-0.3740633915146346
7.76152375638074,-169.9889054315316,0.0,7.810699370891917,0.08994374424219131,0.0,0.0,-0.9959394931793213,0.09838023036718369,0.0,0.0,-0.995133638381958,-0.02041637469202784
7.3379601893522395,-167.63308666316402,0.0,7.67721599208927,0.08997645974159241,0.0,0.0,-0.9959372282028198,0.09793033450841904,0.0,0.0,-0.9951767921447754,-0.3673218067266221
6.919599574753439,-165.31709311499347,0.0,7.541303376062654,0.08998976647853851,0.0,0.0,-0.9959366321563721,0.09752535074949265,0.0,0.0,-0.9952157735824585,-0.013552101155330065
6.506364269922639,-163.04093858395763,0.0,7.4056532067455905,0.08997099846601486,0.0,0.0,-0.9959388971328735,0.09716444462537766,0.0,0.0,-0.9952506422996521,-0.3604707880742452
6.098042559689742,-160.80380720362803,0.0,7.272957168071455,0.08990663290023804,0.0,0.0,-0.9959452152252197,0.09684675186872482,0.0,0.0,-0.9952815175056458,-0.0068502810202727416
5.694282748686653,-158.6040502360324,0.0,7.1459069439736655,0.0897822380065918,0.0,0.0,-0.9959568381309509,0.09657139331102371,0.0,0.0,-0.9953083992004395,-0.3540541100895083
5.294586647929253,-156.4391830038424,0.0,7.027194218385599,0.08958259224891663,0.0,0.0,-0.9959750175476074,0.09633750468492508,0.0,0.0,-0.9953314065933228,-0.0008546888188552537
4.898306383089135,-154.30590259459441,0.0,6.919443734639189,0.08929167687892914,0.0,0.0,-0.9960011839866638,0.09614279866218567,0.0,0.0,-0.99535071849823,-0.3486121664659523
4.504751993230968,-152.20069795662056,0.0,6.82329461300302,0.08889248967170715,0.0,0.0,-0.9960365891456604,0.09597823023796082,0.0,0.0,-0.995367169380188,0.004001327425395773
4.11366424866703,-150.12057512079693,0.0,6.737115557471554,0.08836770057678223,0.0,0.0,-0.9960824847221375,0.09582532942295074,0.0,0.0,-0.9953824281692505,-0.3442596889138581
3.72602615727563,-148.06315461921125,0.0,6.659151051847816,0.08770248293876648,0.0,0.0,-0.9961398243904114,0.09566530585289001,0.0,0.0,-0.9953984022140503,0.007938928719524008
3.3430707184243613,-146.02660309631472,0.0,6.587645579934725,0.08688437938690186,0.0,0.0,-0.9962091445922852,0.09548087418079376,0.0,0.0,-0.995416522026062,-0.3406483014435
2.96603228007768,-144.0096175630073,0.0,6.52084362553524,0.08590300381183624,0.0,0.0,-0.9962907433509827,0.09525618702173233,0.0,0.0,-0.995438277721405,0.011312764800306074
2.596158395292335,-142.01142804148725,0.0,6.4569896724522895,0.08474977314472198,0.0,0.0,-0.9963846802711487,0.0949765145778656,0.0,0.0,-0.9954649806022644,-0.3374233543180985
2.2347150639609463,-140.03179966491976,0.0,6.394328204488882,0.083418108522892,0.0,0.0,-0.9965003728866577,0.09462850540876389,0.0,0.0,-0.9954976439476013,0.014477485404518653
1.8829858097504304,-138.07103427046746,0.0,6.331103705447943,0.08190122991800308,0.0,0.0,-0.9966288805007935,0.09419985860586166,0.0,0.0,-0.995537281036377,-0.3342301978008794
1.5422650062889187,-136.1299715184261,0.0,6.26556065913241,0.08019416034221649,0.0,0.0,-0.996769905090332,0.09367943555116653,0.0,0.0,-0.9955846071243286,0.017787740268939534
1.2138458656358646,-134.20998956702925,0.0,6.195943549345285,0.07829290628433228,0.0,0.0,-0.9969227910041809,0.0930572897195816,0.0,0.0,-0.9956400990486145,-0.330714182155065
0.8990035341978269,-132.3130053317346,0.0,6.120496859889502,0.07619459927082062,0.0,0.0,-0.997086763381958,0.09232507646083832,0.0,0.0,-0.9957101941108704,0.021598179130342676
0.5989738047658433,-130.44147435938754,0.0,6.037465074568013,0.07389741390943527,0.0,0.0,-0.9972608089447021,0.09147481620311737,0.0,0.0,-0.9957904815673828,-0.32652065764387866
0.314928046252755,-128.5983903514092,0.0,5.945092677183742,0.07140068709850311,0.0,0.0,-0.9974436163902283,0.09050020575523376,0.0,0.0,-0.9958812594413757,0.02626345172550787
0.04794507261863573,-126.78728437590837,0.0,5.8416241515397145,0.06870514154434204,0.0,0.0,-0.9976335763931274,0.08939636498689651,0.0,0.0,-0.9959824681282043,-0.32129497453054395
-0.20101918355700107,-125.01222381615878,0.0,5.72530398143885,0.0658130794763565,0.0,0.0,-0.9978291988372803,0.08815992623567581,0.0,0.0,-0.9960939884185791,0.03213820779120807
-0.431163163048259,-123.2778111118996,0.0,5.5943766506840555,0.06272836774587631,0.0,0.0,-0.9980283975601196,0.08678900450468063,0.0,0.0,-0.9962155818939209,-0.31468248307828156
-0.641888870735584,-121.5890353612227,0.0,5.447560846974049,0.059456948190927505,0.0,0.0,-0.9982290267944336,0.08528318256139755,0.0,0.0,-0.9963467717170715,0.039553147372521524
-0.8330243618492184,-119.9495036638135,0.0,5.289277049694789,0.056006643921136856,0.0,0.0,-0.9984288811683655,0.08364326506853104,0.0,0.0,-0.9964867830276489,-0.30668835190256133
-1.0048901814326099,-118.36027272389826,0.0,5.1277161785012115,0.05238642916083336,0.0,0.0,-0.998625636100769,0.08187086135149002,0.0,0.0,-0.9966349005699158,0.04771278733179307
-1.1581874857511676,-116.81983007037941,0.0,4.971136252948358,0.048606131225824356,0.0,0.0,-0.998816967010498,0.07996789366006851,0.0,0.0,-0.9967902302742004,-0.29878027485443737
-1.2938754553898375,-115.32409722621247,0.0,4.827795292591445,0.0446758009493351,0.0,0.0,-0.9990007281303406,0.07793616503477097,0.0,0.0,-0.9969517588615417,0.05495222977406136
-1.4130436818846848,-113.86643377182787,0.0,4.705951316985511,0.04060449078679085,0.0,0.0,-0.9991747140884399,0.07577686756849289,0.0,0.0,-0.9971188902854919,-0.2926265387127236
-1.5167656757476273,-112.43785796319509,0.0,4.613165291144996,-0.03639956936240196,0.0,0.0,0.999336838722229,0.07349032908678055,0.0,0.0,-0.9972906112670898,0.05963839269529958
-1.6058214738221974,-111.02961675117767,0.0,4.548712324702407,-0.03206801414489746,0.0,0.0,0.9994853138923645,0.07107600569725037,0.0,0.0,-0.9974660873413086,-0.28937133838734036
-1.6806047991904633,-109.63486920637254,0.0,4.506433813237295,-0.027613317593932152,0.0,0.0,0.9996183514595032,0.0685327872633934,0.0,0.0,-0.9976445436477661,0.061773671052123474
-1.7411944303570823,-108.248714832665,0.0,4.480076553399976,-0.0230384711176157,0.0,0.0,0.9997342824935913,0.06585907936096191,0.0,0.0,-0.997825026512146,-0.2880401636480818
-1.7874346796882694,-106.86819186047822,0.0,4.463387341840763,-0.01834573969244957,0.0,0.0,0.99983149766922,0.06305328011512756,0.0,0.0,-0.9980065822601318,0.06261656052481099
-1.8190237248646763,-105.49227483168218,0.0,4.450112975209983,-0.01353712473064661,0.0,0.0,0.9999082684516907,0.06011413782835007,0.0,0.0,-0.9981881976127625,-0.28736974109097174
-1.8356106925883022,-104.12187137836021,0.0,4.434000549545273,-0.00861441157758236,0.0,0.0,0.9999627470970154,-0.057040732353925705,0.0,0.0,0.9983688592910767,0.06343031939676605
-1.836899691053499,-102.75939364938577,0.0,4.410172276410634,-0.0035799392499029636,0.0,0.0,0.9999933838844299,-0.05383307486772537,0.0,0.0,0.9985472559928894,-0.28616629295285867
-1.822716672988728,-101.40735205600292,0.0,4.378293707680585,0.0015635332092642784,0.0,0.0,0.9999985098838806,-0.050491783767938614,0.0,0.0,0.9987220764160156,0.06504034812050594
-1.7930135330430295,-100.06806535942513,0.0,4.338967411409109,0.006813050713390112,0.0,0.0,0.999976634979248,-0.04701836779713631,0.0,0.0,0.9988917112350464,-0.2841801163734912
-1.7478624711123714,-98.74366063031007,0.0,4.292795955650197,0.012165458872914314,0.0,0.0,0.9999258518218994,-0.04341492801904678,0.0,0.0,0.999055027961731,0.06737223982550147
-1.687448909339032,-97.43607331068142,0.0,4.240381908457822,0.017617644742131233,0.0,0.0,0.9998446106910706,-0.03968426212668419,0.0,0.0,0.9992104172706604,-0.2815329422728662
-1.6120630767758466,-96.1470473740221,0.0,4.18232783788602,0.023166684433817863,0.0,0.0,0.9997314214706421,-0.03582986071705818,0.0,0.0,0.9993561506271362,0.07030426359175407
-1.5220903921741686,-94.87813557770795,0.0,4.119236311988763,0.028809938579797745,0.0,0.0,0.9995846748352051,-0.031855836510658264,0.0,0.0,0.9994908571243286,-0.2783465015709845
-1.4180007882901582,-93.63069980060202,0.0,4.051709898820018,0.03454509377479553,0.0,0.0,0.9994029402732849,-0.027766872197389603,0.0,0.0,0.9996129870414734,0.07371468849926643
-1.30033713043025,-92.40591145759595,0.0,3.9803511664338314,0.04037047177553177,0.0,0.0,0.9991846680641174,-0.02356811612844467,0.0,0.0,0.9997209310531616,-0.27474252518784376
-1.169702887649001,-91.20475198206509,0.0,3.90576268288417,0.04628496244549751,0.0,0.0,0.9989281892776489,-0.01926516555249691,0.0,0.0,0.9998132586479187,0.0774817836280372
-1.0267425919481044,-90.02796155734728,0.0,3.828715628169343,0.05228816345334053,0.0,0.0,0.9986319541931152,-0.014863932505249977,0.0,0.0,0.99988853931427,-0.270851259798206
-0.8720819417345593,-88.87573212898786,0.0,3.7509832596537924,0.058380670845508575,0.0,0.0,0.9982943534851074,-0.010369584895670414,0.0,0.0,0.9999452829360962,0.08140766082579226
-0.7062734504999547,-87.74759820275473,0.0,3.674707565897252,0.06456437706947327,0.0,0.0,0.9979135394096375,-0.005784420762211084,0.0,0.0,0.9999824166297913,-0.26699895203272417
-0.529700729166568,-86.64273945423399,0.0,3.6017792295918194,0.07084199786186218,0.0,0.0,0.9974875450134277,-0.0011077267117798328,0.0,0.0,0.9999985098838806,0.08509091013414746
-0.3425768988201878,-85.56059389491107,0.0,3.532599205023419,0.07721614837646484,0.0,0.0,0.9970142841339111,0.003661537077277899,0.0,0.0,0.9999924302101135,-0.26350501139795646
-0.14508577274772538,-84.50062010492522,0.0,3.4670227485843306,0.08368923515081406,0.0,0.0,0.9964918494224548,0.008524386212229729,0.0,0.0,0.9999628663063049,0.08840285237854581
0.0626051629161989,-83.4622590592371,0.0,3.4049042955774205,0.09026338905096054,0.0,0.0,0.9959178566932678,0.013481817208230495,0.0,0.0,0.9999083280563354,-0.2603677157915468
0.2803453658659918,-82.44494268083771,0.0,3.346098281305577,0.0969405472278595,0.0,0.0,0.9952901601791382,0.018534861505031586,0.0,0.0,0.99982750415802,0.09137285309934598
0.5080014417921451,-81.44810135012285,0.0,3.2904591410716715,0.10372242331504822,0.0,0.0,0.9946062564849854,0.02368457242846489,0.0,0.0,0.9997188448905945,-0.25755765820397586
0.7454569842734013,-80.47117047262472,0.0,3.2378413101786356,0.11061057448387146,0.0,0.0,0.9938637018203735,0.028931938111782074,0.0,0.0,0.9995808005332947,0.09403031930606498
0.9926120924996898,-79.5135961964924,0.0,3.1880992239293375,0.11760632693767548,0.0,0.0,0.9930601119995117,0.03427811712026596,0.0,0.0,0.9994117021560669,-0.25504543162572846
1.2493826034073443,-78.57484036139022,0.0,3.141087317626652,0.12471071630716324,0.0,0.0,0.9921929240226746,0.039724141359329224,0.0,0.0,0.9992100596427917,0.09640465800822082
1.5156990698781316,-77.65438475158912,0.0,3.0966600265735056,0.131924569606781,0.0,0.0,0.9912595748901367,0.045271094888448715,0.0,0.0,0.9989742040634155,-0.25280162904728676
1.7915055122612402,-76.75173471797504,0.0,3.0546717860727695,0.13924860954284668,0.0,0.0,0.990257203578949,0.050920162349939346,0.0,0.0,0.9987022280693054,0.0985252762153287
2.0767579665690046,-75.86642222647112,0.0,3.0149770314273336,0.14668351411819458,0.0,0.0,0.989183247089386,0.05667233094573021,0.0,0.0,0.9983923435211182,-0.25079684345913345
2.371422849264433,-74.99800838380307,0.0,2.977430197940076,0.15423022210597992,0.0,0.0,0.988034725189209,0.06252878904342651,0.0,0.0,0.9980427026748657,0.1004215809369074
2.675475155543211,-74.14608548567628,0.0,2.941885720913915,0.16189010441303253,0.0,0.0,0.9868085980415344,0.06849060207605362,0.0,0.0,0.9976513385772705,-0.24900166785175157
2.988896505408631,-73.3102786271513,0.0,2.908198035651726,0.1696651577949524,0.0,0.0,0.9855015873908997,0.07455892860889435,0.0,0.0,0.9972162246704102,0.10212297918247248
3.3116730495790123,-72.49024691036873,0.0,2.876221577456389,0.17755833268165588,0.0,0.0,0.9841101169586182,0.08073464781045914,0.0,0.0,0.9967352747917175,-0.24738669521562343
3.643793245393676,-71.68568428056516,0.0,2.845810781630817,0.18557366728782654,0.0,0.0,0.9826301336288452,0.08701878786087036,0.0,0.0,0.9962063431739807,0.10365887796154177
3.985245511282005,-70.89632001775499,0.0,2.8168200834778894,0.19371654093265533,0.0,0.0,0.9810574054718018,0.09341231733560562,0.0,0.0,0.995627224445343,-0.24592251854123315
4.336015767109536,-70.1219189082224,0.0,2.789103918300497,0.2019939422607422,0.0,0.0,0.9793866872787476,0.09991571307182312,0.0,0.0,0.9949955940246582,0.1050586842836323
4.696084866714574,-69.36228111727233,0.0,2.76251672140152,0.2104147970676422,0.0,0.0,0.9776120185852051,0.10652966797351837,0.0,0.0,0.9943091869354248,-0.2445797308190626
5.065425928233129,-68.61724178236466,0.0,2.736912928083869,0.21899019181728363,0.0,0.0,0.9757267832756042,0.11325456202030182,0.0,0.0,0.9935657382011414,0.10635180515826112
5.444001567337572,-67.8866703438437,0.0,2.712146973650423,0.22773367166519165,0.0,0.0,0.9737231731414795,0.12009060382843018,0.0,0.0,0.9927626252174377,-0.2433289250395956
5.831761038289706,-67.17046962892209,0.0,2.688073293404066,0.23666156828403473,0.0,0.0,0.9715918302536011,0.12703756988048553,0.0,0.0,0.9918976426124573,0.1075676475949458
6.2286372877036875,-66.46857470339094,0.0,2.664546322647705,0.24579331278800964,0.0,0.0,0.9693220853805542,0.13409535586833954,0.0,0.0,0.9909680485725403,-0.24214069419331474
6.634543926130888,-65.78095150466994,0.0,2.641420496684222,0.2551516890525818,0.0,0.0,0.9669008255004883,0.1412634402513504,0.0,0.0,0.9899716377258301,0.10873561860320255
7.049372122997541,-65.10759526928196,0.0,2.618550250816507,0.26476335525512695,0.0,0.0,0.9643131494522095,0.14854055643081665,0.0,0.0,0.9889059066772461,-0.24098563127070288
7.472987431050873,-64.44852876760051,0.0,2.595790020347443,0.2746591567993164,0.0,0.0,0.9615412950515747,0.15592554211616516,0.0,0.0,0.9877684712409973,0.1098851251925492
7.9052265472711145,-63.803800358800046,0.0,2.5729942405799364,0.28487470746040344,0.0,0.0,0.9585644006729126,0.16341707110404968,0.0,0.0,0.9865567684173584,-0.23983432926224296
8.345894018196457,-63.17348187928902,0.0,2.5500173468168694,0.2954504191875458,0.0,0.0,0.9553577303886414,0.17102031409740448,0.0,0.0,0.9852672219276428,0.11104557437250209
8.794758898787316,-62.55773132823978,0.0,2.5267137743611245,0.3064320385456085,0.0,0.0,0.9518921971321106,0.1787574142217636,0.0,0.0,0.9838929176330566,-0.23865738115841748
9.251551375256211,-61.9576741614408,0.0,2.5029379585156097,0.31786537170410156,0.0,0.0,0.9481355547904968,0.18665999174118042,0.0,0.0,0.9824243783950806,0.1122463731525786
9.715959369540439,-61.37511299654837,0.0,2.4785443647427057,0.329792320728302,0.0,0.0,0.9440532326698303,0.19475959241390228,0.0,0.0,0.9808508157730103,-0.23742538147291725
10.187636395032158,-60.81176620977004,0.0,2.4534453264992684,0.34224894642829895,0.0,0.0,0.9396090507507324,0.20308752357959747,0.0,0.0,0.9791604280471802,0.11351400134669158
10.666235170633117,-60.2692050542394,0.0,2.427731571857634,0.35526400804519653,0.0,0.0,0.9347658157348633,0.21167463064193726,0.0,0.0,0.9773401021957397,-0.23612670699606703
11.151417024613561,-59.74884766201813,0.0,2.401528096142837,0.3688564896583557,0.0,0.0,0.9294861555099487,0.22055082023143768,0.0,0.0,0.9753754138946533,0.11483740921107526
11.642855163407766,-59.25196286531719,0.0,2.3749598946798782,0.3830339312553406,0.0,0.0,0.9237341284751892,0.2297458052635193,0.0,0.0,0.9732506275177002,-0.23478487863935193
12.140237963831678,-58.779675440437906,0.0,2.348151962793763,0.39779001474380493,0.0,0.0,0.9174762964248657,0.23928840458393097,0.0,0.0,0.9709484577178955,0.11619134516491945
12.643272277394768,-58.3329726641616,0.0,2.3212292958095238,0.41310280561447144,0.0,0.0,0.9106842279434204,0.24920609593391418,0.0,0.0,0.9684504270553589,-0.23342514798358227
13.15168673642821,-57.912712073057186,0.0,2.294316889052162,0.4289330542087555,0.0,0.0,0.9033361077308655,0.25952470302581787,0.0,0.0,0.9657363891601562,0.11755055762741248
13.665235052921346,-57.51963031852808,0.0,2.267539737846691,0.44522354006767273,0.0,0.0,0.8954192399978638,0.2702683210372925,0.0,0.0,0.962785005569458,-0.2320727666095686
14.18369930224113,-57.154353014300085,0.0,2.241022837518115,0.4618988633155823,0.0,0.0,0.886932373046875,0.28145813941955566,0.0,0.0,0.9595734477043152,0.11888979501774462
14.706893185317401,-56.81740547836167,0.0,2.214891183391467,0.47886642813682556,0.0,0.0,0.8778875470161438,0.29311227798461914,0.0,0.0,0.9560779929161072,-0.23075298609812173
15.23466526436146,-56.50922427805855,0.0,2.189269770791748,0.4960183799266815,0.0,0.0,0.8683117628097534,0.305245041847229,0.0,0.0,0.9522737860679626,0.12018380575510415
15.766902168793644,-56.23016949499065,0.0,2.1642835950439636,0.5132343173027039,0.0,0.0,0.8582483530044556,0.31786537170410156,0.0,0.0,0.9481356739997864,-0.22949105803005182
16.303531769751384,-55.98053763551063,0.0,2.1400576514731444,0.5303849577903748,0.0,0.0,0.8477568030357361,0.3309774398803711,0.0,0.0,0.9436386227607727,0.1214073382586809
16.844526323312014,-55.76057512290878,0.0,2.116716935404294,0.5473358631134033,0.0,0.0,0.8369128704071045,0.3445790410041809,0.0,0.0,0.9387573599815369,-0.22831223398617048
17.38990558442563,-55.57049231869825,0.0,2.0943864421624268,0.5639516115188599,0.0,0.0,0.8258076906204224,0.358661025762558,0.0,0.0,0.9334679245948792,0.12253514094766409
17.939739895503102,-55.41047803273624,0.0,2.073191167072545,0.5800989866256714,0.0,0.0,0.8145458698272705,0.3732073903083801,0.0,0.0,0.9277480244636536,-0.2272417655472876
18.494153255572996,-55.28071449520179,0.0,2.0532561054596803,0.5956498980522156,0.0,0.0,0.8032439947128296,0.38819456100463867,0.0,0.0,0.921577513217926,0.12354196224124313
19.05332637804533,-55.18139277760186,0.0,2.0347062526488364,0.6104834675788879,0.0,0.0,0.7920289039611816,0.40358608961105347,0.0,0.0,0.9149417281150818,-0.22630490429421465
19.617499747205944,-55.11272866503491,0.0,2.0176666039650213,0.6244868040084839,0.0,0.0,0.7810353636741638,0.419295996427536,0.0,0.0,0.9078496098518372,0.12440255055860752
20.18690837929738,-55.07455749263491,0.0,2.0022621547332573,0.6375572681427002,0.0,0.0,0.7704027891159058,0.4351656436920166,0.0,0.0,0.9003504514694214,-0.22552690180776191
20.761462872869846,-55.06436373185268,0.0,1.9886179002785542,0.6496161222457886,0.0,0.0,0.7602623105049133,0.45103055238723755,0.0,0.0,0.8925085067749023,0.12509165431894603
21.341019094484974,-55.078943215113185,0.0,1.9768588359259236,0.660607099533081,0.0,0.0,0.7507315874099731,0.4667474627494812,0.0,0.0,0.8843905329704285,-0.22493300966874014
21.925521138087422,-55.11528535668908,0.0,1.9671089945696645,0.6704917550086975,0.0,0.0,0.741916835308075,0.4821927547454834,0.0,0.0,0.8760650157928467,0.12558407054906012
22.514975531772045,-55.170549889040544,0.0,1.9594175462590653,0.6792436838150024,0.0,0.0,0.7339126467704773,0.4972614645957947,0.0,0.0,0.867600679397583,-0.22454455268335632
23.109407512660546,-55.24203530660117,0.0,1.9537065370962003,0.686846137046814,0.0,0.0,0.7268026471138,0.5118653178215027,0.0,0.0,0.8590657114982605,0.1258725053552654
23.708850451215124,-55.32714764994216,0.0,1.949885670828794,0.6932889819145203,0.0,0.0,0.720659613609314,0.5259301066398621,0.0,0.0,0.8505277633666992,-0.2243515796395479
24.313339378728916,-55.42337172586947,0.0,1.9478646512045767,0.6985664367675781,0.0,0.0,0.7155450582504272,0.5393944978713989,0.0,0.0,0.8420530557632446,0.1259745770534582
24.922904976492255,-55.528244523527114,0.0,1.9475531819712737,0.7026759386062622,0.0,0.0,0.7115099430084229,0.5522070527076721,0.0,0.0,0.8337068557739258,-0.22433584887018918
25.53756798465276,-55.639330637021985,0.0,1.9488609668766128,0.7056167721748352,0.0,0.0,0.708593487739563,0.5643249154090881,0.0,0.0,0.8255526423454285,0.1259085273107643
26.15733399511968,-55.75419953618332,0.0,1.9516977096683203,0.7073899507522583,0.0,0.0,0.7068232893943787,0.575711727142334,0.0,0.0,0.8176525831222534,-0.2244791187081542
26.78218859869927,-55.87040455588593,0.0,1.955973114094124,0.7079957723617554,0.0,0.0,0.7062116861343384,0.5863361954689026,0.0,0.0,0.8100677132606506,0.12569259779430958
27.412092862062508,-55.98546350108355,0.0,1.9615968839017488,0.7074423432350159,0.0,0.0,0.7067626714706421,0.5961706638336182,0.0,0.0,0.8028576374053955,-0.2247631474863171
28.04697911525632,-56.096840789490855,0.0,1.9684787228389262,0.7057399153709412,0.0,0.0,0.7084642648696899,0.6051892042160034,0.0,0.0,0.79608154296875,0.12534503017121984
28.686747035130157,-56.20193107681827,0.0,1.9765283346533775,0.7028992176055908,0.0,0.0,0.7112839818000793,0.6133671998977661,0.0,0.0,0.7897977828979492,-0.22516969353755203
29.33126468104613,-56.2980449851353,0.0,1.9856697839384567,0.6989403367042542,0.0,0.0,0.7151755094528198,0.6206798553466797,0.0,0.0,0.7840639352798462,0.12488334081338756
29.98039005681906,-56.38239808109041,0.0,1.9959035685608508,0.693891704082489,0.0,0.0,0.7200756669044495,0.6271016001701355,0.0,0.0,0.7789373397827148,-0.22568655134676385
30.633976362655726,-56.45209564858436,0.0,2.007255514568512,0.6877919435501099,0.0,0.0,0.7259049415588379,0.6326044797897339,0.0,0.0,0.7744749188423157,0.12431001020694002
31.291868912891097,-56.504114952931296,0.0,2.0197514644568773,0.680691123008728,0.0,0.0,0.7325681447982788,0.6371588706970215,0.0,0.0,0.7707324028015137,-0.22631765992698433
31.953901844887667,-56.53528637193663,0.0,2.033417260721395,0.672652006149292,0.0,0.0,0.7399569153785706,0.6407322883605957,0.0,0.0,0.7677643895149231,0.12361981847640882
32.6198946069213,-56.54227329950794,0.0,2.0482787458575173,0.6637507081031799,0.0,0.0,0.7479522228240967,0.6432895660400391,0.0,0.0,0.7656230330467224,-0.22706823998436423
33.28964820604831,-56.52155071873728,0.0,2.0643617623606785,0.654076337814331,0.0,0.0,0.7564271688461304,0.644794225692749,0.0,0.0,0.7643563151359558,0.12280754491564311
33.96294119538136,-56.46938233315826,0.0,2.0816921527263283,0.643730640411377,0.0,0.0,0.7652510404586792,0.6452261209487915,0.0,0.0,0.7639877200126648,-0.22794351222505363
34.63952537855405,-56.381846439075545,0.0,2.1002957594499123,0.6328268051147461,0.0,0.0,0.7742923498153687,0.6446322798728943,0.0,0.0,0.7644892930984497,0.1218679688184924
35.31912120733947,-56.25680095670406,0.0,2.1201984250268837,0.621478796005249,0.0,0.0,0.7834300994873047,0.6430994272232056,0.0,0.0,0.765779435634613,-0.22894869735520368
36.00141284654022,-56.094660099605,0.0,2.1414259919526724,0.6097888350486755,0.0,0.0,0.7925631999969482,0.6407138705253601,0.0,0.0,0.7677769660949707,0.12079586947880608
36.68603898125002,-55.89601925811104,0.0,2.163991936855317,0.5978467464447021,0.0,0.0,0.8016097545623779,0.6375559568405151,0.0,0.0,0.7704015970230103,-0.23008839154220592
37.372502966760294,-55.66151913164512,0.0,2.1876397729977186,0.5857306718826294,0.0,0.0,0.8105051517486572,0.6337000727653503,0.0,0.0,0.773576557636261,0.11960153432009893
38.06009006089567,-55.3919101790901,0.0,2.211850842921521,0.5735077261924744,0.0,0.0,0.8191995024681091,0.6292158365249634,0.0,0.0,0.7772285342216492,-0.2313111728514889
38.747868081111115,-55.08810047315955,0.0,2.2360956822489286,0.5612350702285767,0.0,0.0,0.8276559114456177,0.624167799949646,0.0,0.0,0.7812885046005249,0.11837704748538139
39.434694238782264,-54.7511973549924,0.0,2.2598448266021394,0.5489600300788879,0.0,0.0,0.8358482122421265,0.6186160445213318,0.0,0.0,0.7856919169425964,-0.23251062458649951
40.11922489167157,-54.382543092077704,0.0,2.2825688116033573,0.5367212891578674,0.0,0.0,0.8437591791152954,0.6126160621643066,0.0,0.0,0.7903792262077332,0.11722937147521885
40.7999283944137,-53.98374395468031,0.0,2.3037381728747617,0.5245494246482849,0.0,0.0,0.8513796329498291,0.6062193512916565,0.0,0.0,0.7952960729598999,-0.23357978424667145
41.47510119775523,-53.55669210395615,0.0,2.3228234460385577,0.5124673843383789,0.0,0.0,0.8587064146995544,0.5994741320610046,0.0,0.0,0.8003928661346436,0.11626546879017863
42.14288730408288,-53.10357970166414,0.0,2.3392951667169473,0.5004911422729492,0.0,0.0,0.8657414317131042,0.5924244523048401,0.0,0.0,0.8056249618530273,-0.23441168933143858
42.80130112876577,-52.626904708305254,0.0,2.3526238705321147,0.48863059282302856,0.0,0.0,0.8724905252456665,0.5851109027862549,0.0,0.0,0.8109523057937622,0.11559230193082673
43.448253743749994,-52.129467934577264,0.0,2.3622800931062624,0.47688984870910645,0.0,0.0,0.8789628744125366,0.5775707960128784,0.0,0.0,0.8163397312164307,-0.23489937734023392
44.08158239156807,-51.61436105055673,0.0,2.3677343700615876,0.46526795625686646,0.0,0.0,0.8851696848869324,0.5698385834693909,0.0,0.0,0.8217557668685913,0.1153168333977295
44.69908305453925,-51.084945437647626,0.0,2.3684572370202854,0.4537598192691803,0.0,0.0,0.8911239504814148,0.5619454979896545,0.0,0.0,0.8271734714508057,-0.23493588577249136
45.29854777618956,-50.54482011510117,0.0,2.3639273535644967,0.44235658645629883,0.0,0.0,0.8968392610549927,0.553919792175293,0.0,0.0,0.8325693011283875,0.11554561539044608
45.877934039970384,-49.9976550463185,0.0,2.3541688344554865,0.4310467541217804,0.0,0.0,0.9023295640945435,0.5457862019538879,0.0,0.0,0.8379237055778503,-0.2344430312720363
46.43558823900359,-49.44692937903561,0.0,2.3400864133720396,0.4198167324066162,0.0,0.0,0.9076088666915894,0.537563145160675,0.0,0.0,0.843222975730896,0.11625684877849896
46.97026222969157,-48.89581103751427,0.0,2.3226648404424144,0.40865153074264526,0.0,0.0,0.9126904606819153,0.5292558670043945,0.0,0.0,0.8484618663787842,-0.23356315385134815
47.48152184821039,-48.346133149675836,0.0,2.3028888657948854,0.3975371718406677,0.0,0.0,0.9175860285758972,0.520862340927124,0.0,0.0,0.8536403179168701,0.117255635376859
47.96969455040406,-47.798405776195004,0.0,2.281743239557709,0.3864623010158539,0.0,0.0,0.9223051071166992,0.5123808979988098,0.0,0.0,0.8587580323219299,-0.23249519293027862
48.435358888838834,-47.252856343833834,0.0,2.2602074316244884,0.37541770935058594,0.0,0.0,0.9268556237220764,0.5038102269172668,0.0,0.0,0.863814115524292,0.11834330244419336
48.87921557659298,-46.7095567855643,0.0,2.2389146533776842,0.3643960952758789,0.0,0.0,0.9312439560890198,0.49514979124069214,0.0,0.0,0.8688074350357056,-0.23141980008953095
49.30195959793927,-46.16855510482067,0.0,2.217943763319253,0.3533917963504791,0.0,0.0,0.9354753494262695,0.4863993525505066,0.0,0.0,0.8737364411354065,0.11940243830573029
49.7042688604834,-45.62988727823242,0.0,2.1973238091525262,0.34240061044692993,0.0,0.0,0.9395540356636047,0.4775592088699341,0.0,0.0,0.8785994648933411,-0.23037838826292856
50.08680374463451,-45.093577243755036,0.0,2.177083838580832,0.3314197063446045,0.0,0.0,0.9434834122657776,0.4686298966407776,0.0,0.0,0.8833944201469421,0.12042465904167442
50.45020669169726,-44.55963689706151,0.0,2.1572528993075153,0.32044753432273865,0.0,0.0,0.9472662806510925,0.45961278676986694,0.0,0.0,0.8881192207336426,-0.2293768256733671
50.795101828025416,-44.02806609559937,0.0,2.1378600390359024,0.3094835579395294,0.0,0.0,0.9509048461914062,0.45050957798957825,0.0,0.0,0.8927714824676514,0.12140409642912961
51.122094622708275,-43.49885266970469,0.0,2.118934305469321,0.298528254032135,0.0,0.0,0.9544007182121277,0.4413221478462219,0.0,0.0,0.8973486423492432,-0.22842098054374177
51.431771576246504,-42.97197244022798,0.0,2.1005047463111155,0.28758299350738525,0.0,0.0,0.9577556252479553,0.4320527911186218,0.0,0.0,0.9018481373786926,0.12233488224520059
51.72469993772206,-42.44738924210012,0.0,2.082600409264613,0.2766498029232025,0.0,0.0,0.9609706997871399,0.4227047562599182,0.0,0.0,0.9062672257423401,-0.2275167210969487
52.001427447965256,-41.925054953321215,0.0,2.0652503420331465,0.2657313048839569,0.0,0.0,0.9640470743179321,0.41328081488609314,0.0,0.0,0.910603404045105,0.12321114826699181
52.262482106251404,-41.40490952887265,0.0,2.0484835923200424,0.25483059883117676,0.0,0.0,0.9669856429100037,0.40378445386886597,0.0,0.0,0.9148539304733276,-0.22666991555588284
52.50837195809204,-40.88688103906464,0.0,2.0323292078286475,0.24395126104354858,0.0,0.0,0.9697874188423157,0.39421969652175903,0.0,0.0,0.9190161228179932,0.12402702627160771
52.739584901708334,-40.370885711871345,0.0,2.016816236262286,0.23309719562530518,0.0,0.0,0.9724534749984741,0.384590744972229,0.0,0.0,0.9230871200561523,-0.22588643214344034
52.95658851081355,-39.856827978818934,0.0,2.0019737253242873,0.22227250039577484,0.0,0.0,0.9749845862388611,0.3749018907546997,0.0,0.0,0.9270643591880798,0.12477664803615311
53.15982987136006,-39.3446005240359,0.0,1.9878307227179939,0.21148145198822021,0.0,0.0,0.9773820042610168,0.3651576340198517,0.0,0.0,0.9309455752372742,-0.22517213908251643
53.34973542995592,-38.8340843360784,0.0,1.9744162761467337,0.2007284164428711,0.0,0.0,0.9796468615531921,0.35536274313926697,0.0,0.0,0.9347283244132996,0.12545414533773191
53.52671085168763,-38.325148762199895,0.0,1.9617594333138408,0.19001775979995728,0.0,0.0,0.9817805886268616,0.3455218970775604,0.0,0.0,0.9384105205535889,-0.2245329045960067
53.69114088513739,-37.817651564747926,0.0,1.9498892419226421,0.17935393750667572,0.0,0.0,0.9837844371795654,0.3356403708457947,0.0,0.0,0.9419900178909302,0.12605364995344903
53.843389232435484,-37.31143897939411,0.0,1.9388347496764808,0.16874147951602936,0.0,0.0,0.985660195350647,0.3257232904434204,0.0,0.0,0.9454650282859802,-0.22397459690680666
53.98379842222901,-36.806345774968634,0.0,1.9286250042786832,0.15818454325199127,0.0,0.0,0.9874093532562256,0.3157753646373749,0.0,0.0,0.9488338232040405,0.12656929366040853
54.112689683518795,-36.30219531466525,0.0,1.9192890534325817,0.14768743515014648,0.0,0.0,0.9890338778495789,0.30580219626426697,0.0,0.0,0.9520949721336365,-0.22350308423781162
54.23036281836918,-35.798799618439226,0.0,1.9108559448415146,0.13725431263446808,0.0,0.0,0.9905356168746948,0.2958090603351593,0.0,0.0,0.9552469849586487,0.12699520823571492
54.33709607155985,-35.295959426461124,0.0,1.9033547262088106,0.12688899040222168,0.0,0.0,0.9919167160987854,0.285800963640213,0.0,0.0,0.9582889080047607,-0.22312423481191745
54.43314599532492,-34.79346426350659,0.0,1.8968144452378035,0.11659544706344604,0.0,0.0,0.9931793212890625,0.27578261494636536,0.0,0.0,0.961219847202301,0.12732552545647285
54.518747307393205,-34.29109250422893,0.0,1.8912641496318243,0.10637727379798889,0.0,0.0,0.9943256974220276,0.26575928926467896,0.0,0.0,0.964039146900177,-0.22284391685201954
54.59411274063159,-33.78861143927166,0.0,1.8867328870942104,0.09623797237873077,0.0,0.0,0.9953582286834717,0.2557360827922821,0.0,0.0,0.9667463302612305,0.1275543770997867
54.65943288267447,-33.28577734225973,0.0,1.883249705328292,-0.08618074655532837,0.0,0.0,-0.9962794184684753,0.24571770429611206,0.0,0.0,0.9693411588668823,-0.22266799858101355
54.71487600402437,-32.78233553771071,0.0,1.880843652037401,-0.07620880007743835,0.0,0.0,-0.9970917701721191,0.23570877313613892,0.0,0.0,0.971823513507843,0.127675894942761
54.76058787320498,-32.278020469996214,0.0,1.8795437749248725,-0.0663250982761383,0.0,0.0,-0.9977980256080627,0.22571374475955963,0.0,0.0,0.9741935133934021,-0.22260234822179495
54.796691557664026,-31.77255577350415,0.0,1.879379121694038,-0.05653248354792595,0.0,0.0,-0.9984006881713867,0.21573683619499207,0.0,0.0,0.9764513373374939,0.12768421076250008
54.823287209240554,-31.2656543442285,0.0,1.8803787400482315,-0.046833548694849014,0.0,0.0,-0.9989026188850403,0.20578227937221527,0.0,0.0,0.9785975217819214,-0.22265283399725924
54.840451833144584,-30.757018413049956,0.0,1.8825716776907857,-0.03723090887069702,0.0,0.0,-0.9993066191673279,0.19585400819778442,0.0,0.0,0.9806327819824219,0.12757345633610845
54.84823901833978,-30.246343108828142,0.0,1.88597411552691,-0.02772684395313263,0.0,0.0,-0.9996154308319092,-0.18595586717128754,0.0,0.0,-0.9825578331947327,-0.222824674292013
54.846679192578,-29.73333341199106,0.0,1.8905402452036284,-0.01832391321659088,0.0,0.0,-0.999832034111023,-0.1760915368795395,0.0,0.0,-0.9843735694885254,0.1273428437261732
54.83578132270349,-29.217709518797562,0.0,1.896205613971351,-0.009024580009281635,0.0,0.0,-0.9999592304229736,-0.166264146566391,0.0,0.0,-0.9860810041427612,-0.22311080402775657
54.815534867385004,-28.699207172145957,0.0,1.9029057653899197,0.00016860384494066238,0.0,0.0,-0.9999998807907104,-0.15647727251052856,0.0,0.0,-0.9876813292503357,0.1270044522403869
54.78591167917825,-28.17757797835821,0.0,1.9105762430191804,0.009253046475350857,0.0,0.0,-0.9999570846557617,-0.14673426747322083,0.0,0.0,-0.9891757369041443,-0.22349820188782024
54.74686786277144,-27.65258971191183,0.0,1.9191525904189783,0.018225975334644318,0.0,0.0,-0.999833881855011,-0.13703790307044983,0.0,0.0,-0.9905655384063721,0.12657130338181125
54.698345595515065,-27.124026608901687,0.0,1.9285703511491645,0.027084659785032272,0.0,0.0,-0.9996331334114075,-0.12739162147045135,0.0,0.0,-0.9918521642684937,-0.22397384636914278
54.64027491556985,-26.591689649843318,0.0,1.9387650687695759,0.0358261801302433,0.0,0.0,-0.9993579387664795,-0.11779816448688507,0.0,0.0,-0.993037223815918,0.12605641865350764
54.57257548226956,-26.05539683230008,0.0,1.9496722868400624,0.0444474071264267,0.0,0.0,-0.9990115761756897,-0.10826051235198975,0.0,0.0,-0.9941222071647644,-0.2245247159686623
54.49515831257853,-25.514983433620287,0.0,1.961227548920472,0.05294515937566757,0.0,0.0,-0.9985973238945007,-0.09878122061491013,0.0,0.0,-0.9951088428497314,0.12547281955853745
54.40792749683987,-24.970302263971913,0.0,1.9733663985706442,0.06131606176495552,0.0,0.0,-0.9981183409690857,-0.08936316519975662,0.0,0.0,-0.9959988594055176,-0.22513778918331745
54.31078189634545,-24.421223909696838,0.0,1.9860243793504266,0.06955663114786148,0.0,0.0,-0.9975780248641968,-0.0800091028213501,0.0,0.0,-0.9967938661575317,0.12483352759996257
54.20361682462597,-23.867636966903195,0.0,1.9991370348196655,0.07766327261924744,0.0,0.0,-0.9969796538352966,-0.070721335709095,0.0,0.0,-0.9974958896636963,-0.22580004451004668
54.08632571374559,-23.309448265074973,0.0,2.0126399085382114,0.08563223481178284,0.0,0.0,-0.9963266849517822,-0.061502400785684586,0.0,0.0,-0.9981066584587097,0.12415156428084409
53.95880176630855,-22.746583080396594,0.0,2.0264685440658994,0.09345972537994385,0.0,0.0,-0.9956229329109192,-0.05235525965690613,0.0,0.0,-0.9986282587051392,-0.22649846044578847
53.82093959332286,-22.178985338361308,0.0,2.04055848496258,0.10114167630672455,0.0,0.0,-0.9948718547821045,-0.043282400816679,0.0,0.0,-0.9990625977516174,0.12343995110424404
53.67263685237685,-21.606617805154738,0.0,2.054845274788105,0.1086740493774414,0.0,0.0,-0.9940772652626038,-0.034288112074136734,0.0,0.0,-0.9994118213653564,-0.22722001548748166
53.51381708165575,-21.029462267239513,0.0,2.0692644571023076,0.11605276167392731,0.0,0.0,-0.9932428598403931,-0.02537815272808075,0.0,0.0,-0.9996777772903442,0.1227117095732237
53.34447511013507,-20.44751950759791,0.0,2.0837522584160206,0.12327420711517334,0.0,0.0,-0.992372453212738,-0.016558531671762466,0.0,0.0,-0.9998626708984375,-0.2279517226245379
53.16462594148955,-19.8607991049368,0.0,2.098281910530811,0.13033536076545715,0.0,0.0,-0.99146968126297,-0.007834631949663162,0.0,0.0,-0.9999690651893616,0.12197788875934543
52.974288859347894,-19.269304056110148,0.0,2.1128818292718843,0.13723360002040863,0.0,0.0,-0.990538477897644,0.0007882560603320599,0.0,0.0,-0.9999995231628418,-0.22868909225792544
52.77348657577462,-18.673029504005797,0.0,2.127584932155571,0.1439667046070099,0.0,0.0,-0.9895823001861572,0.009304828941822052,0.0,0.0,-0.9999565482139587,0.12123530780562387
52.56224475637137,-18.07196272875235,0.0,2.142424136698214,0.15053288638591766,0.0,0.0,-0.988604724407196,0.01771075651049614,0.0,0.0,-0.9998430609703064,-0.22943854703280642
52.340591589141674,-17.466083147897354,0.0,2.1574323604161596,0.15693078935146332,0.0,0.0,-0.987609326839447,0.026001209393143654,0.0,0.0,-0.999661922454834,0.12047731670875797
52.10855739950588,-16.85536232598597,0.0,2.1726425208257334,0.1631593108177185,0.0,0.0,-0.9865995645523071,0.03417232632637024,0.0,0.0,-0.9994158744812012,-0.2302067369524819
51.86617431390081,-16.239763994019523,0.0,2.188087535443282,0.16921763122081757,0.0,0.0,-0.9855785369873047,0.04222044348716736,0.0,0.0,-0.9991081357002258,0.11969726546544746
51.613475974435374,-15.6192440792409,0.0,2.203800321785143,0.1751052886247635,0.0,0.0,-0.9845495223999023,0.050141822546720505,0.0,0.0,-0.9987419247627258,-0.23100031202025267
51.35049730715986,-14.993750745748507,0.0,2.219813797367662,0.18082191050052643,0.0,0.0,-0.983515739440918,0.05793331190943718,0.0,0.0,-0.9983202815055847,0.11888850407239096
51.07727434659828,-14.363224446454526,0.0,2.2361608797071666,0.18636733293533325,0.0,0.0,-0.9824800491333008,0.0655919685959816,0.0,0.0,-0.9978463649749756,-0.23182592223941956
50.79384411930879,-13.727597986923994,0.0,2.252874486320002,0.19174154102802277,0.0,0.0,-0.9814454317092896,0.07311521470546722,0.0,0.0,-0.9973233342170715,0.11804438252628816
50.50024458938308,-13.086796601680177,0.0,2.2699875347225125,0.19694466888904572,0.0,0.0,-0.9804145693778992,0.08050055056810379,0.0,0.0,-0.9967544674873352,-0.23269021761328373
50.196514668948545,-12.440738043569867,0.0,2.2875329424310253,0.2019769251346588,0.0,0.0,-0.9793902635574341,0.08774583786725998,0.0,0.0,-0.9961428046226501,0.11715825082383802
49.882694296939185,-11.789332686857225,0.0,2.3055436269618856,0.20683853328227997,0.0,0.0,-0.9783750772476196,0.09484899789094925,0.0,0.0,-0.9954915046691895,-0.23359984814514537
49.558824589597485,-11.132483644720633,0.0,2.3240525058314327,0.2115297168493271,0.0,0.0,-0.9773715138435364,0.10180841386318207,0.0,0.0,-0.994803786277771,0.11622345896173968
49.2249480664242,-10.470086901910005,0.0,2.3430924965560123,0.21605071425437927,0.0,0.0,-0.9763820767402649,0.10862250626087189,0.0,0.0,-0.9940829277038574,-0.23456146383830595
48.88110895554934,-9.802031463353533,0.0,2.3626965166519494,0.22040171921253204,0.0,0.0,-0.9754090905189514,0.11528977751731873,0.0,0.0,-0.993331789970398,0.11523335693669234
48.527353582791186,-9.12819951956045,0.0,2.38289748363559,0.22458288073539734,0.0,0.0,-0.9744548201560974,0.12180900573730469,0.0,0.0,-0.9925534129142761,-0.23558171469606556
48.16373084900343,-8.448466629746735,0.0,2.4037283150232827,0.22859416902065277,0.0,0.0,-0.9735216498374939,0.12817910313606262,0.0,0.0,-0.9917508363723755,0.11418129474539472
47.790292800661156,-7.762701923670932,0.0,2.4252219283313483,0.23243553936481476,0.0,0.0,-0.972611665725708,0.1343991607427597,0.0,0.0,-0.99092698097229,-0.23666725072172545
47.40709529900921,-7.070768323214306,0.0,2.4474112410761353,0.23610690236091614,0.0,0.0,-0.9717270135879517,0.14046822488307953,0.0,0.0,-0.9900848865509033,0.11306062238454691
47.01419879354613,-6.3725227848756845,0.0,2.470329170773982,0.2396083027124405,0.0,0.0,-0.9708696007728577,0.14638538658618927,0.0,0.0,-0.9892273545265198,-0.2378247219185864
46.61166920604511,-5.667816564383587,0.0,2.4940086349412374,0.24293988943099976,0.0,0.0,-0.9700412154197693,0.15214985609054565,0.0,0.0,-0.9883571863174438,0.11186468985084713
46.1995789318152,-4.956495504741545,0.0,2.518482551094222,0.24610213935375214,0.0,0.0,-0.9692437052726746,0.1577611267566681,0.0,0.0,-0.9874771237373352,-0.23906077828994923
45.77800796544381,-4.2384003491312185,0.0,2.5437838367492835,0.24909579753875732,0.0,0.0,-0.9684786200523376,0.16321849822998047,0.0,0.0,-0.9865896701812744,0.11058684714099554
45.34704515881779,-3.513367080179197,0.0,2.569945409422772,0.25192195177078247,0.0,0.0,-0.9677473306655884,0.16852129995822906,0.0,0.0,-0.9856977462768555,-0.2403820698391153
44.90678961984442,-2.7812272872264456,0.0,2.5970001866310053,0.25458210706710815,0.0,0.0,-0.9670509696006775,0.1736687421798706,0.0,0.0,-0.9848038554191589,0.10922044425169081
44.457352260946905,-2.0418085633499192,0.0,2.624981085890334,0.2570781707763672,0.0,0.0,-0.9663903713226318,0.17865997552871704,0.0,0.0,-0.9839106202125549,-0.24179524656938445
43.99885750710904,-1.2949349340126037,0.0,2.653921024717096,0.25941264629364014,0.0,0.0,-0.9657663702964783,0.18349437415599823,0.0,0.0,-0.9830204248428345,0.10775883117963214
43.531445174003764,-0.5404273193643663,0.0,2.683852920627641,0.2615884840488434,0.0,0.0,-0.9651792049407959,0.18817096948623657,0.0,0.0,-0.9821360111236572,-0.24330695848405845
43.055272527531265,0.22189596765736574,0.0,2.714809691138288,0.2636093199253082,0.0,0.0,-0.9646292328834534,0.19268864393234253,0.0,0.0,-0.9812597036361694,0.10619535792151866
42.57051653696067,0.992218685104767,0.0,2.746824253765385,0.26547932624816895,0.0,0.0,-0.9641162157058716,0.19704626500606537,0.0,0.0,-0.9803939461708069,-0.2449238555864371
42.07737633478012,1.7707260851933366,0.0,2.7799295260252843,0.26720350980758667,0.0,0.0,-0.9636398553848267,0.2012426108121872,0.0,0.0,-0.9795412421226501,0.104523374474049
41.5760758973264,2.5576042942267403,0.0,2.8141584254343006,0.2687874138355255,0.0,0.0,-0.963199257850647,0.2052760273218155,0.0,0.0,-0.9787039756774902,-0.24665258787982175
41.066866961304896,3.3530396464342456,0.0,2.8495438695087847,0.27023744583129883,0.0,0.0,-0.9627934694290161,0.2091447412967682,0.0,0.0,-0.9778845906257629,0.10273623083392355
40.55003219241245,4.157217968684779,0.0,2.886118775765075,0.2715584635734558,0.0,0.0,-0.9624128341674805,0.2128467857837677,0.0,0.0,-0.977085530757904,-0.2484998053675132
40.02588862344253,4.9703238128375045,0.0,2.923916061719527,0.2727614939212799,0.0,0.0,-0.962066113948822,0.21637988090515137,0.0,0.0,-0.9763091802597046,0.10082727699784014
39.4947913804925,5.792539632270418,0.0,2.96296864488845,0.2738554775714874,0.0,0.0,-0.9617507457733154,0.21974292397499084,0.0,0.0,-0.9755577445030212,-0.25047215805281237
38.957133186724306,6.624045812551264,0.0,3.0033094427881966,0.2748503088951111,0.0,0.0,-0.9614639282226562,0.2229398488998413,0.0,0.0,-0.9748321175575256,0.09878986296249939
38.41309581107143,7.465070574958248,0.0,3.0449707254329383,0.27575621008872986,0.0,0.0,-0.9612026214599609,0.22597892582416534,0.0,0.0,-0.9741321206092834,-0.2525762632368902
37.86253223734293,8.315862855036908,0.0,3.0877723635482597,0.2765824496746063,0.0,0.0,-0.9609642028808594,0.2288684993982315,0.0,0.0,-0.973457396030426,0.09662816406778618
37.30538931461765,9.176484113237276,0.0,3.131016699746242,0.2773374021053314,0.0,0.0,-0.9607462882995605,0.23161625862121582,0.0,0.0,-0.9728072881698608,-0.2547603206206267
36.74175088384699,10.046783348953891,0.0,3.1739287476721563,0.2780286371707916,0.0,0.0,-0.9605466723442078,0.23422974348068237,0.0,0.0,-0.9721813797950745,0.09446088892001275
36.17183632734278,10.926399760321756,0.0,3.215733520971288,0.27866294980049133,0.0,0.0,-0.9603633880615234,0.2367159128189087,0.0,0.0,-0.9715789556503296,-0.25687167280745155
35.59599914805706,11.8147654037904,0.0,3.255656033288875,0.2792464792728424,0.0,0.0,-0.9601946473121643,0.23908144235610962,0.0,0.0,-0.9709995985031128,0.09244460041912453
35.01472558968935,12.711107837887575,0.0,3.2929212982702025,0.27978479862213135,0.0,0.0,-0.9600389003753662,0.2413327395915985,0.0,0.0,-0.970442533493042,-0.2587537568974176
34.428633310432346,13.614452731893742,0.0,3.326754329560556,0.2802828550338745,0.0,0.0,-0.9598947167396545,0.2434757798910141,0.0,0.0,-0.9699070453643799,0.09073586146506629
33.83841398016064,14.523712888291634,0.0,3.3566997526788884,0.28074514865875244,0.0,0.0,-0.9597607851028442,0.24551618099212646,0.0,0.0,-0.9693925380706787,-0.26026615200440406
33.244589234789295,15.438064355657287,0.0,3.3836904561196963,0.2811756730079651,0.0,0.0,-0.9596359133720398,0.24745945632457733,0.0,0.0,-0.9688982963562012,0.08937269462462144
32.64744643418054,16.35704473778145,0.0,3.409036165889077,0.28157806396484375,0.0,0.0,-0.9595191478729248,0.24931053817272186,0.0,0.0,-0.9684235453605652,-0.261546238356393
32.04704091477782,17.280548868538943,0.0,3.4340466151851934,0.28195562958717346,0.0,0.0,-0.9594094753265381,0.25107449293136597,0.0,0.0,-0.9679677486419678,0.08810954061976708
31.443198136586116,18.208824576243025,0.0,3.4600315372061763,0.28231126070022583,0.0,0.0,-0.9593060612678528,0.25275588035583496,0.0,0.0,-0.9675301313400269,-0.26285860815543255
30.835515713042284,19.142468552925315,0.0,3.4883006651501893,0.28264760971069336,0.0,0.0,-0.959208071231842,0.25435906648635864,0.0,0.0,-0.9671097993850708,0.08668180688522098
30.223365318900914,20.082422331168814,0.0,3.5201637322153942,0.28296712040901184,0.0,0.0,-0.9591149091720581,0.25588828325271606,0.0,0.0,-0.9667062759399414,-0.2644678539668065
29.605894848817844,21.029967788777746,0.0,3.5569283173736452,0.2832719087600708,0.0,0.0,-0.9590259194374084,0.25734743475914,0.0,0.0,-0.9663187861442566,0.08482500965500625
28.98213888629301,21.98655650578769,0.0,3.5992736102984786,0.283564031124115,0.0,0.0,-0.9589405059814453,0.2587404251098633,0.0,0.0,-0.9659467339515686,-0.26660650512462636
28.351278214005916,22.95341132573458,0.0,3.646381273931895,0.2838452160358429,0.0,0.0,-0.9588581323623657,0.2600708305835724,0.0,0.0,-0.9655894041061401,0.08244583472402561
27.712675946427574,23.931471469810305,0.0,3.6972146665178034,0.2841171324253082,0.0,0.0,-0.9587783813476562,0.26134201884269714,0.0,0.0,-0.9652460813522339,-0.2691738481845207
27.065875736550616,24.92139596609382,0.0,3.7507371463000547,0.28438133001327515,0.0,0.0,-0.9587007761001587,0.26255732774734497,0.0,0.0,-0.9649162292480469,0.07974267917946745
26.41060005278319,25.923567043576288,0.0,3.805912071522558,0.2846391201019287,0.0,0.0,-0.9586249589920044,0.2637198567390442,0.0,0.0,-0.9645991325378418,-0.27196046056949563
25.746748531468683,26.93809349151879,0.0,3.861702800429225,0.2848917543888092,0.0,0.0,-0.9585505723953247,0.26483261585235596,0.0,0.0,-0.9642942547798157,0.07692496559832268
25.074396415367396,27.964813976007235,0.0,3.917072691263903,0.2851404547691345,0.0,0.0,-0.9584771990776062,0.26589828729629517,0.0,0.0,-0.964000940322876,-0.2747569197025602
24.393793092459763,29.003300297936118,0.0,3.9709851022705047,0.28538620471954346,0.0,0.0,-0.9584046006202698,0.2669197618961334,0.0,0.0,-0.9637186527252197,0.07420211655758524
23.7053607526133,30.052860570023398,0.0,4.022403391692919,0.2856299579143524,0.0,0.0,-0.9583324790000916,0.26789939403533936,0.0,0.0,-0.963446855545044,-0.2773538030067225
23.00969318183038,31.112542285071296,0.0,4.070290917775052,0.28587254881858826,0.0,0.0,-0.9582605957984924,0.26883965730667114,0.0,0.0,-0.9631848335266113,0.07178355463424513
22.307510824817385,32.181202010363975,0.0,4.113868343590353,0.28611478209495544,0.0,0.0,-0.9581886529922485,0.26974281668663025,0.0,0.0,-0.9629323482513428,-0.27955468309840437
21.599475076633865,33.2577887559022,0.0,4.153442902937564,0.2863573729991913,0.0,0.0,-0.9581165313720703,0.27061107754707336,0.0,0.0,-0.962688684463501,0.06978483951569914
20.88614014114676,34.34141693087316,0.0,4.18960860016615,0.28660091757774353,0.0,0.0,-0.9580440521240234,0.27144643664360046,0.0,0.0,-0.962453305721283,-0.2813812334634845
20.16795394762584,35.431364422346746,0.0,4.222959441229601,0.28684598207473755,0.0,0.0,-0.9579709768295288,0.2722508907318115,0.0,0.0,-0.9622260928153992,0.06810045360340367
19.445258997956564,36.52707072706397,0.0,4.254089432081446,0.28709307312965393,0.0,0.0,-0.9578971862792969,0.2730262577533722,0.0,0.0,-0.9620063900947571,-0.2829534552236787
18.71829313344192,37.62813515407602,0.0,4.283592578675197,0.28734269738197327,0.0,0.0,-0.9578225612640381,0.27377432584762573,0.0,0.0,-0.961793839931488,0.06661039569462837
17.98719021215034,38.7343151125835,0.0,4.312062886964385,0.287595272064209,0.0,0.0,-0.9577469229698181,0.2744966745376587,0.0,0.0,-0.9615879654884338,-0.2843913495817185
17.25198068913702,39.8455244967645,0.0,4.3400943629025,0.2878511846065521,0.0,0.0,-0.9576702117919922,0.2751948833465576,0.0,0.0,-0.961388349533081,0.06519466458664278
16.512592092945606,40.961832177163764,0.0,4.368281012443069,0.2881108522415161,0.0,0.0,-0.957592248916626,0.2758691906929016,0.0,0.0,-0.9611901640892029,-0.28581491774033313
15.768849392578149,42.08346060635608,0.0,4.3972168415396204,0.28837457299232483,0.0,0.0,-0.9575129151344299,0.27652251720428467,0.0,0.0,-0.9609980583190918,0.06373325907671595
15.020475249511705,43.21078454522679,0.0,4.427495856145644,0.28864267468452454,0.0,0.0,-0.957432210445404,0.27715620398521423,0.0,0.0,-0.9608116149902344,-0.2873441609022535
14.26709014945779,44.34432991515121,0.0,4.4597120622146695,0.2889154553413391,0.0,0.0,-0.9573500156402588,0.2777714729309082,0.0,0.0,-0.9606305360794067,0.062106177962118675
13.508231104394884,45.48474470130088,0.0,4.494348713042646,0.2891930341720581,0.0,0.0,-0.9572662711143494,0.278369665145874,0.0,0.0,-0.9604543447494507,-0.28909348670164625
12.743428945526663,46.63268211409269,0.0,4.5314300655352975,0.28947561979293823,0.0,0.0,-0.9571808576583862,0.2789519131183624,0.0,0.0,-0.9602826833724976,0.060233382381681716
11.972227990263315,47.788770910146475,0.0,4.570861487901415,0.2897631824016571,0.0,0.0,-0.9570938944816589,0.2795194685459137,0.0,0.0,-0.9601152539253235,-0.291084972679733
11.194185610330797,48.95361600744787,0.0,4.612548348160523,0.29005560278892517,0.0,0.0,-0.9570053219795227,0.28007328510284424,0.0,0.0,-0.9599518179893494,0.05812798539889849
10.408871802465937,50.12779909759917,0.0,4.656396014332148,0.2903526723384857,0.0,0.0,-0.9569151997566223,0.28061443567276,0.0,0.0,-0.9597919583320618,-0.29329950127425947
9.615868761539929,51.311879255883575,0.0,4.702309854435774,0.2906540036201477,0.0,0.0,-0.9568236470222473,0.28114399313926697,0.0,0.0,-0.9596353769302368,0.055809104585584024
8.814770456074399,52.506393549713906,0.0,4.750195236490921,0.29095906019210815,0.0,0.0,-0.9567309021949768,0.28166288137435913,0.0,0.0,-0.9594817757606506,-0.2957179549134083
8.00518220630519,53.71185764577811,0.0,4.7999575285171066,0.29126712679862976,0.0,0.0,-0.9566371440887451,0.2821720540523529,0.0,0.0,-0.9593309164047241,0.05329585751355445
7.186720265104439,54.928766415986345,0.0,4.851502098533862,0.2915773391723633,0.0,0.0,-0.9565426111221313,0.28267234563827515,0.0,0.0,-0.9591825604438782,-0.29832121602536565
6.359011402255264,56.157594542075,0.0,4.904734314560655,0.29188865423202515,0.0,0.0,-0.9564476013183594,0.2831646203994751,0.0,0.0,-0.9590364098548889,0.05060736175462552
5.521692492732055,57.39879711850881,0.0,4.959559544617022,0.29219985008239746,0.0,0.0,-0.9563525319099426,0.2836497724056244,0.0,0.0,-0.9588922262191772,-0.3010901670383135
4.674410109794471,58.65281025311352,0.0,5.015883156722492,0.2925094962120056,0.0,0.0,-0.9562578201293945,0.2841286063194275,0.0,0.0,-0.9587497711181641,0.04776273488061189
3.8168201238801425,59.9200516646291,0.0,5.073610518896536,0.2928159832954407,0.0,0.0,-0.9561640024185181,0.28460174798965454,0.0,0.0,-0.9586088061332703,-0.30400569038043695
2.948587308414541,61.20092127619439,0.0,5.132646999158687,0.29311755299568176,0.0,0.0,-0.9560716152191162,0.28507000207901,0.0,0.0,-0.9584690928459167,0.04478109446333156
2.0693849538298412,62.4958018035354,0.0,5.192897965528453,0.2934122085571289,0.0,0.0,-0.9559812545776367,0.2855340540409088,0.0,0.0,-0.958330512046814,-0.3070486684799201
1.1788944912134331,63.805059336455116,0.0,5.2542687860253725,0.2936978340148926,0.0,0.0,-0.9558935761451721,0.2859945595264435,0.0,0.0,-0.958192765712738,0.041681558074598224
0.27680512717019745,65.12904391199686,0.0,5.316664828668912,0.2939720153808594,0.0,0.0,-0.9558093547821045,0.28645187616348267,0.0,0.0,-0.9580557942390442,-0.31019998376494734
-0.6371857007747739,66.46809007749083,0.0,5.379991461478603,0.29423221945762634,0.0,0.0,-0.9557294249534607,0.286905437707901,0.0,0.0,-0.957919716835022,0.03848324328623004
-1.5632931185983838,67.82249122477174,0.0,5.444048654327701,0.294475793838501,0.0,0.0,-0.9556545615196228,0.28735387325286865,0.0,0.0,-0.9577850699424744,-0.3134351955250028
-2.5015236254803614,69.19239456033142,0.0,5.508211699587764,0.29470017552375793,0.0,0.0,-0.9555855393409729,0.2877955734729767,0.0,0.0,-0.9576522707939148,0.03524268544481274
-3.4517451255121836,70.5777751288394,0.0,5.571748943390976,0.29490306973457336,0.0,0.0,-0.9555231332778931,0.28822895884513855,0.0,0.0,-0.9575218558311462,-0.3166441472322358
-4.413695799076902,71.97843620201341,0.0,5.633928731867974,0.2950822114944458,0.0,0.0,-0.9554680585861206,0.288652628660202,0.0,0.0,-0.9573942422866821,0.03210229208738857
-5.38698336037708,73.3940093691952,0.0,5.694019411149414,0.2952355444431305,0.0,0.0,-0.9554209113121033,0.28906500339508057,0.0,0.0,-0.9572699069976807,-0.31967903002422765
-6.371084441946272,74.82395430645337,0.0,5.751289327365891,0.2953610420227051,0.0,0.0,-0.9553823471069336,0.28946447372436523,0.0,0.0,-0.9571494460105896,0.029209872076455423
-7.365344118066126,76.26755820215317,0.0,5.805006826648058,0.29545682668685913,0.0,0.0,-0.9553530216217041,0.2898496687412262,0.0,0.0,-0.9570332169532776,-0.3223920350384786
-8.36897557871558,77.72393481905303,0.0,5.854440255126572,0.2955211400985718,0.0,0.0,-0.9553333520889282,0.29021909832954407,0.0,0.0,-0.9569216966629028,0.026713234274510278
-9.381059964859514,79.19202317593661,0.0,5.898857958932033,0.2955522835254669,0.0,0.0,-0.9553239345550537,0.29057127237319946,0.0,0.0,-0.9568154215812683,-0.3246353534124917
-10.400549576424373,80.67059047921416,0.0,5.937546924658893,0.2955487072467804,0.0,0.0,-0.9553252458572388,0.2909047305583954,0.0,0.0,-0.9567147493362427,0.024759246106487054
-11.42639073966375,82.1584079581081,0.0,5.970507882030424,0.2955089211463928,0.0,0.0,-0.9553377628326416,0.2912181615829468,0.0,0.0,-0.9566201567649841,-0.32630004822923575
-12.457682890746366,83.65447894997669,0.0,5.99866247855316,0.29543161392211914,0.0,0.0,-0.9553618431091309,0.2915102541446686,0.0,0.0,-0.9565321207046509,0.023337296787156958
-13.49369018060963,85.1580535428734,0.0,6.022993282553585,0.29531553387641907,0.0,0.0,-0.9553978443145752,0.29177960753440857,0.0,0.0,-0.9564509987831116,-0.32752887671410563
-14.533842449507782,86.66862849816073,0.0,6.044482862358224,0.29515957832336426,0.0,0.0,-0.9554460644721985,0.29202505946159363,0.0,0.0,-0.9563771486282349,0.022251964473791297
-15.57773600837861,88.18594762576662,0.0,6.064113786293593,0.29496270418167114,0.0,0.0,-0.9555068016052246,0.29224544763565063,0.0,0.0,-0.9563109874725342,-0.32852033751892223
-16.625134218581007,89.71000262337165,0.0,6.0828686226861866,0.2947239279747009,0.0,0.0,-0.9555803537368774,0.29243960976600647,0.0,0.0,-0.9562528133392334,0.02130475051456937
-17.67596786348189,91.24103438910473,0.0,6.101729939862524,0.29444244503974915,0.0,0.0,-0.9556668996810913,0.2926064729690552,0.0,0.0,-0.956203043460846,-0.3294729292955049
-18.730335306560605,92.77953481711761,0.0,6.1216803061491145,0.2941175103187561,0.0,0.0,-0.9557666182518005,0.2927449643611908,0.0,0.0,-0.9561619758605957,0.020297156257670868
-19.788502431192864,94.32624908682087,0.0,6.143702289872477,0.29374831914901733,0.0,0.0,-0.9558796882629395,0.292853981256485,0.0,0.0,-0.9561299085617065,-0.33058515069567473
-20.850902356992634,95.88217845951559,0.0,6.168778459359105,0.2933342754840851,0.0,0.0,-0.9560062885284424,0.29293251037597656,0.0,0.0,-0.9561071395874023,0.019030683051275532
-21.918120102228904,97.44856181742799,0.0,6.1978052814123314,0.29287466406822205,0.0,0.0,-0.9561464190483093,0.2929796576499939,0.0,0.0,-0.956093966960907,-0.3320511518094741
-22.99067715679033,99.02656301640698,0.0,6.230431847017062,0.2923688292503357,0.0,0.0,-0.9563003182411194,0.2929943799972534,0.0,0.0,-0.9560906887054443,0.017382876707602246
-24.068869275669208,100.61703250327727,0.0,6.265367540863441,0.2918162941932678,0.0,0.0,-0.9564679861068726,0.2929757237434387,0.0,0.0,-0.9560975432395935,-0.3338155807916144
-25.152762455380262,102.2204987738171,0.0,6.301298731567755,0.2912585139274597,0.0,0.0,-0.9566370248794556,0.2929226756095886,0.0,0.0,-0.9561148881912231,0.01556817010637429
-26.24219317876983,103.83716492486859,0.0,6.336911787746294,0.29069334268569946,0.0,0.0,-0.9568079710006714,0.29283443093299866,0.0,0.0,-0.9561429023742676,-0.33561421999255076
-27.336790853342787,105.4669371014923,0.0,6.37102045629788,0.29011887311935425,0.0,0.0,-0.9569814205169678,0.29270994663238525,0.0,0.0,-0.9561818242073059,0.013845510078516421
-28.436134731809986,107.1096537484737,0.0,6.40334818059504,0.2895333468914032,0.0,0.0,-0.9571578502655029,0.29254859685897827,0.0,0.0,-0.9562318325042725,-0.3372469333408922
-29.53982216999459,108.76518598827514,0.0,6.434014047275478,0.2889351546764374,0.0,0.0,-0.9573377370834351,0.2923493981361389,0.0,0.0,-0.9562932252883911,0.012296728933039736
-30.647469068784567,110.43343791956431,0.0,6.463138764382922,0.28832289576530457,0.0,0.0,-0.9575214385986328,0.2921117842197418,0.0,0.0,-0.9563661217689514,-0.33871787864934894
-31.75871001310235,112.11434656076142,0.0,6.490843039961069,0.28769534826278687,0.0,0.0,-0.9577093124389648,0.2918349504470825,0.0,0.0,-0.9564507007598877,0.010897523095759587
-32.873198385536895,113.80788185383284,0.0,6.517247582053647,0.2870512902736664,0.0,0.0,-0.957901656627655,0.29151812195777893,0.0,0.0,-0.9565471410751343,-0.34005144138129734
-33.99060645354935,115.51404673025883,0.0,6.542473098704376,0.28638970851898193,0.0,0.0,-0.9580987095832825,0.2911607325077057,0.0,0.0,-0.9566555023193359,0.009623507103298512
-35.11062542925227,117.23287724093996,0.0,6.566640297956979,0.2857097387313843,0.0,0.0,-0.958300769329071,0.29076212644577026,0.0,0.0,-0.9567759037017822,-0.34127200700011556
-36.23296550084641,118.96444275166985,0.0,6.5898698878551585,0.28501054644584656,0.0,0.0,-0.9585080146789551,0.29032182693481445,0.0,0.0,-0.9569084644317627,0.00845029549227927
-37.35735583487512,120.70884620568845,0.0,6.612282576442643,0.2842913866043091,0.0,0.0,-0.9587205052375793,0.2898392081260681,0.0,0.0,-0.9570532441139221,-0.34240396096918047
-38.48354454851211,122.46622445472715,0.0,6.633999071763155,0.2835516333580017,0.0,0.0,-0.958938479423523,0.28931382298469543,0.0,0.0,-0.9572103023529053,0.007353502799324174
-39.61129865114586,124.23674865987486,0.0,6.655140081860398,0.28279075026512146,0.0,0.0,-0.9591619968414307,0.28874528408050537,0.0,0.0,-0.9573796987533569,-0.3434716887518695
-40.74040395457594,126.02062476356578,0.0,6.675826314778097,0.2820081114768982,0.0,0.0,-0.9593912363052368,0.2881346046924591,0.0,0.0,-0.9575662016868591,0.00630874356105654
-41.87066495115758,127.8180940339479,0.0,6.69617847855997,0.2812032997608185,0.0,0.0,-0.9596261978149414,0.28747987747192383,0.0,0.0,-0.9577652812004089,-0.34449957581156004
-43.00190465924341,129.62943368288452,0.0,6.716317281249743,0.28037604689598083,0.0,0.0,-0.9598669409751892,0.2867810130119324,0.0,0.0,-0.9579768180847168,0.0052916323140982935
-44.13396443528729,131.45495755887904,0.0,6.736363430891116,0.2795258164405823,0.0,0.0,-0.960113525390625,0.28603753447532654,0.0,0.0,-0.9582010507583618,-0.3455120076116294
-45.266703751971285,133.29501691626496,0.0,6.7564376355278215,0.2786523401737213,0.0,0.0,-0.9603659510612488,0.2852770984172821,0.0,0.0,-0.9584293961524963,0.004277783595072804
-46.399999941677116,135.15000126204515,0.0,6.776660603203576,0.3997381329536438,0.0,0.0,-0.9166044592857361,0.3460620939731598,0.0,0.0,-0.9381962418556213,-0.3465333696154554
