X,Y,Z,Speed,RotW,RotX,RotY,RotZ,HarsherRotW,HarsherRotX,HarsherRotY,HarsherRotZ,TireRot
-148.4431093764011,-11.366469293567732,0.0,8.08819219536331,0.430985689163208,0.0,0.0,-0.9023587703704834,0.43227243423461914,0.0,0.0,-0.9017430543899536,-0.4084945553213793
-150.3839877568825,-9.807840795438947,0.0,8.08819219536331,0.4309649169445038,0.0,0.0,-0.9023686647415161,0.43226104974746704,0.0,0.0,-0.9017484784126282,-0.0
-152.32777930869975,-8.245244583604231,0.0,8.103206966692335,0.43092578649520874,0.0,0.0,-0.9023873209953308,0.4322390556335449,0.0,0.0,-0.9017589688301086,-0.4092528771056735
-154.27446349091372,-6.678714748269525,0.0,8.118104917882686,0.43087053298950195,0.0,0.0,-0.9024136662483215,0.4322071075439453,0.0,0.0,-0.9017742872238159,-0.0007524217772904018
-156.22402016672478,-5.108285423773082,0.0,8.132887080475298,0.43080106377601624,0.0,0.0,-0.9024468064308167,0.43216580152511597,0.0,0.0,-0.9017940759658813,-0.40999945097398727
-158.17642960217066,-3.5339907865661684,0.0,8.147554486011128,0.43071916699409485,0.0,0.0,-0.9024858474731445,0.4321158528327942,0.0,0.0,-0.9018179774284363,-0.001493199834655512
-160.1316724648262,-1.9558650531959938,0.0,8.162108166031116,0.43062645196914673,0.0,0.0,-0.9025300741195679,0.43205782771110535,0.0,0.0,-0.9018457531929016,-0.41073448531843115
-162.08972982250452,-0.37394247829136135,0.0,8.176549152076205,0.4305243492126465,0.0,0.0,-0.9025787115097046,0.43199220299720764,0.0,0.0,-0.9018771648406982,-0.002222542564205454
-164.0505831419609,1.2117426474482378,0.0,8.190878475687335,0.43041419982910156,0.0,0.0,-0.9026311635971069,0.431919664144516,0.0,0.0,-0.9019117951393127,-0.41145818853111443
-166.01421428759872,2.801155999259485,0.0,8.205097168405457,0.4302970767021179,0.0,0.0,-0.9026869535446167,0.4318406581878662,0.0,0.0,-0.9019495248794556,-0.002940658358050019
-167.98060552017876,4.394263220317384,0.0,8.219206261771518,0.4301741123199463,0.0,0.0,-0.9027454853057861,0.43175575137138367,0.0,0.0,-0.9019901156425476,-0.41217076900414784
-169.949739495532,5.9910299237321025,0.0,8.233206787326452,0.4300462305545807,0.0,0.0,-0.9028063416481018,0.43166548013687134,0.0,0.0,-0.902033269405365,-0.0036477556082991636
-171.9215992632763,7.59142169453984,0.0,8.247099776611211,0.42991432547569275,0.0,0.0,-0.9028691053390503,0.43157005310058594,0.0,0.0,-0.9020788073539734,-0.4128724351296408
-173.89616826553686,9.195404091687195,0.0,8.260886261166739,0.42977914214134216,0.0,0.0,-0.9029334187507629,0.43147003650665283,0.0,0.0,-0.9021264910697937,-0.004344042707063234
-175.87343033567205,10.802942650008305,0.0,8.274567272533979,0.42964136600494385,0.0,0.0,-0.9029989242553711,0.43136584758758545,0.0,0.0,-0.9021762013435364,-0.4135633952997033
-177.85336969700393,12.414002882194263,0.0,8.288143842253879,0.42950165271759033,0.0,0.0,-0.9030653238296509,0.431257963180542,0.0,0.0,-0.9022276997566223,-0.005029728046452131
-179.83597096155378,14.028550280754128,0.0,8.30161700186737,0.429360568523407,0.0,0.0,-0.9031323194503784,0.4311465620994568,0.0,0.0,-0.9022808074951172,-0.41424385790644536
-181.821219128784,15.646550319967043,0.0,8.314987782915416,0.4292186200618744,0.0,0.0,-0.9031997323036194,0.4310322701931,0.0,0.0,-0.9023352861404419,-0.005705020018575702
-183.8090995843462,17.267968457824708,0.0,8.328257216938951,0.42907628417015076,0.0,0.0,-0.9032673239707947,0.43091514706611633,0.0,0.0,-0.9023910760879517,-0.4149140313419774
-185.79959809883542,18.892770137963875,0.0,8.341426335478916,0.4289339780807495,0.0,0.0,-0.9033348560333252,0.43079566955566406,0.0,0.0,-0.9024479389190674,-0.00637012701554357
-187.79270082655148,20.520920791588004,0.0,8.354496170076263,0.4287920594215393,0.0,0.0,-0.9034021496772766,0.43067407608032227,0.0,0.0,-0.9025058746337891,-0.4155741239984091
-189.78839430426757,22.15238583937774,0.0,8.36746775227193,0.4286509156227112,0.0,0.0,-0.9034690856933594,0.4305506944656372,0.0,0.0,-0.9025646448135376,-0.007025257429466081
-191.7866654500068,23.7871306933896,0.0,8.380342113606869,0.42851078510284424,0.0,0.0,-0.9035354852676392,0.43042582273483276,0.0,0.0,-0.9026241302490234,-0.4162243442678505
-193.78750156182625,25.42512075894221,0.0,8.393120285622018,0.4283720552921295,0.0,0.0,-0.9036012887954712,0.43029966950416565,0.0,0.0,-0.9026841521263123,-0.00767061965245347
-195.79089031660945,27.06632143648961,0.0,8.405803299858322,0.42823493480682373,0.0,0.0,-0.9036662578582764,0.43017250299453735,0.0,0.0,-0.9027445912361145,-0.41686490054241127
-197.7968197688679,28.710698123481222,0.0,8.418392187856728,0.428099662065506,0.0,0.0,-0.9037303328514099,0.43004459142684937,0.0,0.0,-0.9028054475784302,-0.00830642207661536
-199.8052783495518,30.358216216207637,0.0,8.430887981158179,0.42796650528907776,0.0,0.0,-0.9037933945655823,0.4299161732196808,0.0,0.0,-0.9028664827346802,-0.4174960012142018
-201.81625486486917,32.008841111631995,0.0,8.44329171130362,0.4278355538845062,0.0,0.0,-0.9038553833961487,0.4297873377799988,0.0,0.0,-0.9029277563095093,-0.008932873094061877
-203.82973849511592,33.66253820920619,0.0,8.455604409833997,0.4277070462703705,0.0,0.0,-0.9039161801338196,0.429658442735672,0.0,0.0,-0.9029889702796936,-0.41811785467533186
-205.8457187935153,35.31927291267167,0.0,8.467827108290251,0.4275810718536377,0.0,0.0,-0.903975784778595,0.42952969670295715,0.0,0.0,-0.9030501246452332,-0.009550181096903032
-207.8641856850676,36.97901063184387,0.0,8.47996083821333,0.42745786905288696,0.0,0.0,-0.9040340781211853,0.4294012188911438,0.0,0.0,-0.9031111001968384,-0.41873066931791164
-209.88512946541158,38.64171678438032,0.0,8.492006631144172,0.42733749747276306,0.0,0.0,-0.9040910005569458,0.4292731285095215,0.0,0.0,-0.9031718969345093,-0.010158554477248505
-211.90854079969537,40.3073567975314,0.0,8.503965518623728,0.42722010612487793,0.0,0.0,-0.9041464924812317,0.4291457235813141,0.0,0.0,-0.9032323360443115,-0.41933465353405086
-213.9344107214605,41.97589610987369,0.0,8.515838532192943,0.42710575461387634,0.0,0.0,-0.904200553894043,0.42901909351348877,0.0,0.0,-0.9032924175262451,-0.010758201627208808
-215.96273063153632,43.647300173024995,0.0,8.527626703392755,0.4269946217536926,0.0,0.0,-0.9042530655860901,0.42889341711997986,0.0,0.0,-0.9033520221710205,-0.41993001571585964
-217.99349229694684,45.32153445334097,0.0,8.539331063764113,0.42688673734664917,0.0,0.0,-0.904304027557373,0.42876893281936646,0.0,0.0,-0.9034110307693481,-0.01134933093889351
-220.02668784983032,46.998564433592676,0.0,8.550952644847959,0.42678219079971313,0.0,0.0,-0.9043533802032471,0.42864567041397095,0.0,0.0,-0.9034695029258728,-0.4205169642554478
-222.06230978637075,48.67835561462431,0.0,8.562492478185241,0.4266811013221741,0.0,0.0,-0.9044010639190674,0.4285238981246948,0.0,0.0,-0.9035272598266602,-0.011932150804412844
-224.10035096574276,50.36087351699127,0.0,8.573951595316899,0.42658352851867676,0.0,0.0,-0.904447078704834,0.4284035563468933,0.0,0.0,-0.9035843014717102,-0.4210957075449255
-226.1408046090696,52.04608368257753,0.0,8.585331027783884,0.42648956179618835,0.0,0.0,-0.9044914245605469,0.42828500270843506,0.0,0.0,-0.9036404490470886,-0.012506869615876715
-228.18366429839475,53.73395167619211,0.0,8.596631807127133,0.42639926075935364,0.0,0.0,-0.9045340418815613,0.42816826701164246,0.0,0.0,-0.9036957025527954,-0.42166645397640273
-230.22892397566736,55.424443087144134,0.0,8.607854964887595,0.426312655210495,0.0,0.0,-0.9045748710632324,0.4280533492565155,0.0,0.0,-0.9037501215934753,-0.013073695765394966
-232.27657794174164,57.11752353079603,0.0,8.61900153260621,0.4262298345565796,0.0,0.0,-0.9046139717102051,0.4279404878616333,0.0,0.0,-0.9038035273551941,-0.4222294119419894
-234.3266208553905,58.81315865009443,0.0,8.630072541823926,0.4261508285999298,0.0,0.0,-0.9046512246131897,0.4278298020362854,0.0,0.0,-0.9038559198379517,-0.013632837645077556
-236.3790477323348,60.51131411707837,0.0,8.641069024081691,0.42607563734054565,0.0,0.0,-0.904686689376831,0.4277213513851166,0.0,0.0,-0.903907299041748,-0.4227847898337957
-238.43385394428626,62.21195563436428,0.0,8.651992010920447,0.4260043203830719,0.0,0.0,-0.9047203063964844,0.42761510610580444,0.0,0.0,-0.9039575457572937,-0.014184503647034885
-240.49103521800654,63.91504893660733,0.0,8.66284253388113,0.42593690752983093,0.0,0.0,-0.9047520756721497,0.4275113046169281,0.0,0.0,-0.9040066599845886,-0.42333279604393126
-242.55058763438157,65.6205597919388,0.0,8.673621624504694,0.4258734881877899,0.0,0.0,-0.9047819972038269,0.42740994691848755,0.0,0.0,-0.904054582118988,-0.014728902163376467
-244.61250762751172,67.3284540033789,0.0,8.684330314332081,0.42581409215927124,0.0,0.0,-0.9048099517822266,0.4273112416267395,0.0,0.0,-0.9041012525558472,-0.42387363896450636
-246.67679198381782,69.03869741022493,0.0,8.694969634904238,0.4257586896419525,0.0,0.0,-0.9048360586166382,0.4272153079509735,0.0,0.0,-0.904146671295166,-0.015266241586212703
-248.74343784116365,70.75125588941381,0.0,8.705540617762098,0.4257073998451233,0.0,0.0,-0.904860258102417,0.4271220862865448,0.0,0.0,-0.9041907787322998,-0.4244075269876306
-250.8124426879956,72.46609535685946,0.0,8.71604429444662,0.4256601929664612,0.0,0.0,-0.9048824906349182,0.42703163623809814,0.0,0.0,-0.9042335748672485,-0.015796730307653217
-252.88380436249773,74.1831817687632,0.0,8.726481696498741,0.4256170690059662,0.0,0.0,-0.9049028158187866,0.4269440472126007,0.0,0.0,-0.9042750000953674,-0.42493466850541445
-254.9575210517655,75.90248112289879,0.0,8.736853855459408,0.42557814717292786,0.0,0.0,-0.9049211740493774,0.426859587430954,0.0,0.0,-0.9043149352073669,-0.016320576719808133
-257.033591290996,77.62395945986961,0.0,8.747161802869561,0.4255433976650238,0.0,0.0,-0.9049375057220459,0.42677801847457886,0.0,0.0,-0.9043534398078918,-0.4254552719099677
-259.11201396269604,79.34758286433905,0.0,8.75740657027015,0.4255129098892212,0.0,0.0,-0.904951810836792,0.4266996681690216,0.0,0.0,-0.9043904542922974,-0.016837989214787352
-261.19278829590786,81.07331746623328,0.0,8.767589189202114,0.42548662424087524,0.0,0.0,-0.9049641489982605,0.4266245365142822,0.0,0.0,-0.9044259786605835,-0.4259695455934002
-263.2759138654537,82.80112944191558,0.0,8.777710691206405,0.4254646301269531,0.0,0.0,-0.9049745202064514,0.42655259370803833,0.0,0.0,-0.9044599533081055,-0.017349176184701
-265.3613905911972,84.5309850153327,0.0,8.78777210782396,0.42544689774513245,0.0,0.0,-0.90498286485672,0.4264839291572571,0.0,0.0,-0.9044924378395081,-0.4264776979478222
-267.4492187373255,86.26285045913224,0.0,8.79777447059573,0.42543351650238037,0.0,0.0,-0.9049891829490662,0.42641881108283997,0.0,0.0,-0.9045232534408569,-0.017854346021659084
-269.5393989116481,87.99669209575065,0.0,8.80771881106265,0.4254244267940521,0.0,0.0,-0.90499347448349,0.42635685205459595,0.0,0.0,-0.9045525789260864,-0.42697993736534334
-271.63193206491616,89.73247629847215,0.0,8.81760616076567,0.4254196882247925,0.0,0.0,-0.9049957394599915,0.42629849910736084,0.0,0.0,-0.9045801162719727,-0.01835370711777129
-273.7268194901608,91.47016949245747,0.0,8.827437551245737,0.42541927099227905,0.0,0.0,-0.9049959778785706,0.42624378204345703,0.0,0.0,-0.9046059846878052,-0.427476472238074
-275.8240628220502,93.20973815574231,0.0,8.837214014043791,0.42542320489883423,0.0,0.0,-0.9049941301345825,0.42619237303733826,0.0,0.0,-0.9046302437782288,-0.018847467865147738
-277.92366403626784,94.95114882020546,0.0,8.846936580700783,0.4254315495491028,0.0,0.0,-0.9049901962280273,0.4261445105075836,0.0,0.0,-0.9046528935432434,-0.42796751095812413
-280.02562544890895,96.6943680725056,0.0,8.85660628275765,0.4254443049430847,0.0,0.0,-0.9049842357635498,0.4261002242565155,0.0,0.0,-0.9046738147735596,-0.019335836655898553
-282.1299497158993,98.4393625549872,0.0,8.866224151755334,0.42546147108078003,0.0,0.0,-0.9049761891365051,0.42605966329574585,0.0,0.0,-0.9046929478645325,-0.42845326191760313
-284.2366398324319,100.18609896655451,0.0,8.875791219234792,0.4254831373691559,0.0,0.0,-0.9049660563468933,0.42602288722991943,0.0,0.0,-0.9047102928161621,-0.019819021882133803
-286.34569913242717,101.93454406351377,0.0,8.88530851673696,0.4255092740058899,0.0,0.0,-0.9049537777900696,0.42598995566368103,0.0,0.0,-0.9047259092330933,-0.4289339335086217
-288.4571312880113,103.68466466038274,0.0,8.89477707580278,0.42553991079330444,0.0,0.0,-0.9049393534660339,0.4259607791900635,0.0,0.0,-0.9047397375106812,-0.02029723193596311
-290.5709403090175,105.43642763066813,0.0,8.904197927973202,0.42557504773139954,0.0,0.0,-0.9049227833747864,0.4259352684020996,0.0,0.0,-0.9047518372535706,-0.42940973412328953
-292.6871305425079,107.1897999076097,0.0,8.913572104789166,0.42561468482017517,0.0,0.0,-0.9049041271209717,0.42591360211372375,0.0,0.0,-0.9047620892524719,-0.020770675209496603
-294.80570667231643,108.944748484891,0.0,8.922900637791624,0.4256588816642761,0.0,0.0,-0.9048833250999451,0.42589613795280457,0.0,0.0,-0.9047703742980957,-0.42988087215371673
-296.92667371861506,110.70124041731681,0.0,8.932184558521511,0.42570754885673523,0.0,0.0,-0.9048603773117065,0.4258825480937958,0.0,0.0,-0.9047768115997314,-0.0212395600948444
-299.05003703749964,112.45924282145629,0.0,8.941424898519777,0.42576083540916443,0.0,0.0,-0.9048352837562561,0.4258728623390198,0.0,0.0,-0.9047814607620239,-0.430347555992013
-301.1758023205997,114.21872287625209,0.0,8.95062268932736,0.42581868171691895,0.0,0.0,-0.9048080444335938,0.42586731910705566,0.0,0.0,-0.9047841429710388,-0.02170409498411624
-303.30397559471027,115.97964782359492,0.0,8.959778962485219,0.4258810877799988,0.0,0.0,-0.9047786593437195,0.4258655905723572,0.0,0.0,-0.9047850370407104,-0.4308099940302887
-305.43456320801334,117.74198495775468,0.0,8.968894692996312,0.4259481430053711,0.0,0.0,-0.9047471284866333,0.42586809396743774,0.0,0.0,-0.9047839045524597,-0.022164485413969426
-307.5675714571361,119.5057013178548,0.0,8.977969287621052,0.4260198175907135,0.0,0.0,-0.9047133922576904,0.4258747696876526,0.0,0.0,-0.9047808051109314,-0.43126830689012413
-309.70300617470576,121.27076334836192,0.0,8.987000419827464,0.4260960817337036,0.0,0.0,-0.9046773910522461,0.42588546872138977,0.0,0.0,-0.904775857925415,-0.022620603202171963
-311.8408727071676,123.0371368828323,0.0,8.99598567343199,0.4261769950389862,0.0,0.0,-0.9046392440795898,0.425900399684906,0.0,0.0,-0.9047688841819763,-0.43172210757722146
-313.9811759138288,124.80478714538415,0.0,9.00492263225107,0.42626267671585083,0.0,0.0,-0.9045988917350769,0.42591965198516846,0.0,0.0,-0.9047598838806152,-0.023071964758691166
-316.1239201658349,126.5736787522752,0.0,9.013808880101152,0.42635294795036316,0.0,0.0,-0.9045563340187073,0.4259430766105652,0.0,0.0,-0.9047488570213318,-0.43217090797369023
-318.2691093450766,128.3437757135855,0.0,9.02264200079867,0.42644795775413513,0.0,0.0,-0.9045115113258362,0.42597073316574097,0.0,0.0,-0.9047358632087708,-0.02351808196563654
-320.41674684302984,130.1150414350067,0.0,9.031419578160065,0.42654770612716675,0.0,0.0,-0.9044644236564636,0.42600271105766296,0.0,0.0,-0.9047207832336426,-0.43261421996163946
-322.56683555952554,131.88743871973838,0.0,9.040139196001789,0.42665210366249084,0.0,0.0,-0.9044151306152344,0.4260388910770416,0.0,0.0,-0.9047037959098816,-0.02395846670511753
-324.7193779014509,133.66092977049163,0.0,9.048798438140274,0.4267612397670746,0.0,0.0,-0.9043636322021484,0.42607933282852173,0.0,0.0,-0.9046847224235535,-0.43305155542317914
-326.8743757813797,135.4354761916002,0.0,9.057394888391963,0.42687511444091797,0.0,0.0,-0.904309868812561,0.4261241853237152,0.0,0.0,-0.904663622379303,-0.024392630859243203
-329.03183061613447,137.21103899124114,0.0,9.065926130573295,0.426993727684021,0.0,0.0,-0.9042537808418274,0.4261733293533325,0.0,0.0,-0.9046404957771301,-0.43348242624041816
-331.1917433252768,138.98757858376374,0.0,9.074389748500721,0.42711710929870605,0.0,0.0,-0.9041954874992371,0.42622700333595276,0.0,0.0,-0.9046151638031006,-0.02482008631012328
-333.35411432952657,140.76505479212824,0.0,9.082783325990677,0.42724525928497314,0.0,0.0,-0.9041348695755005,0.426285058259964,0.0,0.0,-0.9045878052711487,-0.4339063442954665
-335.5189435491119,142.54342685045512,0.0,9.091104446859601,0.42737817764282227,0.0,0.0,-0.9040719866752625,0.42634743452072144,0.0,0.0,-0.9045584201812744,-0.025240344939866877
-337.6862304020455,144.32265340668445,0.0,9.09935069492394,0.4275159239768982,0.0,0.0,-0.904006838798523,0.4264144003391266,0.0,0.0,-0.9045268297195435,-0.4343228214704331
-339.8559738023311,146.10269252534692,0.0,9.10751965400014,0.42765846848487854,0.0,0.0,-0.9039393663406372,0.426485538482666,0.0,0.0,-0.9044932723045349,-0.025652918630584
-342.0281721580968,147.883501690446,0.0,9.115608907904626,0.4278058707714081,0.0,0.0,-0.9038695693016052,0.4265612065792084,0.0,0.0,-0.9044575691223145,-0.4347313696474274
-344.2028233696557,149.66503780845233,0.0,9.123616040453856,0.4279581308364868,0.0,0.0,-0.9037973880767822,0.4266414940357208,0.0,0.0,-0.9044196605682373,-0.026057319264383483
-346.37992482749576,151.44725721141077,0.0,9.131538635464263,0.42811524868011475,0.0,0.0,-0.903722882270813,0.42672643065452576,0.0,0.0,-0.9043795466423035,-0.4351315007085591
-348.5594734101949,153.23011566016032,0.0,9.139374276752294,0.4282771944999695,0.0,0.0,-0.9036460518836975,0.42681577801704407,0.0,0.0,-0.9043372869491577,-0.02645305872337489
-350.7414654822634,155.01356834766705,0.0,9.147120548134387,0.4284440577030182,0.0,0.0,-0.9035668969154358,0.42690977454185486,0.0,0.0,-0.9042928814888,-0.43552272653593754
-352.9258968919138,156.7975699024709,0.0,9.154775033426985,0.4286157786846161,0.0,0.0,-0.9034854173660278,0.42700856924057007,0.0,0.0,-0.9042461514472961,-0.026839648889667722
-355.112762968756,158.58207439224702,0.0,9.162335316446525,0.42879241704940796,0.0,0.0,-0.9034015536308289,0.4271117150783539,0.0,0.0,-0.9041973352432251,-0.43590455901167185
-357.3020585214193,160.3670353274804,0.0,9.169798981009452,0.428973913192749,0.0,0.0,-0.9033153057098389,0.42721956968307495,0.0,0.0,-0.9041463136672974,-0.027216601645371152
-359.49377783510016,162.15240566525657,0.0,9.177163610932212,0.42916035652160645,0.0,0.0,-0.9032266736030579,0.42733198404312134,0.0,0.0,-0.9040930867195129,-0.4362765100178718
-361.68791466903565,163.9381378131662,0.0,9.18442679003124,0.42935168743133545,0.0,0.0,-0.9031356573104858,0.42744898796081543,0.0,0.0,-0.9040377140045166,-0.02758342887259485
-363.88446225390226,165.72418363332574,0.0,9.191586102122985,0.4295479655265808,0.0,0.0,-0.903042197227478,0.42757079005241394,0.0,0.0,-0.903980016708374,-0.4366380914366468
-366.08341328914105,167.51049444651287,0.0,9.19863913102388,0.4297492206096649,0.0,0.0,-0.9029463529586792,0.42769739031791687,0.0,0.0,-0.9039199948310852,-0.0279396424534481
-368.28475994020664,169.29702103641878,0.0,9.20558346055037,0.429955393075943,0.0,0.0,-0.9028481245040894,0.4278286397457123,0.0,0.0,-0.9038577675819397,-0.4369888151501059
-370.4884938357427,171.08371365401544,0.0,9.212416674518897,0.43016648292541504,0.0,0.0,-0.9027474522590637,0.4279645085334778,0.0,0.0,-0.9037932753562927,-0.028284754270040402
-372.6946060646817,172.87052202203947,0.0,9.219136356745905,0.4303825795650482,0.0,0.0,-0.9026443362236023,0.4281051754951477,0.0,0.0,-0.9037265181541443,-0.4373281930403588
-374.90308717326934,174.6573953395926,0.0,9.22574009104783,0.43060365319252014,0.0,0.0,-0.9025387763977051,0.42825058102607727,0.0,0.0,-0.9036574363708496,-0.028618276204481097
-377.11392716201505,176.44428228685814,0.0,9.232225461241123,0.43082964420318604,0.0,0.0,-0.9024308323860168,0.42840054631233215,0.0,0.0,-0.9035861492156982,-0.43765573698951504
-379.32711548256543,178.2311310299342,0.0,9.238590051142214,0.43106064200401306,0.0,0.0,-0.902320384979248,0.42855536937713623,0.0,0.0,-0.9035125374794006,-0.028939720138879577
-381.5426410345042,180.01788922578353,0.0,9.24483144456755,0.43129661679267883,0.0,0.0,-0.9022074937820435,0.4287148416042328,0.0,0.0,-0.9034367203712463,-0.43797095887968357
-383.7604921620753,181.80450402730025,0.0,9.250947225333576,0.43153753876686096,0.0,0.0,-0.9020921587944031,0.4288793206214905,0.0,0.0,-0.9033584594726562,-0.029248597955345457
-385.9806566508321,183.5909220884931,0.0,9.256934977256728,0.431783527135849,0.0,0.0,-0.9019743204116821,0.4290487766265869,0.0,0.0,-0.9032778143882751,-0.4382733705929741
-388.20312172420995,185.37708956978534,0.0,9.262792284153447,0.432034432888031,0.0,0.0,-0.9018540382385254,0.42922288179397583,0.0,0.0,-0.9031948447227478,-0.029544421535987797
-390.42787404002434,187.16295214343177,0.0,9.268516729840183,0.43229037523269653,0.0,0.0,-0.9017313122749329,0.4294017255306244,0.0,0.0,-0.9031095504760742,-0.43856248401149617
-392.65489968689315,188.94845499905165,0.0,9.274105898133369,0.43255138397216797,0.0,0.0,-0.901606023311615,0.42958545684814453,0.0,0.0,-0.9030219316482544,-0.029826702762916435
-394.8841841805847,190.733542849279,0.0,9.279557372849448,0.4328173100948334,0.0,0.0,-0.9014782905578613,0.4297739863395691,0.0,0.0,-0.9029319286346436,-0.43883781101735864
-397.11571246028893,192.51815993552822,0.0,9.284868737804866,0.4330882430076599,0.0,0.0,-0.9013479948043823,0.4299675524234772,0.0,0.0,-0.9028395414352417,-0.030094953518240597
-399.3494688848157,194.3022500338775,0.0,9.290037576816061,0.43336427211761475,0.0,0.0,-0.9012151956558228,0.4301660358905792,0.0,0.0,-0.902744710445404,-0.4390988634926716
-401.5854372287161,196.08575646106624,0.0,9.295061473699477,0.4336453378200531,0.0,0.0,-0.9010797739028931,0.4303692579269409,0.0,0.0,-0.9026475548744202,-0.03034868568406962
-403.82360067833156,197.86862208061038,0.0,9.29993801227155,0.4339313805103302,0.0,0.0,-0.9009419083595276,0.43057748675346375,0.0,0.0,-0.9025479555130005,-0.439345153319544
-406.0639418277651,199.65078930903167,0.0,9.304664776348728,0.4342224895954132,0.0,0.0,-0.9008014798164368,0.43079042434692383,0.0,0.0,-0.9024460315704346,-0.030587411142512955
-408.3064426747811,201.43220012220291,0.0,9.309239349747445,0.43451860547065735,0.0,0.0,-0.9006585478782654,0.43100833892822266,0.0,0.0,-0.9023416042327881,-0.4395761923800853
-410.5510846166297,203.2127960618085,0.0,9.313659316284152,0.4348198175430298,0.0,0.0,-0.9005129933357239,0.43123117089271545,0.0,0.0,-0.9022347927093506,-0.030810641775679992
-412.7978484457965,204.9925182419184,0.0,9.31792225977529,0.43512606620788574,0.0,0.0,-0.9003649353981018,0.4314591884613037,0.0,0.0,-0.9021254181861877,-0.4397914925564054
-415.0467143456807,206.77130735567744,0.0,9.322025764037294,0.4354373514652252,0.0,0.0,-0.9002142548561096,0.4316917657852173,0.0,0.0,-0.9020137786865234,-0.031017889465680126
-417.2976618861974,208.54910368210787,0.0,9.325967412886607,0.4357536733150482,0.0,0.0,-0.9000610113143921,0.4319293797016144,0.0,0.0,-0.9018996357917786,-0.4399905657306131
-419.55067001930854,210.32584709302495,0.0,9.32974479013967,0.4360750615596771,0.0,0.0,-0.8999052047729492,0.43217217922210693,0.0,0.0,-0.9017829298973083,-0.03120866609462275
-421.80571707448075,212.10147706006586,0.0,9.333355479612932,0.43640151619911194,0.0,0.0,-0.8997467756271362,0.43241971731185913,0.0,0.0,-0.9016638398170471,-0.44017292378481826
-424.06278075406954,213.87593266183,0.0,9.336797065122827,0.4367330074310303,0.0,0.0,-0.8995857238769531,0.43267229199409485,0.0,0.0,-0.9015422463417053,-0.03138248354461742
-426.3218381286339,215.6491525911319,0.0,9.3400671304858,0.4370695948600769,0.0,0.0,-0.8994220495223999,0.4329295754432678,0.0,0.0,-0.9014182686805725,-0.44033807860113
-428.58286563217666,217.4210751623641,0.0,9.343163259518288,0.4374111592769623,0.0,0.0,-0.8992558121681213,0.4331922233104706,0.0,0.0,-0.9012916088104248,-0.03153885369777343
-430.8458390573153,219.19163831897117,0.0,9.34608303603674,0.4377577006816864,0.0,0.0,-0.8990870118141174,0.43345972895622253,0.0,0.0,-0.9011625647544861,-0.4404855420616579
-433.1107335503822,220.96077964103264,0.0,9.348824043857594,0.43810927867889404,0.0,0.0,-0.8989155292510986,0.43373212218284607,0.0,0.0,-0.9010310173034668,-0.031677288436200324
-435.377523606453,222.72843635295533,0.0,9.351383866797287,0.4384656548500061,0.0,0.0,-0.898741602897644,0.43400952219963074,0.0,0.0,-0.9008969664573669,-0.44061482604851115
-437.6461830643075,224.4945453312734,0.0,9.353760088672265,0.4388265311717987,0.0,0.0,-0.8985652327537537,0.4342919886112213,0.0,0.0,-0.9007603526115417,-0.03179729964200728
-439.9166851013193,226.25904311255562,0.0,9.355950293298973,0.4391915798187256,0.0,0.0,-0.8983866572380066,0.4345795512199402,0.0,0.0,-0.9006211161613464,-0.4407254424437994
-442.18900222827824,228.02186590141923,0.0,9.357952064493848,0.4395601749420166,0.0,0.0,-0.8982061743736267,0.43487200140953064,0.0,0.0,-0.9004794359207153,-0.03189839919730397
-444.4631062841439,229.78294957864853,0.0,9.359762986073331,0.4399315416812897,0.0,0.0,-0.8980242013931274,0.4351693391799927,0.0,0.0,-0.9003352522850037,-0.44081690312963195
-446.73896843073305,231.54222970941913,0.0,9.361380641853865,0.4403047263622284,0.0,0.0,-0.8978410959243774,0.4354717433452606,0.0,0.0,-0.9001885056495667,-0.03198009898419957
-449.01655914733817,233.29964155162423,0.0,9.362802615651894,0.4406784772872925,0.0,0.0,-0.8976575136184692,0.4357789158821106,0.0,0.0,-0.9000393152236938,-0.4408887199881183
-451.2958482252825,235.05512006430433,0.0,9.364026491283855,0.4410513639450073,0.0,0.0,-0.8974742293357849,0.4360913038253784,0.0,0.0,-0.8998874425888062,-0.03204191088480368
-453.57680476240756,236.80859991617737,0.0,9.365049852566193,0.441421777009964,0.0,0.0,-0.8972920179367065,0.436408668756485,0.0,0.0,-0.8997330069541931,-0.44094040490136766
-455.8593971574976,238.5600154942698,0.0,9.365870283315349,0.44178763031959534,0.0,0.0,-0.8971118330955505,0.43673092126846313,0.0,0.0,-0.8995760679244995,-0.03208334678122571
-458.1435931046393,240.30930091264582,0.0,9.366485367347762,0.4421466588973999,0.0,0.0,-0.8969349265098572,0.43705812096595764,0.0,0.0,-0.8994165658950806,-0.44097146975148954
-460.42935958751906,242.05639002123496,0.0,9.366892688479878,0.44249632954597473,0.0,0.0,-0.896762490272522,0.43739041686058044,0.0,0.0,-0.8992544412612915,-0.03210391855557493
-462.7166628736575,243.80121641475532,0.0,9.367089830528135,0.44283363223075867,0.0,0.0,-0.8965960144996643,0.43772760033607483,0.0,0.0,-0.8990897536277771,-0.4409814264205935
-465.0054685085836,245.54371344173222,0.0,9.367074377308976,0.44315558671951294,0.0,0.0,-0.8964370489120483,0.4380698800086975,0.0,0.0,-0.8989223837852478,-0.03210313808996079
-467.29574130994695,247.28381421361084,0.0,9.366843912638844,0.44345858693122864,0.0,0.0,-0.8962873816490173,0.4384169578552246,0.0,0.0,-0.8987525105476379,-0.4409697867907889
-469.5874453615727,249.02145161396038,0.0,9.366396020334179,0.4437388479709625,0.0,0.0,-0.8961489200592041,0.4387693405151367,0.0,0.0,-0.8985798358917236,-0.0320805172664928
-471.8805440074552,250.75655830776924,0.0,9.36572828421142,0.44399213790893555,0.0,0.0,-0.8960237503051758,0.4391259253025055,0.0,0.0,-0.8984048962593079,-0.44093606274418495
-474.1749990838116,252.48906784150634,0.0,9.364837880085686,0.4442141652107239,0.0,0.0,-0.8959140181541443,0.4394848048686981,0.0,0.0,-0.8982287049293518,-0.032035547361152716
-476.4706798391511,254.21905462881844,0.0,9.36368878118047,0.4444003403186798,0.0,0.0,-0.8958220481872559,0.4398423731327057,0.0,0.0,-0.8980530500411987,-0.4408780274459417
-478.76726828631666,255.94686539814865,0.0,9.362187734091128,0.44454649090766907,0.0,0.0,-0.8957500457763672,0.4401944875717163,0.0,0.0,-0.897879958152771,-0.03195973690209508
-481.0644030535695,257.6728622458381,0.0,9.360235821561025,0.4446489214897156,0.0,0.0,-0.8956996202468872,0.44053763151168823,0.0,0.0,-0.8977112174034119,-0.44077944600502733
-483.3616985975276,259.39738876676813,0.0,9.357734126333526,0.4447043836116791,0.0,0.0,-0.8956725597381592,0.44086843729019165,0.0,0.0,-0.897548496723175,-0.031833388658282
-485.65874530233924,261.12076985880844,0.0,9.354583731152001,0.4447099566459656,0.0,0.0,-0.8956702351570129,0.4411833882331848,0.0,0.0,-0.8973935842514038,-0.4406203351372736
-487.9551096182747,262.84331145727174,0.0,9.35068571875981,0.4446631073951721,0.0,0.0,-0.8956938982009888,0.44147932529449463,0.0,0.0,-0.8972480893135071,-0.03163651934554501
-490.25033423957944,264.56530019965555,0.0,9.345941171900323,0.44456154108047485,0.0,0.0,-0.8957446217536926,0.44175368547439575,0.0,0.0,-0.8971132040023804,-0.4403807115585117
-492.5439383213862,266.2870030210482,0.0,9.34025117331691,0.44440335035324097,0.0,0.0,-0.8958233594894409,0.4420032799243927,0.0,0.0,-0.8969905972480774,-0.03134914567971603
-494.83541773541646,268.0086666806857,0.0,9.333516805752925,0.4441867470741272,0.0,0.0,-0.8959307670593262,0.44222521781921387,0.0,0.0,-0.8968816995620728,-0.44004059198457307
-497.1242453641357,269.73051722027293,0.0,9.325639151951743,0.4439103305339813,0.0,0.0,-0.8960675597190857,0.4424174129962921,0.0,0.0,-0.8967875242233276,-0.03095128437662603
-499.4098714329433,271.4527593548231,0.0,9.316519294656729,0.4435728192329407,0.0,0.0,-0.8962343335151672,0.44257715344429016,0.0,0.0,-0.8967094421386719,-0.43957999313128954
-501.6917238798995,273.1755757969263,0.0,9.306058316611242,0.4431731104850769,0.0,0.0,-0.8964314460754395,0.4427025020122528,0.0,0.0,-0.8966483473777771,-0.030422952152106553
-503.9692087623827,274.89912651552805,0.0,9.294157300558659,0.4427105486392975,0.0,0.0,-0.8966590762138367,0.44279125332832336,0.0,0.0,-0.8966054320335388,-0.43897893171449237
-506.2417106999851,276.6235479304854,0.0,9.280717329242336,0.44218432903289795,0.0,0.0,-0.896917462348938,0.44284164905548096,0.0,0.0,-0.8965814709663391,-0.029744165721989235
-508.5085933528238,278.34895204436606,0.0,9.265639485405648,0.44159406423568726,0.0,0.0,-0.897206723690033,0.4428514540195465,0.0,0.0,-0.8965775370597839,-0.4382174244500132
-510.7691999343385,280.0754255131719,0.0,9.248824851791957,0.44093945622444153,0.0,0.0,-0.8975268006324768,0.4428189694881439,0.0,0.0,-0.8965944051742554,-0.028894941802105778
-513.0228537575166,281.80302865789304,0.0,9.230174511144625,0.44022032618522644,0.0,0.0,-0.8978775143623352,0.44274330139160156,0.0,0.0,-0.8966324925422668,-0.4372754880536833
-515.2688588133475,283.5317944190424,0.0,9.209589546207022,0.4394366443157196,0.0,0.0,-0.8982586860656738,0.44262242317199707,0.0,0.0,-0.8966927528381348,-0.027855297108287436
-517.5065003801706,285.2617272565705,0.0,9.186971039722511,0.43858855962753296,0.0,0.0,-0.8986701369285583,0.44245466589927673,0.0,0.0,-0.8967759013175964,-0.43613313924133434
-519.7350456624333,286.9928019978293,0.0,9.162220074434462,0.4376765191555023,0.0,0.0,-0.899111270904541,0.44223883748054504,0.0,0.0,-0.8968824744224548,-0.02660524835636574
-521.9537444572151,288.72496263652766,0.0,9.135237733086237,0.4367009103298187,0.0,0.0,-0.8995817303657532,0.4419741630554199,0.0,0.0,-0.8970127105712891,-0.4347703947287977
-524.1618298467172,290.4581210859142,0.0,9.105925098421205,0.43566253781318665,0.0,0.0,-0.9000809192657471,0.44165971875190735,0.0,0.0,-0.8971670269966125,-0.02512481226217217
-526.3585189147478,292.19215588971565,0.0,9.074183253182733,0.4345661699771881,0.0,0.0,-0.9006162881851196,0.4412943422794342,0.0,0.0,-0.8973458409309387,-0.43316727123190524
-528.5430134850599,293.92691089467553,0.0,9.039913280114183,0.4334086775779724,0.0,0.0,-0.9011783003807068,0.44087710976600647,0.0,0.0,-0.8975494503974915,-0.023394005541538365
-530.7145008792202,295.66219388884815,0.0,9.003016261958923,0.43219152092933655,0.0,0.0,-0.9017661809921265,0.4404078423976898,0.0,0.0,-0.8977778553962708,-0.431303785466488
-532.8721546915084,297.39777521013224,0.0,8.963393281460316,0.4309162497520447,0.0,0.0,-0.9023792743682861,0.4398851990699768,0.0,0.0,-0.89803147315979,-0.021392844910295583
-535.0151355781542,299.13338632986046,0.0,8.920945421361731,0.42958465218544006,0.0,0.0,-0.9030163288116455,0.4393114745616913,0.0,0.0,-0.8983144760131836,-0.4291599541483777
-537.1425920580353,300.8687184165994,0.0,8.875573764406537,0.4281986951828003,0.0,0.0,-0.9036762714385986,0.43868401646614075,0.0,0.0,-0.8986230492591858,-0.01910134708427569
-539.2536613217654,302.6034208856585,0.0,8.827179393338094,0.42676055431365967,0.0,0.0,-0.9043578505516052,0.43800249695777893,0.0,0.0,-0.8989570736885071,-0.4267157939934058
-541.3474700459008,304.33709994015084,0.0,8.77566339089977,0.42527249455451965,0.0,0.0,-0.9050598740577698,0.4372673034667969,0.0,0.0,-0.8993165493011475,-0.01649952877930977
-543.423135208811,306.069317109803,0.0,8.720926839834929,0.42373692989349365,0.0,0.0,-0.9057809114456177,0.43647798895835876,0.0,0.0,-0.8997014760971069,-0.4239513217174038
-545.4797649045497,307.79958779405825,0.0,8.662870822886942,0.422156423330307,0.0,0.0,-0.9065194129943848,0.43563511967658997,0.0,0.0,-0.9001112580299377,-0.013567406711229635
-547.5164591508706,309.527379816367,0.0,8.601396422799176,0.42053335905075073,0.0,0.0,-0.9072742462158203,0.4347383975982666,0.0,0.0,-0.9005458354949951,-0.42084655403620347
-549.5323106873417,311.2521119969097,0.0,8.536404722314986,0.41887032985687256,0.0,0.0,-0.9080436825752258,0.4337887465953827,0.0,0.0,-0.9010047316551208,-0.01028499759586654
-551.5264057593126,312.9731527513389,0.0,8.467796804177746,0.4171699583530426,0.0,0.0,-0.9088265895843506,0.43278566002845764,0.0,0.0,-0.9014878273010254,-0.4173815076656358
-553.4978248833008,314.68981872346745,0.0,8.395473751130822,0.41543474793434143,0.0,0.0,-0.9096214175224304,0.4317306876182556,0.0,0.0,-0.9019943475723267,-0.006632318149052185
-555.4455982777037,316.40133346162924,0.0,8.319142826649836,0.4136669337749481,0.0,0.0,-0.9104270339012146,0.4306241273880005,0.0,0.0,-0.902523934841156,-0.4135264104696264
-557.368318839382,318.10647880820363,0.0,8.23684475530094,0.4118689000606537,0.0,0.0,-0.9112420082092285,0.4294668734073639,0.0,0.0,-0.9030759334564209,-0.002475849899107929
-559.2639521806486,319.80340385750304,0.0,8.145770745182011,0.410042941570282,0.0,0.0,-0.9120653867721558,0.42826047539711,0.0,0.0,-0.9036493301391602,-0.4089267129888724
-561.1298458758394,321.4896038672071,0.0,8.043105235469897,0.4081912934780121,0.0,0.0,-0.9128957986831665,0.4270055890083313,0.0,0.0,-0.9042434692382812,0.002709276854029108
-562.9627405924447,323.16190005024987,0.0,7.926032665341446,0.4063159227371216,0.0,0.0,-0.91373211145401,0.42570406198501587,0.0,0.0,-0.9048573970794678,-0.4030139569217789
-564.7587813218215,324.816419215318,0.0,7.791737473973507,0.40441909432411194,0.0,0.0,-0.9145733118057251,0.4243583381175995,0.0,0.0,-0.9054896831512451,0.009491862276652274
-566.513633233787,326.44867160588814,0.0,7.637860827250345,0.40250226855278015,0.0,0.0,-0.9154186248779297,0.4229706823825836,0.0,0.0,-0.9061391949653625,-0.3952424091074778
-568.2233740167708,328.0543683875794,0.0,7.465907750093573,0.40056630969047546,0.0,0.0,-0.916267454624176,0.4215430021286011,0.0,0.0,-0.9068045616149902,0.018176361122953955
-569.8849304691132,329.62985500103673,0.0,7.279326509693746,0.39861175417900085,0.0,0.0,-0.9171196222305298,0.42007824778556824,0.0,0.0,-0.9074844717979431,-0.3858191141377896
-571.4960676969149,331.1721401631352,0.0,7.081580103341066,0.3966377377510071,0.0,0.0,-0.9179750680923462,0.41857945919036865,0.0,0.0,-0.9081769585609436,0.02816355336298826
-573.0553745676012,332.6789223271573,0.0,6.876131528325743,0.3946424126625061,0.0,0.0,-0.9188345670700073,0.41704967617988586,0.0,0.0,-0.9088807702064514,-0.37544292348045
-574.5622491055042,334.1486162070034,0.0,6.666443781937989,0.3926226496696472,0.0,0.0,-0.9196994304656982,0.4154914617538452,0.0,0.0,-0.9095944762229919,0.038753843584591996
-576.016884084453,335.58037890852637,0.0,6.45597986146799,0.39057329297065735,0.0,0.0,-0.9205717444419861,0.41390854120254517,0.0,0.0,-0.9103160500526428,-0.36481343254762183
-577.4202530317664,336.9741352849449,0.0,6.248202764205966,0.38848811388015747,0.0,0.0,-0.9214535355567932,0.41230452060699463,0.0,0.0,-0.9110438227653503,0.049247636375603365
-578.7740968084013,338.3306022232574,0.0,6.046575487442116,0.3863586187362671,0.0,0.0,-0.9223484396934509,0.4106813371181488,0.0,0.0,-0.9117769002914429,-0.35463023675146776
-580.0809108724784,339.6513116725358,0.0,5.854561028466645,0.3841743767261505,0.0,0.0,-0.9232602119445801,0.4090418219566345,0.0,0.0,-0.9125136137008667,0.0589453363238594
-581.3439332691618,340.9386323408727,0.0,5.675622384569768,0.3819231390953064,0.0,0.0,-0.9241937398910522,0.4073887765407562,0.0,0.0,-0.9132530093193054,-0.34559293150415066
-582.5671240526424,342.19578054940024,0.0,5.513180720191084,0.37959012389183044,0.0,0.0,-0.925154447555542,0.4057232141494751,0.0,0.0,-0.9139944314956665,0.06714946078742923
-583.7547165652154,343.42638344347904,0.0,5.368673560872864,0.3771589398384094,0.0,0.0,-0.9261482357978821,0.40404900908470154,0.0,0.0,-0.9147358536720276,-0.3382945901244426
-584.9105959446126,344.63383774640437,0.0,5.24073338462272,0.37460967898368835,0.0,0.0,-0.9271822571754456,0.40236592292785645,0.0,0.0,-0.9154775142669678,0.07361108585056786
-586.0382578169232,345.8212507746734,0.0,5.127780347207179,0.37192076444625854,0.0,0.0,-0.9282642006874084,0.40067586302757263,0.0,0.0,-0.916218638420105,-0.3325898912650718
-587.140814041987,346.99142998121226,0.0,5.028234604392762,0.36906740069389343,0.0,0.0,-0.9294024109840393,0.3989781141281128,0.0,0.0,-0.9169592261314392,0.07863864861897274
-588.2209982286972,348.1468729271302,0.0,4.940516311945983,0.36602213978767395,0.0,0.0,-0.9306058883666992,0.39726579189300537,0.0,0.0,-0.9177023768424988,-0.32815967447483047
-589.2808950414258,349.2897576075784,0.0,4.863045625633376,0.36275508999824524,0.0,0.0,-0.9318842887878418,0.3955173194408417,0.0,0.0,-0.9184572696685791,0.0825513095438519
-590.3206505790849,350.42193305750925,0.0,4.794242701221455,0.3592376708984375,0.0,0.0,-0.9332458972930908,0.39370906352996826,0.0,0.0,-0.9192339181900024,-0.3246847793025112
-591.3396213344018,351.5449101669699,0.0,4.732527694476747,0.3554439842700958,0.0,0.0,-0.9346973896026611,0.39181822538375854,0.0,0.0,-0.9200416803359985,0.08566822907641289
-592.3369657593054,352.65985264260263,0.0,4.676320761165773,0.3513495624065399,0.0,0.0,-0.9362442493438721,0.38982394337654114,0.0,0.0,-0.9208885431289673,-0.3218460452969064
-593.3116277377119,353.76756806194294,0.0,4.6240420570550524,0.3469320237636566,0.0,0.0,-0.9378901124000549,0.3877042829990387,0.0,0.0,-0.9217830300331116,0.08830856766786338
-594.2623318383044,354.8684989796336,0.0,4.57411173791111,0.3421713411808014,0.0,0.0,-0.9396373629570007,0.3854420483112335,0.0,0.0,-0.922731339931488,-0.31932431200680833
-595.1875902628817,355.96271405960283,0.0,4.524949959500467,0.33704835176467896,0.0,0.0,-0.9414871335029602,0.3830175995826721,0.0,0.0,-0.9237403869628906,0.09079148576941104
-596.0857469505643,357.04993148893516,0.0,4.4751093736416765,0.33154529333114624,0.0,0.0,-0.9434391260147095,0.380412757396698,0.0,0.0,-0.9248161315917969,-0.3168071107008088
-596.955206693228,358.12976803305776,0.0,4.4241936978722,0.32564640045166016,0.0,0.0,-0.9454914927482605,0.3776109218597412,0.0,0.0,-0.9259636998176575,0.0933629845456472
-597.794538423534,359.2018599779045,0.0,4.372307396415873,0.3193376362323761,0.0,0.0,-0.9476408958435059,0.374594509601593,0.0,0.0,-0.9271880388259888,-0.3141865904252367
-598.6024733378649,360.26586459553016,0.0,4.319558005425058,0.3126070201396942,0.0,0.0,-0.949882447719574,0.3713492751121521,0.0,0.0,-0.9284926056861877,0.09602709520174893
-599.377901543039,361.3214608719223,0.0,4.266053061052121,0.30544403195381165,0.0,0.0,-0.9522098898887634,0.36785829067230225,0.0,0.0,-0.9298811554908752,-0.3114843205074116
-600.1198679212818,362.3683502358881,0.0,4.211900099449426,0.29784125089645386,0.0,0.0,-0.9546153545379639,0.3641066551208496,0.0,0.0,-0.93135666847229,0.09876209326249111
-600.8275672751201,363.4062572868504,0.0,4.157206656769332,0.2897932529449463,0.0,0.0,-0.9570892453193665,0.3600781559944153,0.0,0.0,-0.9329215288162231,-0.30872202542255833
-601.5003388141139,364.4349305194705,0.0,4.102080269164204,0.2812976539134979,0.0,0.0,-0.9596205949783325,0.3557601571083069,0.0,0.0,-0.9345768094062805,0.10154625425264907
-602.1376680672228,365.454156179988,0.0,4.046680517393165,0.2723557949066162,0.0,0.0,-0.9621965289115906,0.351140558719635,0.0,0.0,-0.9363223314285278,-0.3059240581613948
-602.7392105478879,366.46381455151084,0.0,3.991385082518467,0.2629716098308563,0.0,0.0,-0.9648035168647766,0.34620505571365356,0.0,0.0,-0.9381586313247681,0.10433895298369444
-603.3047828281792,367.46389665901387,0.0,3.9366287682343755,0.25315311551094055,0.0,0.0,-0.9674261808395386,0.34094372391700745,0.0,0.0,-0.9400835037231445,-0.3031585877430063
-603.8344032713871,368.45450670052014,0.0,3.8828463784389684,0.24291254580020905,0.0,0.0,-0.970048189163208,0.33535459637641907,0.0,0.0,-0.9420917630195618,0.10705523529659378
-604.3285898688381,369.4358644312578,0.0,3.8304727170303243,0.23226232826709747,0.0,0.0,-0.9726530909538269,0.3294365108013153,0.0,0.0,-0.9441775679588318,-0.3005134533284283
-604.7880713915525,370.40830749996746,0.0,3.779942587906519,0.22121784090995789,0.0,0.0,-0.9752242565155029,0.32318931818008423,0.0,0.0,-0.9463341236114502,0.10960726202001828
-605.2136060435198,371.3722937387455,0.0,3.73169079496563,0.20979444682598114,0.0,0.0,-0.9777453541755676,0.31661272048950195,0.0,0.0,-0.9485547542572021,-0.2980764940889895
-605.6059616113033,372.32840341017754,0.0,3.6861521421057364,0.19800852239131927,0.0,0.0,-0.9802001118659973,0.3097077012062073,0.0,0.0,-0.9508316516876221,0.11190719398263918
-605.9658957762471,373.27734141797606,0.0,3.6437614332249133,0.1858782023191452,0.0,0.0,-0.9825726747512817,0.30247488617897034,0.0,0.0,-0.9531572461128235,-0.2959355491960186
-606.2941361706146,374.2199394898937,0.0,3.604953472221239,0.17342180013656616,0.0,0.0,-0.9848474860191345,0.29491469264030457,0.0,0.0,-0.9555234909057617,0.11386719201312775
-606.5913600011559,375.1571579267302,0.0,3.5701614754030913,0.16065825521945953,0.0,0.0,-0.9870098829269409,0.28702643513679504,0.0,0.0,-0.957922637462616,-0.29417837763954646
-606.8581472530446,376.0899907920299,0.0,3.539451462426528,0.1476081907749176,0.0,0.0,-0.9890457391738892,0.2788143754005432,0.0,0.0,-0.9603450298309326,0.11541820276951983
-607.0949213703202,377.0192448558451,0.0,3.512054611129511,0.1342925727367401,0.0,0.0,-0.9909416437149048,0.2702767252922058,0.0,0.0,-0.962782621383667,-0.29279469828111127
-607.3019701116481,377.9455048535594,0.0,3.487086685423332,-0.12073374539613724,0.0,0.0,0.9926848411560059,0.2614198327064514,0.0,0.0,-0.965225100517273,0.11667920911831672
-607.4794784641833,378.8691288962797,0.0,3.463663449219278,-0.10695677995681763,0.0,0.0,0.9942635297775269,0.2522430717945099,0.0,0.0,-0.9676637649536133,-0.2916117065536338
-607.6275627107693,379.79024389871995,0.0,3.440900666428642,-0.09298820793628693,0.0,0.0,0.995667040348053,0.24275429546833038,0.0,0.0,-0.9700876474380493,0.11782884461279328
-607.7463056599191,380.708741015099,0.0,3.4179141009627108,-0.07885517179965973,0.0,0.0,0.9968859553337097,0.23296061158180237,0.0,0.0,-0.9724859595298767,-0.29045076890383925
-607.835793916839,381.62428231122186,0.0,3.393861066349003,-0.06458699703216553,0.0,0.0,0.9979118704795837,0.2228679060935974,0.0,0.0,-0.9748484492301941,0.11904364434075829
-607.8961620332058,382.53646599889055,0.0,3.368523859912684,-0.05021437257528305,0.0,0.0,0.9987383484840393,0.21248893439769745,0.0,0.0,-0.9771632552146912,-0.28917111201311607
-607.9276047038607,383.4449568308713,0.0,3.342167575022121,-0.035768311470746994,0.0,0.0,0.9993600249290466,-0.20183347165584564,0.0,0.0,0.9794196486473083,0.1203747698402817
-607.9303657782712,384.3494909256235,0.0,3.315069821797082,-0.0212789848446846,0.0,0.0,0.9997735023498535,-0.19091679155826569,0.0,0.0,0.981606125831604,-0.2878025386179121
-607.9047264463462,385.2498772314598,0.0,3.2875082103573323,-0.0067762937396764755,0.0,0.0,0.9999769330024719,-0.17975178360939026,0.0,0.0,0.9837118983268738,0.12176677041804684
-607.8509931331071,386.14599898372046,0.0,3.2597603508226425,0.0077115800231695175,0.0,0.0,0.9999701976776123,-0.16835564374923706,0.0,0.0,0.9857262372970581,-0.28640113157070557
-607.7694851442635,387.037815152156,0.0,3.2321038533127733,0.022157929837703705,0.0,0.0,0.9997544288635254,-0.1567450761795044,0.0,0.0,0.9876389503479004,0.1231635632215756
-607.6605220981651,387.9253618765234,0.0,3.204816327947494,0.03653974086046219,0.0,0.0,0.9993321299552917,-0.14493852853775024,0.0,0.0,0.9894405603408813,-0.2850229737239743
-607.5244111720688,388.80875388926256,0.0,3.1781753848465746,0.05083636939525604,0.0,0.0,0.9987068176269531,-0.13295191526412964,0.0,0.0,0.9911224246025085,0.12450906539838971
-607.3614341822332,389.6881859250203,0.0,3.152458634116565,0.06503111124038696,0.0,0.0,0.997883141040802,-0.12080634385347366,0.0,0.0,0.9926760196685791,-0.2837241479295294
-607.1718376971505,390.56392037627285,0.0,3.1278946931461005,0.07911033928394318,0.0,0.0,0.9968656301498413,-0.10852392762899399,0.0,0.0,0.9940937757492065,0.12574966847770613
-606.9558362435547,391.43623433625055,0.0,3.1045199942676787,0.09306694567203522,0.0,0.0,0.9956596493721008,-0.09612061828374863,0.0,0.0,0.9953696131706238,-0.28254360758213437
-606.7136137403085,392.30540645806127,0.0,3.0823238517900213,0.10689608752727509,0.0,0.0,0.9942700862884521,-0.08361846953630447,0.0,0.0,0.9964978098869324,0.12687068577455754
-606.4453836353786,393.1716107736697,0.0,3.0612955800218455,0.12059853971004486,0.0,0.0,0.9927012920379639,-0.07104609906673431,0.0,0.0,0.9974730014801025,-0.2814815736544487
-606.1518806532079,394.0340533225193,0.0,3.041424493271871,0.13418050110340118,0.0,0.0,0.9909567832946777,-0.058425210416316986,0.0,0.0,0.9982918500900269,0.12787427601445522
-605.8340829578558,394.89145901512285,0.0,3.0226999058488184,0.14765112102031708,0.0,0.0,0.989039421081543,-0.04577498137950897,0.0,0.0,0.99895179271698,-0.2805358874209612
-605.4929089266109,395.74260307583364,0.0,3.0051111320614035,0.16102437674999237,0.0,0.0,0.9869503974914551,-0.0331093929708004,0.0,0.0,0.999451756477356,0.1287625979229105
-605.1292176305747,396.5863096769547,0.0,2.9886474862183485,0.17431417107582092,0.0,0.0,0.9846900105476379,-0.02043984830379486,0.0,0.0,0.999791145324707,-0.27970439015616044
-604.7438121882634,397.42144555595036,0.0,2.9732982826283703,0.1875375211238861,0.0,0.0,0.9822573661804199,-0.007776015438139439,0.0,0.0,0.9999698996543884,0.12953781022543467
-604.3374429776434,398.24691389969234,0.0,2.9590528356001893,0.20071172714233398,0.0,0.0,0.9796503186225891,0.0048791044391691685,0.0,0.0,0.9999881982803345,-0.27898492313453516
-603.9108107148477,399.0616484765942,0.0,2.945900459442522,0.2138533592224121,0.0,0.0,0.9768656492233276,0.01752241887152195,0.0,0.0,0.9998465776443481,0.13020207164753908
-603.4645694074833,399.8646079983607,0.0,2.933830468464091,0.22697897255420685,0.0,0.0,0.9738994836807251,0.030154630541801453,0.0,0.0,0.9995453357696533,-0.278375327630574
-602.9993291901172,400.654770693931,0.0,2.922832176973613,0.24010306596755981,0.0,0.0,0.9707472324371338,0.04277682676911354,0.0,0.0,0.9990847110748291,0.13075754091473493
-602.5156590492194,401.4311290789961,0.0,2.912894899279808,0.2532382607460022,0.0,0.0,0.9674038290977478,0.055394574999809265,0.0,0.0,0.9984646439552307,-0.27787344491876564
-602.0140894445448,402.19268490523854,0.0,2.9040079496913944,0.2663940489292145,0.0,0.0,0.9638641476631165,0.06801359355449677,0.0,0.0,0.9976844191551208,0.1312063767525336
-601.4951148336605,402.9384442741833,0.0,2.8961606425170907,0.2795764207839966,0.0,0.0,0.9601234197616577,0.08064309507608414,0.0,0.0,0.9967430233955383,-0.2774771162735988
-600.959196106042,403.66741290124304,0.0,2.889342292065617,0.2927868366241455,0.0,0.0,0.9561777710914612,0.09329405426979065,0.0,0.0,0.9956384897232056,0.1315507378864464
-600.4067629329189,404.37859151621603,0.0,2.883542212645692,0.3060230612754822,0.0,0.0,0.9520240426063538,0.1059768795967102,0.0,0.0,0.9943684935569763,-0.27718418296956215
-599.8382160387913,405.0709713871296,0.0,2.8787497185660347,0.3192770481109619,0.0,0.0,0.947661280632019,0.11870633065700531,0.0,0.0,0.992929220199585,0.13179278304198466
-599.2539294003053,405.74352995493865,0.0,2.874954124135363,0.3325350284576416,0.0,0.0,0.9430907368659973,0.13149434328079224,0.0,0.0,0.9913167357444763,-0.27699248628114437
-598.6542523779552,406.3952265671673,0.0,2.8721447436623984,0.3457779884338379,0.0,0.0,0.9383162260055542,0.1443614661693573,0.0,0.0,0.9895249605178833,0.13193467094465963
-598.0395117858508,407.0249982991396,0.0,2.8703108914558575,0.3589804470539093,0.0,0.0,0.9333450198173523,0.15732355415821075,0.0,0.0,0.9875470399856567,-0.27689986748283424
-597.4100139045939,407.63175585198184,0.0,2.8694418818244607,0.372111052274704,0.0,0.0,0.9281880855560303,0.17039215564727783,0.0,0.0,0.985376238822937,0.13197856031998267
-596.7660464420992,408.21442280299533,0.0,2.869527029076927,0.38513311743736267,0.0,0.0,0.922860860824585,0.18355794250965118,0.0,0.0,0.983008861541748,-0.2769041678491204
-596.107880447008,408.7728634449595,0.0,2.870555647521974,0.3980090022087097,0.0,0.0,0.9173812866210938,0.19679851830005646,0.0,0.0,0.9804437756538391,0.13192660989346516
-595.4357721791592,409.3078719518497,0.0,2.8725170514683223,0.4107048213481903,0.0,0.0,0.9117681384086609,0.21008603274822235,0.0,0.0,0.9776827096939087,-0.27700322865449156
-594.7499649414079,409.82025345335,0.0,2.8754005552246893,0.42319175601005554,0.0,0.0,0.9060399532318115,0.22339653968811035,0.0,0.0,0.9747274518013,0.13178097839061836
-594.0506908769053,410.3107856905856,0.0,2.8791954730997955,0.4354448914527893,0.0,0.0,0.9002151489257812,0.23670655488967896,0.0,0.0,0.971580982208252,-0.2771948911734363
-593.3381727358054,410.78022157315496,0.0,2.8838911194023606,0.4474429190158844,0.0,0.0,0.8943123817443848,0.24998851120471954,0.0,0.0,0.9682486653327942,0.13154382453695346
-592.6126256151921,411.2292916940438,0.0,2.8894768084411018,0.45916855335235596,0.0,0.0,0.8883489966392517,0.26321813464164734,0.0,0.0,0.9647361636161804,-0.27747699668044346
-591.8742586758783,411.65870680775276,0.0,2.8959418545247377,0.47060829401016235,0.0,0.0,0.8823419809341431,0.2763727307319641,0.0,0.0,0.961050271987915,0.13121730705798196
-591.1232768395824,412.06916027675726,0.0,2.903275571961989,0.4817521274089813,0.0,0.0,0.8763072490692139,0.28942611813545227,0.0,0.0,0.9571999907493591,-0.2778473864500016
-590.359882469174,412.4613304915636,0.0,2.911467277603754,0.49259305000305176,0.0,0.0,0.8702595233917236,0.30235904455184937,0.0,0.0,0.9531936645507812,0.13080358455082214
-589.5842569491429,412.83589267318075,0.0,2.9205814653895303,0.5031270384788513,0.0,0.0,0.8642122745513916,0.3151486814022064,0.0,0.0,0.9490419030189514,-0.27830769896443475
-588.7964876279117,413.1935513318809,0.0,2.930954687576421,0.5133522152900696,0.0,0.0,0.8581777811050415,0.3277749717235565,0.0,0.0,0.9447553753852844,0.1302796844403731
-587.9965476562794,413.53503956095216,0.0,2.942985019186889,0.5232698321342468,0.0,0.0,0.8521668314933777,0.34021928906440735,0.0,0.0,0.9403456449508667,-0.2789152914700139
-587.1842926547567,413.8611108176077,0.0,2.9570705352434024,0.5328836441040039,0.0,0.0,0.8461882472038269,0.3524628281593323,0.0,0.0,0.9358254075050354,0.12956829474054918
-586.3594584249034,414.17253210918693,0.0,2.9736093107684245,0.5421991348266602,0.0,0.0,0.8402498364448547,0.3644907474517822,0.0,0.0,0.9312065839767456,-0.2797505831631969
-585.521659728907,414.47007860195043,0.0,2.9929994207844226,0.5512241721153259,0.0,0.0,0.834356963634491,0.3762917220592499,0.0,0.0,0.9265007376670837,0.12858899625489273
-584.6703893870122,414.754528554474,0.0,3.0156389403138664,0.5599689483642578,0.0,0.0,0.8285134434700012,0.38785967230796814,0.0,0.0,0.9217179417610168,-0.2808939932404415
-583.8049005583863,415.02649044194294,0.0,3.041925944379217,0.568443775177002,0.0,0.0,0.8227218389511108,0.3991968333721161,0.0,0.0,0.9168647527694702,0.1272613697869457
-582.9240719838397,415.2862054428544,0.0,3.072258508002944,0.5766592621803284,0.0,0.0,0.8169845342636108,0.4103083312511444,0.0,0.0,0.9119464159011841,-0.2824259408982055
-582.0266115468062,415.5338352561652,0.0,3.1070347062075117,0.5846255421638489,0.0,0.0,0.8113030195236206,0.42119893431663513,0.0,0.0,0.9069678783416748,0.12550499614025037
-581.1110847181459,415.7694963456906,0.0,3.1466485536128945,0.5923521518707275,0.0,0.0,0.8056789636611938,0.4318740963935852,0.0,0.0,0.9019335508346558,-0.28442664026211373
-580.1760689418383,415.9932164178167,0.0,3.190962642932701,0.5998481512069702,0.0,0.0,0.8001137971878052,0.442336767911911,0.0,0.0,0.8968486785888672,0.12326691082106822
-579.2204695743479,416.20487322283833,0.0,3.238785155550835,0.6071226000785828,0.0,0.0,0.7946080565452576,0.4525904655456543,0.0,0.0,0.8917180895805359,-0.286841918677171
-578.2435711531582,416.40421744544824,0.0,3.288799954752204,0.6141836047172546,0.0,0.0,0.7891631126403809,0.46263986825942993,0.0,0.0,0.8865458369255066,0.12074091086140315
-577.2450522479404,416.5909054781007,0.0,3.339690903821708,0.6210393905639648,0.0,0.0,0.7837792634963989,0.4724876582622528,0.0,0.0,0.8813369274139404,-0.28941216863017627
-576.2249996008765,416.7645318384794,0.0,3.3901418660442593,0.6276965141296387,0.0,0.0,0.7784579396247864,0.4821370542049408,0.0,0.0,0.8760954737663269,0.11819288246632478
-575.183921432982,416.92466109086314,0.0,3.4388367047047637,0.6341617107391357,0.0,0.0,0.7732000946998596,0.49158915877342224,0.0,0.0,0.8708269596099854,-0.2918715039160603
-574.1227597514008,417.0708590365534,0.0,3.484459283088123,0.6404405832290649,0.0,0.0,0.7680073976516724,0.5008464455604553,0.0,0.0,0.8655357956886292,0.1158887118409026
-573.042901463122,417.2027228605172,0.0,3.5256934644792475,0.6465375423431396,0.0,0.0,0.7628817558288574,0.5099096298217773,0.0,0.0,0.8602275848388672,-0.2939540383297535
-571.9461858924269,417.3199100790177,0.0,3.561230210693353,0.6524562835693359,0.0,0.0,0.7578259706497192,0.5187785625457764,0.0,0.0,0.8549083471298218,0.11409392667857401
-570.8346450998305,417.42218797314894,0.0,3.590623123163339,0.6581993103027344,0.0,0.0,0.7528433799743652,0.5274535417556763,0.0,0.0,0.849583625793457,-0.2954385288585406
-569.7099805845654,417.50947647909214,0.0,3.6151031809521204,0.6637688875198364,0.0,0.0,0.7479375004768372,0.5359342098236084,0.0,0.0,0.84425950050354,0.11285756012358505
-568.5734898083733,417.5818210085081,0.0,3.636094362966972,0.6691661477088928,0.0,0.0,0.7431125044822693,0.5442205667495728,0.0,0.0,0.8389418721199036,-0.2964986895663614
-567.4260530514389,417.6393590254295,0.0,3.6550206481151792,0.674392580986023,0.0,0.0,0.7383726835250854,0.5523132085800171,0.0,0.0,0.833636462688446,0.11190168713630186
-566.2681218304729,417.68228838347255,0.0,3.6733060153040156,0.6794489622116089,0.0,0.0,0.7337225675582886,0.5602111220359802,0.0,0.0,0.8283497095108032,-0.297422192959737
-565.0997090012004,417.71083765284186,0.0,3.692374443440766,0.6843363046646118,0.0,0.0,0.7291663885116577,0.5679159164428711,0.0,0.0,0.8230865001678467,0.11093863521020336
-563.9203806285386,417.7252385693643,0.0,3.7136499114327077,0.6890556812286377,0.0,0.0,0.7247082591056824,0.575429379940033,0.0,0.0,0.8178513646125793,-0.2984967115451886
-562.7292496841693,417.7257006612276,0.0,3.7385563981871197,0.6936083436012268,0.0,0.0,0.7203521728515625,0.5827524065971375,0.0,0.0,0.8126496076583862,0.10968073183876839
-561.5249716234274,417.712388053814,0.0,3.768517882611283,0.6979962587356567,0.0,0.0,0.7161012291908264,0.5898872017860413,0.0,0.0,0.8074855804443359,-0.30000991782923725
-560.3057419019417,417.68539841966424,0.0,3.8049583436124745,0.7022217512130737,0.0,0.0,0.711958110332489,0.5968368053436279,0.0,0.0,0.8023626804351807,0.10784030451547591
-559.0692955179659,417.64474403007256,0.0,3.8493017600979753,0.7062878608703613,0.0,0.0,0.7079246640205383,0.6036027669906616,0.0,0.0,0.7972850799560547,-0.3022494843184039
-557.8129087097217,417.5903348783948,0.0,3.9029721109750697,0.710197925567627,0.0,0.0,0.7040019035339355,0.6101890802383423,0.0,0.0,0.792255699634552,0.10512968073380444
-556.5334675274923,417.52196765234214,0.0,3.9671934585411144,0.7139567732810974,0.0,0.0,0.7001895308494568,0.6165985465049744,0.0,0.0,0.7872776389122009,-0.3054929867207294
-555.2282450681148,417.4393687096217,0.0,4.0408073110994325,0.7175687551498413,0.0,0.0,0.6964873671531677,0.6228339672088623,0.0,0.0,0.782353937625885,0.10141180939247524
-553.8954220392469,417.34226269319726,0.0,4.121089791960922,0.721038818359375,0.0,0.0,0.6928943395614624,0.6288992762565613,0.0,0.0,0.7774866819381714,-0.30954765747130963
-552.5341108402924,417.2304253387444,0.0,4.2052896354503035,0.724372386932373,0.0,0.0,0.6894086003303528,0.6347965002059937,0.0,0.0,0.772679328918457,0.09715929204452664
-551.1443672737713,417.1037330334438,0.0,4.290655575892291,0.7275748252868652,0.0,0.0,0.686028003692627,0.6405283212661743,0.0,0.0,0.7679345011711121,-0.31385906860474333
-549.7271981362333,416.96220894878184,0.0,4.374436347611586,0.7306517362594604,0.0,0.0,0.6827499866485596,0.6460960507392883,0.0,0.0,0.7632559537887573,0.09292793993749152
-548.2845640326667,416.8060649355998,0.0,4.453880684932906,0.7336087226867676,0.0,0.0,0.6795717477798462,0.6515015959739685,0.0,0.0,0.7586469650268555,-0.31787140887349685
-546.8193767253151,416.63573815787,0.0,4.526237322180967,0.7364518642425537,0.0,0.0,0.676489531993866,0.6567450165748596,0.0,0.0,0.7541123628616333,0.08927356431890254
-545.3353581397618,416.4519044605668,0.0,4.589164160438131,0.7391868829727173,0.0,0.0,0.6735000014305115,0.6618275046348572,0.0,0.0,0.7496557831764221,-0.321049532017798
-543.8362340275539,416.25539001689606,0.0,4.642774270034803,0.7418203949928284,0.0,0.0,0.6705982089042664,0.6667485237121582,0.0,0.0,0.7452823519706726,0.08656598302614132
-542.325428818634,416.0471159573642,0.0,4.688092278561656,0.7443591952323914,0.0,0.0,0.6677790284156799,0.6715086698532104,0.0,0.0,0.7409964203834534,-0.3233383203272351
-540.8060567730735,415.828074640779,0.0,4.726144321551578,0.7468105554580688,0.0,0.0,0.6650365591049194,0.6761072874069214,0.0,0.0,0.7368029356002808,0.084644162673115
-539.2809153667492,415.5993075010398,0.0,4.757956534537455,0.7491821646690369,0.0,0.0,0.6623636484146118,0.6805464625358582,0.0,0.0,0.7327046394348145,-0.32494499775076424
-537.7524493679789,415.3618475160694,0.0,4.78455505305217,0.7514828443527222,0.0,0.0,0.659752368927002,0.6848329901695251,0.0,0.0,0.7286998629570007,0.08330080315216981
-536.2223363894813,415.1162093226557,0.0,4.80696601262861,0.7537204623222351,0.0,0.0,0.6571949124336243,0.6889753937721252,0.0,0.0,0.7247845530509949,-0.326076864396039
-534.6915896503504,414.86249707817365,0.0,4.82621554879966,0.7559018731117249,0.0,0.0,0.6546846032142639,0.6929818391799927,0.0,0.0,0.720954954624176,0.08232860435565212
-533.1608752609998,414.6007686142852,0.0,4.843329797098206,0.7580335736274719,0.0,0.0,0.652215301990509,0.6968605518341064,0.0,0.0,0.717206597328186,-0.326941220370713
-531.6305257584078,414.3310368816531,0.0,4.859334893057135,0.7601207494735718,0.0,0.0,0.6497815251350403,0.7006178498268127,0.0,0.0,0.7135366201400757,0.08152026617590818
-530.1005459731231,414.05326241434943,0.0,4.87525697220933,0.7621684074401855,0.0,0.0,0.6473785042762756,0.7042608857154846,0.0,0.0,0.7099412679672241,-0.32774536578244
-528.5706187222956,413.7673457984606,0.0,4.892122170087677,0.7641805410385132,0.0,0.0,0.645002007484436,0.7077957987785339,0.0,0.0,0.7064170837402344,0.08066848850528463
-527.0401103223929,413.4731201477827,0.0,4.9109566222250605,0.7661610245704651,0.0,0.0,0.6426482796669006,0.711229145526886,0.0,0.0,0.7029603123664856,-0.3286966007388735
-525.5080759231919,413.17034357854055,0.0,4.93278646415437,0.7681130766868591,0.0,0.0,0.6403139233589172,0.7145671844482422,0.0,0.0,0.6995668411254883,0.07956597123612758
-523.9732646715067,412.85869166446736,0.0,4.9586378314084865,0.7700394988059998,0.0,0.0,0.6379958987236023,0.7178145051002502,0.0,0.0,0.6962343454360962,-0.33000222534766727
-522.4341247188834,412.537749843376,0.0,4.989536859520298,0.7719429731369019,0.0,0.0,0.6356914639472961,0.720976710319519,0.0,0.0,0.6929592490196228,0.07800541426078356
-520.8888080921641,412.2070057365424,0.0,5.02650968402269,0.7738258242607117,0.0,0.0,0.6333982348442078,0.7240587472915649,0.0,0.0,0.6897382140159607,-0.331869539716475
-519.3351754493215,411.86584133281104,0.0,5.070582440448545,0.7756903767585754,0.0,0.0,0.6311134099960327,0.7270657420158386,0.0,0.0,0.6865677237510681,0.075779517471599
-517.7709161080479,411.51355128773713,0.0,5.122402860035844,0.7775386571884155,0.0,0.0,0.6288349032402039,0.73000168800354,0.0,0.0,0.6834452152252197,-0.33448673262492445
-516.1942101101791,411.14949164986524,0.0,5.18044856973908,0.7793727517127991,0.0,0.0,0.6265603303909302,0.7328723669052124,0.0,0.0,0.680366039276123,0.07284791597143558
-514.6039537593462,410.77314670935755,0.0,5.242424999300196,0.7811942100524902,0.0,0.0,0.6242878437042236,0.7356809973716736,0.0,0.0,0.6773279905319214,-0.33761685533003133
-512.9997478387837,410.38414598428193,0.0,5.306036642788966,0.7830047607421875,0.0,0.0,0.6220153570175171,0.7384315729141235,0.0,0.0,0.6743281483650208,0.06963520670432605
-511.38188572097846,409.9822815286652,0.0,5.368987994275151,0.7848058342933655,0.0,0.0,0.6197414398193359,0.7411276698112488,0.0,0.0,0.6713638305664062,-0.34079621651620234
-509.7513416802244,409.5675256452711,0.0,5.428983547828521,0.7865985035896301,0.0,0.0,0.6174646615982056,0.7437732219696045,0.0,0.0,0.6684316396713257,0.06660512824203463
-508.10966961130345,409.1400252973233,0.0,5.484028460757099,0.7883836030960083,0.0,0.0,0.6151838898658752,0.7463703751564026,0.0,0.0,0.6655305027961731,-0.3435762626237063
-506.45843836932386,408.69996849880846,0.0,5.533991125743833,0.7901617288589478,0.0,0.0,0.6128983497619629,0.7489224672317505,0.0,0.0,0.6626573204994202,0.06408176132351268
-504.79901982995636,408.24752744001313,0.0,5.579452749080258,0.7919332385063171,0.0,0.0,0.6106076240539551,0.751431941986084,0.0,0.0,0.6598102450370789,-0.34587230420635395
-503.1325916732559,407.7828541496016,0.0,5.62099597536202,0.7936983704566956,0.0,0.0,0.6083114147186279,0.7539006471633911,0.0,0.0,0.6569880247116089,0.061983618582009514
-501.4601405660715,407.30607614955534,0.0,5.659203449184775,0.7954572439193726,0.0,0.0,0.6060097217559814,0.7563309073448181,0.0,0.0,0.654188871383667,-0.34780197460144263
-499.78246528354646,406.8172920213724,0.0,5.694657815144188,0.797209620475769,0.0,0.0,0.6037025451660156,0.758724570274353,0.0,0.0,0.6514113545417786,0.0601929940386049
-498.10017974682563,406.316566906677,0.0,5.727941717835906,0.7989554405212402,0.0,0.0,0.6013901233673096,0.761082649230957,0.0,0.0,0.648654580116272,-0.34948297978789306
-496.4137159577023,405.80392796147964,0.0,5.759637801855587,0.800694465637207,0.0,0.0,0.5990727543830872,0.7634076476097107,0.0,0.0,0.645916759967804,0.05859218171437863
-494.7233268141914,405.27935977954513,0.0,5.790328711798883,0.8024263381958008,0.0,0.0,0.5967509746551514,0.76570063829422,0.0,0.0,0.6431970596313477,-0.3510330257446252
-493.0290887939384,404.7427997966642,0.0,5.820597092261458,0.8041505813598633,0.0,0.0,0.5944253206253052,0.7679628729820251,0.0,0.0,0.6404942274093628,0.05706347563041014
-491.3309044949017,404.1941336840951,0.0,5.851025587838961,0.8058669567108154,0.0,0.0,0.5920963287353516,0.7701956033706665,0.0,0.0,0.6378077268600464,-0.3525698184505597
-489.6285050249051,403.6331907360518,0.0,5.8821968431270495,0.8075749278068542,0.0,0.0,0.5897646546363831,0.7723994851112366,0.0,0.0,0.6351369619369507,0.055489169807779404
-487.9214522334141,403.05973925285355,0.0,5.9146935027213825,0.8092739582061768,0.0,0.0,0.587431013584137,0.7745764255523682,0.0,0.0,0.6324802041053772,-0.35421106388461693
-486.20914079325297,402.47348192274853,0.0,5.9490981659460465,0.8109638094902039,0.0,0.0,0.5850958824157715,0.7767266631126404,0.0,0.0,0.6298375725746155,0.05375156055400854
-484.49085234744575,401.8740695839559,0.0,5.985811190172326,0.8126439452171326,0.0,0.0,0.5827601552009583,0.7788516283035278,0.0,0.0,0.6272079944610596,-0.3560652570273583
-482.76592718150255,401.261159207206,0.0,6.02463625732714,0.8143138885498047,0.0,0.0,0.580424427986145,0.7809519171714783,0.0,0.0,0.6245909333229065,0.051790698576492655
-481.0337977816409,400.6344281469178,0.0,6.065255126358082,0.8159733414649963,0.0,0.0,0.5780894160270691,0.7830287218093872,0.0,0.0,0.6219853758811951,-0.35811671505922404
-479.293987231244,399.99357667447504,0.0,6.107349556212755,0.8176219463348389,0.0,0.0,0.5757554173469543,0.7850822806358337,0.0,0.0,0.6193913817405701,0.0496647172707011
-477.5461076843111,399.3383305212465,0.0,6.150601305838761,0.8192593455314636,0.0,0.0,0.5734230875968933,0.7871132493019104,0.0,0.0,0.6168084740638733,-0.36030114685851733
-475.7898589185915,398.66844343404307,0.0,6.194692134183699,0.8208853602409363,0.0,0.0,0.5710929036140442,0.7891228199005127,0.0,0.0,0.6142352819442749,0.04743790775833051
-474.02502697203886,397.98369974459035,0.0,6.2393038001951755,0.8224998712539673,0.0,0.0,0.5687652230262756,0.7911109328269958,0.0,0.0,0.6116724014282227,-0.36255426130354135
-472.25148286703904,397.283916953513,0.0,6.28411806282079,0.824102520942688,0.0,0.0,0.5664405226707458,0.793078601360321,0.0,0.0,0.6091189980506897,0.045174561161077265
-470.46918142758443,396.56894832830017,0.0,6.3288166810081465,0.8256934881210327,0.0,0.0,0.5641187429428101,0.7950258851051331,0.0,0.0,0.606575071811676,-0.3648117672725998
-468.67816019514134,395.8386855137181,0.0,6.37308141370484,0.8272726535797119,0.0,0.0,0.5618003606796265,0.796953022480011,0.0,0.0,0.6040406823158264,0.04293896860063817
-466.8785384494251,395.0930611521997,0.0,6.416594019858477,0.8288401365280151,0.0,0.0,0.5594852566719055,0.7988609075546265,0.0,0.0,0.6015152335166931,-0.3670093736439956
-465.0705163406175,394.33205151083075,0.0,6.459036258416664,0.8303959369659424,0.0,0.0,0.5571734309196472,0.8007494807243347,0.0,0.0,0.5989988446235657,0.04079542119870955
-463.25437225510024,393.55567829885786,0.0,6.500096639698814,0.8319403529167175,0.0,0.0,0.554864764213562,0.8026184439659119,0.0,0.0,0.5964922904968262,-0.3690831302744072
-461.43041395579104,392.76399013823396,0.0,6.539636822812289,0.8334736227989197,0.0,0.0,0.5525590181350708,0.8044677972793579,0.0,0.0,0.5939958691596985,0.03879844225358453
-459.5989273912309,391.9570410408902,0.0,6.577702165068102,0.8349961638450623,0.0,0.0,0.5502556562423706,0.8062978982925415,0.0,0.0,0.5915091037750244,-0.37100562230752904
-457.7601746139211,391.1348889638431,0.0,6.6143468873460325,0.8365083336830139,0.0,0.0,0.5479540228843689,0.8081088662147522,0.0,0.0,0.5890326499938965,0.036947698704194065
-455.91439417669784,390.29759539183533,0.0,6.649625210525865,0.8380109071731567,0.0,0.0,0.5456534028053284,0.8099005222320557,0.0,0.0,0.586566686630249,-0.37278735580145994
-454.0618053209452,389.44522491153043,0.0,6.683591355487371,0.8395043611526489,0.0,0.0,0.5433528423309326,0.811673641204834,0.0,0.0,0.5841107964515686,0.03523223683745136
-452.20274798384867,388.5778447783556,0.0,6.7162995431103365,0.8409895300865173,0.0,0.0,0.5410512685775757,0.8134287595748901,0.0,0.0,0.5816642642021179,-0.37443928446928654
-450.337728298169,387.695524477051,0.0,6.747803994274536,0.8424670696258545,0.0,0.0,0.5387477278709412,0.8151667714118958,0.0,0.0,0.579226016998291,0.03364110294026956
-448.46725155614183,386.79833527692244,0.0,6.778158929859752,0.8439375162124634,0.0,0.0,0.5364413261413574,0.8168889284133911,0.0,0.0,0.5767947435379028,-0.37597236202409545
-446.59181033986005,385.8863497827565,0.0,6.807418570745761,0.8454014658927917,0.0,0.0,0.5341311693191528,0.8185954689979553,0.0,0.0,0.574370265007019,0.03216334329956211
-444.71188442087026,384.9596414823062,0.0,6.835637137812346,0.846859335899353,0.0,0.0,0.5318166017532349,0.8202873468399048,0.0,0.0,0.5719513893127441,-0.3773975421789735
-442.8279406742993,384.01828429121133,0.0,6.862868851939284,0.8483116626739502,0.0,0.0,0.529496967792511,0.8219648003578186,0.0,0.0,0.5695381164550781,0.03078800420224198
-440.94043300811757,383.0623520961678,0.0,6.889167934006354,0.8497587442398071,0.0,0.0,0.5271714329719543,0.8236289620399475,0.0,0.0,0.5671288967132568,-0.3787257786470073
-439.049802308113,382.0919182971244,0.0,6.914588604893336,0.851201057434082,0.0,0.0,0.5248394012451172,0.8252801895141602,0.0,0.0,0.5647233724594116,0.029504131935222666
-437.15647639911936,381.10705534923363,0.0,6.939185085480012,0.8526389598846436,0.0,0.0,0.5225003361701965,0.8269191384315491,0.0,0.0,0.5623207092285156,-0.37996802514128386
-435.26087002300346,380.10783430524646,0.0,6.963011596646155,0.8540727496147156,0.0,0.0,0.5201535224914551,0.8285463452339172,0.0,0.0,0.5599203705787659,0.028300772785417427
-433.3633848338963,379.0943243589971,0.0,6.986122359271551,0.8555026054382324,0.0,0.0,0.5177984237670898,0.8301624059677124,0.0,0.0,0.5575214624404907,-0.3811352353748897
-431.46440941112115,378.06659239058536,0.0,7.008571594235978,0.8569288849830627,0.0,0.0,0.5154345035552979,0.8317674398422241,0.0,0.0,0.5551241040229797,0.02716697303973936
-429.5643192902471,377.02470251382397,0.0,7.0304135224192095,0.8583518266677856,0.0,0.0,0.5130613446235657,0.8333619832992554,0.0,0.0,0.552727460861206,-0.3822383630609116
-427.6634770126818,375.96871562648,0.0,7.051702364701033,0.8597718477249146,0.0,0.0,0.5106781125068665,0.8349467515945435,0.0,0.0,0.5503305196762085,0.026091778985101843
-425.76223219418785,374.89868896380636,0.0,7.072492341961221,0.8611891269683838,0.0,0.0,0.5082843899726868,0.8365220427513123,0.0,0.0,0.5479331016540527,-0.3832883619124362
-423.8609216126999,373.81467565581926,0.0,7.09283767507956,0.8626038432121277,0.0,0.0,0.5058797597885132,0.83808833360672,0.0,0.0,0.5455343127250671,0.025064236908418025
-421.9598693158022,372.716724288747,0.0,7.112792584935823,0.8640162944793701,0.0,0.0,0.5034634470939636,0.8396462202072144,0.0,0.0,0.5431336164474487,-0.38429618564255047
-420.0593867482171,371.60487847104224,0.0,7.1324112924097935,0.8654266595840454,0.0,0.0,0.5010352730751038,0.8411956429481506,0.0,0.0,0.5407308340072632,0.024073393096601337
-418.15977289964184,370.4791764043164,0.0,7.151748018381248,0.8668350577354431,0.0,0.0,0.4985947608947754,0.8427374362945557,0.0,0.0,0.5383246541023254,-0.3852727879643411
-416.2613144732767,369.33965045952834,0.0,7.170856983729967,0.8682413101196289,0.0,0.0,0.49614182114601135,0.844271719455719,0.0,0.0,0.5359151363372803,0.023108293836564986
-414.3642860753749,368.18632675872936,0.0,7.18979240933573,0.8696455955505371,0.0,0.0,0.49367624521255493,0.845798671245575,0.0,0.0,0.5335018038749695,-0.38622912259089476
-412.4689504261509,367.01922476263667,0.0,7.208608516078318,0.8710476160049438,0.0,0.0,0.49119827151298523,0.8473190069198608,0.0,0.0,0.5310838222503662,0.02215798541522218
-410.5755585923874,365.83835686428773,0.0,7.227359524837505,0.8724471926689148,0.0,0.0,0.4887082278728485,0.8488326668739319,0.0,0.0,0.5286610126495361,-0.3871761432352982
-408.6843502420878,364.64372798899876,0.0,7.2460996564930795,0.8738438487052917,0.0,0.0,0.48620668053627014,0.8503402471542358,0.0,0.0,0.5262326002120972,0.02121151411948613
-406.79555392153145,363.43533520082906,0.0,7.26488313192481,0.875236988067627,0.0,0.0,0.4836943745613098,0.8518419861793518,0.0,0.0,0.5237982273101807,-0.38812480361063817
-404.9093873551018,362.2131673157339,0.0,7.283764172012483,0.8766258358955383,0.0,0.0,0.4811725318431854,0.8533382415771484,0.0,0.0,0.521356999874115,0.02025792623627032
-403.0260577682768,360.97720452156636,0.0,7.302796997635877,0.8780097365379333,0.0,0.0,0.4786425232887268,0.8548294305801392,0.0,0.0,0.5189084410667419,-0.38908605743000146
-401.14576223418595,359.72741800507026,0.0,7.322035829674769,0.879387617111206,0.0,0.0,0.4761061370372772,0.8563156127929688,0.0,0.0,0.5164521932601929,0.019286268052487843
-399.2686880441683,358.463769585994,0.0,7.3415348890089405,0.8807584047317505,0.0,0.0,0.4735655188560486,0.8577972650527954,0.0,0.0,0.5139873623847961,-0.3900708584064747
-397.395013102786,357.18621135843307,0.0,7.361348396518172,0.8821206092834473,0.0,0.0,0.4710233211517334,0.8592749238014221,0.0,0.0,0.511513352394104,0.018285585855051967
-395.5249063477834,355.8946853395038,0.0,7.381530573082242,0.8834726810455322,0.0,0.0,0.46848228573799133,0.8607485294342041,0.0,0.0,0.5090295672416687,-0.39109016025314497
-393.65852819551014,354.58912312543106,0.0,7.402135639580925,0.8848130702972412,0.0,0.0,0.465945839881897,0.86221843957901,0.0,0.0,0.5065360069274902,0.01724492593087612
-391.7960310123687,353.26944555512983,0.0,7.423217816894004,0.8861398696899414,0.0,0.0,0.46341755986213684,0.8636851906776428,0.0,0.0,0.5040311217308044,-0.39215491668309854
-389.93756028984865,351.93556287036637,0.0,7.444828607037565,0.8874509334564209,0.0,0.0,0.4609018564224243,0.8651487231254578,0.0,0.0,0.5015148520469666,0.016153471883221526
-388.0832681272112,350.58738390822214,0.0,7.4669671234574615,0.8887441158294678,0.0,0.0,0.4584033191204071,0.8666084408760071,0.0,0.0,0.4989883303642273,-0.39327302357299226
-386.23326203167767,349.22484569169967,0.0,7.489585175123513,0.8900170922279358,0.0,0.0,0.4559268057346344,0.8680630922317505,0.0,0.0,0.4964534342288971,0.015011146041501722
-384.3873306541549,347.84800510692503,0.0,7.512632872283548,0.8912676572799683,0.0,0.0,0.45347729325294495,0.8695103526115417,0.0,0.0,0.49391427636146545,-0.3944370486820849
-382.54516190370293,346.45696695817946,0.0,7.536060325185411,0.8924938440322876,0.0,0.0,0.45105916261672974,0.8709484934806824,0.0,0.0,0.4913739562034607,0.013827941349488393
-380.70645213394545,345.05184810733175,0.0,7.559817644076935,0.8936939835548401,0.0,0.0,0.448676735162735,0.8723758459091187,0.0,0.0,0.4888354539871216,-0.3956369132725659
-378.87090573398893,343.6327779186133,0.0,7.583854939205954,0.8948663473129272,0.0,0.0,0.4463338553905487,0.8737908005714417,0.0,0.0,0.48630186915397644,0.012613936544992488
-377.038234674744,342.1998987048847,0.0,7.608122320820311,0.8960097432136536,0.0,0.0,0.4440341889858246,0.8751912713050842,0.0,0.0,0.4837767481803894,-0.39686253860662435
-375.2081580815437,340.7533661516168,0.0,7.632569899167837,0.8971227407455444,0.0,0.0,0.4417811930179596,0.8765762448310852,0.0,0.0,0.48126277327537537,0.01137921036582451
-373.38040183366155,339.2933497180694,0.0,7.65714778449637,0.8982043266296387,0.0,0.0,0.43957802653312683,0.8779439330101013,0.0,0.0,0.478763222694397,-0.39810384594644926
-371.55469819136835,337.8200330151296,0.0,7.681806087053746,0.8992535471916199,0.0,0.0,0.4374276399612427,0.8792933821678162,0.0,0.0,0.4762803018093109,0.010133841549795408
-369.7307854511906,336.3336141592339,0.0,7.706494917087808,0.9002694487571716,0.0,0.0,0.4353330433368683,0.8806231021881104,0.0,0.0,0.47381705045700073,-0.39935075655423014
-367.9084076300667,334.8343061017823,0.0,7.731164384846379,0.9012511968612671,0.0,0.0,0.4332968294620514,0.8819321393966675,0.0,0.0,0.4713760018348694,0.008887908834716018
-366.0873141791079,333.3223369334295,0.0,7.755764600577309,0.9021981954574585,0.0,0.0,0.43132153153419495,0.8832194209098816,0.0,0.0,0.46895965933799744,-0.40059319169215585
-364.2672597276947,331.79795016261573,0.0,7.78024567452843,0.9031097292900085,0.0,0.0,0.4294094741344452,0.8844835162162781,0.0,0.0,0.46657106280326843,0.007651490958396734
-362.44800385864926,330.2614049677007,0.0,7.804557716947572,0.9039855003356934,0.0,0.0,0.4275628626346588,0.8857235312461853,0.0,0.0,0.46421247720718384,-0.4018210726224155
-360.62931091523023,328.71297642203814,0.0,7.82865083808258,0.9048248529434204,0.0,0.0,0.4257838726043701,0.886938750743866,0.0,0.0,0.46188655495643616,0.0064346666586488355
-358.81094984069887,327.1529556913383,0.0,7.852475148181288,0.9056273102760315,0.0,0.0,0.42407453060150146,0.8881282210350037,0.0,0.0,0.45959538221359253,-0.4030243206071987
-356.9926940512098,325.58165020265477,0.0,7.875980757491528,0.9063924551010132,0.0,0.0,0.42243674397468567,0.8892908096313477,0.0,0.0,0.457341730594635,0.00524751467328316
-355.1743213427626,323.99938378433984,0.0,7.899117776261145,0.907119870185852,0.0,0.0,0.42087218165397644,0.8904260993003845,0.0,0.0,0.4551275074481964,-0.40419285690869444
-353.3556138329496,322.4064967763197,0.0,7.921836314737971,0.9078094363212585,0.0,0.0,0.4193827509880066,0.8915330767631531,0.0,0.0,0.45295530557632446,0.004100113740110101
-351.5363579382127,320.8033461100482,0.0,7.944086483169838,0.908460795879364,0.0,0.0,0.41796988248825073,0.8926112055778503,0.0,0.0,0.4508269429206848,-0.40531660278909176
-349.71634438730416,319.19030535751966,0.0,7.965818391804592,0.9090737700462341,0.0,0.0,0.41663509607315063,0.8936597108840942,0.0,0.0,0.4487450122833252,0.0030025425969406605
-347.89536827161857,317.5677647487353,0.0,7.986982150890066,0.9096402525901794,0.0,0.0,0.4153761863708496,0.8946782350540161,0.0,0.0,0.4467110335826874,-0.40638547951058035
-346.0732291330352,315.93613115704534,0.0,8.007527870674089,0.9101696014404297,0.0,0.0,0.41419899463653564,0.8956657648086548,0.0,0.0,0.44472768902778625,0.001964879981585954
-344.2497310898699,314.29582805181553,0.0,8.027405661404508,0.9106613397598267,0.0,0.0,0.4131045639514923,0.8966221809387207,0.0,0.0,0.4427964687347412,-0.407389408335349
-342.4246830015001,312.64729541790194,0.0,8.046565633329152,0.9111151695251465,0.0,0.0,0.4120940864086151,0.8975465297698975,0.0,0.0,0.44091978669166565,0.0009972046318564853
-340.5978986721758,310.99098964145287,0.0,8.064957896695864,0.9115307331085205,0.0,0.0,0.4111684560775757,0.898438572883606,0.0,0.0,0.4390992820262909,-0.408318310525587
-338.7691970944814,309.32738336159804,0.0,8.082532561752473,0.9119076728820801,0.0,0.0,0.41032877564430237,0.8992980122566223,0.0,0.0,0.43733641505241394,0.00010959528556314657
-336.9384027328557,307.65696528763675,0.0,8.099239738746821,0.9122456908226013,0.0,0.0,0.409575879573822,0.9001240134239197,0.0,0.0,0.4356336295604706,-0.4091621073434834
-335.1053458475152,305.98023998137654,0.0,8.115029537926748,0.9125444889068604,0.0,0.0,0.40891051292419434,0.9009166955947876,0.0,0.0,0.4339919984340668,-0.0006878693194836694
-333.2698628590633,304.2977276043434,0.0,8.129852069540084,0.9128037691116333,0.0,0.0,0.40833359956741333,0.9016753435134888,0.0,0.0,0.43241360783576965,-0.40991072005122764
-331.43179672582164,302.6099636037452,0.0,8.143657568651193,0.9130232930183411,0.0,0.0,0.40784579515457153,0.9023996591567993,0.0,0.0,0.43089985847473145,-0.001385116749337667
-329.59098767034556,300.91748944735,0.0,8.156439337270717,0.9132027626037598,0.0,0.0,0.40744781494140625,0.9030894041061401,0.0,0.0,0.42945218086242676,-0.41055626392090055
-327.74724974573707,299.2208302145174,0.0,8.168296587752023,0.9133419394493103,0.0,0.0,0.40714025497436523,0.903744101524353,0.0,0.0,0.4280725419521332,-0.0019839677837470426
-325.90036765487395,297.5204907840539,0.0,8.179344520178773,0.9134405255317688,0.0,0.0,0.40692371129989624,0.9043638110160828,0.0,0.0,0.42676180601119995,-0.41111424030608995
-324.05009709987144,295.81695539685217,0.0,8.189698334634635,0.9134982824325562,0.0,0.0,0.40679866075515747,0.9049479961395264,0.0,0.0,0.4255216121673584,-0.0025068877057602412
-322.19616505036595,294.11068728816934,0.0,8.199473231203266,0.9135149121284485,0.0,0.0,0.4067656397819519,0.9054964780807495,0.0,0.0,0.4243532419204712,-0.41160792195097035
-320.33826992968693,292.40212839043625,0.0,8.20878440996833,0.9134902358055115,0.0,0.0,0.4068249464035034,0.9060090780258179,0.0,0.0,0.42325782775878906,-0.002977149259551337
-318.4760817180947,290.69169910737537,0.0,8.217747071013493,0.9134239554405212,0.0,0.0,0.4069768786430359,0.9064854383468628,0.0,0.0,0.42223674058914185,-0.412060581599716
-316.60924197235045,288.9797981601215,0.0,8.226476414422418,0.9133159518241882,0.0,0.0,0.4072216749191284,0.9069252610206604,0.0,0.0,0.4212910532951355,-0.0034180251892950153
-314.73736376094865,287.2668025059638,0.0,8.235087640278763,0.9131659865379333,0.0,0.0,0.40755924582481384,0.9073286056518555,0.0,0.0,0.42042163014411926,-0.4124954919965011
-312.8600315143797,285.55306733028664,0.0,8.243695948666197,0.9129739999771118,0.0,0.0,0.407989501953125,0.9076950550079346,0.0,0.0,0.4196297228336334,-0.0038527882391654056
-310.9768007898055,283.838926112257,0.0,8.252416539668385,0.9127399325370789,0.0,0.0,0.40851202607154846,0.9080244302749634,0.0,0.0,0.41891637444496155,-0.41293592588550043
-309.0871979495194,282.1246907648039,0.0,8.261364613368983,0.9124637842178345,0.0,0.0,0.40912625193595886,0.9083125591278076,0.0,0.0,0.4182802140712738,-0.004304711153337026
-307.19071975252655,280.4106518494521,0.0,8.270655369851657,0.9121456742286682,0.0,0.0,0.4098314344882965,0.9085643291473389,0.0,0.0,0.41772523522377014,-0.41340515601088806
-305.2868328585194,278.6970788666119,0.0,8.280404009200074,0.9117858409881592,0.0,0.0,0.4106264114379883,0.9087795615196228,0.0,0.0,0.4172516465187073,-0.0047970666759843406
-303.3749732434383,276.98422062198887,0.0,8.29072573149789,0.9113845229148865,0.0,0.0,0.4115099608898163,0.908957839012146,0.0,0.0,0.4168601334095001,-0.4139264551168384
-301.45454552569,275.2723056698579,0.0,8.301735736828775,0.9109420776367188,0.0,0.0,0.4124804735183716,0.9090986847877502,0.0,0.0,0.4165516197681427,-0.005353127551281478
-299.5249222019695,273.56154283405573,0.0,8.31354922527639,0.9104589819908142,0.0,0.0,0.41353631019592285,0.9092016816139221,0.0,0.0,0.4163269102573395,-0.41452309594752607
-297.5854427914567,271.85212180767024,0.0,8.326281396924395,0.9099442362785339,0.0,0.0,0.414679616689682,0.9092665314674377,0.0,0.0,0.41618612408638,-0.005996166523402957
-295.63541288697695,270.14421383255575,0.0,8.340047451856456,0.9093894958496094,0.0,0.0,0.41590434312820435,0.909292995929718,0.0,0.0,0.41612961888313293,-0.4152183512471251
-293.67410311149763,268.43797245998115,0.0,8.354962590156237,0.9087952971458435,0.0,0.0,0.41720879077911377,0.9092802405357361,0.0,0.0,0.4161588251590729,-0.006749456336523241
-291.70074876037756,266.7335350670697,0.0,8.371138700542126,0.9081621766090393,0.0,0.0,0.4185914695262909,0.9092280864715576,0.0,0.0,0.4162735939025879,-0.41603532651913966
-289.71475870754097,265.0312031771293,0.0,8.38780220906827,0.9074902534484863,0.0,0.0,0.4200512170791626,0.909136176109314,0.0,0.0,0.41647446155548096,-0.007591047676227425
-287.71621361017037,263.33185903235,0.0,8.402105213755128,0.9067796468734741,0.0,0.0,0.42158716917037964,0.9090039730072021,0.0,0.0,0.4167618155479431,-0.41675770049322347
-285.70595337390927,261.6370145375779,0.0,8.410903172212345,0.906029999256134,0.0,0.0,0.42319902777671814,0.9088312983512878,0.0,0.0,0.4171355962753296,-0.008035389012450489
-283.685597613434,259.9487973930851,0.0,8.411051542049558,0.9052408933639526,0.0,0.0,0.424887090921402,0.9086175560951233,0.0,0.0,0.4175964891910553,-0.4167651939193453
-281.65756852866673,258.26993512885616,0.0,8.399405780876409,0.9044115543365479,0.0,0.0,0.4266517162322998,0.908362865447998,0.0,0.0,0.41814351081848145,-0.007447219256230875
-279.6251160369818,256.6037371510165,0.0,8.37282134630254,0.903540849685669,0.0,0.0,0.42849430441856384,0.9080719947814941,0.0,0.0,0.418778657913208,-0.41542254570854387
-277.5923448976765,254.95407499114899,0.0,8.328153695937585,0.9026273488998413,0.0,0.0,0.43041667342185974,0.9077409505844116,0.0,0.0,0.4194989800453186,-0.005191277318606913
-275.56424344254583,253.32536104528424,0.0,8.262258287391195,0.9016691446304321,0.0,0.0,0.43242138624191284,0.907370388507843,0.0,0.0,0.4203031063079834,-0.41209449477185744
-273.54657978753767,251.7224206443007,0.0,8.172530144031118,0.900664210319519,0.0,0.0,0.4345114827156067,0.9069605469703674,0.0,0.0,0.42118939757347107,-0.0006595529064817862
-271.54490076277636,250.14966920307378,0.0,8.060489030334228,0.8996099233627319,0.0,0.0,0.4366910457611084,0.906512439250946,0.0,0.0,0.422155499458313,-0.406435852665954
-269.5640500081609,248.61074557008527,0.0,7.9295584405610695,0.8985028862953186,0.0,0.0,0.4389648139476776,0.9060270190238953,0.0,0.0,0.42319875955581665,0.005953103142667671
-267.60814389314436,247.1085240159182,0.0,7.783172092727899,0.897339403629303,0.0,0.0,0.4413386881351471,0.9055050015449524,0.0,0.0,0.42431649565696716,-0.39904260277538983
-265.68054749005455,245.64513047279002,0.0,7.624763704850989,0.8961150050163269,0.0,0.0,0.4438198506832123,0.904947817325592,0.0,0.0,0.4255051910877228,0.01395352677281464
-263.78384865451136,244.22196057701547,0.0,7.457766994946599,0.8948243260383606,0.0,0.0,0.4464166462421417,0.9043569564819336,0.0,0.0,0.4267612099647522,-0.3906084255074913
-261.91984685240857,242.83971094404706,0.0,7.285552973198718,0.8934612274169922,0.0,0.0,0.4491387903690338,0.9037333130836487,0.0,0.0,0.4280819296836853,0.022651204638869216
-260.08964734792147,241.49848792086297,0.0,7.111020790750669,0.8920185565948486,0.0,0.0,0.4519975185394287,0.9030764698982239,0.0,0.0,0.4294673204421997,-0.38179366881819593
-258.29372055524675,240.1980059689632,0.0,6.936854774263526,0.8904882073402405,0.0,0.0,0.4550051987171173,0.9023818373680115,0.0,0.0,0.4309259057044983,0.0314474680978159
-256.53211458005256,238.93878368478659,0.0,6.765738163498228,0.8888623714447021,0.0,0.0,0.4581731855869293,0.9016441702842712,0.0,0.0,0.4324684739112854,-0.37315141574924154
-254.8042744700672,237.7213676546624,0.0,6.600354198215684,0.8871341943740845,0.0,0.0,0.46151068806648254,0.9008581638336182,0.0,0.0,0.434104323387146,0.039800193617136326
-253.10885951594796,236.5455445161707,0.0,6.443386118176798,0.8852970004081726,0.0,0.0,0.46502527594566345,0.9000192284584045,0.0,0.0,0.4358419179916382,-0.36522373493919685
-251.4437299067806,235.4103997828319,0.0,6.297517163142506,0.883344829082489,0.0,0.0,0.46872299909591675,0.8991230130195618,0.0,0.0,0.4376887083053589,0.04716731255826223
-249.80597514448002,234.314418155823,0.0,6.165287831292476,0.8812717795372009,0.0,0.0,0.4726090729236603,0.8981655240058899,0.0,0.0,0.4396509826183319,-0.358545485855862
-248.19247724067702,233.25593246641202,0.0,6.047105172559234,0.8790720105171204,0.0,0.0,0.4766882658004761,0.8971425294876099,0.0,0.0,0.4417353868484497,0.05313613370640574
-246.60035699919138,232.2334538206265,0.0,5.941735125052665,0.8767395615577698,0.0,0.0,0.480964720249176,0.8960501551628113,0.0,0.0,0.44394761323928833,-0.35322376628482316
-245.02699926029337,231.24569937422902,0.0,5.847901482245679,0.8742685317993164,0.0,0.0,0.48544207215309143,0.894884467124939,0.0,0.0,0.4462931454181671,0.057875206575445426
-243.47006556181316,230.29160515327064,0.0,5.7643280376112,0.8716527223587036,0.0,0.0,0.49012356996536255,0.893641471862793,0.0,0.0,0.44877737760543823,-0.34900288524267775
-241.927505531482,229.3703324388851,0.0,5.689738584622132,0.8688856959342957,0.0,0.0,0.4950122833251953,0.8923168778419495,0.0,0.0,0.45140570402145386,0.06164235066580237
-240.39756717789723,228.4812684000173,0.0,5.622856916751397,0.8659610748291016,0.0,0.0,0.500110924243927,0.8909066915512085,0.0,0.0,0.45418304204940796,-0.34562502322900424
-238.8788062206833,227.62402150514552,0.0,5.562406827471901,0.8628721237182617,0.0,0.0,0.5054218173027039,0.8894064426422119,0.0,0.0,0.45711421966552734,0.06469538547789816
-237.37009457656748,226.798412124775,0.0,5.507112110256557,0.8596121072769165,0.0,0.0,0.5109467506408691,0.8878118395805359,0.0,0.0,0.46020400524139404,-0.3428323607433808
-235.87061815116104,226.00445347142232,0.0,5.455732688334716,0.856174111366272,0.0,0.0,0.5166870355606079,0.8861183524131775,0.0,0.0,0.463456928730011,0.06729030577698103
-234.37973889247493,225.24226162539162,0.0,5.407553103413368,0.8525511026382446,0.0,0.0,0.5226434469223022,0.8843209743499756,0.0,0.0,0.46687746047973633,-0.34039904837361573
-232.89688934054067,224.51199416229144,0.0,5.362253724730055,0.8487359881401062,0.0,0.0,0.5288161635398865,0.882415235042572,0.0,0.0,0.4704698324203491,0.0695781531852292
-231.42157218475032,223.81384813508322,0.0,5.319524650660067,0.8447220325469971,0.0,0.0,0.5352046489715576,0.8803958892822266,0.0,0.0,0.47423800826072693,-0.338241014329677
-229.95336231754126,223.14805842950932,0.0,5.279055979578705,0.840502142906189,0.0,0.0,0.5418077111244202,0.8782579302787781,0.0,0.0,0.478185772895813,0.07162202546206564
-228.4919087350511,222.51489507104316,0.0,5.240537809861269,0.8360693454742432,0.0,0.0,0.548623263835907,0.8759962320327759,0.0,0.0,0.4823165833950043,-0.3362956522227358
-227.0369362949258,221.91465953378096,0.0,5.203660239883057,0.8314170241355896,0.0,0.0,0.5556485056877136,0.8736053109169006,0.0,0.0,0.48663389682769775,0.0734845289963188
-225.5882473401982,221.34768009625822,0.0,5.1681133680193705,0.826538622379303,0.0,0.0,0.562879741191864,0.8710798025131226,0.0,0.0,0.49114030599594116,-0.33450035566396374
-224.1457231970216,220.81430628522048,0.0,5.133587292645505,0.8214279413223267,0.0,0.0,0.5703121423721313,0.8684138655662537,0.0,0.0,0.49583888053894043,0.07522827017681705
-222.7093255530349,220.31490244584145,0.0,5.09977211213676,0.8160791397094727,0.0,0.0,0.5779399871826172,0.8656018972396851,0.0,0.0,0.5007317066192627,-0.33279251826453216
-221.27909772224987,219.8498404757108,0.0,5.066357924868437,0.8104867935180664,0.0,0.0,0.5857567191123962,0.8626382946968079,0.0,0.0,0.5058202743530273,0.07691585539238888
-219.85516580157753,219.41949176005446,0.0,5.03303482921583,0.8046461939811707,0.0,0.0,0.5937543511390686,0.8595173954963684,0.0,0.0,0.5111057162284851,-0.33110953363561263
-218.43773972345923,219.0242183470682,0.0,4.999492923554246,0.798553466796875,0.0,0.0,0.6019237041473389,0.8562334775924683,0.0,0.0,0.5165882706642151,0.07860989103186289
-217.0270958596627,218.66435894466701,0.0,4.965486830596758,0.7922054529190063,0.0,0.0,0.6102542877197266,0.8527808785438538,0.0,0.0,0.5222679972648621,-0.3293920541933153
-215.6235014524084,218.3402042217466,0.0,4.931038793473384,0.7856003046035767,0.0,0.0,0.6187341809272766,0.8491545915603638,0.0,0.0,0.528143584728241,0.08034969088657876
-214.2271947175469,218.05199374289836,0.0,4.896240428374732,0.7787373065948486,0.0,0.0,0.627349853515625,0.845349133014679,0.0,0.0,0.5342131853103638,-0.32763456100651467
-212.83838458382186,217.79991927790968,0.0,4.861183351609277,0.7716173529624939,0.0,0.0,0.6360867023468018,0.8413599729537964,0.0,0.0,0.5404741764068604,0.08212025031917744
-211.45725046162886,217.5841283204473,0.0,4.825959179485492,0.7642427682876587,0.0,0.0,0.6449283957481384,0.8371820449829102,0.0,0.0,0.5469233989715576,-0.32585556241440433
-210.08394204020064,217.40472780201299,0.0,4.790659528311851,0.7566173076629639,0.0,0.0,0.6538577079772949,0.8328110575675964,0.0,0.0,0.5535566210746765,0.08390306098451289
-208.71857911214062,217.26178798766645,0.0,4.755376014396824,0.7487463355064392,0.0,0.0,0.6628563404083252,0.8282431960105896,0.0,0.0,0.5603682398796082,-0.3240735667621303
-207.36125142420997,217.15534654050762,0.0,4.720200254048886,0.7406367659568787,0.0,0.0,0.6719053387641907,0.8234749436378479,0.0,0.0,0.5673521161079407,0.08567961453743905
-206.0120185532545,217.0854127425122,0.0,4.68522386357651,0.732296884059906,0.0,0.0,0.6809852719306946,0.8185032606124878,0.0,0.0,0.5745013356208801,-0.3223070823948385
-204.67090980615203,217.0519718600076,0.0,4.650538459288172,0.7237361073493958,0.0,0.0,0.6900766491889954,0.8133257031440735,0.0,0.0,0.5818080306053162,0.08743140263280963
-203.33792414266384,217.05498964286866,0.0,4.616235657492345,0.7149648070335388,0.0,0.0,0.6991602778434753,0.8079407215118408,0.0,0.0,0.5892630219459534,-0.32057461765767553
-202.01303012007875,217.09441694739107,0.0,4.582407074497497,0.705994188785553,0.0,0.0,0.7082176208496094,0.8023471236228943,0.0,0.0,0.596856951713562,0.08913991692547873
-200.6961658585625,217.17019447376586,0.0,4.549144326612108,0.6968355178833008,0.0,0.0,0.7172307968139648,0.7965443134307861,0.0,0.0,0.604579508304596,-0.3188946808957872
-199.38723902614447,217.28225761013027,0.0,4.516539030144645,0.6875007152557373,0.0,0.0,0.7261834144592285,0.7905327081680298,0.0,0.0,0.6124191880226135,0.09078664907030012
-198.08612684230667,217.4305413762965,0.0,4.484682801403586,0.6780012249946594,0.0,0.0,0.7350605130195618,0.7843130826950073,0.0,0.0,0.6203647255897522,-0.31728578045431965
-196.79267655158029,217.6149853904315,0.0,4.45366569975714,0.6683480739593506,0.0,0.0,0.7438485622406006,0.7778875231742859,0.0,0.0,0.6284030675888062,0.09235316935547419
-195.50672300025653,217.83553566723,0.0,4.423517489023535,0.6585509777069092,0.0,0.0,0.7525359988212585,0.771258533000946,0.0,0.0,0.6365216374397278,-0.31576314354858204
-194.22811153331736,218.09214227246304,0.0,4.394189740058195,0.6486185193061829,0.0,0.0,0.7611135244369507,0.7644293308258057,0.0,0.0,0.6447071433067322,0.09383436879816817
-192.95669974531762,218.3847581154162,0.0,4.365628811315355,0.6385575532913208,0.0,0.0,0.7695738673210144,0.7574056386947632,0.0,0.0,0.6529442667961121,-0.31432067239995376
-191.69241625658984,218.71330544796297,0.0,4.337781061249257,0.6283730864524841,0.0,0.0,0.777911901473999,0.7501961588859558,0.0,0.0,0.6612150073051453,0.09524082082170846
-190.4361583494405,219.07717905921496,0.0,4.310592848314144,0.61806720495224,0.0,0.0,0.7861250638961792,0.7428094744682312,0.0,0.0,0.6695025563240051,-0.31294753033252376
-189.1895780555988,219.47536311327826,0.0,4.284010530964251,0.6076394319534302,0.0,0.0,0.7942128777503967,0.7352535724639893,0.0,0.0,0.6777918338775635,0.09658336210200608
-187.95429916936786,219.90686210047213,0.0,4.257980467653823,0.5970869660377502,0.0,0.0,0.8021764159202576,0.7275347113609314,0.0,0.0,0.6860706210136414,-0.311632880670381
-186.73189672659777,220.37071067956572,0.0,4.232449016837097,0.5864050388336182,0.0,0.0,0.8100178837776184,0.7196579575538635,0.0,0.0,0.6943285465240479,0.09787282931497204
-185.52389978666253,220.86597055317702,0.0,4.207362536968315,0.5755866765975952,0.0,0.0,0.8177406191825867,0.7116270661354065,0.0,0.0,0.7025571465492249,-0.3103658867376142
-184.33179380495466,221.39172747340413,0.0,4.182667386501717,0.5646234154701233,0.0,0.0,0.8253484964370728,0.7034446001052856,0.0,0.0,0.7107498049736023,0.09912005913651739
-183.1570226117878,221.94708837273507,0.0,4.158309923891542,0.5535053610801697,0.0,0.0,0.8328454494476318,0.6951121687889099,0.0,0.0,0.7189009785652161,-0.30913571185831246
-182.0009895326114,222.53117886624833,0.0,4.1342382346592395,0.5422213673591614,0.0,0.0,0.8402355909347534,0.686630129814148,0.0,0.0,0.7270066142082214,0.10033580101693673
-180.8650439596072,223.14314885330316,0.0,4.1104539185564954,0.530759871006012,0.0,0.0,0.8475221395492554,0.6779977083206177,0.0,0.0,0.7350636720657349,-0.30793448377231525
-179.75046637248983,223.7821820510139,0.0,4.087021100081753,0.5191090703010559,0.0,0.0,0.8547078371047974,0.6692136526107788,0.0,0.0,0.7430696487426758,0.10151927669747926
-178.6584706210477,224.44749840034817,0.0,4.064007446595092,0.5072577595710754,0.0,0.0,0.8617941737174988,0.6602754592895508,0.0,0.0,0.7510231733322144,-0.3067721780406657
-177.59020753556553,225.13835590168995,0.0,4.041480625456585,0.4951953887939453,0.0,0.0,0.8687814474105835,0.6511797904968262,0.0,0.0,0.7589231729507446,0.10265699493679778
-176.5467688465045,225.85405234389512,0.0,4.019508304026312,0.4829128384590149,0.0,0.0,0.8756682276725769,0.6419221758842468,0.0,0.0,0.7667695879936218,-0.30566246483711657
-175.5291914014919,226.59392693161956,0.0,3.9981581496643486,0.47040292620658875,0.0,0.0,0.8824515342712402,0.6324977874755859,0.0,0.0,0.7745619416236877,0.10373528556113937
-174.53846166890526,227.35736181576598,0.0,3.977497829730773,0.4576607048511505,0.0,0.0,0.889126718044281,0.6229007244110107,0.0,0.0,0.7823007702827454,-0.3046190143354208
-173.57552051868404,228.143783531941,0.0,3.9575950115856595,0.4446839392185211,0.0,0.0,0.8956874012947083,0.6131245493888855,0.0,0.0,0.7899861931800842,0.10474047839675119
-172.64126827245792,228.9526643518323,0.0,3.9385173625890864,0.4314737617969513,0.0,0.0,0.9021254181861877,0.6031619310379028,0.0,0.0,0.7976186871528625,-0.30365549670933134
-171.73657001664859,229.78352355241776,0.0,3.92033255010113,0.41803500056266785,0.0,0.0,0.9084309935569763,0.5930050611495972,0.0,0.0,0.8051986694335938,0.10565890326988031
-170.86226117387326,230.63592860789174,0.0,3.9031082414818665,0.4043760895729065,0.0,0.0,0.9145928621292114,0.5826454162597656,0.0,0.0,0.8127262592315674,-0.3027855821326009
-170.01915332975523,231.50949630914988,0.0,3.886912104091375,0.39051005244255066,0.0,0.0,0.9205986857414246,0.5720741748809814,0.0,0.0,0.8202017545700073,0.10647689000677385
-169.2080403141276,232.40389381561005,0.0,3.8718118052897292,0.3764541447162628,0.0,0.0,0.9264352321624756,0.5612820386886597,0.0,0.0,0.8276244401931763,-0.3020229407789824
-168.42970453762678,233.3188396440263,0.0,3.8578750123259233,0.36223018169403076,0.0,0.0,0.9320887327194214,0.5502591729164124,0.0,0.0,0.8349936604499817,0.10718076843928931
-167.6849256483264,234.25410192079863,0.0,3.8451585162036004,0.3478645384311676,0.0,0.0,0.9375448226928711,0.5389955639839172,0.0,0.0,0.8423083424568176,-0.3013806935000772
-166.97449429450668,235.20948867091087,0.0,3.8336784016965955,0.33338800072669983,0.0,0.0,0.9427896738052368,0.5274814367294312,0.0,0.0,0.8495664000511169,0.10776057220226934
-166.2992185743454,236.18484468941074,0.0,3.823441232240205,0.3188357651233673,0.0,0.0,0.9478099942207336,0.5157086849212646,0.0,0.0,0.8567638993263245,-0.3008636647396534
-165.65992844304762,237.1800506138096,0.0,3.8144535712697225,0.304246723651886,0.0,0.0,0.952593207359314,0.5036811232566833,0.0,0.0,0.8638895750045776,0.10821449447350581
-165.05720093444012,238.19489574611114,0.0,3.8067219822204397,0.2896627187728882,0.0,0.0,0.9571287631988525,0.4914214313030243,0.0,0.0,0.8709218502044678,-0.3004731804442351
-164.49042429207566,239.22865187554274,0.0,3.800253028527654,0.2751220166683197,0.0,0.0,0.961409330368042,0.4789564609527588,0.0,0.0,0.8778386116027832,0.10854120930647479
-163.95870004981413,240.28047845892146,0.0,3.7950532736266585,0.2606585919857025,0.0,0.0,0.9654310941696167,0.466312438249588,0.0,0.0,0.8846200108528137,-0.3002105665603464
-163.46117945691682,241.34957195636525,0.0,3.791129280952749,0.24630194902420044,0.0,0.0,0.969193160533905,0.45351576805114746,0.0,0.0,0.8912481069564819,0.10873939075465203
-162.99706179141228,242.43516223835647,0.0,3.7884876139412156,0.23207741975784302,0.0,0.0,0.9726973176002502,0.4405914545059204,0.0,0.0,0.8977075219154358,-0.3000771490345114
-162.56559269897951,243.53650900359946,0.0,3.787134836027356,0.21800653636455536,0.0,0.0,0.9759472608566284,0.4275633990764618,0.0,0.0,0.9039852619171143,0.10880771287151361
-162.1660625628462,244.65289820360408,0.0,3.787077510646464,0.20410698652267456,0.0,0.0,0.9789484739303589,0.4144543707370758,0.0,0.0,0.91007000207901,-0.3000742538132542
-161.79780490101257,245.7836384656584,0.0,3.788322201233834,0.1903933584690094,0.0,0.0,0.9817078113555908,0.4012864828109741,0.0,0.0,0.9159525632858276,0.10874484971053533
-161.46019478702982,246.92805750568607,0.0,3.790875471224759,0.1768767535686493,0.0,0.0,0.9842329025268555,0.3880794644355774,0.0,0.0,0.9216258525848389,-0.30020320684309887
-161.152647290477,248.0854985223046,0.0,3.794743884054535,0.1635655164718628,0.0,0.0,0.9865323305130005,0.37485313415527344,0.0,0.0,0.9270840883255005,0.10854947532519307
-160.87461593318451,249.25531656321343,0.0,3.7999340031584543,0.15046533942222595,0.0,0.0,0.9886151552200317,0.3616255521774292,0.0,0.0,0.9323232769966125,-0.3004653340705695
-160.62559115715374,250.4368748548295,0.0,3.8064523919718143,0.1375793069601059,0.0,0.0,0.9904905557632446,0.3484133183956146,0.0,0.0,0.9373409748077393,0.10822026376896274
-160.40509880001184,251.62954108587573,0.0,3.8143056139299065,0.12490812689065933,0.0,0.0,0.9921681880950928,0.3352316617965698,0.0,0.0,0.9421356916427612,-0.30086196144219035
-160.212698573728,252.83268363538392,0.0,3.823500232468025,-0.1124560534954071,0.0,0.0,-0.993656575679779,0.32209348678588867,0.0,0.0,0.9467079043388367,0.10775588909532041
-160.04798254219307,254.0456677353308,0.0,3.834042811021466,-0.1002088263630867,0.0,0.0,-0.9949662685394287,0.30901241302490234,0.0,0.0,0.9510580897331238,-0.3013944149044854
-159.91057359313132,255.26785155785936,0.0,3.8459399130255227,-0.08816791325807571,0.0,0.0,-0.996105432510376,0.2959985136985779,0.0,0.0,0.9551884531974792,0.10715502535774182
-159.8001238996786,256.49858221675015,0.0,3.8591981019154895,-0.07632745802402496,0.0,0.0,-0.9970826506614685,0.2830621302127838,0.0,0.0,0.959101676940918,-0.3020640204039786
-159.71631336680767,257.7371916725125,0.0,3.8738239411266604,-0.06468099355697632,0.0,0.0,-0.9979057908058167,0.27021127939224243,0.0,0.0,0.9628010392189026,0.10641634660970287
-159.65884805762934,258.9829925301498,0.0,3.8898239940943307,-0.05322127789258957,0.0,0.0,-0.9985824823379517,0.2574531137943268,0.0,0.0,0.9662907123565674,-0.3028721038871943
-159.62745859442987,260.2352737183121,0.0,3.907204824253794,-0.04194090887904167,0.0,0.0,-0.9991199374198914,-0.24479445815086365,0.0,0.0,-0.9695748686790466,0.10553852690467949
-159.6218985291303,261.49329603820723,0.0,3.9259729950403424,-0.030832398682832718,0.0,0.0,-0.9995244741439819,-0.23223848640918732,0.0,0.0,-0.9726587533950806,-0.3038199913006564
-159.64194267767124,262.7562875702572,0.0,3.9461350698892765,-0.01988876424729824,0.0,0.0,-0.9998021125793457,-0.21978949010372162,0.0,0.0,-0.9755471348762512,0.10452024029614751
-159.687385412629,264.0234389261025,0.0,3.9676976122358827,-0.00910355243831873,0.0,0.0,-0.9999584555625916,-0.20744948089122772,0.0,0.0,-0.9782454967498779,-0.30490900859088904
-159.75803890816655,265.2938983331477,0.0,3.99066718551546,0.001528310589492321,0.0,0.0,-0.9999986886978149,-0.19521982967853546,0.0,0.0,-0.98075932264328,0.10336016083758298
-159.85373133120964,266.56676653840094,0.0,4.015050353163302,0.012010825797915459,0.0,0.0,-0.9999276995658875,-0.1831003874540329,0.0,0.0,-0.9830940365791321,-0.3061404817044164
-159.97430497250758,267.8410915179142,0.0,4.040853678614702,0.02234587073326111,0.0,0.0,-0.9997501969337463,-0.17108963429927826,0.0,0.0,-0.9852553009986877,0.10205696258246177
-160.1196142437307,269.115862433624,0.0,4.068081982995082,0.03253341093659401,0.0,0.0,-0.9994705319404602,-0.15918587148189545,0.0,0.0,-0.987248420715332,-0.3075156485923144
-160.28952163681592,270.3899900779848,0.0,4.096695354433118,0.04257088899612427,0.0,0.0,-0.9990932941436768,-0.14738503098487854,0.0,0.0,-0.9890790581703186,0.100611842812864
-160.48389197561323,271.66228701680797,0.0,4.126606395060684,0.05245276540517807,0.0,0.0,-0.9986233115196228,-0.13568280637264252,0.0,0.0,-0.9907522201538086,-0.30902630720986823
-160.70258762172404,272.9314623769005,0.0,4.15772541348403,0.062170468270778656,0.0,0.0,-0.9980654716491699,-0.12407483905553818,0.0,0.0,-0.9922727942466736,0.0990401752157253
-160.9454638398471,274.19616880811327,0.0,4.189962718309411,0.07171189785003662,0.0,0.0,-0.9974253177642822,-0.11256091296672821,0.0,0.0,-0.9936447143554688,-0.3106544539182208
-161.2123642623877,275.45604068040893,0.0,4.2232286181430805,0.08106277883052826,0.0,0.0,-0.996708869934082,-0.10114379972219467,0.0,0.0,-0.9948716759681702,0.09736007926452983
-161.50311645632408,276.71170341321766,0.0,4.257433421591282,0.0902077853679657,0.0,0.0,-0.9959228038787842,-0.08982817828655243,0.0,0.0,-0.9959571361541748,-0.3123819692438875
-161.81752759690346,277.96381715091974,0.0,4.292487437260274,0.09913071244955063,0.0,0.0,-0.9950742125511169,-0.0786195620894432,0.0,0.0,-0.9969044923782349,0.09558967443276259
-162.15538025425124,279.21304004183315,0.0,4.328300973756306,0.10781493782997131,0.0,0.0,-0.9941707849502563,-0.06752460449934006,0.0,0.0,-0.9977174401283264,-0.31419073371338413
-162.51642830040896,280.4600316113212,0.0,4.364784339685629,0.11624357849359512,0.0,0.0,-0.9932205677032471,-0.05655129626393318,0.0,0.0,-0.998399555683136,0.09374708019390793
-162.90039294567543,281.70545599275175,0.0,4.401847843654499,0.1244000568985939,0.0,0.0,-0.9922320246696472,-0.04570789262652397,0.0,0.0,-0.9989547729492188,-0.31606262785322603
-163.3069589144055,282.94998500562684,0.0,4.439401794269163,0.13226813077926636,0.0,0.0,-0.9912139177322388,-0.035004131495952606,0.0,0.0,-0.9993870258331299,0.09185041602145017
-163.7357707716125,284.19430106913455,0.0,4.477356500135872,0.13983272016048431,0.0,0.0,-0.9901751279830933,-0.02445034310221672,0.0,0.0,-0.9997008442878723,-0.3179795321899285
-164.18642941283179,285.4390999384034,0.0,4.515622269860881,0.1470794826745987,0.0,0.0,-0.9891245365142822,-0.014058076776564121,0.0,0.0,-0.9999009370803833,0.08991780138887395
-164.65848873071496,286.68509324984996,0.0,4.554109412050441,0.1539960503578186,0.0,0.0,-0.9880712628364563,-0.0038392050191760063,0.0,0.0,-0.9999924898147583,-0.3199233272500074
-165.15145247275018,287.9330108612264,0.0,4.592728235310808,0.16057145595550537,0.0,0.0,-0.9870239496231079,0.006194206885993481,0.0,0.0,-0.9999806880950928,0.08796735576966355
-165.6647713053184,289.18360297126685,0.0,4.6313890482482245,0.1667967140674591,0.0,0.0,-0.9859910011291504,0.016029492020606995,0.0,0.0,-0.9998714327812195,-0.3218758935599779
-166.19784010001408,290.43764200324944,0.0,4.6700021594689485,0.17266477644443512,0.0,0.0,-0.9849802851676941,0.025653470307588577,0.0,0.0,-0.9996708035469055,0.08601719863730378
-166.7499954587659,291.6959242363054,0.0,4.708477877579226,0.17817072570323944,0.0,0.0,-0.9839992523193359,0.03505227342247963,0.0,0.0,-0.9993853569030762,-0.3238191116463556
-167.3205134947772,292.9592711679236,0.0,4.746726511185315,0.18331192433834076,0.0,0.0,-0.983054518699646,0.04421258717775345,0.0,0.0,-0.9990219473838806,0.08408544946527907
-167.90860788668428,294.2285305908535,0.0,4.784658368893473,0.18808792531490326,0.0,0.0,-0.9821520447731018,0.053120605647563934,0.0,0.0,-0.9985879063606262,-0.3257348620356565
-168.5134282235742,295.5045773674702,0.0,4.822183759309937,0.19250079989433289,0.0,0.0,-0.9812966585159302,0.061763059347867966,0.0,0.0,-0.9980907440185547,0.08219022772707385
-169.1340586586184,296.7883138846484,0.0,4.859212991040964,0.1965547502040863,0.0,0.0,-0.9804927110671997,0.07012614607810974,0.0,0.0,-0.9975380301475525,-0.3276050252543953
-169.7695168890671,298.0806701723288,0.0,4.89565637269281,0.20025651156902313,0.0,0.0,-0.9797433614730835,0.07819706201553345,0.0,0.0,-0.9969378113746643,0.0803496528961726
-170.41875348019218,299.3826036692003,0.0,4.9314242128717245,0.20361517369747162,0.0,0.0,-0.979050874710083,0.08596280962228775,0.0,0.0,-0.9962981343269348,-0.32941148182908797
-171.0806556094551,300.69510663052733,0.0,4.966457109772896,0.20664219558238983,0.0,0.0,-0.9784164428710938,0.09340988099575043,0.0,0.0,-0.9956274628639221,0.07858031466884069
-171.75406967500345,302.0192490469595,0.0,5.0008609117684735,0.20935137569904327,0.0,0.0,-0.9778403043746948,0.1005268469452858,0.0,0.0,-0.9949341416358948,-0.33114904758644037
-172.43781032002994,303.35619311306374,0.0,5.034797543322673,0.21175871789455414,0.0,0.0,-0.9773217439651489,0.10730688273906708,0.0,0.0,-0.9942256808280945,0.07686634337822457
-173.1306879561286,304.7071539479557,0.0,5.068428974502649,0.21388234198093414,0.0,0.0,-0.9768591523170471,0.11375435441732407,0.0,0.0,-0.9935086369514465,-0.3328476047167422
-173.83196069347557,306.0727212325265,0.0,5.101917175375556,0.21574032306671143,0.0,0.0,-0.9764506220817566,0.11988125741481781,0.0,0.0,-0.9927878975868225,0.0751750201018151
-174.54129342395868,307.4529223755354,0.0,5.135424116008548,0.21734867990016937,0.0,0.0,-0.9760938882827759,0.1256990134716034,0.0,0.0,-0.9920681715011597,-0.3345398744456812
-175.2583717073901,308.8478049568127,0.0,5.169111766468772,0.21871958673000336,0.0,0.0,-0.9757784605026245,0.13121792674064636,0.0,0.0,-0.9913532733917236,0.07347362361392501
-175.98288853900746,310.25745761451253,0.0,5.203142096823384,0.21986845135688782,0.0,0.0,-0.9755147099494934,0.1364482194185257,0.0,0.0,-0.9906468987464905,-0.3362585779989444
-176.7145442772165,311.6820107962738,0.0,5.237677077139534,0.22080618143081665,0.0,0.0,-0.9753000736236572,0.141399547457695,0.0,0.0,-0.9899523258209229,0.07172943268886695
-177.453046369994,313.1216374699334,0.0,5.272878677484377,0.2215423583984375,0.0,0.0,-0.9751322269439697,0.1460808515548706,0.0,0.0,-0.9892723560333252,-0.3380364366022193
-178.19810887068806,314.57655379175225,0.0,5.30890886792507,0.2220853567123413,0.0,0.0,-0.9750090837478638,0.15050135552883148,0.0,0.0,-0.9886094927787781,0.06990972610095314
-178.9494517334852,316.0470197301384,0.0,5.345929618528757,0.22244258224964142,0.0,0.0,-0.9749288558959961,0.15466837584972382,0.0,0.0,-0.9879661798477173,-0.3399061714811934
-179.70679987820296,317.5333396428554,0.0,5.38410289936259,0.22262032330036163,0.0,0.0,-0.9748897552490234,0.15858983993530273,0.0,0.0,-0.9873442649841309,0.06798178262449694
-180.4698820133093,319.0358628056558,0.0,5.423590680493731,0.2226242572069168,0.0,0.0,-0.9748903512954712,0.1622726321220398,0.0,0.0,-0.9867455959320068,-0.341900503861554
-181.2384292051559,320.55498389019095,0.0,5.464554931989326,0.2224590927362442,0.0,0.0,-0.9749292731285095,0.16572372615337372,0.0,0.0,-0.9861719012260437,0.06591288103381027
-182.01217318034307,322.0911433889197,0.0,5.507157623916534,0.22212892770767212,0.0,0.0,-0.9750052690505981,0.16894908249378204,0.0,0.0,-0.9856244921684265,-0.3440521549689888
-182.79084434689486,323.64482798456186,0.0,5.5515607263424975,0.22163702547550201,0.0,0.0,-0.9751172065734863,0.17195405066013336,0.0,0.0,-0.9851047396659851,0.06367030010320607
-183.57416951851346,325.2165708614106,0.0,5.597926209334373,0.22098614275455475,0.0,0.0,-0.9752640128135681,0.17474447190761566,0.0,0.0,-0.9846135973930359,-0.3463938460291845
-184.36186932459344,326.8069519555548,0.0,5.646416042959316,0.22017832100391388,0.0,0.0,-0.9754447937011719,0.17732496559619904,0.0,0.0,-0.9841521382331848,0.06122131860699681
-185.15365528689546,328.4165981407221,0.0,5.697192197284476,0.21921493113040924,0.0,0.0,-0.9756587147712708,0.17970004677772522,0.0,0.0,-0.9837211966514587,-0.3489582982678289
-185.94922654180687,330.04618334608745,0.0,5.750416642377015,0.21809697151184082,0.0,0.0,-0.9759049415588379,0.18187293410301208,0.0,0.0,-0.9833217859268188,0.05853321531949485
-186.7482651834469,331.6964265245458,0.0,5.80624404968787,0.2168269008398056,0.0,0.0,-0.9761919975280762,0.183848038315773,0.0,0.0,-0.9829545617103577,-0.35177786429362967
-187.55036372251797,333.36794813211014,0.0,5.864326482579537,0.21540237963199615,0.0,0.0,-0.9765107035636902,0.18562763929367065,0.0,0.0,-0.982620120048523,0.05559975911284498
-188.354912399063,335.06103369366826,0.0,5.923497295290364,0.21382279694080353,0.0,0.0,-0.9768605828285217,0.18721474707126617,0.0,0.0,-0.9823189973831177,-0.3547662891780149
-189.16109221513997,336.7756070485568,0.0,5.982514566232301,0.21208693087100983,0.0,0.0,-0.9772412180900574,0.18861180543899536,0.0,0.0,-0.9820517301559448,0.05261908886325223
-189.96788047332063,338.51122527207644,0.0,6.040136373817303,0.21019312739372253,0.0,0.0,-0.9776520729064941,0.18982094526290894,0.0,0.0,-0.9818186163902283,-0.3576764814802877
-190.77405851467142,340.2670740107047,0.0,6.095120796457307,0.20813941955566406,0.0,0.0,-0.9780929088592529,0.19084332883358002,0.0,0.0,-0.9816203713417053,0.04984209782082771
-191.57822177737333,342.04196327535016,0.0,6.146225912564269,0.20592349767684937,0.0,0.0,-0.9785630106925964,0.1916806548833847,0.0,0.0,-0.9814571738243103,-0.3602575479503362
-192.37879227620596,343.8343237408774,0.0,6.1922098005501365,0.2035427838563919,0.0,0.0,-0.9790619015693665,0.19233350455760956,0.0,0.0,-0.9813251495361328,0.04751967923568284
-193.17403357280125,345.64220360143776,0.0,6.2318305388268636,0.20099462568759918,0.0,0.0,-0.9795889258384705,0.19280430674552917,0.0,0.0,-0.9812307357788086,-0.36225859533804966
-193.9621103796244,347.4633641846486,0.0,6.264183476679842,0.19827616214752197,0.0,0.0,-0.9801434874534607,0.19309358298778534,0.0,0.0,-0.9811733365058899,0.045885692475431394
-194.74131506644486,349.2957771000061,0.0,6.290071990909966,0.19538456201553345,0.0,0.0,-0.9807244539260864,0.1932021677494049,0.0,0.0,-0.9811521768569946,-0.3635660960567428
-195.51013317415027,351.1377860998388,0.0,6.31083886948772,0.19231688976287842,0.0,0.0,-0.9813309907913208,0.19313067197799683,0.0,0.0,-0.9811665415763855,0.04483686022402966
-196.26723632856158,352.98811252427015,0.0,6.327827107676156,0.18907000124454498,0.0,0.0,-0.9819620847702026,0.19287946820259094,0.0,0.0,-0.9812156558036804,-0.3644240878844416
-197.0114726504705,354.84586011470924,0.0,6.342379700738325,0.1856406331062317,0.0,0.0,-0.9826164245605469,0.1924484223127365,0.0,0.0,-0.9812987446784973,0.044101880776445335
-197.7418546774042,356.7105192210321,0.0,6.355839643937277,0.18202538788318634,0.0,0.0,-0.9832927584648132,0.19183771312236786,0.0,0.0,-0.9814149737358093,-0.36510388299549973
-198.45754385827922,358.58196792296985,0.0,6.369541579894133,0.17822051048278809,0.0,0.0,-0.9839897155761719,0.19104847311973572,0.0,0.0,-0.9815700054168701,0.04340986380892742
-199.15777674372265,360.4603204695969,0.0,6.384295443931568,0.17422208189964294,0.0,0.0,-0.9847057461738586,0.19007906317710876,0.0,0.0,-0.981759250164032,-0.3658490276438551
-199.84176579157585,362.345684812205,0.0,6.400084037517407,0.17002570629119873,0.0,0.0,-0.9854390621185303,0.1889287829399109,0.0,0.0,-0.9819821715354919,0.04261246009247094
-200.50869075626255,364.23814073534163,0.0,6.416817368586094,0.16562694311141968,0.0,0.0,-0.9861878752708435,0.18759644031524658,0.0,0.0,-0.9822384715080261,-0.3666941453745969
-201.15769868457522,366.1377393669719,0.0,6.434405445072078,0.16102120280265808,0.0,0.0,-0.9869503974914551,0.18608123064041138,0.0,0.0,-0.9825273752212524,0.04172417340125961
-201.7879040658569,368.0445027287063,0.0,6.452758274909812,0.1562034636735916,0.0,0.0,-0.9877244830131531,0.184381365776062,0.0,0.0,-0.9828485250473022,-0.36762105597246225
-202.39838913987194,369.9584233265179,0.0,6.471785866033739,0.1511685997247696,0.0,0.0,-0.9885077476501465,0.1824949085712433,0.0,0.0,-0.9832011461257935,0.04076318395055628
-202.98820436592163,371.87946378250496,0.0,6.491398226378313,0.14591123163700104,0.0,0.0,-0.9892974495887756,0.18041953444480896,0.0,0.0,-0.9835845232009888,-0.36861157922218823
-203.5563690569793,373.807556508355,0.0,6.511505363877975,0.14042603969573975,0.0,0.0,-0.9900909662246704,0.17815355956554413,0.0,0.0,-0.9839979410171509,0.03974767195562384
-204.10187218279245,375.7426034212728,0.0,6.532017286467182,0.13470755517482758,0.0,0.0,-0.9908851981163025,0.17569375038146973,0.0,0.0,-0.9844405055046082,-0.3696475349085118
-204.62367334602862,377.68447570322417,0.0,6.552844002080385,0.12875017523765564,0.0,0.0,-0.9916768074035645,0.17303796112537384,0.0,0.0,-0.9849112033843994,0.038695817631724694
-205.12070393561908,379.63301360440386,0.0,6.573895518652024,0.12254856526851654,0.0,0.0,-0.9924622774124146,0.17018301784992218,0.0,0.0,-0.9854088425636292,-0.37071074281617034
-205.59186846149498,381.58802629192064,0.0,6.595081844116552,0.11609763652086258,0.0,0.0,-0.9932375550270081,0.16712531447410583,0.0,0.0,-0.9859324097633362,0.03762580119412223
-206.03604607489163,383.5492917447148,0.0,6.6163129864084205,0.10939303040504456,0.0,0.0,-0.9939983487129211,0.16386185586452484,0.0,0.0,-0.9864804744720459,-0.371783022729901
-206.45209227834113,385.51655669578196,0.0,6.637498953462071,0.10243138670921326,0.0,0.0,-0.9947397708892822,0.16038917005062103,0.0,0.0,-0.9870513677597046,0.036555802858079245
-206.8388408293593,387.48953662277273,0.0,6.658549753211967,0.09521055966615677,0.0,0.0,-0.995456874370575,0.156703382730484,0.0,0.0,-0.9876434803009033,-0.37284619443444117
-207.19510584423875,389.4679158029726,0.0,6.679375443936371,0.08772999048233032,0.0,0.0,-0.9961440563201904,0.15280072391033173,0.0,0.0,-0.988254964351654,0.03550400029624068
-207.51968533348037,391.45135535335265,0.0,6.699912944687834,0.07999090105295181,0.0,0.0,-0.9967953562736511,0.1486772894859314,0.0,0.0,-0.9888838529586792,-0.37388344194714135
-207.8113659201905,393.43951434727563,0.0,6.720170191175953,-0.07200644165277481,0.0,0.0,0.9974039793014526,0.1443294882774353,0.0,0.0,-0.9895280003547668,0.034480907039264985
-208.0689233481605,395.4320533064827,0.0,6.7401667207452585,-0.06376062333583832,0.0,0.0,0.9979650378227234,0.13975293934345245,0.0,0.0,-0.9901849031448364,-0.3748933676829649
-208.2911222510048,397.42863424556845,0.0,6.759922070740279,-0.05527254939079285,0.0,0.0,0.9984710812568665,0.1349436491727829,0.0,0.0,-0.990851879119873,0.0334831620900215
-208.47671588243236,399.42892070687765,0.0,6.779455778505541,-0.04655247926712036,0.0,0.0,0.9989156723022461,0.1298980414867401,0.0,0.0,-0.9915260672569275,-0.37587991858020037
-208.6244458069101,401.43257778560036,0.0,6.798787381385572,-0.03761332854628563,0.0,0.0,0.9992921352386475,0.12461172789335251,0.0,0.0,-0.9922043681144714,0.03250681851022197
-208.73304154998357,403.4392721448247,0.0,6.8179364167248995,-0.028471024706959724,0.0,0.0,0.9995943903923035,0.11908132582902908,0.0,0.0,-0.9928833842277527,-0.37684704157713605
-208.80122020753095,405.44867202033055,0.0,6.836922421868057,-0.019144214689731598,0.0,0.0,0.9998165369033813,0.11330350488424301,0.0,0.0,-0.9935594201087952,0.03154792936157763
-208.82768601322812,407.4604472148966,0.0,6.855764934159576,-0.009654424153268337,0.0,0.0,0.9999532103538513,-0.10727434605360031,0.0,0.0,0.9942285418510437,-0.37779868361206126
-208.8111298635071,409.47426908190783,0.0,6.8744834909439785,-2.5966204702854156e-05,0.0,0.0,0.9999998211860657,-0.10099093616008759,0.0,0.0,0.994886577129364,0.030602547705799732
-208.7502287992911,411.4898104980417,0.0,6.893097629565792,0.009714074432849884,0.0,0.0,0.9999526739120483,-0.09445104748010635,0.0,0.0,0.9955289363861084,-0.37873879162326396
-208.6436454437862,413.50674582482554,0.0,6.91162688736955,0.019535742700099945,0.0,0.0,0.9998089075088501,-0.08765219897031784,0.0,0.0,0.996150553226471,0.029666726604599847
-208.49002739560734,415.5247508588466,0.0,6.93009080169978,0.0294068343937397,0.0,0.0,0.9995673298835754,-0.08059687167406082,0.0,0.0,0.9967462420463562,-0.3796713125490332
-208.28803201785476,417.5435068819442,0.0,6.948508755155377,0.039292819797992706,0.0,0.0,0.9992275238037109,-0.07330009341239929,0.0,0.0,0.9973094463348389,0.028736526935125295
-208.03721481411807,419.5628434474798,0.0,6.96689195263251,0.04915929585695267,0.0,0.0,0.9987907409667969,-0.06578666716814041,0.0,0.0,0.997833251953125,-0.3805997568660601
-207.73827803087556,421.5827754430713,0.0,6.985239522194111,0.058974843472242355,0.0,0.0,0.9982591867446899,-0.05808115750551224,0.0,0.0,0.9983115196228027,0.02780988200777168
-207.39201381673115,423.60333009984527,0.0,7.003549619980436,0.06871087849140167,0.0,0.0,0.9976364374160767,-0.05020793527364731,0.0,0.0,0.9987384676933289,-0.38152450927951087
-206.99923276246832,425.6245353054325,0.0,7.021820402131742,0.07834141701459885,0.0,0.0,0.996926486492157,-0.04219061881303787,0.0,0.0,0.9991093277931213,0.02688711523245324
-206.56076402234763,427.64641961424525,0.0,7.0400500247882905,0.08784320205450058,0.0,0.0,0.9961341619491577,-0.03405209258198738,0.0,0.0,0.9994198083877563,-0.3824451972924679
-206.07745543048554,429.6690122574545,0.0,7.058236644090331,0.09719549864530563,0.0,0.0,0.9952651858329773,-0.02581455186009407,0.0,0.0,0.9996665120124817,0.025968599106087564
-205.55017361222824,431.6923431526589,0.0,7.076378416178122,0.10637987405061722,0.0,0.0,0.9943253993988037,-0.017499355599284172,0.0,0.0,0.9998466372489929,-0.38336144840801295
-204.97980409042847,433.7164429132409,0.0,7.09447349719192,0.11537999659776688,0.0,0.0,0.9933212995529175,-0.009127061814069748,0.0,0.0,0.9999581575393677,0.02505470612559274
-204.36725138653853,435.74134285740513,0.0,7.112520043271984,0.1241813600063324,0.0,0.0,0.9922593832015991,-0.0007171574980020523,0.0,0.0,0.9999996423721313,-0.3842728901292283
-203.71343911642956,437.7670750168911,0.0,7.130516210558571,0.13277143239974976,0.0,0.0,0.9911465048789978,0.007711576763540506,0.0,0.0,0.9999701976776123,0.024145808787886358
-203.01931008084932,439.7936721453553,0.0,7.148460155191931,0.1411394327878952,0.0,0.0,0.9899895787239075,0.016141241416335106,0.0,0.0,0.999869704246521,-0.385179149959196
-202.2858263504286,441.82116772641785,0.0,7.1663500333123284,0.1492759883403778,0.0,0.0,0.9887953996658325,0.024554820731282234,0.0,0.0,0.9996984004974365,0.023242279589886505
-201.51396934514955,443.8495959813652,0.0,7.184184001060016,0.157173290848732,0.0,0.0,0.9875708818435669,0.03293612599372864,0.0,0.0,0.9994573593139648,-0.3860798554009984
-200.7047399081857,445.87899187650726,0.0,7.20196021457525,0.16482479870319366,0.0,0.0,0.9863227605819702,0.04127022996544838,0.0,0.0,0.999147891998291,0.02234449102851105
-199.85915837402763,447.90939113017856,0.0,7.219676829998292,0.17222508788108826,0.0,0.0,0.985057532787323,0.04954269900918007,0.0,0.0,0.9987719058990479,-0.3869746339577177
-198.97826463080509,449.9408302193808,0.0,7.237332003469392,0.1793697476387024,0.0,0.0,0.9837816953659058,0.05774044245481491,0.0,0.0,0.9983316659927368,0.021452815600677688
-198.06311817671892,451.9733463860605,0.0,7.2549238911288105,0.18625542521476746,0.0,0.0,0.9825012683868408,0.06585069000720978,0.0,0.0,0.9978295564651489,-0.3878631131324358
-197.1147981704961,454.006977643013,0.0,7.272450649116805,0.1928793340921402,0.0,0.0,0.9812223315238953,0.07386171072721481,0.0,0.0,0.9972684979438782,0.02056762580330429
-196.13440347577975,456.04176277941326,0.0,7.289910433573626,0.19923968613147736,0.0,0.0,0.9799507260322571,0.08176235854625702,0.0,0.0,0.9966518878936768,-0.3887449204282349
-195.1230526993689,458.07774136596123,0.0,7.307301400639541,0.20533514022827148,0.0,0.0,0.9786916375160217,0.08954304456710815,0.0,0.0,0.9959830045700073,0.019689294133308555
-194.08188422322294,460.1149537596392,0.0,7.324621706454797,0.21116511523723602,0.0,0.0,0.9774503111839294,0.0971943810582161,0.0,0.0,0.9952654838562012,-0.3896196833481973
-193.01205623014295,462.1534411080768,0.0,7.341869507159651,0.21672920882701874,0.0,0.0,0.9762316942214966,0.104707732796669,0.0,0.0,0.9945031404495239,0.018818193087608848
-191.9147467230474,464.19324535351427,0.0,7.359042958894365,0.22202752530574799,0.0,0.0,0.9750403761863708,0.11207503825426102,0.0,0.0,0.993699848651886,-0.390487029395405
-190.79115353775686,466.23440923636207,0.0,7.376140217799193,0.22706033289432526,0.0,0.0,0.9738805890083313,0.11928895115852356,0.0,0.0,0.9928596615791321,0.017954695163122536
-189.64249434920407,468.27697629834876,0.0,7.393159440014395,0.23182839155197144,0.0,0.0,0.9727566242218018,0.1263427436351776,0.0,0.0,0.9919866919517517,-0.39134658607294043
-188.47000667098632,470.3209908852523,0.0,7.4100987816802215,0.23633235692977905,0.0,0.0,0.9716721773147583,0.13323020935058594,0.0,0.0,0.9910851716995239,0.017099172856767653
-187.27494784817722,472.3664981492115,0.0,7.426956398936932,0.2405732423067093,0.0,0.0,0.9706308841705322,0.13994598388671875,0.0,0.0,0.9901591539382935,-0.3921979808838854
-186.05859504331767,474.41354405060616,0.0,7.443730447924784,0.2445519119501114,0.0,0.0,0.969636082649231,0.14648479223251343,0.0,0.0,0.9892131090164185,0.01625199866546201
-184.82224521550296,476.46217535950876,0.0,7.460419084784034,0.2482692450284958,0.0,0.0,0.9686909317970276,0.1528419554233551,0.0,0.0,0.9882507920265198,-0.3930408413313223
-183.56721509248666,478.51243965669573,0.0,7.477020465654937,0.25172626972198486,0.0,0.0,0.9677983522415161,0.15901318192481995,0.0,0.0,0.987276554107666,0.01541354508612347
-182.29484113572244,480.5643853342153,0.0,7.4935327466777535,0.2549237012863159,0.0,0.0,0.966961145401001,0.16499488055706024,0.0,0.0,0.9862944483757019,-0.3938747949183332
-181.0064794982642,482.61806159550736,0.0,7.509954083992734,0.25786229968070984,0.0,0.0,0.9661816358566284,0.1707831621170044,0.0,0.0,0.9853086471557617,0.014584184615669848
-179.7035059754477,484.67351845506874,0.0,7.5262826337401405,0.2605425715446472,0.0,0.0,0.965462327003479,0.17637477815151215,0.0,0.0,0.9843230843544006,-0.39469946914800014
-178.38731594827567,486.73080673766003,0.0,7.542516552060224,0.26296481490135193,0.0,0.0,0.9648054242134094,0.1817668229341507,0.0,0.0,0.983341634273529,0.013764289751019121
-177.05932431943233,488.7899780770474,0.0,7.558653995093251,0.26512932777404785,0.0,0.0,0.9642127752304077,0.18695667386054993,0.0,0.0,0.9823680520057678,-0.3955144915234055
-175.7209654418504,490.8510849142758,0.0,7.57469311897947,0.2670360207557678,0.0,0.0,0.963686466217041,0.1919412463903427,0.0,0.0,0.9814063310623169,0.012954232989088876
-174.37369303975848,492.91418049546814,0.0,7.59063207985914,0.26868540048599243,0.0,0.0,0.9632278680801392,0.19671840965747833,0.0,0.0,0.980459988117218,-0.3963194895476313
-173.0189801221359,494.9793188691434,0.0,7.606469033872516,0.270078182220459,0.0,0.0,0.962838351726532,0.2012859582901001,0.0,0.0,0.9795325398445129,0.012154386826797203
-171.65831888850158,497.046554883055,0.0,7.622202137159856,0.27121374011039734,0.0,0.0,0.9625125527381897,0.2056419402360916,0.0,0.0,0.9786272644996643,-0.3971140907237596
-170.2932206269691,499.1159441805348,0.0,7.637829545861419,0.2720963954925537,0.0,0.0,0.9622601270675659,0.2097836285829544,0.0,0.0,0.9777477979660034,0.01136512376106169
-168.9252156044975,501.1875431963476,0.0,7.653349416117455,0.27272844314575195,0.0,0.0,0.9620801210403442,0.21370914578437805,0.0,0.0,0.9768973588943481,-0.3978979225548725
-167.55585294926868,503.26140915204655,0.0,7.668759904068227,0.27311331033706665,0.0,0.0,0.9619712829589844,0.21741677820682526,0.0,0.0,0.9760787487030029,0.010586816288800427
-166.18670052512653,505.33760005082564,0.0,7.684059165853992,0.27325525879859924,0.0,0.0,0.9619319438934326,0.22090400755405426,0.0,0.0,0.9752954840660095,-0.3986706125440525
-164.81934479801149,507.41617467186455,0.0,7.699245357615,0.273159921169281,0.0,0.0,0.961959958076477,0.22416889667510986,0.0,0.0,0.9745501279830933,0.009819836906931279
-163.45539069432638,509.49719256416324,0.0,7.714316635491519,0.27283430099487305,0.0,0.0,0.9620527029037476,0.2272089570760727,0.0,0.0,0.9738458395004272,-0.3994317881943817
-162.09646145117063,511.58071403985923,0.0,7.729271155623793,0.2722870111465454,0.0,0.0,0.962207019329071,0.23002170026302338,0.0,0.0,0.9731853604316711,0.009064558112371945
-160.7441984583823,513.6668001670263,0.0,7.744107074152081,0.2715281844139099,0.0,0.0,0.9624193906784058,0.2326047569513321,0.0,0.0,0.9725712537765503,-0.4001810770089417
-159.40026109232804,515.7555127619481,0.0,7.758822547216649,0.2705700099468231,0.0,0.0,0.9626857042312622,0.2349558025598526,0.0,0.0,0.9720059037208557,0.008321352402040183
-158.06632654138133,517.8469143808632,0.0,7.773415730957744,0.2694265842437744,0.0,0.0,0.9630011916160583,0.23707197606563568,0.0,0.0,0.9714919328689575,-0.4009181064908151
-156.74408962303423,519.9410683111801,0.0,7.78788478151563,0.26811686158180237,0.0,0.0,0.9633704423904419,0.23895001411437988,0.0,0.0,0.9710317254066467,0.007590592272854024
-155.43526259258692,522.0380385621531,0.0,7.802227855030559,0.26665690541267395,0.0,0.0,0.963778555393219,0.24058668315410614,0.0,0.0,0.9706274271011353,-0.4016425041430842
-154.14157494336024,524.1378898550217,0.0,7.816443107642787,0.26506805419921875,0.0,0.0,0.9642192125320435,0.2419784963130951,0.0,0.0,0.9702814221382141,0.006872650221731391
-152.8647731983816,526.2406876126038,0.0,7.83052869549257,0.26337379217147827,0.0,0.0,0.9646853804588318,0.2431238293647766,0.0,0.0,0.9699950218200684,-0.4023538974688309
-151.60661937665773,528.3464979483448,0.0,7.844482774720168,0.26160046458244324,0.0,0.0,0.9651694297790527,0.24402998387813568,0.0,0.0,0.9697673916816711,0.006167898745590039
-150.36817211449352,530.4553876548143,0.0,7.85830350146584,0.2597760856151581,0.0,0.0,0.9656633138656616,0.2447161078453064,0.0,0.0,0.969594419002533,-0.4030519139711375
-149.14858408528323,532.5674241916504,0.0,7.871989031869837,0.2579267621040344,0.0,0.0,0.9661599397659302,0.24520203471183777,0.0,0.0,0.9694691896438599,0.005476710341347724
-147.9466819964577,534.6826756729472,0.0,7.885537522072415,0.25607651472091675,0.0,0.0,0.9666528701782227,0.24550746381282806,0.0,0.0,0.9693910479545593,-0.40373618115308585
-146.76127817927642,536.8012108540814,0.0,7.898947128213838,0.2542473077774048,0.0,0.0,0.9671362042427063,0.2456512451171875,0.0,0.0,0.9693545699119568,0.004799457505922311
-145.59117073359707,538.9230991179794,0.0,7.912216006434354,0.25245940685272217,0.0,0.0,0.9676049947738647,0.24565143883228302,0.0,0.0,0.9693546891212463,-0.4044063265177584
-144.43514367945716,541.0484104608131,0.0,7.925342312874229,0.2507314383983612,0.0,0.0,0.9680545926094055,0.24552495777606964,0.0,0.0,0.9693866968154907,0.004136512736231668
-143.29196711549815,543.177215477135,0.0,7.9383242036737105,0.24908015131950378,0.0,0.0,0.968481183052063,0.24528849124908447,0.0,0.0,0.9694461226463318,-0.40506197756823725
-142.16039738426895,545.3095853444346,0.0,7.95115983497306,0.24752070009708405,0.0,0.0,0.9688812494277954,0.24495838582515717,0.0,0.0,0.9695286154747009,0.003488248529193827
-141.0391772444371,547.4455918071284,0.0,7.9638473629125315,0.2460666000843048,0.0,0.0,0.9692517518997192,0.2445502132177353,0.0,0.0,0.9696301221847534,-0.4057027618076045
-139.9270360499417,549.5853071599695,0.0,7.976384943632384,0.244727224111557,0.0,0.0,0.9695820808410645,0.24407869577407837,0.0,0.0,0.9697469472885132,0.002855037381726544
-138.82268993611248,551.7288042308826,0.0,7.988770733272876,0.2435150444507599,0.0,0.0,0.969880998134613,0.2435586303472519,0.0,0.0,0.9698752760887146,-0.40632830673894244
-137.72484201278505,553.8761563632173,0.0,8.001002887974257,0.2424379587173462,0.0,0.0,0.970146656036377,0.24300383031368256,0.0,0.0,0.9700117111206055,0.0022372517907476297
-136.63218256443545,556.0274373974214,0.0,8.013079563876794,0.24150191247463226,0.0,0.0,0.9703778028488159,0.2424280047416687,0.0,0.0,0.9701530337333679,-0.4069382398653332
-135.54338925735954,558.1827216521287,0.0,8.024998917120735,0.24071112275123596,0.0,0.0,0.9705734252929688,0.24184367060661316,0.0,0.0,0.9702960848808289,0.001635264253174895
-134.45712735391595,560.3420839046642,0.0,8.036759103846338,0.24006783962249756,0.0,0.0,0.9707330465316772,0.24126312136650085,0.0,0.0,0.9704380035400391,-0.40753218868985863
-133.37204993385527,562.5055993709614,0.0,8.048358280193865,0.2395726442337036,0.0,0.0,0.9708564877510071,0.24069800972938538,0.0,0.0,0.9705760478973389,0.0010494472659260956
-132.2867981227523,564.6733436848926,0.0,8.059794602303565,0.23922429978847504,0.0,0.0,0.9709439873695374,0.24015949666500092,0.0,0.0,0.9707076549530029,-0.4081097807156011
-131.20000132755794,566.8453928770106,0.0,8.071066226315704,0.23901979625225067,0.0,0.0,0.9709961414337158,0.23965878784656525,0.0,0.0,0.9708300828933716,0.0004801733259191532
-130.1102774792848,569.0218233526983,0.0,8.082171308370526,0.23895423114299774,0.0,0.0,0.9710140824317932,0.2392054945230484,0.0,0.0,0.9709411263465881,-0.4086706434456427
-129.01623328283907,571.2027118697317,0.0,8.093108004608299,0.23902122676372528,0.0,0.0,0.9709991812705994,0.23880992829799652,0.0,0.0,0.9710382223129272,-7.21850699279547e-05
-127.91646447401001,573.388135515248,0.0,8.103874471169279,0.23921264708042145,0.0,0.0,0.9709533452987671,0.23848052322864532,0.0,0.0,0.9711194634437561,-0.4092144043830659
-126.80955608362389,575.5781716821238,0.0,8.11446886419371,0.23951882123947144,0.0,0.0,0.9708787798881531,0.23822620511054993,0.0,0.0,0.9711825847625732,-0.0006072554246972506
-125.69408270887106,577.7728980447605,0.0,8.124889339821864,0.2399284392595291,0.0,0.0,0.9707780480384827,0.2380547970533371,0.0,0.0,0.9712256789207458,-0.40974069103095245
-124.56860879180893,579.9723925342776,0.0,8.13513405419399,0.2404286414384842,0.0,0.0,0.9706542491912842,0.23797348141670227,0.0,0.0,0.9712468385696411,-0.0011246652414712566
-123.43168890373767,582.1767333156367,0.0,8.145201172766662,0.2410053014755249,0.0,0.0,0.9705108404159546,0.23798322677612305,0.0,0.0,0.9712457060813904,-0.41024913136290553
-122.2821649360994,584.385959066631,0.0,8.155090484359393,0.24164320528507233,0.0,0.0,0.97035151720047,0.23807726800441742,0.0,0.0,0.9712237119674683,-0.0016241254229223956
-121.12019005373719,586.5999315529125,0.0,8.164805240593862,0.24232809245586395,0.0,0.0,0.9701797366142273,0.23824641108512878,0.0,0.0,0.9711830615997314,-0.4107397756171717
-119.94628494360434,588.8184632344764,0.0,8.174349137920935,0.2430473268032074,0.0,0.0,0.9699986577033997,0.238483265042305,0.0,0.0,0.9711254239082336,-0.0021061404394411287
-118.76097436306934,591.0413663749727,0.0,8.183725872791479,0.2437896430492401,0.0,0.0,0.969811201095581,0.2387801706790924,0.0,0.0,0.9710525870323181,-0.411213348085381
-117.56478700700036,593.2684530747858,0.0,8.192939141656357,0.24454475939273834,0.0,0.0,0.969619870185852,0.23912955820560455,0.0,0.0,0.9709663987159729,-0.0025714570487783694
-116.35825539074645,595.4995353015601,0.0,8.20199264096644,0.24530372023582458,0.0,0.0,0.9694270491600037,0.23952533304691315,0.0,0.0,0.9708682298660278,-0.4116705955252842
-115.14191573595373,597.7344249199232,0.0,8.210890067172588,0.24605831503868103,0.0,0.0,0.9692348837852478,0.23996055126190186,0.0,0.0,0.9707598686218262,-0.0030208220086848647
-113.91630785925959,599.9729337204029,0.0,8.219635116725671,0.24680130183696747,0.0,0.0,0.9690452218055725,0.2404298484325409,0.0,0.0,0.9706425666809082,-0.4121122646946318
-112.68197506391094,602.21487344752,0.0,8.228231486076552,0.24752609431743622,0.0,0.0,0.968859851360321,0.24092672765254974,0.0,0.0,0.9705179929733276,-0.0034549820769112505
-111.43946403434485,604.4600558270479,0.0,8.2366828716761,0.24822694063186646,0.0,0.0,0.9686802625656128,0.24144624173641205,0.0,0.0,0.9703872799873352,-0.41253910235117464
-110.18932473377535,606.7082925924302,0.0,8.24499296997518,0.24889864027500153,0.0,0.0,0.9685078263282776,0.2419838160276413,0.0,0.0,0.9702516794204712,-0.003874684011208107
-108.93211030482439,608.9593955103409,0.0,8.253165477424655,0.2495364248752594,0.0,0.0,0.9683438539505005,0.24253416061401367,0.0,0.0,0.9701125621795654,-0.41295185525266337
-107.66837697323525,611.2131764053794,0.0,8.261204090475392,0.25013598799705505,0.0,0.0,0.9681894779205322,0.24309305846691132,0.0,0.0,0.9699708819389343,-0.004280674569326071
-106.39868395470643,613.4694471838928,0.0,8.269112505578256,0.25069355964660645,0.0,0.0,0.9680458307266235,0.24365565180778503,0.0,0.0,0.9698280096054077,-0.41335127015684847
-105.12359336488184,615.72801985691,0.0,8.276894419184115,0.251205712556839,0.0,0.0,0.967913806438446,0.2442198246717453,0.0,0.0,0.9696894288063049,-0.004673700509015888
-103.84367013253276,617.988706562181,0.0,8.284553527743837,0.2516692578792572,0.0,0.0,0.9677942991256714,0.24477913975715637,0.0,0.0,0.9695466160774231,-0.41373809382148086
-102.55948191596461,620.2513195853157,0.0,8.292093527708284,0.2520813047885895,0.0,0.0,0.9676880836486816,0.2453308403491974,0.0,0.0,0.9694055914878845,-0.005054508588028417
-101.27159902268295,622.5156713800054,0.0,8.299518115528318,0.25243932008743286,0.0,0.0,0.9675958752632141,0.24587184190750122,0.0,0.0,0.9692671298980713,-0.4141130730043109
-99.9805943323503,624.7815745873258,0.0,8.306830987654816,0.2527409493923187,0.0,0.0,0.9675183296203613,0.24639888107776642,0.0,0.0,0.9691321849822998,-0.005423845564114127
-98.6870432230645,627.048842054109,0.0,8.314035840538633,0.25298449397087097,0.0,0.0,0.9674559235572815,0.24690845608711243,0.0,0.0,0.9690015912055969,-0.4144769544630895
-97.39152350099067,629.3172868503754,0.0,8.321136370630647,0.2531685531139374,0.0,0.0,0.9674090147018433,0.24739770591259003,0.0,0.0,0.9688761234283447,-0.005782458195023987
-96.09461533337274,631.5867222858236,0.0,8.32813627438171,0.25329259037971497,0.0,0.0,0.967377781867981,0.24786430597305298,0.0,0.0,0.9687564969062805,-0.4148304849555674
-94.79690118495772,633.8569619253612,0.0,8.335039248242692,0.25335660576820374,0.0,0.0,0.9673621654510498,0.2483053058385849,0.0,0.0,0.9686434268951416,-0.006131093238507912
-93.4989657578561,636.1278196036783,0.0,8.341848988664466,0.25336170196533203,0.0,0.0,0.9673618674278259,0.2487180382013321,0.0,0.0,0.9685376882553101,-0.41517441123949544
-92.20139593486842,638.3991094388497,0.0,8.348569192097887,0.2533097565174103,0.0,0.0,0.9673764109611511,0.24909979104995728,0.0,0.0,0.9684399962425232,-0.006470497452316981
-90.90478072630265,640.6706458449628,0.0,8.355203554993828,0.2532036602497101,0.0,0.0,0.9674049615859985,0.24944841861724854,0.0,0.0,0.9683508276939392,-0.4155094800726238
-89.609711220309,642.9422435437605,0.0,8.361755773803154,0.2530474364757538,0.0,0.0,0.9674464464187622,0.24976202845573425,0.0,0.0,0.9682707786560059,-0.006801417594202108
-88.31678053675505,645.2137175752973,0.0,8.368229544976732,0.252846360206604,0.0,0.0,0.9674995541572571,0.2500380277633667,0.0,0.0,0.9682005643844604,-0.4158364382127035
-87.0265837846683,647.4848833075973,0.0,8.374628564965423,0.25260671973228455,0.0,0.0,0.9675625562667847,0.2502739727497101,0.0,0.0,0.9681407809257507,-0.007124600421913818
-85.73971802326693,649.7555564453102,0.0,8.380956530220095,0.2523362636566162,0.0,0.0,0.9676333665847778,0.250468373298645,0.0,0.0,0.9680917859077454,-0.4161560324174849
-84.45678222660298,652.0255530373583,0.0,8.38721713719162,0.2520442605018616,0.0,0.0,0.9677096605300903,0.25061896443367004,0.0,0.0,0.9680542349815369,-0.007440792693202969
-83.17837725184107,654.2946894835699,0.0,8.393414082330853,0.251740962266922,0.0,0.0,0.9677886962890625,0.25072380900382996,0.0,0.0,0.9680285453796387,-0.4164690094447189
-81.90510581119258,656.5627825402902,0.0,8.399551062088669,0.25143852829933167,0.0,0.0,0.9678674340248108,0.25078094005584717,0.0,0.0,0.9680152535438538,-0.007750741165819974
-80.63757244752907,658.8296493249666,0.0,8.405631772915926,0.2511504292488098,0.0,0.0,0.9679424166679382,0.2507885694503784,0.0,0.0,0.9680147171020508,-0.4167761160521561
-79.37638351369334,661.0951073197015,0.0,8.411659911263495,0.25089171528816223,0.0,0.0,0.9680097103118896,0.25074470043182373,0.0,0.0,0.9680274128913879,-0.00805519259751536
-78.122147155531,663.3589743737671,0.0,8.417639173582241,0.2506789565086365,0.0,0.0,0.9680651426315308,0.2506478428840637,0.0,0.0,0.9680536985397339,-0.41707809899754733
-76.87547329866146,665.6210687050767,0.0,8.423573256323033,0.2505306005477905,0.0,0.0,0.9681039452552795,0.25050002336502075,0.0,0.0,0.9680929780006409,-0.008354893746040204
-75.63689267216972,667.8812089006077,0.0,8.429465855936726,0.2504662573337555,0.0,0.0,0.9681210517883301,0.2503120005130768,0.0,0.0,0.9681424498558044,-0.4173757050386429
-74.4057752356649,670.1392139157696,0.0,8.435320668874198,0.250505268573761,0.0,0.0,0.9681113362312317,0.2500988841056824,0.0,0.0,0.9681981801986694,-0.008650591369144811
-73.18061717148763,672.3949030727138,0.0,8.441141391586308,0.25066497921943665,0.0,0.0,0.9680702090263367,0.2498755156993866,0.0,0.0,0.968256413936615,-0.41766968093319395
-71.95988671021615,674.6480960575773,0.0,8.446931720523928,0.250961035490036,0.0,0.0,0.9679933786392212,0.24965588748455048,0.0,0.0,0.9683135747909546,-0.00894303222458015
-70.74204510381198,676.8986129166581,0.0,8.452695352137912,0.25140759348869324,0.0,0.0,0.9678768515586853,0.2494535893201828,0.0,0.0,0.9683663249015808,-0.4179607734389507
-69.52554667350883,679.1462740515153,0.0,8.458435982879138,0.25201719999313354,0.0,0.0,0.9677168726921082,0.24928124248981476,0.0,0.0,0.968411386013031,-0.009232963070096634
-68.30883884770428,681.3909002129888,0.0,8.464157309198468,0.2528010606765747,0.0,0.0,0.9675098657608032,0.2491515576839447,0.0,0.0,0.9684455394744873,-0.4182497293136644
-67.09036218980529,683.6323124941363,0.0,8.469863027546769,0.2537684738636017,0.0,0.0,0.9672527313232422,0.24907638132572174,0.0,0.0,0.9684657454490662,-0.009521130663445121
-65.86855041597998,685.8703323220759,0.0,8.475556834374903,0.25492697954177856,0.0,0.0,0.966942548751831,0.2490670084953308,0.0,0.0,0.9684690833091736,-0.4185372953150853
-64.6418304027644,688.1047814487393,0.0,8.481242426133736,0.2562846541404724,0.0,0.0,0.9665869474411011,0.24913382530212402,0.0,0.0,0.9684526920318604,-0.009808281762376081
-63.40862218447766,690.3354819405216,0.0,8.486923499274136,0.2578420639038086,0.0,0.0,0.966175377368927,0.2492869794368744,0.0,0.0,0.9684138298034668,-0.4188242182009641
-62.16733894039811,692.562256166826,0.0,8.492603750246968,0.25959956645965576,0.0,0.0,0.9657069444656372,0.24953584372997284,0.0,0.0,0.968349814414978,-0.010095163124640316
-60.916386971649956,694.7849267875009,0.0,8.498286875503098,0.26155486702919006,0.0,0.0,0.9651810526847839,0.24988999962806702,0.0,0.0,0.9682579636573792,-0.4191112447290515
-59.65416566775407,697.0033167391595,0.0,8.503976571493393,0.26370272040367126,0.0,0.0,0.9645978212356567,0.2503577172756195,0.0,0.0,0.9681356549263,-0.010382521507988518
-58.3790674627942,699.2172492203799,0.0,8.50967653466872,0.26603493094444275,0.0,0.0,0.9639583826065063,0.25094664096832275,0.0,0.0,0.9679804444313049,-0.41939912165709836
-57.08947778114955,701.4265476757805,0.0,8.51539046147994,0.26854056119918823,0.0,0.0,0.9632642269134521,0.2516663372516632,0.0,0.0,0.9677955508232117,-0.010671103670171322
-55.7837749727452,703.6310357789637,0.0,8.521122048377922,0.27120569348335266,0.0,0.0,0.9625180959701538,0.25252196192741394,0.0,0.0,0.967574417591095,-0.41968859574285505
-54.46033023777136,705.8305374143238,0.0,8.52687499181353,0.27401310205459595,0.0,0.0,0.9617232084274292,0.25352030992507935,0.0,0.0,0.9673149585723877,-0.010961656368939365
-53.117507540821066,708.024876657714,0.0,8.532652988237633,0.2769429385662079,0.0,0.0,0.9608840942382812,0.25466686487197876,0.0,0.0,0.967015266418457,-0.41998041374407236
-51.75366351439671,710.2138777559651,0.0,8.538459734101096,0.27997249364852905,0.0,0.0,0.9600061774253845,0.25596722960472107,0.0,0.0,0.9666731357574463,-0.01125492636204356
-50.36714735173276,712.3973651052526,0.0,8.544298925854783,0.28307634592056274,0.0,0.0,0.95909583568573,0.25742587447166443,0.0,0.0,0.9662869572639465,-0.42027532241850096
-48.95630068888458,714.5751632283054,0.0,8.550174259949557,0.28622645139694214,0.0,0.0,0.9581607580184937,0.2590465545654297,0.0,0.0,0.9658547043800354,-0.011551660407234265
-47.51945747602983,716.74709675045,0.0,8.556089432836291,0.28939226269721985,0.0,0.0,0.9572095274925232,0.26083362102508545,0.0,0.0,0.9653745889663696,-0.42057406852389156
-46.054943837927254,718.9129903744843,0.0,8.56204814096585,0.2925405502319336,0.0,0.0,0.9562522172927856,0.2627897262573242,0.0,0.0,0.9648448824882507,-0.01185260526226245
-44.56107792348053,721.072668854375,0.0,8.568054080789093,0.29563581943511963,0.0,0.0,0.9552999138832092,0.2649155855178833,0.0,0.0,0.9642640948295593,-0.42087739881799474
-43.03616985797814,723.225956809235,0.0,8.574110316296263,0.2986401319503784,0.0,0.0,0.9543651342391968,0.26719993352890015,0.0,0.0,0.9636343121528625,-0.01215847574242257
-41.479065472123764,725.3727915822561,0.0,8.58015513672895,0.30151399970054626,0.0,0.0,0.9534612894058228,0.26961246132850647,0.0,0.0,0.962962806224823,-0.4211826927792415
-39.89158200899022,727.5137788540318,0.0,8.586006901676445,0.304220974445343,0.0,0.0,0.9526010155677795,0.27211934328079224,0.0,0.0,0.9622579216957092,-0.01245401942663954
-38.27659500172289,729.649724698465,0.0,8.591470977264503,0.30672913789749146,0.0,0.0,0.9517965316772461,0.2746885418891907,0.0,0.0,0.9615281820297241,-0.4214586561927798
-36.63703394042926,731.7813918518235,0.0,8.596352729618879,0.3090101182460785,0.0,0.0,0.9510584473609924,0.27729013562202454,0.0,0.0,0.9607816338539124,-0.012700572575850444
-34.97588228307842,733.909499549998,0.0,8.600457524865327,0.3110392391681671,0.0,0.0,0.9503968358039856,0.279896080493927,0.0,0.0,0.9600261449813843,-0.42166596908401455
-33.29617739944062,736.0347232730312,0.0,8.603590729129591,0.31279459595680237,0.0,0.0,0.9498205184936523,0.2824811637401581,0.0,0.0,0.9592690467834473,-0.012858815215459729
-31.601009532886593,738.157694174782,0.0,8.605557708537434,0.3142569661140442,0.0,0.0,0.9493377208709717,0.28502047061920166,0.0,0.0,0.9585180282592773,-0.42176531147835006
-29.893519778103315,740.2789981972933,0.0,8.6061638292146,0.3154071271419525,0.0,0.0,0.9489492177963257,0.2874910235404968,0.0,0.0,0.9577803015708923,-0.01288942737087212
-28.17689707473072,742.399174870083,0.0,8.605214457286845,0.31623342633247375,0.0,0.0,0.948671281337738,0.2898716926574707,0.0,0.0,0.9570627808570862,-0.4217173634011907
-26.454374219328418,744.5187157954033,0.0,8.602514958879926,0.31672203540802,0.0,0.0,0.9485079646110535,0.2921430170536041,0.0,0.0,0.9563721418380737,-0.012753089067492396
-24.729222900960135,746.6380628214494,0.0,8.597870700119591,0.3168606162071228,0.0,0.0,0.9484626054763794,0.2942851185798645,0.0,0.0,0.9557153582572937,-0.4214828048779415
-23.004747769010716,748.7576059066257,0.0,8.59108704713159,0.31663790345191956,0.0,0.0,0.9485376477241516,0.2962809205055237,0.0,0.0,0.9550987482070923,-0.012410480330724616
-21.2842795456318,750.8776806792123,0.0,8.581969366041678,0.31604352593421936,0.0,0.0,0.9487348794937134,0.29811301827430725,0.0,0.0,0.9545287489891052,-0.4210223159340066
-19.57116719944885,752.9985656981734,0.0,8.57032302297561,0.31506797671318054,0.0,0.0,0.9490552544593811,0.2997652590274811,0.0,0.0,0.9540113806724548,-0.011822281185973782
-17.868769201821543,755.1204794223846,0.0,8.555953384059137,0.31370556354522705,0.0,0.0,0.9495090842247009,0.3012232780456543,0.0,0.0,0.9535521864891052,-0.4202965765947907
-16.180443892047347,757.2435768972185,0.0,8.538665815418014,0.31194621324539185,0.0,0.0,0.9500907063484192,0.3024725317955017,0.0,0.0,0.9531568288803101,-0.010949171658644341
-14.509538983401166,759.3679461692371,0.0,8.518265683177987,0.30978307127952576,0.0,0.0,0.9507998824119568,0.303499311208725,0.0,0.0,0.9528304934501648,-0.4192662668856984
-12.859380247801885,761.4936044416654,0.0,8.494558353464813,0.3072100579738617,0.0,0.0,0.9516357779502869,0.3042911887168884,0.0,0.0,0.9525780081748962,-0.009751831774140574
-11.233259441137923,763.6204939616836,0.0,8.467349098325208,0.30422213673591614,0.0,0.0,0.9525963068008423,0.30483394861221313,0.0,0.0,0.9524012207984924,-0.4178920620806679
-9.634460573330356,765.748425180536,0.0,8.436235422054862,0.30081579089164734,0.0,0.0,0.95367830991745,0.3051183521747589,0.0,0.0,0.9523094892501831,-0.008180433982708901
-8.066363417028464,767.8769062143807,0.0,8.400166112013926,0.2969890236854553,0.0,0.0,0.9548777341842651,0.3051327168941498,0.0,0.0,0.9523051381111145,-0.4160703797553681
-6.532437625663709,770.0051001628265,0.0,8.357963696022086,0.2927417457103729,0.0,0.0,0.956188976764679,0.30486637353897095,0.0,0.0,0.9523898363113403,-0.006048998831605923
-5.036207332069884,772.1318124343383,0.0,8.308450701899027,0.2880761921405792,0.0,0.0,0.9576053619384766,0.3043093979358673,0.0,0.0,0.9525647759437561,-0.4135697234865267
-3.5812112537171377,774.2554766657889,0.0,8.250449657464438,0.2829974591732025,0.0,0.0,0.9591188430786133,0.303455114364624,0.0,0.0,0.9528380036354065,-0.003119653153091373
-2.1709586728842414,776.3741395501928,0.0,8.182783687122537,0.2775137722492218,0.0,0.0,0.9607201218605042,0.30229452252388,0.0,0.0,0.9532075524330139,-0.4101522502369357
-0.8086955961452218,778.4857383525873,0.0,8.10540043697006,0.2716367840766907,0.0,0.0,0.9623985290527344,0.30082041025161743,0.0,0.0,0.9536744952201843,0.0007885918041044548
0.5031770665583284,780.5890038105341,0.0,8.021708466115083,0.2653816044330597,0.0,0.0,0.964142382144928,0.29902684688568115,0.0,0.0,0.9542390704154968,-0.4059253830220379
1.7631447664696622,782.6836599715075,0.0,7.935779990271071,0.2587665915489197,0.0,0.0,0.9659389853477478,0.29690900444984436,0.0,0.0,0.9549006819725037,0.005128413816428312
2.9704863173878673,784.7704586668549,0.0,7.851687225151521,0.25181299448013306,0.0,0.0,0.9677751660346985,0.294461727142334,0.0,0.0,0.9556586146354675,-0.4016782736725657
4.125166391243583,786.8512184895717,0.0,7.773502386469895,0.2445445954799652,0.0,0.0,0.969637393951416,0.29167991876602173,0.0,0.0,0.9565117359161377,0.009077143042773073
5.22767363250027,788.9287889091494,0.0,7.705005700568156,0.23698723316192627,0.0,0.0,0.9715121388435364,0.2885584831237793,0.0,0.0,0.9574584364891052,-0.3982188450916698
6.278478930809251,791.0062501534493,0.0,7.646881694699227,0.22916874289512634,0.0,0.0,0.9733862280845642,0.2850934863090515,0.0,0.0,0.9584962725639343,0.012012698894739215
7.277751643641826,793.0864156287088,0.0,7.597950915567071,0.22111876308918,0.0,0.0,0.9752464890480042,0.28128278255462646,0.0,0.0,0.9596218466758728,-0.39574759362034884
8.225374778646735,795.1718159866527,0.0,7.557008316359049,0.21286872029304504,0.0,0.0,0.9770804643630981,0.27713629603385925,0.0,0.0,0.9608278870582581,0.014080506935548354
9.121677215965919,797.2642858116805,0.0,7.522848850262499,0.20445017516613007,0.0,0.0,0.9788767099380493,0.27267417311668396,0.0,0.0,0.9621039032936096,-0.39402236805991697
9.968092436875606,799.3645931784192,0.0,7.49426747046477,0.19589155912399292,0.0,0.0,0.980625331401825,0.2679174244403839,0.0,0.0,0.9634395837783813,0.01552401096573669
10.765939373477385,801.4731376028078,0.0,7.47005913015321,0.18721811473369598,0.0,0.0,0.982318103313446,0.2628859281539917,0.0,0.0,0.964824914932251,-0.39279972460983814
11.516303920327012,803.5900234901053,0.0,7.449018782515159,0.1784522384405136,0.0,0.0,0.9839483499526978,0.25759807229042053,0.0,0.0,0.9662503600120544,0.016586654785840205
12.220077771961083,805.7150452303904,0.0,7.429941380737977,0.16961388289928436,0.0,0.0,0.9855103492736816,0.252071738243103,0.0,0.0,0.9677069783210754,-0.3918362194695764
12.877996064170423,807.847674035375,0.0,7.411621878008999,0.16072089970111847,0.0,0.0,0.9869996905326843,0.2463238388299942,0.0,0.0,0.9691861271858215,0.017511882196394657
13.490673903568863,809.9870464614787,0.0,7.392855227515578,0.15178929269313812,0.0,0.0,0.9884127378463745,0.24037091434001923,0.0,0.0,0.970679759979248,-0.3908884088385955
14.058641826108301,812.1319545821237,0.0,7.372436382445058,0.1428333818912506,0.0,0.0,0.989746630191803,0.23422843217849731,0.0,0.0,0.9721803665161133,0.018543136997936027
14.582380214692538,814.2808379162443,0.0,7.349160744287245,0.13386622071266174,0.0,0.0,0.9909992814064026,0.2279115617275238,0.0,0.0,0.9736807942390442,-0.3897128715578979
15.062387256762538,816.4319397072006,0.0,7.322376892972804,0.12489958107471466,0.0,0.0,0.9921692609786987,0.22143515944480896,0.0,0.0,0.9751741290092468,0.019895856761291686
15.49928862322222,818.5837875136517,0.0,7.293064189094379,0.1159442886710167,0.0,0.0,0.993255615234375,0.21481306850910187,0.0,0.0,0.9766542911529541,-0.38823243196807844
15.893823515649872,820.7352905978013,0.0,7.262501027250513,0.10700992494821548,0.0,0.0,0.9942578673362732,0.20805861055850983,0.0,0.0,0.9781156182289124,0.0214394507938101
16.24680804090596,822.885748802952,0.0,7.231965802039758,0.09810487180948257,0.0,0.0,0.9951760768890381,0.2011844366788864,0.0,0.0,0.979552686214447,-0.3866902488766262
16.55909984041944,825.0348597269077,0.0,7.202736908060648,0.08923647552728653,0.0,0.0,0.9960104823112488,0.1942025125026703,0.0,0.0,0.9809609055519104,0.022915657560431846
16.831563950067807,827.1827242369856,0.0,7.17609273991174,0.08041200041770935,0.0,0.0,0.996761679649353,0.18712374567985535,0.0,0.0,0.9823358654975891,-0.3853445838186005
17.06503880682206,829.3298401787928,0.0,7.153277757482266,-0.07163452357053757,0.0,0.0,-0.9974308609962463,0.1799582690000534,0.0,0.0,0.9836737513542175,0.024067929400304222
17.260286622287463,831.4768781420723,0.0,7.134784754223841,-0.0629095658659935,0.0,0.0,-0.9980191588401794,0.1727154701948166,0.0,0.0,0.9849714040756226,-0.38441059375504366
17.41796839108726,833.624457583314,0.0,7.120370534287555,-0.05424025282263756,0.0,0.0,-0.9985277652740479,0.16540409624576569,0.0,0.0,0.9862256050109863,0.024795920306177277
17.53865200719731,835.7731332404214,0.0,7.109761102979255,-0.045629099011421204,0.0,0.0,-0.9989582896232605,0.15803216397762299,0.0,0.0,0.9874337315559387,-0.3838747638909881
17.622821288020255,837.923391140237,0.0,7.102682465604796,-0.037078019231557846,0.0,0.0,-0.9993123412132263,0.1506069302558899,0.0,0.0,0.9885935187339783,0.025153427244281268
17.67088468871606,840.0756449756495,0.0,7.098860627470025,-0.028588544577360153,0.0,0.0,-0.9995911121368408,0.14312981069087982,0.0,0.0,0.9897037148475647,-0.38368174176296943
17.68318373776055,842.2302328368662,0.0,7.098021593880796,-0.02016185224056244,0.0,0.0,-0.9997966289520264,-0.13561804592609406,0.0,0.0,-0.9907611012458801,0.025195802678080748
17.660001221308388,844.387414284588,0.0,7.099891370142961,-0.01179930567741394,0.0,0.0,-0.9999303221702576,-0.12807175517082214,0.0,0.0,-0.9917648434638977,-0.38377617490752325
17.60156914068845,846.5473677556836,0.0,7.104195961562367,-0.003502465318888426,0.0,0.0,-0.9999938607215881,-0.12049607187509537,0.0,0.0,-0.9927136301994324,0.024978399071040047
17.508076464254152,848.7101882945339,0.0,7.110661373444868,0.00472676008939743,0.0,0.0,-0.9999886751174927,-0.11289585381746292,0.0,0.0,-0.993606686592102,-0.3841027108611849
17.37967669184388,850.8758856055372,0.0,7.119013611096309,0.012885993346571922,0.0,0.0,-0.9999167919158936,-0.10527537763118744,0.0,0.0,-0.994442880153656,0.024556568886623886
17.21649524727486,853.0443824242882,0.0,7.128978679822548,0.02097194828093052,0.0,0.0,-0.9997798800468445,-0.09763874858617783,0.0,0.0,-0.9952216148376465,-0.38460599716048993
17.01863671159579,855.2155132067433,0.0,7.140282584929431,0.028980690985918045,0.0,0.0,-0.9995798468589783,-0.0899895504117012,0.0,0.0,-0.9959424734115601,0.02398566458829643
16.786191907257187,857.3890231371773,0.0,7.152651331722813,0.03690727427601814,0.0,0.0,-0.999318540096283,-0.08233124762773514,0.0,0.0,-0.9966048002243042,-0.38523068134197386
16.519244840925168,859.5645674570081,0.0,7.1658109255085405,0.04474576935172081,0.0,0.0,-0.9989982843399048,-0.07466679066419601,0.0,0.0,-0.9972082376480103,0.023321038639522285
16.21787951035909,861.7417111175704,0.0,7.179487371592466,0.05248899385333061,0.0,0.0,-0.99862140417099,-0.06699909269809723,0.0,0.0,-0.997752845287323,-0.3859214109421721
15.882186578605676,863.9199287606302,0.0,7.193406675280442,0.06012844294309616,0.0,0.0,-0.9981905817985535,-0.059330638498067856,0.0,0.0,-0.9982382655143738,0.02261804350376595
15.512269916720014,866.0986050309499,0.0,7.207294841878315,0.06765446811914444,0.0,0.0,-0.9977086782455444,-0.05166362598538399,0.0,0.0,-0.9986644387245178,-0.38662283349762017
15.10825301432213,868.2770352253858,0.0,7.220877876691944,0.07505595684051514,0.0,0.0,-0.9971792101860046,-0.04400019720196724,0.0,0.0,-0.9990314245223999,0.0219320316444917
14.670285255525549,870.4544262829816,0.0,7.233881785027169,0.08232026547193527,0.0,0.0,-0.9966058135032654,-0.036342158913612366,0.0,0.0,-0.99933922290802,-0.3872795965448537
14.198546519860543,872.6299049570696,0.0,7.2460553757374955,0.0894332006573677,0.0,0.0,-0.9959927797317505,-0.028691599145531654,0.0,0.0,-0.9995880722999573,0.02131720383083885
13.693235395721974,874.8025912010047,0.0,7.25738766814499,0.0963791012763977,0.0,0.0,-0.9953447580337524,-0.021049674600362778,0.0,0.0,-0.9997783303260803,-0.38785193454523226
13.154558162437832,876.9716417762755,0.0,7.268011605458288,0.10314049571752548,0.0,0.0,-0.9946668148040771,-0.013419844210147858,0.0,0.0,-0.9999098181724548,0.02078064134026819
12.582726855813258,879.1362519045397,0.0,7.278062078669865,0.10969848930835724,0.0,0.0,-0.9939648509025574,-0.005811683367937803,0.0,0.0,-0.999983012676239,-0.3883595342023825
11.978336788500892,881.2959406232588,0.0,7.287673978772191,0.11603372544050217,0.0,0.0,-0.9932451248168945,0.0017570285126566887,0.0,0.0,-0.9999983906745911,0.020295191840150606
11.342877311781859,883.4509358524517,0.0,7.296982196757739,0.12212826311588287,0.0,0.0,-0.9925141930580139,0.009267746470868587,0.0,0.0,-0.9999568462371826,-0.38882964622185456
10.677969632925096,885.6016045248664,0.0,7.3061216236189805,0.12796619534492493,0.0,0.0,-0.9917784333229065,0.01670306734740734,0.0,0.0,-0.9998602867126465,0.019833604624936385
9.985237388642437,887.7483570594225,0.0,7.315227150348389,0.13353291153907776,0.0,0.0,-0.991044282913208,0.024046754464507103,0.0,0.0,-0.9997106790542603,-0.3892895213091984
9.266304040503574,889.8916467230921,0.0,7.324433667938438,0.13881568610668182,0.0,0.0,-0.9903181195259094,0.03128267079591751,0.0,0.0,-0.9995104670524597,0.01936862898907532
8.522790739871773,892.0319691143064,0.0,7.333876067381603,0.14380282163619995,0.0,0.0,-0.9896062612533569,0.03839582949876785,0.0,0.0,-0.9992625117301941,-0.38976641016996433
7.756314666391399,894.1698617689163,0.0,7.343689239670349,0.14848393201828003,0.0,0.0,-0.9889146685600281,0.04537220299243927,0.0,0.0,-0.998970091342926,0.01887301422701748
6.968487843972894,896.3059038897588,0.0,7.354008075797152,0.1528497040271759,0.0,0.0,-0.9882493019104004,0.052198439836502075,0.0,0.0,-0.9986365437507629,-0.39028756350970195
6.160916438328353,898.4407162008658,0.0,7.364967466754486,0.1568915843963623,0.0,0.0,-0.9876156449317932,0.0588616281747818,0.0,0.0,-0.99826580286026,0.018319509633212827
5.335200540398806,900.5749609274748,0.0,7.376702303534822,0.16060197353363037,0.0,0.0,-0.9870189428329468,0.06534994393587112,0.0,0.0,-0.9978620409965515,-0.39088023203396144
4.492934440500476,902.7093419030974,0.0,7.3893474771306344,0.16397400200366974,0.0,0.0,-0.9864643812179565,0.0716518983244896,0.0,0.0,-0.997429370880127,0.01768086450211126
3.6357073986898727,904.8446048051015,0.0,7.403037878534395,0.16700133681297302,0.0,0.0,-0.9859564304351807,0.07775679975748062,0.0,0.0,-0.9969720244407654,-0.39157166644829283
2.7651049177175238,906.9815375204798,0.0,7.4179083987385726,0.1696782261133194,0.0,0.0,-0.9854992628097534,0.08365494757890701,0.0,0.0,-0.9964944124221802,0.016929828128162905
1.8827105260038302,909.1209706437639,0.0,7.434093928735644,0.17199957370758057,0.0,0.0,-0.98509681224823,0.08933576941490173,0.0,0.0,-0.9960013031959534,-0.3923891174582459
0.9901080991522805,911.2637780620018,0.0,7.451729194719962,0.17396055161952972,0.0,0.0,-0.9847524166107178,0.09479095786809921,0.0,0.0,-0.995496928691864,0.0160391581289549
0.08889549812469855,913.4108520555571,0.0,7.470859587919422,0.1755567193031311,0.0,0.0,-0.9844691157341003,0.10001084953546524,0.0,0.0,-0.9949861168861389,-0.3933552989329661
-0.8192830915770603,915.5630362266241,0.0,7.491293738756888,0.17678287625312805,0.0,0.0,-0.9842425584793091,0.1049879789352417,0.0,0.0,-0.9944732189178467,0.015007130308880845
-1.7327283627797523,917.7211153648136,0.0,7.512801498642631,0.17763744294643402,0.0,0.0,-0.9840859770774841,0.10971365123987198,0.0,0.0,-0.9939629435539246,-0.394441549432246
-2.6496824698766392,919.8858162703932,0.0,7.535152718986924,0.17811687290668488,0.0,0.0,-0.9839991927146912,0.11418025940656662,0.0,0.0,-0.9934598207473755,0.013878280796542797
-3.5683264270157316,922.0578083663667,0.0,7.558117251200036,0.17821811139583588,0.0,0.0,-0.9839817881584167,0.11838015168905258,0.0,0.0,-0.9929680824279785,-0.3956013742914941
-4.48677833667784,924.2377040953614,0.0,7.5814649466922415,0.17793871462345123,0.0,0.0,-0.9840328693389893,0.12230634689331055,0.0,0.0,-0.992492139339447,0.012699104256532423
-5.403091262868433,926.4260562128587,0.0,7.604955639072205,0.17727652192115784,0.0,0.0,-0.9841511249542236,0.12595166265964508,0.0,0.0,-0.9920361638069153,-0.39678777289654277
-6.315227615590277,928.6232957152833,0.0,7.628134012962085,0.1762300282716751,0.0,0.0,-0.9843348860740662,0.12930884957313538,0.0,0.0,-0.9916041493415833,0.011528479312599094
-7.221037103526777,930.8296713748737,0.0,7.65033775529389,0.1748000979423523,0.0,0.0,-0.9845924973487854,0.13237081468105316,0.0,0.0,-0.9912000298500061,-0.39790917402441167
-8.118261499707648,933.0452456490191,0.0,7.670896166219707,0.17298536002635956,0.0,0.0,-0.9849151968955994,0.1351310759782791,0.0,0.0,-0.9908275008201599,0.010490175730487106
-9.004543109336588,935.2698923049,0.0,7.689138545891618,0.17078618705272675,0.0,0.0,-0.9853006601333618,0.13758330047130585,0.0,0.0,-0.9904900193214417,-0.3988305063310738
-9.877435958931166,937.5032933394064,0.0,7.704394194461707,0.16820377111434937,0.0,0.0,-0.9857460856437683,0.1397208273410797,0.0,0.0,-0.9901907444000244,0.009719688428967421
-10.734419728572005,939.7449351890817,0.0,7.715992412082063,0.16523981094360352,0.0,0.0,-0.9862484335899353,0.1415381133556366,0.0,0.0,-0.989932656288147,-0.39941627489775844
-11.57291642870135,941.9941042302294,0.0,7.723262498904763,0.1618967354297638,0.0,0.0,-0.9868037700653076,0.143029123544693,0.0,0.0,-0.9897183179855347,0.009352512326810836
-12.390309797599041,944.2498815759579,0.0,7.725533755081898,0.15817761421203613,0.0,0.0,-0.987407386302948,0.14418813586235046,0.0,0.0,-0.9895501732826233,-0.3995309848056946
-13.1839673654104,946.5111371848953,0.0,7.722135480765552,0.1540861427783966,0.0,0.0,-0.9880547523498535,0.14501073956489563,0.0,0.0,-0.9894299507141113,0.009524142342787922
-13.951265095481837,948.7765233054806,0.0,7.712396976107804,0.1496267020702362,0.0,0.0,-0.9887403249740601,0.145491823554039,0.0,0.0,-0.989357054233551,-0.3990391411361114
-14.689614473875542,951.0444672901679,0.0,7.695647541260746,0.1448042094707489,0.0,0.0,-0.989458441734314,0.14562846720218658,0.0,0.0,-0.9893368482589722,0.010370073395669699
-15.396493951775767,953.3131706547965,0.0,7.671239526450576,0.13962438702583313,0.0,0.0,-0.9902030229568481,0.1454171985387802,0.0,0.0,-0.9893676042556763,-0.3978064131153958
-16.069515618502557,955.5807244992641,0.0,7.63894081837612,0.13409343361854553,0.0,0.0,-0.9909673929214478,0.1448555886745453,0.0,0.0,-0.9894469976425171,0.012001321278218069
-16.70647810519201,957.8452109894702,0.0,7.598879662233003,0.12821808457374573,0.0,0.0,-0.9917449355125427,0.1439436823129654,0.0,0.0,-0.9895806312561035,-0.395783122401097
-17.305382650416515,960.1046957485777,0.0,7.551196247429028,0.1220056340098381,0.0,0.0,-0.99252849817276,0.1426817923784256,0.0,0.0,-0.9897639155387878,0.014409574551146054
-17.864446557116214,962.3568420232939,0.0,7.496030763372003,0.11546370387077332,0.0,0.0,-0.9933109283447266,0.14107227325439453,0.0,0.0,-0.9899951219558716,-0.3929969868426613
-18.38211512201668,964.5987438684269,0.0,7.43352339946972,0.10860002040863037,0.0,0.0,-0.9940848350524902,0.13911877572536469,0.0,0.0,-0.9902719259262085,0.01756651212196847
-18.857071963637097,966.8274844543308,0.0,7.363814345129985,0.10142254829406738,0.0,0.0,-0.9948428273200989,0.13682474195957184,0.0,0.0,-0.9905918836593628,-0.3894763275325737
-19.28824768757955,969.0401902094497,0.0,7.287043789760585,0.09393949061632156,0.0,0.0,-0.995577335357666,0.1341940313577652,0.0,0.0,-0.9909520149230957,0.021443812898200798
-19.674826840321465,971.2340364001014,0.0,7.203351922769342,0.08615968376398087,0.0,0.0,-0.9962807893753052,0.1312313675880432,0.0,0.0,-0.9913490414619446,-0.38524946556331907
-20.016255410992255,973.4062678797553,0.0,7.112929826279685,0.07809248566627502,0.0,0.0,-0.9969456195831299,0.12794232368469238,0.0,0.0,-0.991779088973999,0.026010585448183465
-20.31227765904776,975.5544766681444,0.0,7.016858030322424,-0.06974712014198303,0.0,0.0,0.9975641965866089,0.12433267384767532,0.0,0.0,-0.9922382831573486,-0.38039735465638663
-20.562934569276155,977.6768417269327,0.0,6.916973733546714,-0.061134207993745804,0.0,0.0,0.9981290698051453,0.12040874361991882,0.0,0.0,-0.99272221326828,0.03105524690150213
-20.76851126367265,979.7721445157001,0.0,6.81513825367152,-0.052263904362916946,0.0,0.0,0.9986329674720764,0.11617742478847504,0.0,0.0,-0.9932264685630798,-0.375254148602084
-20.92947888778736,981.8397750822388,0.0,6.7132129084158505,-0.04314644634723663,0.0,0.0,0.9990684390068054,0.11164575815200806,0.0,0.0,-0.9937461614608765,0.036202991611384516
-21.046433039487646,983.8797361827983,0.0,6.613059015498671,-0.033791929483413696,0.0,0.0,0.9994285702705383,0.10682106018066406,0.0,0.0,-0.9942765831947327,-0.3701958711820244
-21.12002933859889,985.8926456034382,0.0,6.516537892638961,-0.02420995384454727,0.0,0.0,0.9997066259384155,0.1017104759812355,0.0,0.0,-0.9948124885559082,0.041077795796218286
-21.15091659473722,987.8797368547002,0.0,6.425510857555702,-0.014409569092094898,0.0,0.0,0.9998958706855774,-0.09632118791341782,0.0,0.0,0.9953488707542419,-0.3655985461778194
-21.139667870795435,989.842857681531,0.0,6.3418368951323085,-0.0043989988043904305,0.0,0.0,0.9999899864196777,-0.0906602218747139,0.0,0.0,0.9958806037902832,0.04530375349436949
-21.086718636173977,991.7841831700549,0.0,6.266609386635183,0.005814571399241686,0.0,0.0,0.9999828338623047,-0.08473341166973114,0.0,0.0,0.9964025020599365,-0.361799177061803
-20.992354616898332,993.7050106388906,0.0,6.199056092995002,0.016224455088377,0.0,0.0,0.9998681545257568,-0.0785454660654068,0.0,0.0,0.996909499168396,0.048715536001449344
-20.85673529892496,995.6058832421885,0.0,6.138125987139176,0.02682424709200859,0.0,0.0,0.9996399283409119,-0.0721001923084259,0.0,0.0,0.9973964095115662,-0.3587218989882764
-20.679921498368245,997.4870912328821,0.0,6.08276804199512,0.037607304751873016,0.0,0.0,0.9992923140525818,-0.0654003918170929,0.0,0.0,0.9978582859039307,0.051511391816805696
-20.461904726051824,999.3486707871174,0.0,6.031931230490235,0.04856657609343529,0.0,0.0,0.9988196492195129,-0.05844850838184357,0.0,0.0,0.9982897043228149,-0.3561543832557065
-20.202638332977962,1001.1903945710601,0.0,5.9845645255519475,0.059694379568099976,0.0,0.0,0.9982163906097412,-0.05124661326408386,0.0,0.0,0.9986853003501892,0.05390364964197175
-19.902070424263314,1003.0117664170376,0.0,5.939616900107661,0.07098260521888733,0.0,0.0,0.9974772334098816,-0.04379584640264511,0.0,0.0,0.999039888381958,-0.3538843011625607
-19.560178519117017,1004.8120198735456,0.0,5.8960373270847874,0.08242166042327881,0.0,0.0,0.9965972900390625,-0.03609783574938774,0.0,0.0,0.9993476867675781,0.05610463817848055
-19.177005914105163,1006.5901204255608,0.0,5.852774779410735,0.094000905752182,0.0,0.0,0.9955718517303467,-0.02815401926636696,0.0,0.0,0.9996030926704407,-0.3516993240073056
-18.75269967670695,1008.3447711991574,0.0,5.808778230012913,0.10570778697729111,0.0,0.0,0.994396984577179,-0.019966555759310722,0.0,0.0,0.9998002052307129,0.05832668612786557
-18.28755015642139,1010.0744219681484,0.0,5.762996651818739,0.1175282746553421,0.0,0.0,0.9930692911148071,-0.011537458747625351,0.0,0.0,0.9999330639839172,-0.3493871230884079
-17.782031851777607,1011.7772812709082,0.0,5.714379017755624,0.12944625318050385,0.0,0.0,0.9915862679481506,-0.00286959670484066,0.0,0.0,0.9999955296516418,0.06078212219165924
-17.236845413887252,1013.4513314231737,0.0,5.6618743007509735,0.14144366979599,0.0,0.0,0.9899461269378662,0.006032953038811684,0.0,0.0,0.9999815225601196,-0.34673536970433466
-16.652923455985405,1015.0944461410643,0.0,5.60477399058603,0.15350034832954407,0.0,0.0,0.9881483912467957,0.015165744349360466,0.0,0.0,0.9998846650123596,0.06366597624039377
-16.031275108424786,1016.7048667035472,0.0,5.543963883733376,0.16559439897537231,0.0,0.0,0.9861937761306763,0.024522777646780014,0.0,0.0,0.9996989965438843,-0.3436641521865239
-15.372894198089508,1018.2813277174528,0.0,5.480793295563176,0.1777031421661377,0.0,0.0,0.9840840101242065,0.03409179300069809,0.0,0.0,0.9994184970855713,0.0668564099863635
-14.678792262100572,1019.8230342837275,0.0,5.416611592822459,0.1898031383752823,0.0,0.0,0.9818220138549805,0.0438518188893795,0.0,0.0,0.9990378022193909,-0.34042265204810385
-13.95080969337432,1021.3295809367746,0.0,5.352768142258265,0.20187318325042725,0.0,0.0,0.9794114828109741,0.05377599224448204,0.0,0.0,0.9985527992248535,0.07008082668152482
-13.191126600329389,1022.8009586424387,0.0,5.290612310617624,0.21389666199684143,0.0,0.0,0.9768560528755188,0.06384129822254181,0.0,0.0,0.9979598522186279,-0.3372834686319099
-12.401590454048204,1024.2375717464868,0.0,5.2314934646475715,0.22585947811603546,0.0,0.0,0.9741596579551697,0.07402636855840683,0.0,0.0,0.9972561001777649,0.07306662698304267
-11.583665765949632,1025.6402085917255,0.0,5.176760971095156,0.2377518117427826,0.0,0.0,0.9713257551193237,0.08431460708379745,0.0,0.0,0.9964389801025391,-0.33451920128077783
-10.738397965487728,1027.010008639634,0.0,5.127764196707407,0.24956674873828888,0.0,0.0,0.9683574438095093,0.09468860924243927,0.0,0.0,0.995506763458252,0.07554121154808052
-9.866381303308577,1028.3484268717436,0.0,5.085852508231361,0.2613002061843872,0.0,0.0,0.9652574062347412,0.10513553768396378,0.0,0.0,0.9944577813148499,-0.3324024493375432
-8.967780485298833,1029.6571241650095,0.0,5.052097828251829,0.272951602935791,0.0,0.0,0.9620276093482971,0.11564396321773529,0.0,0.0,0.9932906627655029,0.07724599336522864
-8.042712597623643,1030.9373935221554,0.0,5.025439614791643,0.28452247381210327,0.0,0.0,0.9586693048477173,0.12620455026626587,0.0,0.0,0.9920041561126709,-0.3310560749203621
-7.091485960727811,1032.1899253762765,0.0,5.003828500574519,0.2960164546966553,0.0,0.0,0.9551827907562256,0.13680994510650635,0.0,0.0,0.9905971884727478,0.07833746378023487
-6.114673685492642,1033.4148425766527,0.0,4.985209700386354,0.3074379563331604,0.0,0.0,0.951568067073822,0.14745254814624786,0.0,0.0,0.9890690445899963,-0.33011573147651535
-5.113180259198588,1034.61174181564,0.0,4.967528429013043,0.31879323720932007,0.0,0.0,0.947824239730835,0.15812449157238007,0.0,0.0,0.987419068813324,0.07923045728393746
-4.088302493343903,1035.7797400644135,0.0,4.9487299012404895,0.33008870482444763,0.0,0.0,0.943949818611145,0.16882340610027313,0.0,0.0,0.9856462478637695,-0.329166310881942
-3.0417850446125465,1036.917525927832,0.0,4.926759331854591,0.3413304090499878,0.0,0.0,0.9399433135986328,0.17954136431217194,0.0,0.0,0.9837503433227539,0.08034008200039702
-1.9758368270663114,1038.0234498691702,0.0,4.899715188169327,0.3525244891643524,0.0,0.0,0.9358025193214417,0.19027528166770935,0.0,0.0,0.9817307591438293,-0.3278004450392519
-0.8927016216245496,1039.0960353862386,0.0,4.867786952392756,0.3636767268180847,0.0,0.0,0.9315251708030701,0.2010209560394287,0.0,0.0,0.9795868992805481,0.08195261916082985
0.20570233521931364,1040.1343010357305,0.0,4.832676294580087,0.37479090690612793,0.0,0.0,0.92710942029953,0.21177411079406738,0.0,0.0,0.977318525314331,-0.32602717949315746
1.317836907254533,1041.1377248115155,0.0,4.796118546700177,0.3858715295791626,0.0,0.0,0.9225525259971619,0.2225315421819687,0.0,0.0,0.9749253988265991,0.08379897006385562
2.4425867615003005,1042.1061970638189,0.0,4.759849040721894,0.3969218134880066,0.0,0.0,0.9178524017333984,0.23329003155231476,0.0,0.0,0.9724071025848389,-0.3241953862619311
3.5792968155713965,1043.0399696810448,0.0,4.725600771953639,0.4079444408416748,0.0,0.0,0.9130067229270935,0.2440473437309265,0.0,0.0,0.9697633385658264,0.08552868060770694
4.727680586599723,1043.9395070223316,0.0,4.6945992856150145,0.41894227266311646,0.0,0.0,0.9080128073692322,0.25480130314826965,0.0,0.0,0.9669934511184692,-0.3226296546286672
5.8875547229613945,1044.80523756259,0.0,4.666931949062432,0.4299164116382599,0.0,0.0,0.9028685688972473,0.26555636525154114,0.0,0.0,0.9640952944755554,0.08692602083763529
7.058795569252696,1045.6375195132034,0.0,4.64253119413865,0.44086694717407227,0.0,0.0,0.8975723385810852,0.2763097882270813,0.0,0.0,0.9610685110092163,-0.3213972932688802
8.241332421440067,1046.436638582179,0.0,4.621329452686425,0.4517929255962372,0.0,0.0,0.8921226859092712,0.2870618999004364,0.0,0.0,0.9579118490219116,0.08799681586047495
9.435141163207986,1047.2028058789037,0.0,4.603259156548522,0.4626923203468323,0.0,0.0,0.8865187764167786,0.297814279794693,0.0,0.0,0.9546236991882324,-0.32048465204979426
10.640238250890295,1047.936155943224,0.0,4.588252737567699,0.4735618531703949,0.0,0.0,0.8807604908943176,0.308571457862854,0.0,0.0,0.9512010216712952,0.08875471580900138
11.856675016647568,1048.6367448808162,0.0,4.576242627586714,0.48439550399780273,0.0,0.0,0.8748490810394287,0.3193334937095642,0.0,0.0,0.9476423263549805,-0.3198780808386334
13.084532261699916,1049.3045485889124,0.0,4.567161258448327,0.4951866865158081,0.0,0.0,0.8687865734100342,0.33010709285736084,0.0,0.0,0.9439433813095093,0.08921337081599062
14.323915113446034,1049.9394610584081,0.0,4.5609410619952975,0.5059258937835693,0.0,0.0,0.8625769019126892,0.34089425206184387,0.0,0.0,0.9401015639305115,-0.3195639295026218
15.574948122219682,1050.5412927402115,0.0,4.557514470070386,0.5166031718254089,0.0,0.0,0.8562248945236206,0.35169777274131775,0.0,0.0,0.9361134767532349,0.0893864310142185
16.837770575248882,1051.1097689654262,0.0,4.556813914516349,0.5272061824798584,0.0,0.0,0.8497373461723328,0.3625214099884033,0.0,0.0,0.9319753646850586,-0.3195285479089836
18.11253200710239,1051.644528410551,0.0,4.558771827175948,0.5377210974693298,0.0,0.0,0.8431227803230286,0.3733695447444916,0.0,0.0,0.9276825785636902,0.08928754653646098
19.399386869074256,1052.145124275756,0.0,4.563317042887681,0.5481332540512085,0.0,0.0,0.836391031742096,0.3842355012893677,0.0,0.0,0.9232348799705505,-0.319758104258061
20.6984770930367,1052.6113909146563,0.0,4.570331976721021,0.558426558971405,0.0,0.0,0.8295539617538452,0.3951059579849243,0.0,0.0,0.918635368347168,0.08893325694891854
22.009918294274048,1053.0438046381448,0.0,4.579666753367258,0.5685871839523315,0.0,0.0,0.822623074054718,0.40596503019332886,0.0,0.0,0.9138884544372559,-0.3202295576240326
23.3337949774602,1053.4428486291984,0.0,4.591170843611458,0.5786036849021912,0.0,0.0,0.8156089186668396,0.41680237650871277,0.0,0.0,0.9089969396591187,0.08835224229012059
24.67015619836722,1053.8089366506686,0.0,4.604693718238683,0.5884655714035034,0.0,0.0,0.8085223436355591,0.4276072382926941,0.0,0.0,0.9039644598960876,-0.3209125310900541
26.01901148922317,1054.142420586978,0.0,4.620084848033996,0.5981649160385132,0.0,0.0,0.8013730645179749,0.43836677074432373,0.0,0.0,0.898796021938324,0.08757491250247854
27.3803270404872,1054.4435977569276,0.0,4.637193703782464,0.6076945662498474,0.0,0.0,0.7941706776618958,0.4490699768066406,0.0,0.0,0.8934963941574097,-0.3217766147137141
28.754022134439058,1054.712718014012,0.0,4.655869756269145,0.6170488595962524,0.0,0.0,0.7869246602058411,0.45970794558525085,0.0,0.0,0.8880700469017029,0.08663167752840376
30.139965828421154,1054.9499906475278,0.0,4.6759624762791026,0.6262235641479492,0.0,0.0,0.7796434760093689,0.4702698588371277,0.0,0.0,0.8825225234031677,-0.32279139855260086
31.537973887827306,1055.155591094859,0.0,4.697321334597401,0.6352154016494751,0.0,0.0,0.7723350524902344,0.4807472825050354,0.0,0.0,0.8768590688705444,0.08555294731030791
32.94780597100519,1055.329667472508,0.0,4.719795802009105,0.6440227627754211,0.0,0.0,0.765006422996521,0.4911319315433502,0.0,0.0,0.8710851073265076,-0.3239264726643031
34.369163070140445,1055.4723469308353,0.0,4.743235349299279,0.6526435613632202,0.0,0.0,0.75766521692276,0.5014124512672424,0.0,0.0,0.8652083277702332,0.08436913179060215
35.80168521389925,1055.583741834998,0.0,4.767489447252978,0.6610779762268066,0.0,0.0,0.7503172755241394,0.5115890502929688,0.0,0.0,0.859230101108551,-0.3251514271064091
37.24494943914193,1055.6639557722558,0.0,4.792407566655273,0.6693267226219177,0.0,0.0,0.7429681420326233,0.5216513276100159,0.0,0.0,0.8531585335731506,0.08311064091169834
38.69846804035956,1055.7130893836686,0.0,4.817839178291224,0.6773912310600281,0.0,0.0,0.7356228828430176,0.5315951704978943,0.0,0.0,0.846998393535614,-0.3264358519365076
40.161687106643754,1055.73124601621,0.0,4.843633752945895,0.685272753238678,0.0,0.0,0.7282863855361938,0.5414134860038757,0.0,0.0,0.8407562375068665,0.08180788461600788
41.63398535695856,1055.7185371895016,0.0,4.8696407614043515,0.6929733157157898,0.0,0.0,0.7209630608558655,0.5511019229888916,0.0,0.0,0.8344376087188721,-0.32774933721218724
43.114673285246305,1055.6750878697158,0.0,4.89570967445165,0.7004956007003784,0.0,0.0,0.713656485080719,0.5606569647789001,0.0,0.0,0.8280477523803711,0.08049127284594232
44.60299262745555,1055.6010415417115,0.0,4.921689962872858,0.7078428268432617,0.0,0.0,0.7063696980476379,0.5700759291648865,0.0,0.0,0.8215915560722351,-0.32906147299103616
46.098116162926146,1055.496565069171,0.0,4.947431097453037,0.7150172591209412,0.0,0.0,0.6991065144538879,0.5793552398681641,0.0,0.0,0.8150747418403625,0.07919121554391309
47.59914786270172,1055.3618533313866,0.0,4.972782548977253,0.7220219373703003,0.0,0.0,0.6918697953224182,0.5884923934936523,0.0,0.0,0.8085023760795593,-0.33034184933064303
49.10512339724786,1055.1971336244214,0.0,4.997593788230569,0.7288603186607361,0.0,0.0,0.6846621036529541,0.5974857807159424,0.0,0.0,0.8018790483474731,0.07793812265233147
50.61501101573839,1055.0026698136323,0.0,5.021714285998043,0.735535204410553,0.0,0.0,0.6774863004684448,0.6063349843025208,0.0,0.0,0.7952089309692383,-0.33156005628859625
52.12771280852793,1054.7787662240119,0.0,5.044993513064742,0.7420489192008972,0.0,0.0,0.6703454256057739,0.6150355339050293,0.0,0.0,0.7884990572929382,0.0767624041136093
53.64206636363788,1054.5257712544765,0.0,5.067280940215728,0.7484041452407837,0.0,0.0,0.6632426381111145,0.6235889196395874,0.0,0.0,0.7817520499229431,-0.33268568392248443
55.15684682705479,1054.2440807021017,0.0,5.088426038236064,0.7546035051345825,0.0,0.0,0.6561806797981262,0.6319969892501831,0.0,0.0,0.7749704718589783,0.07569446987015799
56.67084293719532,1053.934123563559,0.0,5.108279096652769,0.7606487274169922,0.0,0.0,0.6491633653640747,0.6402561664581299,0.0,0.0,0.7681611180305481,-0.33368836364049986
58.183371044470874,1053.5962450927325,0.0,5.1268124500864305,0.7665417194366455,0.0,0.0,0.6421942710876465,0.6483673453330994,0.0,0.0,0.76132732629776,0.07475844191896297
59.69406213227841,1053.2307552372927,0.0,5.144248952697123,0.7722840905189514,0.0,0.0,0.6352772116661072,0.656329870223999,0.0,0.0,0.754473865032196,-0.3345689950854843
61.20262861813808,1052.837975979519,0.0,5.1608422183060405,0.777877151966095,0.0,0.0,0.6284161806106567,0.6641457676887512,0.0,0.0,0.7476028800010681,0.07392039820134089
62.70886146285221,1052.4182345133734,0.0,5.17684586073439,0.7833226919174194,0.0,0.0,0.6216149926185608,0.6718128323554993,0.0,0.0,0.7407207489013672,-0.3353772598545929
64.21262844815358,1051.9718564548107,0.0,5.192513493803364,0.7886223196983337,0.0,0.0,0.6148776412010193,0.6793314814567566,0.0,0.0,0.7338312864303589,0.07312910360189773
65.71387245909109,1051.4991593724326,0.0,5.208098731334165,0.7937771677970886,0.0,0.0,0.6082085371017456,0.6867007613182068,0.0,0.0,0.7269399762153625,-0.33616439306321916
67.2126097724211,1051.0004466499197,0.0,5.223855187147989,0.798788845539093,0.0,0.0,0.6016114354133606,0.6939221620559692,0.0,0.0,0.7200499176979065,0.07233332300523992
68.70892835165955,1050.4760016893024,0.0,5.240036475066038,0.803658664226532,0.0,0.0,0.5950905084609985,0.7009928226470947,0.0,0.0,0.713168203830719,-0.336981629826757
70.20298614888078,1049.9260824621833,0.0,5.25689620890951,0.8083885908126831,0.0,0.0,0.5886491537094116,0.7079152464866638,0.0,0.0,0.7062971591949463,0.07148182129597369
71.69500941278547,1049.3509164144564,0.0,5.274688002499603,0.8129803538322449,0.0,0.0,0.5822911262512207,0.7146888971328735,0.0,0.0,0.6994422674179077,-0.3378802052606001
73.18529100203685,1048.750695728941,0.0,5.293665469657517,0.8174355626106262,0.0,0.0,0.5760200619697571,0.7213130593299866,0.0,0.0,0.6926090121269226,0.07052336335870524
74.67418870234688,1048.1255729496252,0.0,5.3140822242044505,0.8217560052871704,0.0,0.0,0.569839596748352,0.7277891635894775,0.0,0.0,0.6858007907867432,-0.33891135448014215
76.16212354531216,1047.475656970928,0.0,5.3361918799616035,0.8259435892105103,0.0,0.0,0.5637527108192444,0.7341182827949524,0.0,0.0,0.6790213584899902,0.06940671407804094
77.64957812654708,1046.8010093955481,0.0,5.3602480507501715,0.8300002813339233,0.0,0.0,0.5577627420425415,0.7403000593185425,0.0,0.0,0.6722763776779175,-0.34012631260077686
79.13709492021229,1046.1016412650604,0.0,5.386504350391362,0.8339288234710693,0.0,0.0,0.5518715977668762,0.7463361024856567,0.0,0.0,0.665569007396698,0.06808063833858685
80.62527458468196,1045.3775101694637,0.0,5.415214385553858,0.837731659412384,0.0,0.0,0.5460817217826843,0.7522278428077698,0.0,0.0,0.6589028239250183,-0.3415763143766605
82.11474667776992,1044.62853183276,0.0,5.446530656554744,0.8414111137390137,0.0,0.0,0.5403951406478882,0.7579759955406189,0.0,0.0,0.6522822380065918,0.06649900849005724
83.60607213744255,1043.8546306863707,0.0,5.48025023854719,0.8449702262878418,0.0,0.0,0.5348128080368042,0.7635825872421265,0.0,0.0,0.6457099318504333,-0.3432793235681981
85.09972354044136,1043.0557576467409,0.0,5.5160921475483615,0.8484119176864624,0.0,0.0,0.5293360948562622,0.7690491080284119,0.0,0.0,0.6391894817352295,0.06468881106575564
86.5960869704315,1042.2318975877658,0.0,5.553775399575435,0.8517391085624695,0.0,0.0,0.52396559715271,0.7743762731552124,0.0,0.0,0.6327252388000488,-0.34518251811502
88.0954638911147,1041.3830764889856,0.0,5.593019010645569,0.854954719543457,0.0,0.0,0.5187021493911743,0.7795654535293579,0.0,0.0,0.6263206601142883,0.06270681050665794
89.59807302779016,1040.50936825441,0.0,5.6335419967759375,0.8580625653266907,0.0,0.0,0.5135447382926941,0.7846194505691528,0.0,0.0,0.6199775338172913,-0.3472291335761497
91.10405225999557,1039.6109011920287,0.0,5.675063373983711,0.8610654473304749,0.0,0.0,0.5084936618804932,0.7895395159721375,0.0,0.0,0.6136996150016785,0.06060977125374006
92.61346052704965,1038.6878641397136,0.0,5.717302158286056,0.8639667630195618,0.0,0.0,0.5035484433174133,0.7943273186683655,0.0,0.0,0.6074897050857544,-0.3493624055106116
94.12627974751855,1037.740512219347,0.0,5.75997736570015,0.8667699694633484,0.0,0.0,0.4987078011035919,0.7989820241928101,0.0,0.0,0.6013546586036682,0.05845445774797775
95.6424167528646,1036.769172197611,0.0,5.80280801224315,0.8694785237312317,0.0,0.0,0.4939703643321991,0.8035082817077637,0.0,0.0,0.5952932834625244,-0.35152556947742974
97.16170523480362,1035.77424742898,0.0,5.8455131139322285,0.8720963001251221,0.0,0.0,0.4893339276313782,0.807906985282898,0.0,0.0,0.5893096923828125,0.05629763443034752
98.68390770518,1034.7562223540917,0.0,5.887811686784558,0.8746265769004822,0.0,0.0,0.48479700088500977,0.812179684638977,0.0,0.0,0.5834071636199951,-0.3536618610356282
100.20871746650147,1033.7156665248317,0.0,5.929422746817304,0.8770729899406433,0.0,0.0,0.48035675287246704,0.8163275122642517,0.0,0.0,0.5775891542434692,0.054196065741825006
101.7357608054227,1032.6532379753498,0.0,5.97006615210224,0.8794394135475159,0.0,0.0,0.4760105013847351,0.8203535676002502,0.0,0.0,0.5718562602996826,-0.3557145582722412
103.26462372989238,1031.5695992845647,0.0,6.009559347016548,0.8817294239997864,0.0,0.0,0.47175514698028564,0.8242613077163696,0.0,0.0,0.5662092566490173,0.052201459938072126
104.79490052673414,1030.4651411912,0.0,6.047907032029874,0.8839463591575623,0.0,0.0,0.467587947845459,0.828055202960968,0.0,0.0,0.5606462359428406,-0.357651310040591
106.32619909243112,1029.3401893875086,0.0,6.085135108543407,0.8860933780670166,0.0,0.0,0.46350643038749695,0.8317397236824036,0.0,0.0,0.5551654100418091,0.0503212540535502
107.85814079077696,1028.1950873136368,0.0,6.121269477958344,0.88817298412323,0.0,0.0,0.4595086872577667,0.8353177309036255,0.0,0.0,0.549767255783081,-0.3594762781928605
109.39036030446387,1027.0301955358516,0.0,6.156336041675878,0.8901879787445068,0.0,0.0,0.45559293031692505,0.8387920260429382,0.0,0.0,0.5444517731666565,0.04855021548195759
110.92250548104258,1025.8458911138925,0.0,6.190360701097195,0.8921405673027039,0.0,0.0,0.4517574906349182,0.8421667218208313,0.0,0.0,0.5392171144485474,-0.36119469533535126
112.45423717366981,1024.6425669624923,0.0,6.223369357623482,0.8940327167510986,0.0,0.0,0.44800129532814026,0.8454450368881226,0.0,0.0,0.534062385559082,0.046883111616993656
113.98522907705524,1023.4206312089678,0.0,6.255387912655939,0.8958662748336792,0.0,0.0,0.44432342052459717,0.8486294746398926,0.0,0.0,0.5289876461029053,-0.3628117940743643
115.5151675590045,1022.1805065487183,0.0,6.286442267595756,0.8976428508758545,0.0,0.0,0.4407232999801636,0.8517223000526428,0.0,0.0,0.5239933729171753,0.04531470985235647
117.04375148794317,1020.9226296004067,0.0,6.31655832384413,0.8993641138076782,0.0,0.0,0.4372001588344574,0.8547265529632568,0.0,0.0,0.5190783739089966,-0.3643328070162014
118.57069205679494,1019.6474502625393,0.0,6.345761982802238,0.9010315537452698,0.0,0.0,0.4337533414363861,0.8576446175575256,0.0,0.0,0.5142427086830139,0.043839777581744954
120.09571260357887,1018.3554310731103,0.0,6.374079145871281,0.9026466608047485,0.0,0.0,0.43038249015808105,0.8604790568351746,0.0,0.0,0.5094855427742004,-0.3657629667671632
121.61854842907324,1017.0470465739032,0.0,6.401535714452451,0.9042105674743652,0.0,0.0,0.42708685994148254,0.8632321953773499,0.0,0.0,0.5048068165779114,0.04245308219885757
123.13894661188696,1015.7227826809999,0.0,6.428157589946936,0.9057244658470154,0.0,0.0,0.42386674880981445,0.8659058809280396,0.0,0.0,0.500206708908081,-0.3671075059335513
124.65666582126431,1014.383136062979,0.0,6.4539706737559355,0.9071894884109497,0.0,0.0,0.42072200775146484,0.8685020208358765,0.0,0.0,0.4956853985786438,0.04114939109739296
126.17147612794285,1013.0286135282272,0.0,6.4790008672806305,0.9086066484451294,0.0,0.0,0.4176523685455322,0.8710230588912964,0.0,0.0,0.49124205112457275,-0.36837165712166725
127.68315881336386,1011.6597314227474,0.0,6.503274071922218,0.9099770188331604,0.0,0.0,0.41465818881988525,0.8734703660011292,0.0,0.0,0.4868772625923157,0.039923471671050204
129.19150617753465,1010.2770150397641,0.0,6.526816189081891,0.9113013744354248,0.0,0.0,0.411739319562912,0.8758466243743896,0.0,0.0,0.4825895130634308,-0.3695606529378124
130.69632134582065,1008.8809980424035,0.0,6.549653120160835,0.9125805497169495,0.0,0.0,0.408896267414093,0.8781522512435913,0.0,0.0,0.47838109731674194,0.03877009131352782
132.19741807494322,1007.472221900645,0.0,6.57181076656025,0.9138156771659851,0.0,0.0,0.4061286449432373,0.8803900480270386,0.0,0.0,0.4742502272129059,-0.3706797259882879
133.69462055843815,1006.0512353437125,0.0,6.593315029681322,0.9150072932243347,0.0,0.0,0.40343695878982544,0.8825609683990479,0.0,0.0,0.47019797563552856,0.037684017418524174
135.1877632318344,1004.6185938289996,0.0,6.614191810925242,0.9161563515663147,0.0,0.0,0.40082085132598877,0.8846668601036072,0.0,0.0,0.46622365713119507,-0.37173410887939495
136.67669057778187,1003.1748590285968,0.0,6.6344670116932045,0.9172635078430176,0.0,0.0,0.39828065037727356,0.8867093920707703,0.0,0.0,0.4623273015022278,0.036660017379738175
138.16125693136627,1001.7205983344195,0.0,6.6541665333864,0.9183294177055359,0.0,0.0,0.39581674337387085,0.8886894583702087,0.0,0.0,0.4585098922252655,-0.37272903421743514
139.64132628582703,1000.2563843829087,0.0,6.673316277406022,0.9193549156188965,0.0,0.0,0.3934289515018463,0.8906087279319763,0.0,0.0,0.4547705352306366,0.03569285859086835
141.11677209888717,998.7827946002132,0.0,6.6919421451532575,0.9203405976295471,0.0,0.0,0.3911176323890686,0.8924683928489685,0.0,0.0,0.45110997557640076,-0.37366973460870967
142.5874770998993,997.3004107687349,0.0,6.710070038029302,0.9212871193885803,0.0,0.0,0.3888828754425049,0.8942699432373047,0.0,0.0,0.4475277066230774,0.03477730844561361
144.0533330979902,995.8098186158655,0.0,6.7277258574353445,0.9221951961517334,0.0,0.0,0.386724591255188,0.8960145711898804,0.0,0.0,0.44402405619621277,-0.3745614426595199
145.51424079139497,994.3116074257096,0.0,6.744935504772578,0.9230653643608093,0.0,0.0,0.3846430480480194,0.8977035880088806,0.0,0.0,0.44059956073760986,0.033908134337672535
146.97010957814655,992.8063696745485,0.0,6.761724881442198,0.9238983392715454,0.0,0.0,0.38263797760009766,0.899337649345398,0.0,0.0,0.43725454807281494,-0.3754093909761674
148.4208573682843,991.2947006907697,0.0,6.7781198888453895,0.9246944785118103,0.0,0.0,0.38071000576019287,0.9009181261062622,0.0,0.0,0.43398892879486084,0.03308010366074371
149.86641039774088,989.7771983399374,0.0,6.7941464283833435,0.9254544973373413,0.0,0.0,0.3788585662841797,0.9024463295936584,0.0,0.0,0.43080204725265503,-0.376218812164953
151.30670304404975,988.254462735671,0.0,6.809830401457257,0.9261788725852966,0.0,0.0,0.3770841360092163,0.9039228558540344,0.0,0.0,0.42769524455070496,0.03228798380852593
152.7416776440145,986.7270959769426,0.0,6.82519770946832,0.926868200302124,0.0,0.0,0.3753865659236908,0.9053489565849304,0.0,0.0,0.4246681034564972,-0.37699493883217844
154.17128431346927,985.1957019123992,0.0,6.840274253817723,0.927522599697113,0.0,0.0,0.37376633286476135,0.9067254662513733,0.0,0.0,0.42172127962112427,0.031526542174717676
155.59548076925768,983.660885932277,0.0,6.855085935906661,0.9281429052352905,0.0,0.0,0.37222349643707275,0.9080528616905212,0.0,0.0,0.41885533928871155,-0.377743003584145
157.01423356587213,982.1232531230551,0.0,6.869662606777039,0.9287292957305908,0.0,0.0,0.37075820565223694,0.9093325138092041,0.0,0.0,0.4160698354244232,0.03079034667621372
158.427685556446,980.5831912512997,0.0,6.884077222377588,0.9292820692062378,0.0,0.0,0.3693705201148987,0.9105657935142517,0.0,0.0,0.413364052772522,-0.3784710144730616
159.83637746201117,979.0405821519535,0.0,6.8984292697765826,0.9297932386398315,0.0,0.0,0.368057519197464,0.9117535948753357,0.0,0.0,0.41073736548423767,0.030065495797476638
161.2409315554809,977.4952137245683,0.0,6.912818624180254,0.9302732944488525,0.0,0.0,0.3668234050273895,0.9128971099853516,0.0,0.0,0.408189594745636,-0.3791977495439541
162.64199830904604,975.9468489624088,0.0,6.927345160794824,0.9307219982147217,0.0,0.0,0.3656688928604126,0.9139969944953918,0.0,0.0,0.40572071075439453,0.0293318323320943
164.04025607953133,974.3952259230575,0.0,6.942108754826529,0.9311394095420837,0.0,0.0,0.36459410190582275,0.9150539636611938,0.0,0.0,0.4033311605453491,-0.37994338560616137
165.43641093755525,972.8400576530955,0.0,6.957209281481594,0.9315255284309387,0.0,0.0,0.3635992407798767,0.9160692095756531,0.0,0.0,0.4010199010372162,0.028569179470727346
166.83119664261608,971.2810320661639,0.0,6.972746615966255,0.9318801164627075,0.0,0.0,0.3626852333545685,0.9170430302619934,0.0,0.0,0.39878809452056885,-0.38072809946902303
168.22537476628645,969.71781177368,0.0,6.988820633486738,0.9322031140327454,0.0,0.0,0.36185237765312195,0.9179762601852417,0.0,0.0,0.396634966135025,0.027757360404036258
169.6197349658388,968.1500338674222,0.0,7.005531209249272,0.9324943423271179,0.0,0.0,0.36110132932662964,0.9188694953918457,0.0,0.0,0.3945613503456116,-0.38157206794187826
171.01509541078934,966.5773096531307,0.0,7.022978218460088,0.9327538013458252,0.0,0.0,0.360432505607605,0.9197235107421875,0.0,0.0,0.39256685972213745,0.0268761983226819
172.4123033650627,964.9992243342015,0.0,7.0412615363254165,0.9329813718795776,0.0,0.0,0.3598460853099823,0.9205382466316223,0.0,0.0,0.3906523585319519,-0.38249546783406657
173.8122359277495,963.4153366444405,0.0,7.060481038051488,0.9331772327423096,0.0,0.0,0.3593420684337616,0.9213147759437561,0.0,0.0,0.38881760835647583,0.025905516417324748
175.21580093573755,961.8251784287447,0.0,7.080736598844532,0.9333413243293762,0.0,0.0,0.35892048478126526,0.9220532178878784,0.0,0.0,0.3870629668235779,-0.3835184759549274
176.62393803185998,960.2282541704416,0.0,7.102128093910775,0.9334738254547119,0.0,0.0,0.3585810959339142,0.9227539896965027,0.0,0.0,0.3853892982006073,0.02482513787862567
178.03761990261341,958.6240404638905,0.0,7.124755398456449,0.9335747957229614,0.0,0.0,0.35832348465919495,0.9234175682067871,0.0,0.0,0.38379666209220886,-0.38466126911379983
179.4578536899566,957.0119854307758,0.0,7.148718387687785,0.933644711971283,0.0,0.0,0.358146607875824,0.9240440130233765,0.0,0.0,0.3822859525680542,0.023614885897245086
180.88568258221898,955.3915080783615,0.0,7.174116936811009,0.9336842894554138,0.0,0.0,0.35804858803749084,0.9246339201927185,0.0,0.0,0.38085687160491943,-0.38594402412002327
182.32218758970836,953.7619975977783,0.0,7.201050921032359,0.9336947202682495,0.0,0.0,0.3580261766910553,0.9251876473426819,0.0,0.0,0.3795098066329956,0.02225458366384353
183.76848283840084,952.1228201586812,0.0,7.229586913238394,0.9336774349212646,0.0,0.0,0.35807549953460693,0.9257052540779114,0.0,0.0,0.37824547290802,-0.38738523584760076
185.22556350865023,950.4734924689319,0.0,7.259025179907611,0.9336345791816711,0.0,0.0,0.35819101333618164,0.9261873960494995,0.0,0.0,0.37706342339515686,0.020767802518933565
186.6941500289882,948.8138577756195,0.0,7.287899484916956,0.9335685968399048,0.0,0.0,0.35836607217788696,0.9266336560249329,0.0,0.0,0.37596529722213745,-0.38884353408039596
188.17467553166497,947.1440972676279,0.0,7.314710250585024,0.9334825277328491,0.0,0.0,0.3585926592350006,0.9270449280738831,0.0,0.0,0.37494993209838867,0.019413723444788755
189.66727745851827,945.464734744933,0.0,7.337957899230408,0.9333799481391907,0.0,0.0,0.3588614761829376,0.9274212718009949,0.0,0.0,0.3740180432796478,-0.3900176577493548
191.17178662882472,943.7766421026478,0.0,7.356142853171698,0.9332650899887085,0.0,0.0,0.3591615855693817,0.9277628660202026,0.0,0.0,0.3731696903705597,0.018495291427551908
192.68771375037448,942.0810456288112,0.0,7.367765534727486,0.9331424236297607,0.0,0.0,0.3594812750816345,0.9280699491500854,0.0,0.0,0.37240538001060486,-0.390604661868334
194.21423339242395,940.3795331002647,0.0,7.371326366216363,0.933017373085022,0.0,0.0,0.35980671644210815,0.9283430576324463,0.0,0.0,0.3717239499092102,0.018315451453366216
195.75016321428507,938.6740641618056,0.0,7.365314909461775,0.932896077632904,0.0,0.0,0.36012202501296997,0.9285786151885986,0.0,0.0,0.3711244463920593,-0.3903010529413346
197.2939198986863,936.9670044649715,0.0,7.348111028556118,0.9327853918075562,0.0,0.0,0.3604097366333008,0.9287821054458618,0.0,0.0,0.37060755491256714,0.019184334327389307
198.84348158814146,935.2611502146995,0.0,7.318030957296566,0.9326931238174438,0.0,0.0,0.3606497347354889,0.9289537072181702,0.0,0.0,0.3701725900173187,-0.38878185742317545
200.39636105763145,933.5597388801132,0.0,7.273390148168904,0.9326280951499939,0.0,0.0,0.3608194589614868,0.9290937185287476,0.0,0.0,0.36981841921806335,0.021438920646968174
201.94957729952634,931.8664601755686,0.0,7.212504053658914,0.9326000809669495,0.0,0.0,0.3608936369419098,0.9292027950286865,0.0,0.0,0.36954331398010254,-0.3857068021448931
203.4996258732873,930.185467299205,0.0,7.133688126252379,0.9326199889183044,0.0,0.0,0.3608437776565552,0.9292813539505005,0.0,0.0,0.3693457841873169,0.02541952304123768
205.04244876844456,928.5213880734758,0.0,7.035258327244942,0.9326997995376587,0.0,0.0,0.3606383800506592,0.9293314218521118,0.0,0.0,0.36922064423561096,-0.3807356001748206
206.57366583756945,926.8790552102637,0.0,6.916710654359204,0.9328525066375732,0.0,0.0,0.36024239659309387,0.9293603897094727,0.0,0.0,0.369148850440979,0.03140677924758806
208.08825233217812,925.2626275102809,0.0,6.781241353873094,0.9330909252166748,0.0,0.0,0.3596203923225403,0.9293820858001709,0.0,0.0,0.3690952956676483,-0.37389371631188567
209.57877966765722,923.6754030108348,0.0,6.632770031705561,0.933425784111023,0.0,0.0,0.3587411344051361,0.9294100999832153,0.0,0.0,0.3690257966518402,0.038905330872210875
211.03856825784737,922.1198007969853,0.0,6.475216293775558,0.9338651895523071,0.0,0.0,0.35757917165756226,0.9294561743736267,0.0,0.0,0.36891043186187744,-0.3659364568204714
212.46238286111574,920.5973417952238,0.0,6.31249974600201,0.9344263672828674,0.0,0.0,0.35611867904663086,0.929530143737793,0.0,0.0,0.36872395873069763,0.04712333833552135
213.8464373076404,919.1086289737118,0.0,6.148539994303914,0.93510502576828,0.0,0.0,0.3543400466442108,0.9296408891677856,0.0,0.0,0.3684433400630951,-0.35765566128016346
215.1883628301242,917.6533273175769,0.0,5.987256644600195,0.9359036684036255,0.0,0.0,0.35223105549812317,0.9297958016395569,0.0,0.0,0.36804890632629395,0.055268962057931414
216.48714599916957,916.2301438699674,0.0,5.832569302809806,0.9368236064910889,0.0,0.0,0.34978145360946655,0.9300013184547424,0.0,0.0,0.3675224184989929,-0.34984316927054787
217.74304185702792,914.8368080319098,0.0,5.688397574851696,0.9378647208213806,0.0,0.0,0.3469844162464142,0.930267333984375,0.0,0.0,0.3668517470359802,0.06255036245985612
218.95746704076768,913.4700521988266,0.0,5.5586610666448,0.9390257000923157,0.0,0.0,0.343833327293396,0.9305959343910217,0.0,0.0,0.3660202622413635,-0.34329082037120967
220.1328765391872,912.1255926812121,0.0,5.4472793841081,0.940304696559906,0.0,0.0,0.34032273292541504,0.9309920072555542,0.0,0.0,0.36501431465148926,0.06817569996170969
221.2725077103028,910.7982501622066,0.0,5.357610335590033,0.9416994452476501,0.0,0.0,0.33644601702690125,0.9314604997634888,0.0,0.0,0.3638196587562561,-0.33876208054706486
222.37912031119075,909.4832771419092,0.0,5.287617467975499,0.9432078003883362,0.0,0.0,0.3321956694126129,0.9320049285888672,0.0,0.0,0.36242473125457764,0.071710693275575
223.45433880928888,908.1771184118397,0.0,5.2322574281116,0.9448271989822388,0.0,0.0,0.3275628685951233,0.9326300621032715,0.0,0.0,0.36081477999687195,-0.335966118937777
224.49867992862482,906.8774419060164,0.0,5.18645428279061,0.9465547204017639,0.0,0.0,0.32253772020339966,0.9333394765853882,0.0,0.0,0.35897743701934814,0.07402398344330174
225.5116164601604,905.5831619473229,0.0,5.145132098804817,0.9483871459960938,0.0,0.0,0.31710997223854065,0.9341369867324829,0.0,0.0,0.356898695230484,-0.3338791399485955
226.49166887149784,904.2944631052736,0.0,5.103214942946496,0.9503203630447388,0.0,0.0,0.3112693130970001,0.9350255727767944,0.0,0.0,0.35456591844558716,0.0761410115169543
227.4365234041541,903.0128247250739,0.0,5.055626882007922,0.9523493051528931,0.0,0.0,0.3050061762332916,0.9360073804855347,0.0,0.0,0.3519672155380249,-0.3314757025274554
228.34320626749596,901.7410011042064,0.0,4.997468170615804,0.9544668793678284,0.0,0.0,0.2983137369155884,0.9370843768119812,0.0,0.0,0.3490909934043884,0.07907832017312189
229.20886188002518,900.4821285142888,0.0,4.927423346963041,0.9566651582717896,0.0,0.0,0.29118800163269043,0.9382567405700684,0.0,0.0,0.3459290564060211,-0.3279380851712552
230.03137564582522,899.2388730460136,0.0,4.847519017940363,0.9589338302612305,0.0,0.0,0.2836281657218933,0.9395241141319275,0.0,0.0,0.3424728810787201,0.08311389234598437
230.80935442973234,898.0133874306669,0.0,4.759909460942729,0.9612612128257751,0.0,0.0,0.275637686252594,0.940885603427887,0.0,0.0,0.33871519565582275,-0.3235133600703646
231.54207124822386,896.8072999149244,0.0,4.66674895336511,0.9636340737342834,0.0,0.0,0.26722392439842224,0.9423392415046692,0.0,0.0,0.33465081453323364,0.08781896848626813
232.22940018210153,895.6217030522844,0.0,4.57019177260247,0.966037929058075,0.0,0.0,0.2583989202976227,0.9438821077346802,0.0,0.0,0.33027493953704834,-0.3186367347793222
232.87174335222295,894.4571425545868,0.0,4.472392196049768,0.9684571027755737,0.0,0.0,0.2491791695356369,0.9455110430717468,0.0,0.0,0.32558315992355347,0.09275834103943495
233.46995171323317,893.3136063191838,0.0,4.375504501101995,0.9708749055862427,0.0,0.0,0.23958535492420197,0.9472214579582214,0.0,0.0,0.3205735981464386,-0.313743416852667
234.02524122464607,892.1905137146128,0.0,4.281682965154109,0.9732746481895447,0.0,0.0,0.22964292764663696,0.9490088820457458,0.0,0.0,0.3152434825897217,0.09749680245094433
234.5391056631615,891.0867051704821,0.0,4.193081865601076,0.9756392240524292,0.0,0.0,0.21938049793243408,0.9508680701255798,0.0,0.0,0.30959105491638184,-0.3092686138449381
235.01322695462528,890.0004320761909,0.0,4.111855479837864,0.9779517650604248,0.0,0.0,0.20883023738861084,0.9527938365936279,0.0,0.0,0.3036133050918579,0.10159914516625809
235.4493833638898,888.9293471375008,0.0,4.040157373217738,0.9801962971687317,0.0,0.0,0.1980273425579071,0.9547800421714783,0.0,0.0,0.2973082363605499,-0.3056474973489721
235.84927791896126,887.8707087591139,0.0,3.979337980233251,0.9823580384254456,0.0,0.0,0.18700863420963287,0.9568212032318115,0.0,0.0,0.2906727194786072,0.1046708316806261
236.21426355310763,886.8220019504846,0.0,3.928403772408698,0.9844232797622681,0.0,0.0,0.1758134514093399,0.9589113593101501,0.0,0.0,0.28370195627212524,-0.3030750626103583
236.5453312850467,885.7810572126182,0.0,3.885935908951292,0.9863797426223755,0.0,0.0,0.16448284685611725,0.9610425233840942,0.0,0.0,0.27639704942703247,0.10681567326938399
236.84316056725427,884.7460575926501,0.0,3.850515549068235,0.9882166385650635,0.0,0.0,0.15306082367897034,0.9632028937339783,0.0,0.0,0.26877203583717346,-0.3012861555455575
237.10867361925668,883.7155736902268,0.0,3.8207238519667035,0.9899251461029053,0.0,0.0,0.14159050583839417,0.9653778672218323,0.0,0.0,0.26085227727890015,0.10832030443612803
237.34333427809386,882.6885841554554,0.0,3.7951419768539076,0.9914991855621338,0.0,0.0,0.13011154532432556,0.9675533175468445,0.0,0.0,0.25266385078430176,-0.2999941416509718
237.54844757375548,881.664440085112,0.0,3.7723510829370306,0.9929348230361938,0.0,0.0,0.1186596229672432,0.9697156548500061,0.0,0.0,0.24423383176326752,0.10947135968445515
237.72514949331267,880.6428679119172,0.0,3.750932329423272,0.9942300915718079,0.0,0.0,0.10726721584796906,0.9718525409698486,0.0,0.0,0.23558706045150757,-0.2989123864230042
237.8744622220733,879.6239757254303,0.0,3.7294672884999858,0.995384693145752,0.0,0.0,0.09596420079469681,0.9739524126052856,0.0,0.0,0.2267494797706604,0.11055545266037867
237.99735675130773,878.608152738076,0.0,3.706926038367909,0.9963998198509216,0.0,0.0,0.08477737754583359,0.9760048985481262,0.0,0.0,0.21774603426456451,-0.29777393944663666
238.0948127814062,877.595767973128,0.0,3.6833885215739683,0.997278094291687,0.0,0.0,0.0737311840057373,0.978000283241272,0.0,0.0,0.2086014449596405,0.11174421613482008
238.16781774143308,876.5871154449652,0.0,3.6591315891456286,0.9980230927467346,0.0,0.0,0.06284766644239426,0.9799299240112305,0.0,0.0,0.19934038817882538,-0.2965488418492458
238.21735663751565,875.5824129496337,0.0,3.6344320921103748,0.9986394643783569,0.0,0.0,0.05214651674032211,0.9817864894866943,0.0,0.0,0.18998569250106812,0.11299166548003495
238.24440270070463,874.5818009215479,0.0,3.6095668814956934,0.9991324543952942,0.0,0.0,0.04164492338895798,0.9835634827613831,0.0,0.0,0.18056097626686096,-0.2952930231313326
238.24990881448971,873.5853413553277,0.0,3.5848128083290485,0.9995082020759583,0.0,0.0,0.031358085572719574,0.985255777835846,0.0,0.0,0.17108651995658875,0.11424187119552207
238.23479969694955,872.5930167911049,0.0,3.560446723637934,0.9997731447219849,0.0,0.0,0.021299393847584724,0.9868589639663696,0.0,0.0,0.16158273816108704,-0.2940624127933975
238.19996480826197,871.6047293611139,0.0,3.536745478449815,0.9999340772628784,0.0,0.0,0.01148020289838314,0.9883695244789124,0.0,0.0,0.15207017958164215,0.11543890378078059
238.1462519509654,870.6202998948778,0.0,3.5139859237921782,0.9999980926513672,0.0,0.0,0.0019109724089503288,0.9897850751876831,0.0,0.0,0.14256693422794342,-0.29291294033594106
238.07446152792056,869.6394670798993,0.0,3.4924449106925057,0.9999724626541138,0.0,0.0,-0.007399761117994785,0.9911039471626282,0.0,0.0,0.13308954238891602,0.11652683373530945
237.98534260706987,868.6618985389665,0.0,3.4723571973290888,0.9998645186424255,0.0,0.0,-0.01644427329301834,0.9923251867294312,0.0,0.0,0.12365472316741943,-0.2918984093579907
237.87959645115032,867.6872504296832,0.0,3.453744474179686,0.999681830406189,0.0,0.0,-0.025216424837708473,0.993448793888092,0.0,0.0,0.11427735537290573,0.11746687025800659
237.75788103299766,866.7151866240357,0.0,3.4365611741034767,0.9994314312934875,0.0,0.0,-0.03370990604162216,0.9944751858711243,0.0,0.0,0.10497085005044937,-0.29103056591979837
237.62081450758902,865.7453790598356,0.0,3.4207617042569933,0.9991207718849182,0.0,0.0,-0.04192012548446655,0.9954054951667786,0.0,0.0,0.09574722498655319,0.11826482328055629
237.46897849872246,864.777508068826,0.0,3.406300471796765,0.9987570643424988,0.0,0.0,-0.0498414970934391,0.9962412714958191,0.0,0.0,0.08661967515945435,-0.2903002006440293
237.30292121207103,863.811262689649,0.0,3.393131883879312,0.9983471632003784,0.0,0.0,-0.05746947228908539,0.996984601020813,0.0,0.0,0.07759768515825272,0.11892990347840748
237.12316038504792,862.8463409666342,0.0,3.381210347661164,0.9978982210159302,0.0,0.0,-0.06479962915182114,0.9976378679275513,0.0,0.0,0.06869129091501236,-0.28969810285523395
236.9301860831111,861.8824502352803,0.0,3.370490270298844,0.9974170327186584,0.0,0.0,-0.07182713598012924,0.9982037544250488,0.0,0.0,0.0599093958735466,0.11947132152700951
236.7244633513699,860.9193073952476,0.0,3.360926058948883,0.9969103336334229,0.0,0.0,-0.07854709029197693,0.998685359954834,0.0,0.0,0.051259662955999374,-0.2892150618779632
236.50643472963824,859.9566391716227,0.0,3.352472120767806,0.9963846802711487,0.0,0.0,-0.08495421707630157,0.9990858435630798,0.0,0.0,0.04274868965148926,0.11989828810181138
236.27652263838326,858.9941823651527,0.0,3.345082862912137,0.9958468079566956,0.0,0.0,-0.0910429060459137,0.9994086623191833,0.0,0.0,0.03438396379351616,-0.2888418670367678
236.0351316423767,858.0316840921059,0.0,3.338712692538406,0.9953030347824097,0.0,0.0,-0.0968073159456253,0.999657392501831,0.0,0.0,0.026171572506427765,0.12022001387826242
235.78264579971858,857.0688766661297,0.0,3.3334036938445637,0.9947595596313477,0.0,0.0,-0.10224110633134842,0.9998356699943542,0.0,0.0,0.01812339387834072,-0.288573735789604
235.51954946928527,856.1053733887397,0.0,3.329557680262309,0.9942224025726318,0.0,0.0,-0.10733819007873535,0.9999473690986633,0.0,0.0,0.010252613574266434,0.12041425698847727
235.24651750745008,855.1406408182546,0.0,3.327668710507897,0.9936975240707397,0.0,0.0,-0.11209362745285034,0.9999966621398926,0.0,0.0,0.0025726845487952232,-0.2884783332767549
234.9641802701436,854.173997615237,0.0,3.328230843352141,0.9931901693344116,0.0,0.0,-0.11650337278842926,0.9999880194664001,0.0,0.0,-0.00490481685847044,0.12038586644078814
234.67309791873586,853.2046134444615,0.0,3.3317381375658583,0.9927052855491638,0.0,0.0,-0.12056513875722885,0.9999260902404785,0.0,0.0,-0.012169154360890388,-0.2886554693481547
234.37376111876037,852.231507927672,0.0,3.338684651919867,0.9922475814819336,0.0,0.0,-0.12427688390016556,0.9998157024383545,0.0,0.0,-0.01921137422323227,0.12003503238250487
234.0665935370025,851.2535496410228,0.0,3.3495644451849835,0.9918208718299866,0.0,0.0,-0.12763749063014984,0.9996615648269653,0.0,0.0,-0.026021743193268776,-0.2892049538564939
233.75195617751004,850.2694551509069,0.0,3.3648715761320194,0.9914289116859436,0.0,0.0,-0.13064655661582947,0.9994689226150513,0.0,0.0,-0.03259192034602165,0.1192619449609374
233.4301573520364,849.2777994774373,0.0,3.3850612364889674,0.9910750389099121,0.0,0.0,-0.13330425322055817,0.9992426037788391,0.0,0.0,-0.03891580551862717,-0.2902246336725014
233.10151294709377,848.2771871699108,0.0,3.4100033168054313,0.9907621145248413,0.0,0.0,-0.13561038672924042,0.9989875555038452,0.0,0.0,-0.04498840123414993,0.11800224393485337
232.76631244712627,847.2663860051083,0.0,3.439115223664639,0.9904927015304565,0.0,0.0,-0.1375647634267807,0.9987086057662964,0.0,0.0,-0.05080662667751312,-0.291694931998724
232.42483802106338,846.2443320932421,0.0,3.4718026128656274,0.9902688264846802,0.0,0.0,-0.13916632533073425,0.9984101057052612,0.0,0.0,-0.056367021054029465,0.11635136569237917
232.07745574332748,845.2101315027525,0.0,3.5074711402074286,0.9900857210159302,0.0,0.0,-0.1404123157262802,0.9980968236923218,0.0,0.0,-0.06166592240333557,-0.29349637277356244
231.7246281095694,844.1630618456257,0.0,3.5455264614891018,0.9899562001228333,0.0,0.0,-0.14130187034606934,0.9977730512619019,0.0,0.0,-0.06670010089874268,0.11442937976906237
231.36692205130274,843.1025738279649,0.0,3.5853742325096682,0.9898802638053894,0.0,0.0,-0.14183111488819122,0.9974430799484253,0.0,0.0,-0.07146532088518143,-0.2955088864614699
231.00501533782835,842.0282927676462,0.0,3.6264201090681913,0.9898576140403748,0.0,0.0,-0.14199544489383698,0.9971110820770264,0.0,0.0,-0.07595745474100113,0.11235635570045013
230.6397012374871,840.9400200782145,0.0,3.668069746963702,0.9898878931999207,0.0,0.0,-0.1417895406484604,0.9967809915542603,0.0,0.0,-0.08017312735319138,-0.29761240352689977
230.27189129076444,839.8377347157735,0.0,3.709728801995231,0.9899704456329346,0.0,0.0,-0.14120681583881378,0.9964566826820374,0.0,0.0,-0.08410757035017014,0.11025236302209013
229.90261603468733,838.7215945835035,0.0,3.750802929961841,0.9901044368743896,0.0,0.0,-0.14024022221565247,0.9961421489715576,0.0,0.0,-0.08775345981121063,-0.2996868544343043
229.53302351167324,837.591937886599,0.0,3.7906977866625526,0.9902981519699097,0.0,0.0,-0.13888296484947205,0.9958410859107971,0.0,0.0,-0.09110742807388306,0.10823747126952893
229.16437539692248,836.4492844289207,0.0,3.828819027896426,0.9905449151992798,0.0,0.0,-0.1371256709098816,0.9955568313598633,0.0,0.0,-0.09416302293539047,-0.3016121696481363
228.7980405869713,835.2943368414428,0.0,3.864572309462496,0.9908440113067627,0.0,0.0,-0.1349591463804245,0.9952927827835083,0.0,0.0,-0.09691411256790161,0.10643174997831328
228.43548602204382,834.127981450332,0.0,3.897364226899304,0.9911938905715942,0.0,0.0,-0.13237479329109192,0.9950520396232605,0.0,0.0,-0.0993545725941658,-0.30326832709443974
228.07824140988234,832.9512112433392,0.0,3.926861791357981,0.9915923476219177,0.0,0.0,-0.12936431169509888,0.994837760925293,0.0,0.0,-0.1014777272939682,0.1049419739955518
227.72783402728876,831.764941834183,0.0,3.953346422603226,0.9920364618301392,0.0,0.0,-0.12592081725597382,0.9946523904800415,0.0,0.0,-0.10327793657779694,-0.3046059347330885
227.38577646532664,830.5699840398544,0.0,3.9771881073027,0.992522120475769,0.0,0.0,-0.12203899770975113,0.9944987893104553,0.0,0.0,-0.10474711656570435,0.10373784850567944
227.05356418578648,829.3670429376225,0.0,3.998756832124044,0.9930447340011597,0.0,0.0,-0.11771577596664429,0.9943789839744568,0.0,0.0,-0.1058790311217308,-0.30569526426952
226.73267450158306,828.1567169592757,0.0,4.018422583734907,0.9935985803604126,0.0,0.0,-0.11295026540756226,0.9942947626113892,0.0,0.0,-0.10666684061288834,0.10274462872735299
226.42456704629106,826.9394970291397,0.0,4.036555348802946,0.9941769242286682,0.0,0.0,-0.1077447235584259,0.9942461252212524,0.0,0.0,-0.1071024090051651,-0.3066110604850775
226.13068578744904,825.715765751349,0.0,4.053525113995806,0.9947722554206848,0.0,0.0,-0.10210486501455307,0.9942378997802734,0.0,0.0,-0.10717929899692535,0.10188756987922873
225.8524626303599,824.4857966508794,0.0,4.069701865981143,0.9953763484954834,0.0,0.0,-0.096039779484272,0.9942684173583984,0.0,0.0,-0.10688907653093338,-0.30742806816110463
225.59132265402232,823.2497534720636,0.0,4.0854555914266015,0.9959802627563477,0.0,0.0,-0.08956305682659149,0.9943355321884155,0.0,0.0,-0.10622431337833405,0.10109192717996315
225.34869101861813,822.0076895375734,0.0,4.101156276999833,0.996574342250824,0.0,0.0,-0.0826926976442337,0.9944474697113037,0.0,0.0,-0.10517729818820953,-0.30822103207894463
225.12600158475018,820.7595471703083,0.0,4.117173909368492,0.9971489310264587,0.0,0.0,-0.0754513368010521,0.9945991039276123,0.0,0.0,-0.10373951494693756,0.10028295584821273
224.92470728843537,819.5051571801856,0.0,4.133878475200217,0.9976940155029297,0.0,0.0,-0.06786400824785233,0.9947894811630249,0.0,0.0,-0.10190272331237793,-0.3090646970199409
224.74629232277246,818.244238417507,0.0,4.151639961162674,0.9981998205184937,0.0,0.0,-0.05996764078736305,0.9950173497200012,0.0,0.0,-0.09965828061103821,0.09938591110263412
224.59228618728832,816.9763973944371,0.0,4.170828353923505,0.9986571669578552,0.0,0.0,-0.05179707333445549,0.9952806830406189,0.0,0.0,-0.09699691087007523,-0.31003380776543743
224.4642796792808,815.7011279760754,0.0,4.191813640150355,0.9990575909614563,0.0,0.0,-0.043394092470407486,0.9955770373344421,0.0,0.0,-0.09391007572412491,0.09832604816188414
224.3639429181051,814.4178111427422,0.0,4.214965806510885,0.9993938207626343,0.0,0.0,-0.034805119037628174,0.9959031939506531,0.0,0.0,-0.09039044380187988,-0.31120310909677734
224.29304558122223,813.125716408903,0.0,4.240649644278285,0.9996595978736877,0.0,0.0,-0.026081234216690063,0.9962535500526428,0.0,0.0,-0.0864463597536087,0.0970288846382781
224.25313977723803,811.8240656388217,0.0,4.269020444043548,0.9998506307601929,0.0,0.0,-0.01727599836885929,0.996620774269104,0.0,0.0,-0.08210824429988861,-0.31263597777179064
224.24427974586243,810.5121176591866,0.0,4.299956909601941,0.9999642372131348,0.0,0.0,-0.008440354838967323,0.9969968795776367,0.0,0.0,-0.07741159200668335,0.0954664368828037
224.26609013777534,809.1891745323131,0.0,4.333318806709836,0.9999997615814209,0.0,0.0,0.0003789239563047886,0.9973741769790649,0.0,0.0,-0.07239171117544174,-0.31432092207016915
224.31821779405087,807.8545820516013,0.0,4.368965901123624,0.9999581575393677,0.0,0.0,0.009139024652540684,0.9977455139160156,0.0,0.0,-0.06708265095949173,0.09366607857907705
224.40032140060367,806.5077302235744,0.0,4.4067579585996635,0.9998413920402527,0.0,0.0,0.017800655215978622,0.9981043338775635,0.0,0.0,-0.06151672080159187,-0.3162296118416863
224.51206128649687,805.148053736726,0.0,4.4465547448943505,0.9996532201766968,0.0,0.0,0.026327963918447495,0.9984446167945862,0.0,0.0,-0.05572504177689552,0.09165613987732515
224.65308942257266,803.7750324170719,0.0,4.488216025764051,0.9993980526924133,0.0,0.0,0.03468786180019379,0.9987608790397644,0.0,0.0,-0.04973902180790901,-0.31833371693611556
224.82303961847236,802.388191670039,0.0,4.531601566965132,0.9990813732147217,0.0,0.0,0.042850274592638016,0.9990483522415161,0.0,0.0,-0.043588437139987946,0.08946495092777557
225.02151792169312,800.9871029080057,0.0,4.576571134253991,0.9987093210220337,0.0,0.0,0.05078765004873276,0.9993029832839966,0.0,0.0,-0.03730200603604317,-0.32060490720322965
225.24809322767757,799.5713839625655,0.0,4.622984493386984,0.9982887506484985,0.0,0.0,0.058474935591220856,0.9995213150978088,0.0,0.0,-0.030907008796930313,0.08712084188065469
225.50228811508313,798.1406994803053,0.0,4.670701410120508,0.997826874256134,0.0,0.0,0.06588928401470184,0.9997006058692932,0.0,0.0,-0.02443058043718338,-0.3230148524928016
225.7835699252845,796.6947613006544,0.0,4.719581650210929,0.9973311424255371,0.0,0.0,0.07300957292318344,0.9998389482498169,0.0,0.0,-0.01789858750998974,0.08465214288618902
226.09134210984794,795.2333288141245,0.0,4.769484979414613,0.9968095421791077,0.0,0.0,0.07981639355421066,0.9999348521232605,0.0,0.0,-0.011336235329508781,-0.3255352226546038
226.4249358741427,793.7562092990422,0.0,4.820271163487959,0.9962697625160217,0.0,0.0,0.08629190176725388,0.999987781047821,0.0,0.0,-0.0047680106945335865,0.08208718409460586
226.78360214943456,792.2632582346662,0.0,4.871799968187319,0.9957200884819031,0.0,0.0,0.09241940826177597,0.9999975562095642,0.0,0.0,0.0017829774878919125,-0.32813768753840983
227.1665039296916,790.7543795884096,0.0,4.923931159269094,0.9951683282852173,0.0,0.0,0.09818316251039505,0.9999648332595825,0.0,0.0,0.00829382985830307,0.07945429565613235
227.57270901294163,789.2295260747057,0.0,4.9765245024390685,0.9946222901344299,0.0,0.0,0.10356804728507996,0.9998906850814819,0.0,0.0,0.014742864295840263,-0.3307939169914388
228.00117455114605,787.6887298455898,0.0,5.029340319660795,0.9940899014472961,0.0,0.0,0.10855982452630997,0.9997766017913818,0.0,0.0,0.02110893651843071,0.07678683013988352
228.4507042447227,786.1322215605937,0.0,5.081750644525289,0.9935784339904785,0.0,0.0,0.11314508318901062,0.9996247887611389,0.0,0.0,0.02737121656537056,-0.3334409030957062
228.91992728146153,784.5604592927492,0.0,5.133032753884185,0.9930950999259949,0.0,0.0,0.11731189489364624,0.9994379281997681,0.0,0.0,0.03351004421710968,0.0741968246167069
229.407287929776,782.9741281697283,0.0,5.182463924589169,0.9926463961601257,0.0,0.0,0.12104999274015427,0.9992188215255737,0.0,0.0,0.03950565680861473,-0.3359374268686851
229.91103889034954,781.3741397733127,0.0,5.229321433491891,0.9922382235527039,0.0,0.0,0.12435123324394226,0.998971164226532,0.0,0.0,0.0453389547765255,0.07183028376303408
230.4292386813279,779.7616312838244,0.0,5.272882557443998,0.9918757081031799,0.0,0.0,0.12721006572246552,0.9986987113952637,0.0,0.0,0.05099111795425415,-0.338137483633943
230.95975331456722,778.1379643580542,0.0,5.312424573297177,0.991563081741333,0.0,0.0,0.12962359189987183,0.9984052777290344,0.0,0.0,0.05644545704126358,0.0698332122552977
231.50026292937645,776.504722410987,0.0,5.347229084106004,0.9913038015365601,0.0,0.0,0.13159194588661194,0.9980953335762024,0.0,0.0,0.06168371066451073,-0.3398952872101464
232.04835128836177,774.8634743863994,0.0,5.377346486801188,0.9910998940467834,0.0,0.0,0.13311885297298431,0.9977734088897705,0.0,0.0,0.06668876856565475,0.06831213131109654
232.60169136996595,773.2152715413285,0.0,5.404474763063401,0.9909470677375793,0.0,0.0,0.13421118259429932,0.9974441528320312,0.0,0.0,0.07144481688737869,-0.3412654021728845
233.15808320253902,771.5605839723548,0.0,5.430524695726684,0.9908544421195984,0.0,0.0,0.1348818987607956,0.997112512588501,0.0,0.0,0.07593467831611633,0.06699647814628429
233.71545978603064,769.8993028624491,0.0,5.457407067625103,0.9908187389373779,0.0,0.0,0.1351466178894043,0.9967830181121826,0.0,0.0,0.08014366775751114,-0.3426230977233097
234.27188178391387,768.2307434091572,0.0,5.4870326615926945,0.9908359050750732,0.0,0.0,0.13502541184425354,0.9964609146118164,0.0,0.0,0.08405454456806183,0.06550023602670896
234.8255199178072,766.5536504649821,0.0,5.521305657018099,0.9909010529518127,0.0,0.0,0.13454309105873108,0.9961509108543396,0.0,0.0,0.08765250444412231,-0.3443540570882291
235.37451752291113,764.8665390032905,0.0,5.56102169179046,0.9910088181495667,0.0,0.0,0.13372927904129028,0.9958579540252686,0.0,0.0,0.09092069417238235,0.06349437568467048
235.91673687740735,763.1684066038736,0.0,5.6046328515131645,0.9911532998085022,0.0,0.0,0.13261841237545013,0.9955868721008301,0.0,0.0,0.0938425064086914,-0.34655664091260807
236.44972664336584,761.4588217174544,0.0,5.650293304808814,0.9913377165794373,0.0,0.0,0.1312522143125534,0.9953423738479614,0.0,0.0,0.09640084952116013,0.06118829218489019
236.97073100449657,759.7379205829561,0.0,5.696157220299984,0.9915472269058228,0.0,0.0,0.12967626750469208,0.9951291680335999,0.0,0.0,0.09857747703790665,-0.34887300028084894
237.4767108170603,758.0064033958682,0.0,5.7403787666092825,0.9917739629745483,0.0,0.0,0.12794367969036102,0.9949510097503662,0.0,0.0,0.10035921633243561,0.058954880755127614
237.9643975674486,756.2654691656637,0.0,5.781313275929022,0.9920095801353455,0.0,0.0,0.12611496448516846,0.9948089718818665,0.0,0.0,0.10175701230764389,-0.3509403997414418
238.43165859592042,754.5163968277676,0.0,5.8186946457636175,0.9922454953193665,0.0,0.0,0.12425465881824493,0.9947008490562439,0.0,0.0,0.10280928015708923,0.057066932783683355
238.87939571253736,752.7603703831812,0.0,5.852834727806919,0.9924740195274353,0.0,0.0,0.1224236860871315,0.9946233630180359,0.0,0.0,0.10355737060308456,-0.35266464630928535
239.3090919322335,750.9984783040718,0.0,5.884047345940593,0.9926885366439819,0.0,0.0,0.12067843228578568,0.9945704936981201,0.0,0.0,0.10404187440872192,0.055490537928447325
239.72235705263626,749.2317136542432,0.0,5.912646324046332,0.9928831458091736,0.0,0.0,0.11907149851322174,0.99454265832901,0.0,0.0,0.10430285334587097,-0.35410903914290853
240.12091441953203,747.4609743332087,0.0,5.938945486005807,0.9930528402328491,0.0,0.0,0.11765123903751373,0.9945348501205444,0.0,0.0,0.10437831282615662,0.054162297425443595
240.50658901990715,745.6870634473203,0.0,5.963258655700693,0.9931867122650146,0.0,0.0,0.11646170914173126,0.9945425987243652,0.0,0.0,0.10430538654327393,-0.35533697700628664
240.8812969913008,743.910689810873,0.0,5.985899657012683,0.9932907223701477,0.0,0.0,0.11554549634456635,0.9945617318153381,0.0,0.0,0.10412061959505081,0.05301881251069657
241.24703662393568,742.1324685796967,0.0,6.007182313823446,0.9933602809906006,0.0,0.0,0.11494071036577225,0.9945885539054871,0.0,0.0,0.10385889559984207,-0.3564118586633958
241.60588092148663,740.3529220194606,0.0,6.02742045001467,0.9933910369873047,0.0,0.0,0.11468220502138138,0.9946195483207703,0.0,0.0,0.10355424880981445,0.05199668442023064
241.95997177746978,738.5724804107542,0.0,6.046927889468031,0.993378221988678,0.0,0.0,0.11480192095041275,0.9946514964103699,0.0,0.0,0.10323947668075562,-0.357397082878212
242.31151581714,736.7914830929875,0.0,6.066018456065202,0.9933169484138489,0.0,0.0,0.11532893776893616,0.9946812987327576,0.0,0.0,0.10294655710458755,0.051032514390070505
242.66278194951488,735.0101796492492,0.0,6.085005973687876,0.993201732635498,0.0,0.0,0.11628927290439606,0.9947059154510498,0.0,0.0,0.10270610451698303,-0.3583560484147107
243.01610067073597,733.2287312345325,0.0,6.104204266217719,0.9930373430252075,0.0,0.0,0.11770686507225037,0.9947222471237183,0.0,0.0,0.1025480106472969,0.05006290365624
243.3738651584695,731.4472120501047,0.0,6.123927157536426,0.9928131103515625,0.0,0.0,0.11960051953792572,0.9947273135185242,0.0,0.0,0.10250138491392136,-0.3593521540368676
243.73853413050549,729.6656112907227,0.0,6.144487354329975,0.9925245046615601,0.0,0.0,0.12198597192764282,0.9947178959846497,0.0,0.0,0.10259456932544708,0.049024509878788036
244.11262320761466,727.8838979360173,0.0,6.165979087635101,0.9921665787696838,0.0,0.0,0.12487483024597168,0.9946907162666321,0.0,0.0,0.10285379737615585,-0.36043759511288403
244.49867918203296,726.102159131604,0.0,6.188017866997599,0.9917338490486145,0.0,0.0,0.12827467918395996,0.9946421980857849,0.0,0.0,0.1033058762550354,0.04791144021401539
244.89927554448494,724.3206166274217,0.0,6.210155759032159,0.9912205934524536,0.0,0.0,0.1321886032819748,0.994568407535553,0.0,0.0,0.10397575050592422,-0.36155567046816484
245.31700904398292,722.539624511832,0.0,6.23194483035349,0.9906209111213684,0.0,0.0,0.13661542534828186,0.9944737553596497,0.0,0.0,0.10488848388195038,0.04681098206647344
245.75449352953333,720.7596667224346,0.0,6.252937147576286,0.9899284839630127,0.0,0.0,0.1415495127439499,0.9943497776985168,0.0,0.0,0.10606659948825836,-0.36261588850972015
246.21435101100013,718.981354329732,0.0,6.2726847773152405,0.9891371726989746,0.0,0.0,0.1469809114933014,0.9941931962966919,0.0,0.0,0.1075323298573494,0.045813627029152426
246.69919988341218,717.2054225913178,0.0,6.290739786185067,0.988240659236908,0.0,0.0,0.1528952717781067,0.9940004944801331,0.0,0.0,0.10930588841438293,-0.3635277576445598
247.21164027017977,715.4327277761193,0.0,6.306654240800452,0.9872329831123352,0.0,0.0,0.1592741161584854,0.9937679767608643,0.0,0.0,0.11140690743923187,0.04500986669504209
247.75423645608322,713.6642437603774,0.0,6.319980207776105,0.9861086010932922,0.0,0.0,0.16609500348567963,0.9934914112091064,0.0,0.0,0.11385246366262436,-0.3642007862796938
248.32949640052573,711.9010583995431,0.0,6.330269753726718,0.9848625659942627,0.0,0.0,0.1733318418264389,0.993166446685791,0.0,0.0,0.11665821075439453,0.04449019265713233
248.9398483454605,710.1443696830496,0.0,6.337074945266998,0.9834904670715332,0.0,0.0,0.18095538020133972,0.9927883148193359,0.0,0.0,0.11983774602413177,-0.36454448282213225
249.58761456056826,708.3954816820406,0.0,6.339947849011636,0.9819891452789307,0.0,0.0,0.18893344700336456,0.9923521876335144,0.0,0.0,0.12340164929628372,0.044345096508413284
250.27498230066524,706.6558003035623,0.0,6.3384405315753405,0.9803563356399536,0.0,0.0,0.19723151624202728,0.9918525815010071,0.0,0.0,0.1273580938577652,-0.36446835567888497
251.0039720868819,704.9268288684603,0.0,6.332105059572804,0.9785908460617065,0.0,0.0,0.2058127373456955,0.9912840127944946,0.0,0.0,0.13171358406543732,0.04466506984187468
251.77640346375563,703.2101635342627,0.0,6.320493499618732,0.9766929149627686,0.0,0.0,0.2146391123533249,0.9906411170959473,0.0,0.0,0.136467844247818,-0.3638819132569621
252.5938635475609,701.5074782645229,0.0,6.303196243121202,0.9746640920639038,0.0,0.0,0.223671555519104,0.9899197816848755,0.0,0.0,0.1416083127260208,0.04553866865488121
253.45723207238805,699.8205688726797,0.0,6.280335743801361,0.9725069999694824,0.0,0.0,0.2328716367483139,0.9891181588172913,0.0,0.0,0.14710526168346405,-0.3627273425842429
254.36484458813993,698.1519484414863,0.0,6.252423850324489,0.9702246785163879,0.0,0.0,0.24220505356788635,0.9882352948188782,0.0,0.0,0.15292523801326752,0.04694836024462218
255.3142730379487,696.5041860642542,0.0,6.219981328188003,0.9678199887275696,0.0,0.0,0.2516425549983978,0.987270176410675,0.0,0.0,0.15903812646865845,-0.3610888313652284
256.3030762189573,694.87963282941,0.0,6.183528942889348,0.9652954339981079,0.0,0.0,0.2611594498157501,0.9862217307090759,0.0,0.0,0.16541653871536255,0.048789389805160344
257.328827106131,693.2804186411486,0.0,6.143587459925932,0.9626535773277283,0.0,0.0,0.27073538303375244,0.9850887060165405,0.0,0.0,0.1720360368490219,-0.35907158475091444
258.3891383549665,691.7084512150765,0.0,6.100677644795192,0.9598966836929321,0.0,0.0,0.2803531587123871,0.9838705062866211,0.0,0.0,0.17887207865715027,0.05095655218550077
259.48168604715045,690.165417136862,0.0,6.05532026299457,0.9570267796516418,0.0,0.0,0.2899989187717438,0.9825663566589355,0.0,0.0,0.18590381741523743,-0.3567808078922972
260.60423166469997,688.6527848958287,0.0,6.008036080021468,0.9540453553199768,0.0,0.0,0.29966166615486145,0.9811751246452332,0.0,0.0,0.19311276078224182,0.0533446422346473
261.75464229897875,687.1718097950779,0.0,5.959345861373342,0.9509537220001221,0.0,0.0,0.3093326985836029,0.9796962738037109,0.0,0.0,0.20048043131828308,-0.35432170594037166
262.9309091192092,685.7235406330577,0.0,5.909770372547593,0.9477525353431702,0.0,0.0,0.31900593638420105,0.9781292080879211,0.0,0.0,0.20799225568771362,0.055848454801604386
264.1311641408044,684.3088280484126,0.0,5.859830379041665,0.9444422125816345,0.0,0.0,0.32867684960365295,0.9764732718467712,0.0,0.0,0.21563312411308289,-0.3517994840461329
265.353695347066,682.9283344203293,0.0,5.810046646352994,0.9410226941108704,0.0,0.0,0.33834269642829895,0.9747277498245239,0.0,0.0,0.22339126467704773,0.05836278473537565
266.596960228656,681.5825452203339,0.0,5.760939939978987,0.9374933242797852,0.0,0.0,0.34800243377685547,0.9728921055793762,0.0,0.0,0.23125512897968292,-0.34931934736057696
267.85959781378534,680.2717817184783,0.0,5.713031025417095,0.9338530898094177,0.0,0.0,0.35765600204467773,0.9709656238555908,0.0,0.0,0.23921531438827515,0.0607824268849661
269.14043551025355,678.9962186228423,0.0,5.666824219065067,0.9301003217697144,0.0,0.0,0.3673050105571747,0.9689475297927856,0.0,0.0,0.2472633421421051,-0.34698567027209065
270.4384525077907,677.7559414183803,0.0,5.622628904398483,0.9262326955795288,0.0,0.0,0.37695184350013733,0.9668369889259338,0.0,0.0,0.2553914189338684,0.06301451348428849
271.7527526419011,676.550984857677,0.0,5.580626916310992,0.9222474098205566,0.0,0.0,0.3865998089313507,0.9646329283714294,0.0,0.0,0.26359444856643677,-0.3448643577424194
273.0825636039673,675.3813421363246,0.0,5.540997882213851,0.91814124584198,0.0,0.0,0.3962528109550476,0.962334394454956,0.0,0.0,0.27186623215675354,0.06501597985283097
274.42723541104345,674.2469746073963,0.0,5.503917598026794,0.9139105081558228,0.0,0.0,0.4059152603149414,0.9599400758743286,0.0,0.0,0.2802034914493561,-0.34299161611681045
275.7862132833713,673.1478416324923,0.0,5.46945726761311,0.9095513224601746,0.0,0.0,0.415591299533844,0.9574487805366516,0.0,0.0,0.28860148787498474,0.06675640058079485
277.1590052702512,672.0839292709152,0.0,5.437573443095756,0.9050595164299011,0.0,0.0,0.4252846837043762,0.9548584818840027,0.0,0.0,0.2970592975616455,-0.34138132194926735
278.5451753933883,671.055254812556,0.0,5.408216827849114,0.9004314541816711,0.0,0.0,0.4349977374076843,0.9521673321723938,0.0,0.0,0.3055756688117981,0.06823905791648383
279.9443384641517,670.06186984079,0.0,5.38133812524753,0.8956636786460876,0.0,0.0,0.4447319209575653,0.9493736624717712,0.0,0.0,0.3141477406024933,-0.34002381171686413
281.3561551651297,669.1038630921037,0.0,5.356888038665392,0.8907535076141357,0.0,0.0,0.4544866383075714,0.946475088596344,0.0,0.0,0.3227754533290863,0.06947391077416759
282.7803273782631,668.1813631288439,0.0,5.334817271477059,0.8856993913650513,0.0,0.0,0.46425923705101013,0.9434686899185181,0.0,0.0,0.33146047592163086,-0.3389091265053321
284.21659374294836,667.294540840086,0.0,5.3150765270569025,0.8805009722709656,0.0,0.0,0.4740442633628845,0.9403519630432129,0.0,0.0,0.34020209312438965,0.07047091806811484
285.6647254285546,666.4436117843152,0.0,5.297616508779295,0.8751595616340637,0.0,0.0,0.4838342070579529,0.937121570110321,0.0,0.0,0.3490021526813507,-0.33802730740040243
287.1245221067874,665.6288383863766,0.0,5.282387920018601,0.8696784377098083,0.0,0.0,0.4936183989048004,0.9337746500968933,0.0,0.0,0.35786086320877075,0.07124003871259432
288.5958081103003,664.8505319999741,0.0,5.269341464149195,0.8640633225440979,0.0,0.0,0.5033829212188721,0.9303067326545715,0.0,0.0,0.3667818605899811,-0.3373683954878062
290.0784287648525,664.1090548458861,0.0,5.258427844545443,0.8583225607872009,0.0,0.0,0.5131102800369263,0.9267144799232483,0.0,0.0,0.37576574087142944,0.07179123162187478
291.5722468831852,663.4048218350231,0.0,5.249597764581714,0.8524672389030457,0.0,0.0,0.5227805972099304,0.9229930639266968,0.0,0.0,0.38481611013412476,-0.3369224318532745
293.07713940961025,662.7383022844502,0.0,5.242801927632382,0.8465119004249573,0.0,0.0,0.5323697924613953,0.9191378951072693,0.0,0.0,0.39393535256385803,0.07213445571022492
294.5929942053676,662.1100215334513,0.0,5.237991037979639,0.8404743671417236,0.0,0.0,0.5418511629104614,0.9151444435119629,0.0,0.0,0.4031255841255188,-0.3366794576283885
296.11970997792713,661.5205613454807,0.0,5.235126094095609,0.8343763947486877,0.0,0.0,0.5511948466300964,0.9110068082809448,0.0,0.0,0.4123907685279846,0.07227914984578204
297.65720398257804,660.9705581069624,0.0,5.234203912870952,0.8282437324523926,0.0,0.0,0.5603678226470947,0.9067199230194092,0.0,0.0,0.42173275351524353,-0.33663288281906245
299.2054119170739,660.4607052611424,0.0,5.235229096632991,0.8221060633659363,0.0,0.0,0.5693342685699463,0.9022785425186157,0.0,0.0,0.4311530292034149,0.07222737288810333
300.764285600362,659.9917568218035,0.0,5.238206247709036,0.8159971237182617,0.0,0.0,0.5780559182167053,0.8976835608482361,0.0,0.0,0.4406401515007019,-0.33678324398451925
302.33379065459343,659.5641124058872,0.0,5.243139968426408,0.8099544048309326,0.0,0.0,0.5864927172660828,0.8929470777511597,0.0,0.0,0.4501612186431885,0.07197819507409464
303.9139041842942,659.1761014982048,0.0,5.250034861112423,0.8040151596069336,0.0,0.0,0.594608724117279,0.8880863785743713,0.0,0.0,0.4596762955188751,-0.33713147088785334
305.50461244652564,658.8254210210679,0.0,5.258895528094397,0.7982149124145508,0.0,0.0,0.6023726463317871,0.8831181526184082,0.0,0.0,0.4691503643989563,0.07153068664066153
307.1059085057585,658.5098008115235,0.0,5.269726571699647,0.7925876975059509,0.0,0.0,0.6097577214241028,0.878059983253479,0.0,0.0,0.4785502552986145,-0.3376784932921589
308.71778986711666,658.2269954028928,0.0,5.282532594255488,0.7871655225753784,0.0,0.0,0.6167415976524353,0.8729308843612671,0.0,0.0,0.48784375190734863,0.07088391782470999
310.34025608152467,657.9747754423861,0.0,5.2973181980892425,0.781978964805603,0.0,0.0,0.6233044862747192,0.8677499294281006,0.0,0.0,0.49700087308883667,-0.3384252409605303
311.9733063161928,657.7509189960762,0.0,5.314087985528219,0.7770567536354065,0.0,0.0,0.6294302344322205,0.8625361323356628,0.0,0.0,0.5059953331947327,0.07003695886314554
313.61693688374277,657.5532027170209,0.0,5.332846558899742,0.7724258303642273,0.0,0.0,0.6351047158241272,0.8573098182678223,0.0,0.0,0.5148006677627563,-0.3393726436560618
315.2711387231557,657.3793928518456,0.0,5.353598520531123,0.7681114077568054,0.0,0.0,0.6403158903121948,0.85209059715271,0.0,0.0,0.5233942270278931,0.06898887999287379
316.9358948255665,657.2272360605727,0.0,5.376348472749677,0.764136791229248,0.0,0.0,0.6450538635253906,0.8468998670578003,0.0,0.0,0.5317522287368774,-0.34052163114184736
318.6111775977826,657.0944500239285,0.0,5.401101017882729,0.7605242729187012,0.0,0.0,0.6493092179298401,0.8417564034461975,0.0,0.0,0.5398572683334351,0.0677387514508005
320.29694615624385,656.9787138117516,0.0,5.427860758257585,0.7572939395904541,0.0,0.0,0.6530739068984985,0.836681604385376,0.0,0.0,0.5476892590522766,-0.3418731331809815
321.9931435439467,656.8776579854867,0.0,5.456632296201575,0.7544649243354797,0.0,0.0,0.6563401222229004,0.8316963911056519,0.0,0.0,0.5552302598953247,0.06628564347383126
323.6996938626921,656.7888544070721,0.0,5.487420234042005,0.7520545721054077,0.0,0.0,0.6591004729270935,0.8268206715583801,0.0,0.0,0.5624650716781616,-0.34342807953655874
325.41649247529193,656.7098060237009,0.0,5.520207185910162,0.7500795722007751,0.0,0.0,0.6613472700119019,0.8220753073692322,0.0,0.0,0.5693781971931458,0.06462973681382328
327.1432135155183,656.6379434438378,0.0,5.5543661443968775,0.7485551834106445,0.0,0.0,0.6630722880363464,0.8174805045127869,0.0,0.0,0.575955867767334,-0.34515327946013025
328.8790986906703,656.5706196945936,0.0,5.588596482055718,0.7474956512451172,0.0,0.0,0.6642666459083557,0.8130571246147156,0.0,0.0,0.5821834802627563,0.06290093188155865
330.622947238591,656.5051013622813,0.0,5.6215627435451925,0.7469111084938049,0.0,0.0,0.6649186015129089,0.8088260889053345,0.0,0.0,0.5880475044250488,-0.3468182421616189
332.37311953212696,656.4385691463688,0.0,5.65192947352378,0.7468174695968628,0.0,0.0,0.6650241017341614,0.8048076033592224,0.0,0.0,0.5935355424880981,0.06136725865031689
334.12754360955614,656.3681288405483,0.0,5.678361216649963,0.7472193837165833,0.0,0.0,0.6645704507827759,0.8010210990905762,0.0,0.0,0.5986357927322388,-0.34815317868314327
335.883724717614,656.2908330960711,0.0,5.69952251758224,0.7481191754341125,0.0,0.0,0.6635454893112183,0.7974880933761597,0.0,0.0,0.6033343076705933,0.06029850607797965
337.6387598362612,656.2037141108447,0.0,5.714084178142573,0.7495320439338684,0.0,0.0,0.6619524955749512,0.7942275404930115,0.0,0.0,0.6076200604438782,-0.3488886160851803
339.38954873727045,656.1038154572593,0.0,5.721356916127976,0.7514489889144897,0.0,0.0,0.6597784757614136,0.7912586331367493,0.0,0.0,0.6114811301231384,0.059931196078716886
341.1331683536424,655.9882114511345,0.0,5.721835738475179,0.7538650035858154,0.0,0.0,0.6570190191268921,0.7886001467704773,0.0,0.0,0.6149059534072876,-0.3489127990320087
342.8669184996129,655.8540336663862,0.0,5.716143892577058,0.7567701935768127,0.0,0.0,0.6536725759506226,0.7862687706947327,0.0,0.0,0.6178843379020691,0.060218663043268394
344.5883265764181,655.6984940038112,0.0,5.704904625826494,0.7601507306098938,0.0,0.0,0.6497399806976318,0.784281849861145,0.0,0.0,0.6204043626785278,-0.34834515929713167
346.2951508030599,655.5189024987005,0.0,5.688741185616365,0.7639874219894409,0.0,0.0,0.645225465297699,0.7826544642448425,0.0,0.0,0.6224560737609863,0.061034998407416274
347.98538196263945,655.3126797928112,0.0,5.6682768193395425,0.768256664276123,0.0,0.0,0.6401373744010925,0.7814001441001892,0.0,0.0,0.6240299344062805,-0.3473116054447669
349.65724367453646,655.0773642723171,0.0,5.644134774388903,0.7729293704032898,0.0,0.0,0.6344882845878601,0.7805317044258118,0.0,0.0,0.6251157522201538,0.06225429360694351
351.30919121922244,654.8106139379115,0.0,5.616938298157333,0.7779724597930908,0.0,0.0,0.628295361995697,0.7800601720809937,0.0,0.0,0.6257041692733765,-0.34593804603913203
352.93990895580197,654.5102031260029,0.0,5.587310638037695,0.7833483219146729,0.0,0.0,0.6215803623199463,0.7799943685531616,0.0,0.0,0.6257860064506531,0.06375064007763231
354.54830638233716,654.1740142407484,0.0,5.555875041422882,0.7890158891677856,0.0,0.0,0.6143706440925598,0.7803394794464111,0.0,0.0,0.6253509521484375,-0.3443503896444446
356.1335128957203,653.8000246855162,0.0,5.523254755705754,0.794931173324585,0.0,0.0,0.6066977977752686,0.7811054587364197,0.0,0.0,0.624394416809082,0.06539812925526511
357.6948713112937,653.3862891993465,0.0,5.490073028279193,0.8010477423667908,0.0,0.0,0.598598837852478,0.782291829586029,0.0,0.0,0.6229076981544495,-0.3426745448249213
359.23193016647383,652.9309178206041,0.0,5.456952977546175,0.807317852973938,0.0,0.0,0.5901155471801758,0.7838952541351318,0.0,0.0,0.6208891272544861,0.06707085909026606
360.74439699052687,652.4320660741301,0.0,5.42438020913797,0.8136930465698242,0.0,0.0,0.5812937021255493,0.7858983874320984,0.0,0.0,0.6183521151542664,-0.34102945551137565
362.232077900761,651.8888865143902,0.0,5.39244158973165,0.8201267719268799,0.0,0.0,0.572180986404419,0.7882679104804993,0.0,0.0,0.6153290271759033,0.06868392067644385
363.6949320735757,651.302783843056,0.0,5.361152125494071,0.8265781998634338,0.0,0.0,0.5628212690353394,0.7909677028656006,0.0,0.0,0.6118549704551697,-0.33944917953978077
365.13295028217175,650.675434786705,0.0,5.330526822592111,0.8330118060112,0.0,0.0,0.5532546043395996,0.7939653396606445,0.0,0.0,0.6079602837562561,0.07023065314623983
366.5461335993887,650.0084547176011,0.0,5.300580687192652,0.8393977880477905,0.0,0.0,0.5435171127319336,0.7972288131713867,0.0,0.0,0.6036746501922607,-0.337936748459
367.9344924640817,649.3033990149739,0.0,5.271328725462552,0.8457108736038208,0.0,0.0,0.53364098072052,0.8007278442382812,0.0,0.0,0.5990259051322937,0.07170802495079037
369.2980457505358,648.5617644256695,0.0,5.2427859435686965,0.8519300222396851,0.0,0.0,0.523655354976654,0.8044337630271912,0.0,0.0,0.594040036201477,-0.3364951938178963
370.63681984072116,647.7849904235853,0.0,5.214967347677944,0.8580378293991089,0.0,0.0,0.5135862827301025,0.8083184957504272,0.0,0.0,0.5887431502342224,0.07311300454123243
371.950847699132,646.9744605673905,0.0,5.187887943957173,0.8640202879905701,0.0,0.0,0.5034567713737488,0.8123594522476196,0.0,0.0,0.5831548571586609,-0.33512754716533205
373.2401679499042,646.1315038561019,0.0,5.161562738573265,0.8698663115501404,0.0,0.0,0.4932873845100403,0.8165310025215149,0.0,0.0,0.5772994160652161,0.07444256036870256
374.5048239558621,645.2573960821726,0.0,5.1360067376930765,0.8755671977996826,0.0,0.0,0.483096182346344,0.8208121061325073,0.0,0.0,0.5711963176727295,-0.33383684005017106
375.7448628990891,644.3533611818182,0.0,5.111234947483492,0.8811168074607849,0.0,0.0,0.47289860248565674,0.825181782245636,0.0,0.0,0.5648653507232666,0.0756936608843381
376.9603348625732,643.4205725823975,0.0,5.087262374111377,0.8865105509757996,0.0,0.0,0.4627082347869873,0.8296214938163757,0.0,0.0,0.5583243370056152,-0.33262610402127635
378.15129191242124,642.4601545467345,0.0,5.064104023743601,0.8917457461357117,0.0,0.0,0.4525366723537445,0.8341143727302551,0.0,0.0,0.551589846611023,0.07686327453927627
379.31778718009326,641.4731835143555,0.0,5.041774902547051,0.8968210220336914,0.0,0.0,0.44239342212677,0.8386450409889221,0.0,0.0,0.5446768999099731,-0.33149837062751114
380.4598739440507,640.4606894396932,0.0,5.020290016688582,0.9017361402511597,0.0,0.0,0.43228667974472046,0.8431985974311829,0.0,0.0,0.5376010537147522,0.07794836978465347
381.57760471016263,639.4236571273992,0.0,4.999664372335078,0.9064921140670776,0.0,0.0,0.4222225844860077,0.8477617502212524,0.0,0.0,0.5303763747215271,-0.3304566714177382
382.6710302901632,638.3630275649804,0.0,4.979912975653403,0.9110904932022095,0.0,0.0,0.41220608353614807,0.8523226976394653,0.0,0.0,0.5230154395103455,0.07894591507160675
383.74019887740087,637.2796992530666,0.0,4.961050832810433,0.9155337810516357,0.0,0.0,0.4022407829761505,0.856871485710144,0.0,0.0,0.5155293345451355,-0.32950403794082056
384.78515511906744,636.1745295337021,0.0,4.943092949973045,0.9198247790336609,0.0,0.0,0.3923291265964508,0.8613975048065186,0.0,0.0,0.5079307556152344,0.07985287885127282
385.8059391840364,635.0483359171387,0.0,4.926054333308103,0.9239668846130371,0.0,0.0,0.38247209787368774,0.8658933639526367,0.0,0.0,0.5002281069755554,-0.3286435017456214
386.80258582539193,633.9018974077022,0.0,4.909949988982487,0.92796391248703,0.0,0.0,0.3726697862148285,0.8703505992889404,0.0,0.0,0.49243196845054626,0.08066622957478872
387.7751234366734,632.7359558293824,0.0,4.8947949231630625,0.93181973695755,0.0,0.0,0.3629210889339447,0.8747629523277283,0.0,0.0,0.48455044627189636,-0.327878094381004
388.7235731007984,631.5512171519083,0.0,4.880604142016703,0.9355385303497314,0.0,0.0,0.3532244563102722,0.879124104976654,0.0,0.0,0.47659239172935486,0.08138293569329175
389.64794763057944,630.3483528181425,0.0,4.867392651710289,0.9391244649887085,0.0,0.0,0.3435767590999603,0.883429229259491,0.0,0.0,0.4685640037059784,-0.3272108473958316
390.54825059968476,629.1280010737415,0.0,4.855175458410679,0.942581832408905,0.0,0.0,0.33397501707077026,0.8876736760139465,0.0,0.0,0.4604724943637848,0.08199996565791853
391.4244753628369,627.8907683001172,0.0,4.843967568284759,0.9459148049354553,0.0,0.0,0.3244149684906006,0.891853928565979,0.0,0.0,0.45232293009757996,-0.3266447923389669
392.27660406398286,626.6372303518378,0.0,4.83378398749939,0.9491276741027832,0.0,0.0,0.3148914873600006,0.8959664106369019,0.0,0.0,0.44412124156951904,0.0825142879198058
393.10460663111047,625.367933899709,0.0,4.824639722221451,0.9522245526313782,0.0,0.0,0.3053990304470062,0.9000084400177002,0.0,0.0,0.43587207794189453,-0.326182960759273
393.9084397670065,624.0833977634384,0.0,4.816549843587078,0.9552093148231506,0.0,0.0,0.2959313988685608,0.9039777517318726,0.0,0.0,0.42757898569107056,0.08292286764881454
394.68805230529404,622.7841033847693,0.0,4.809569464327708,0.9580857157707214,0.0,0.0,0.28648173809051514,0.9078726768493652,0.0,0.0,0.41924548149108887,-0.3258304163522341
395.44339991570166,621.4704658006352,0.0,4.803861846158403,0.9608573913574219,0.0,0.0,0.2770434617996216,0.9116914868354797,0.0,0.0,0.4108749032020569,0.08321113119271878
396.17444303807014,620.1428277669058,0.0,4.799608328430576,0.9635276198387146,0.0,0.0,0.2676087021827698,0.9154332876205444,0.0,0.0,0.4024691581726074,-0.32561559222456604
396.881141481464,618.8014589809724,0.0,4.796990250495649,0.9660995602607727,0.0,0.0,0.25816935300827026,0.9190974235534668,0.0,0.0,0.3940299451351166,0.08334335735104842
397.56344882299214,617.4465556761604,0.0,4.7961889517050444,0.9685760140419006,0.0,0.0,0.24871723353862762,0.9226834177970886,0.0,0.0,0.3855581283569336,-0.32557512258867694
398.22130659377444,616.0782405850282,0.0,4.797385771410181,0.970959484577179,0.0,0.0,0.23924356698989868,0.926190972328186,0.0,0.0,0.37705445289611816,0.08328291191139506
398.8546382370081,614.6965632704978,0.0,4.80076204896248,0.9732520580291748,0.0,0.0,0.22973954677581787,0.9296202063560486,0.0,0.0,0.3685187101364136,-0.32574564165697484
399.46334282043875,613.3015008259804,0.0,4.806499123713361,0.9754555821418762,0.0,0.0,0.22019608318805695,0.9329710602760315,0.0,0.0,0.3599511384963989,0.08299316066135057
400.0472884827486,611.8929589481729,0.0,4.814778335014241,0.9775713682174683,0.0,0.0,0.2106037735939026,0.9362442493438721,0.0,0.0,0.3513496220111847,-0.32616378364186777
400.60630559039106,610.4707733891016,0.0,4.825781022216545,0.979600727558136,0.0,0.0,0.2009534388780594,0.9394398331642151,0.0,0.0,0.3427138328552246,0.0824374693885069
401.1401795782722,609.0347117971828,0.0,4.839688524671691,0.9815438985824585,0.0,0.0,0.19123618304729462,0.942558765411377,0.0,0.0,0.33404022455215454,-0.32686618275576396
401.6486434443492,607.5844759606649,0.0,4.856682181731096,0.9834011197090149,0.0,0.0,0.18144358694553375,0.945601761341095,0.0,0.0,0.3253260552883148,0.08157920388045609
402.13136986470806,606.1197044707981,0.0,4.87694333274619,0.9851720929145813,0.0,0.0,0.17156782746315002,0.9485694169998169,0.0,0.0,0.31656911969184875,-0.32788947321107176
402.58796289197085,604.6399758264267,0.0,4.900653317068387,0.9868557453155518,0.0,0.0,0.16160285472869873,0.9514625072479248,0.0,0.0,0.3077645003795624,0.08038172992478962
403.0179491959525,603.1448120065463,0.0,4.927993474049102,0.9884504079818726,0.0,0.0,0.15154364705085754,0.9542820453643799,0.0,0.0,0.2989075481891632,-0.3292702892201988
403.420768801336,601.6336825426148,0.0,4.959145143039764,0.9899543523788452,0.0,0.0,0.14138638973236084,0.9570287466049194,0.0,0.0,0.2899930477142334,0.0788084133090996
403.79576480280394,600.1060111287518,0.0,4.994283134540629,0.9913650751113892,0.0,0.0,0.1311296820640564,0.9597032070159912,0.0,0.0,0.28101563453674316,-0.331044935255596
404.14214971722777,598.5612905537936,0.0,5.033225320271874,0.992680013179779,0.0,0.0,0.12077341973781586,0.9623060822486877,0.0,0.0,0.27196890115737915,0.076841636251966
404.4589745338498,596.9992545525946,0.0,5.0752554457902335,0.9938960671424866,0.0,0.0,0.11032000184059143,0.9648380279541016,0.0,0.0,0.26284533739089966,-0.3331676688676343
404.74514473381277,595.419900125987,0.0,5.119613475539058,0.9950100183486938,0.0,0.0,0.09977439045906067,0.9672992825508118,0.0,0.0,0.2536376714706421,0.07460133171919703
404.9994412954454,593.8234950174872,0.0,5.16553937396173,0.9960187077522278,0.0,0.0,0.08914408087730408,0.9696902632713318,0.0,0.0,0.24433748424053192,-0.33548715868696116
405.22054312096105,592.2105835763158,0.0,5.212273105501591,0.996918797492981,0.0,0.0,0.07844018936157227,0.9720102548599243,0.0,0.0,0.23493799567222595,0.07224104224748684
405.40705099074154,590.5819909056119,0.0,5.259054634602024,0.9977071285247803,0.0,0.0,0.06767763197422028,0.9742588996887207,0.0,0.0,0.22543132305145264,-0.337849862176882
405.5575131301158,588.938825182481,0.0,5.3051239257063845,0.9983811974525452,0.0,0.0,0.05687496438622475,0.9764355421066284,0.0,0.0,0.2158084213733673,0.06991431037352924
405.67045244948145,587.2824780299776,0.0,5.349720943258021,0.9989387392997742,0.0,0.0,0.04605527222156525,0.9785390496253967,0.0,0.0,0.20606093108654022,-0.340102236800702
405.7443954916578,585.6146228204287,0.0,5.3920856517003175,0.9993785619735718,0.0,0.0,0.03524594008922577,0.9805675148963928,0.0,0.0,0.19618111848831177,0.06777467863401931
405.7779030903484,583.9372107950143,0.0,5.431458015476616,0.9997001886367798,0.0,0.0,0.024479281157255173,0.9825191497802734,0.0,0.0,0.1861605942249298,-0.3420907400217272
405.7696027104259,582.2524648964338,0.0,5.467077999030299,0.9999046921730042,0.0,0.0,0.013792741112411022,0.9843906760215759,0.0,0.0,0.17599622905254364,0.06597568956565147
405.7182340312934,580.5628651581942,0.0,5.498185566804718,0.9999946355819702,0.0,0.0,0.003228580579161644,0.986176073551178,0.0,0.0,0.16570018231868744,-0.3436618293032635
405.6235148651607,578.8706589621193,0.0,5.524163039485065,0.9999741315841675,0.0,0.0,-0.007168907206505537,0.9878670573234558,0.0,0.0,0.1553010493516922,0.06466369599593702
405.48671873823247,577.1771759059027,0.0,5.545604023131305,0.9998492002487183,0.0,0.0,-0.017357759177684784,0.9894567131996155,0.0,0.0,0.14482781291007996,-0.3447447072651948
405.30938435402993,575.4832897462081,0.0,5.563714240213666,0.9996271133422852,0.0,0.0,-0.027299147099256516,0.9909391403198242,0.0,0.0,0.13431037962436676,0.06374903856753494
405.0931314044654,573.7894912901628,0.0,5.579704136817556,0.9993166327476501,0.0,0.0,-0.036957647651433945,0.9923099279403687,0.0,0.0,0.1237771287560463,-0.3455522778007448
404.8396114007194,572.0958945475197,0.0,5.594784159028364,0.9989274144172668,0.0,0.0,-0.04630079120397568,0.9935653805732727,0.0,0.0,0.11325850337743759,0.06298742128416085
404.5504642692102,570.4022422864499,0.0,5.6101647529314835,0.9984695911407471,0.0,0.0,-0.055299170315265656,0.9947037696838379,0.0,0.0,0.10278090834617615,-0.3463290754726196
404.2272808911028,568.7079109730649,0.0,5.627056364612324,0.9979543685913086,0.0,0.0,-0.06392677873373032,0.9957244992256165,0.0,0.0,0.09237084537744522,0.06213430958310828
403.8715716979882,567.0119150832066,0.0,5.646669440156271,0.9973928332328796,0.0,0.0,-0.07216010242700577,0.9966275691986084,0.0,0.0,0.0820547491312027,-0.347319634843526
403.48474139931864,565.3129107804575,0.0,5.670214425648732,0.9967964291572571,0.0,0.0,-0.07997827231884003,0.9974146485328674,0.0,0.0,0.07185729593038559,0.0609451689016709
403.0680700782663,563.6091996251287,0.0,5.69889952863748,0.9961764812469482,0.0,0.0,-0.08736293762922287,0.9980883002281189,0.0,0.0,0.06180044636130333,-0.3487683774187153
402.62276300709397,561.89896443504,0.0,5.733149487067621,0.9955440163612366,0.0,0.0,-0.09429730474948883,0.9986516237258911,0.0,0.0,0.05190807208418846,0.05921537302136076
402.15012225200644,560.1808431639931,0.0,5.771457371274139,0.9949100613594055,0.0,0.0,-0.10076634585857391,0.9991089105606079,0.0,0.0,0.042200565338134766,-0.3507031190453072
401.65162029712826,558.4540094236484,0.0,5.812023827676363,0.9942851662635803,0.0,0.0,-0.1067567765712738,0.9994650483131409,0.0,0.0,0.03269875794649124,0.057166562091955586
401.1289456642643,556.7181661796867,0.0,5.853049502693655,0.9936792254447937,0.0,0.0,-0.11225654184818268,0.9997254610061646,0.0,0.0,0.02342310920357704,-0.3527751228340594
400.58403939257596,554.973540377562,0.0,5.892735042745347,0.9931017160415649,0.0,0.0,-0.11725537478923798,0.999896228313446,0.0,0.0,0.014392618089914322,0.05516224188732466
400.01912173424563,553.2208779917041,0.0,5.92928296967757,0.992561399936676,0.0,0.0,-0.12174460291862488,0.9999840259552002,0.0,0.0,0.005625898949801922,-0.35462097772962614
399.4366487947771,551.461261261802,0.0,5.9615040406273545,0.992065966129303,0.0,0.0,-0.12571735680103302,0.999995768070221,0.0,0.0,-0.002857958897948265,0.05353491507167896
398.83916415453945,549.6956718911881,0.0,5.989687911295339,0.9916224479675293,0.0,0.0,-0.12916895747184753,0.9999389052391052,0.0,0.0,-0.011042159050703049,-0.3560444055411405
398.2292585648726,547.9249282634173,0.0,6.014344699152239,0.991236686706543,0.0,0.0,-0.13209694623947144,0.9998210072517395,0.0,0.0,-0.01890948787331581,0.05228962275567389
397.60955217750995,546.1496877337878,0.0,6.035984521668752,0.9909133315086365,0.0,0.0,-0.13450144231319427,0.9996500611305237,0.0,0.0,-0.0264442078769207,-0.35713732587025726
396.9826794274142,544.3704486507704,0.0,6.055117496315572,0.9906558990478516,0.0,0.0,-0.1363847702741623,0.9994341731071472,0.0,0.0,-0.03363008424639702,0.05132331090482434
396.35127670668606,542.587552091274,0.0,6.07225374056341,0.9904581308364868,0.0,0.0,-0.1377512514591217,0.9991812705993652,0.0,0.0,-0.04045301675796509,-0.3580027927514612
395.71797294002744,540.8011832968232,0.0,6.087903371882959,0.9903355836868286,0.0,0.0,-0.13861116766929626,0.9988994598388672,0.0,0.0,-0.046897850930690765,0.05053292548464511
395.08538315012345,539.0113728002939,0.0,6.10257650774493,0.9902849793434143,0.0,0.0,-0.13897550106048584,0.9985968470573425,0.0,0.0,-0.052951134741306305,-0.35874386021923754
394.456105084421,537.2179972349257,0.0,6.11678326562002,0.990302324295044,0.0,0.0,-0.13885870575904846,0.9982812404632568,0.0,0.0,-0.05859938636422157,0.04981541246065069
393.8327189632181,535.4207798187816,0.0,6.131033762978926,0.9903828501701355,0.0,0.0,-0.13827888667583466,0.99796062707901,0.0,0.0,-0.06382878124713898,-0.3594635823080712
393.2177904028597,533.6192905087674,0.0,6.145838117292357,0.9905211329460144,0.0,0.0,-0.13725759088993073,0.9976421594619751,0.0,0.0,-0.06862670183181763,0.049067717798356225
392.613876567208,531.8129458186379,0.0,6.161706446031011,0.9907216429710388,0.0,0.0,-0.13582199811935425,0.9973330497741699,0.0,0.0,-0.07298015058040619,-0.3602650130524477
392.0235356055173,530.0010082951784,0.0,6.179148866665591,0.9909718632698059,0.0,0.0,-0.13400083780288696,0.997040331363678,0.0,0.0,-0.07687504589557648,0.048186787463276426
391.44934880945925,528.1826158289374,0.0,6.198572634833279,0.9912649393081665,0.0,0.0,-0.13182799518108368,0.9967700839042664,0.0,0.0,-0.08030419796705246,-0.36124601144475516
390.89395752888254,526.3569086926049,0.0,6.219948497582633,0.9915938973426819,0.0,0.0,-0.1293412297964096,0.9965261816978455,0.0,0.0,-0.08327531814575195,0.04710719843553124
390.35897035668876,524.5230626516682,0.0,6.243131432539045,0.9919512867927551,0.0,0.0,-0.12657997012138367,0.9963109493255615,0.0,0.0,-0.08581321686506271,-0.362416866745584
389.84419888740126,522.6802882202205,0.0,6.2679764164925,0.9923303723335266,0.0,0.0,-0.12358054518699646,0.9961252808570862,0.0,0.0,-0.08794181048870087,0.0458524012661648
389.34930726989217,520.8278299981868,0.0,6.294338426233009,0.9927250742912292,0.0,0.0,-0.12037596106529236,0.995969831943512,0.0,0.0,-0.08968561142683029,-0.363748281378943
388.87398049475456,518.964966091656,0.0,6.322072438550569,0.9931296110153198,0.0,0.0,-0.1169963851571083,0.9958446025848389,0.0,0.0,-0.09106627851724625,0.04445169357335871
388.417920881356,517.0910076182244,0.0,6.351033430235164,0.9935392141342163,0.0,0.0,-0.11346910893917084,0.9957488775253296,0.0,0.0,-0.09210602194070816,-0.3652109577266498
387.9808446837094,515.2052982996278,0.0,6.381076378076816,0.9939497709274292,0.0,0.0,-0.10981883853673935,0.9956821799278259,0.0,0.0,-0.09282492846250534,0.042934372975295454
387.56247881562575,513.3072141443266,0.0,6.412056258865504,0.9943574666976929,0.0,0.0,-0.1060674637556076,0.99564129114151,0.0,0.0,-0.09324432164430618,-0.3667755981705229
387.16255769662126,511.39616322300395,0.0,6.443828049391242,0.9947591423988342,0.0,0.0,-0.10223448276519775,0.9956281185150146,0.0,0.0,-0.09338374435901642,0.04132973709015719
386.78082022097897,509.4715855402252,0.0,6.476246726444022,0.9951521158218384,0.0,0.0,-0.09833695739507675,0.9956395030021667,0.0,0.0,-0.09326116740703583,-0.36841290509238056
386.4170068532203,507.53295300572995,0.0,6.509167266813837,0.9955344200134277,0.0,0.0,-0.09438943862915039,0.9956725835800171,0.0,0.0,-0.09289488196372986,0.039667083536126135
386.0708568540329,505.5797695090156,0.0,6.5424446472907,0.9959044456481934,0.0,0.0,-0.09040450304746628,0.9957244396209717,0.0,0.0,-0.09230252355337143,-0.37009358087404026
385.74210564139906,503.6115711010162,0.0,6.5759338446645925,0.9962605834007263,0.0,0.0,-0.08639202266931534,0.9957990050315857,0.0,0.0,-0.09150023758411407,0.037975709931384105
385.4304822923061,501.6279262867684,0.0,6.609489835725533,0.9966021180152893,0.0,0.0,-0.08236013352870941,0.9958905577659607,0.0,0.0,-0.09050540626049042,-0.37178832789732014
385.13570719096015,499.6284364330042,0.0,6.6429675972635085,0.9969282746315002,0.0,0.0,-0.07831448316574097,0.9959970116615295,0.0,0.0,-0.08933306485414505,0.03628491389411265
384.8574898298975,497.6127362946099,0.0,6.676222106068513,0.9972386360168457,0.0,0.0,-0.0742584839463234,0.9961163401603699,0.0,0.0,-0.08799784630537033,-0.37346784854403753
384.5955267707646,495.58049466383716,0.0,6.709108338930558,0.9975330829620361,0.0,0.0,-0.07019363343715668,0.9962466955184937,0.0,0.0,-0.08651458472013474,0.03462399304249425
384.3494997718342,493.53141514603783,0.0,6.7414812726396285,0.997811496257782,0.0,0.0,-0.06611937284469604,0.9963861703872681,0.0,0.0,-0.08489777147769928,-0.37510284519601084
384.1190740895294,491.4652370655515,0.0,6.773195883985742,0.998073935508728,0.0,0.0,-0.06203287094831467,0.9965329766273499,0.0,0.0,-0.08316074311733246,0.03302224499471074
383.90389696134457,489.38173650514966,0.0,6.804107149758886,0.9983205199241638,0.0,0.0,-0.05792921036481857,0.9966853857040405,0.0,0.0,-0.08131688088178635,-0.37666402023505846
383.7035962775687,487.28072748218136,0.0,6.834070046749051,0.9985514879226685,0.0,0.0,-0.053801439702510834,0.9968418478965759,0.0,0.0,-0.07937829196453094,0.03150896736894482
383.51777944289813,485.1620631897925,0.0,6.862939792356812,0.9987670183181763,0.0,0.0,-0.049640364944934845,0.9970013499259949,0.0,0.0,-0.07735344022512436,-0.37812208819504645
383.34615708420984,483.02574177830576,0.0,6.890623341618965,0.9989672303199768,0.0,0.0,-0.04543491080403328,0.9971631169319153,0.0,0.0,-0.07524264603853226,0.030110808315300774
383.18924948261946,480.87254979133127,0.0,6.91714344274886,0.999151885509491,0.0,0.0,-0.041173819452524185,0.9973267912864685,0.0,0.0,-0.07304316014051437,-0.37946148724201084
383.0479115262481,478.7036025529099,0.0,6.942538567430785,0.9993208646774292,0.0,0.0,-0.03684714436531067,0.9974920749664307,0.0,0.0,-0.07075329124927521,0.028828226260658063
382.9230030131387,476.5200279545124,0.0,6.9668471873490185,0.9994735717773438,0.0,0.0,-0.03244412690401077,0.9976582527160645,0.0,0.0,-0.06837078183889389,-0.3806891953186893
382.81538718430977,474.3229642140781,0.0,6.990107774187874,0.9996091723442078,0.0,0.0,-0.027955688536167145,0.997825026512146,0.0,0.0,-0.06589378416538239,0.027653449147584552
382.7259302251353,472.11355856135344,0.0,7.012358799631625,0.9997268319129944,0.0,0.0,-0.02337227202951908,0.9979918003082275,0.0,0.0,-0.06331922858953476,-0.38181298448251505
382.65550081148626,469.8929659675617,0.0,7.033638735364582,0.9998253583908081,0.0,0.0,-0.018685048446059227,0.9981580376625061,0.0,0.0,-0.06064398214221001,0.026578704918647278
382.60496970227496,467.66234792238,0.0,7.05398605307103,0.9999035000801086,0.0,0.0,-0.013885542750358582,0.9983230829238892,0.0,0.0,-0.05786602199077606,-0.3828406267909215
382.5752093799358,465.4228712610328,0.0,7.073439224435255,0.9999597072601318,0.0,0.0,-0.008965135551989079,0.9984865188598633,0.0,0.0,-0.0549757182598114,0.02559622151641372
382.56709374027525,463.1757070441427,0.0,7.092036721141564,0.9999922513961792,0.0,0.0,-0.003915735986083746,0.9986467957496643,0.0,0.0,-0.05198356509208679,-0.3837798943013412
382.5814978330193,460.92202949281693,0.0,7.109817014874236,0.9999990463256836,0.0,0.0,0.001270880689844489,0.9988036751747131,0.0,0.0,-0.048879656940698624,0.024698226883450525
382.6192976542953,458.6630149812823,0.0,7.126818577317577,0.9999781250953674,0.0,0.0,0.006602712441235781,0.9989560842514038,0.0,0.0,-0.045660510659217834,-0.3846385590712069
382.6813699921916,456.3998410892491,0.0,7.143079880155871,0.9999268651008606,0.0,0.0,0.0120876869186759,0.9991030693054199,0.0,0.0,-0.042322684079408646,0.023876948962324562
382.76859232645415,454.13368571601984,0.0,7.158639395073411,0.9998427629470825,0.0,0.0,0.01773351989686489,0.9992436766624451,0.0,0.0,-0.0388629287481308,-0.38542439315795135
382.88184278329817,451.865726258236,0.0,7.173535593754494,0.9997227191925049,0.0,0.0,0.023547980934381485,0.9993767142295837,0.0,0.0,-0.03527742996811867,0.0231246156956032
383.02200014623395,449.59713885301744,0.0,7.187806947883409,0.9995636343955994,0.0,0.0,0.02953837439417839,0.9995009899139404,0.0,0.0,-0.031561993062496185,-0.3861451686190077
383.18994392374105,447.3290976881235,0.0,7.201491929144454,0.999362051486969,0.0,0.0,0.03571144491434097,0.9996151924133301,0.0,0.0,-0.027712935581803322,0.022433455025853533
383.3865544745541,445.06277438065877,0.0,7.214629009221917,0.9991143941879272,0.0,0.0,0.042072877287864685,0.9997177720069885,0.0,0.0,-0.02372632920742035,-0.3868086575118089
383.61271319126894,442.7993374257217,0.0,7.22725665980009,0.9988168478012085,0.0,0.0,0.0486273467540741,0.9998072385787964,0.0,0.0,-0.019597619771957397,0.021795694895642703
383.869302742919,440.5399517163022,0.0,7.239413352563271,0.9984652400016785,0.0,0.0,0.055377837270498276,0.9998819231987,0.0,0.0,-0.01532228384166956,-0.3874226318937877
384.15720737712985,438.28577813564186,0.0,7.2511375591957465,0.998055636882782,0.0,0.0,0.06232564523816109,0.9999400973320007,0.0,0.0,-0.01089541893452406,0.02120356324753786
384.47731328241076,436.03797322317524,0.0,7.262467751381819,0.99758380651474,0.0,0.0,0.06946969032287598,0.9999796152114868,0.0,0.0,-0.006313047371804714,-0.38799486382237713
384.8305090111141,433.7976889150932,0.0,7.273442400805769,0.997045636177063,0.0,0.0,0.07680714130401611,0.9999983310699463,0.0,0.0,-0.0015697963535785675,0.020649288024105983
385.21768596355514,431.5660723605135,0.0,7.284099979151897,0.9964374899864197,0.0,0.0,0.08433199673891068,0.9999939799308777,0.0,0.0,0.0033389870077371597,-0.38853312535500983
385.63973893376874,429.3442658141558,0.0,7.294478958104498,0.9957554340362549,0.0,0.0,0.09203577041625977,0.9999641180038452,0.0,0.0,0.008418647572398186,0.020125097167913997
386.0975667173559,427.13340660639295,0.0,7.3046178093478575,0.9949966073036194,0.0,0.0,0.0999067947268486,0.999906063079834,0.0,0.0,0.013674458488821983,-0.3890451885491189
386.5920727818672,424.9346271914729,0.0,7.314555004566274,0.9941582679748535,0.0,0.0,0.10793013870716095,0.9998170137405396,0.0,0.0,0.019111810252070427,0.019623218621529326
387.1241660001617,422.7490552746994,0.0,7.324329015444038,0.9932388067245483,0.0,0.0,0.11608725786209106,0.9996936917304993,0.0,0.0,0.02473609335720539,-0.38953882546213725
387.69476144718226,420.5778140193121,0.0,7.333978313665444,0.9922375082969666,0.0,0.0,0.1243562251329422,0.9995328783988953,0.0,0.0,0.030552351847290993,0.019135880327518895
388.30478126060024,418.42202233378583,0.0,7.3435413709147825,0.991154670715332,0.0,0.0,0.13271112740039825,0.999330997467041,0.0,0.0,0.036566395312547684,-0.3900218081514978
388.95515556579187,416.28279524026834,0.0,7.353056658876346,0.9899920225143433,0.0,0.0,0.14112251996994019,0.9990841746330261,0.0,0.0,0.042783234268426895,0.018655310228450017
389.64682346563455,414.1612443248635,0.0,7.362562649234433,0.9887529611587524,0.0,0.0,0.1495572030544281,0.9987882971763611,0.0,0.0,0.04920906201004982,-0.3905019086746335
390.38073408564816,412.0584782981544,0.0,7.372097716116916,0.9874423742294312,0.0,0.0,0.15797822177410126,0.9984392523765564,0.0,0.0,0.055846672505140305,0.01817374119398124
391.1578459544336,409.9756077956404,0.0,7.3816850167696195,0.9860672950744629,0.0,0.0,0.1663450002670288,0.9980332255363464,0.0,0.0,0.06268572062253952,-0.39098611577830544
391.978625238521,407.9132984040047,0.0,7.391316114308767,0.9846365451812744,0.0,0.0,0.17461472749710083,0.9975680112838745,0.0,0.0,0.06969922035932541,0.01768732212634755
392.84187011082673,405.8706973075638,0.0,7.4009786398718544,0.9831595420837402,0.0,0.0,0.18274766206741333,0.9970421195030212,0.0,0.0,0.07685630023479462,-0.39147412211987553
393.7460183828761,403.8466291171421,0.0,7.410660224596412,0.9816465973854065,0.0,0.0,0.1907074749469757,0.9964548945426941,0.0,0.0,0.0841275081038475,0.017198353200864824
394.6894933309895,401.8399122316701,0.0,7.420348499619937,0.9801083207130432,0.0,0.0,0.1984616219997406,0.9958063960075378,0.0,0.0,0.0914841815829277,-0.39196342893924546
395.67070331191877,399.8493586229715,0.0,7.430031096079942,0.9785557389259338,0.0,0.0,0.2059805691242218,0.9950975179672241,0.0,0.0,0.09889692068099976,0.01670933317763229
396.68804142054677,397.8737736514503,0.0,7.439695645113943,0.9769999384880066,0.0,0.0,0.21323807537555695,0.9943296313285828,0.0,0.0,0.10633918642997742,-0.3924515374763162
397.7398851900447,395.91195591296344,0.0,7.4493297778594405,0.975452184677124,0.0,0.0,0.2202104926109314,0.9935052394866943,0.0,0.0,0.11378416419029236,0.016222760816748505
398.82459633489276,393.9626971171711,0.0,7.458921125453956,0.9739233255386353,0.0,0.0,0.22687694430351257,0.9926271438598633,0.0,0.0,0.12120675295591354,-0.39293594897098866
399.94052053716314,392.02478199765983,0.0,7.4684573190349965,0.9724241495132446,0.0,0.0,0.2332189679145813,0.9916986227035522,0.0,0.0,0.12858232855796814,0.01574113487831208
401.08598727647217,390.09698825412534,0.0,7.477925989740066,0.9709652662277222,0.0,0.0,0.23922021687030792,0.9907240867614746,0.0,0.0,0.13588812947273254,-0.39341416466316387
402.2593097040025,388.17808652690877,0.0,7.487314768706687,0.9695567488670349,0.0,0.0,0.2448664903640747,0.9897080063819885,0.0,0.0,0.14310164749622345,0.015266954122422127
403.4587845609944,386.26684040416956,0.0,7.4966112870723585,0.9682080745697021,0.0,0.0,0.2501458525657654,0.9886553287506104,0.0,0.0,0.1502027064561844,-0.39388368579274324
404.6826921421022,384.36200646197915,0.0,7.5058031759746,0.9669283628463745,0.0,0.0,0.25504782795906067,0.9875715374946594,0.0,0.0,0.15717074275016785,0.014802717309177649
405.92929630400255,382.4623343376142,0.0,7.514878066550919,0.9657257795333862,0.0,0.0,0.25956401228904724,0.9864625334739685,0.0,0.0,0.16398721933364868,-0.39434201359962806
407.19684451963604,380.56656683631974,0.0,7.523823589938823,0.9646079540252686,0.0,0.0,0.2636876106262207,0.9853343963623047,0.0,0.0,0.17063504457473755,0.014350923198677423
408.4835679784575,378.673440071803,0.0,7.532627377275828,0.9635817408561707,0.0,0.0,0.2674136459827423,0.9841934442520142,0.0,0.0,0.17709705233573914,-0.39478664932371926
409.7876817330492,376.7816836407186,0.0,7.54127705969944,0.9626529812812805,0.0,0.0,0.27073806524276733,0.983046293258667,0.0,0.0,0.18335799872875214,0.013914070551020286
411.107384892452,374.89002083138485,0.0,7.549760268347172,0.9618266820907593,0.0,0.0,0.27365899085998535,0.9818995594978333,0.0,0.0,0.18940304219722748,-0.39521509420491785
412.4408608625437,372.99716886696933,0.0,7.558064634356533,0.9611071348190308,0.0,0.0,0.2761754095554352,0.9807597398757935,0.0,0.0,0.1952192634344101,0.01349465812630507
413.78627763378705,371.1018391833628,0.0,7.566177788865036,0.9604975581169128,0.0,0.0,0.2782876193523407,0.979633629322052,0.0,0.0,0.2007935345172882,-0.3956248494831251
415.14178811664635,369.20273774195084,0.0,7.574087363010191,0.9600005745887756,0.0,0.0,0.27999716997146606,0.978527843952179,0.0,0.0,0.2061145305633545,0.013095184684630612
416.50553052495485,367.298565377479,0.0,7.581780987929506,0.9596096873283386,0.0,0.0,0.28130409121513367,0.9774491190910339,0.0,0.0,0.21117112040519714,-0.396013416398242
417.8756288074971,365.38801818118515,0.0,7.589246294760496,0.9593386650085449,0.0,0.0,0.2822156846523285,0.9764038920402527,0.0,0.0,0.21595261991024017,0.012718148986095745
419.25019312804017,363.4697879193673,0.0,7.59647091464067,0.9591852426528931,0.0,0.0,0.2827359437942505,0.9753982424736023,0.0,0.0,0.22045005857944489,-0.39637829619017
420.62732039403716,361.5425624875192,0.0,7.6034424787075325,0.9591470956802368,0.0,0.0,0.28286924958229065,0.9744384288787842,0.0,0.0,0.22465452551841736,0.012366049790799694
422.00509483418483,359.6050264001682,0.0,7.610148618098606,0.9592209458351135,0.0,0.0,0.2826213836669922,0.9735303521156311,0.0,0.0,0.22855770587921143,-0.39671699009881006
423.381588625002,357.6558613165127,0.0,7.616576963951391,0.9594032764434814,0.0,0.0,0.2819986343383789,0.9726794958114624,0.0,0.0,0.232152059674263,0.012041385858840847
424.7548620737551,355.6937473097001,0.0,7.622712406378194,0.9596901535987854,0.0,0.0,0.2810074985027313,0.9718910455703735,0.0,0.0,0.2354310005903244,-0.3970268609284466
426.1229473059684,353.7173882727764,0.0,7.628444502047862,0.9600871205329895,0.0,0.0,0.27965810894966125,0.9711688756942749,0.0,0.0,0.23839229345321655,0.01175188607754446
427.4838287158,351.7258268235863,0.0,7.633545094242809,0.9605834484100342,0.0,0.0,0.27795639634132385,0.9705157279968262,0.0,0.0,0.24103735387325287,-0.39728446659485805
428.8354443074878,349.71931218898044,0.0,7.637778746746556,0.9611754417419434,0.0,0.0,0.2759089171886444,0.9699335098266602,0.0,0.0,0.24336974322795868,0.0115380652440219
430.17568923687026,347.6984521483187,0.0,7.640910023342636,0.961859405040741,0.0,0.0,0.2735207676887512,0.9694238901138306,0.0,0.0,0.24539178609848022,-0.39744261187748836
431.5024202367536,345.66392598349466,0.0,7.642703487814567,0.962631344795227,0.0,0.0,0.2707957625389099,0.9689884185791016,0.0,0.0,0.24710603058338165,0.011447486230288018
432.81346092448564,343.61648595188865,0.0,7.642923703945882,0.9634875059127808,0.0,0.0,0.26773709058761597,0.9686282277107239,0.0,0.0,0.24851426482200623,-0.3974537339043224
434.1066079870882,341.5569585986452,0.0,7.641335235520103,0.9644240736961365,0.0,0.0,0.2643464505672455,0.9683443903923035,0.0,0.0,0.24961775541305542,0.011527711908357663
435.37963823573114,339.48624590624485,0.0,7.637702646320747,0.9654372930526733,0.0,0.0,0.26062455773353577,0.9681377410888672,0.0,0.0,0.250418096780777,-0.3972702698033449
436.6303165171681,337.40532627958737,0.0,7.631790500131352,0.9665228128433228,0.0,0.0,0.25657129287719727,0.968006432056427,0.0,0.0,0.25091513991355896,0.011826305150246352
437.8564044650759,335.3152553651096,0.0,7.6233633607354365,0.9676766395568848,0.0,0.0,0.25218603014945984,0.967955470085144,0.0,0.0,0.2511104345321655,-0.3968446567025411
439.055670068968,333.2171667028888,0.0,7.612185791916523,0.9688944220542908,0.0,0.0,0.2474677562713623,0.967983067035675,0.0,0.0,0.251004159450531,0.012390828827969214
440.225898032577,331.1122722111934,0.0,7.598022357458147,0.9701712727546692,0.0,0.0,0.24241507053375244,0.968087375164032,0.0,0.0,0.25059542059898376,-0.3961293317298958
441.3649008872849,329.00186250353966,0.0,7.5806376211438184,0.9715020656585693,0.0,0.0,0.2370263785123825,0.9682716131210327,0.0,0.0,0.24988409876823425,0.013268845813541374
442.47053566251344,326.8872976211977,0.0,7.5598297394596985,0.9728814363479614,0.0,0.0,0.23130033910274506,0.9685332775115967,0.0,0.0,0.24886974692344666,-0.39507842861453624
443.540771483847,324.76989436251534,0.0,7.535796184879937,0.9743034839630127,0.0,0.0,0.22523581981658936,0.968871533870697,0.0,0.0,0.24755100905895233,0.014482661701408162
444.5737281283167,322.6508494745442,0.0,7.508996294591791,0.9757619500160217,0.0,0.0,0.21883228421211243,0.9692853689193726,0.0,0.0,0.24592673778533936,-0.3937248988020037
445.56767260832305,320.5312342469462,0.0,7.479893964772847,0.977249801158905,0.0,0.0,0.21208970248699188,0.9697734117507935,0.0,0.0,0.2439962923526764,0.015952476338728594
446.52101333245673,318.4119907129816,0.0,7.4489530916006705,0.9787598252296448,0.0,0.0,0.20500832796096802,0.9703343510627747,0.0,0.0,0.24175676703453064,-0.39216222843977255
447.43229259163473,316.29392819171005,0.0,7.416637571252854,0.9802843928337097,0.0,0.0,0.1975899040699005,0.9709662795066833,0.0,0.0,0.23920737206935883,0.01758457332599206
448.3001774288716,314.1777201690072,0.0,7.383411299906958,0.9818152785301208,0.0,0.0,0.18983665108680725,0.9716668725013733,0.0,0.0,0.2363462597131729,-0.39048413392735354
449.12344895239755,312.0639015127265,0.0,7.349738173740569,0.9833439588546753,0.0,0.0,0.18175218999385834,0.9724338054656982,0.0,0.0,0.23317141830921173,0.0192852362636885
449.9009901509746,309.9528660154651,0.0,7.3160820889312745,0.9848614931106567,0.0,0.0,0.17334121465682983,0.9732645750045776,0.0,0.0,0.2296798825263977,-0.3887843316642579
450.63177226718926,307.8448642569263,0.0,7.282906941656634,0.9863584637641907,0.0,0.0,0.16460970044136047,0.9741561412811279,0.0,0.0,0.22586959600448608,0.02096074875230669
451.3148397792677,305.740001776788,0.0,7.250676628094243,0.9878253936767578,0.0,0.0,0.155565083026886,0.9751049876213074,0.0,0.0,0.2217378169298172,-0.38715653804999567
451.9492940346039,303.6382375482718,0.0,7.219855044421668,0.9892524480819702,0.0,0.0,0.14621618390083313,0.976107656955719,0.0,0.0,0.21728196740150452,0.022517394392335688
452.5342755682976,301.5393827440663,0.0,7.190906080677102,0.9906298518180847,0.0,0.0,0.13657307624816895,0.9771599769592285,0.0,0.0,0.21249976754188538,-0.3856944691740075
453.06893789989317,299.44312952856177,0.0,7.164192081954368,0.9919477105140686,0.0,0.0,0.12664736807346344,0.9782570600509644,0.0,0.0,0.2073911875486374,0.02386658624701926
453.5524824001661,297.349179982944,0.0,7.139715979487254,0.9931962490081787,0.0,0.0,0.11645187437534332,0.9793922901153564,0.0,0.0,0.20196248590946198,-0.38445830238273915
453.9846717087253,295.25743675014894,0.0,7.117401223617387,0.9943661689758301,0.0,0.0,0.10599948465824127,0.9805587530136108,0.0,0.0,0.19622163474559784,0.02499359411923474
454.3655068767094,293.1679020610655,0.0,7.09717126468638,0.9954482316970825,0.0,0.0,0.09530389308929443,0.9817491173744202,0.0,0.0,0.19017666578292847,-0.3834365872852135
454.69493717117996,291.08058700131136,0.0,7.078949553035856,0.9964339137077332,0.0,0.0,0.084376260638237,0.9829564690589905,0.0,0.0,0.18383435904979706,0.025913882586432957
454.9728596170132,288.99551281081574,0.0,7.062659539007438,0.9973149299621582,0.0,0.0,0.07323142886161804,0.9841738343238831,0.0,0.0,0.17720189690589905,-0.38261385930398034
455.1991204852287,286.91271266364265,0.0,7.048224672942741,0.9980834126472473,0.0,0.0,0.06188398599624634,0.9853941202163696,0.0,0.0,0.17028550803661346,0.02664291622606413
455.3735168379352,284.8322333315843,0.0,7.035568405183387,0.9987316727638245,0.0,0.0,0.05034990608692169,0.9866103529930115,0.0,0.0,0.16309216618537903,-0.3819746538615887
455.49579813081004,282.7541367359556,0.0,7.024614186070995,0.99925297498703,0.0,0.0,0.03864661231637001,0.987815260887146,0.0,0.0,0.15562772750854492,0.027196159615578863
455.56566787427585,280.6785013915628,0.0,7.015285465947183,0.999640941619873,0.0,0.0,0.026793312281370163,0.9890010952949524,0.0,0.0,0.1479051113128662,-0.38150350638058805
455.5827853547715,278.60542374635094,0.0,7.007505695153573,0.9998902082443237,0.0,0.0,0.014811291359364986,0.9901629686355591,0.0,0.0,0.13991573452949524,0.027589077332427825
455.54676741770254,276.53501941983495,0.0,7.001198324031784,0.9999961256980896,0.0,0.0,0.0027236584573984146,0.9912925958633423,0.0,0.0,0.13167378306388855,-0.381184952283528
455.45719031384226,274.46742434299057,0.0,6.9962868029234375,0.9999552369117737,0.0,0.0,-0.009445080533623695,0.9923833012580872,0.0,0.0,0.12318485230207443,0.027837133954061455
455.3135916110966,272.4027958019437,0.0,6.992694582170153,0.9997650980949402,0.0,0.0,-0.02166835218667984,0.9934280514717102,0.0,0.0,0.11445531249046326,-0.38100352699295803
455.1154721736764,270.34131338741304,0.0,6.9903451121135465,0.9994245171546936,0.0,0.0,-0.0339176170527935,0.9944198727607727,0.0,0.0,0.10549110919237137,0.027955794057930472
454.8622982108225,268.28317985156497,0.0,6.989161843095239,0.9989337921142578,0.0,0.0,-0.04616294801235199,0.995352029800415,0.0,0.0,0.09629909694194794,-0.38094376593142737
454.5535033973113,266.22862187360624,0.0,6.989068225456855,0.9982945919036865,0.0,0.0,-0.05837300419807434,0.9962179064750671,0.0,0.0,0.08688603341579437,0.027960522221485262
454.1884910680286,264.17789073518804,0.0,6.989987709540009,0.9975104928016663,0.0,0.0,-0.07051548361778259,0.9970107078552246,0.0,0.0,0.07725957036018372,-0.38099020452148574
453.7666364889337,262.1312629064107,0.0,6.991843745686321,0.9965861439704895,0.0,0.0,-0.08255687355995178,0.9977239966392517,0.0,0.0,0.06742618978023529,0.0278667830221766
453.28728920675815,260.08904054300035,0.0,6.994559784237414,0.9955281019210815,0.0,0.0,-0.09446310251951218,0.9983512163162231,0.0,0.0,0.05739440396428108,-0.3811273781856824
452.7497752900458,258.05155121384325,0.0,6.998061618559437,0.9943446516990662,0.0,0.0,-0.10619957000017166,0.998885989189148,0.0,0.0,0.04718058928847313,0.027689922702882563
452.1535705538874,256.01914163439056,0.0,7.002297811548014,0.9930453300476074,0.0,0.0,-0.11773143708705902,0.9993215799331665,0.0,0.0,0.036817897111177444,-0.3813413273265196
451.49984546016736,253.9921743286745,0.0,7.007229739850949,0.9916408658027649,0.0,0.0,-0.12902772426605225,0.9996525645256042,0.0,0.0,0.02634323015809059,0.027440835414855536
450.7907406995784,251.9710279621459,0.0,7.012818923259263,0.9901424646377563,0.0,0.0,-0.14006274938583374,0.9998748898506165,0.0,0.0,0.01579265668988228,-0.38162360931683853
450.0284033419432,249.95609767335523,0.0,7.019026881563974,0.9885615706443787,0.0,0.0,-0.15081612765789032,0.9999859929084778,0.0,0.0,0.005198310129344463,0.027127302167142875
449.21497883912895,247.94779536259645,0.0,7.025815134556104,0.986909806728363,0.0,0.0,-0.161271870136261,0.9999849796295166,0.0,0.0,-0.005408689845353365,-0.3819664503770471
448.35261437027907,245.94654993743467,0.0,7.033145202026674,0.9851981997489929,0.0,0.0,-0.1714179515838623,0.9998716115951538,0.0,0.0,-0.016000378876924515,0.026757096739336295
447.4434620051674,243.95280751495085,0.0,7.040978603766702,0.9834376573562622,0.0,0.0,-0.18124601244926453,0.9996471405029297,0.0,0.0,-0.026550408452749252,-0.38236207672755357
446.48968168604375,241.96703158048848,0.0,7.049276859567213,0.9816382527351379,0.0,0.0,-0.19075103104114532,0.9993135929107666,0.0,0.0,-0.03703513741493225,0.026337992911027674
445.4934440280248,239.98970310263965,0.0,7.058001489219225,0.9798098802566528,0.0,0.0,-0.19993054866790771,0.9988740682601929,0.0,0.0,-0.04743289202451706,-0.3828027145887663
444.45693293778464,238.02132060414644,0.0,7.067114012513755,0.9779613614082336,0.0,0.0,-0.2087850570678711,0.998332142829895,0.0,0.0,-0.05772433057427406,0.02587776446180906
443.3823480500234,236.06240018836314,0.0,7.0765759492418265,0.9761008620262146,0.0,0.0,-0.217317134141922,0.997692346572876,0.0,0.0,-0.06789151579141617,-0.38328059018109323
442.27190698093335,234.11347552086747,0.0,7.086348819194461,0.9742358326911926,0.0,0.0,-0.22553084790706635,0.9969595074653625,0.0,0.0,-0.07791811972856522,0.025384185171272
441.12784739765965,232.1750977658003,0.0,7.0963941421626755,0.9723727703094482,0.0,0.0,-0.2334326207637787,0.9961387515068054,0.0,0.0,-0.08778983354568481,-0.38378792972494247
439.9524289025292,230.24783547646345,0.0,7.106673437937497,0.9705175161361694,0.0,0.0,-0.24102994799613953,0.9952359199523926,0.0,0.0,-0.09749338030815125,0.02486502881900826
438.74793440626604,228.33227393127342,0.0,7.117150122691356,0.968674898147583,0.0,0.0,-0.24833163619041443,0.9942569136619568,0.0,0.0,-0.1070171594619751,-0.3843170552175616
437.51666818820246,226.42900974022203,0.0,7.1278072109992605,0.9668492078781128,0.0,0.0,-0.25534746050834656,0.9932079315185547,0.0,0.0,-0.11635062843561172,0.024326792035780753
436.26095484816494,224.53864778815145,0.0,7.138639288955114,0.965043842792511,0.0,0.0,-0.2620883882045746,0.9920952916145325,0.0,0.0,-0.12548495829105377,-0.3848641298617966
434.9831400492969,222.66180130517273,0.0,7.149641092582007,0.9632611274719238,0.0,0.0,-0.26856622099876404,0.9909252524375916,0.0,0.0,-0.13441218435764313,0.02377114538795788
433.6855912638605,220.79909197257507,0.0,7.160807357903034,0.9615033268928528,0.0,0.0,-0.2747930586338043,0.989703893661499,0.0,0.0,-0.1431279182434082,-0.3854280826557878
432.3705646547289,218.95108148797866,0.0,7.1721328209412825,0.9597715139389038,0.0,0.0,-0.28078189492225647,0.9884363412857056,0.0,0.0,-0.15163485705852509,0.023199152305218018
431.0390664632403,217.1176882636784,0.0,7.183612217719849,0.9580667614936829,0.0,0.0,-0.2865446209907532,0.9871268272399902,0.0,0.0,-0.15993767976760864,-0.3860078501698569
429.6914096852586,215.29847221925064,0.0,7.195240284261824,0.9563901424407959,0.0,0.0,-0.2920917868614197,0.9857797622680664,0.0,0.0,-0.16804076731204987,0.02261187621723959
428.32790363486794,213.49298762639023,0.0,7.2070117565903,0.9547425508499146,0.0,0.0,-0.2974328100681305,0.984399139881134,0.0,0.0,-0.17594867944717407,-0.3866023689743255
426.9488614089915,211.7007866843352,0.0,7.218921370728373,0.9531251788139343,0.0,0.0,-0.3025757670402527,0.9829887747764587,0.0,0.0,-0.1836644858121872,0.02201038055370058
425.5546000264309,209.92141935011875,0.0,7.230963862699124,0.9515388011932373,0.0,0.0,-0.3075280487537384,0.981552243232727,0.0,0.0,-0.1911926120519638,-0.3872105756395149
424.14544056343374,208.15443317305363,0.0,7.243133968525659,0.949984610080719,0.0,0.0,-0.312296062707901,0.9800933003425598,0.0,0.0,-0.19853611290454865,0.021395728744279585
422.72170828575133,206.39937313348958,0.0,7.255426424231059,0.9484636783599854,0.0,0.0,-0.3168853223323822,0.9786152839660645,0.0,0.0,-0.2056981325149536,-0.3878314067357472
421.28373277715406,204.65578148589123,0.0,7.267835965838424,0.9469770193099976,0.0,0.0,-0.3213007152080536,0.9771213531494141,0.0,0.0,-0.21268153190612793,0.020768984218655084
419.83184806436907,202.92319760627888,0.0,7.280357329370844,0.9455258250236511,0.0,0.0,-0.3255465030670166,0.9756148457527161,0.0,0.0,-0.219488725066185,-0.38846379883334414
418.36639273839376,201.20115784407943,0.0,7.292985250851404,0.9441112875938416,0.0,0.0,-0.3296264111995697,0.974098801612854,0.0,0.0,-0.22612252831459045,0.020131210406505562
416.88771007215286,199.489195378441,0.0,7.305714466303209,0.9427344799041748,0.0,0.0,-0.3335436284542084,0.9725760221481323,0.0,0.0,-0.23258492350578308,-0.38910668850262725
415.39614813445087,197.7868400790579,0.0,7.318539711749341,0.9413965940475464,0.0,0.0,-0.3373010456562042,0.9710496068000793,0.0,0.0,-0.23887789249420166,0.019483470737509
413.8920599001768,196.09361837156266,0.0,7.331455723212897,0.9400990009307861,0.0,0.0,-0.3409011662006378,0.9695221185684204,0.0,0.0,-0.24500371515750885,-0.3897590123139179
412.3758033567195,194.4090531075422,0.0,7.344457236716968,0.9388427138328552,0.0,0.0,-0.34434589743614197,0.9679964184761047,0.0,0.0,-0.25096386671066284,0.018826828641343774
410.84774160654024,192.73266343922998,0.0,7.357538988284645,0.9376291036605835,0.0,0.0,-0.3476371765136719,0.9664750695228577,0.0,0.0,-0.25676020979881287,-0.39041970683753796
409.30824296586036,191.06396469893878,0.0,7.370695713939024,0.9364591836929321,0.0,0.0,-0.35077640414237976,0.9649606943130493,0.0,0.0,-0.2623942494392395,0.018162347547688307
407.7576810594091,189.4024682832904,0.0,7.383922149703187,0.935334324836731,0.0,0.0,-0.35376495122909546,0.9634557962417603,0.0,0.0,-0.26786720752716064,-0.3910877086438088
406.1964349111854,187.74768154230728,0.0,7.3972130316002405,0.9342555999755859,0.0,0.0,-0.35660406947135925,0.9619627594947815,0.0,0.0,-0.2731802761554718,0.017491090886220917
404.6248890311781,186.0991076734268,0.0,7.41056309565327,0.933224081993103,0.0,0.0,-0.3592948913574219,0.9604842066764832,0.0,0.0,-0.27833446860313416,-0.3917619543030527
403.04343349799296,184.45624562050676,0.0,7.423967077885362,0.9322407245635986,0.0,0.0,-0.36183881759643555,0.9590221047401428,0.0,0.0,-0.28333109617233276,0.01681412208662031
401.45246403733256,182.81858997788464,0.0,7.437419714319617,0.9313062429428101,0.0,0.0,-0.3642370402812958,0.9575788378715515,0.0,0.0,-0.28817126154899597,-0.39244138038559084
399.8523820962694,181.1856308995572,0.0,7.450915740979123,0.9304214715957642,0.0,0.0,-0.3664912283420563,0.9561565518379211,0.0,0.0,-0.2928559184074402,0.016132504578564466
398.24359491326726,179.55685401355822,0.0,7.464449893886974,0.9295868277549744,0.0,0.0,-0.36860305070877075,0.9547575116157532,0.0,0.0,-0.2973853647708893,-0.39312492346174494
396.62651558387597,177.93174034158767,0.0,7.478016909066264,0.9288027286529541,0.0,0.0,-0.3705744445323944,0.9533836245536804,0.0,0.0,-0.3017607629299164,0.015447301791731594
395.001563122061,176.3097662239803,0.0,7.491611522540078,0.9280691742897034,0.0,0.0,-0.3724077641963959,0.9520370364189148,0.0,0.0,-0.30598267912864685,-0.3938115201018365
393.369162517095,174.69040325007293,0.0,7.505228470331513,0.9273859858512878,0.0,0.0,-0.3741054832935333,0.9507195353507996,0.0,0.0,-0.31005194783210754,0.014759577155800507
391.72974478595575,173.07311819404558,0.0,7.51886248846366,0.926753044128418,0.0,0.0,-0.37567058205604553,0.9494333267211914,0.0,0.0,-0.31396839022636414,-0.39450010687618736
390.0837470211777,171.45737295631574,0.0,7.532508312959619,0.926169753074646,0.0,0.0,-0.37710636854171753,0.9481801390647888,0.0,0.0,-0.3177330493927002,0.014070394100449024
388.4316124340851,169.84262451055028,0.0,7.546160679842472,0.9256352186203003,0.0,0.0,-0.37841659784317017,0.9469617009162903,0.0,0.0,-0.3213464617729187,-0.3951896203551193
386.77379039335375,168.22832485637437,0.0,7.55981432513531,0.925141453742981,0.0,0.0,-0.3796025514602661,0.94577956199646,0.0,0.0,-0.32480916380882263,0.013380816055356182
385.11073645883744,166.61392097785208,0.0,7.573463984861232,0.9246959686279297,0.0,0.0,-0.3806724548339844,0.9446356296539307,0.0,0.0,-0.32812097668647766,-0.39587899710895375
383.44291241059966,164.99885480781336,0.0,7.587104395043329,0.9242967367172241,0.0,0.0,-0.3816313147544861,0.9435316324234009,0.0,0.0,-0.33128228783607483,0.012691906450199797
381.770786273082,163.38256319809975,0.0,7.60073029170469,0.9239416122436523,0.0,0.0,-0.38248440623283386,0.9424689412117004,0.0,0.0,-0.33429351449012756,-0.3965671737080124
380.09483233390455,161.76447789537292,0.0,7.61433641292835,0.9236281514167786,0.0,0.0,-0.3832378387451172,0.9414491653442383,0.0,0.0,-0.33715495467185974,0.012004728610621018
378.415530873877,160.1440252491522,0.0,7.627918787959419,0.9233535528182983,0.0,0.0,-0.3838981091976166,0.9404729604721069,0.0,0.0,-0.3398686349391937,-0.39725315224493507
376.73333382555563,158.52066542903404,0.0,7.641476941804822,0.9231148958206177,0.0,0.0,-0.38447219133377075,0.9395397305488586,0.0,0.0,-0.3424399197101593,0.01131997336590368
375.0484313058403,156.89417004079723,0.0,7.65501098531976,0.9229095578193665,0.0,0.0,-0.3849666118621826,0.9386486411094666,0.0,0.0,-0.3448750078678131,-0.39793668979619456
373.3608882458082,155.26445949682477,0.0,7.668521029359452,0.9227349758148193,0.0,0.0,-0.3853873312473297,0.9377983808517456,0.0,0.0,-0.3471803069114685,0.010637647909353565
371.67076939033103,153.63145422988399,0.0,7.6820071847791,0.9225890040397644,0.0,0.0,-0.38573965430259705,0.9369882345199585,0.0,0.0,-0.34936094284057617,-0.3986178087567828
369.97814006724826,151.99507377736842,0.0,7.695469562433906,0.9224695563316345,0.0,0.0,-0.3860284090042114,0.9362168312072754,0.0,0.0,-0.35142281651496887,0.009957729845979535
368.283066188252,150.35523678002633,0.0,7.70890827317909,0.922374963760376,0.0,0.0,-0.3862578570842743,0.9354832172393799,0.0,0.0,-0.3533710241317749,-0.39929653152169114
366.5856142497769,148.7118609806959,0.0,7.7223234278698465,0.9223034381866455,0.0,0.0,-0.38643181324005127,0.9347864985466003,0.0,0.0,-0.35520991683006287,0.00928019678078984
364.88585133388096,147.06486322303542,0.0,7.735715137361395,0.9222536683082581,0.0,0.0,-0.3865538239479065,0.934125542640686,0.0,0.0,-0.3569446802139282,-0.3999728804859108
363.1838451091309,145.41415945026077,0.0,7.7490835125089355,0.9222242832183838,0.0,0.0,-0.3866268992424011,0.9334993362426758,0.0,0.0,-0.358579158782959,0.008605026318792841
361.4796638314828,143.7596647038804,0.0,7.762428664167674,0.9222140908241272,0.0,0.0,-0.38665395975112915,0.9329069256782532,0.0,0.0,-0.3601178526878357,-0.4006468780444329
359.77337634516596,142.10129312243527,0.0,7.775750703192822,0.9222220778465271,0.0,0.0,-0.3866373598575592,0.9323473572731018,0.0,0.0,-0.36156418919563293,0.007932196064997454
358.0650520835615,140.43895794023615,0.0,7.7890497404395855,0.9222472906112671,0.0,0.0,-0.3865794241428375,0.931819498538971,0.0,0.0,-0.36292245984077454,-0.40131854659224925
356.3547610700838,138.7725714861042,0.0,7.802325886763176,0.9222888350486755,0.0,0.0,-0.3864820897579193,0.9313225746154785,0.0,0.0,-0.36419567465782166,0.007261683624412041
354.64257391905994,137.1020451821117,0.0,7.815579253018799,0.9223460555076599,0.0,0.0,-0.3863471746444702,0.9308556914329529,0.0,0.0,-0.3653872609138489,-0.40198790852435135
352.9285618366097,135.42728954232317,0.0,7.828809950061654,0.9224181175231934,0.0,0.0,-0.38617637753486633,0.9304180145263672,0.0,0.0,-0.36650002002716064,0.006593466602045628
351.2127966215242,133.74821417153632,0.0,7.842018088746963,0.9225044846534729,0.0,0.0,-0.3859710395336151,0.9300086498260498,0.0,0.0,-0.36753737926483154,-0.4026549862357306
349.4953506661461,132.06472776402398,0.0,7.855203779929921,0.9226045608520508,0.0,0.0,-0.3857324421405792,0.9296269416809082,0.0,0.0,-0.36850178241729736,0.005927522602906354
347.77629695724795,130.37673810227506,0.0,7.868367134465743,0.922717809677124,0.0,0.0,-0.38546180725097656,0.929271936416626,0.0,0.0,-0.3693961799144745,-0.4033198021213782
346.05570907691265,128.6841520557356,0.0,7.881508263209633,0.922843873500824,0.0,0.0,-0.385159969329834,0.928942859172821,0.0,0.0,-0.3702227473258972,0.0052638292320028035
344.3336612034135,126.98687557955017,0.0,7.894627277016799,0.9229823350906372,0.0,0.0,-0.38482800126075745,0.9286391139030457,0.0,0.0,-0.3709839880466461,-0.40398237857628555
342.61022811209494,125.28481371330135,0.0,7.907724286742454,0.9231326580047607,0.0,0.0,-0.3844667375087738,0.9283599257469177,0.0,0.0,-0.37168213725090027,0.004602364094343503
340.8854851762527,123.57787057974805,0.0,7.920799403241794,0.9232946634292603,0.0,0.0,-0.38407689332962036,0.9281004071235657,0.0,0.0,-0.37231767177581787,-0.4046427379954442
339.15950836801744,121.86594938356508,0.0,7.933852737370039,0.9234679937362671,0.0,0.0,-0.3836590349674225,0.9278650283813477,0.0,0.0,-0.37289461493492126,0.003943104794937258
337.43237425923616,120.1489524100781,0.0,7.946884399982389,0.9236523509025574,0.0,0.0,-0.38321375846862793,0.9276529550552368,0.0,0.0,-0.37341493368148804,-0.4053009027738458
335.7041600223569,118.42678102400035,0.0,7.959894501934053,0.9238475561141968,0.0,0.0,-0.3827416002750397,0.9274634718894958,0.0,0.0,-0.3738802671432495,0.0032860289387925956
333.974943431314,116.69933566816552,0.0,7.972883154080241,0.9240533113479614,0.0,0.0,-0.38224297761917114,0.9272958636283875,0.0,0.0,-0.37429240345954895,-0.40595689530648155
332.24480286241493,114.96651586226042,0.0,7.9858504672761566,0.9242693781852722,0.0,0.0,-0.38171836733818054,0.9271496534347534,0.0,0.0,-0.3746523857116699,0.002631114130918155
330.5138172952263,113.2282202015528,0.0,7.99879655237701,0.9244956374168396,0.0,0.0,-0.38116803765296936,0.9270240068435669,0.0,0.0,-0.3749622106552124,-0.4066107379883429
328.78206631346734,111.48434635562252,0.0,8.011721520238012,0.9247318506240845,0.0,0.0,-0.38059231638908386,0.9269183278083801,0.0,0.0,-0.3752233386039734,0.0019783379763220754
327.0496301058963,109.73479106708211,0.0,8.02462548171436,0.9249779582023621,0.0,0.0,-0.3799915015697479,0.9268320798873901,0.0,0.0,-0.3754368722438812,-0.407262453214421
325.3165895013279,107.97945018491419,0.0,8.037508389317498,0.9252336621284485,0.0,0.0,-0.37936586141586304,0.9267647862434387,0.0,0.0,-0.3756040930747986,0.001327686077173651
323.5830276937285,106.21822041817512,0.0,8.050362182301896,0.925498902797699,0.0,0.0,-0.37871554493904114,0.9267159104347229,0.0,0.0,-0.3757261037826538,-0.40791163467827946
321.84903273120653,104.45100190319195,0.0,8.063167166565435,0.925773561000824,0.0,0.0,-0.37804070115089417,0.9266849160194397,0.0,0.0,-0.3758041262626648,0.0006809697002271853
320.11469768248634,102.6776984452267,0.0,8.07590273395371,0.9260574579238892,0.0,0.0,-0.377341628074646,0.9266713857650757,0.0,0.0,-0.37583911418914795,-0.4085548451524347
318.38012060318897,100.89821756495618,0.0,8.088548276312313,0.926350474357605,0.0,0.0,-0.3766184151172638,0.9266747832298279,0.0,0.0,-0.3758324682712555,4.230594474213811e-05
316.6454044993362,99.1124705489149,0.0,8.10108318548685,0.9266524910926819,0.0,0.0,-0.3758711814880371,0.9266947507858276,0.0,0.0,-0.3757847547531128,-0.4091879213733709
314.91065728806325,97.32037250394555,0.0,8.113486853322913,0.9269635081291199,0.0,0.0,-0.3751000165939331,0.9267309308052063,0.0,0.0,-0.3756968080997467,-0.0005841419257660574
313.1759917555042,95.5218424156833,0.0,8.125738671666099,0.9272832870483398,0.0,0.0,-0.3743051290512085,0.9267827868461609,0.0,0.0,-0.3755698800086975,-0.40980670007757225
311.4415255118397,93.71680321111816,0.0,8.13781803236201,0.9276117086410522,0.0,0.0,-0.3734865188598633,0.9268499612808228,0.0,0.0,-0.3754045367240906,-0.001194210647781746
309.7073809434744,91.90518182525737,0.0,8.149704327256229,0.9279487133026123,0.0,0.0,-0.3726442754268646,0.926932156085968,0.0,0.0,-0.3752017021179199,-0.4104070180015227
307.9736851623285,90.08690927192157,0.0,8.161376948194372,0.9282942414283752,0.0,0.0,-0.3717784583568573,0.927029013633728,0.0,0.0,-0.3749620318412781,-0.001783736957788995
306.2405699522262,88.26192071870301,0.0,8.172815287022019,0.9286481142044067,0.0,0.0,-0.37088918685913086,0.9271402955055237,0.0,0.0,-0.37468603253364563,-0.4109847118817069
304.5081717123614,86.4301555661076,0.0,8.18399873558478,0.9290103316307068,0.0,0.0,-0.3699765205383301,0.927265465259552,0.0,0.0,-0.374374657869339,-0.0023485575922718716
302.77663139782555,84.59155753090346,0.0,8.194906685728244,0.9293807148933411,0.0,0.0,-0.36904051899909973,0.9274044036865234,0.0,0.0,-0.3740282952785492,-0.41153561845460906
301.04609445718813,82.74607473369598,0.0,8.20551852929801,0.92975914478302,0.0,0.0,-0.3680812120437622,0.9275567531585693,0.0,0.0,-0.3736477494239807,-0.002884509287714665
299.3167107671142,80.8936597907413,0.0,8.215813658139675,0.9301455020904541,0.0,0.0,-0.36709877848625183,0.927722156047821,0.0,0.0,-0.3732335567474365,-0.4120555744567133
297.58863456401843,79.03426991001875,0.0,8.225771464098838,0.9305396676063538,0.0,0.0,-0.366093248128891,0.9279005527496338,0.0,0.0,-0.372785747051239,-0.00338742878060172
295.86202437273806,77.16786699155713,0.0,8.235371339021093,0.9309415817260742,0.0,0.0,-0.36506471037864685,0.9280914664268494,0.0,0.0,-0.3723054528236389,-0.41254041662450397
294.13704293223753,75.29441773203632,0.0,8.244592674752038,0.9313596487045288,0.0,0.0,-0.3640165328979492,0.9282945990562439,0.0,0.0,-0.37179312109947205,-0.0038531528074171595
292.41385711832805,73.41389373364845,0.0,8.253414863137271,0.9317758083343506,0.0,0.0,-0.3629417419433594,0.9285099506378174,0.0,0.0,-0.37124890089035034,-0.4129859816944652
290.6926378634192,71.52627161722886,0.0,8.261817296022388,0.9322081208229065,0.0,0.0,-0.361847460269928,0.9287370443344116,0.0,0.0,-0.3706735074520111,-0.004277518104645273
288.9735600732996,69.63153313964042,0.0,8.269779365252983,0.9326382875442505,0.0,0.0,-0.36072689294815063,0.9289805293083191,0.0,0.0,-0.37006932497024536,-0.41338810640308116
287.25680254095903,67.72966531540018,0.0,8.277280462674659,0.9330845475196838,0.0,0.0,-0.3595871925354004,0.9292355179786682,0.0,0.0,-0.3694344460964203,-0.004656361408770293
285.54254785746656,65.82066054253454,0.0,8.284299980133008,0.9335366487503052,0.0,0.0,-0.3584250509738922,0.9295017123222351,0.0,0.0,-0.3687693178653717,-0.41374262748683616
283.83098231991534,63.90451673263316,0.0,8.290817309473633,0.9339942932128906,0.0,0.0,-0.357241690158844,0.9297788143157959,0.0,0.0,-0.36807483434677124,-0.004985519456276566
282.1222958364618,61.981237445081156,0.0,8.296811842542123,0.9344484210014343,0.0,0.0,-0.35603567957878113,0.9300668239593506,0.0,0.0,-0.36735081672668457,-0.4140453816822145
280.4166818284778,60.05083202543106,0.0,8.30226297118408,0.9349164962768555,0.0,0.0,-0.3548167943954468,0.9303653836250305,0.0,0.0,-0.3665979206562042,-0.005260828983648047
278.7143371298461,58.11331574787815,0.0,8.3071500872451,0.9353867769241333,0.0,0.0,-0.35358482599258423,0.9306743144989014,0.0,0.0,-0.3658163845539093,-0.41429220572570047
277.01546188342854,56.168709961787975,0.0,8.31145258257078,0.9358575940132141,0.0,0.0,-0.35234469175338745,0.9309934377670288,0.0,0.0,-0.3650069534778595,-0.0054781267273691925
275.3202594347484,54.217042242234626,0.0,8.315149849006715,0.936326801776886,0.0,0.0,-0.3511023223400116,0.9313226342201233,0.0,0.0,-0.3641692101955414,-0.4144789363537781
273.62893622292313,52.25834654448089,0.0,8.318221278398504,0.9367836117744446,0.0,0.0,-0.34986191987991333,0.9316616058349609,0.0,0.0,-0.36330366134643555,-0.005633249423924125
271.9417016688967,50.29266336234454,0.0,8.320646262591742,0.9372429251670837,0.0,0.0,-0.34863850474357605,0.9320100545883179,0.0,0.0,-0.3624112606048584,-0.4146014103029315
270.2587680610188,48.32003989037327,0.0,8.32240419343203,0.9376832842826843,0.0,0.0,-0.34743496775627136,0.9323680400848389,0.0,0.0,-0.36149150133132935,-0.0057220338097972445
268.58035043803005,46.340530189754574,0.0,8.323474462764962,0.9381102919578552,0.0,0.0,-0.34626567363739014,0.9327352046966553,0.0,0.0,-0.36054515838623047,-0.4146554643096453
266.9066664695085,44.3541953578704,0.0,8.323836462436137,0.9385198354721069,0.0,0.0,-0.345142662525177,0.9331112504005432,0.0,0.0,-0.35957226157188416,-0.00574031662147273
265.23793633384975,42.361103701409974,0.0,8.323469584291148,0.9389071464538574,0.0,0.0,-0.3440791070461273,0.9334961175918579,0.0,0.0,-0.35857346653938293,-0.41463693511040345
263.5743825938439,40.3613309129319,0.0,8.322353220175597,0.9392672181129456,0.0,0.0,-0.3430894911289215,0.933889627456665,0.0,0.0,-0.35754871368408203,-0.005683934595434759
261.9162300699312,38.35496025077492,0.0,8.320466761935075,0.939594566822052,0.0,0.0,-0.3421896994113922,0.9342916011810303,0.0,0.0,-0.356498122215271,-0.4145416594416902
260.26370571121817,36.34208272219877,0.0,8.317789601415182,0.9398831725120544,0.0,0.0,-0.34139686822891235,0.9347018599510193,0.0,0.0,-0.3554225265979767,-0.005548724468167454
258.61703846433534,34.3227972696254,0.0,8.314301130461518,0.9401264190673828,0.0,0.0,-0.34072965383529663,0.9351199865341187,0.0,0.0,-0.35432201623916626,-0.41436547403999
256.97650335180185,32.297265734967816,0.0,8.309756436409618,0.9403171539306641,0.0,0.0,-0.3402084708213806,0.9355448484420776,0.0,0.0,-0.3531996011734009,-0.00531919446554624
255.34278630182337,30.26618380330679,0.0,8.3020236680679,0.9404473304748535,0.0,0.0,-0.3398555815219879,0.9359712600708008,0.0,0.0,-0.3520691394805908,-0.41397493018434767
253.71662001247944,28.23180445959103,0.0,8.28802641951313,0.9405087828636169,0.0,0.0,-0.33969348669052124,0.9363901019096375,0.0,0.0,-0.35095444321632385,-0.004612262720355864
252.09830319337945,26.19863419727947,0.0,8.264681249915437,0.9404940605163574,0.0,0.0,-0.3397417366504669,0.9367927312850952,0.0,0.0,-0.3498791456222534,-0.41279588121476724
250.48863527110586,24.172085608246178,0.0,8.228904718444962,0.9403966665267944,0.0,0.0,-0.34001684188842773,0.9371709823608398,0.0,0.0,-0.34886524081230164,-0.0028053671915439504
248.8890413095293,22.15827150713476,0.0,8.177661658541883,0.9402109384536743,0.0,0.0,-0.3405323624610901,0.937517523765564,0.0,0.0,-0.34793344140052795,-0.4102078478863289
247.30121997544074,20.163488626504588,0.0,8.109854533974886,0.9399318695068359,0.0,0.0,-0.3412989377975464,0.937825620174408,0.0,0.0,-0.3471025824546814,0.0006192350593144935
245.7266727884567,18.193547750624028,0.0,8.026938709014086,0.9395553469657898,0.0,0.0,-0.3423246443271637,0.9380892515182495,0.0,0.0,-0.34638991951942444,-0.40602017995901574
244.16669373532812,16.253696844572385,0.0,7.930543817149343,0.9390878081321716,0.0,0.0,-0.3436186909675598,0.9382994771003723,0.0,0.0,-0.3458097577095032,0.005487663941372178
242.62238686265815,14.348595911224233,0.0,7.822299491870523,0.9385185837745667,0.0,0.0,-0.34518152475357056,0.938456654548645,0.0,0.0,-0.3453778326511383,-0.4005532948439238
241.0946778783402,12.482300482286531,0.0,7.703835366667413,0.9378457069396973,0.0,0.0,-0.3470143973827362,0.9385560750961304,0.0,0.0,-0.3451060950756073,0.011470700567791925
239.5843200211585,10.658253367511001,0.0,7.576781075029916,0.9370677471160889,0.0,0.0,-0.34911680221557617,0.9385935068130493,0.0,0.0,-0.3450049161911011,-0.39413641142788863
238.09189456183012,8.879284136838763,0.0,7.442766250447805,0.9361836314201355,0.0,0.0,-0.3514865040779114,0.9385651350021362,0.0,0.0,-0.34508293867111206,0.01823912605173683
236.61780637810173,7.1476156960816395,0.0,7.303420526410482,0.9351925253868103,0.0,0.0,-0.35411956906318665,0.9384673833847046,0.0,0.0,-0.34534743428230286,-0.3870987485977208
235.16230496796297,5.464911473885817,0.0,7.160227161843007,0.9340939521789551,0.0,0.0,-0.3570111393928528,0.9382971525192261,0.0,0.0,-0.3458040654659271,0.025471114161205344
233.725592753867,3.8324272415720246,0.0,7.014086508626157,0.9328874945640564,0.0,0.0,-0.3601551055908203,0.9380565881729126,0.0,0.0,-0.3464588522911072,-0.37971790752616275
232.30784546058044,2.2510584401242886,0.0,6.865753836818739,0.9315727949142456,0.0,0.0,-0.36354464292526245,0.937741219997406,0.0,0.0,-0.34731388092041016,0.03296266324238806
230.9092018925964,0.7213549983507923,0.0,6.715984416479409,0.9301497340202332,0.0,0.0,-0.36717209219932556,0.9373495578765869,0.0,0.0,-0.3483712077140808,-0.37215379538781274
229.5297523677635,-0.7564619165483979,0.0,6.565533517666936,0.9286184906959534,0.0,0.0,-0.3710293769836426,0.9368807673454285,0.0,0.0,-0.3496318757534027,0.04056119348544224
228.169526054013,-2.1824815719806727,0.0,6.4151564104400896,0.9269790649414062,0.0,0.0,-0.3751077950000763,0.936333954334259,0.0,0.0,-0.35109564661979675,-0.36455899199251746
226.82847744532532,-3.5570841069712915,0.0,6.2656083648575285,0.9252316355705261,0.0,0.0,-0.37939828634262085,0.9357083439826965,0.0,0.0,-0.35276105999946594,0.0481141250805211
225.50647219863006,-4.880920052718844,0.0,6.117644650978057,0.9233766198158264,0.0,0.0,-0.3838917315006256,0.9350037574768066,0.0,0.0,-0.3546258211135864,-0.3570860771501199
224.20327253552264,-6.154889230543036,0.0,5.97202053886033,0.9214144349098206,0.0,0.0,-0.3885783851146698,0.9342197179794312,0.0,0.0,-0.3566872179508209,0.055468878217780015
222.9185223919426,-7.380119291090047,0.0,5.829491298563119,0.9193456768989563,0.0,0.0,-0.3934483826160431,0.9333562850952148,0.0,0.0,-0.3589416444301605,-0.3498876306704628
221.65173247562748,-8.557944124979699,0.0,5.6908122001451895,0.9171710014343262,0.0,0.0,-0.398491770029068,0.9324133396148682,0.0,0.0,-0.3613850176334381,0.06247287308737243
220.40226536559362,-9.689882338196657,0.0,5.556738513665205,0.9148911833763123,0.0,0.0,-0.40369877219200134,0.931391179561615,0.0,0.0,-0.36401230096817017,-0.34311623236339284
219.16932097298846,-10.777615760937863,0.0,5.428024578325635,0.9125068783760071,0.0,0.0,-0.40905988216400146,0.9302897453308105,0.0,0.0,-0.3668188154697418,0.06897357689240119
217.9519313468167,-11.822960593989073,0.0,5.3053843239118965,0.9100185632705688,0.0,0.0,-0.4145660996437073,0.9291093349456787,0.0,0.0,-0.3697992265224457,-0.33692228012027475
216.74895974353922,-12.827836967462535,0.0,5.189476604576337,0.9074265360832214,0.0,0.0,-0.42020943760871887,0.9278500080108643,0.0,0.0,-0.37294819951057434,0.07482750211136885
215.55908875726664,-13.794249718744936,0.0,5.080956321925758,0.9047306180000305,0.0,0.0,-0.42598289251327515,0.9265120029449463,0.0,0.0,-0.37626028060913086,-0.3314414577641849
214.38080787618324,-14.724270431434242,0.0,4.980478377566881,0.9019300937652588,0.0,0.0,-0.4318809509277344,0.9250953197479248,0.0,0.0,-0.3797301948070526,0.07990214576585758
213.21240130226664,-15.62001985511129,0.0,4.888697673106533,0.8990234732627869,0.0,0.0,-0.4378994405269623,0.9236001372337341,0.0,0.0,-0.38335275650024414,-0.3268060686500259
212.05193595994677,-16.483650598248126,0.0,4.806269110151444,0.8960083723068237,0.0,0.0,-0.4440363347530365,0.9220262169837952,0.0,0.0,-0.38712355494499207,0.08406520450096311
210.8972495917983,-17.31732994679741,0.0,4.733847590308414,0.8928812742233276,0.0,0.0,-0.4502914547920227,0.9203732013702393,0.0,0.0,-0.3910379111766815,-0.3231484161327012
209.74593881130517,-18.12322262054674,0.0,4.672088015184232,0.8896373510360718,0.0,0.0,-0.45666706562042236,0.9186403155326843,0.0,0.0,-0.39509186148643494,0.08718437496178036
208.59535704078348,-18.903466507473876,0.0,4.621604977810842,0.8862701654434204,0.0,0.0,-0.4631679654121399,0.9168269634246826,0.0,0.0,-0.39928218722343445,-0.3205987677805097
207.44295738705563,-19.65992619807568,0.0,4.581609376114651,0.8827714323997498,0.0,0.0,-0.4698020815849304,0.9149319529533386,0.0,0.0,-0.40360578894615173,0.08920435484542635
206.28674154418007,-20.39392504896582,0.0,4.5495778776762155,0.8791308403015137,0.0,0.0,-0.4765797555446625,0.9129543304443359,0.0,0.0,-0.4080597162246704,-0.3189810153341241
205.12531678932964,-21.106270870150617,0.0,4.522879806472404,0.8753361105918884,0.0,0.0,-0.4835143983364105,0.9108928442001343,0.0,0.0,-0.4126410186290741,0.09055274227996227
203.95792818591093,-21.797302515533246,0.0,4.498884486480079,0.8713722825050354,0.0,0.0,-0.4906219244003296,0.908746600151062,0.0,0.0,-0.4173465371131897,-0.31776913048602684
202.7844924559967,-22.466938876098588,0.0,4.474961241676087,0.8672220706939697,0.0,0.0,-0.4979211091995239,0.9065147638320923,0.0,0.0,-0.4221726059913635,0.09176098696703258
201.60562519459245,-23.11473485036205,0.0,4.448510816509786,0.8628652691841125,0.0,0.0,-0.5054334998130798,0.9041962623596191,0.0,0.0,-0.42711591720581055,-0.3164332504271228
200.42233682107502,-23.74011106547171,0.0,4.418199770101362,0.8582791090011597,0.0,0.0,-0.5131827592849731,0.9017869830131531,0.0,0.0,-0.43217962980270386,0.09329184789675099
199.23570678214614,-24.34239830419163,0.0,4.38436512324423,0.8534379005432129,0.0,0.0,-0.5211942195892334,0.8992767930030823,0.0,0.0,-0.43737882375717163,-0.3147244298787828
198.04746112663642,-24.919661167626945,0.0,4.347458203613813,0.8483156561851501,0.0,0.0,-0.5294905304908752,0.8966531753540039,0.0,0.0,-0.4427325427532196,0.09515583373667102
196.85949804465108,-25.469596970624895,0.0,4.3079303388855,0.8428874611854553,0.0,0.0,-0.5380895733833313,0.8939033150672913,0.0,0.0,-0.44825875759124756,-0.31272807307432254
195.67356564515973,-25.990138866715117,0.0,4.266232856734716,0.8371296525001526,0.0,0.0,-0.5470041632652283,0.8910139799118042,0.0,0.0,-0.4539748430252075,0.09726176717862986
194.49125201033175,-26.479453612896656,0.0,4.222817084836849,0.8310204148292542,0.0,0.0,-0.5562415719032288,0.8879718780517578,0.0,0.0,-0.45989710092544556,-0.31053535732190507
193.313977931029,-26.935933320868248,0.0,4.178134350867314,0.8245402574539185,0.0,0.0,-0.565803050994873,0.8847628831863403,0.0,0.0,-0.46604087948799133,0.09951847091446497
192.14299125533276,-27.358183402349542,0.0,4.132635982501536,0.8176724910736084,0.0,0.0,-0.5756834745407104,0.8813729286193848,0.0,0.0,-0.47242048382759094,-0.30823745992969404
190.97936276663455,-27.745006999872444,0.0,4.086773307414896,0.8104040026664734,0.0,0.0,-0.585871160030365,0.8777873516082764,0.0,0.0,-0.4790497124195099,0.1018347676360124
189.82398350065498,-28.095386194849596,0.0,4.040997653282824,0.8027260303497314,0.0,0.0,-0.5963476300239563,0.8739911913871765,0.0,0.0,-0.48594099283218384,-0.305925558205852
188.677563406726,-28.408460276324412,0.0,3.9957603477807075,0.7946347594261169,0.0,0.0,-0.6070874929428101,0.8699690103530884,0.0,0.0,-0.4931056499481201,0.10411948003510921
187.54063125760575,-28.683501337002426,0.0,3.9515127185839645,0.7861316204071045,0.0,0.0,-0.6180587410926819,0.8657047152519226,0.0,0.0,-0.5005542635917664,-0.30369082945854176
186.41353571383405,-28.919887438407628,0.0,3.9087060933680133,0.7772244215011597,0.0,0.0,-0.629223108291626,0.8611820936203003,0.0,0.0,-0.5082957148551941,0.10628143080359159
185.296447453085,-29.117073554717678,0.0,3.867791799808242,0.7679271697998047,0.0,0.0,-0.6405368447303772,0.8563845157623291,0.0,0.0,-0.5163379311561584,-0.30162445099592705
184.18936228185672,-29.274560465466383,0.0,3.8292211655800763,0.7582606673240662,0.0,0.0,-0.6519513726234436,0.8512948751449585,0.0,0.0,-0.5246869921684265,0.10822944263329695
183.09210515618702,-29.391861721202822,0.0,3.7934455183589058,0.7482521533966064,0.0,0.0,-0.6634142398834229,0.8458959460258484,0.0,0.0,-0.5333474278450012,-0.299817600126171
182.0043428293271,-29.468468350970443,0.0,3.760889282063539,0.7379356622695923,0.0,0.0,-0.6748707890510559,0.8401703834533691,0.0,0.0,-0.542322039604187,0.10987369699164881
180.92569005428973,-29.503812261651245,0.0,3.7316287953081244,0.7273513078689575,0.0,0.0,-0.6862649917602539,0.834103524684906,0.0,0.0,-0.5516074895858765,-0.29833979776478636
179.85578522313875,-29.49725134363515,0.0,3.7054978254580457,0.7165449261665344,0.0,0.0,-0.6975404620170593,0.8276944756507874,0.0,0.0,-0.5611786246299744,0.11119344294367298
178.79429671997187,-29.44867360909049,0.0,3.68232520557664,0.7055662870407104,0.0,0.0,-0.7086434960365295,0.820960521697998,0.0,0.0,-0.5709846615791321,-0.29716946342734163
177.7409272793417,-29.359680632824816,0.0,3.661939768727215,0.6944620013237,0.0,0.0,-0.7195290327072144,0.8139224052429199,0.0,0.0,-0.5809733271598816,0.11222301046132069
176.6954178198388,-29.232060906760225,0.0,3.6441703479730965,0.6832746863365173,0.0,0.0,-0.7301610708236694,0.8066011071205139,0.0,0.0,-0.5910959243774414,-0.29627201793470936
175.6575507893437,-29.06746103337347,0.0,3.6288457763776134,0.6720431447029114,0.0,0.0,-0.7405116558074951,0.7990174293518066,0.0,0.0,-0.6013075709342957,0.1129969787237188
174.62715305285255,-28.867404402924652,0.0,3.6157948870040757,0.6608023047447205,0.0,0.0,-0.7505596876144409,0.7911924719810486,0.0,0.0,-0.6115668416023254,-0.29561288210776304
173.60409834869512,-28.633308551215457,0.0,3.6048465129158136,0.6495833396911621,0.0,0.0,-0.7602899670600891,0.7831473350524902,0.0,0.0,-0.6218359470367432,0.11354992690999469
172.5883093344281,-28.366501293346268,0.0,3.5958294871761405,0.6384140849113464,0.0,0.0,-0.7696927189826965,0.7749024629592896,0.0,0.0,-0.6320805549621582,-0.2951574767673755
171.57975923957358,-28.068235716019878,0.0,3.5885726428483835,0.627318799495697,0.0,0.0,-0.7787622213363647,0.7664783000946045,0.0,0.0,-0.6422700881958008,0.11391643419927536
170.57847313875428,-27.739704099063363,0.0,3.582904812995863,0.6163188815116882,0.0,0.0,-0.7874963879585266,0.7578946948051453,0.0,0.0,-0.6523768901824951,-0.29487122273441996
169.58452885555633,-27.382050825944855,0.0,3.5786548306818973,0.6054328680038452,0.0,0.0,-0.7958961129188538,0.7491710186004639,0.0,0.0,-0.6623767614364624,0.11413107977068779
168.5980575046575,-26.99638433311748,0.0,3.5756515289698108,0.5946767926216125,0.0,0.0,-0.8039646148681641,0.740325927734375,0.0,0.0,-0.672248125076294,-0.29471954082976914
167.6192436773603,-26.58378813899186,0.0,3.573723740922923,0.5840645432472229,0.0,0.0,-0.8117069602012634,0.7313776612281799,0.0,0.0,-0.6819727420806885,0.11422844280335889
166.64832527363748,-26.14533098518527,0.0,3.572700299604557,0.5736081004142761,0.0,0.0,-0.8191296458244324,0.722343385219574,0.0,0.0,-0.6915345191955566,-0.2946678518742961
165.68559298217855,-25.682076115422813,0.0,3.572410038078032,0.5633176565170288,0.0,0.0,-0.8262401819229126,0.7132397294044495,0.0,0.0,-0.7009201049804688,0.11424310247641573
164.73137895567012,-25.195084224945454,0.0,3.572721110873404,0.5532025098800659,0.0,0.0,-0.8330466747283936,0.7040818333625793,0.0,0.0,-0.71011883020401,-0.29468356262153717
163.78593966624447,-24.685342692998553,0.0,3.5737487172310667,0.5432703495025635,0.0,0.0,-0.8395576477050781,0.6948829293251038,0.0,0.0,-0.7191229462623596,0.1141912031654227
162.84908076337544,-24.153467192112636,0.0,3.575703771202739,0.533528745174408,0.0,0.0,-0.8457818031311035,0.6856554746627808,0.0,0.0,-0.7279263734817505,-0.2947823027211166
161.9203719756687,-23.59986701703217,0.0,3.5787973959492034,0.5239841938018799,0.0,0.0,-0.8517279028892517,0.676412045955658,0.0,0.0,-0.7365235090255737,0.11403495949135886
160.99933852976494,-23.024892214634956,0.0,3.5832407146312364,0.5146428346633911,0.0,0.0,-0.8574045896530151,0.6671651005744934,0.0,0.0,-0.744909942150116,-0.2950067127555627
160.08546435567553,-22.428830585549452,0.0,3.5892448504096253,0.5055099129676819,0.0,0.0,-0.8628206849098206,0.6579264402389526,0.0,0.0,-0.7530821561813354,0.11373172031063211
159.1781940510044,-21.81190430031331,0.0,3.5970209264451474,0.4965904653072357,0.0,0.0,-0.8679848313331604,0.6487075686454773,0.0,0.0,-0.7610376477241516,-0.29539944386846784
158.27693473404733,-21.174267027492895,0.0,3.606780065898588,0.4878888428211212,0.0,0.0,-0.8729056119918823,0.6395197510719299,0.0,0.0,-0.7687745690345764,0.11323883447965025
157.38105779002618,-20.51600157213346,0.0,3.618733391930727,0.4794090688228607,0.0,0.0,-0.8775913715362549,0.6303734183311462,0.0,0.0,-0.7762920260429382,-0.29600314720342435
156.4899005143755,-19.837118026123616,0.0,3.6330920277023426,0.47115471959114075,0.0,0.0,-0.8820503950119019,0.6212789416313171,0.0,0.0,-0.7835894227027893,0.11251365085482118
155.60276765649536,-19.137552436074984,0.0,3.650067096374224,0.46312910318374634,0.0,0.0,-0.8862906694412231,0.6122458577156067,0.0,0.0,-0.7906674146652222,-0.29686047390402437
154.7189328666533,-18.41716599913556,0.0,3.669869721107145,0.4553352892398834,0.0,0.0,-0.8903198838233948,0.6032834053039551,0.0,0.0,-0.7975267767906189,0.11151351829255243
153.8376400478006,-17.675744802854222,0.0,3.6927110250618953,0.44777604937553406,0.0,0.0,-0.8941454887390137,0.5944004058837891,0.0,0.0,-0.8041691184043884,-0.29801407511386024
152.9581046128998,-16.913000131807262,0.0,3.718802131399244,0.4404540956020355,0.0,0.0,-0.8977748155593872,0.5856046676635742,0.0,0.0,-0.810596764087677,0.11019578564925198
152.0795146469821,-16.128569371288307,0.0,3.748354163279988,0.43337196111679077,0.0,0.0,-0.9012147784233093,0.5769041776657104,0.0,0.0,-0.816811740398407,-0.2995066019765241
151.2010319714951,-15.322017546985284,0.0,3.7815782438649044,0.4265322685241699,0.0,0.0,-0.9044720530509949,0.5683062076568604,0.0,0.0,-0.8228170275688171,0.10851780178132694
150.32179310659393,-14.492839549339804,0.0,3.8186854963147616,0.4199373126029968,0.0,0.0,-0.90755295753479,0.5598177313804626,0.0,0.0,-0.8286156058311462,-0.3013807056356078
149.4409101247813,-13.640463102244155,0.0,3.859887043790361,0.4135895371437073,0.0,0.0,-0.9104633331298828,0.5514450073242188,0.0,0.0,-0.8342111110687256,0.10643691554518553
148.55748881309998,-12.764270039911358,0.0,3.9053166342702754,0.4074915945529938,0.0,0.0,-0.9132089018821716,0.5431945323944092,0.0,0.0,-0.8396068811416626,-0.30367512939721963
147.67073221376657,-11.863708786438048,0.0,3.9546435448037967,0.40164583921432495,0.0,0.0,-0.915795087814331,0.5350719690322876,0.0,0.0,-0.8448064923286438,0.10394565743743192
146.77997403362582,-10.93834842841583,0.0,4.007364538173887,0.39605453610420227,0.0,0.0,-0.9182270765304565,0.5270829796791077,0.0,0.0,-0.8498137593269348,-0.30633780583005243
145.88467234126819,-9.987894934490535,0.0,4.062976091038172,0.3907198905944824,0.0,0.0,-0.9205096960067749,0.5192336440086365,0.0,0.0,-0.8546322584152222,0.10113699315135691
144.98440331341874,-9.01220648300334,0.0,4.120974680054311,0.38564372062683105,0.0,0.0,-0.9226477146148682,0.5115295648574829,0.0,0.0,-0.8592655658721924,-0.3092670274975342
144.0788550988209,-8.011307888163715,0.0,4.180856781879914,0.38082751631736755,0.0,0.0,-0.9246460795402527,0.5039764642715454,0.0,0.0,-0.8637173771858215,0.09811264457430624
143.16782181218898,-6.985404022526561,0.0,4.2421188731726485,0.3762722611427307,0.0,0.0,-0.9265090823173523,0.49657973647117615,0.0,0.0,-0.867991030216217,-0.3123610725123188
142.25119767993232,-5.9348921068499445,0.0,4.304257430590131,0.3719785511493683,0.0,0.0,-0.9282413125038147,0.48934561014175415,0.0,0.0,-0.8720899224281311,0.09497433359362531
141.3289713676157,-4.860372715281647,0.0,4.366768930789985,0.36794644594192505,0.0,0.0,-0.9298469424247742,0.48227980732917786,0.0,0.0,-0.8760170936584473,-0.3155182189870589
140.40122052643812,-3.7626593245356514,0.0,4.429149850429877,0.3641754984855652,0.0,0.0,-0.9313303232192993,0.47538861632347107,0.0,0.0,-0.8797758221626282,0.09182378209666106
139.46810660232245,-2.6427862206016157,0.0,4.490896666167413,0.36066457629203796,0.0,0.0,-0.9326955676078796,0.46867841482162476,0.0,0.0,-0.8833687901496887,-0.3186367450344092
138.52986995641012,-1.5020145658839374,0.0,4.551505854660258,0.35741186141967773,0.0,0.0,-0.9339468479156494,0.4621557891368866,0.0,0.0,-0.8867986798286438,0.08876271197075983
137.58682534979485,-0.34183642386165136,0.0,4.610473892566033,0.35441482067108154,0.0,0.0,-0.9350882768630981,0.4558272957801819,0.0,0.0,-0.8900681138038635,-0.32161492876702413
136.63935784809462,0.8360234623031353,0.0,4.66729725654236,0.3516699969768524,0.0,0.0,-0.9361240267753601,0.44970035552978516,0.0,0.0,-0.8931792974472046,0.08589284510326858
135.68791920290778,2.029608335949372,0.0,4.721472423246905,0.34917277097702026,0.0,0.0,-0.9370583295822144,0.4437817633152008,0.0,0.0,-0.8961347937583923,-0.32435104829755673
134.73302476720573,3.236732726058361,0.0,4.772495869337274,0.34691745042800903,0.0,0.0,-0.9378955960273743,0.4380796253681183,0.0,0.0,-0.8989361524581909,0.0833159033815328
133.77525100028902,4.454988550850452,0.0,4.81986407147113,0.3448968529701233,0.0,0.0,-0.9386404156684875,0.43260157108306885,0.0,0.0,-0.9015852212905884,-0.3267433817386606
132.81523361493285,5.681754174461243,0.0,4.863073506306097,0.3431023359298706,0.0,0.0,-0.9392977356910706,0.42735573649406433,0.0,0.0,-0.9040835499763489,0.08113360869289812
131.8536664148123,6.9142065359667875,0.0,4.901620650499799,0.34152358770370483,0.0,0.0,-0.9398729205131531,0.4223500192165375,0.0,0.0,-0.9064328074455261,-0.32869020720298897
130.89128397034142,8.1493581183101,0.0,4.9350888604275625,0.3401481509208679,0.0,0.0,-0.9403716921806335,0.41758838295936584,0.0,0.0,-0.9086363315582275,0.0794432950601828
129.92869587051368,9.38442238531091,0.0,4.963922632423131,0.33895939588546753,0.0,0.0,-0.9407932162284851,0.41306552290916443,0.0,0.0,-0.9107012748718262,-0.33014645831387623
128.96629769862005,10.618036002294737,0.0,4.989058665043553,0.3379468023777008,0.0,0.0,-0.9411526918411255,0.40877288579940796,0.0,0.0,-0.9126361608505249,0.07817379846319178
128.00427748813405,11.849729177006134,0.0,5.011439431440349,0.3370976448059082,0.0,0.0,-0.9414544701576233,0.40470218658447266,0.0,0.0,-0.9144484996795654,-0.3312768000510882
127.04262232751428,13.079292330175177,0.0,5.032007404765044,0.3364005982875824,0.0,0.0,-0.941702663898468,0.40084555745124817,0.0,0.0,-0.9161456227302551,0.07713501193164157
126.0811239115332,14.306762410039026,0.0,5.051705058169179,0.335845410823822,0.0,0.0,-0.9419007897377014,0.3971952795982361,0.0,0.0,-0.9177340865135193,-0.332271631031095
125.11938298844446,15.532415861948756,0.0,5.071474864804276,0.3354227840900421,0.0,0.0,-0.9420520067214966,0.3937438726425171,0.0,0.0,-0.9192200899124146,0.07613653684906091
124.15681266316955,16.756762456297835,0.0,5.0922592978218715,0.3351244628429413,0.0,0.0,-0.9421592950820923,0.39048442244529724,0.0,0.0,-0.9206094741821289,-0.33332134987036754
123.19264052296369,17.980540000835724,0.0,5.1150008303734955,0.33494290709495544,0.0,0.0,-0.9422251582145691,0.38741037249565125,0.0,0.0,-0.9219073057174683,0.07498797459897888
122.2259095842804,19.204709918714208,0.0,5.140641772098748,0.33487141132354736,0.0,0.0,-0.9422518610954285,0.3845152258872986,0.0,0.0,-0.9231185913085938,-0.3346163469271985
121.25553305862084,20.430384292181905,0.0,5.169830673445299,0.3349038362503052,0.0,0.0,-0.9422414898872375,0.3817930817604065,0.0,0.0,-0.9242478013038635,0.07351378766228445
120.28046099738735,21.658612693515394,0.0,5.202316082961685,0.33503469824790955,0.0,0.0,-0.9421959519386292,0.37923815846443176,0.0,0.0,-0.9252990484237671,-0.33625702417550085
119.29970893518895,22.89034545331192,0.0,5.237674775275688,0.33525896072387695,0.0,0.0,-0.9421168565750122,0.3768448829650879,0.0,0.0,-0.9262763261795044,0.07172799512117317
118.31235456943942,24.126437781082316,0.0,5.275483525015065,0.3355720341205597,0.0,0.0,-0.9420057535171509,0.37460827827453613,0.0,0.0,-0.9271830320358276,-0.33816655699062087
117.31753491125914,25.36765353734895,0.0,5.315319106807574,0.33596983551979065,0.0,0.0,-0.9418639540672302,0.3725232481956482,0.0,0.0,-0.9280227422714233,0.06971609705084442
116.31444392643078,26.614668647911923,0.0,5.356758295280996,0.3364485800266266,0.0,0.0,-0.9416926503181458,0.37058526277542114,0.0,0.0,-0.9287983179092407,-0.34025944529735935
115.3023306901324,27.86807414609519,0.0,5.399377865063076,0.3370048999786377,0.0,0.0,-0.9414929747581482,0.3687898516654968,0.0,0.0,-0.929512619972229,0.06756359352649693
114.2804980833119,29.12837882457679,0.0,5.442754590781604,0.3376355469226837,0.0,0.0,-0.9412658214569092,0.3671325743198395,0.0,0.0,-0.9301683902740479,-0.3424501890205173
113.24830206179502,30.39601147493048,0.0,5.486465247064333,0.33833765983581543,0.0,0.0,-0.9410121440887451,0.36560946702957153,0.0,0.0,-0.9307682514190674,0.06535598462332876
112.20515153154768,31.67132269022568,0.0,5.53008660853902,0.3391086459159851,0.0,0.0,-0.9407325983047485,0.364216685295105,0.0,0.0,-0.9313141703605652,-0.3446532880848954
111.15050886486506,32.9545862040349,0.0,5.573195449833448,0.33994606137275696,0.0,0.0,-0.9404279589653015,0.3629501760005951,0.0,0.0,-0.9318085312843323,0.06317877041653952
110.08389109263422,34.24599973795651,0.0,5.615368545575359,0.34084776043891907,0.0,0.0,-0.940098762512207,0.3618065416812897,0.0,0.0,-0.9322531819343567,-0.346783242415295
109.00487180713776,35.54568532936226,0.0,5.656182670392549,0.3418117165565491,0.0,0.0,-0.9397456049919128,0.36078211665153503,0.0,0.0,-0.932650089263916,0.061117450981327925
107.91307075607662,36.853704713368934,0.0,5.695283385750354,0.3428361713886261,0.0,0.0,-0.9393689036369324,0.35987329483032227,0.0,0.0,-0.9330011606216431,-0.3487580260192246
106.80821649849662,38.16999306957314,0.0,5.73268793621378,0.3439195156097412,0.0,0.0,-0.9389690160751343,0.35907652974128723,0.0,0.0,-0.9333081841468811,0.05922833227105395
105.69036692650569,39.4941074036097,0.0,5.768538535508325,0.34506362676620483,0.0,0.0,-0.9385548830032349,0.3583885729312897,0.0,0.0,-0.93357253074646,-0.35056866234723194
104.55961761954232,40.82556082634928,0.0,5.802977490696631,0.3462638258934021,0.0,0.0,-0.938117504119873,0.35780492424964905,0.0,0.0,-0.9337924122810364,0.057488991099927333
103.41603922088599,42.1638940129729,0.0,5.836147108841364,0.34751904010772705,0.0,0.0,-0.9376569390296936,0.3573242127895355,0.0,0.0,-0.9339739680290222,-0.3522438955868649
102.25967686032742,43.50867539482826,0.0,5.868189697005176,0.3488285541534424,0.0,0.0,-0.9371735453605652,0.3569434881210327,0.0,0.0,-0.9341181516647339,0.05587067856640143
101.09054954064983,44.859501302167565,0.0,5.899247562250711,0.350191593170166,0.0,0.0,-0.9366674423217773,0.35666000843048096,0.0,0.0,-0.934225857257843,-0.35381247463966964
99.90864948786593,46.21599605530073,0.0,5.929463011640641,0.3516075313091278,0.0,0.0,-0.9361387491226196,0.3564710319042206,0.0,0.0,-0.9342979192733765,0.05434464576893022
98.71394146509051,47.577812001842375,0.0,5.958978352237604,0.35307589173316956,0.0,0.0,-0.9355875849723816,0.35637399554252625,0.0,0.0,-0.9343352317810059,-0.355303148407193
97.50636204985958,48.94462949784667,0.0,5.987935891104273,0.35459616780281067,0.0,0.0,-0.9350138306617737,0.3563666045665741,0.0,0.0,-0.9343384504318237,0.05288214380596712
96.28581887461253,50.31615683072704,0.0,6.016477935303292,0.35616788268089294,0.0,0.0,-0.9344173669815063,0.35644644498825073,0.0,0.0,-0.9343082904815674,-0.35674466579098185
95.05218982996658,51.69213008191435,0.0,6.04474679189731,0.35779058933258057,0.0,0.0,-0.93379807472229,0.35661157965660095,0.0,0.0,-0.9342452883720398,0.05145442377596621
93.80532223028956,53.072312927260086,0.0,6.072884767948996,0.35946375131607056,0.0,0.0,-0.9331559538841248,0.3568597733974457,0.0,0.0,-0.9341501593589783,-0.3581657756925821
92.54503194097111,54.45649637318426,0.0,6.101034170520994,0.3611868619918823,0.0,0.0,-0.9324909448623657,0.3571893572807312,0.0,0.0,-0.9340233206748962,0.050032736777380404
91.27110246664238,55.844498426564826,0.0,6.129337306675969,0.3629592955112457,0.0,0.0,-0.9318029880523682,0.3575984835624695,0.0,0.0,-0.9338651895523071,-0.3595952270135404
89.98328399945869,57.236163696301986,0.0,6.157936483476571,0.3647802770137787,0.0,0.0,-0.9310919642448425,0.3580854535102844,0.0,0.0,-0.9336763024330139,0.04858833390866313
88.68129242638823,58.63136292442176,0.0,6.186974007985447,0.3666490614414215,0.0,0.0,-0.9303579926490784,0.35864880681037903,0.0,0.0,-0.9334568977355957,-0.36106176865540285
87.36480829428879,60.029992444454685,0.0,6.216592187265267,0.36856481432914734,0.0,0.0,-0.9296010136604309,0.35928890109062195,0.0,0.0,-0.933212161064148,0.04709246626826813
86.03347573134755,61.43197356470027,0.0,6.246933328378671,0.370526522397995,0.0,0.0,-0.9288209676742554,0.36000296473503113,0.0,0.0,-0.932938277721405,-0.36259414951971614
84.68690132327583,62.83725187378822,0.0,6.278139738388328,0.37253332138061523,0.0,0.0,-0.9280180335044861,0.36078983545303345,0.0,0.0,-0.932635486125946,0.0455163849546491
83.3246529424154,64.24579646575248,0.0,6.310353724356887,0.3745841979980469,0.0,0.0,-0.927192211151123,0.3616483509540558,0.0,0.0,-0.9323040246963501,-0.36422111850802724
81.94625852770042,65.65759908156585,0.0,6.343717593346993,0.3766782879829407,0.0,0.0,-0.9263434410095215,0.3625774681568146,0.0,0.0,-0.9319440126419067,0.043831341066259966
80.55120481314407,67.07267316382705,0.0,6.378373652421319,0.378815233707428,0.0,0.0,-0.9254716634750366,0.36357632279396057,0.0,0.0,-0.9315556883811951,-0.3659714245218821
79.13893600228984,68.49105282093473,0.0,6.414464208642502,0.3809952139854431,0.0,0.0,-0.9245765209197998,0.36464428901672363,0.0,0.0,-0.9311390519142151,0.04200858570155369
77.70885533988317,69.91278877498182,0.0,6.452118285506501,0.3832191526889801,0.0,0.0,-0.9236570000648499,0.36578041315078735,0.0,0.0,-0.9306941628456116,-0.36787314557561934
76.26052005481249,71.33775508721975,0.0,6.490588243987565,0.3854890465736389,0.0,0.0,-0.922711968421936,0.36698415875434875,0.0,0.0,-0.9302209615707397,0.04006565850554028
74.79396380720617,72.76534465667248,0.0,6.527719726814153,0.3878079056739807,0.0,0.0,-0.9217398762702942,0.36825472116470337,0.0,0.0,-0.9297192692756653,-0.3697484729911036
73.30974199978357,74.19445098723781,0.0,6.561231592857301,0.39017975330352783,0.0,0.0,-0.9207383990287781,0.36959150433540344,0.0,0.0,-0.9291892647743225,0.03837314001851261
71.80895004998607,75.62347937907367,0.0,6.5888427009880015,0.39260992407798767,0.0,0.0,-0.919704794883728,0.37099358439445496,0.0,0.0,-0.9286308288574219,-0.371142973401745
70.29324239243684,77.05035946184145,0.0,6.608271910077284,0.3951049745082855,0.0,0.0,-0.9186358451843262,0.37245994806289673,0.0,0.0,-0.9280440211296082,0.03739186683218526
68.7648521103154,78.47255902896978,0.0,6.617238078996152,0.3976726531982422,0.0,0.0,-0.9175273180007935,0.3739894926548004,0.0,0.0,-0.92742919921875,-0.37159581021582927
67.22661072940937,79.88709936728965,0.0,6.613461400237753,0.40032216906547546,0.0,0.0,-0.9163743853569031,0.3755805194377899,0.0,0.0,-0.9267863631248474,0.03758260818361958
65.68174734492072,81.29077115245074,0.0,6.595603279482835,0.40306422114372253,0.0,0.0,-0.9151716232299805,0.37723153829574585,0.0,0.0,-0.926115870475769,-0.3706938849251769
64.1332879838486,82.68069324191424,0.0,6.564915989782351,0.4059111177921295,0.0,0.0,-0.9139124155044556,0.378940612077713,0.0,0.0,-0.9254180788993835,0.03913247129980568
62.58394114282713,84.05440262353324,0.0,6.523093751592422,0.4088769853115082,0.0,0.0,-0.912589430809021,0.3807057738304138,0.0,0.0,-0.9246936440467834,-0.36858165067316034
61.03608445363273,85.40984804971106,0.0,6.471830785369185,0.4119778573513031,0.0,0.0,-0.9111937284469604,0.38252484798431396,0.0,0.0,-0.9239428043365479,0.04172150999794899
59.49175091606781,86.74538266609498,0.0,6.412821311568792,0.4152320623397827,0.0,0.0,-0.9097154140472412,0.38439545035362244,0.0,0.0,-0.9231663942337036,-0.36560137421859507
57.952614844656274,88.05975574399207,0.0,6.347759550647346,0.4186602830886841,0.0,0.0,-0.9081429243087769,0.3863152265548706,0.0,0.0,-0.9223648905754089,0.045007457519234184
56.419977659161866,89.35210362921444,0.0,6.278339723061015,0.42228570580482483,0.0,0.0,-0.9064627289772034,0.38828226923942566,0.0,0.0,-0.921538770198822,-0.36209532232029557
54.89475590485037,90.62193813662813,0.0,6.206246824736035,0.4261346161365509,0.0,0.0,-0.9046598076820374,0.39030060172080994,0.0,0.0,-0.920685887336731,0.048648512990192794
53.37760520081723,91.86890333773468,0.0,6.1326095362674335,0.43023592233657837,0.0,0.0,-0.9027165174484253,0.3923892378807068,0.0,0.0,-0.9197978377342224,-0.35837626734713385
51.86912657511031,93.0909242951221,0.0,6.057692610464858,0.4346179664134979,0.0,0.0,-0.9006149172782898,0.3945743441581726,0.0,0.0,-0.9188627600669861,0.05243219611153499
50.36988277907922,94.28474684063822,0.0,5.9816862918745555,0.43930545449256897,0.0,0.0,-0.898337721824646,0.39688020944595337,0.0,0.0,-0.9178692698478699,-0.3545375643880277
48.88039648226629,95.44737868411121,0.0,5.9047808250428595,0.44431987404823303,0.0,0.0,-0.895868182182312,0.3993293344974518,0.0,0.0,-0.9168064594268799,0.05631631059798431
47.40114848039403,96.5761221285025,0.0,5.827166454516018,0.44967952370643616,0.0,0.0,-0.8931898474693298,0.4019426107406616,0.0,0.0,-0.9156638979911804,-0.3506176466846519
45.93257592127146,97.66856658981399,0.0,5.749033424840343,0.4554001986980438,0.0,0.0,-0.8902866840362549,0.4047393798828125,0.0,0.0,-0.9144312143325806,0.060262423207866955
44.47507055309754,98.72257953662958,0.0,5.670571980562146,0.4614948630332947,0.0,0.0,-0.8871427774429321,0.407737672328949,0.0,0.0,-0.9130983948707581,-0.3466549474786824
43.02897699929427,99.7362959971616,0.0,5.591972366227675,0.4679737985134125,0.0,0.0,-0.8837421536445618,0.4109540581703186,0.0,0.0,-0.9116553068161011,0.06423210069950697
41.59459106359963,100.7081067791809,0.0,5.513424826383263,0.47484490275382996,0.0,0.0,-0.8800692558288574,0.4144039750099182,0.0,0.0,-0.9100924134254456,-0.34268790001179295
40.172158068758854,101.6366455445604,0.0,5.435119605575157,0.48211348056793213,0.0,0.0,-0.8761085271835327,0.4181017577648163,0.0,0.0,-0.9083995819091797,0.06818690983122949
38.76187123170055,102.52077487548458,0.0,5.3572469483496725,0.4897821247577667,0.0,0.0,-0.8718445897102356,0.42206043004989624,0.0,0.0,-0.9065671563148499,-0.3387549375256574
37.36387007764621,103.35957146368496,0.0,5.279997099253116,0.49785077571868896,0.0,0.0,-0.8672624826431274,0.4262920022010803,0.0,0.0,-0.9045851230621338,0.07208841736135863
35.97823889511149,104.15231054747463,0.0,5.2035603028317405,0.5063164830207825,0.0,0.0,-0.8623475432395935,0.4308072328567505,0.0,0.0,-0.9024436473846436,-0.3348944932619516
34.60500523328102,104.89844971389901,0.0,5.128126803631875,0.515173077583313,0.0,0.0,-0.8570859432220459,0.43561577796936035,0.0,0.0,-0.9001323580741882,0.07589819004822057
33.24413844270989,105.59761217510403,0.0,5.05388684619977,0.5244110822677612,0.0,0.0,-0.8514649868011475,0.4407258629798889,0.0,0.0,-0.8976413607597351,-0.33114500046235035
31.895548259790523,106.24956961907408,0.0,4.981030675081736,0.5340168476104736,0.0,0.0,-0.8454735279083252,0.44614505767822266,0.0,0.0,-0.894960343837738,0.07957779465014148
30.559083434887622,106.8542247252988,0.0,4.909748534824086,0.5439727902412415,0.0,0.0,-0.8391026258468628,0.45187893509864807,0.0,0.0,-0.8920789957046509,-0.3275448923685296
29.234530403472508,107.41159342575055,0.0,4.840230669973067,0.5542568564414978,0.0,0.0,-0.8323454856872559,0.4579317569732666,0.0,0.0,-0.888987123966217,0.08308879792544543
27.921611999046533,107.92178698082361,0.0,4.77266732507501,0.5648426413536072,0.0,0.0,-0.8251983523368835,0.4643065929412842,0.0,0.0,-0.8856743574142456,-0.3241326022221631
26.619986206047713,108.38499392868897,0.0,4.7072487446761695,0.5756998658180237,0.0,0.0,-0.8176608085632324,0.47100481390953064,0.0,0.0,-0.8821304440498352,0.0863927666324576
25.32924495036613,108.80146195486971,0.0,4.644165173322854,0.5867943167686462,0.0,0.0,-0.8097357749938965,0.47802603244781494,0.0,0.0,-0.8783454298973083,-0.320946563264925
24.04891295400474,109.17147970877352,0.0,4.58360675014769,0.5980883240699768,0.0,0.0,-0.8014299273490906,0.48536813259124756,0.0,0.0,-0.8743095993995667,0.0894512728534255
22.77847019139618,109.49535299995445,0.0,4.5256797535532565,0.609541654586792,0.0,0.0,-0.7927538156509399,0.4930272698402405,0.0,0.0,-0.8700135946273804,-0.31802095737631725
21.517417679382046,109.77337709209226,0.0,4.470255904473315,0.6211118102073669,0.0,0.0,-0.7837216854095459,0.5009974837303162,0.0,0.0,-0.865448534488678,0.09225045715039226
20.265290112690934,110.00583209613936,0.0,4.417166228861095,0.6327549815177917,0.0,0.0,-0.7743518352508545,0.5092707872390747,0.0,0.0,-0.8606060743331909,-0.3153396606282254
19.021657187572192,110.19298319537448,0.0,4.366241752669873,0.6444268226623535,0.0,0.0,-0.7646659016609192,0.5178372859954834,0.0,0.0,-0.8554789423942566,0.09482240039237325
17.78612489716675,110.33508179739196,0.0,4.317313501852919,0.6560828685760498,0.0,0.0,-0.7546887397766113,0.5266845226287842,0.0,0.0,-0.8500606417655945,-0.31286853684959137
16.55833680046687,110.43236754417997,0.0,4.270212502363469,0.667680025100708,0.0,0.0,-0.7444483041763306,0.5357978940010071,0.0,0.0,-0.8443460464477539,0.09720123875042627
15.337975266602797,110.4850711184627,0.0,4.2247697801548085,0.6791765689849854,0.0,0.0,-0.7339748740196228,0.5451608300209045,0.0,0.0,-0.8383312821388245,-0.310573449869356
14.124762696063959,110.49341779051205,0.0,4.180816361180174,0.6905332803726196,0.0,0.0,-0.723300576210022,0.5547547340393066,0.0,0.0,-0.8320137858390808,0.09942110839560986
12.918462720316771,110.45763165473065,0.0,4.138183271392835,0.7017136812210083,0.0,0.0,-0.7124589681625366,0.5645583868026733,0.0,0.0,-0.8253929615020752,-0.3084202635164601
11.718881381104405,110.37794050952449,0.0,4.0967015367460675,0.712684690952301,0.0,0.0,-0.7014843821525574,0.5745440721511841,0.0,0.0,-0.8184734582901001,0.10151614549898197
10.525891672529406,110.25461258818198,0.0,4.056202183193107,0.7234170436859131,0.0,0.0,-0.6904110908508301,0.5846710205078125,0.0,0.0,-0.8112702369689941,-0.30637484161984596
9.340064923332065,110.08880493613634,0.0,4.0165162366872345,0.7338869571685791,0.0,0.0,-0.6792713403701782,0.5948911309242249,0.0,0.0,-0.8038060665130615,0.10352048623160182
8.1626997866659,109.88260906203206,0.0,3.977480172196173,0.7440776824951172,0.0,0.0,-0.6680927276611328,0.605161726474762,0.0,0.0,-0.7961022853851318,-0.3044033232112065
6.995070157883865,109.63808252422115,0.0,3.939026058776197,0.7539785504341125,0.0,0.0,-0.6568986773490906,0.6154451966285706,0.0,0.0,-0.7881793975830078,0.10546261317200464
5.838365347457159,109.35719602914921,0.0,3.9011674813979944,0.7635835409164429,0.0,0.0,-0.6457085609436035,0.6257085204124451,0.0,0.0,-0.7800566554069519,-0.302491273848671
4.693693209976196,109.04183559504936,0.0,3.8639206359910867,0.772891104221344,0.0,0.0,-0.6345382928848267,0.6359231472015381,0.0,0.0,-0.7717519402503967,0.10734376698043432
3.562083989119549,108.6938047891585,0.0,3.8273017184850326,0.7819027304649353,0.0,0.0,-0.6234002709388733,0.6460644006729126,0.0,0.0,-0.7632824778556824,-0.3006418335705875
2.4444941078254607,108.31482694306396,0.0,3.7913269248093497,0.7906224727630615,0.0,0.0,-0.6123036742210388,0.6561115980148315,0.0,0.0,-0.7546634674072266,0.10916067575193347
1.3418099026922918,107.90654734466258,0.0,3.756012450893587,0.7990567684173584,0.0,0.0,-0.6012553572654724,0.6660466194152832,0.0,0.0,-0.7459097504615784,-0.2988582742819126
0.2548513018907068,107.47053540535472,0.0,3.7213744926672905,0.8072136044502258,0.0,0.0,-0.5902592539787292,0.6758546233177185,0.0,0.0,-0.7370345592498779,0.11091006758154437
-0.81562455386855,107.00828680123627,0.0,3.6874292460599807,0.8151021003723145,0.0,0.0,-0.579317033290863,0.6855234503746033,0.0,0.0,-0.7280500531196594,-0.297143867887604
-1.8689197475478594,106.52122558717727,0.0,3.6541929070012142,0.8227324485778809,0.0,0.0,-0.5684285759925842,0.6950433850288391,0.0,0.0,-0.7189672589302063,0.11258867056431035
-2.904392079125206,106.01070628282518,0.0,3.621681671420513,0.8301153182983398,0.0,0.0,-0.5575916171073914,0.7044065594673157,0.0,0.0,-0.7097960710525513,-0.2955018862926191
-3.9214516158076975,105.47801592969029,0.0,3.589911735247422,0.8372616171836853,0.0,0.0,-0.5468023419380188,0.713607132434845,0.0,0.0,-0.7005454897880554,0.11419321279527456
-4.919557298583972,104.92437611861419,0.0,3.5588992944114892,0.8441826105117798,0.0,0.0,-0.5360555052757263,0.7226408123970032,0.0,0.0,-0.6912232041358948,-0.29393560140191544
-5.898213604359568,104.35094498704738,0.0,3.528660544842235,0.8508895039558411,0.0,0.0,-0.5253444910049438,0.7315048575401306,0.0,0.0,-0.6818357110023499,0.11572042236947933
-6.856967262669466,103.75881918569574,0.0,3.4992116824692157,0.8573933839797974,0.0,0.0,-0.5146614909172058,0.7401975393295288,0.0,0.0,-0.6723889708518982,-0.2924482851204498
-7.795404025729399,103.14903581422213,0.0,3.4705689032219524,0.863705039024353,0.0,0.0,-0.5039975643157959,0.7487185597419739,0.0,0.0,-0.6628875136375427,0.11716702738196735
-8.71314549034226,102.5225743258217,0.0,3.4427484030299924,0.8698348999023438,0.0,0.0,-0.49334290623664856,0.757068395614624,0.0,0.0,-0.6533352136611938,-0.29104320935317907
-9.609845969944635,101.88035840061569,0.0,3.4157663778228806,0.8757929801940918,0.0,0.0,-0.4826868176460266,0.7652482390403748,0.0,0.0,-0.643734872341156,0.11852975592778106
-10.48518941484311,101.22325778793387,0.0,3.3896390235301412,0.8815889358520508,0.0,0.0,-0.4720178246498108,0.7732601165771484,0.0,0.0,-0.6340885758399963,-0.28972364600506095
-11.338886378450995,100.55209011768633,0.0,3.364382536081326,0.8872317671775818,0.0,0.0,-0.4613237977027893,0.7811067700386047,0.0,0.0,-0.6243971586227417,0.11980533610196367
-12.170671027101744,99.86762268115173,0.0,3.340013111405961,0.8927299976348877,0.0,0.0,-0.45059192180633545,0.7887910604476929,0.0,0.0,-0.6146612167358398,-0.2884928669810526
-12.98029819078799,99.17057418163037,0.0,3.3165469454335885,0.8980913758277893,0.0,0.0,-0.43980884552001953,0.7963165640830994,0.0,0.0,-0.6048798561096191,0.12099049599955825
-13.767540451926775,98.46161645554706,0.0,3.294000234093756,0.9033230543136597,0.0,0.0,-0.4289609491825104,0.8036870360374451,0.0,0.0,-0.5950520038604736,-0.2873541441861116
-14.532185269033828,97.74137616470271,0.0,3.2723891733159896,0.9084311723709106,0.0,0.0,-0.4180344045162201,0.8109065890312195,0.0,0.0,-0.5851753950119019,0.12208196371560709
-15.27403213193288,97.01043646051762,0.0,3.251729959029837,0.9134211540222168,0.0,0.0,-0.4070155918598175,0.8179792165756226,0.0,0.0,-0.5752475261688232,-0.2863107495251948
-15.992889744908306,96.26933862122144,0.0,3.232038787164827,0.9182973504066467,0.0,0.0,-0.3958912193775177,0.8249093294143677,0.0,0.0,-0.5652647614479065,0.12307646734515307
-16.688573233957815,95.51858366308466,0.0,3.213331853650503,0.9230629205703735,0.0,0.0,-0.3846485912799835,0.8317013382911682,0.0,0.0,-0.5552229285240173,-0.2853659549032593
-17.360901374062557,94.75863392691645,0.0,3.195625354416408,0.9277201890945435,0.0,0.0,-0.37327590584754944,0.8383596539497375,0.0,0.0,-0.5451170802116394,0.12397073498323868
-18.009693832149324,93.9899146411837,0.0,3.1789354853920706,0.9322701096534729,0.0,0.0,-0.3617625832557678,0.8448885083198547,0.0,0.0,-0.534942090511322,-0.28452303222526243
-18.63476842117511,93.21281546323956,0.0,3.163278442507039,0.9367124438285828,0.0,0.0,-0.3500993251800537,0.8512921929359436,0.0,0.0,-0.524691641330719,0.12476149472490694
-19.23593836050214,92.42769200029636,0.0,3.148670421690843,0.9410458207130432,0.0,0.0,-0.3382786512374878,0.8575746417045593,0.0,0.0,-0.5143592357635498,-0.2837852533961617
-19.813009537490856,91.6348673119034,0.0,3.1351276188730246,0.9452678561210632,0.0,0.0,-0.32629501819610596,0.8637398481369019,0.0,0.0,-0.5039377212524414,0.12544547466520084
-20.36577776496386,90.83463339584748,0.0,3.1226662299831243,0.9493749141693115,0.0,0.0,-0.31414511799812317,0.869791567325592,0.0,0.0,-0.4934190511703491,-0.28315589032091415
-20.894026028935137,90.0272526595324,0.0,3.1113024509506775,0.953362226486206,0.0,0.0,-0.3018282651901245,0.8757331371307373,0.0,0.0,-0.4827951490879059,0.12601940289916277
-21.397521720722914,89.21295937904884,0.0,3.1010524777052235,0.9572243690490723,0.0,0.0,-0.2893465459346771,0.8815675973892212,0.0,0.0,-0.4720572531223297,-0.2826382149044771
-21.87601384728703,88.39196114829768,0.0,3.0919325061762994,0.9609547853469849,0.0,0.0,-0.27670496702194214,0.8872979879379272,0.0,0.0,-0.46119600534439087,0.12648000752183572
-22.32923021333876,87.56444032069727,0.0,3.0839587322934445,0.9645466804504395,0.0,0.0,-0.2639118731021881,0.8929264545440674,0.0,0.0,-0.4502018392086029,-0.28223549905180767
-22.756874568481486,86.73055544616146,0.0,3.077147351986198,0.9679924249649048,0.0,0.0,-0.2509787976741791,0.898455023765564,0.0,0.0,-0.4390648305416107,0.12682401662826231
-23.158623712325138,85.89044270622102,0.0,3.071514561184098,0.9712844491004944,0.0,0.0,-0.23792089521884918,0.9038851857185364,0.0,0.0,-0.42777442932128906,-0.2819510146678632
-23.534124550209672,85.044217350327,0.0,3.067076555816682,0.9744147658348083,0.0,0.0,-0.2247566282749176,0.9092170000076294,0.0,0.0,-0.4163217544555664,0.12704815831348532
-23.882991859912938,84.19197513656876,0.0,3.0638495318134873,0.9773760437965393,0.0,0.0,-0.211508110165596,0.9144461154937744,0.0,0.0,-0.4047068655490875,-0.28178803365760086
-24.205058355785944,83.33379378022842,0.0,3.0618496851040544,0.9801614880561829,0.0,0.0,-0.19819945096969604,0.9195637702941895,0.0,0.0,-0.3929401636123657,0.1271491606725476
-24.50073661237081,82.46973441380817,0.0,3.06109321161792,0.9827659130096436,0.0,0.0,-0.18485340476036072,0.9245609045028687,0.0,0.0,-0.3810337781906128,-0.2817498279259779
-24.770489816398722,81.59984450213007,0.0,3.061591255728712,0.9851855039596558,0.0,0.0,-0.17149096727371216,0.929429292678833,0.0,0.0,-0.36899977922439575,0.12712400692957834
-25.014738057659024,80.7241657986164,0.0,3.0633325689102966,0.9874178171157837,0.0,0.0,-0.1581314355134964,0.9341614246368408,0.0,0.0,-0.35685038566589355,-0.281837773036159
-25.23385972402415,79.842737855253,0.0,3.066299699850075,0.9894617795944214,0.0,0.0,-0.14479224383831024,0.9387503862380981,0.0,0.0,-0.3445976674556732,0.12697415183160973
-25.428193510995186,78.9555997633635,0.0,3.0704751970105777,0.9913172721862793,0.0,0.0,-0.1314896047115326,0.9431900978088379,0.0,0.0,-0.3322533965110779,-0.28204865673113383
-25.598040372159534,78.06279186188198,0.0,3.075841608854329,0.9929850697517395,0.0,0.0,-0.1182379424571991,0.947475016117096,0.0,0.0,-0.3198294937610626,0.12670312093041014
-25.74366541599979,77.16435741767764,0.0,3.0823814838438626,0.9944667816162109,0.0,0.0,-0.10504911839962006,0.9516005516052246,0.0,0.0,-0.30733737349510193,-0.2823789534477769
-25.865299754293225,76.26034428219523,0.0,3.0900773704417004,0.9957648515701294,0.0,0.0,-0.09193486720323563,0.9555624723434448,0.0,0.0,-0.29478833079338074,0.12631443978910517
-25.963142307129228,75.35080652843837,0.0,3.0989118171103764,0.9968820214271545,0.0,0.0,-0.07890500873327255,0.959357500076294,0.0,0.0,-0.2821933329105377,-0.2828251376229626
-26.037361569363323,74.43580607211524,0.0,3.1088673723124147,0.9978215098381042,0.0,0.0,-0.0659680888056755,0.9629827737808228,0.0,0.0,-0.26956287026405334,0.1258116339708204
-26.088097343126307,73.51541428055019,0.0,3.1199265845103445,0.9985873699188232,0.0,0.0,-0.053131166845560074,0.9664360284805298,0.0,0.0,-0.2569071352481842,-0.28338368369356504
-26.115462440811882,72.58971357277338,0.0,3.132072002166697,0.9991834163665771,0.0,0.0,-0.04040010645985603,0.9697158336639404,0.0,0.0,-0.24423573911190033,0.12519822903868136
-26.119544362777816,71.65879901398925,0.0,3.1452861737439948,0.9996139407157898,0.0,0.0,-0.027779562398791313,0.9728209972381592,0.0,0.0,-0.2315579503774643,-0.28405106609645886
-26.100406953810083,70.72277990745098,0.0,3.159551647704771,0.999883234500885,0.0,0.0,-0.015273075550794601,0.9757511019706726,0.0,0.0,-0.21888266503810883,0.12447775055581384
-26.05809204222067,69.78178138657228,0.0,3.174850972511554,0.9999955892562866,0.0,0.0,-0.0028831064701080322,0.9785060882568359,0.0,0.0,-0.20621803402900696,-0.2848237592685186
-25.99262106527332,68.83594600993602,0.0,3.1911666966268655,0.9999557137489319,0.0,0.0,0.00938884261995554,0.9810861945152283,0.0,0.0,-0.19357171654701233,0.12365372408534359
-25.903996684459404,67.8854353616741,0.0,3.2084813685132425,0.9997677803039551,0.0,0.0,0.021542038768529892,0.9834921956062317,0.0,0.0,-0.18095092475414276,-0.28569823764661845
-25.79220439397797,66.93043165953885,0.0,3.226777536633204,0.9994360208511353,0.0,0.0,0.033576492220163345,0.9857252836227417,0.0,0.0,-0.16836223006248474,0.12272967519039604
-25.65721412560734,65.97113937279904,0.0,3.2460377494492882,0.9989645481109619,0.0,0.0,0.04549272358417511,0.9877868294715881,0.0,0.0,-0.15581169724464417,-0.2866709756676328
-25.498981852992255,65.00778685193897,0.0,3.2662445554240196,0.998357355594635,0.0,0.0,0.057291723787784576,0.989678680896759,0.0,0.0,-0.143304705619812,0.12170912943409642
-25.317451198209877,64.04062797197656,0.0,3.2873805030199175,0.9976183176040649,0.0,0.0,0.06897465884685516,0.9914027452468872,0.0,0.0,-0.13084620237350464,-0.2877384477684357
-25.112555043319087,63.06994379105829,0.0,3.3094281406995245,0.9967510104179382,0.0,0.0,0.08054283261299133,0.9929612278938293,0.0,0.0,-0.11844044178724289,0.12059561237957084
-24.884217149438275,62.09604422582011,0.0,3.332370016925356,0.9957590699195862,0.0,0.0,0.09199744462966919,0.9943564534187317,0.0,0.0,-0.10609099268913269,-0.2888971283859019
-24.632353785742733,61.1192697448622,0.0,3.356188680159951,0.9946460127830505,0.0,0.0,0.10333947837352753,0.9955909848213196,0.0,0.0,-0.09380101412534714,0.11939264958994483
-24.356875370616105,60.13999308151812,0.0,3.3808666788658353,0.993415117263794,0.0,0.0,0.11456954479217529,0.9966673851013184,0.0,0.0,-0.08157304674386978,-0.2901434919569062
-24.05768812703696,59.15862096695205,0.0,3.406386561505527,0.992069661617279,0.0,0.0,0.12568768858909607,0.9975882768630981,0.0,0.0,-0.06940892338752747,0.11810376662834424
-23.73469575412745,58.17559588446066,0.0,3.4327308765415685,0.9906132817268372,0.0,0.0,0.1366933435201645,0.9983564615249634,0.0,0.0,-0.057309940457344055,-0.2914740129183224
-23.387801116639576,57.19139784570855,0.0,3.4598821724364752,0.9890493154525757,0.0,0.0,0.14758501946926117,0.9989745020866394,0.0,0.0,-0.04527675732970238,0.1167324890578944
-23.016907953997464,56.20654618946167,0.0,3.487822997652787,0.9873813390731812,0.0,0.0,0.15836027264595032,0.9994450807571411,0.0,0.0,-0.03330947831273079,-0.29288516570702505
-22.621922610370582,55.221601403256656,0.0,3.5165359006530283,0.9856132864952087,0.0,0.0,0.16901558637619019,0.9997707605361938,0.0,0.0,-0.021407634019851685,0.11528234244172059
-22.202755787087167,54.237166968254435,0.0,3.5460034298997174,0.9837493896484375,0.0,0.0,0.17954622209072113,0.9999541640281677,0.0,0.0,-0.00957043468952179,-0.29437342475988815
-21.759324318558342,53.25389122741347,0.0,3.5762081338553986,0.9817943572998047,0.0,0.0,0.18994612991809845,0.9999974966049194,0.0,0.0,0.002202017232775688,0.11375685234294883
-21.291543570708164,52.27239239552076,0.0,3.607132560982585,0.979753315448761,0.0,0.0,0.20020799338817596,0.9999032020568848,0.0,0.0,0.013906371779739857,-0.29593526451378643
-20.7992742005337,51.292810190011934,0.0,3.638759259625007,0.9776315689086914,0.0,0.0,0.2103242129087448,0.9996737241744995,0.0,0.0,0.025538185611367226,0.1121595443307053
-20.282359415430566,50.315087375905094,0.0,3.6710598594487696,0.9754348993301392,0.0,0.0,0.22028735280036926,0.9993117451667786,0.0,0.0,0.03709236904978752,-0.297566607939229
-19.740658162520237,49.33918618845162,0.0,3.703965184285206,0.973169207572937,0.0,0.0,0.23009030520915985,0.9988200068473816,0.0,0.0,0.048563651740550995,0.11049765923795599
-19.17404963874491,48.365090171962215,0.0,3.73739652719316,0.9708403944969177,0.0,0.0,0.2397262156009674,0.9982014894485474,0.0,0.0,0.05994664505124092,-0.2992550596012469
-18.582436454188066,47.39280276992417,0.0,3.771275181231442,0.9684548377990723,0.0,0.0,0.249188631772995,0.9974594116210938,0.0,0.0,0.07123563438653946,0.10878661610470941
-17.965747730678686,46.42234592545496,0.0,3.8055224394588913,0.966018795967102,0.0,0.0,0.2584714889526367,0.996597170829773,0.0,0.0,0.08242479711771011,-0.30098471910768376
-17.32394212837212,45.453758694109865,0.0,3.840059594934327,0.9635385870933533,0.0,0.0,0.2675691246986389,0.995618462562561,0.0,0.0,0.09350819140672684,0.1070423153231218
-16.65701079220873,44.48709587140094,0.0,3.8748079407165625,0.9610207080841064,0.0,0.0,0.2764763832092285,0.9945269227027893,0.0,0.0,0.10447977483272552,-0.3027396860663825
-15.964980209408798,43.52242663768585,0.0,3.909688769864443,0.9584714770317078,0.0,0.0,0.2851884663105011,0.993326723575592,0.0,0.0,0.11533352732658386,0.10528065728535005
-15.24791496848391,42.55983322336858,0.0,3.9446233754367763,0.9558972716331482,0.0,0.0,0.2937009930610657,0.9920221567153931,0.0,0.0,0.12606336176395416,-0.3045040600851872
-14.50592040963245,41.59940959761796,0.0,3.979533050492405,0.953304648399353,0.0,0.0,0.3020099699497223,0.9906175136566162,0.0,0.0,0.1366632580757141,0.10351754238355063
-13.739145155847488,40.64126018405478,0.0,4.014339088090145,0.9507001042366028,0.0,0.0,0.3101117014884949,0.9891176223754883,0.0,0.0,0.1471272110939026,-0.3062619407719418
-12.94778351358674,39.685498607066336,0.0,4.048962781288814,0.9480897784233093,0.0,0.0,0.31800270080566406,0.987527072429657,0.0,0.0,0.15744942426681519,0.10176887100988052
-12.132077731473123,38.73224647261678,0.0,4.0833254231472536,0.9454800486564636,0.0,0.0,0.3256798982620239,0.9858509302139282,0.0,0.0,0.16762422025203705,-0.3079974277344893
-11.29232010515869,37.78163218756502,0.0,4.1173483067242715,0.9428771734237671,0.0,0.0,0.3331405818462372,0.9840944409370422,0.0,0.0,0.17764593660831451,0.10005054355649579
-10.428854916270634,36.83378982166626,0.0,4.150952725078713,0.940287172794342,0.0,0.0,0.34038230776786804,0.9822627902030945,0.0,0.0,0.18750926852226257,-0.3096946205806732
-9.542080193191474,35.88885801652472,0.0,4.184059971269392,0.9377158880233765,0.0,0.0,0.34740325808525085,0.9803614616394043,0.0,0.0,0.19720898568630219,0.0983784604155524
-8.632437832642538,34.94696725581023,0.0,4.216643959451301,0.9351689219474792,0.0,0.0,0.3542020320892334,0.9783958196640015,0.0,0.0,0.2067401111125946,-0.3113402765494565
-7.700337284361408,34.00816325391912,0.0,4.249025646786917,0.932651698589325,0.0,0.0,0.36077791452407837,0.9763715863227844,0.0,0.0,0.21609807014465332,0.09674302166122839
-6.746118391591824,33.072380193239454,0.0,4.281666544079698,0.9301692247390747,0.0,0.0,0.36713069677352905,0.9742943048477173,0.0,0.0,0.22527849674224854,-0.31298880671575857
-5.770044112805784,32.13944588133782,0.0,4.31502856048911,0.9277263283729553,0.0,0.0,0.3732609152793884,0.9721696376800537,0.0,0.0,0.2342774122953415,0.0950580713375207
-4.772294407699752,31.209086712489185,0.0,4.349573605174581,0.9253270626068115,0.0,0.0,0.3791697025299072,0.9700033068656921,0.0,0.0,0.2430911511182785,-0.3147335059422975
-3.7529612640044876,30.280932326827077,0.0,4.385763587295551,0.9229754209518433,0.0,0.0,0.38485878705978394,0.9678009748458862,0.0,0.0,0.25171640515327454,0.09323029446272424
-2.7120449257777963,29.35451995285269,0.0,4.42406041601148,0.9206746816635132,0.0,0.0,0.39033055305480957,0.9655681252479553,0.0,0.0,0.26015010476112366,-0.3166676892107788
-1.6494513874138002,28.42929842007993,0.0,4.464926000481792,0.9184280037879944,0.0,0.0,0.39558789134025574,0.9633103609085083,0.0,0.0,0.26838958263397217,0.09116637605513275
-0.5649912243272692,27.504631828566843,0.0,4.50882224986595,0.9162380695343018,0.0,0.0,0.400634229183197,0.9610333442687988,0.0,0.0,0.27643242478370667,-0.318884671502908
0.5416201586554532,26.579802860975768,0.0,4.556211073323391,0.9141068458557129,0.0,0.0,0.4054733216762543,0.9587423205375671,0.0,0.0,0.2842763662338257,0.08877300113303979
1.6707351432510498,25.654036536144567,0.0,4.607450259196042,0.9120362401008606,0.0,0.0,0.41010934114456177,0.9564428329467773,0.0,0.0,0.2919192910194397,-0.3214725091732439
2.8224434676809698,24.726761941097024,0.0,4.6615828745600245,0.910027801990509,0.0,0.0,0.41454678773880005,0.9541402459144592,0.0,0.0,0.29935914278030396,0.08603903066011134
3.9963302263660463,23.797777117932863,0.0,4.71675146532044,0.9080827832221985,0.0,0.0,0.41879037022590637,0.9518401622772217,0.0,0.0,0.3065938353538513,-0.32425880163589116
5.191449825304065,22.867232894773142,0.0,4.771081033123766,0.9062020778656006,0.0,0.0,0.4228448271751404,0.9495475888252258,0.0,0.0,0.31362223625183105,0.08329511309428683
6.406320319653443,21.935614449724127,0.0,4.822696579616435,0.9043861627578735,0.0,0.0,0.42671504616737366,0.9472664594650269,0.0,0.0,0.32044631242752075,-0.3268656474183492
7.639250226182959,21.003722562938467,0.0,4.869732581311756,0.9026356935501099,0.0,0.0,0.43040549755096436,0.9449998736381531,0.0,0.0,0.3270702362060547,0.08091955745310903
8.888715768619994,20.07243901924326,0.0,4.911486091118277,0.9009515047073364,0.0,0.0,0.43391966819763184,0.9427507519721985,0.0,0.0,0.33349767327308655,-0.32897441053989074
10.153574957336343,19.14229892534555,0.0,4.9495207794023495,0.8993349671363831,0.0,0.0,0.43726035952568054,0.9405220746994019,0.0,0.0,0.33973217010498047,0.07899861360037816
11.433123241367209,18.213457548430615,0.0,4.98566195769637,0.8977870941162109,0.0,0.0,0.44042953848838806,0.9383165836334229,0.0,0.0,0.34577676653862,-0.3307997225749423
12.727104628387737,17.28570632011216,0.0,5.02173493753271,0.896309494972229,0.0,0.0,0.4434288740158081,0.9361372590065002,0.0,0.0,0.3516343832015991,0.07717674593187612
14.035721131968826,16.358487062698277,0.0,5.0595650304437365,0.8949035406112671,0.0,0.0,0.4462594985961914,0.9339866638183594,0.0,0.0,0.3573075532913208,-0.3327103333280244
15.359640443449118,15.430904323204198,0.0,5.100977547961849,0.8935707807540894,0.0,0.0,0.4489223062992096,0.9318674206733704,0.0,0.0,0.3627987504005432,0.07508520464308255
16.700001715125982,14.50173574667396,0.0,5.147797698456644,0.8923126459121704,0.0,0.0,0.4514177739620209,0.9297821521759033,0.0,0.0,0.3681102693080902,-0.3350749873934181
18.0582238029382,13.569573987875518,0.0,5.201102624128922,0.891130805015564,0.0,0.0,0.45374631881713867,0.9277332425117493,0.0,0.0,0.3732440173625946,0.07239303667983621
19.43533807215607,12.633279660422648,0.0,5.259427007584206,0.8900269269943237,0.0,0.0,0.4559078812599182,0.9257232546806335,0.0,0.0,0.37820184230804443,-0.3380206633255032
20.831837083642963,11.692063023923595,0.0,5.3207658894009064,0.8890025615692139,0.0,0.0,0.4579020142555237,0.9237546324729919,0.0,0.0,0.38298505544662476,0.06929511335576044
22.24766503152712,10.745469182571107,0.0,5.383114310157474,0.8880596160888672,0.0,0.0,0.45972803235054016,0.9218299388885498,0.0,0.0,0.3875947892665863,-0.3411695734647237
23.682210255367636,9.793365447233732,0.0,5.444467310432303,0.8871999382972717,0.0,0.0,0.46138474345207214,0.9199517369270325,0.0,0.0,0.392031729221344,0.06619647697824371
25.134300010214716,8.83593105933311,0.0,5.502819930803849,0.8864256143569946,0.0,0.0,0.46287065744400024,0.9181226491928101,0.0,0.0,0.39629626274108887,-0.34411667550369057
26.60219769683043,7.8736495072872135,0.0,5.556167211850511,0.8857386708259583,0.0,0.0,0.4641839563846588,0.9163454174995422,0.0,0.0,0.4003884792327881,0.06350216985467488
28.083679332787078,6.907253831603809,0.0,5.602793717192267,0.8851345181465149,0.0,0.0,0.4653189182281494,0.9146227836608887,0.0,0.0,0.4043082594871521,-0.34647154951084996
29.576504510903224,5.937422081715383,0.0,5.64275309518739,0.8846244215965271,0.0,0.0,0.466278076171875,0.9129573106765747,0.0,0.0,0.40805506706237793,0.06148401945088078
31.078598621348757,4.964668966537672,0.0,5.676767011048328,0.884209930896759,0.0,0.0,0.46705859899520874,0.9113516211509705,0.0,0.0,0.4116283655166626,-0.3481894240492812
32.58805853505885,3.9893530841066864,0.0,5.705558368437301,0.8838925957679749,0.0,0.0,0.46765753626823425,0.9098086357116699,0.0,0.0,0.4150274991989136,0.060029910491841754
34.103157160889225,3.0116835327402356,0.0,5.729850071016497,0.8836738467216492,0.0,0.0,0.468071848154068,0.9083309173583984,0.0,0.0,0.41825172305107117,-0.3494162777148971
35.62234713505403,2.031725601760754,0.0,5.750365022448109,0.8835550546646118,0.0,0.0,0.4682984948158264,0.9069209694862366,0.0,0.0,0.4213000535964966,0.05899380183367947
37.14426358924405,1.0494054728392888,0.0,5.767826126394343,0.8835375308990479,0.0,0.0,0.4683343172073364,0.9055814743041992,0.0,0.0,0.4241716265678406,-0.3502981516515756
38.66772595641516,0.06451387853225388,0.0,5.782956286517395,0.8836225867271423,0.0,0.0,0.46817606687545776,0.9043147563934326,0.0,0.0,0.4268655478954315,0.0582296523325152
40.19173878342528,-0.923291322604217,0.0,5.7964784064794665,0.8838112354278564,0.0,0.0,0.46782055497169495,0.9031232595443726,0.0,0.0,0.4293806552886963,-0.3509810870031953
41.71549152735494,-1.9144836849178448,0.0,5.809115389942752,0.8841044902801514,0.0,0.0,0.4672645032405853,0.9020092487335205,0.0,0.0,0.4317159652709961,0.05759142084447044
43.23835731740356,-2.9096678520403723,0.0,5.821590140569449,0.884503185749054,0.0,0.0,0.46650460362434387,0.9009750485420227,0.0,0.0,0.4338703155517578,-0.35161112491363455
44.759890666690616,-3.90958039002943,0.0,5.834625562021757,0.8850080966949463,0.0,0.0,0.465537428855896,0.9000227451324463,0.0,0.0,0.435842365026474,0.05693306622566702
46.27982332380601,-4.915091268028132,0.0,5.848941496015229,0.8856282234191895,0.0,0.0,0.4643639028072357,0.8991544842720032,0.0,0.0,0.437630832195282,-0.35233415188300177
47.7979811440882,-5.927154362463998,0.0,5.86495309302649,0.8863571882247925,0.0,0.0,0.46297696232795715,0.8983723521232605,0.0,0.0,0.43923419713974,0.05612439970994676
49.314136511655846,-6.9467134501081675,0.0,5.88251620140015,0.8871955871582031,0.0,0.0,0.461372971534729,0.8976783156394958,0.0,0.0,0.4406508803367615,-0.3532211775584391
50.82799212449811,-7.974693033808463,0.0,5.901426718242991,0.8881440162658691,0.0,0.0,0.4595485329627991,0.8970743417739868,0.0,0.0,0.4418790936470032,0.0551693231017224
52.33918072075816,-9.011999117364265,0.0,5.9214805406618165,0.8892026543617249,0.0,0.0,0.4574999213218689,0.896562397480011,0.0,0.0,0.44291698932647705,-0.3542339968725212
53.847265093134716,-10.059519663244512,0.0,5.942473565763409,0.8903715014457703,0.0,0.0,0.45522353053092957,0.8961442708969116,0.0,0.0,0.44376248121261597,0.05410906930871273
55.35173839845694,-11.11812472594372,0.0,5.96420169065457,0.8916503190994263,0.0,0.0,0.4527156352996826,0.8958216905593872,0.0,0.0,0.44441336393356323,-0.3553313769175294
56.85202477022261,-12.188666252880225,0.0,5.98646081244209,0.8930385112762451,0.0,0.0,0.44997259974479675,0.8955941796302795,0.0,0.0,0.4448661804199219,0.05298487123863599
58.34748024236668,-13.2719775440477,0.0,6.009046828232749,0.8945353627204895,0.0,0.0,0.4469909071922302,0.8954671621322632,0.0,0.0,0.44512033462524414,-0.3564720847857445
59.83739399283131,-14.368872361200278,0.0,6.031755635133356,0.8961395025253296,0.0,0.0,0.4437670409679413,0.8954412341117859,0.0,0.0,0.4451727569103241,0.05183796179921135
61.32098991558128,-15.480143677148332,0.0,6.054383130250689,0.8978495597839355,0.0,0.0,0.4402979016304016,0.8955168724060059,0.0,0.0,0.44502025842666626,-0.3576148875694482
62.797428529550835,-16.606562055773978,0.0,6.076725210691554,0.8996633887290955,0.0,0.0,0.43658044934272766,0.8956944942474365,0.0,0.0,0.4446595013141632,0.05070957389815767
64.26580923266856,-17.7488736536849,0.0,6.098577773562736,0.9015787243843079,0.0,0.0,0.43261200189590454,0.895974338054657,0.0,0.0,0.4440871477127075,-0.3587185523609221
65.72517290847816,-18.90779783494287,0.0,6.119736715971021,0.9035926461219788,0.0,0.0,0.4283902943134308,0.8963634967803955,0.0,0.0,0.44330310821533203,0.04964094044319378
67.1745048920768,-20.084024391124174,0.0,6.13999793502321,0.905701756477356,0.0,0.0,0.4239134192466736,0.8968585729598999,0.0,0.0,0.44230228662490845,-0.35974184625244676
68.6127383010138,-21.278210360018164,0.0,6.159157327826092,0.9079023599624634,0.0,0.0,0.4191800355911255,0.8974601626396179,0.0,0.0,0.44108152389526367,0.0486732943420381
70.03875773550018,-22.490976437602164,0.0,6.177010791486461,0.9101900458335876,0.0,0.0,0.4141894280910492,0.8981688618659973,0.0,0.0,0.4396379590034485,-0.3606435363363038
71.45140335073415,-23.7229029795251,0.0,6.193354223111111,0.912559986114502,0.0,0.0,0.40894168615341187,0.8989846706390381,0.0,0.0,0.4379684329032898,0.04784786850240935
72.84947530236623,-24.97452559020449,0.0,6.207983519806826,0.9150065183639526,0.0,0.0,0.40343785285949707,0.8999075889587402,0.0,0.0,0.43607014417648315,-0.36138238970477427
74.23173856409184,-26.24633029978129,0.0,6.220694578680406,0.9175237417221069,0.0,0.0,0.3976799547672272,0.9009369015693665,0.0,0.0,0.4339402914047241,0.0472058958320265
75.5969281140754,-27.53874833159061,0.0,6.231283296838638,0.9201048612594604,0.0,0.0,0.3916710615158081,0.9020721912384033,0.0,0.0,0.4315761923789978,-0.3619171734501395
76.94375448439645,-28.85215046551022,0.0,6.239545571388319,0.9227427840232849,0.0,0.0,0.38541531562805176,0.9033121466636658,0.0,0.0,0.42897576093673706,0.04678860923860828
78.27090966492095,-30.186841005500362,0.0,6.245277299436237,0.9254299402236938,0.0,0.0,0.37891802191734314,0.9046552181243896,0.0,0.0,0.42613685131073,-0.3622066546646809
79.57707334999522,-31.543051362892754,0.0,6.248274378089186,0.9281582236289978,0.0,0.0,0.3721854090690613,0.9060994386672974,0.0,0.0,0.42305782437324524,0.04663724162987354
80.8609195131077,-32.92093327048968,0.0,6.24833270445396,0.9309191703796387,0.0,0.0,0.3652246594429016,0.9076426029205322,0.0,0.0,0.41973745822906494,-0.36220960044067957
82.12112329116624,-34.320551646284116,0.0,6.245248175637348,0.9337044358253479,0.0,0.0,0.3580440878868103,0.9092819094657898,0.0,0.0,0.4161750078201294,0.04679302591354079
83.35636815634093,-35.741877129639306,0.0,6.238816688746144,0.9365053176879883,0.0,0.0,0.35065266489982605,0.9110139608383179,0.0,0.0,0.4123702645301819,-0.36188477787041673
84.56535334947816,-37.184778317001644,0.0,6.228834140887136,0.9393132328987122,0.0,0.0,0.3430599570274353,0.9128350615501404,0.0,0.0,0.4083237648010254,0.04729719499732904
85.7468015449742,-38.649013728718934,0.0,6.215096429167126,0.9421197175979614,0.0,0.0,0.33527621626853943,0.9147409200668335,0.0,0.0,0.4040365517139435,-0.36119095404617374
86.89946671265768,-40.13422354321521,0.0,6.197399450692894,0.9449163675308228,0.0,0.0,0.3273119628429413,0.9167268872261047,0.0,0.0,0.3995105028152466,0.048190981788956866
88.02215254452321,-41.63993538530462,0.0,6.175597026715036,0.947694718837738,0.0,0.0,0.3191777765750885,0.9187877774238586,0.0,0.0,0.39474818110466003,-0.3600898215220395
89.11377517781702,-43.165636686047606,0.0,6.149861493070882,0.9504476189613342,0.0,0.0,0.3108844757080078,0.9209179282188416,0.0,0.0,0.3897531032562256,0.049490756215429255
90.17338163637874,-44.71080209690161,0.0,6.120474087580845,0.9531676769256592,0.0,0.0,0.30244237184524536,0.9231114387512207,0.0,0.0,0.3845294415950775,-0.35860560912355277
91.20014678344315,-46.27489613456009,0.0,6.087716142812037,0.9558481574058533,0.0,0.0,0.29386115074157715,0.9253618121147156,0.0,0.0,0.3790823519229889,0.051145197870419545
92.19336969734849,-47.85737642561748,0.0,6.051868991331543,0.9584829807281494,0.0,0.0,0.28514978289604187,0.927661657333374,0.0,0.0,0.37341925501823425,-0.35679514692756814
93.15242454036874,-49.45754500512787,0.0,6.013213965706486,0.9610669016838074,0.0,0.0,0.2763160169124603,0.9300024509429932,0.0,0.0,0.3675509989261627,0.05309747189188707
94.07642273855838,-51.07342273342484,0.0,5.972032398503948,0.9635951519012451,0.0,0.0,0.2673659026622772,0.9323756694793701,0.0,0.0,0.3614886999130249,-0.35471526979612683
94.96441374623919,-52.70245257132051,0.0,5.928605622291042,0.9660637378692627,0.0,0.0,0.25830376148223877,0.9347736239433289,0.0,0.0,0.3552422523498535,0.05529074341779139
95.815577999773,-54.34217834802129,0.0,5.8832149696348806,0.968469500541687,0.0,0.0,0.2491322159767151,0.937188982963562,0.0,0.0,0.3488200902938843,-0.3524228125912702
96.62922360392515,-55.990259678888066,0.0,5.836141773102547,0.970809280872345,0.0,0.0,0.2398526966571808,0.9396156668663025,0.0,0.0,0.3422297239303589,0.05766817758609105
97.4047806196458,-57.64448042867362,0.0,5.787667365261166,0.9730803966522217,0.0,0.0,0.23046532273292542,0.9420474171638489,0.0,0.0,0.3354779779911041,-0.34997461017503884
98.1417945408707,-59.30275595206685,0.0,5.738073078677818,0.9752806425094604,0.0,0.0,0.22096939384937286,0.9444789886474609,0.0,0.0,0.3285704255104065,0.06017293953474501
98.8399190172973,-60.96313915416135,0.0,5.687640245919618,0.9774075150489807,0.0,0.0,0.21136313676834106,0.9469050765037537,0.0,0.0,0.3215118944644928,-0.3474274974094732
99.49890788015806,-62.62382541814047,0.0,5.636650199553681,0.979458749294281,0.0,0.0,0.20164421200752258,0.9493211507797241,0.0,0.0,0.31430619955062866,0.06274819440171159
100.11860652714755,-64.28315645108502,0.0,5.585384272147086,0.9814319610595703,0.0,0.0,0.19180960953235626,0.951723039150238,0.0,0.0,0.3069567084312439,-0.3448383091566149
100.69894272087963,-65.93962310135447,0.0,5.534123796266958,0.9833249449729919,0.0,0.0,0.1818559467792511,0.9541065096855164,0.0,0.0,0.299466073513031,0.06533710732495035
101.23991685260889,-67.59186720255654,0.0,5.483150104480379,0.9851351380348206,0.0,0.0,0.17177948355674744,0.9564678072929382,0.0,0.0,0.2918361723423004,-0.3422638802785048
101.74159171947699,-69.23868249973482,0.0,5.432744529354462,0.986859917640686,0.0,0.0,0.16157649457454681,0.9588035345077515,0.0,0.0,0.2840683162212372,0.0678828434424209
102.20408185925989,-70.87901471305612,0.0,5.383188403456324,0.9884963035583496,0.0,0.0,0.15124332904815674,0.9611102938652039,0.0,0.0,0.2761634290218353,-0.33976104563718473
102.62754248156065,-72.51196079311111,0.0,5.334763059353043,0.9900410771369934,0.0,0.0,0.1407768279314041,0.963384747505188,0.0,0.0,0.2681216895580292,0.07032856789208158
103.01215802862795,-74.13676741990247,0.0,5.287749829611745,0.99149090051651,0.0,0.0,0.1301744133234024,0.9656238555908203,0.0,0.0,0.2599426209926605,-0.337386640094695
103.35813039251788,-75.75282879475294,0.0,5.2424300467995115,0.9928419589996338,0.0,0.0,0.11943411827087402,0.9678244590759277,0.0,0.0,0.25162556767463684,0.07261744581189139
103.66566680172278,-77.35968373476307,0.0,5.199084926976227,0.9940903186798096,0.0,0.0,0.10855519026517868,0.969983696937561,0.0,0.0,0.2431691735982895,-0.33519749262887255
103.93496203145544,-78.95697797974759,0.0,5.157885327579007,0.9952318072319031,0.0,0.0,0.09753742814064026,0.9720985889434814,0.0,0.0,0.23457197844982147,0.07469823366023587
104.1661764614504,-80.54436202621785,0.0,5.1186865748518295,0.9962620735168457,0.0,0.0,0.08638205379247665,0.974166214466095,0.0,0.0,0.2258317768573761,-0.3332177576426515
104.35943652200588,-82.12146892923302,0.0,5.081287965095845,0.9971766471862793,0.0,0.0,0.07509168982505798,0.9761833548545837,0.0,0.0,0.21694627404212952,0.07658705233478058
104.51483940915236,-83.68791004647824,0.0,5.045488794612147,0.9979709386825562,0.0,0.0,0.06367035955190659,0.9781470894813538,0.0,0.0,0.2079131305217743,-0.33140971872933345
104.63245816717178,-85.24327144058279,0.0,5.011088359701872,0.9986405372619629,0.0,0.0,0.05212365835905075,0.9800542593002319,0.0,0.0,0.1987294703722,0.0783244480373197
104.71234712526741,-86.78711090582004,0.0,4.977885956666145,0.9991810917854309,0.0,0.0,0.040458790957927704,0.9819013476371765,0.0,0.0,0.18939246237277985,-0.329732829687125
104.75454767606338,-88.31895558869532,0.0,4.945680881806073,0.9995883703231812,0.0,0.0,0.0286847073584795,0.9836848974227905,0.0,0.0,0.1798993945121765,0.07995096696964657
104.75909438404415,-89.83830017475742,0.0,4.914272431422792,0.999858558177948,0.0,0.0,0.016812078654766083,0.9854011535644531,0.0,0.0,0.17024773359298706,-0.328146544314232
104.72602141205141,-91.34460561632093,0.0,4.883459901817407,0.9999881386756897,0.0,0.0,0.004853382706642151,0.9870462417602539,0.0,0.0,0.1604350209236145,0.08150715533355493
104.65536925355094,-92.83729837766604,0.0,4.853042589291044,0.9999741911888123,0.0,0.0,-0.007177313789725304,0.9886161684989929,0.0,0.0,0.15045873820781708,-0.3266103164088602
104.54719172854956,-94.31577051219477,0.0,4.822820889810605,0.9998143911361694,0.0,0.0,-0.019264094531536102,0.990106463432312,0.0,0.0,0.14031697809696198,0.08303350379216298
104.40156011841044,-95.77940755535948,0.0,4.79268604112909,0.9995071291923523,0.0,0.0,-0.03138948231935501,0.9915123581886292,0.0,0.0,0.130011186003685,-0.3250883543542382
104.21857434784518,-97.22763628871233,0.0,4.762686618548088,0.9990518093109131,0.0,0.0,-0.043534714728593826,0.9928278923034668,0.0,0.0,0.1195511519908905,0.08454862614473885
103.99881802914014,-98.65992854581415,0.0,4.732886867373328,0.9984484910964966,0.0,0.0,-0.05568130314350128,0.994046688079834,0.0,0.0,0.1089535728096962,-0.32358331641611904
103.74343760914589,-100.07580006601081,0.0,4.703351032910552,0.9976979494094849,0.0,0.0,-0.06781329959630966,0.995163083076477,0.0,0.0,0.09823431074619293,0.08604033495599014
103.4535803675297,-101.47480922905078,0.0,4.6741433604655045,0.9968013763427734,0.0,0.0,-0.07991677522659302,0.996172308921814,0.0,0.0,0.08740806579589844,-0.32210818144414693
103.13035681119689,-102.85655567627944,0.0,4.645328095343907,0.9957606792449951,0.0,0.0,-0.09198009222745895,0.9970701336860657,0.0,0.0,0.07648946344852448,0.08749565137627283
102.77483907100543,-104.22067882385716,0.0,4.616969482851515,0.9945778846740723,0.0,0.0,-0.10399346053600311,0.9978529810905457,0.0,0.0,0.0654911994934082,-0.32067592828796554
102.38805941951016,-105.56685627313652,0.0,4.589131768294051,0.993255078792572,0.0,0.0,-0.11594879627227783,0.9985177516937256,0.0,0.0,0.05442563444375992,0.08890159655594279
101.9710089044586,-106.89480212296459,0.0,4.5618791969772605,0.991794764995575,0.0,0.0,-0.12783966958522797,0.9990618228912354,0.0,0.0,0.043304264545440674,-0.3192995357972186
101.52463609275361,-108.20426518829707,0.0,4.535276014206885,0.9901993274688721,0.0,0.0,-0.13966108858585358,0.9994833469390869,0.0,0.0,0.03213798999786377,0.09024519164535574
101.04984591962027,-109.49502712908159,0.0,4.509386465288652,0.9884711503982544,0.0,0.0,-0.1514093577861786,0.9997807741165161,0.0,0.0,0.020936448127031326,-0.3179919828215503
100.54749863775201,-110.76690049292192,0.0,4.484274795528313,0.9866124987602234,0.0,0.0,-0.16308201849460602,0.9999529123306274,0.0,0.0,0.009708396159112453,0.09151345779486783
100.01840886127565,-112.01972667454719,0.0,4.46000525023159,0.9846256375312805,0.0,0.0,-0.17467772960662842,0.9999988079071045,0.0,0.0,-0.001537916250526905,-0.3167662482106047
99.46334469945774,-113.25337379459415,0.0,4.436642074704228,0.9825125336647034,0.0,0.0,-0.186195969581604,0.9999181628227234,0.0,0.0,-0.012794875539839268,0.09269341615483559
98.88302697517332,-114.46773449968188,0.0,4.4142495142519715,0.9802750945091248,0.0,0.0,-0.19763724505901337,0.9997106194496155,0.0,0.0,-0.024055812507867813,-0.31563531081402607
98.27812852328695,-115.66272368517185,0.0,4.392891814180545,0.9779149293899536,0.0,0.0,-0.20900282263755798,0.9993763566017151,0.0,0.0,-0.03531475365161896,0.09377208787561472
97.64927356423448,-116.83827614141774,0.0,4.3726332197957,0.975433349609375,0.0,0.0,-0.22029434144496918,0.9989153742790222,0.0,0.0,-0.046566206961870193,-0.31461214948145816
96.99703714825503,-117.99434412368252,0.0,4.353537976403161,0.9728314280509949,0.0,0.0,-0.23151402175426483,0.9983280301094055,0.0,0.0,-0.057805709540843964,0.09473649410756113
96.32194466590852,-119.13089484524181,0.0,4.335670329308675,0.9701102375984192,0.0,0.0,-0.24266427755355835,0.997614860534668,0.0,0.0,-0.06902913749217987,-0.3137097430625447
95.62447142070793,-120.24790789251605,0.0,4.319094523817979,0.9672703146934509,0.0,0.0,-0.25374770164489746,0.9967764019966125,0.0,0.0,-0.0802328810095787,0.0955736560010306
94.90504225992493,-121.34537256035522,0.0,4.303874805236805,0.9643123149871826,0.0,0.0,-0.2647666931152344,0.9958131909370422,0.0,0.0,-0.0914141833782196,-0.3129410704069298
94.16403125985623,-122.42328510487462,0.0,4.290075418870897,0.9612367749214172,0.0,0.0,-0.2757236361503601,0.9947259426116943,0.0,0.0,-0.10257062315940857,0.09627059470637947
93.40176146211272,-123.48164591045338,0.0,4.2777606100259895,0.9580441117286682,0.0,0.0,-0.286620557308197,0.9935151934623718,0.0,0.0,-0.11370033770799637,-0.31231911036425775
92.61850465776352,-124.52045656672499,0.0,4.26699462400782,0.9547343850135803,0.0,0.0,-0.29745909571647644,0.9921817779541016,0.0,0.0,-0.12480208277702332,0.09681433137396384
91.81448121647804,-125.53971685054957,0.0,4.25784170612213,0.9513082504272461,0.0,0.0,-0.3082405626773834,0.9907260537147522,0.0,0.0,-0.1358751654624939,-0.3118568417841724
90.98985995813004,-126.53942160710245,0.0,4.250366101674651,0.947766125202179,0.0,0.0,-0.3189655542373657,0.9891486763954163,0.0,0.0,-0.14691898226737976,0.09719188715413954
90.14475806468828,-127.51955752330359,0.0,4.244632055971127,0.9441085457801819,0.0,0.0,-0.32963407039642334,0.9874499440193176,0.0,0.0,-0.1579335480928421,-0.3115672435163176
89.2792410305792,-128.48009978589798,0.0,4.24070381431729,0.9403364658355713,0.0,0.0,-0.3402456045150757,0.9856300950050354,0.0,0.0,-0.16891926527023315,0.09739028319726256
88.39332265011919,-129.42100861551455,0.0,4.238645622018883,0.9364507794380188,0.0,0.0,-0.350798636674881,0.9836891889572144,0.0,0.0,-0.17987743020057678,-0.31146329441033743
87.48696504104213,-130.34222566702107,0.0,4.2385217243816395,0.932452917098999,0.0,0.0,-0.36129114031791687,0.9816272854804993,0.0,0.0,-0.19080889225006104,0.09739654065368897
86.56007870360432,-131.24367028544478,0.0,4.240396366711301,0.9283446073532104,0.0,0.0,-0.37172025442123413,0.9794442653656006,0.0,0.0,-0.20171542465686798,-0.31155797331587587
85.61252261524237,-132.12523560562522,0.0,4.2443337943136035,0.9241281151771545,0.0,0.0,-0.38208234310150146,0.9771395921707153,0.0,0.0,-0.21259894967079163,0.09719768067377468
84.64410454347367,-132.98678432414874,0.0,4.250397460744872,0.9198060035705566,0.0,0.0,-0.3923729658126831,0.9747128486633301,0.0,0.0,-0.22346121072769165,-0.3118642190952329
83.65459362416011,-133.82813416783958,0.0,4.258597991894407,0.9153815507888794,0.0,0.0,-0.40258699655532837,0.9721636176109314,0.0,0.0,-0.23430286347866058,0.09678351243389921
82.64375093003167,-134.64906130835737,0.0,4.268860914071577,0.9108583331108093,0.0,0.0,-0.41271862387657166,0.9694929122924805,0.0,0.0,-0.24511919915676117,-0.31238254849812025
81.61143917513223,-135.44956516705363,0.0,4.281104043881479,0.9062404036521912,0.0,0.0,-0.4227624237537384,0.9667022228240967,0.0,0.0,-0.25590381026268005,0.09616517254451021
80.55759346435626,-136.229784862665,0.0,4.295245197929207,0.9015311598777771,0.0,0.0,-0.43271392583847046,0.9637932777404785,0.0,0.0,-0.26665034890174866,-0.31309674819750044
79.48214968580972,-136.98980787526048,0.0,4.311202192819863,0.8967339992523193,0.0,0.0,-0.44256970286369324,0.960767924785614,0.0,0.0,-0.2773534059524536,0.0953592637116488
78.38504692957552,-137.7296679744168,0.0,4.328892845158539,0.8918520212173462,0.0,0.0,-0.4523269832134247,0.9576279520988464,0.0,0.0,-0.28800809383392334,-0.3139902154873326
77.26623132190903,-138.4493470584417,0.0,4.348234971550328,0.8868881464004517,0.0,0.0,-0.4619837999343872,0.9543755054473877,0.0,0.0,-0.2986091375350952,0.09438238864135645
76.12565974396165,-139.1487769851971,0.0,4.369146388600333,0.8818449974060059,0.0,0.0,-0.4715389013290405,0.9510124325752258,0.0,0.0,-0.30915263295173645,-0.31504634766157524
74.96330344074771,-139.82784140043321,0.0,4.391544912913641,0.8767250180244446,0.0,0.0,-0.48099154233932495,0.9475407004356384,0.0,0.0,-0.31963518261909485,0.09325115003967416
73.7791515247535,-140.48637756925436,0.0,4.4153483610953606,0.8715301156044006,0.0,0.0,-0.49034151434898376,0.9439623355865479,0.0,0.0,-0.3300531208515167,-0.3162485420141873
72.5732143773325,-141.12417821604183,0.0,4.440474549750583,0.8662621974945068,0.0,0.0,-0.49958905577659607,0.940279483795166,0.0,0.0,-0.34040331840515137,0.0919821506126427
71.34552694982088,-141.74099337786583,0.0,4.466841295484392,0.8609229326248169,0.0,0.0,-0.508734941482544,0.9364938735961914,0.0,0.0,-0.3506837785243988,-0.3175801958391271
70.09615196513593,-142.33653227613237,0.0,4.494366414901903,0.855513334274292,0.0,0.0,-0.5177802443504333,0.9326076507568359,0.0,0.0,-0.360891729593277,0.09059199306630372
68.82518301951863,-142.9104652109089,0.0,4.522967724608195,0.8500345349311829,0.0,0.0,-0.5267264246940613,0.9286226034164429,0.0,0.0,-0.3710254430770874,-0.31902470643035397
67.5327475830061,-143.46242548208656,0.0,4.55256304120838,0.8444870710372925,0.0,0.0,-0.5355755090713501,0.9245404601097107,0.0,0.0,-0.38108348846435547,0.08909728010669843
66.21900989620855,-143.99201134124058,0.0,4.583070181307546,0.8388711810112,0.0,0.0,-0.5443295836448669,0.9203630685806274,0.0,0.0,-0.39106452465057373,-0.320565471081827
64.88417375999424,-144.49878797775725,0.0,4.614406961510784,0.8331868648529053,0.0,0.0,-0.5529911518096924,0.9160919189453125,0.0,0.0,-0.4009678363800049,0.08751461443986822
63.528485213759666,-144.98228954250735,0.0,4.646491198423201,0.8274336457252502,0.0,0.0,-0.5615631341934204,0.9117286801338196,0.0,0.0,-0.41079238057136536,-0.3221858870875046
62.152235136928425,-145.44202119918668,0.0,4.679240573792923,0.8216108083724976,0.0,0.0,-0.5700485706329346,0.907274603843689,0.0,0.0,-0.42053818702697754,0.08586060558281156
60.75577574027705,-145.87745700870042,0.0,4.7125255216525215,0.8157169818878174,0.0,0.0,-0.5784509778022766,0.9027310013771057,0.0,0.0,-0.43020498752593994,-0.32386694506021163
59.33955822919464,-146.28803374822343,0.0,4.746099963689038,0.8097506165504456,0.0,0.0,-0.5867739319801331,0.8980989456176758,0.0,0.0,-0.43979308009147644,0.08416492669207842
57.90414173124156,-146.6731566433476,0.0,4.779700179838415,0.8037097454071045,0.0,0.0,-0.5950212478637695,0.8933795094490051,0.0,0.0,-0.4493025243282318,-0.32556392567381653
56.450196535126814,-147.0322071525358,0.0,4.813062450036619,0.7975919842720032,0.0,0.0,-0.6031972169876099,0.888573408126831,0.0,0.0,-0.4587341845035553,0.08247996355075499
54.97850673536968,-147.36455091742442,0.0,4.84592305421959,0.7913944125175476,0.0,0.0,-0.6113057732582092,0.8836814761161804,0.0,0.0,-0.4680885076522827,-0.32722355214770393
53.4899722500917,-147.66954587628985,0.0,4.878018272323291,0.7851137518882751,0.0,0.0,-0.6193515062332153,0.878704309463501,0.0,0.0,-0.4773663282394409,0.08085899293945692
51.98561017898987,-147.94655053496137,0.0,4.909084384283669,0.7787463665008545,0.0,0.0,-0.6273387670516968,0.8736422061920166,0.0,0.0,-0.4865688681602478,-0.3287925477012584
50.46655417652176,-148.19493258449927,0.0,4.938861865223099,0.7722885608673096,0.0,0.0,-0.6352717876434326,0.8684955835342407,0.0,0.0,-0.4956967532634735,0.07935507976069786
48.93399412559118,-148.41408532817786,0.0,4.967286204089247,0.7657364010810852,0.0,0.0,-0.643154501914978,0.8632645606994629,0.0,0.0,-0.5047516226768494,-0.3302281203712659
47.38908994086289,-148.60343967845503,0.0,4.9945664124174,0.7590858936309814,0.0,0.0,-0.6509904861450195,0.8579490184783936,0.0,0.0,-0.5137346386909485,0.07797729146129623
45.83296275726644,-148.762458673334,0.0,5.0209319642269294,0.7523332834243774,0.0,0.0,-0.6587827205657959,0.8525488376617432,0.0,0.0,-0.5226474404335022,-0.33155971389699973
44.266692914544016,-148.89063064388733,0.0,5.046612333537194,0.7454750537872314,0.0,0.0,-0.6665335297584534,0.8470633029937744,0.0,0.0,-0.5314919352531433,0.07668030311229296
42.691318505831866,-148.98746225927692,0.0,5.071836994367545,0.7385081052780151,0.0,0.0,-0.6742445826530457,0.8414916396141052,0.0,0.0,-0.5402699708938599,-0.3328336866662093
41.10783451441915,-149.05247145608897,0.0,5.096835420737355,0.7314298748970032,0.0,0.0,-0.6819165945053101,0.8358328342437744,0.0,0.0,-0.5489839911460876,0.07541775632593889
39.51719256157845,-149.0851802565099,0.0,5.121837086665975,0.7242386341094971,0.0,0.0,-0.6895492672920227,0.8300855159759521,0.0,0.0,-0.5576359033584595,-0.3340963970666447
37.92030128772332,-149.08510747757035,0.0,5.1470714661727754,0.7169333696365356,0.0,0.0,-0.6971415281295776,0.8242480158805847,0.0,0.0,-0.5662288069725037,0.07414329271448433
36.31802738906484,-149.05176133139008,0.0,5.172768033277115,0.7095142602920532,0.0,0.0,-0.7046910524368286,0.8183180093765259,0.0,0.0,-0.5747654438018799,-0.33539420348605575
34.7111973325019,-148.98463191405625,0.0,5.199156261998346,0.7019823789596558,0.0,0.0,-0.7121942639350891,0.8122932314872742,0.0,0.0,-0.5832490921020508,0.07281055389017971
33.10059977262354,-148.88318357846921,0.0,5.22646562635584,0.6943403482437134,0.0,0.0,-0.7196467518806458,0.8061707019805908,0.0,0.0,-0.5916827917098999,-0.3367734643121918
31.48698869652477,-148.74684718419084,0.0,5.254925600368947,0.6865923404693604,0.0,0.0,-0.7270426154136658,0.7999470233917236,0.0,0.0,-0.6000703573226929,0.07137318146527533
29.871087324578333,-148.57501221502667,0.0,5.284765658057043,0.6787440180778503,0.0,0.0,-0.734375,0.7936182618141174,0.0,0.0,-0.6084157824516296,-0.3382805379328027
28.25359279844563,-148.36701875277393,0.0,5.31621527343948,0.6708028316497803,0.0,0.0,-0.7416356205940247,0.7871801853179932,0.0,0.0,-0.6167228817939758,0.06978481705202094
26.635181691432052,-148.12214929326106,0.0,5.349503920535608,0.6627785563468933,0.0,0.0,-0.7488154172897339,0.7806276679039001,0.0,0.0,-0.6249963045120239,-0.33996178273563754
25.016516786023512,-147.8396204640149,0.0,5.384859720679341,0.6546826362609863,0.0,0.0,-0.7559038400650024,0.7739557027816772,0.0,0.0,-0.6332396864891052,0.06799917058011529
23.39835965893473,-147.5185966933829,0.0,5.422156512013708,0.646528959274292,0.0,0.0,-0.7628893852233887,0.767160952091217,0.0,0.0,-0.6414545178413391,-0.3418454590656561
21.78171793055949,-147.15831158840652,0.0,5.46044162902313,0.6383340358734131,0.0,0.0,-0.769759476184845,0.7602466940879822,0.0,0.0,-0.6496344208717346,0.06606557881196273
20.167087291202726,-146.75858385194968,0.0,5.498644765373755,0.630114734172821,0.0,0.0,-0.7765019536018372,0.7532187104225159,0.0,0.0,-0.6577701568603516,-0.3437749103964958
18.554825490105856,-146.31961951891213,0.0,5.535695614731732,0.6218881011009216,0.0,0.0,-0.7831060886383057,0.7460837364196777,0.0,0.0,-0.6658521294593811,0.06419432379388312
16.945574892596962,-145.84178323021405,0.0,5.5705238707632425,0.613670825958252,0.0,0.0,-0.7895619869232178,0.7388496398925781,0.0,0.0,-0.6738702058792114,-0.3455339132263701
15.340219666008798,-145.32561747162273,0.0,5.602179410172695,0.6054794192314148,0.0,0.0,-0.795861005783081,0.7315243482589722,0.0,0.0,-0.6818152070045471,0.06259555917724413
13.739614633756686,-144.77177608658795,0.0,5.630633738399119,0.5973302125930786,0.0,0.0,-0.8019954562187195,0.7241170406341553,0.0,0.0,-0.6896770000457764,-0.346971000510533
12.144466170548494,-144.18097553389038,0.0,5.656284879393684,0.5892391800880432,0.0,0.0,-0.807958722114563,0.7166370749473572,0.0,0.0,-0.6974461078643799,0.06130004700580144
10.555337044029262,-143.55397885456068,0.0,5.679533174435683,0.5812216997146606,0.0,0.0,-0.8137453198432922,0.7090944647789001,0.0,0.0,-0.7051133513450623,-0.3481451568257854
8.972651757909862,-142.89158047802007,0.0,5.700778964804424,0.5732927918434143,0.0,0.0,-0.8193506598472595,0.7014996409416199,0.0,0.0,-0.7126696705818176,0.06022702729020846
7.396701698766506,-142.1945917541355,0.0,5.720422591779191,0.565466582775116,0.0,0.0,-0.8247711062431335,0.6938633918762207,0.0,0.0,-0.7201065421104431,-0.3491372591982484
5.82765006510435,-141.4638272763584,0.0,5.738864396639293,0.5577569007873535,0.0,0.0,-0.8300043344497681,0.6861963272094727,0.0,0.0,-0.7274162769317627,0.05929562300434471
4.265536561105129,-140.70009204965237,0.0,5.756504720664022,0.5501763820648193,0.0,0.0,-0.8350483179092407,0.6785093545913696,0.0,0.0,-0.7345916032791138,-0.35002818465404284
2.71028184087006,-139.90416954687493,0.0,5.773743905132669,0.5427372455596924,0.0,0.0,-0.8399023413658142,0.6708135604858398,0.0,0.0,-0.741625964641571,0.05842495712208989
1.161691691962726,-139.07681068869667,0.0,5.790982291324542,0.53545081615448,0.0,0.0,-0.8445662260055542,0.6631196737289429,0.0,0.0,-0.7485132217407227,-0.350898810219289
-0.3805390504009529,-138.21872377504613,0.0,5.8086202205189235,0.5283276438713074,0.0,0.0,-0.8490403890609741,0.6554386019706726,0.0,0.0,-0.7552483081817627,0.05753415261732314
-1.9168228650720494,-137.33056539048206,0.0,5.827058033995125,0.5213775038719177,0.0,0.0,-0.8533259034156799,0.6477808356285095,0.0,0.0,-0.7618265748023987,-0.3518300129201072
-3.4476761874872244,-136.4129323018516,0.0,5.846696073032438,0.5146094560623169,0.0,0.0,-0.8574243783950806,0.6401567459106445,0.0,0.0,-0.7682441473007202,0.05654233246392343
-4.973716336690339,-135.46635436410097,0.0,5.867934678910151,0.5080318450927734,0.0,0.0,-0.8613379597663879,0.6325764060020447,0.0,0.0,-0.7744977474212646,-0.3529026697826179
-6.495635322703235,-134.4913036803901,0.0,5.891083290850451,0.5016524195671082,0.0,0.0,-0.8650690913200378,0.625049889087677,0.0,0.0,-0.7805846333503723,0.05537321064875672
-8.014105019205328,-133.48825376283594,0.0,5.916087525698071,0.4954780638217926,0.0,0.0,-0.8686203360557556,0.6175865530967712,0.0,0.0,-0.7865027785301208,-0.3541655099264371
-9.529755429878058,-132.45769995804753,0.0,5.942801991134656,0.48951536417007446,0.0,0.0,-0.8719945549964905,0.610195517539978,0.0,0.0,-0.7922506332397461,0.0540239952226666
-11.043176779629976,-131.40016549138028,0.0,5.971081294841827,0.4837702512741089,0.0,0.0,-0.8751948475837708,0.6028860807418823,0.0,0.0,-0.7978270053863525,-0.35559375758841544
-12.554921520546657,-130.31620721054009,0.0,6.0007800445012105,0.4782482981681824,0.0,0.0,-0.8782244920730591,0.5956668257713318,0.0,0.0,-0.8032313585281372,0.05252405837118257
-14.065506252646452,-129.2064210265163,0.0,6.031752847794446,0.47295430302619934,0.0,0.0,-0.8810868263244629,0.5885462164878845,0.0,0.0,-0.8084633350372314,-0.35715804058302325
-15.575413558766458,-128.07144704741435,0.0,6.063854312403156,0.46789243817329407,0.0,0.0,-0.8837853074073792,0.5815324783325195,0.0,0.0,-0.8135229349136353,0.050902772279833586
-17.085093752162976,-126.91197439855114,0.0,6.096939046008982,0.463066041469574,0.0,0.0,-0.8863236904144287,0.5746335983276367,0.0,0.0,-0.8184105157852173,-0.3588289867247317
-18.594966534776397,-125.72874572010569,0.0,6.130861656293548,0.45847776532173157,0.0,0.0,-0.8887057900428772,0.5678572058677673,0.0,0.0,-0.8231267929077148,0.04918950913414849
-20.105422563489714,-124.52256133175443,0.0,6.165476750938472,0.4541293680667877,0.0,0.0,-0.8909356594085693,0.5612107515335083,0.0,0.0,-0.8276726603507996,-0.3605772238280107
-21.61682492114895,-123.2942830520371,0.0,6.200638937625404,0.4500216245651245,0.0,0.0,-0.8930175304412842,0.5547016263008118,0.0,0.0,-0.8320490717887878,0.04741364111965701
-23.129510488626543,-122.0448376586893,0.0,6.236202824035955,0.4461544454097748,0.0,0.0,-0.8949558138847351,0.5483368635177612,0.0,0.0,-0.8362573385238647,-0.36237337970733147
-24.643791213750163,-120.7752199748826,0.0,6.272023017851776,0.44252678751945496,0.0,0.0,-0.8967550992965698,0.5421231985092163,0.0,0.0,-0.8402987122535706,0.04560454042188822
-26.159955272545275,-119.48649556519389,0.0,6.307954126754487,0.4391366243362427,0.0,0.0,-0.8984200954437256,0.5360673666000366,0.0,0.0,-0.8441749215126038,-0.36418808217716536
-27.678268117906313,-118.17980302422757,0.0,6.343850758425706,0.43598076701164246,0.0,0.0,-0.899955689907074,0.5301758646965027,0.0,0.0,-0.847887396812439,0.04379157922637211
-29.19897341054847,-116.85635584011828,0.0,6.379567520547087,0.43305516242980957,0.0,0.0,-0.9013672471046448,0.5244553089141846,0.0,0.0,-0.8514376878738403,-0.36599195905198256
-30.722293826885455,-115.51744381466676,0.0,6.414959020800237,0.43035438656806946,0.0,0.0,-0.9026597738265991,0.5189117789268494,0.0,0.0,-0.8548275232315063,0.04200412971863732
-32.248431738356636,-114.16443402159437,0.0,6.449879866866807,0.42787203192710876,0.0,0.0,-0.903839111328125,0.5135515332221985,0.0,0.0,-0.858058512210846,-0.36775563814625384
-33.77756975663351,-112.79877128439496,0.0,6.4841846664284155,0.4256003499031067,0.0,0.0,-0.9049110412597656,0.508380651473999,0.0,0.0,-0.8611322045326233,0.040271564084212674
-35.30987120827626,-111.42197809318587,0.0,6.517728321595753,0.4235303997993469,0.0,0.0,-0.9058817625045776,0.5034050345420837,0.0,0.0,-0.8640503883361816,-0.36944976214460423
-36.84549242381468,-110.0356431856387,0.0,6.550417117081037,0.4216519296169281,0.0,0.0,-0.9067578315734863,0.4986306130886078,0.0,0.0,-0.866814374923706,0.038620614817279186
-38.384608307265026,-108.64139723357118,0.0,6.582266981970776,0.4199531376361847,0.0,0.0,-0.9075458645820618,0.4940631687641144,0.0,0.0,-0.869425892829895,-0.3710583411794396
-39.92741519865359,-107.2409084917363,0.0,6.613307936178347,0.4184209704399109,0.0,0.0,-0.9082532525062561,0.48970457911491394,0.0,0.0,-0.871888279914856,0.03705288985730082
-41.47410844529793,-105.83577947471022,0.0,6.643569999617097,0.4170410931110382,0.0,0.0,-0.9088876247406006,0.4855493903160095,0.0,0.0,-0.8742090463638306,-0.3725867282218006
-43.02469609856545,-104.42668311675054,0.0,6.673083192200377,0.415796160697937,0.0,0.0,-0.9094485640525818,0.4815891981124878,0.0,0.0,-0.8763969540596008,0.03556232457531694
-44.57908631480258,-103.0137691189716,0.0,6.701877533841563,0.41467803716659546,0.0,0.0,-0.9099524021148682,0.4778156280517578,0.0,0.0,-0.8784599304199219,-0.3740409879006484
-46.137197059890774,-101.59717378752158,0.0,6.729983044453993,0.4136752188205719,0.0,0.0,-0.9104043245315552,0.47422105073928833,0.0,0.0,-0.8804057240486145,0.034142854342365914
-47.69895710787358,-100.17702537454265,0.0,6.757429743951045,0.4127773642539978,0.0,0.0,-0.9108089804649353,0.4707976281642914,0.0,0.0,-0.8822410702705383,-0.3754271848449439
-49.26430590743059,-98.75344414638256,0.0,6.784247652246068,0.41197511553764343,0.0,0.0,-0.9111706018447876,0.4675382673740387,0.0,0.0,-0.8839727640151978,0.03278841452948594
-50.83319345252381,-97.32654245091554,0.0,6.810466789252414,0.41126009821891785,0.0,0.0,-0.9114929437637329,0.46443578600883484,0.0,0.0,-0.8856067061424255,-0.3767513836836483
-52.405580157535184,-95.89642478384279,0.0,6.836117174883452,0.41062483191490173,0.0,0.0,-0.9117794036865234,0.4614836275577545,0.0,0.0,-0.8871485590934753,0.031492940507716394
-53.98143673718485,-94.46318785386275,0.0,6.8612288290525285,0.4100625216960907,0.0,0.0,-0.9120330214500427,0.458675354719162,0.0,0.0,-0.8886038064956665,-0.3780196490457229
-55.5607440915206,-93.02692064659563,0.0,6.885831771673017,0.40956711769104004,0.0,0.0,-0.9122565388679504,0.4560048580169678,0.0,0.0,-0.8899771571159363,0.0302503676480958
-57.143493196251114,-91.58770448715642,0.0,6.909956022658267,0.4091332256793976,0.0,0.0,-0.9124523997306824,0.4534662365913391,0.0,0.0,-0.8912733197212219,-0.3792380455601294
-58.729684998684455,-90.14561310127516,0.0,6.9336316019216255,0.40875595808029175,0.0,0.0,-0.91262286901474,0.4510538578033447,0.0,0.0,-0.892496645450592,0.02905463132166347
-60.31933031952937,-88.70071267486394,0.0,6.956888529376471,0.40843090415000916,0.0,0.0,-0.9127698540687561,0.44876229763031006,0.0,0.0,-0.8936510682106018,-0.3804126378558287
-61.91244976080155,-87.25306191193593,0.0,6.979756824936145,0.408154159784317,0.0,0.0,-0.9128950834274292,0.44658660888671875,0.0,0.0,-0.8947402834892273,0.02789966689945772
-63.5090736200651,-85.80271209079218,0.0,7.002266508514019,0.4079221487045288,0.0,0.0,-0.913000226020813,0.44452181458473206,0.0,0.0,-0.8957679271697998,-0.3815494905617819
-65.10924181124373,-84.34970711838055,0.0,7.024447600023446,0.40773171186447144,0.0,0.0,-0.9130866527557373,0.44256314635276794,0.0,0.0,-0.8967373371124268,0.026779409752516914
-66.71300379221526,-82.89408358274946,0.0,7.046330119377776,0.40758007764816284,0.0,0.0,-0.9131556749343872,0.4407062530517578,0.0,0.0,-0.8976514339447021,-0.38265466830695005
-68.32041849939739,-81.43587080351865,0.0,7.06794408649038,0.4074646532535553,0.0,0.0,-0.9132084846496582,0.43894681334495544,0.0,0.0,-0.8985130786895752,0.025687795251880363
-69.93155428953996,-79.97509088028151,0.0,7.089319521274606,0.40738314390182495,0.0,0.0,-0.9132460355758667,0.4372807741165161,0.0,0.0,-0.8993250727653503,-0.3837342357202948
-71.5464888889114,-78.51175873887493,0.0,7.110486443643821,0.40733352303504944,0.0,0.0,-0.9132692813873291,0.43570443987846375,0.0,0.0,-0.9000898003578186,0.024618758768586657
-73.1653093500773,-77.04588217544119,0.0,7.131474873511379,0.4073139429092407,0.0,0.0,-0.9132789969444275,0.43421390652656555,0.0,0.0,-0.9008097052574158,-0.38479425743077744
-74.78811201646397,-75.57746189821073,0.0,7.1523148307906315,0.4073227643966675,0.0,0.0,-0.913275957107544,0.4328058660030365,0.0,0.0,-0.9014871120452881,0.023566235673674885
-76.41500249488568,-74.10649156694426,0.0,7.173036335394948,0.4073585271835327,0.0,0.0,-0.913260817527771,0.43147677183151245,0.0,0.0,-0.9021239876747131,-0.3858407980673591
-78.04609563622273,-72.63295782996492,0.0,7.193669407237676,0.40741991996765137,0.0,0.0,-0.9132341146469116,0.43022358417510986,0.0,0.0,-0.9027224183082581,0.02252416133818358
-79.68151552442589,-71.15684035872235,0.0,7.214244066232184,0.40750575065612793,0.0,0.0,-0.9131964445114136,0.4290432929992676,0.0,0.0,-0.903283953666687,-0.386879922259001
-81.3213954740295,-69.67811187982215,0.0,7.234790332291825,0.40761497616767883,0.0,0.0,-0.9131482243537903,0.4279329776763916,0.0,0.0,-0.903810441493988,0.02148647113315122
-82.96587803634753,-68.19673820446378,0.0,7.255338225329952,0.40774664282798767,0.0,0.0,-0.9130898714065552,0.4268898665904999,0.0,0.0,-0.9043035507202148,-0.3879176946346639
-84.61511501452841,-66.7126782552287,0.0,7.275917765259933,0.4078999161720276,0.0,0.0,-0.9130217432975769,0.4259113669395447,0.0,0.0,-0.9047647714614868,0.020447100429616782
-86.26926748764973,-65.22588409015646,0.0,7.296558971995118,0.4080740511417389,0.0,0.0,-0.9129441976547241,0.42499497532844543,0.0,0.0,-0.9051955342292786,-0.3889601798233096
-87.92850584402932,-63.73630092405317,0.0,7.3172918654488734,0.4082683324813843,0.0,0.0,-0.9128575325012207,0.42413845658302307,0.0,0.0,-0.9055972099304199,0.019399984598619024
-89.59300982393331,-62.24386714697496,0.0,7.338146465534551,0.4084821939468384,0.0,0.0,-0.9127619862556458,0.4233393967151642,0.0,0.0,-0.9059709310531616,-0.3900134424538994
-91.26296857186661,-60.74851433982698,0.0,7.359152792165504,0.40871506929397583,0.0,0.0,-0.9126577973365784,0.4225957691669464,0.0,0.0,-0.9063181281089783,0.0183390590111972
-92.93858069863096,-59.250167287022265,0.0,7.380340865255105,0.40896642208099365,0.0,0.0,-0.9125452041625977,0.421905517578125,0.0,0.0,-0.9066396355628967,-0.3910835471553944
-94.6200543533477,-57.74874398613718,0.0,7.401740704716697,0.4092358648777008,0.0,0.0,-0.9124243855476379,0.42126476764678955,0.0,0.0,-0.9069322943687439,0.017258259038389512
-96.30760730563645,-56.24415565450987,0.0,7.42338233046365,0.4095229506492615,0.0,0.0,-0.9122955203056335,0.42067399621009827,0.0,0.0,-0.9072023034095764,-0.39217655855675565
-98.00146703815763,-54.7363067327167,0.0,7.445295762409319,0.4098273515701294,0.0,0.0,-0.9121586680412292,0.4201314449310303,0.0,0.0,-0.9074504375457764,0.016151520051234547
-99.70187084973173,-53.22509488486425,0.0,7.467511020467053,0.4101486802101135,0.0,0.0,-0.9120140075683594,0.4196354150772095,0.0,0.0,-0.907677412033081,-0.3932985412869443
-101.4090659692501,-51.71041099563512,0.0,7.490058124550223,0.4104866683483124,0.0,0.0,-0.9118617177009583,0.41918429732322693,0.0,0.0,-0.9078840017318726,0.01501277742077145
-103.12330959746438,-50.1921392375929,0.0,7.512966730402643,0.4108409881591797,0.0,0.0,-0.9117018580436707,0.4187765121459961,0.0,0.0,-0.9080709218978882,-0.3944555415825211
-104.84485899111013,-48.67016593934749,0.0,7.536222519176133,0.41121143102645874,0.0,0.0,-0.9115345478057861,0.41841059923171997,0.0,0.0,-0.9082387685775757,0.013838242634231612
-106.57395200815756,-47.14439676763236,0.0,7.559725815144815,0.41159766912460327,0.0,0.0,-0.9113597869873047,0.4180852770805359,0.0,0.0,-0.9083881974220276,-0.39564257673245457
-108.31080480242954,-45.61475861496915,0.0,7.583367142362914,0.41199955344200134,0.0,0.0,-0.9111778140068054,0.4177991449832916,0.0,0.0,-0.9085198044776917,0.012644236209075066
-110.05561171484722,-44.08119951552686,0.0,7.607037024884688,0.41241684556007385,0.0,0.0,-0.9109885692596436,0.4175509512424469,0.0,0.0,-0.9086340665817261,-0.3968380253446654
-111.80854512788912,-42.54368857198234,0.0,7.630625986764355,0.4128282070159912,0.0,0.0,-0.9108018279075623,0.4173394739627838,0.0,0.0,-0.9087315797805786,0.011452874497980825
-113.56975528247816,-41.00221589364107,0.0,7.654024552056169,0.41323497891426086,0.0,0.0,-0.9106170535087585,0.4171636402606964,0.0,0.0,-0.9088128805160522,-0.39801977106647424
-115.33937005653897,-39.45679254607197,0.0,7.677123244814364,0.41363832354545593,0.0,0.0,-0.9104336500167847,0.4170224070549011,0.0,0.0,-0.9088783264160156,0.01028627385362757
-117.11749470447857,-37.907450512528754,0.0,7.699812589093168,0.41403928399086,0.0,0.0,-0.9102511405944824,0.416914701461792,0.0,0.0,-0.9089284539222717,-0.3991656975452017
-118.90421155689393,-36.35424266741886,0.0,7.721983108946829,0.41443878412246704,0.0,0.0,-0.9100691080093384,0.41683951020240784,0.0,0.0,-0.908963680267334,0.009166550628695147
-120.69957967985404,-34.79724276208083,0.0,7.74352532842958,0.41483768820762634,0.0,0.0,-0.9098871946334839,0.416795939207077,0.0,0.0,-0.9089844226837158,-0.4002536884281689
-122.50363449316663,-33.2365454231227,0.0,7.764329771595663,0.4152367413043976,0.0,0.0,-0.9097049832344055,0.4167831242084503,0.0,0.0,-0.9089910387992859,0.00811582117586268
-124.31638734710859,-31.672266163564917,0.0,7.7842869624993165,0.4156365394592285,0.0,0.0,-0.9095222353935242,0.4168001115322113,0.0,0.0,-0.9089840054512024,-0.4012616273626968
-126.1378250571845,-30.104541407013997,0.0,7.80328742519477,0.41603776812553406,0.0,0.0,-0.909338653087616,0.4168461561203003,0.0,0.0,-0.9089635610580444,0.0071562018478094624
-127.9679093965828,-28.533528525067087,0.0,7.821221683736271,0.4164409637451172,0.0,0.0,-0.9091539978981018,0.4169204533100128,0.0,0.0,-0.9089300632476807,-0.4021673979961059
-129.8065765460861,-26.95940588814107,0.0,7.837980262178047,0.41684648394584656,0.0,0.0,-0.9089679718017578,0.4170222282409668,0.0,0.0,-0.9088838696479797,0.006309808997214672
-131.65373650133378,-25.382372929874144,0.0,7.853453684574348,0.417254775762558,0.0,0.0,-0.9087804555892944,0.41715073585510254,0.0,0.0,-0.9088253378868103,-0.4029488839757171
-133.50927243745454,-23.802650225228042,0.0,7.867532474979405,0.41766616702079773,0.0,0.0,-0.9085913300514221,0.41730520129203796,0.0,0.0,-0.9087547063827515,0.005598758976757268
-135.37304003122995,-22.220479582381763,0.0,7.880107157447453,0.41808101534843445,0.0,0.0,-0.9084003567695618,0.41748499870300293,0.0,0.0,-0.9086722731590271,-0.40358396894885085
-137.24486674111705,-20.63612414846261,0.0,7.891068256032741,0.41849955916404724,0.0,0.0,-0.9082074761390686,0.41768941283226013,0.0,0.0,-0.9085783362388611,0.005045168139116429
-139.12455104560766,-19.04986852912938,0.0,7.900306294789493,0.4189220070838928,0.0,0.0,-0.9080125093460083,0.41791781783103943,0.0,0.0,-0.9084731936454773,-0.4040505365628282
-141.01186164060076,-17.46201892196178,0.0,7.907711797771956,0.41934871673583984,0.0,0.0,-0.9078153371810913,0.41816961765289307,0.0,0.0,-0.9083570837974548,0.004671152836971837
-142.90653659664278,-15.872903263568679,0.0,7.913175289034365,0.4197797179222107,0.0,0.0,-0.9076159596443176,0.41844409704208374,0.0,0.0,-0.9082303047180176,-0.4043264704649701
-144.8082824771002,-14.282871390269179,0.0,7.9165872926309575,0.42021480202674866,0.0,0.0,-0.907414436340332,0.41872841119766235,0.0,0.0,-0.9080988168716431,0.004498829423002615
-146.71677341853956,-12.692295212144074,0.0,7.917838332615973,0.5204632878303528,0.0,0.0,-0.8538743853569031,0.46972760558128357,0.0,0.0,-0.8827990889549255,-0.4043896543025972
