X,Y,Z,Speed,RotW,RotX,RotY,RotZ,HarsherRotW,HarsherRotX,HarsherRotY,HarsherRotZ,TireRot
336.23794200231384,85.03573212344797,0.0,8.876673631957381,0.9990872144699097,0.0,0.0,0.04271658882498741,0.9976062774658203,0.0,0.0,0.06914978474378586,-0.4483168500988576
336.62057082483557,82.3514871743303,0.0,8.876673631957381,0.9991045594215393,0.0,0.0,0.04228857532143593,0.9976221323013306,0.0,0.0,0.06891268491744995,-0.0
336.9772765919869,79.66561601966023,0.0,8.882024425179738,0.999135434627533,0.0,0.0,0.04148378223180771,0.9976516962051392,0.0,0.0,0.06845410168170929,-0.4485870921807948
337.30853965098134,76.97779383208531,0.0,8.888301466612681,0.9991765022277832,0.0,0.0,0.04034838825464249,0.9976930618286133,0.0,0.0,0.0677884966135025,-0.0003170222945931278
337.61482897748147,74.28772046216092,0.0,8.895422454297659,0.9992347359657288,0.0,0.0,0.0389242060482502,0.9977517127990723,0.0,0.0,0.06693078577518463,-0.44894673802347046
337.896603810336,71.595120398895,0.0,8.903305086276134,0.9993000030517578,0.0,0.0,0.03724866360425949,0.9978213310241699,0.0,0.0,0.06589396297931671,-0.0007151350207787455
338.15431522036755,68.89974273632582,0.0,8.91186706058956,0.9993698000907898,0.0,0.0,0.03535575792193413,0.9979004859924316,0.0,0.0,0.06469109654426575,-0.44937916096859293
338.38840761375684,66.20136114614918,0.0,8.921026075279398,0.9994421005249023,0.0,0.0,0.033276088535785675,0.9979880452156067,0.0,0.0,0.06333441287279129,-0.0011777115202655786
338.5993201703942,63.49977385642065,0.0,8.930699828387098,0.9995148181915283,0.0,0.0,0.031037328764796257,0.9980823993682861,0.0,0.0,0.061835888773202896,-0.44986773435787064
338.7874882174,60.794803636365764,0.0,8.94080601795412,0.999586284160614,0.0,0.0,0.028664348646998405,0.9981822967529297,0.0,0.0,0.06020645052194595,-0.0016881251347616866
338.9533445378677,58.086297787338616,0.0,8.951262342021927,0.9996549487113953,0.0,0.0,0.02617982029914856,0.9982865452766418,0.0,0.0,0.05845710635185242,-0.4503958315330124
339.0973206147408,55.37412813997414,0.0,8.961986498631964,0.9997193813323975,0.0,0.0,0.023604625836014748,0.9983939528465271,0.0,0.0,0.05659779906272888,-0.0022297492059756285
339.2198478096113,52.65819105758314,0.0,8.972896185825697,0.9997788071632385,0.0,0.0,0.0209562499076128,0.9985033273696899,0.0,0.0,0.05463883653283119,-0.45094682583572615
339.3213584761129,49.938407445843744,0.0,8.98390910164458,0.9998321533203125,0.0,0.0,0.01825210638344288,0.9986135959625244,0.0,0.0,0.05258926376700401,-0.002785957075616241
339.4022870074846,47.21472276884304,0.0,8.994942944130068,0.9998787641525269,0.0,0.0,0.015507182106375694,0.9987238049507141,0.0,0.0,0.05045819282531738,-0.4515040906077205
339.46307081779116,44.48710707152439,0.0,9.00591541132362,0.9999181032180786,0.0,0.0,0.012734970077872276,0.9988330006599426,0.0,0.0,0.04825394228100777,-0.003340122085391639
339.5041512562184,41.75555500859515,0.0,9.016744201266693,0.9999498128890991,0.0,0.0,0.009947790764272213,0.9989402294158936,0.0,0.0,0.04598519206047058,-0.45205099919070396
339.5259744537977,39.02008587994754,0.0,9.027347012000742,0.9999737739562988,0.0,0.0,0.007157031446695328,0.99904465675354,0.0,0.0,0.04366016760468483,-0.0038756175770102708
339.52899210187275,36.28074367264267,0.0,9.037641541567226,0.999989926815033,0.0,0.0,0.004372715018689632,0.9991457462310791,0.0,0.0,0.04128444567322731,-0.4525709249263849
339.5136621615844,33.5375971095031,0.0,9.047545488007598,0.9999982714653015,0.0,0.0,0.001603796612471342,0.9992428421974182,0.0,0.0,0.03886673226952553,-0.004375816892180695
339.4804495036379,30.79073970435437,0.0,9.056976549363318,0.999998927116394,0.0,0.0,-0.0011414194013923407,0.9993354082107544,0.0,0.0,0.03641368821263313,-0.4530472411564717
339.429826477605,28.04028982394876,0.0,9.06585242367584,0.9999922513961792,0.0,0.0,-0.00385551736690104,0.9994228482246399,0.0,0.0,0.033931612968444824,-0.004824093372611082
339.3622734100295,25.286390756596635,0.0,9.074090808986625,0.9999784231185913,0.0,0.0,-0.006531816907227039,0.9995049834251404,0.0,0.0,0.03142698109149933,-0.45346332122267297
339.278279030624,22.5292107875217,0.0,9.081609403337131,0.999957799911499,0.0,0.0,-0.00916426070034504,0.9995811581611633,0.0,0.0,0.028905648738145828,-0.005203820360010436
339.1783408258824,19.76894328094575,0.0,9.088325904768805,0.9999307990074158,0.0,0.0,-0.011747492477297783,0.999651312828064,0.0,0.0,0.02637345902621746,-0.4538025384666969
339.0629653194902,17.00580676889677,0.0,9.094158011323112,0.9998979568481445,0.0,0.0,-0.01427660882472992,0.9997151494026184,0.0,0.0,0.0238355565816164,-0.005498371196086482
338.9326682789698,14.240045046721404,0.0,9.099023421041508,0.9998595714569092,0.0,0.0,-0.016747169196605682,0.9997724294662476,0.0,0.0,0.021297607570886612,-0.4540482662302523
338.787974848088,11.47192727526806,0.0,9.102839831965447,0.9998164176940918,0.0,0.0,-0.019155235961079597,0.999823272228241,0.0,0.0,0.018764188513159752,-0.005691119222548058
338.6294196046367,8.70174808969209,0.0,9.10552494213639,0.999768853187561,0.0,0.0,-0.021497171372175217,0.9998674988746643,0.0,0.0,0.016240304335951805,-0.4541838778550474
338.4575465433124,5.929827714816712,0.0,9.106996449595785,0.9997174143791199,0.0,0.0,-0.02376965433359146,0.9999052286148071,0.0,0.0,0.013730422593653202,-0.0057654377811033886
338.2729089835351,3.156512086966278,0.0,9.107172052385101,0.9996626377105713,0.0,0.0,-0.025969764217734337,0.9999363422393799,0.0,0.0,0.011238712817430496,-0.4541927466827906
338.07606939296113,0.3821728559163651,0.0,9.105969862825724,0.999605119228363,0.0,0.0,-0.028094738721847534,0.9999610185623169,0.0,0.0,0.008769079111516476,-0.005704721136690349
337.86759590798624,-2.3928344098796153,0.0,9.103445505076607,0.9995454549789429,0.0,0.0,-0.030142005532979965,0.999979555606842,0.0,0.0,0.0063258931040763855,-0.45406525386717866
337.64805289233107,-5.168272638506888,0.0,9.099990392401072,0.9994842410087585,0.0,0.0,-0.03210952505469322,0.9999918937683105,0.0,0.0,0.003912813030183315,-0.005530220496511806
337.41799663484295,-7.944038872381654,0.0,9.096046232777205,0.9994217753410339,0.0,0.0,-0.03399544954299927,0.9999983310699463,0.0,0.0,0.001532843103632331,-0.4538660538861753
337.177972422196,-10.720164608820665,0.0,9.09205473418309,0.9993587732315063,0.0,0.0,-0.03579818084836006,0.9999991655349731,0.0,0.0,-0.0008102374849840999,-0.005328629658425232
336.92851200165086,-13.496816175162884,0.0,9.088457604596812,0.9992957711219788,0.0,0.0,-0.03751637786626816,0.9999946355819702,0.0,0.0,-0.003113263752311468,-0.45368438067474703
336.6701314328771,-16.274295138330977,0.0,9.08569655199646,0.999233067035675,0.0,0.0,-0.03914901614189148,0.9999850392341614,0.0,0.0,-0.00537363113835454,-0.005189182557397365
336.40332932714585,-19.053038748862946,0.0,9.084213284360114,0.9991713762283325,0.0,0.0,-0.040695250034332275,0.9999707937240601,0.0,0.0,-0.00758842658251524,-0.4536094681678609
336.1285854718956,-21.833620419622775,0.0,9.084449509665863,0.9991108775138855,0.0,0.0,-0.042154453694820404,0.999951958656311,0.0,0.0,-0.009754768572747707,-0.005201113128394719
335.8463598387761,-24.616750239612397,0.0,9.086846935891794,0.9990435838699341,0.0,0.0,-0.043525561690330505,0.9999291300773621,0.0,0.0,-0.0118710957467556,-0.45373055030048376
335.5570919737541,-27.40327552355745,0.0,9.091847271015991,0.9989803433418274,0.0,0.0,-0.04480794817209244,0.9999025464057922,0.0,0.0,-0.013934694230556488,-0.005453655306384475
335.26120076875014,-30.19418139822405,0.0,9.09989222301654,0.998921275138855,0.0,0.0,-0.04600017890334129,0.999872624874115,0.0,0.0,-0.0159432552754879,-0.4541368610075822
334.95908479191314,-32.990589808490945,0.0,9.111418229069685,0.9988665580749512,0.0,0.0,-0.04710010066628456,0.9998396039009094,0.0,0.0,-0.01789473555982113,-0.006035776824220018
334.65117618059185,-35.79327837787882,0.0,9.125293613470117,0.9988164901733398,0.0,0.0,-0.048105090856552124,0.999803900718689,0.0,0.0,-0.01978740468621254,-0.45483763799750304
334.33807494646527,-38.601525887950125,0.0,9.13663547159652,0.9987712502479553,0.0,0.0,-0.0490119531750679,0.9997659921646118,0.0,0.0,-0.021618977189064026,-0.006608597941715089
334.0205802704396,-41.41293767545071,0.0,9.140011731840259,0.9987311959266663,0.0,0.0,-0.04981660097837448,0.9997261762619019,0.0,0.0,-0.02338799089193344,-0.4550081561916313
333.6996993511959,-44.22343895399956,0.0,9.129990322592704,0.9986966252326965,0.0,0.0,-0.05051455274224281,0.9996848106384277,0.0,0.0,-0.025092773139476776,-0.006102466161535536
333.3766514095796,-47.027267730440386,0.0,9.101139172245224,0.9986679553985596,0.0,0.0,-0.05110041797161102,0.9996423125267029,0.0,0.0,-0.026731476187705994,-0.45355102738620307
333.05286683281986,-49.81696739105645,0.0,9.048026209189183,0.9986454844474792,0.0,0.0,-0.051567986607551575,0.9995990991592407,0.0,0.0,-0.02830253541469574,-0.0034199932799173216
332.72998155281226,-52.58337907389658,0.0,8.965219361815954,0.998629629611969,0.0,0.0,-0.051910124719142914,0.9995554685592651,0.0,0.0,-0.029804663732647896,-0.44936886337745413
332.4096494299254,-55.31714654859373,0.0,8.852182344486422,0.9986207485198975,0.0,0.0,-0.05211862176656723,0.99951171875,0.0,0.0,-0.03123670630156994,0.002288946989250973
332.0927694493659,-58.01515208639967,0.0,8.729197272789735,0.9986193180084229,0.0,0.0,-0.052184149622917175,0.9994683265686035,0.0,0.0,-0.032598212361335754,-0.4431574961200457
331.77926545515,-60.68225422296931,0.0,8.622078910151506,0.9986256957054138,0.0,0.0,-0.052095621824264526,0.9994254112243652,0.0,0.0,-0.03388862684369087,0.007698965304313077
331.4683124840925,-63.32938000066186,0.0,8.550374977817246,0.9986403584480286,0.0,0.0,-0.05183970555663109,0.9993834495544434,0.0,0.0,-0.035107098519802094,-0.4395360853960931
331.15931459831427,-65.96533477720041,0.0,8.507128118941656,0.9986636638641357,0.0,0.0,-0.05140029639005661,0.9993425011634827,0.0,0.0,-0.03625323250889778,0.009883150096009485
330.85217258527064,-68.59462050005754,0.0,8.478375174832232,0.9986960887908936,0.0,0.0,-0.05075828731060028,0.9993030428886414,0.0,0.0,-0.03732653707265854,-0.4380839165016777
330.54728656826614,-71.2174178694007,0.0,8.45015294432041,0.9987378716468811,0.0,0.0,-0.04989074915647507,0.999265193939209,0.0,0.0,-0.038325488567352295,0.011308515273374231
330.2455479400094,-73.8295677910067,0.0,8.40849822623762,0.9987891912460327,0.0,0.0,-0.04877116531133652,0.9992296099662781,0.0,0.0,-0.039239902049303055,-0.43598014286113285
329.94872604538074,-76.42239149783113,0.0,8.339447819415303,0.9988604784011841,0.0,0.0,-0.04737049713730812,0.9991977214813232,0.0,0.0,-0.04004430025815964,0.014795909557329678
329.66123795489574,-78.98195792619401,0.0,8.22903852268489,0.9989432692527771,0.0,0.0,-0.04566169157624245,0.9991664886474609,0.0,0.0,-0.04071170091629028,-0.43040391575353626
329.3883710952185,-81.48976493989876,0.0,8.063342904681049,0.999036967754364,0.0,0.0,-0.04362352564930916,0.9991434216499329,0.0,0.0,-0.04121915251016617,0.023164375113079227
329.1348941580155,-83.92597209456687,0.0,7.837546520129594,0.999140202999115,0.0,0.0,-0.04124099016189575,0.9991291165351868,0.0,0.0,-0.041548438370227814,-0.4190000579479072
328.90419319956357,-86.2760414119635,0.0,7.5679753915198225,0.999251127243042,0.0,0.0,-0.038505710661411285,0.9991236329078674,0.0,0.0,-0.041685186326503754,0.036779078578219215
328.6982164755505,-88.53168694767132,0.0,7.273945583647285,0.999366819858551,0.0,0.0,-0.03541473671793938,0.999126672744751,0.0,0.0,-0.04161878302693367,-0.40415006765131434
328.5176500109471,-90.69084849642151,0.0,6.974773161307531,0.9994840025901794,0.0,0.0,-0.03197214752435684,0.999137818813324,0.0,0.0,-0.04134122282266617,0.051888796878206744
328.36218709186835,-92.7576293949308,0.0,6.689774189296106,0.999599039554596,0.0,0.0,-0.028179088607430458,0.99915611743927,0.0,0.0,-0.04084749519824982,-0.38975618017598984
328.23086226376273,-94.74220843459891,0.0,6.438264732408559,0.999707818031311,0.0,0.0,-0.02404416725039482,0.9991859793663025,0.0,0.0,-0.04013301804661751,0.06459129470081015
328.1224434574707,-96.660435928212,0.0,6.238590815084494,0.9998059272766113,0.0,0.0,-0.019573230296373367,0.9992241263389587,0.0,0.0,-0.03919217362999916,-0.37967163889699673
328.0360154510012,-98.52909507137994,0.0,6.094000355206735,0.9998888373374939,0.0,0.0,-0.014770641922950745,0.9992701411247253,0.0,0.0,-0.03801950439810753,0.07189384317948483
327.9712557823187,-100.36220303184734,0.0,5.995812905546402,0.9999518394470215,0.0,0.0,-0.009638197720050812,0.9993235468864441,0.0,0.0,-0.03660895302891731,-0.3747126767929395
327.92838933040724,-102.17091444508252,0.0,5.935022982840619,0.999989926815033,0.0,0.0,-0.004175787791609764,0.9993833899497986,0.0,0.0,-0.034952227026224136,0.07496404129593859
327.9081090431426,-103.96353581512678,0.0,5.902625103826507,0.9999975562095642,0.0,0.0,0.0016184328123927116,0.9994489550590515,0.0,0.0,-0.03304114192724228,-0.37307642027707527
327.91147053658864,-105.74554978821259,0.0,5.889613785241189,0.9999690055847168,0.0,0.0,0.007747415453195572,0.9995189905166626,0.0,0.0,-0.03086705133318901,0.07562117859822737
327.93975933805643,-107.51964933770664,0.0,5.886983543821788,0.9998981356620789,0.0,0.0,0.0142144113779068,0.9995918869972229,0.0,0.0,-0.0284207072108984,-0.372943579801348
327.99432888429885,-109.28578224957047,0.0,5.885728896305425,0.9997783303260803,0.0,0.0,0.021022578701376915,0.9996660947799683,0.0,0.0,-0.02569386549293995,0.07568454463440738
328.07640780642055,-111.04120627465494,0.0,5.876844359429221,0.9996024966239929,0.0,0.0,0.028173135593533516,0.999739408493042,0.0,0.0,-0.022679204121232033,-0.37249486581770136
328.18688635435603,-112.78069164837022,0.0,5.851785524395015,0.9993633031845093,0.0,0.0,0.035664673894643784,0.999809205532074,0.0,0.0,-0.01937062479555607,0.07695014236340769
328.32626353609834,-114.49866445068922,0.0,5.809029938899606,0.9990533590316772,0.0,0.0,0.04349251091480255,0.9998728036880493,0.0,0.0,-0.015764350071549416,-0.37033549281288275
328.4947492980168,-116.19083445817405,0.0,5.752524229877829,0.9986648559570312,0.0,0.0,0.05164884775876999,0.9999269843101501,0.0,0.0,-0.011858310550451279,0.0798039660513763
328.692348839588,-117.85421522982192,0.0,5.6863594290223505,0.9981905221939087,0.0,0.0,0.06012308970093727,0.9999682307243347,0.0,0.0,-0.007651102729141712,-0.36699383620402026
328.91895865102515,-119.48709624564206,0.0,5.61462656802583,0.997623085975647,0.0,0.0,0.06890260428190231,0.999992847442627,0.0,0.0,-0.003142205998301506,0.08342683781887733
329.1744736463336,-121.08900942666418,0.0,5.541411300818987,0.9969552159309387,0.0,0.0,0.07797275483608246,0.9999966025352478,0.0,0.0,0.0016675395891070366,-0.36329609543599783
329.45884032627447,-122.6603623055144,0.0,5.4696418138068275,0.9961802363395691,0.0,0.0,0.0873175635933876,0.9999752640724182,0.0,0.0,0.006776336580514908,0.08705155938514797
329.77198848869614,-124.20167325029716,0.0,5.39965524170379,0.9952918291091919,0.0,0.0,0.09691980481147766,0.9999241828918457,0.0,0.0,0.012181970290839672,-0.3597614200772586
330.11382256712125,-125.71346717263843,0.0,5.331436797973969,0.9942843914031982,0.0,0.0,0.10676116496324539,0.999838650226593,0.0,0.0,0.017880838364362717,0.09049693533109854
330.48422588016,-127.19627398980612,0.0,5.2649716960814645,0.9931525588035583,0.0,0.0,0.11682196706533432,0.9997137784957886,0.0,0.0,0.023869652301073074,-0.3564045967493543
330.88306459844864,-128.65062718640314,0.0,5.200245149490368,0.9918920397758484,0.0,0.0,0.12708140909671783,0.9995443820953369,0.0,0.0,0.030143192037940025,0.09376595283569938
331.31019144514573,-130.077062470057,0.0,5.137242371664783,0.9904992580413818,0.0,0.0,0.13751672208309174,0.9993253946304321,0.0,0.0,0.03669581562280655,-0.3532226382733147
331.7654491452946,-131.4761165157771,0.0,5.075948576068801,0.9889715909957886,0.0,0.0,0.14810426533222198,0.9990514516830444,0.0,0.0,0.043521273881196976,0.09686159907792069
332.24867363866497,-132.84832579389393,0.0,5.016348976166519,0.987307608127594,0.0,0.0,0.1588188260793686,0.9987175464630127,0.0,0.0,0.05061165615916252,-0.3502125574701691
332.7596970700165,-134.19422547672457,0.0,4.958428785422036,0.9855068922042847,0.0,0.0,0.16963432729244232,0.9983182549476624,0.0,0.0,0.05795924365520477,0.09978686123673292
333.2983505700837,-135.51434841933298,0.0,4.902173217299445,0.9835705161094666,0.0,0.0,0.1805235892534256,0.9978482723236084,0.0,0.0,0.0655561238527298,-0.3473713671609473
333.86446683995854,-136.8092242099681,0.0,4.847567485262847,0.9815006256103516,0.0,0.0,0.19145828485488892,0.9973026514053345,0.0,0.0,0.07339130342006683,0.10254472649110652
334.4578825509524,-138.07937828596806,0.0,4.7945968027763355,0.9793006777763367,0.0,0.0,0.2024100422859192,0.9966766238212585,0.0,0.0,0.0814531221985817,-0.344696080166679
335.0784311777136,-139.32533111112002,0.0,4.743246383304007,0.976975679397583,0.0,0.0,0.21334996819496155,0.9959658980369568,0.0,0.0,0.08972612023353577,0.10513818202001202
335.7257173200156,-140.54759741065334,0.0,4.69350144030996,0.9745315909385681,0.0,0.0,0.2242496907711029,0.9951669573783875,0.0,0.0,0.09819160401821136,-0.34218370930839387
336.3991222417932,-141.74668546022966,0.0,4.645347187258288,0.9719753861427307,0.0,0.0,0.23508231341838837,0.9942767024040222,0.0,0.0,0.10683079063892365,0.10757021500241973
337.098056265933,-142.9230964254678,0.0,4.5987688376130915,0.9693148136138916,0.0,0.0,0.24582219123840332,0.9932923913002014,0.0,0.0,0.11562603712081909,-0.33983126740712133
337.8219706279449,-144.0773237487126,0.0,4.553751604838464,0.9665586352348328,0.0,0.0,0.256445050239563,0.992211639881134,0.0,0.0,0.12456014752388,0.10984381261729995
338.5703586751583,-145.20985544938657,0.0,4.510292184621828,0.9637163281440735,0.0,0.0,0.2669280767440796,0.9910327792167664,0.0,0.0,0.1336163878440857,-0.3376363471941599
339.342770046868,-146.32119384360385,0.0,4.46846963878317,0.9607977867126465,0.0,0.0,0.2772495448589325,0.9897543787956238,0.0,0.0,0.1427789181470871,0.11195606240713113
340.1388197603922,-147.41186272541051,0.0,4.428398991818689,0.9578137397766113,0.0,0.0,0.2873890995979309,0.9883753061294556,0.0,0.0,0.15203218162059784,-0.3356125771454488
340.9581919454003,-148.48240533219104,0.0,4.390195418388766,0.9547754526138306,0.0,0.0,0.29732760787010193,0.9868954420089722,0.0,0.0,0.16136017441749573,0.11388553581268285
341.8006435236699,-149.5333822592591,0.0,4.353974093153772,0.9516941905021667,0.0,0.0,0.3070472180843353,0.9853151440620422,0.0,0.0,0.17074523866176605,-0.3337832172850955
342.6659209423309,-150.56536935939806,0.0,4.319850190774091,0.9485819339752197,0.0,0.0,0.31653133034706116,0.9836374521255493,0.0,0.0,0.1801585704088211,0.11560896522579797
343.55299944226385,-151.57895562399653,0.0,4.287938885910096,0.9454500675201416,0.0,0.0,0.32576674222946167,0.9818668961524963,0.0,0.0,0.18957117199897766,-0.33217153522125736
344.46049217267563,-152.5747410415191,0.0,4.258355353222168,0.9423088431358337,0.0,0.0,0.33474433422088623,0.9800079464912415,0.0,0.0,0.19895774126052856,0.1171030830383196
345.3871465298254,-153.55333442812145,0.0,4.231214767370676,0.939167857170105,0.0,0.0,0.34345823526382446,0.9780659079551697,0.0,0.0,0.20829510688781738,-0.3308007985620911
346.33184454748965,-154.5153512242675,0.0,4.206632303016006,0.9360353946685791,0.0,0.0,0.3519054353237152,0.9760458469390869,0.0,0.0,0.21756431460380554,0.11834462164209081
347.29359715622854,-155.46141125022524,0.0,4.1847231348185305,0.9329193234443665,0.0,0.0,0.36008524894714355,0.9739534258842468,0.0,0.0,0.22674772143363953,-0.329694274915754
348.27153824401046,-156.39213641231086,0.0,4.1656024374386265,0.929826021194458,0.0,0.0,0.3679991364479065,0.9717940092086792,0.0,0.0,0.2358308732509613,0.11931031342895468
349.26491851453363,-157.3081483507148,0.0,4.149385385536674,0.9267616868019104,0.0,0.0,0.3756496012210846,0.9695733189582825,0.0,0.0,0.24480092525482178,-0.32887523189040285
350.2730991346943,-158.2100660186727,0.0,4.136187153773048,0.9237316846847534,0.0,0.0,0.38304007053375244,0.9672966003417969,0.0,0.0,0.25364792346954346,0.11997689079075397
351.2955262137532,-159.09848695266874,0.0,4.126047059564902,0.9207412600517273,0.0,0.0,0.3901737332344055,0.964969277381897,0.0,0.0,0.2623624801635742,-0.3283631059202945
352.33164283600246,-159.97391925140636,0.0,4.118689558219929,0.9177957773208618,0.0,0.0,0.39705294370651245,0.9625967741012573,0.0,0.0,0.2709376811981201,0.12034848176777285
353.38085467978925,-160.83676740222847,0.0,4.113757424353049,0.9149008989334106,0.0,0.0,0.40367838740348816,0.9601842761039734,0.0,0.0,0.2793673574924469,-0.32811400825025006
354.4425166675551,-161.68733639911716,0.0,4.110893432431678,0.9120631814002991,0.0,0.0,0.4100494682788849,0.9577364921569824,0.0,0.0,0.28764674067497253,0.12049312782440774
355.515921206971,-162.52583602539846,0.0,4.109740356923222,0.909290075302124,0.0,0.0,0.41616275906562805,0.9552584290504456,0.0,0.0,0.2957720458507538,-0.3280557721134594
356.6002879715974,-163.35238531450483,0.0,4.109940972295093,0.906589925289154,0.0,0.0,0.422012597322464,0.9527546763420105,0.0,0.0,0.303740531206131,0.12048299573491933
357.69475518573995,-164.1670172009093,0.0,4.111138053014701,0.9039726257324219,0.0,0.0,0.42759016156196594,0.9502295255661011,0.0,0.0,0.3115501403808594,-0.32811623073566176
358.7983723916248,-164.96968337168454,0.0,4.112974373549454,0.9014496803283691,0.0,0.0,0.4328837990760803,0.9476873278617859,0.0,0.0,0.31919971108436584,0.12039025227356814
359.9100946877728,-165.7602593270936,0.0,4.115092708366766,0.899034321308136,0.0,0.0,0.43787816166877747,0.9451318979263306,0.0,0.0,0.32668831944465637,-0.32822321734259674
361.0287784355038,-166.53854965618277,0.0,4.117135831934042,0.8967415690422058,0.0,0.0,0.4425542652606964,0.9425673484802246,0.0,0.0,0.33401551842689514,0.12028706421461483
362.1531784358748,-167.3042935305367,0.0,4.118746518718695,0.8945888876914978,0.0,0.0,0.4468894600868225,0.9399968385696411,0.0,0.0,0.3411824405193329,-0.3283045651600035
363.281946582043,-168.05717041615105,0.0,4.119567543188133,0.8925961256027222,0.0,0.0,0.4508565068244934,0.9374240636825562,0.0,0.0,0.3481889069080353,0.12024559833232004
364.41363199203244,-168.79680599979883,0.0,4.119241679809769,0.8907856345176697,0.0,0.0,0.45442336797714233,0.9348520040512085,0.0,0.0,0.35503700375556946,-0.32828810741362147
365.5466826241803,-169.52277832229458,0.0,4.117411703051011,0.8891821503639221,0.0,0.0,0.457552969455719,0.9322835803031921,0.0,0.0,0.3617279529571533,0.12033802140094416
366.67944837213736,-170.2346241067092,0.0,4.113720387379269,0.8878139853477478,0.0,0.0,0.460202157497406,0.9297217726707458,0.0,0.0,0.36826255917549133,-0.32810167732919004
367.8101856282128,-170.9318452648504,0.0,4.107810507261954,0.8867122530937195,0.0,0.0,0.4623212516307831,0.9271690845489502,0.0,0.0,0.3746427893638611,0.12063650019474792
368.93706329310237,-171.61391556020686,0.0,4.099324837166474,0.885911762714386,0.0,0.0,0.4638533890247345,0.9246313571929932,0.0,0.0,0.3808630108833313,-0.32767310813244865
370.05816263777854,-172.28030086213414,0.0,4.087906151560241,0.8854465484619141,0.0,0.0,0.46473124623298645,0.9221258163452148,0.0,0.0,0.38688984513282776,0.12121320148799206
371.17087486511633,-172.93155458827712,0.0,4.073197224910663,0.8853635787963867,0.0,0.0,0.46488991379737854,0.9196818470954895,0.0,0.0,0.39266395568847656,-0.32693023304913665
372.27148269821066,-173.57008775794,0.0,4.054840831685153,0.8856915831565857,0.0,0.0,0.46426069736480713,0.9173303246498108,0.0,0.0,0.3981265425682068,0.12214029205493701
373.35616870588836,-174.19840023651815,0.0,4.032479746351117,0.8864649534225464,0.0,0.0,0.46278491616249084,0.9151021838188171,0.0,0.0,0.40322160720825195,-0.3258008853049934
374.4211534012608,-174.81886370927177,0.0,4.005756743375969,0.8877047896385193,0.0,0.0,0.4604042172431946,0.9130284190177917,0.0,0.0,0.40789562463760376,0.12348993866984348
375.4627282881014,-175.43369333566827,0.0,3.974314597227115,0.8894287347793579,0.0,0.0,0.45706668496131897,0.9111396074295044,0.0,0.0,0.41209733486175537,-0.3242128981257584
376.47729881276507,-176.04492145092584,0.0,3.937826335752988,0.8916467428207397,0.0,0.0,0.45272594690322876,0.9094662666320801,0.0,0.0,0.41577741503715515,0.12533278015843577
377.46153279027305,-176.65443526348812,0.0,3.896414454706913,0.8943604230880737,0.0,0.0,0.4473423361778259,0.9080373048782349,0.0,0.0,0.4188891649246216,-0.32212138898201725
378.41246808431123,-177.26400234575635,0.0,3.8505458155177887,0.8975619673728943,0.0,0.0,0.44088447093963623,0.9068803191184998,0.0,0.0,0.421388179063797,0.12764937809728044
379.32752382374053,-177.87525090895406,0.0,3.80069604393446,0.9012341499328613,0.0,0.0,0.4333292543888092,0.9060211181640625,0.0,0.0,0.42323246598243713,-0.31960372375053603
380.2045030768673,-178.48965542621153,0.0,3.747340765705769,0.9053494930267334,0.0,0.0,0.4246644973754883,0.9054834842681885,0.0,0.0,0.4243815839290619,0.13034408911893156
381.0415896490487,-179.1085286595852,0.0,3.6909556065805633,0.909870982170105,0.0,0.0,0.41488900780677795,0.9052862524986267,0.0,0.0,0.42479732632637024,-0.31675598844118225
381.8373394215754,-179.73301971253989,0.0,3.632016192307689,0.9147516489028931,0.0,0.0,0.4040144383907318,0.9054494500160217,0.0,0.0,0.4244462251663208,0.13332082721352118
382.5906667008877,-180.36411766737936,0.0,3.570998148635989,0.9199362397193909,0.0,0.0,0.39206618070602417,0.9059863686561584,0.0,0.0,0.42329975962638855,-0.3136742690638237
383.30082608295953,-181.00266032120572,0.0,3.5083771013143092,0.9253618717193604,0.0,0.0,0.3790832459926605,0.9069044589996338,0.0,0.0,0.4213298559188843,0.1364835063711818
383.9673903586182,-181.64934750368494,0.0,3.4446286760914955,0.9309606552124023,0.0,0.0,0.365118145942688,0.908206582069397,0.0,0.0,0.4185163080692291,-0.310454651628328
384.59022499234294,-182.30475844448733,0.0,3.380228498716393,0.9366610646247864,0.0,0.0,0.3502361476421356,0.9098901152610779,0.0,0.0,0.4148440361022949,0.13973604058204558
385.16945970046527,-182.96937265695271,0.0,3.3156521949378477,0.9423903822898865,0.0,0.0,0.33451423048973083,0.9119458198547363,0.0,0.0,0.41030576825141907,-0.3071932221445631
385.70545763554406,-183.64359381638025,0.0,3.2513753905047005,0.9480770826339722,0.0,0.0,0.3180396556854248,0.9143587350845337,0.0,0.0,0.4049004912376404,0.14298234383624492
386.198782652953,-184.32777613538605,0.0,3.187873711165802,0.9536534547805786,0.0,0.0,0.30090588331222534,0.9171078205108643,0.0,0.0,0.3986349403858185,-0.3039860666223966
386.6501650943455,-185.02225277399327,0.0,3.125622782669996,0.9590572118759155,0.0,0.0,0.28321123123168945,0.9201658368110657,0.0,0.0,0.391525000333786,0.14612633012391193
387.0604664716489,-185.7273658674878,0.0,3.0650982307661225,0.964232861995697,0.0,0.0,0.265055388212204,0.923499584197998,0.0,0.0,0.383595734834671,-0.30092927107169587
387.43064337552613,-186.44349780958254,0.0,3.0067756812030346,0.969133198261261,0.0,0.0,0.2465365082025528,0.9270697832107544,0.0,0.0,0.3748851716518402,0.14907191343517898
387.76171086476427,-187.17100923704794,0.0,2.951130759729574,0.9737195372581482,0.0,0.0,0.22774894535541534,0.9308291077613831,0.0,0.0,0.36545127630233765,-0.29811892150232916
388.0547055186353,-187.9087136370029,0.0,2.898639092094584,0.9779622554779053,0.0,0.0,0.20878000557422638,0.9347295165061951,0.0,0.0,0.35535699129104614,0.15172300776017844
388.3106482536932,-188.65433054723354,0.0,2.849776304046912,0.9818398952484131,0.0,0.0,0.18970978260040283,0.9387280344963074,0.0,0.0,0.3446559011936188,-0.2956511039241639
388.5305069203232,-189.4059881873714,0.0,2.8050180213354023,0.985338032245636,0.0,0.0,0.17061179876327515,0.9427880048751831,0.0,0.0,0.3333902657032013,0.15398352708904256
388.71515860311297,-190.1622490130889,0.0,2.7648398690461344,0.9884485006332397,0.0,0.0,0.15155547857284546,0.9468754529953003,0.0,0.0,0.32159802317619324,-0.2936219043135948
388.8653410572364,-190.9220226512655,0.0,2.7295056108832343,0.9911686182022095,0.0,0.0,0.1326054036617279,0.9509599804878235,0.0,0.0,0.3093116283416748,0.15576808558211833
388.9815965262312,-191.6843017554063,0.0,2.69846846179881,0.993500828742981,0.0,0.0,0.1138228327035904,0.9550135731697083,0.0,0.0,0.2965598702430725,-0.29205437153155317
389.06430080709833,-192.4480660775847,0.0,2.6709878255094295,0.9954514503479004,0.0,0.0,0.09526859223842621,0.9590041041374207,0.0,0.0,0.2833898663520813,0.1571559965058244
389.1142728434887,-193.21255531719538,0.0,2.646323105731661,0.9970310926437378,0.0,0.0,0.07699758559465408,0.9628980159759521,0.0,0.0,0.26986321806907654,-0.29080867861348403
389.1330581547838,-193.97737084554907,0.0,2.6237337061820694,0.998254656791687,0.0,0.0,0.059054307639598846,0.966665506362915,0.0,0.0,0.2560403347015381,0.1582968752709553
389.1221409001147,-194.74199746627897,0.0,2.6024790305772223,0.9991395473480225,0.0,0.0,0.04147383198142052,0.9702818989753723,0.0,0.0,0.2419753223657608,-0.28973521014859277
389.0829194558489,-195.50574954613026,0.0,2.581818482633688,0.9997050762176514,0.0,0.0,0.024283219128847122,0.9737260341644287,0.0,0.0,0.22772040963172913,0.15934033728830552
389.0167506330722,-196.26776053220084,0.0,2.5610114660680314,0.999971866607666,0.0,0.0,0.007502011023461819,0.9769811034202576,0.0,0.0,0.21332311630249023,-0.2886843507260849
388.9249899104217,-197.02697575441192,0.0,2.539317384596823,0.9999608397483826,0.0,0.0,-0.00885595940053463,0.9800335764884949,0.0,0.0,0.19882944226264954,0.1604359979686696
388.8090268258424,-197.78215429457498,0.0,2.516015444886857,0.9996929168701172,0.0,0.0,-0.024782124906778336,0.9828732013702393,0.0,0.0,0.18428052961826324,-0.28750748508416746
388.6702815768499,-198.53204316405157,0.0,2.490966272246563,0.9991888999938965,0.0,0.0,-0.04027220606803894,0.9854928851127625,0.0,0.0,0.16971373558044434,0.1617011076979774
388.51016072862427,-199.2755800741084,0.0,2.4646919046507207,0.9984684586524963,0.0,0.0,-0.05532582849264145,0.9878880977630615,0.0,0.0,0.155164897441864,-0.2861804968217512
388.3300265381517,-200.01190849450697,0.0,2.4377502652143828,0.9975507855415344,0.0,0.0,-0.06994660943746567,0.9900570511817932,0.0,0.0,0.14066404104232788,0.16306179655839853
388.13117034072053,-200.74037970478247,0.0,2.4106992770525957,0.9964538812637329,0.0,0.0,-0.0841405913233757,0.9919995665550232,0.0,0.0,0.12623867392539978,-0.2848142852984286
387.9147887837558,-201.46055269487974,0.0,2.3840968632804165,0.9951945543289185,0.0,0.0,-0.09791702777147293,0.9937175512313843,0.0,0.0,0.1119144856929779,0.16440535280951868
387.6819627648577,-202.17219207138587,0.0,2.3585009470128915,0.9937882423400879,0.0,0.0,-0.1112874448299408,0.9952144622802734,0.0,0.0,0.0977119505405426,-0.2835215622546142
387.4336388980539,-202.8752641201872,0.0,2.334469451365074,0.9922490119934082,0.0,0.0,-0.1242651715874672,0.9964949488639832,0.0,0.0,0.08364946395158768,0.1656190647109236
387.17061331067816,-203.56993115593227,0.0,2.3125602805510703,0.9905895590782166,0.0,0.0,-0.13686582446098328,0.9975650310516357,0.0,0.0,0.06973973661661148,-0.28241503847612914
386.89353354320656,-204.2565058336863,0.0,2.293202674955083,0.9888210892677307,0.0,0.0,-0.14910605549812317,0.9984308481216431,0.0,0.0,0.055997200310230255,0.16659672155920577
386.60294772902444,-204.93531360015115,0.0,2.2763901716230754,0.986953616142273,0.0,0.0,-0.16100415587425232,0.9990993738174438,0.0,0.0,0.04243061691522598,-0.2815659221462298
386.29932463325457,-205.60665970422207,0.0,2.26202416927849,0.9849955439567566,0.0,0.0,-0.1725790947675705,0.999578058719635,0.0,0.0,0.029047951102256775,0.16732227723317472
385.9830634394923,-206.27082449848652,0.0,2.250006066644771,0.9829540252685547,0.0,0.0,-0.18385092914104462,0.9998744130134583,0.0,0.0,0.015853840857744217,-0.2809589472657389
385.65450281772127,-206.92805920088531,0.0,2.240237262445363,0.9808349609375,0.0,0.0,-0.19483977556228638,0.9999959468841553,0.0,0.0,0.0028522107750177383,0.16781565118263975
385.31392934516555,-207.57858207146322,0.0,2.2326191554037083,0.9786431789398193,0.0,0.0,-0.20556609332561493,0.9999504089355469,0.0,0.0,-0.009956130757927895,-0.2805741943848472
384.96158534436563,-208.22257496565067,0.0,2.22705314424325,0.9763821363449097,0.0,0.0,-0.21605053544044495,0.99974524974823,0.0,0.0,-0.02256990596652031,0.16809676285741035
384.59767619582703,-208.8601802314822,0.0,2.2234406276874332,0.9740543365478516,0.0,0.0,-0.22631393373012543,0.9993876218795776,0.0,0.0,-0.03499074652791023,-0.28039174405374534
384.2223771761237,-209.49149792363525,0.0,2.2216830044597002,0.9716613292694092,0.0,0.0,-0.2363768070936203,0.9988845586776733,0.0,0.0,-0.047220002859830856,0.16818553170729583
383.8358398663069,-210.1165833121951,0.0,2.221681673283495,0.9692038297653198,0.0,0.0,-0.24625949561595917,0.9982425570487976,0.0,0.0,-0.0592614971101284,-0.28039167682262384
383.4381981698348,-210.73544466866272,0.0,2.2233380328822614,0.9666814804077148,0.0,0.0,-0.2559819221496582,0.9974678754806519,0.0,0.0,-0.07111933827400208,0.1681018771821056
383.02957397397597,-211.34804131595504,0.0,2.226553481979441,0.9640932679176331,0.0,0.0,-0.26556360721588135,0.9965662360191345,0.0,0.0,-0.0827995091676712,-0.2805540732416733
382.6100824837066,-211.95428193302283,0.0,2.2312294192984807,0.9614375829696655,0.0,0.0,-0.2750231623649597,0.9955430626869202,0.0,0.0,-0.09430865198373795,0.16786571873164902
382.17983725251,-212.5540231082696,0.0,2.2372672435628216,0.9587119817733765,0.0,0.0,-0.2843787968158722,0.9944031834602356,0.0,0.0,-0.10565192997455597,-0.28085901386108447
381.738954930165,-213.1470681391989,0.0,2.2445683534959073,0.9559136033058167,0.0,0.0,-0.2936479449272156,0.9931509494781494,0.0,0.0,-0.11683826148509979,0.16749697580573564
381.2875597435708,-213.73316607868185,0.0,2.2530341478211824,0.9530392289161682,0.0,0.0,-0.302846759557724,0.9917899966239929,0.0,0.0,-0.12787678837776184,-0.2812865792310479
380.8257877228718,-214.3120110309201,0.0,2.26256602526209,0.9500854015350342,0.0,0.0,-0.3119896352291107,0.9903237819671631,0.0,0.0,-0.1387752890586853,0.16701556785417465
380.35379068162473,-214.88324170260762,0.0,2.2730653845420727,0.9470483660697937,0.0,0.0,-0.32109054923057556,0.9887549877166748,0.0,0.0,-0.14954425394535065,-0.2818168499017541
379.8717399564681,-215.4464412169606,0.0,2.2844336243845755,0.9439244866371155,0.0,0.0,-0.330160915851593,0.9870856404304504,0.0,0.0,-0.1601930558681488,0.16644141432677556
379.37982990871177,-216.00113720020894,0.0,2.2965721435130413,0.9407099485397339,0.0,0.0,-0.33921149373054504,0.9853172302246094,0.0,0.0,-0.17073360085487366,-0.28242990642339383
378.87828118746825,-216.54680215181443,0.0,2.309382340650913,0.9374011754989624,0.0,0.0,-0.3482508659362793,0.9834502339363098,0.0,0.0,-0.18117855489253998,0.1657944346733477
378.3673437513728,-217.0828541111092,0.0,2.3227656145216353,0.9339951872825623,0.0,0.0,-0.35728493332862854,0.9814850687980652,0.0,0.0,-0.19153884053230286,-0.2831058293461576
377.8472996436205,-217.6086576342322,0.0,2.336623363848652,0.9304895401000977,0.0,0.0,-0.36631810665130615,0.9794214963912964,0.0,0.0,-0.2018260657787323,0.1650945483437004
377.31845063520115,-218.1235479014835,0.0,2.350856987355404,0.926882266998291,0.0,0.0,-0.37535178661346436,0.9772592186927795,0.0,0.0,-0.21204861998558044,-0.28382469922023595
376.78089526514106,-218.62717758382578,0.0,2.3653678837653382,0.9231724143028259,0.0,0.0,-0.3843857944011688,0.9749979376792908,0.0,0.0,-0.22221440076828003,0.16436167478764313
376.23456729443274,-219.11946293872256,0.0,2.380057451801896,0.9193588495254517,0.0,0.0,-0.39341968297958374,0.9726376533508301,0.0,0.0,-0.23232804238796234,-0.28456659659581973
375.6794184719052,-219.60030863179188,0.0,2.3948270901885214,0.9154410362243652,0.0,0.0,-0.402451753616333,0.9701781272888184,0.0,0.0,-0.2423938512802124,0.1636157334549853
375.1154250357663,-220.0696026742198,0.0,2.409578197648658,0.9114184975624084,0.0,0.0,-0.4114803969860077,0.9676188230514526,0.0,0.0,-0.2524165213108063,-0.28531160202309935
374.54258886538724,-220.5272194841934,0.0,2.4242121729057486,0.9072909951210022,0.0,0.0,-0.42050328850746155,0.964959442615509,0.0,0.0,-0.2623998522758484,0.1628766437955363
373.9609386081802,-220.9730229027637,0.0,2.4386304146832387,0.9030585289001465,0.0,0.0,-0.42951738834381104,0.962199866771698,0.0,0.0,-0.2723448872566223,-0.2860397960522655
373.37053077927857,-221.4068691589007,0.0,2.45273432170457,0.8987215757369995,0.0,0.0,-0.43851980566978455,0.9593397974967957,0.0,0.0,-0.2822541296482086,0.16216432525910537
372.77145083145024,-221.82860977773996,0.0,2.466425292693187,0.8942804932594299,0.0,0.0,-0.4475068151950836,0.9563792943954468,0.0,0.0,-0.2921278476715088,-0.28673125923350873
372.1638141924369,-222.23809442534147,0.0,2.4796047263725325,0.8897364735603333,0.0,0.0,-0.4564744532108307,0.9533183574676514,0.0,0.0,-0.3019668757915497,0.16149869729550204
371.54776726671605,-222.63517368270666,0.0,2.492174021466051,0.8850910663604736,0.0,0.0,-0.4654178023338318,0.9501574039459229,0.0,0.0,-0.31177040934562683,-0.28736607211701976
370.9234883985307,-223.01970174130736,0.0,2.504034576697184,0.880346417427063,0.0,0.0,-0.4743312895298004,0.9468966722488403,0.0,0.0,-0.32153773307800293,0.16089967935453572
370.2911807048855,-223.39154365771398,0.0,2.5151198301544255,0.8755054473876953,0.0,0.0,-0.483208030462265,0.9435372948646545,0.0,0.0,-0.3312661647796631,-0.28792593340273903
369.6509813223711,-223.75062695521498,0.0,2.5257219640301107,0.8705719113349915,0.0,0.0,-0.49204105138778687,0.9400797486305237,0.0,0.0,-0.3409544825553894,0.16036421804768294
369.0029005296352,-224.09696322871716,0.0,2.5363582587566973,0.86555016040802,0.0,0.0,-0.5008222460746765,0.9365252256393433,0.0,0.0,-0.35060012340545654,-0.2884631200050919
368.346815560521,-224.43063405350162,0.0,2.547549471178939,0.8604455590248108,0.0,0.0,-0.5095422863960266,0.9328755140304565,0.0,0.0,-0.360198974609375,0.1597990052990849
367.6824654758269,-224.7517767448019,0.0,2.559816358141592,0.855263888835907,0.0,0.0,-0.5181926488876343,0.9291311502456665,0.0,0.0,-0.3697504699230194,-0.2890826597506804
367.00944623107165,-225.06057050856197,0.0,2.573679676489412,0.8500114679336548,0.0,0.0,-0.5267642736434937,0.9252942800521851,0.0,0.0,-0.379250168800354,0.15909883770576064
366.32720593480934,-225.3572229627688,0.0,2.589660183067153,0.8446950316429138,0.0,0.0,-0.5352479219436646,0.9213663935661316,0.0,0.0,-0.38869526982307434,-0.2898897560424855
365.63504028736725,-225.641956994286,0.0,2.6082786347195723,0.8393213152885437,0.0,0.0,-0.5436356067657471,0.9173492193222046,0.0,0.0,-0.3980834186077118,0.15815851186472935
364.93208818643166,-225.91499790435307,0.0,2.6300557882914224,0.8338971138000488,0.0,0.0,-0.5519199371337891,0.9132438898086548,0.0,0.0,-0.40741318464279175,-0.2909896122834881
364.21732748373756,-226.17656078698485,0.0,2.6555124006274617,0.8284288644790649,0.0,0.0,-0.5600943565368652,0.9090527892112732,0.0,0.0,-0.4166806936264038,0.15687282437301023
363.4895708763061,-226.42683807856315,0.0,2.685169228572443,0.8229227066040039,0.0,0.0,-0.5681533813476562,0.9047769904136658,0.0,0.0,-0.4258853495121002,-0.2924874318766689
362.74746191629407,-226.66598721415335,0.0,2.7195470289711228,0.8173841834068298,0.0,0.0,-0.5760928988456726,0.9004177451133728,0.0,0.0,-0.4350259602069855,0.1551365718276223
361.9894711257118,-226.89411832676612,0.0,2.7591665586682557,0.8118187785148621,0.0,0.0,-0.5839095115661621,0.8959766030311584,0.0,0.0,-0.4441009759902954,-0.29448841822500893
361.213906550727,-227.11127806209262,0.0,2.8044968730381017,0.8062310218811035,0.0,0.0,-0.5916009545326233,0.8914549350738525,0.0,0.0,-0.45310914516448975,0.1528471620109634
360.4192671609581,-227.3173497075932,0.0,2.8547299773476507,0.8006248474121094,0.0,0.0,-0.5991660952568054,0.8868538737297058,0.0,0.0,-0.46204981207847595,-0.2970254436951882
359.60462443727977,-227.51199020236575,0.0,2.9077299863258346,0.7950044870376587,0.0,0.0,-0.6066035628318787,0.8821749687194824,0.0,0.0,-0.4709213972091675,0.1501703938807521
358.769660080447,-227.69468382580715,0.0,2.9612991402868363,0.7893745303153992,0.0,0.0,-0.613912045955658,0.8774210214614868,0.0,0.0,-0.47972074151039124,-0.2997309565215014
357.9146864859964,-227.86480125282657,0.0,3.0132396795448395,0.7837396264076233,0.0,0.0,-0.6210895776748657,0.87259441614151,0.0,0.0,-0.48844510316848755,0.14754713432226707
357.04066677249705,-228.02165837559517,0.0,3.0613538444140254,0.7781054377555847,0.0,0.0,-0.6281337141990662,0.8676990270614624,0.0,0.0,-0.4970895051956177,-0.30216096484822796
356.1492341044696,-228.16457426556565,0.0,3.103443875208577,0.7724783420562744,0.0,0.0,-0.6350409984588623,0.8627393841743469,0.0,0.0,-0.5056484937667847,0.14542137519122914
355.2427045066799,-228.29292812275517,0.0,3.137330869772293,0.7668660879135132,0.0,0.0,-0.6418070793151855,0.857720673084259,0.0,0.0,-0.5141157507896423,-0.3038724292201328
354.32362938785406,-228.4062653075639,0.0,3.162428551041956,0.7612771391868591,0.0,0.0,-0.6484267115592957,0.852648913860321,0.0,0.0,-0.5224840641021729,0.14415381553114512
353.39398341322794,-228.50438583851601,0.0,3.180928834125815,0.7557207345962524,0.0,0.0,-0.6548941135406494,0.8475307822227478,0.0,0.0,-0.5307459831237793,-0.3048067869516408
352.4550615743484,-228.5872908443031,0.0,3.1953028695103622,0.7502065896987915,0.0,0.0,-0.6612035632133484,0.8423726558685303,0.0,0.0,-0.5388951301574707,0.14342785414808717
351.5074575430533,-228.65511790225713,0.0,3.208021807682093,0.7447444796562195,0.0,0.0,-0.6673498153686523,0.8371814489364624,0.0,0.0,-0.546924889087677,-0.3054491575663747
350.5510436221439,-228.70807961612022,0.0,3.2215567991274976,0.7393438816070557,0.0,0.0,-0.673328161239624,0.8319631218910217,0.0,0.0,-0.5548304915428162,0.14274426872155158
349.5849524318492,-228.74640580293533,0.0,3.2383789943330705,0.7340137958526611,0.0,0.0,-0.6791346669197083,0.8267247676849365,0.0,0.0,-0.5626062154769897,-0.30629876338483797
348.6075603640703,-228.77028932894717,0.0,3.260959543785305,0.7287623286247253,0.0,0.0,-0.6847667694091797,0.8214718699455261,0.0,0.0,-0.5702487230300903,0.1416038369310347
347.61649571164463,-228.77983532174895,0.0,3.291693540427118,0.7235968708992004,0.0,0.0,-0.6902227997779846,0.8162097930908203,0.0,0.0,-0.5777553915977478,-0.3078509854374548
346.60917108456067,-228.7750215612878,0.0,3.331177258481322,0.7185237407684326,0.0,0.0,-0.6955024003982544,0.8109433650970459,0.0,0.0,-0.5851245522499084,0.13960970975658
345.58333934637534,-228.75570732694234,0.0,3.3781802187122447,0.7135485410690308,0.0,0.0,-0.7006056308746338,0.8056773543357849,0.0,0.0,-0.592354416847229,-0.3102248723178045
344.53713012410464,-228.72166748205478,0.0,3.431390296977053,0.7086765170097351,0.0,0.0,-0.705533504486084,0.8004165887832642,0.0,0.0,-0.5994438529014587,0.13692233206643817
343.46906124872953,-228.67262608484467,0.0,3.489495369132916,0.703912079334259,0.0,0.0,-0.7102869749069214,0.7951658964157104,0.0,0.0,-0.6063917279243469,-0.31315947192163596
342.37804958192254,-228.60828895992722,0.0,3.551183311036996,0.6992597579956055,0.0,0.0,-0.7148674726486206,0.7899293899536133,0.0,0.0,-0.6131977438926697,0.13380677944502
341.26342121040886,-228.52837528743348,0.0,3.615141998546461,0.6947238445281982,0.0,0.0,-0.7192763686180115,0.784712016582489,0.0,0.0,-0.6198605895042419,-0.3163897086645382
340.12492093725865,-228.43264812530046,0.0,3.6800593075184778,0.6903083920478821,0.0,0.0,-0.7235150337219238,0.7795184254646301,0.0,0.0,-0.6263793110847473,0.13052812747673628
338.9627209554986,-228.3209436569745,0.0,3.744623113810215,0.6860178709030151,0.0,0.0,-0.7275844812393188,0.774354100227356,0.0,0.0,-0.6327524185180664,-0.3196505069621006
337.7774285544342,-228.19319885313806,0.0,3.8075212932788363,0.681856632232666,0.0,0.0,-0.7314856648445129,0.7692247629165649,0.0,0.0,-0.6389780640602112,0.12735145174599777
336.570092683827,-228.049477154009,0.0,3.8674417217815087,0.6778292059898376,0.0,0.0,-0.7352190613746643,0.764135479927063,0.0,0.0,-0.6450554728507996,-0.32267679122991233
335.34220918649584,-227.88999172024228,0.0,3.923072275175399,0.6739403605461121,0.0,0.0,-0.7387853264808655,0.7590931057929993,0.0,0.0,-0.6509817242622375,0.12454182783721543
334.09572450684874,-227.71512576742157,0.0,3.9731008293176737,0.6701945066452026,0.0,0.0,-0.7421850562095642,0.7541036009788513,0.0,0.0,-0.6567549705505371,-0.32520348588356257
332.8330376921248,-227.5254494933127,0.0,4.0162152600655,0.6665958166122437,0.0,0.0,-0.7454188466072083,0.7491732835769653,0.0,0.0,-0.6623735427856445,0.12236433133479996
331.55700029232315,-227.3217330915971,0.0,4.051104182409973,0.6631484627723694,0.0,0.0,-0.7484874725341797,0.7443091869354248,0.0,0.0,-0.6678346395492554,-0.3269655526686369
330.2706272427266,-227.10490585695243,0.0,4.077366063692837,0.6598557829856873,0.0,0.0,-0.7513918280601501,0.7395176887512207,0.0,0.0,-0.6731367707252502,0.1210379736942512
328.97624358615235,-226.87589503034613,0.0,4.097280922385813,0.6567206382751465,0.0,0.0,-0.7541336417198181,0.7348057627677917,0.0,0.0,-0.6782772541046143,-0.32797135361272656
327.6753184944431,-226.63555378454302,0.0,4.1136203530932836,0.653744637966156,0.0,0.0,-0.7567149996757507,0.7301793098449707,0.0,0.0,-0.6832552552223206,0.12021274992114658
326.36845706284385,-226.38461862241112,0.0,4.129155950419632,0.6509283781051636,0.0,0.0,-0.759138822555542,0.725645124912262,0.0,0.0,-0.6880688071250916,-0.3287559797403199
325.055399624628,-226.12367509016772,0.0,4.146646790703281,0.6482710838317871,0.0,0.0,-0.7614092230796814,0.7212083339691162,0.0,0.0,-0.6927177309989929,0.1193293741492451
323.73531389201185,-225.85319152566726,0.0,4.167926504899451,0.6457708477973938,0.0,0.0,-0.7635309100151062,0.7168749570846558,0.0,0.0,-0.6972013115882874,-0.3298307127805305
322.407286629302,-225.57361189106484,0.0,4.1932838866185635,0.6434243321418762,0.0,0.0,-0.7655094265937805,0.7126505374908447,0.0,0.0,-0.7015188932418823,0.11804869830484549
321.0703739372978,-225.28537137369503,0.0,4.222861043519416,0.6412268877029419,0.0,0.0,-0.7673510909080505,0.7085400819778442,0.0,0.0,-0.7056702971458435,-0.33132450858360385
319.72360546520224,-224.98890388609527,0.0,4.2568000832608055,0.6391724348068237,0.0,0.0,-0.7690632343292236,0.704548716545105,0.0,0.0,-0.7096554040908813,0.1163346053886137
318.36598899811116,-224.68465028804343,0.0,4.295243113501525,0.6372538208961487,0.0,0.0,-0.7706537246704102,0.7006815075874329,0.0,0.0,-0.7134739756584167,-0.3332660757674786
316.9965154634046,-224.37306741686533,0.0,4.338332241900372,0.6354625821113586,0.0,0.0,-0.7721314430236816,0.6969436407089233,0.0,0.0,-0.7171255946159363,0.11415838678261131
315.6141644044799,-224.05463802328575,0.0,4.386209576116137,0.6337887048721313,0.0,0.0,-0.7735059857368469,0.6933401823043823,0.0,0.0,-0.7206100225448608,-0.335684122950093
314.217909975829,-223.72988172206135,0.0,4.439017223807623,0.6322207450866699,0.0,0.0,-0.7747880816459656,0.689876914024353,0.0,0.0,-0.7239264249801636,0.1114913338688999
312.8067275194823,-223.39936707963824,0.0,4.496897292633621,0.6307461261749268,0.0,0.0,-0.7759889960289001,0.6865563988685608,0.0,0.0,-0.7270762920379639,-0.33860735874938575
311.37959177848614,-223.06370263663945,0.0,4.559991890252925,0.629350483417511,0.0,0.0,-0.7771213054656982,0.683375358581543,0.0,0.0,-0.7300669550895691,0.10830473802954105
309.93527240140537,-222.7229656175127,0.0,4.6283580970575695,0.628019392490387,0.0,0.0,-0.7781974673271179,0.6803259253501892,0.0,0.0,-0.732909619808197,-0.34206019747689304
308.47286490175605,-222.37672685951304,0.0,4.700205056007833,0.6267390251159668,0.0,0.0,-0.7792291045188904,0.6773996353149414,0.0,0.0,-0.7356151938438416,0.10467610373912373
306.99257465136407,-222.0247698729445,0.0,4.77195189123141,0.6254968643188477,0.0,0.0,-0.780226469039917,0.6745882630348206,0.0,0.0,-0.7381941080093384,-0.3456837750134374
305.4957357749779,-221.66712879267956,0.0,4.839944286991452,0.6242812275886536,0.0,0.0,-0.7811994552612305,0.671883761882782,0.0,0.0,-0.7406566143035889,0.10124214435730344
303.98479369653177,-221.30409157889028,0.0,4.900527927551101,0.6230815052986145,0.0,0.0,-0.7821566462516785,0.6692783832550049,0.0,0.0,-0.7430116534233093,-0.3487435548396823
302.4632867563107,-220.9362059158948,0.0,4.9500504970823265,0.6218879818916321,0.0,0.0,-0.7831059098243713,0.6667647957801819,0.0,0.0,-0.7452681064605713,0.09874100448198903
300.93527915896937,-220.56415405219067,0.0,4.986654735854111,0.6206918954849243,0.0,0.0,-0.7840543389320374,0.6643356084823608,0.0,0.0,-0.7474343180656433,-0.35059225376755015
299.40379683925033,-220.18837853931356,0.0,5.013581822721419,0.6194851398468018,0.0,0.0,-0.7850080728530884,0.6619839072227478,0.0,0.0,-0.7495179176330566,0.09738105059980173
297.870569507635,-219.80901405303806,0.0,5.034971982148167,0.6182607412338257,0.0,0.0,-0.7859728932380676,0.6597030758857727,0.0,0.0,-0.7515262961387634,-0.35167256484970916
296.336050411294,-219.42588257523994,0.0,5.054965438598275,0.6170120239257812,0.0,0.0,-0.7869535684585571,0.6574862003326416,0.0,0.0,-0.7534665465354919,0.0963712800720185
294.7994360186625,-219.03848534610725,0.0,5.0777024165356615,0.6157331466674805,0.0,0.0,-0.787954568862915,0.6553272604942322,0.0,0.0,-0.7553450465202332,-0.35282089706876907
293.2586860814983,-218.64599162825633,0.0,5.10732146488807,0.6144183874130249,0.0,0.0,-0.7889801859855652,0.6532192230224609,0.0,0.0,-0.757168710231781,0.09487536853906858
291.7109585720278,-218.24733150941967,0.0,5.146577471556399,0.6130626797676086,0.0,0.0,-0.7900340557098389,0.6511565446853638,0.0,0.0,-0.7589433789253235,-0.35480352366817963
290.15378665507865,-217.84148742003336,0.0,5.1943365126382925,0.6116610169410706,0.0,0.0,-0.7911199331283569,0.6491327881813049,0.0,0.0,-0.7606750726699829,0.09246329575715478
288.5852757464939,-217.4275462200545,0.0,5.248786508774483,0.6102085113525391,0.0,0.0,-0.7922407984733582,0.6471418142318726,0.0,0.0,-0.7623695135116577,-0.35755352347303776
287.004095049594,-217.00470105592842,0.0,5.308115380605695,0.6087007522583008,0.0,0.0,-0.7933998703956604,0.6451779007911682,0.0,0.0,-0.764032244682312,0.08946688808891173
285.4094690443398,-216.5722546712126,0.0,5.370511048772658,0.6071332693099976,0.0,0.0,-0.7946000099182129,0.6432348489761353,0.0,0.0,-0.7656688094139099,-0.3607048198451066
283.801168884152,-216.12962430725517,0.0,5.434161433916101,0.6055017709732056,0.0,0.0,-0.7958438992500305,0.6413070559501648,0.0,0.0,-0.7672843337059021,0.08625222217257628
282.17950367893275,-215.6763483364616,0.0,5.497254456676756,0.6038022637367249,0.0,0.0,-0.7971341609954834,0.6393886208534241,0.0,0.0,-0.7688837051391602,-0.36389133614614977
280.5453116651735,-215.21209476655315,0.0,5.557978037695341,0.6020305156707764,0.0,0.0,-0.7984731197357178,0.637474536895752,0.0,0.0,-0.7704713940620422,0.08318537464638509
278.8999512850816,-214.73667173924977,0.0,5.614520097612592,0.6001828908920288,0.0,0.0,-0.799862802028656,0.6355590224266052,0.0,0.0,-0.7720523476600647,-0.3667469957379301
277.24527645978,-214.25003544431627,0.0,5.6651225927649325,0.5982555150985718,0.0,0.0,-0.80130535364151,0.633637547492981,0.0,0.0,-0.7736300826072693,0.08062969307303453
275.5833056506297,-213.75220706606748,0.0,5.7091362829989745,0.5962448120117188,0.0,0.0,-0.802802562713623,0.6317048072814941,0.0,0.0,-0.7752090692520142,-0.368969909386114
273.91591766035526,-213.2431886679837,0.0,5.746951023518052,0.5941473245620728,0.0,0.0,-0.8043562173843384,0.6297564506530762,0.0,0.0,-0.776792585849762,0.07871985769328316
272.24484198293965,-212.7229613216871,0.0,5.778996745162003,0.5919592976570129,0.0,0.0,-0.8059677481651306,0.6277880072593689,0.0,0.0,-0.7783843874931335,-0.3705883801762126
270.5716609872936,-212.19148619148473,0.0,5.805703378770665,0.5896774530410767,0.0,0.0,-0.8076386451721191,0.6257957220077515,0.0,0.0,-0.7799869775772095,0.0773710378140578
268.89781215086185,-211.648705182021,0.0,5.827500855183883,0.5872988700866699,0.0,0.0,-0.8093698620796204,0.6237754225730896,0.0,0.0,-0.7816035151481628,-0.37168926282334486
267.2245903251231,-211.0945411319075,0.0,5.844819105241497,0.5848209261894226,0.0,0.0,-0.8111622333526611,0.6217235326766968,0.0,0.0,-0.7832367420196533,0.07649637872023901
265.55315001683454,-210.5288975411553,0.0,5.858088059783343,0.5822417140007019,0.0,0.0,-0.8130154609680176,0.6196369528770447,0.0,0.0,-0.7848885655403137,-0.37235941204263007
263.88450767068946,-209.95165782470542,0.0,5.867737649649262,0.5795602202415466,0.0,0.0,-0.8149291276931763,0.6175122857093811,0.0,0.0,-0.7865611910820007,0.0760090256967077
262.2195439408203,-209.36268408829446,0.0,5.874197805679097,0.5767766237258911,0.0,0.0,-0.816901683807373,0.6153466701507568,0.0,0.0,-0.7882564663887024,-0.3726856825491873
260.5590059402763,-208.76181542625088,0.0,5.877898458712687,0.5738919973373413,0.0,0.0,-0.8189308643341064,0.6131371855735779,0.0,0.0,-0.7899763584136963,0.07582212402834454
258.90347392917533,-208.14885243575154,0.0,5.879395925662953,0.570908784866333,0.0,0.0,-0.8210134506225586,0.610881507396698,0.0,0.0,-0.7917219400405884,-0.3727613121931401
257.25303593603434,-207.5234274144977,0.0,5.880417541719762,0.5678303241729736,0.0,0.0,-0.8231454491615295,0.6085769534111023,0.0,0.0,-0.793494701385498,0.07577052725779859
255.6071185351007,-206.8849172934188,0.0,5.883325067975827,0.5646613240242004,0.0,0.0,-0.8253226280212402,0.6062213778495789,0.0,0.0,-0.795295774936676,-0.37290815695354745
253.9644957125786,-206.2324163728749,0.0,5.890486524573239,0.5614070892333984,0.0,0.0,-0.8275396823883057,0.6038121581077576,0.0,0.0,-0.7971264719963074,0.07540883753065658
252.32329924058413,-205.56470711617786,0.0,5.904269931654085,0.5580738186836243,0.0,0.0,-0.829791247844696,0.6013466715812683,0.0,0.0,-0.7989881038665771,-0.3736042886242972
250.68102883765636,-204.88022819997178,0.0,5.927043309360456,0.5546680688858032,0.0,0.0,-0.8320715427398682,0.5988221764564514,0.0,0.0,-0.8008819222450256,0.07425866693942568
249.03456219054976,-204.17703953676212,0.0,5.961174677834439,0.5511971712112427,0.0,0.0,-0.8343749642372131,0.5962358117103577,0.0,0.0,-0.8028092980384827,-0.3753280951128822
247.38016493420702,-203.45278384533984,0.0,6.009032057218121,0.5476683378219604,0.0,0.0,-0.8366953730583191,0.5935839414596558,0.0,0.0,-0.8047720193862915,0.07184162757661344
245.71350070624712,-202.70464418267935,0.0,6.072983467653595,0.5440893173217773,0.0,0.0,-0.8390271663665771,0.5908629894256592,0.0,0.0,-0.8067718148231506,-0.37855796432679495
244.02980357693028,-201.92937229978145,0.0,6.154803163292909,0.5404677987098694,0.0,0.0,-0.8413645625114441,0.5880686640739441,0.0,0.0,-0.8088108897209167,0.06770931971604194
242.32551533518645,-201.12402437155743,0.0,6.250280388623461,0.5368120074272156,0.0,0.0,-0.8437017798423767,0.585196852684021,0.0,0.0,-0.8108910918235779,-0.38338004641419654
240.59920765003284,-200.2864656325424,0.0,6.351738361160998,0.5331311821937561,0.0,0.0,-0.8460325598716736,0.5822435021400452,0.0,0.0,-0.8130142688751221,0.0625851796888936
238.85155952719603,-199.41548027836922,0.0,6.451457948956967,0.5294358730316162,0.0,0.0,-0.8483498692512512,0.5792062878608704,0.0,0.0,-0.8151808381080627,-0.38841638923217475
237.08532263403396,-198.51089503806776,0.0,6.54172002006282,0.525738537311554,0.0,0.0,-0.8506461381912231,0.5760890245437622,0.0,0.0,-0.8173867464065552,0.058026489229002054
235.30527166430096,-197.5741635765168,0.0,6.614859992432028,0.5220527052879333,0.0,0.0,-0.8529131412506104,0.5729012489318848,0.0,0.0,-0.8196241855621338,-0.39211032723061967
233.51712693676384,-196.60837337305955,0.0,6.66710791068189,0.5183918476104736,0.0,0.0,-0.8551430702209473,0.5696534514427185,0.0,0.0,-0.8218847513198853,0.05538770547900912
231.72582346864314,-195.6166129970262,0.0,6.7011179727954255,0.5147688984870911,0.0,0.0,-0.8573287725448608,0.5663559436798096,0.0,0.0,-0.8241605758666992,-0.3938280071353437
229.93536392202876,-194.6017284599463,0.0,6.720144900294147,0.5111961364746094,0.0,0.0,-0.8594638705253601,0.5630192756652832,0.0,0.0,-0.8264435529708862,0.05442674954473026
228.1488340874083,-193.5662556922161,0.0,6.727443414699563,0.5076851844787598,0.0,0.0,-0.8615424633026123,0.5596538782119751,0.0,0.0,-0.8287261724472046,-0.3941966189740011
226.36841822857937,-192.5123578129485,0.0,6.7262682375331835,0.5042466521263123,0.0,0.0,-0.8635594844818115,0.5562692880630493,0.0,0.0,-0.831001877784729,0.054486101926870645
224.59541409016705,-191.44176807090324,0.0,6.719874090316526,0.50089031457901,0.0,0.0,-0.8655105829238892,0.5528743863105774,0.0,0.0,-0.8332645297050476,-0.3938736822458871
222.8302474320525,-190.3557389960086,0.0,6.711515694571095,0.49762505292892456,0.0,0.0,-0.8673920631408691,0.5494785904884338,0.0,0.0,-0.8355077505111694,0.05490824312613485
221.0724860127489,-189.25499802662387,0.0,6.704447771818407,0.49445873498916626,0.0,0.0,-0.8692009449005127,0.5460895299911499,0.0,0.0,-0.8377266526222229,-0.3935167164502968
219.32085299605072,-188.13970966847447,0.0,6.701925043579967,0.49139830470085144,0.0,0.0,-0.8709346652030945,0.5427151322364807,0.0,0.0,-0.8399166464805603,0.05503565364322777
217.57323980210614,-187.00944409727242,0.0,6.707202231377291,0.4884500503540039,0.0,0.0,-0.8725916147232056,0.5393624305725098,0.0,0.0,-0.8420736193656921,-0.3937832410865253
215.8267184654491,-185.8631520382542,0.0,6.7235340567318875,0.48561912775039673,0.0,0.0,-0.8741702437400818,0.536037266254425,0.0,0.0,-0.8441940546035767,0.05421081397885419
214.07781374423067,-184.69932000925547,0.0,6.753169204079526,0.48291024565696716,0.0,0.0,-0.8756697177886963,0.5327463746070862,0.0,0.0,-0.8462746739387512,-0.3952799657000424
212.3238430044912,-183.51686927866666,0.0,6.793189340855412,0.48032712936401367,0.0,0.0,-0.877089262008667,0.529495358467102,0.0,0.0,-0.848312497138977,0.0521895949497691
210.56332921746912,-182.31548701588,0.0,6.839021879087133,0.47787320613861084,0.0,0.0,-0.8784286975860596,0.5262895822525024,0.0,0.0,-0.8503050208091736,-0.39759474035821013
208.79598297025066,-181.09567218787225,0.0,6.886093484868973,0.4755512475967407,0.0,0.0,-0.8796877861022949,0.5231345891952515,0.0,0.0,-0.8522497415542603,0.0498122411224034
207.02268432463788,-179.85877262749213,0.0,6.929832363816482,0.47336357831954956,0.0,0.0,-0.8808669447898865,0.5200356245040894,0.0,0.0,-0.8541443347930908,-0.3998037746484883
205.24514749517942,-178.60678854615972,0.0,6.966915035299966,0.47131192684173584,0.0,0.0,-0.8819664716720581,0.5169980525970459,0.0,0.0,-0.8559863567352295,0.04793937892626787
203.4650195890565,-177.34175097850704,0.0,6.9975181823949715,0.4693974256515503,0.0,0.0,-0.8829869627952576,0.5140268802642822,0.0,0.0,-0.8577738404273987,-0.4013493881381351
201.68372754680593,-176.06560143625495,0.0,7.022427348810175,0.4676203429698944,0.0,0.0,-0.883929431438446,0.5111274719238281,0.0,0.0,-0.8595045208930969,0.04668134021842929
199.90248154122173,-174.78018030642514,0.0,7.042428078254249,0.46598026156425476,0.0,0.0,-0.8847951292991638,0.5083044171333313,0.0,0.0,-0.8611770272254944,-0.40235952598884595
198.12227831012217,-173.48721669099214,0.0,7.058305914435873,0.4644758701324463,0.0,0.0,-0.8855858445167542,0.5055630803108215,0.0,0.0,-0.8627892732620239,0.04587942930016553
196.34390440286865,-172.18831977705435,0.0,7.07084640106372,0.46310484409332275,0.0,0.0,-0.8863034844398499,0.5029075741767883,0.0,0.0,-0.8643398284912109,-0.40299288389934335
194.56793932441036,-170.88497180438716,0.0,7.080835081846463,0.4618598520755768,0.0,0.0,-0.8869429230690002,0.5003424882888794,0.0,0.0,-0.865827202796936,0.045374950472754305
192.7947585641997,-169.57852267872804,0.0,7.089057500492783,0.4607417583465576,0.0,0.0,-0.8875172138214111,0.4978722929954529,0.0,0.0,-0.8672500252723694,-0.40340815756834936
191.02453650058152,-168.27018626444286,0.0,7.09629920071135,0.45974496006965637,0.0,0.0,-0.8880292773246765,0.49550101161003113,0.0,0.0,-0.8686071634292603,0.0450092080374731
189.25724917418904,-166.96103837941826,0.0,7.103345726210839,0.45886266231536865,0.0,0.0,-0.8884826898574829,0.4932326674461365,0.0,0.0,-0.8698972463607788,-0.4037640426945862
187.49267692647902,-165.6520165081671,0.0,7.110982620699927,0.45808687806129456,0.0,0.0,-0.888881504535675,0.49107134342193604,0.0,0.0,-0.8711192607879639,0.04462350629559997
185.73040690180568,-164.34392124626413,0.0,7.119995427887291,0.4574086368083954,0.0,0.0,-0.8892303109169006,0.48902109265327454,0.0,0.0,-0.8722718358039856,-0.4042192349767763
183.9698354133671,-163.0374194903638,0.0,7.131169691481603,0.45681771636009216,0.0,0.0,-0.8895344138145447,0.4870854616165161,0.0,0.0,-0.8733541965484619,0.04405914954841256
182.21017195039528,-161.7330507081739,0.0,7.145283736918924,0.45630279183387756,0.0,0.0,-0.8897995948791504,0.4852665066719055,0.0,0.0,-0.8743661642074585,-0.40493206555441885
180.4505498148752,-160.43129621404148,0.0,7.162666451916738,0.45585131645202637,0.0,0.0,-0.890032172203064,0.4835606813430786,0.0,0.0,-0.8753107786178589,0.04318123464953311
178.6901388875222,-159.1320446871981,0.0,7.182940533354494,0.45545053482055664,0.0,0.0,-0.8902386426925659,0.4819597601890564,0.0,0.0,-0.8761932849884033,-0.40595600906137624
176.92814171135603,-157.83441277428227,0.0,7.205666798978921,0.4550890326499939,0.0,0.0,-0.8904248476028442,0.4804563522338867,0.0,0.0,-0.8770185708999634,0.042033443456380215
175.16386394714897,-156.53753890067622,0.0,7.230406066536748,0.45475631952285767,0.0,0.0,-0.8905962109565735,0.4790424406528473,0.0,0.0,-0.8777916431427002,-0.4072054670188422
173.39671746402732,-155.24063440816397,0.0,7.256719153774707,0.4544428586959839,0.0,0.0,-0.8907575011253357,0.47771069407463074,0.0,0.0,-0.8785170912742615,0.04070449965648332
171.62621868433442,-153.94298077233063,0.0,7.284166878439531,0.4541400969028473,0.0,0.0,-0.8909131288528442,0.47645458579063416,0.0,0.0,-0.8791990280151367,-0.4085917157392879
169.85198713014748,-152.64392729416616,0.0,7.312310058277952,0.45384013652801514,0.0,0.0,-0.8910670280456543,0.4752669930458069,0.0,0.0,-0.8798416256904602,0.03928312693737113
168.0737441755525,-151.34288927647006,0.0,7.3407095110366996,0.45353591442108154,0.0,0.0,-0.8912228941917419,0.47414132952690125,0.0,0.0,-0.8804486989974976,-0.41002603153518424
166.291312009767,-150.03934669748435,0.0,7.3689260544625075,0.4532209634780884,0.0,0.0,-0.8913840055465698,0.47307124733924866,0.0,0.0,-0.8810240626335144,0.037858048986572745
164.50461281691824,-148.732843395371,0.0,7.396520506302105,0.45288944244384766,0.0,0.0,-0.8915531635284424,0.4720509350299835,0.0,0.0,-0.8815711140632629,-0.41141969071900225
162.7136681787058,-147.42298677768918,0.0,7.423053684302225,0.4525362253189087,0.0,0.0,-0.8917330503463745,0.4710747301578522,0.0,0.0,-0.8820931911468506,0.036517989491617164
160.91859870632373,-146.10944806990292,0.0,7.4480864062095975,0.45215660333633423,0.0,0.0,-0.8919259309768677,0.470136821269989,0.0,0.0,-0.8825933933258057,-0.41268396960321296
159.11962390786206,-144.79196311615237,0.0,7.4711794897709565,0.4517466127872467,0.0,0.0,-0.8921338319778442,0.4692321717739105,0.0,0.0,-0.8830747008323669,0.035351672140033374
157.31706229695598,-143.47033374403313,0.0,7.491893752733031,0.45130258798599243,0.0,0.0,-0.8923584818840027,0.4683555066585541,0.0,0.0,-0.8835398554801941,-0.4137301445002874
155.5113317476982,-142.14442970294755,0.0,7.509790012842552,0.45082151889801025,0.0,0.0,-0.8926013708114624,0.4675023555755615,0.0,0.0,-0.8839916586875916,0.03444782061935042
153.70295009976962,-140.81419118270793,0.0,7.524429087846252,0.4503006339073181,0.0,0.0,-0.8928638100624084,0.46666789054870605,0.0,0.0,-0.8844324350357056,-0.4144694917226965
151.89252129287507,-139.47962104927734,0.0,7.535433085221593,0.44973719120025635,0.0,0.0,-0.8931470513343811,0.465847909450531,0.0,0.0,-0.8848646283149719,0.033892063176151455
150.08048603397896,-138.14060307402076,0.0,7.543466779429649,0.44912877678871155,0.0,0.0,-0.8934522271156311,0.4650382399559021,0.0,0.0,-0.8852904438972473,-0.41487523385441655
148.26691356802692,-136.79674775596493,0.0,7.550067103235218,0.44847285747528076,0.0,0.0,-0.8937804102897644,0.4642348885536194,0.0,0.0,-0.8857119679450989,0.033558713489001524
146.45149593580575,-135.4473853143178,0.0,7.556797836171557,0.4477669298648834,0.0,0.0,-0.8941327333450317,0.4634343385696411,0.0,0.0,-0.886131227016449,-0.4152151698613024
144.63354782914993,-134.0915614416298,0.0,7.565222757771931,0.44700831174850464,0.0,0.0,-0.8945103883743286,0.4626329839229584,0.0,0.0,-0.8865497708320618,0.0331332123980736
142.81200558373837,-132.72803106023895,0.0,7.576905647569598,0.4461941719055176,0.0,0.0,-0.8949145078659058,0.46182781457901,0.0,0.0,-0.8869693279266357,-0.4158052148005785
140.98542530103455,-131.35525005640795,0.0,7.593410285097818,0.4453212022781372,0.0,0.0,-0.8953465819358826,0.46101558208465576,0.0,0.0,-0.8873918652534485,0.03229964484614328
139.1519800848555,-129.97136494694445,0.0,7.61630044988985,0.444385826587677,0.0,0.0,-0.8958081007003784,0.46019330620765686,0.0,0.0,-0.8878185749053955,-0.41696128372946906
137.30958409150963,-128.5742974889484,0.0,7.646610089412022,0.44338369369506836,0.0,0.0,-0.8963009715080261,0.45935797691345215,0.0,0.0,-0.888251006603241,0.030768854971286175
135.4569198834985,-127.16252082534282,0.0,7.681100113297467,0.44230982661247253,0.0,0.0,-0.8968272805213928,0.45850706100463867,0.0,0.0,-0.8886905908584595,-0.4187032041277239
133.5939394530036,-125.73545570946162,0.0,7.714466934556214,0.4411628544330597,0.0,0.0,-0.8973987102508545,0.4576380252838135,0.0,0.0,-0.8891384601593018,0.02908366197842016
131.7218751072401,-124.29350411992705,0.0,7.741393564037295,0.4399312734603882,0.0,0.0,-0.8980085253715515,0.45674875378608704,0.0,0.0,-0.8895955681800842,-0.4200631349095966
129.84325028316113,-122.8380878579419,0.0,7.756563012589719,0.43860724568367004,0.0,0.0,-0.8986602425575256,0.45583727955818176,0.0,0.0,-0.8900628089904785,0.028317528213146148
127.96189352716274,-121.37169450097014,0.0,7.754658291062518,0.43718189001083374,0.0,0.0,-0.8993579745292664,0.4549020528793335,0.0,0.0,-0.8905410766601562,-0.4199669368526673
126.08295554063317,-119.89793033960798,0.0,7.730362410304707,0.43564489483833313,0.0,0.0,-0.9001063704490662,0.4539421796798706,0.0,0.0,-0.8910307884216309,0.029544592897884137
124.21292903771734,-118.42157950340827,0.0,7.678358381165313,0.4339846074581146,0.0,0.0,-0.9009103178977966,0.4529559016227722,0.0,0.0,-0.8915324807167053,-0.41734047073451613
122.35928971429206,-116.94836391435486,0.0,7.594889638424168,0.4321880340576172,0.0,0.0,-0.9017753601074219,0.451936811208725,0.0,0.0,-0.8920495510101318,0.03376018596561875
120.5293872013777,-115.48368426592897,0.0,7.48287174912594,0.43024152517318726,0.0,0.0,-0.9027072191238403,0.4508713483810425,0.0,0.0,-0.8925885558128357,-0.41168300157803994
118.73123384728149,-114.03225724546165,0.0,7.3470032410742085,0.4281332492828369,0.0,0.0,-0.9037103056907654,0.44974616169929504,0.0,0.0,-0.893156111240387,0.04062223182681729
116.97188151193913,-112.598083700947,0.0,7.1919826603923305,0.4258538782596588,0.0,0.0,-0.9047876596450806,0.44854986667633057,0.0,0.0,-0.8937575221061707,-0.40385367932137944
115.25693721901682,-111.18441045847113,0.0,7.022508553203669,0.42339617013931274,0.0,0.0,-0.9059411287307739,0.4472731053829193,0.0,0.0,-0.8943971991539001,0.04918153016967902
113.59054255258424,-109.79368711659417,0.0,6.843279465631584,0.4207550883293152,0.0,0.0,-0.907171368598938,0.4459080994129181,0.0,0.0,-0.8950785994529724,-0.3948017052015772
111.97537821231502,-108.42751917160159,0.0,6.6589939437994365,0.41792723536491394,0.0,0.0,-0.9084780812263489,0.4444483518600464,0.0,0.0,-0.8958044052124023,0.058488879757161216
110.41269018514168,-107.08661875933105,0.0,6.47435053383059,0.4149109125137329,0.0,0.0,-0.9098600745201111,0.4428887963294983,0.0,0.0,-0.8965765833854675,-0.38547628045567583
108.90233382994172,-105.77075414500432,0.0,6.294047781848397,0.4117055833339691,0.0,0.0,-0.9113153219223022,0.44122540950775146,0.0,0.0,-0.8973962068557739,0.06759507935222148
107.44283232373658,-104.47869886022514,0.0,6.122784233976238,0.4083116948604584,0.0,0.0,-0.9128412008285522,0.43945473432540894,0.0,0.0,-0.8982647061347961,-0.3768266063207183
106.03144634682673,-103.2081810850421,0.0,5.965258436337467,0.40473031997680664,0.0,0.0,-0.9144349694252014,0.43757331371307373,0.0,0.0,-0.8991826176643372,0.07555092771781596
104.66425255381431,-101.9558335118124,0.0,5.826168935055443,0.40096259117126465,0.0,0.0,-0.9160935282707214,0.43557828664779663,0.0,0.0,-0.900150716304779,-0.3698018840337474
103.33649388179123,-100.71739265092701,0.0,5.709071019903796,0.39700934290885925,0.0,0.0,-0.9178138375282288,0.433466374874115,0.0,0.0,-0.9011695981025696,0.08146496383658602
102.04375467317773,-99.48871194242722,0.0,5.612736764587481,0.39287087321281433,0.0,0.0,-0.9195930361747742,0.4312345087528229,0.0,0.0,-0.9022397398948669,-0.3649365176036305
100.78226862671137,-98.2660476613708,0.0,5.534687498204621,0.38854697346687317,0.0,0.0,-0.921428382396698,0.4288787841796875,0.0,0.0,-0.9033618569374084,0.08540684597713455
99.5489215790131,-97.04607980101227,0.0,5.472444545834351,0.38403668999671936,0.0,0.0,-0.9233174324035645,0.4263952672481537,0.0,0.0,-0.904536783695221,-0.3617929341505866
98.3412471711479,-95.82593325348289,0.0,5.423529232555805,0.3793383836746216,0.0,0.0,-0.9252576231956482,0.42377984523773193,0.0,0.0,-0.9057650566101074,0.08787731634473789
97.1574160320045,-94.60319947682638,0.0,5.38546288344812,0.37444964051246643,0.0,0.0,-0.9272468686103821,0.42102789878845215,0.0,0.0,-0.9070475101470947,-0.3598703912663601
95.99621884178393,-93.37595884889963,0.0,5.3557668235904305,0.369367390871048,0.0,0.0,-0.9292830228805542,0.41813498735427856,0.0,0.0,-0.9083847403526306,0.08937711734765152
94.85704345274016,-92.14280390088557,0.0,5.331962378061871,0.36408793926239014,0.0,0.0,-0.9313641786575317,0.41509637236595154,0.0,0.0,-0.9097773432731628,-0.35866814654269547
93.73984613207598,-90.9028635970009,0.0,5.311570871941575,0.35860687494277954,0.0,0.0,-0.9334882497787476,0.41190728545188904,0.0,0.0,-0.9112256765365601,0.09040699139413111
92.64511694831282,-89.65582878371508,0.0,5.29211363030868,0.3529193699359894,0.0,0.0,-0.9356533885002136,0.4085633456707001,0.0,0.0,-0.9127299189567566,-0.3576854575713372
91.5738393440562,-88.40197887230616,0.0,5.2711119782423195,0.3470200002193451,0.0,0.0,-0.937857449054718,0.4050602912902832,0.0,0.0,-0.9142898917198181,0.09146768089243218
90.52744402261628,-87.14220974341262,0.0,5.2460872408216295,0.3409031629562378,0.0,0.0,-0.9400981664657593,0.4013946056365967,0.0,0.0,-0.9159051179885864,-0.3564215819440296
89.50775045019108,-85.8780539974551,0.0,5.214596765177796,0.3345630168914795,0.0,0.0,-0.9423731565475464,0.39756307005882263,0.0,0.0,-0.9175746440887451,0.09305810895525207
88.51663394846484,-84.61135063132689,0.0,5.175661212860414,0.3279936611652374,0.0,0.0,-0.9446796178817749,0.3935631215572357,0.0,0.0,-0.9192973375320435,-0.3544551399077982
87.55563788676655,-83.34377683474243,0.0,5.130239388071199,0.32118889689445496,0.0,0.0,-0.9470148682594299,0.38939306139945984,0.0,0.0,-0.9210714101791382,0.09535214051026292
86.62596195206308,-82.07680456325743,0.0,5.079423440001226,0.3141419291496277,0.0,0.0,-0.9493758082389832,0.3850518465042114,0.0,0.0,-0.9228947162628174,-0.3518886778840622
85.72848001748233,-80.8116883929484,0.0,5.024305517841571,0.3068453371524811,0.0,0.0,-0.9517592787742615,0.380538672208786,0.0,0.0,-0.9247646927833557,0.0981358739526697
84.86376047643692,-79.5494529092435,0.0,4.965977770783311,0.2992907166481018,0.0,0.0,-0.9541618824005127,0.37585368752479553,0.0,0.0,-0.9266786575317383,-0.34894283207303894
84.03208875296312,-78.29087974334713,0.0,4.905532348017519,0.2914685606956482,0.0,0.0,-0.9565803408622742,0.37099623680114746,0.0,0.0,-0.9286340475082397,0.10118867308225518
83.23349259271832,-77.03649480966065,0.0,4.8440613987352705,0.28336793184280396,0.0,0.0,-0.9590111970901489,0.3659628927707672,0.0,0.0,-0.9306291341781616,-0.34583823867494556
82.46802317384845,-75.78668448633398,0.0,4.782657072127645,0.2749769985675812,0.0,0.0,-0.9614506959915161,0.3607460558414459,0.0,0.0,-0.9326637387275696,0.1042899016988019
81.73610668188117,-74.54184678640698,0.0,4.72241151738572,0.26628443598747253,0.0,0.0,-0.9638944864273071,0.3553377389907837,0.0,0.0,-0.9347376823425293,-0.34279553388999984
81.03803053366052,-73.30212019849581,0.0,4.664324118731383,0.2572799026966095,0.0,0.0,-0.9663369059562683,0.3497301936149597,0.0,0.0,-0.9368501305580139,0.10722360870154618
80.37398322902493,-72.06751350344504,0.0,4.608705194955733,0.24795494973659515,0.0,0.0,-0.9687714576721191,0.34391534328460693,0.0,0.0,-0.9390003681182861,-0.3399864973356741
79.74411430898259,-70.83798937105823,0.0,4.5555548589094785,0.23830364644527435,0.0,0.0,-0.9711905717849731,0.33788537979125977,0.0,0.0,-0.9411870837211609,0.10990796910792267
79.14854357784465,-69.61346751574672,0.0,4.504871730721069,0.2283235490322113,0.0,0.0,-0.9735851883888245,0.331632524728775,0.0,0.0,-0.9434084892272949,-0.3374267433867645
78.58736960086983,-68.3938273187926,0.0,4.456654430518954,0.21801643073558807,0.0,0.0,-0.9759448766708374,0.32514914870262146,0.0,0.0,-0.9456626176834106,0.11234318628984763
78.0606777516514,-67.17891031698186,0.0,4.410901578431585,0.20738936960697174,0.0,0.0,-0.9782583713531494,0.31842732429504395,0.0,0.0,-0.947947084903717,-0.3351159932813418
77.56854784694592,-65.96852256527745,0.0,4.367611794587416,0.19645506143569946,0.0,0.0,-0.9805126786231995,0.3114597797393799,0.0,0.0,-0.9502592086791992,0.11452953900925006
77.11106140537053,-64.76243688095276,0.0,4.326783699114897,0.18523308634757996,0.0,0.0,-0.9826944470405579,0.3042389452457428,0.0,0.0,-0.952595591545105,-0.3330539682574772
76.68830856518291,-63.56039497635488,0.0,4.288415912142482,0.17375008761882782,0.0,0.0,-0.9847896099090576,0.29675745964050293,0.0,0.0,-0.9549527764320374,0.11646730602805891
76.30039469521469,-62.36210948724262,0.0,4.252507053798619,0.16204045712947845,0.0,0.0,-0.9867839813232422,0.28900855779647827,0.0,0.0,-0.9573265314102173,-0.3312403895532417
75.9474467319448,-61.16726590342261,0.0,4.21905574421176,0.15014660358428955,0.0,0.0,-0.9886636137962341,0.28098544478416443,0.0,0.0,-0.9597121477127075,0.11815676610820333
75.62961927468183,-59.9755244082027,0.0,4.188060603510358,0.1381191909313202,0.0,0.0,-0.9904155135154724,0.27268144488334656,0.0,0.0,-0.9621044993400574,-0.3296749784067063
75.34710046986899,-58.78652163298915,0.0,4.159520251822864,0.12601697444915771,0.0,0.0,-0.992027997970581,0.26409077644348145,0.0,0.0,-0.9644978642463684,0.11959819801161217
75.10011771463306,-57.59987233317542,0.0,4.133433309277726,0.11390724778175354,0.0,0.0,-0.9934912919998169,0.2552081346511841,0.0,0.0,-0.9668861031532288,-0.3283574560559418
74.88894320887005,-56.415170991302915,0.0,4.109798396003403,-0.10186425596475601,0.0,0.0,0.9947981834411621,0.2460285872220993,0.0,0.0,-0.9692624807357788,0.12079188050021439
74.71389938439269,-55.23199335331821,0.0,4.088614132128339,-0.08996989578008652,0.0,0.0,0.9959443211555481,0.2365480363368988,0.0,0.0,-0.9716196656227112,-0.32728754373901936
74.57536423896192,-54.04989790361186,0.0,4.069879137780991,-0.07831180840730667,0.0,0.0,0.9969288110733032,0.22676311433315277,0.0,0.0,-0.9739498496055603,0.12173809233593902
74.4737766023808,-52.868427284393235,0.0,4.0535920330898065,-0.06698251515626907,0.0,0.0,0.9977540969848633,0.21667195856571198,0.0,0.0,-0.9762443900108337,-0.32646496269401004
74.4096413612503,-51.68710966483802,0.0,4.039751438183241,-0.05607840046286583,0.0,0.0,0.9984263181686401,0.20629142224788666,0.0,0.0,-0.9784905910491943,0.12243711228071508
74.38342227636068,-50.50546006534373,0.0,4.028355973189741,-0.045698635280132294,0.0,0.0,0.998955249786377,-0.19568340480327606,0.0,0.0,0.9806671142578125,-0.3258894341589848
74.39340393374825,-49.32298164213059,0.0,4.019404258237762,-0.03593529015779495,0.0,0.0,0.9993540644645691,-0.18493682146072388,0.0,0.0,0.982750415802002,0.12288921909647157
74.43588956848377,-48.13916693735376,0.0,4.012894913455751,-0.02686544694006443,0.0,0.0,0.9996390342712402,-0.17413683235645294,0.0,0.0,0.9847214818000793,-0.32556067937201455
74.50721696477703,-46.9534990998154,0.0,4.008826558972166,-0.018552010878920555,0.0,0.0,0.9998278021812439,-0.16336415708065033,0.0,0.0,0.9865658283233643,0.1230946915451375
74.60381599564327,-45.765453081317936,0.0,4.007197814915453,-0.01104481890797615,0.0,0.0,0.9999387860298157,-0.15269389748573303,0.0,0.0,0.9882735013961792,-0.32547841957117046
74.72218678934301,-44.574496813652736,0.0,4.008007301414067,-0.0043819197453558445,0.0,0.0,0.9999902248382568,-0.1421971619129181,0.0,0.0,0.9898383021354675,0.12305380838864183
74.85887806068659,-43.38009237118672,0.0,4.0112536385964574,0.001409753691405058,0.0,0.0,0.9999988079071045,-0.13194067776203156,0.0,0.0,0.9912574887275696,-0.3256423759945235
75.01046551497394,-42.1816971239914,0.0,4.016935446591075,0.006313431542366743,0.0,0.0,0.9999798536300659,-0.12198736518621445,0.0,0.0,0.9925314784049988,0.12276684838891364
75.17353023247534,-40.97876488645277,0.0,4.025051345526374,0.010321921668946743,0.0,0.0,0.9999465346336365,-0.11239621043205261,0.0,0.0,0.9936633110046387,-0.32605226988014463
75.3446369412695,-39.7707470663026,0.0,4.035599955530805,0.013437265530228615,0.0,0.0,0.999909520149231,-0.10322348773479462,0.0,0.0,0.9946580529212952,0.12223409030788177
75.5203120859444,-38.557093819030406,0.0,4.048579896732817,0.01567011885344982,0.0,0.0,0.9998769760131836,-0.09452313184738159,0.0,0.0,0.9955224990844727,-0.32670782246610486
75.69702159913433,-37.337255212662924,0.0,4.063989789260864,0.017039399594068527,0.0,0.0,0.9998461008071899,-0.0863468125462532,0.0,0.0,0.9962649941444397,0.12145581290747537
75.87114828211345,-36.11068240793774,0.0,4.081828253243397,0.017572779208421707,0.0,0.0,0.9998364448547363,-0.0787448063492775,0.0,0.0,0.9968947172164917,-0.3276087549904752
76.03896869969468,-34.87682885895164,0.0,4.102093908808866,0.017305759713053703,0.0,0.0,0.9998416304588318,-0.07176581770181656,0.0,0.0,0.997421383857727,0.12043229494962338
76.19662949349186,-33.63515153942558,0.0,4.124785376085726,0.016281500458717346,0.0,0.0,0.9998549818992615,-0.06544538587331772,0.0,0.0,0.9978560209274292,-0.3287547886913267
76.34019361007752,-32.385112199804496,0.0,4.149901275202425,-0.01455283910036087,0.0,0.0,-0.9998840093612671,-0.059784382581710815,0.0,0.0,0.998211145401001,0.11916381519625471
76.46730245554707,-31.126178660497676,0.0,4.177440226287416,-0.012170289643108845,0.0,0.0,-0.99991774559021,-0.0547594353556633,0.0,0.0,0.9984993934631348,-0.33014564480673025
76.57731103201588,-29.857826146662184,0.0,4.207400849469153,-0.009182327426970005,0.0,0.0,-0.999951183795929,-0.05034805089235306,0.0,0.0,0.9987314939498901,0.11765065240929834
76.66960089670816,-28.579544958511594,0.0,4.239760907698387,-0.005631171632558107,0.0,0.0,-0.9999787211418152,-0.04652905464172363,0.0,0.0,0.9989166855812073,-0.3317799911819441
76.74349081078107,-27.29092861995848,0.0,4.274210505686817,-0.0015543983317911625,0.0,0.0,-0.9999944567680359,-0.04328228160738945,0.0,0.0,0.9990625381469727,0.11591077372301398
76.7982390461185,-25.991738375114764,0.0,4.310230172080504,0.003013998968526721,0.0,0.0,-0.9999918341636658,-0.04058895632624626,0.0,0.0,0.9991756677627563,-0.3335991662523323
76.83305319259098,-24.681905600722107,0.0,4.347295687399226,0.008043439127504826,0.0,0.0,-0.999964714050293,-0.038431450724601746,0.0,0.0,0.9992609620094299,0.11403877799984616
76.84710087225213,-23.361532393194036,0.0,4.384882832162755,0.013505872339010239,0.0,0.0,-0.9999064207077026,0.03679317981004715,0.0,0.0,-0.9993226528167725,-0.33549750689695496
76.83952127682727,-22.030891737085632,0.0,4.422467386890869,0.019375236704945564,0.0,0.0,-0.9998103380203247,0.035658400505781174,0.0,0.0,-0.9993638396263123,0.11214056816509291
76.80943757118702,-20.690427229016382,0.0,4.459525132103342,0.02562682330608368,0.0,0.0,-0.9996699094772339,0.035012245178222656,0.0,0.0,-0.999382734298706,-0.3373691101905142
76.7559701960853,-19.340752330531835,0.0,4.4955318483199465,0.0322367288172245,0.0,0.0,-0.9994788765907288,0.034840941429138184,0.0,0.0,-0.9993886351585388,0.11032204714405225
76.67825109262425,-17.982649123969892,0.0,4.529963316060461,0.03918154537677765,0.0,0.0,-0.9992310404777527,0.035130880773067474,0.0,0.0,-0.9993779063224792,-0.33910807320771186
76.5754388586207,-16.61706654714973,0.0,4.562295315844658,0.04643789678812027,0.0,0.0,-0.9989203810691833,0.03586908057332039,0.0,0.0,-0.999352216720581,0.10868911786202207
76.44673454272582,-15.245115271196529,0.0,4.592013057734982,0.05398198217153549,0.0,0.0,-0.9985412359237671,0.037042997777462006,0.0,0.0,-0.999309778213501,-0.3406089692627787
76.29138691444577,-13.867971302611348,0.0,4.6189159024820645,0.06178939342498779,0.0,0.0,-0.9980885982513428,0.03864061459898949,0.0,0.0,-0.9992495775222778,0.10733038832934114
76.1086849312143,-12.486760773858549,0.0,4.643183328263701,0.069834865629673,0.0,0.0,-0.9975579977035522,0.04065009579062462,0.0,0.0,-0.9991702437400818,-0.34183459682750783
75.89795430625185,-11.102552159627923,0.0,4.665017586589259,0.07809220254421234,0.0,0.0,-0.9969456195831299,0.043059974908828735,0.0,0.0,-0.9990696907043457,0.1062276480098685
75.65855417911689,-9.71635547752442,0.0,4.684620928968105,0.08653418719768524,0.0,0.0,-0.9962484240531921,0.045858822762966156,0.0,0.0,-0.998945415019989,-0.34282466462441924
75.38987344381044,-8.32912166026513,0.0,4.702195606909598,0.09513244777917862,0.0,0.0,-0.9954643249511719,0.04903547465801239,0.0,0.0,-0.9987947344779968,0.1053400380128234
75.09132674102912,-6.941742107313763,0.0,4.717943871923107,0.10385751724243164,0.0,0.0,-0.9945918917655945,0.05257926881313324,0.0,0.0,-0.9986146092414856,-0.34362003154429344
74.76235012128095,-5.555048422594615,0.0,4.732067975517997,0.1126789003610611,0.0,0.0,-0.9936312437057495,0.056479405611753464,0.0,0.0,-0.9984017610549927,0.10462669944742492
74.40239638551742,-4.169812343779752,0.0,4.7447701692036315,0.12156494706869125,0.0,0.0,-0.9925833344459534,0.060725096613168716,0.0,0.0,-0.9981527328491211,-0.34426155647791135
74.01093010968539,-2.7867458676503762,0.0,4.756252704489376,0.13048310577869415,0.0,0.0,-0.9914503693580627,0.06530599296092987,0.0,0.0,-0.99786376953125,0.10404677342289237
73.58742235915497,-1.4065015751918128,0.0,4.766717832884597,0.13939988613128662,0.0,0.0,-0.9902361035346985,0.07020945101976395,0.0,0.0,-0.9975309371948242,-0.3447900983160538
73.13134535759565,-0.029673096016002074,0.0,4.7763678058986585,0.148281067609787,0.0,0.0,-0.9889451861381531,0.07541398704051971,0.0,0.0,-0.9971510767936707,0.1035594010484448
72.64248674329104,1.3432824339093616,0.0,4.785404875040923,0.15709272027015686,0.0,0.0,-0.9875837564468384,0.08088681846857071,0.0,0.0,-0.9967222213745117,-0.3452465159495015
72.12157343420228,2.7121974784953546,0.0,4.794031291820759,0.16580449044704437,0.0,0.0,-0.9861586093902588,0.08659479022026062,0.0,0.0,-0.9962426424026489,0.10312372343330156
71.56950279637886,4.077005001177197,0.0,4.802444320009781,0.17438963055610657,0.0,0.0,-0.984676718711853,0.0925062894821167,0.0,0.0,-0.9957112073898315,-0.34567141636308846
70.98717184674753,5.437676656742527,0.0,4.810776126853107,0.18282483518123627,0.0,0.0,-0.9831454753875732,0.0985913798213005,0.0,0.0,-0.9951272010803223,0.10270292510788104
70.37547896481996,6.794209077843408,0.0,4.819113236754183,0.1910899579524994,0.0,0.0,-0.9815725684165955,0.10482191294431686,0.0,0.0,-0.9944903254508972,-0.3460924825197085
69.73532148871809,8.146623028994936,0.0,4.827541231499558,0.19916756451129913,0.0,0.0,-0.9799655079841614,0.11117125302553177,0.0,0.0,-0.9938006401062012,0.1022772688076096
69.06759348015315,9.494962835112176,0.0,4.836145692875782,0.20704278349876404,0.0,0.0,-0.9783318638801575,0.11761441081762314,0.0,0.0,-0.9930586814880371,-0.3465270512760834
68.37318376089742,10.839295814802087,0.0,4.845012202669407,0.21470294892787933,0.0,0.0,-0.9766793251037598,0.1241278350353241,0.0,0.0,-0.9922656416893005,0.10182946528267903
67.65297422375446,12.179711718363563,0.0,4.854226342666985,0.222137451171875,0.0,0.0,-0.97501540184021,0.1306895613670349,0.0,0.0,-0.9914227724075317,-0.3469924118820217
66.90783842099593,13.516322170385228,0.0,4.863873694655065,0.22933728992938995,0.0,0.0,-0.9733471274375916,0.137279212474823,0.0,0.0,-0.990531861782074,0.10134222528328102
66.1386404333041,14.849260116766619,0.0,4.874039840420196,0.23629510402679443,0.0,0.0,-0.9716814160346985,0.1438775658607483,0.0,0.0,-0.9895950555801392,-0.3475058535873313
65.34623402243906,16.1786792759329,0.0,4.884810361748933,0.2430046945810318,0.0,0.0,-0.9700251817703247,0.15046682953834534,0.0,0.0,-0.9886146187782288,0.10079825955960747
64.53146207113772,17.504753593955705,0.0,4.896270840427827,0.24946093559265137,0.0,0.0,-0.968384861946106,0.15703056752681732,0.0,0.0,-0.987593412399292,-0.34808466564182095
63.69515631415267,18.827676703243682,0.0,4.908506858243427,0.25565963983535767,0.0,0.0,-0.9667668342590332,0.163553386926651,0.0,0.0,-0.9865341782569885,0.10018027886184994
62.83813736485319,20.147661384412867,0.0,4.921603996982284,0.261597216129303,0.0,0.0,-0.9651771187782288,0.17002110183238983,0.0,0.0,-0.9854401350021362,-0.3487461372952986
61.9612150424377,21.464939030906162,0.0,4.935647838430947,0.267270565032959,0.0,0.0,-0.9636214971542358,0.1764206439256668,0.0,0.0,-0.9843145608901978,0.09947099394020023
61.06518900555363,22.77975911588454,0.0,4.95072396437597,0.27267709374427795,0.0,0.0,-0.9621055722236633,0.18273979425430298,0.0,0.0,-0.9831610918045044,-0.3495075577975725
60.15084759965018,24.092391643374487,0.0,4.9669292701428756,0.2778148949146271,0.0,0.0,-0.9606345891952515,0.18896733224391937,0.0,0.0,-0.9819831848144531,0.09865254415399294
59.218942089610934,25.40316398389836,0.0,4.9845033768213405,0.282682865858078,0.0,0.0,-0.9592133164405823,0.1950928270816803,0.0,0.0,-0.9807846546173096,-0.35039513894294955
58.27016768058107,26.712484842493865,0.0,5.003783602970515,0.28728073835372925,0.0,0.0,-0.9578462839126587,0.20110666751861572,0.0,0.0,-0.9795691967010498,0.0976787953585801
57.30516255311601,28.02084258659251,0.0,5.02510916743607,0.29160940647125244,0.0,0.0,-0.9565373659133911,0.20700007677078247,0.0,0.0,-0.978340744972229,-0.3514721876533311
56.32450846832652,29.328803068785305,0.0,5.048819289063678,0.29567086696624756,0.0,0.0,-0.9552898406982422,0.21276475489139557,0.0,0.0,-0.9771032333374023,0.09648131446829689
55.32873263900359,30.637007445430555,0.0,5.07525318669901,0.2994682788848877,0.0,0.0,-0.9541062116622925,0.21839310228824615,0.0,0.0,-0.9758606553077698,-0.3528072329884489
54.31831091213992,31.946169985384014,0.0,5.104750079187736,0.303006112575531,0.0,0.0,-0.9529885053634644,0.22387784719467163,0.0,0.0,-0.9746170043945312,0.09499157242341177
53.29367231883322,33.25707586242331,0.0,5.137649185375526,0.30629026889801025,0.0,0.0,-0.9519379734992981,0.22921222448349,0.0,0.0,-0.9733763933181763,-0.35446880400803427
52.25520506017359,34.57057892429957,0.0,5.174289724108054,0.3093280494213104,0.0,0.0,-0.9509552121162415,0.2343897521495819,0.0,0.0,-0.9721426367759705,0.09314104016419317
51.20326401249886,35.88759943076228,0.0,5.215010914230987,0.31212809681892395,0.0,0.0,-0.9500399231910706,0.23940405249595642,0.0,0.0,-0.9709199070930481,-0.3565254297718188
50.13817985246451,37.20912175238069,0.0,5.260151974590003,0.3147006034851074,0.0,0.0,-0.9491908550262451,0.2442491054534912,0.0,0.0,-0.9697123765945435,0.09086118863090953
49.0602699218586,38.53619202153015,0.0,5.3100521240307685,0.31705746054649353,0.0,0.0,-0.9484062790870667,0.24891875684261322,0.0,0.0,-0.9685242772102356,-0.3590456393395342
47.96985097495374,39.86991572556949,0.0,5.365050577530097,0.3192121386528015,0.0,0.0,-0.9476832151412964,0.2534067928791046,0.0,0.0,-0.9673597812652588,0.0880834889592263
46.86733211912732,41.21136036300172,0.0,5.4251018317746125,0.32117995619773865,0.0,0.0,-0.947018027305603,0.2577067017555237,0.0,0.0,-0.9662231206893921,-0.3620785309680451
45.75352294431453,42.561202206182216,0.0,5.488720004770881,0.3229782283306122,0.0,0.0,-0.9464063048362732,0.2618117928504944,0.0,0.0,-0.9651187658309937,0.08487044991901072
44.6297132414695,43.91965380935973,0.0,5.554082186387351,0.3246263265609741,0.0,0.0,-0.9458422660827637,0.26571497321128845,0.0,0.0,-0.9640514850616455,-0.36537965125170524
43.497677158578384,45.286476174235936,0.0,5.619365466492477,0.32614612579345703,0.0,0.0,-0.9453192353248596,0.26940879225730896,0.0,0.0,-0.9630257487297058,0.08157331456016603
42.35966951948054,46.660991132075765,0.0,5.682746934954707,0.327562153339386,0.0,0.0,-0.9448294639587402,0.27289026975631714,0.0,0.0,-0.9620450735092163,-0.36858073551747444
41.21835498881274,48.04209392345493,0.0,5.742403681642491,0.3289016783237457,0.0,0.0,-0.9443640112876892,0.2761693596839905,0.0,0.0,-0.961108922958374,0.07856034755573249
40.07552085472886,49.428273447010454,0.0,5.796544324938367,0.33018943667411804,0.0,0.0,-0.9439056515693665,0.2792646288871765,0.0,0.0,-0.9602140784263611,-0.3713151114415086
38.9317880654553,50.817875255161404,0.0,5.84443369051113,0.3314540386199951,0.0,0.0,-0.9434546232223511,0.2821944057941437,0.0,0.0,-0.9593570828437805,0.07614169272882526
37.78753982505616,52.20940887999709,0.0,5.886617953210406,0.33272191882133484,0.0,0.0,-0.9430113434791565,0.2849765121936798,0.0,0.0,-0.958534300327301,-0.37344562975965384
36.64297027539378,53.6015622906744,0.0,5.923720372467374,0.33401089906692505,0.0,0.0,-0.942558228969574,0.28762802481651306,0.0,0.0,-0.9577420353889465,0.07426783317039254
35.49809540404458,54.99319765973343,0.0,5.9563642077132295,0.3353404700756073,0.0,0.0,-0.9420881271362305,0.2901655435562134,0.0,0.0,-0.9569764137268066,-0.3750943083074243
34.352762851076946,56.38334706315436,0.0,5.985172718379155,0.3367284834384918,0.0,0.0,-0.9415945410728455,0.292604923248291,0.0,0.0,-0.9562334418296814,0.0728128578842347
33.206660498428086,57.771208142276016,0.0,6.010769163896338,0.33819112181663513,0.0,0.0,-0.9410715103149414,0.29496142268180847,0.0,0.0,-0.9555091261863708,-0.3763870580810194
32.05932374634594,59.15613975151143,0.0,6.033776803695965,0.33974289894104004,0.0,0.0,-0.9405134320259094,0.29724979400634766,0.0,0.0,-0.9547997117042542,0.07165085587415254
30.91014139923488,60.53765761177642,0.0,6.054818897209221,0.3413964807987213,0.0,0.0,-0.9399152994155884,0.29948413372039795,0.0,0.0,-0.9541013240814209,-0.3774497900766384
29.75836009810975,61.91542998569241,0.0,6.074518703867294,0.3431626558303833,0.0,0.0,-0.9392727613449097,0.3016778528690338,0.0,0.0,-0.9534099102020264,0.07065591614394684
28.603087248587013,63.28927338695083,0.0,6.093499483101369,0.3450498580932617,0.0,0.0,-0.9385817050933838,0.3038438558578491,0.0,0.0,-0.9527218341827393,-0.37840841529048064
27.4432924018362,64.65914833272784,0.0,6.112384494342636,0.3470644950866699,0.0,0.0,-0.937839150428772,0.30599454045295715,0.0,0.0,-0.9520332217216492,0.06970212769741824
26.277807051088104,66.02515514473502,0.0,6.131796997022276,0.349210649728775,0.0,0.0,-0.9370425939559937,0.3081415593624115,0.0,0.0,-0.9513404965400696,-0.3793888447187453
25.105322808097597,67.38752980136752,0.0,6.152360250571478,0.35148999094963074,0.0,0.0,-0.9361902475357056,0.3102961480617523,0.0,0.0,-0.9506400227546692,0.0686635795383676
23.924387923512537,68.74663983912312,0.0,6.174697508185645,0.3539019823074341,0.0,0.0,-0.9352813363075256,0.31246909499168396,0.0,0.0,-0.9499279856681824,-0.3805169890426931
22.73343383759241,70.10294436675117,0.0,6.19926727229167,0.35644376277923584,0.0,0.0,-0.9343158006668091,0.3146703839302063,0.0,0.0,-0.9492011666297913,0.06742268236129567
21.530884231274374,71.45686239034819,0.0,6.225934182460465,0.35911011695861816,0.0,0.0,-0.9332942962646484,0.3169097900390625,0.0,0.0,-0.948455810546875,-0.3818638026875818
20.315177672422433,72.80874499455973,0.0,6.254429116415043,0.3618936538696289,0.0,0.0,-0.9322186708450317,0.3191963732242584,0.0,0.0,-0.9476886987686157,0.06598354428278169
19.084765448439253,74.1588772123707,0.0,6.284482951878403,0.36478468775749207,0.0,0.0,-0.93109130859375,0.3215387165546417,0.0,0.0,-0.9468965530395508,-0.38338167316552935
17.83811005733836,75.50747987693828,0.0,6.315826566573555,0.3677714765071869,0.0,0.0,-0.9299156665802002,0.32394471764564514,0.0,0.0,-0.9460761547088623,0.06440053343959223
16.573684378565225,76.85471145753345,0.0,6.3481908382235055,0.37084028124809265,0.0,0.0,-0.9286961555480957,0.326421856880188,0.0,0.0,-0.9452242255210876,-0.3850162323397693
15.289971547550435,78.20066988093703,0.0,6.381306644551266,0.37397536635398865,0.0,0.0,-0.9274382591247559,0.32897695899009705,0.0,0.0,-0.9443379640579224,0.06272801796849325
13.98546556006233,79.5453943389601,0.0,6.414904863279837,0.37715911865234375,0.0,0.0,-0.9261481165885925,0.3316163420677185,0.0,0.0,-0.9434143900871277,-0.38671311207353554
12.658672633897332,80.88886708211317,0.0,6.448716372132231,0.38037222623825073,0.0,0.0,-0.9248331785202026,0.3343455493450165,0.0,0.0,-0.9424506425857544,0.06102036600625116
11.308113356286299,82.23101519883718,0.0,6.482472048831452,0.38359367847442627,0.0,0.0,-0.92350172996521,0.3371692895889282,0.0,0.0,-0.9414439797401428,-0.3884179442300619
9.932325645586507,83.57171237913656,0.0,6.515902771100509,0.3868008255958557,0.0,0.0,-0.9221630692481995,0.34008893370628357,0.0,0.0,-0.9403932094573975,0.059331945689632126
8.529881457987024,84.91078344391269,0.0,6.54873941666241,0.3899696171283722,0.0,0.0,-0.9208275079727173,0.3430948555469513,0.0,0.0,-0.9393007159233093,-0.3900763606725821
7.100231393141854,86.24818723837643,0.0,6.580712863240158,0.3930760622024536,0.0,0.0,-0.9195057153701782,0.3461683392524719,0.0,0.0,-0.938172459602356,0.05771712515540245
5.644256284552157,87.58413632162403,0.0,6.611554839791843,0.3960985541343689,0.0,0.0,-0.9182077050209045,0.34929102659225464,0.0,0.0,-0.9370144009590149,-0.3916340362560006
4.163034846527017,88.91885892305575,0.0,6.641107520174422,0.39901790022850037,0.0,0.0,-0.916942834854126,0.3524453639984131,0.0,0.0,-0.9358325004577637,0.05622456554012073
2.657673902884538,90.2526164775273,0.0,6.669431704614698,0.4018169641494751,0.0,0.0,-0.9157198071479797,0.35561510920524597,0.0,0.0,-0.9346325397491455,-0.39306455062167106
1.129300125513586,91.58570753399265,0.0,6.696613897684878,0.4044804573059082,0.0,0.0,-0.914546549320221,0.35878467559814453,0.0,0.0,-0.9334203004837036,0.05485172750627321
-0.4209425403484164,92.91846650758586,0.0,6.722740603957162,0.4069947600364685,0.0,0.0,-0.913430392742157,0.36193960905075073,0.0,0.0,-0.9322014451026917,-0.3943840812414834
-1.9918952995361567,94.25126251978796,0.0,6.747898328003757,0.4093477725982666,0.0,0.0,-0.9123782515525818,0.36506617069244385,0.0,0.0,-0.9309815168380737,0.05358113538270781
-3.582386770344941,95.58449833131772,0.0,6.77217357439686,0.41152864694595337,0.0,0.0,-0.9113966822624207,0.36815157532691956,0.0,0.0,-0.9297657012939453,-0.3956101037865896
-5.1912350797828735,96.91860937206387,0.0,6.795652847708678,0.4135275185108185,0.0,0.0,-0.9104914665222168,0.37118372321128845,0.0,0.0,-0.9285593032836914,0.05239531349827253
-6.8172497831464245,98.25406287206548,0.0,6.818422652511418,0.4153355062007904,0.0,0.0,-0.9096682071685791,0.3741513192653656,0.0,0.0,-0.9273673892021179,-0.39676009392814215
-8.459233600915269,99.59135709728355,0.0,6.840569493377277,0.4169445037841797,0.0,0.0,-0.9089317917823792,0.37704381346702576,0.0,0.0,-0.9261952042579651,0.05127678618181508
-10.11598396642717,100.93102069365234,0.0,6.86217987487846,0.41834715008735657,0.0,0.0,-0.9082870483398438,0.37985119223594666,0.0,0.0,-0.9250474572181702,-0.39785152733729284
-11.786294378224316,102.27361214268876,0.0,6.883340301587171,0.41953331232070923,0.0,0.0,-0.907731294631958,0.38256391882896423,0.0,0.0,-0.92392897605896,0.05020807776218322
-13.468955551326681,103.61971933174517,0.0,6.904137278075615,0.420501172542572,0.0,0.0,-0.9072784781455994,0.3851730525493622,0.0,0.0,-0.9228443503379822,-0.3989018796851941
-15.162756362009555,104.96995924183886,0.0,6.92465730891599,0.42124438285827637,0.0,0.0,-0.9069316387176514,0.3876701295375824,0.0,0.0,-0.9217981100082397,0.04917171256822489
-16.866484580918495,106.32497775586123,0.0,6.944986898680506,0.4217567443847656,0.0,0.0,-0.9066934585571289,0.3900473713874817,0.0,0.0,-0.9207947850227356,-0.3999286266429979
-18.57892738956194,107.68544958987664,0.0,6.9652125519413595,0.42203229665756226,0.0,0.0,-0.9065662622451782,0.39229702949523926,0.0,0.0,-0.9198384881019592,0.04815021492878785
-20.298871675368456,109.05207835015807,0.0,6.98542077327076,0.42206519842147827,0.0,0.0,-0.9065523743629456,0.39441195130348206,0.0,0.0,-0.918933629989624,-0.4009492438818565
-22.02510410058644,110.42559671857661,0.0,7.005698067240909,0.42184972763061523,0.0,0.0,-0.906653642654419,0.39638522267341614,0.0,0.0,-0.9180841445922852,0.0471261091727197
-23.756410940330127,111.80676676896302,0.0,7.026130938424004,0.42138010263442993,0.0,0.0,-0.9068718552589417,0.398210346698761,0.0,0.0,-0.9172940850257874,-0.4019812070729219
-25.491577685050512,113.19638041709662,0.0,7.046805891392255,0.42065051198005676,0.0,0.0,-0.9072085022926331,0.399880588054657,0.0,0.0,-0.9165672063827515,0.046081919628868595
-27.229388402616898,114.59526000704797,0.0,7.067809430717864,0.41965508460998535,0.0,0.0,-0.9076648354530334,0.40138980746269226,0.0,0.0,-0.9159073233604431,-0.4030419918873466
-28.96862485504301,116.00425903670448,0.0,7.089228060973031,0.4183921217918396,0.0,0.0,-0.908251166343689,0.402731716632843,0.0,0.0,-0.9153180122375488,0.04500017062608236
-30.708065364675615,117.42426302544763,0.0,7.111148286729964,0.4168527126312256,0.0,0.0,-0.9089615941047668,0.40390047430992126,0.0,0.0,-0.9148028492927551,-0.4041490739962826
-32.44648342438874,118.85619052712879,0.0,7.1336566125608645,0.41503143310546875,0.0,0.0,-0.9097970128059387,0.4048900604248047,0.0,0.0,-0.9143651723861694,0.043863386493208645
-34.18264604597896,120.30099429169672,0.0,7.156839543037934,0.41292324662208557,0.0,0.0,-0.9107577204704285,0.4056946039199829,0.0,0.0,-0.9140084981918335,-0.40531992907088205
-35.915308542526134,121.7596597852641,0.0,7.180769874102602,0.4105236232280731,0.0,0.0,-0.9118433594703674,0.40630635619163513,0.0,0.0,-0.9137320518493652,0.042654783914185035
-37.64317714890779,123.23317625589414,0.0,7.205372724484637,0.40782880783081055,0.0,0.0,-0.913053035736084,0.40672212839126587,0.0,0.0,-0.9135451316833496,-0.406562497271995
-39.36488666112575,124.72251850118079,0.0,7.2304832076955305,0.4048358201980591,0.0,0.0,-0.9143849611282349,0.40693536400794983,0.0,0.0,-0.9134499430656433,0.041386577691412685
-41.07900020853823,126.2286461278242,0.0,7.255935157112074,0.4015427827835083,0.0,0.0,-0.9158365726470947,0.40693965554237366,0.0,0.0,-0.9134483337402344,-0.40784794926272955
-42.78400980893824,127.75250280083259,0.0,7.281562406111059,0.39794883131980896,0.0,0.0,-0.9174046516418457,0.40672820806503296,0.0,0.0,-0.9135422706604004,0.04009227218641348
-44.478337406992424,129.2950152179327,0.0,7.307198788069278,0.3940545320510864,0.0,0.0,-0.9190846681594849,0.4062943160533905,0.0,0.0,-0.9137333035469055,-0.4091427160282962
-46.16033640799571,130.8570918024312,0.0,7.332678136363525,0.3898618221282959,0.0,0.0,-0.920871376991272,0.40563341975212097,0.0,0.0,-0.914027750492096,0.03880543641397677
-47.828293718817065,132.43962110788738,0.0,7.357834284370593,0.38537436723709106,0.0,0.0,-0.9227586984634399,0.4047376215457916,0.0,0.0,-0.9144256114959717,-0.4104132285539057
-49.480432307597866,134.0434699282018,0.0,7.382501065467272,0.3805975615978241,0.0,0.0,-0.924739420413971,0.4036003649234772,0.0,0.0,-0.9149287939071655,0.03755963938889201
-51.114914293219925,135.6694811071054,0.0,7.406512313030357,0.37553870677948,0.0,0.0,-0.9268056750297546,0.402214914560318,0.0,0.0,-0.9155393242835999,-0.41162591782476865
-52.72984457477172,137.31847104154403,0.0,7.429701860436637,0.37020713090896606,0.0,0.0,-0.9289483428001404,0.40057438611984253,0.0,0.0,-0.9162588715553284,0.0363884501259486
-54.32327501021069,138.99122687410065,0.0,7.45190354106291,0.3646143674850464,0.0,0.0,-0.9311578869819641,0.39867183566093445,0.0,0.0,-0.9170887470245361,-0.4127472148260955
-55.89320915918694,140.68850337811512,0.0,7.472951222122981,0.35877424478530884,0.0,0.0,-0.933423638343811,0.39650043845176697,0.0,0.0,-0.9180301427841187,0.035325435930995464
-57.437617972685466,142.4110312959104,0.0,7.492729689952769,0.3527030646800995,0.0,0.0,-0.9357346892356873,0.39405325055122375,0.0,0.0,-0.9190835952758789,-0.41374612734275146
-58.95447519564025,144.15955024422993,0.0,7.511277030970842,0.34641942381858826,0.0,0.0,-0.9380791187286377,0.39132416248321533,0.0,0.0,-0.9202491641044617,0.03438870153614332
-60.441764708030874,145.93481465574493,0.0,7.528660064743325,0.3399445712566376,0.0,0.0,-0.9404449462890625,0.38831448554992676,0.0,0.0,-0.9215235114097595,-0.41462405834136173
-61.89770799043803,147.73739240210736,0.0,7.54494561083636,0.33330148458480835,0.0,0.0,-0.9428197741508484,0.3850371837615967,0.0,0.0,-0.9228980541229248,0.033566199208212244
-63.32168907527256,149.5668443777862,0.0,7.560200488816077,0.3265122175216675,0.0,0.0,-0.9451926350593567,0.3815074563026428,0.0,0.0,-0.9243630766868591,-0.4153945067241757
-64.71348297995493,151.42240958285413,0.0,7.574491518248616,0.3195965886116028,0.0,0.0,-0.9475533962249756,0.3777402341365814,0.0,0.0,-0.9259092807769775,0.03284443004495269
-66.0728958842805,153.30332474276244,0.0,7.587885518700107,0.3125728666782379,0.0,0.0,-0.9498934745788574,0.37374958395957947,0.0,0.0,-0.9275275468826294,-0.4160709713934429
-67.39976335152211,155.20882611995248,0.0,7.600449309736689,0.30545753240585327,0.0,0.0,-0.9522054195404053,0.3695490062236786,0.0,0.0,-0.9292093515396118,0.03220989514411521
-68.69394869086057,157.13815113389606,0.0,7.612249710924497,0.2982655465602875,0.0,0.0,-0.9544826745986938,0.3651512861251831,0.0,0.0,-0.930946409702301,-0.416666951251413
-69.95534132822408,159.09053990657674,0.0,7.623353541829662,0.29101046919822693,0.0,0.0,-0.9567196369171143,0.3605690598487854,0.0,0.0,-0.9327309131622314,0.031649095603450306
-71.18385518696401,161.06523673130107,0.0,7.633827622018321,0.28370463848114014,0.0,0.0,-0.9589114785194397,0.3558139503002167,0.0,0.0,-0.9345554113388062,-0.4171959452003352
-72.37942707966384,163.06149146293998,0.0,7.643738771056612,0.27635928988456726,0.0,0.0,-0.9610542058944702,0.35089725255966187,0.0,0.0,-0.9364126324653625,0.031148532520708316
-73.54201511225125,165.0785608278966,0.0,7.653153808510666,0.2689846158027649,0.0,0.0,-0.9631443023681641,0.3458298146724701,0.0,0.0,-0.9382960200309753,-0.4176714521424591
-74.67159710145769,167.11570965227085,0.0,7.662139553946619,0.2615898549556732,0.0,0.0,-0.9651789665222168,0.34062182903289795,0.0,0.0,-0.9401992559432983,0.030694706993639964
-75.7681690065535,169.17221200686166,0.0,7.670762826930606,0.2541835904121399,0.0,0.0,-0.9671558141708374,0.33528316020965576,0.0,0.0,-0.942116379737854,-0.41810697098003413
-76.83174337616595,171.24735226778844,0.0,7.67909044702876,0.2467736005783081,0.0,0.0,-0.9690730571746826,0.32982319593429565,0.0,0.0,-0.9440418481826782,0.030274120119995807
-77.8623478108804,173.34042609165084,0.0,7.687189233807222,0.23936714231967926,0.0,0.0,-0.9709291458129883,0.32425081729888916,0.0,0.0,-0.9459702968597412,-0.41851600061530997
-78.86002344221242,175.4507413042569,0.0,7.695126006832121,0.23197096586227417,0.0,0.0,-0.9727226495742798,0.3185744285583496,0.0,0.0,-0.9478970766067505,0.029873272997526124
-79.82482342843768,177.57761870205337,0.0,7.702967585669589,0.224591463804245,0.0,0.0,-0.9744529128074646,0.31280210614204407,0.0,0.0,-0.9498175382614136,-0.41891203995053566
-80.75681146766337,179.72039276547056,0.0,7.7107807898857725,0.21723468601703644,0.0,0.0,-0.9761192202568054,0.3069414794445038,0.0,0.0,-0.9517277479171753,0.029478666723981528
-81.65606032843115,181.8784122834661,0.0,7.718632439046798,0.20990648865699768,0.0,0.0,-0.9777213335037231,0.3009997606277466,0.0,0.0,-0.9536235928535461,-0.4193085878879612
-82.52265039804718,184.05104088859622,0.0,7.7265893527188005,0.20261254906654358,0.0,0.0,-0.9792588353157043,0.2949836850166321,0.0,0.0,-0.9555016756057739,0.029076802397112744
-83.356668248748,186.23765750198288,0.0,7.734718350467916,0.1953585296869278,0.0,0.0,-0.9807317852973938,0.2888997197151184,0.0,0.0,-0.9573588371276855,-0.41971914332983573
-84.15820522172623,188.43765668755768,0.0,7.743086251860282,0.1881500631570816,0.0,0.0,-0.982140302658081,0.28275394439697266,0.0,0.0,-0.9591920971870422,0.028654181114669997
-84.9273560289598,190.65044891496498,0.0,7.751759876462031,0.18099284172058105,0.0,0.0,-0.9834843277931213,0.2765519320964813,0.0,0.0,-0.9609986543655396,-0.4201572051784089
-85.66421737271254,192.87546073049234,0.0,7.760806043839295,0.17389272153377533,0.0,0.0,-0.9847644567489624,0.27029916644096375,0.0,0.0,-0.9627761840820312,0.028197303974404064
-86.36888658250236,195.11213483535815,0.0,7.770291573558216,0.16685575246810913,0.0,0.0,-0.9859812259674072,0.2640005052089691,0.0,0.0,-0.9645223617553711,-0.42063627233593015
-87.04146033559452,197.35993015010118,0.0,7.780283285184924,0.15988825261592865,0.0,0.0,-0.9871350526809692,0.25766220688819885,0.0,0.0,-0.9662348628044128,0.027692672074065283
-87.68213340340711,199.61844145470454,0.0,7.790847298585665,0.15299659967422485,0.0,0.0,-0.9882266521453857,0.2512911558151245,0.0,0.0,-0.9679113626480103,-0.42116980836627055
-88.29139666586602,201.88762815927888,0.0,7.8020008458345655,0.1461869329214096,0.0,0.0,-0.9892569184303284,0.24489478766918182,0.0,0.0,-0.9695493578910828,0.027129361606949065
-88.86978830391483,204.16749958777052,0.0,7.81368112037266,0.13946489989757538,0.0,0.0,-0.9902269840240479,0.23848015069961548,0.0,0.0,-0.9711470603942871,-0.4217597212217299
-89.41783867239596,206.45804491036563,0.0,7.825817907116617,0.13283587992191315,0.0,0.0,-0.9911379814147949,0.23205427825450897,0.0,0.0,-0.9727025628089905,0.026516392579476522
-89.93607208328073,208.75923271664982,0.0,7.838340990983093,0.12630480527877808,0.0,0.0,-0.991991400718689,0.22562390565872192,0.0,0.0,-0.9742142558097839,-0.4223922002048852
-90.42500851127072,211.07101061048536,0.0,7.85118015688875,0.11987631767988205,0.0,0.0,-0.9927887916564941,0.21919560432434082,0.0,0.0,-0.9756806492805481,0.025867949856968553
-90.88516522141646,213.3933048267254,0.0,7.864265189750249,0.1135546937584877,0.0,0.0,-0.9935317039489746,0.21277573704719543,0.0,0.0,-0.9771007895469666,-0.42305306045041546
-91.31705831823821,215.72601986992726,0.0,7.877525874484251,0.10734397172927856,0.0,0.0,-0.9942218661308289,0.20637066662311554,0.0,0.0,-0.9784735441207886,0.025198218304746223
-91.72120421568809,218.06903817526293,0.0,7.89089199600742,0.10124774277210236,0.0,0.0,-0.9948611855506897,0.19998639822006226,0.0,0.0,-0.9797983169555664,-0.42372811709299973
-92.09812102716276,220.4222197918539,0.0,7.904293339236415,0.09526944160461426,0.0,0.0,-0.9954514503479004,0.19362874329090118,0.0,0.0,-0.9810744524002075,0.024521382788130264
-92.44832987466393,222.7854020887874,0.0,7.917659689087898,0.08941221982240677,0.0,0.0,-0.9959946274757385,0.18730363249778748,0.0,0.0,-0.982301652431488,-0.424403185267317
-92.77235611610489,225.15839948409356,0.0,7.930920830478533,0.08367891609668732,0.0,0.0,-0.9964926838874817,0.18101638555526733,0.0,0.0,-0.9834796786308289,0.023851628172441686
-93.0707304896825,227.54100319697795,0.0,7.94400654832498,0.07807215303182602,0.0,0.0,-0.9969476461410522,0.1747722327709198,0.0,0.0,-0.9846084713935852,-0.4250640801080467
-93.34399017416858,229.9329810236221,0.0,7.956846627543901,0.07259445637464523,0.0,0.0,-0.997361421585083,0.16857655346393585,0.0,0.0,-0.9856882095336914,0.02320313932300122
-93.5926797639276,232.33407713686898,0.0,7.9693708530519505,0.06724780052900314,0.0,0.0,-0.9977362155914307,0.16243404150009155,0.0,0.0,-0.986719012260437,-0.42569661674986736
-93.81735215743699,234.7440119101183,0.0,7.981509009765803,0.06203431636095047,0.0,0.0,-0.998073935508728,0.15634971857070923,0.0,0.0,-0.987701416015625,0.022590101105129823
-94.0185693580725,237.16248176575377,0.0,7.993190882602111,0.05695566534996033,0.0,0.0,-0.9983766078948975,0.15032801032066345,0.0,0.0,-0.988635778427124,-0.4262866103274587
-94.1969031859244,239.58915904842044,0.0,8.004346256477536,0.05201350152492523,0.0,0.0,-0.9986462593078613,0.1443733125925064,0.0,0.0,-0.9895228743553162,0.02202669838414878
-94.35293589943069,242.02369192345958,0.0,8.014904916308744,0.04720977321267128,0.0,0.0,-0.998884916305542,0.13848978281021118,0.0,0.0,-0.9903634786605835,-0.4268198759754994
-94.48726072565117,244.46570430079512,0.0,8.024796647012394,0.04254354164004326,0.0,0.0,-0.9990944862365723,0.1326814591884613,0.0,0.0,-0.9911583662033081,0.021527116025378545
-94.60048229806142,246.91479578454434,0.0,8.03395123350515,-0.03801971301436424,0.0,0.0,0.9992768168449402,0.12695226073265076,0.0,0.0,-0.9919084310531616,-0.4272822288286689
-94.6932170008179,249.37054164860405,0.0,8.042298460703664,-0.03363676369190216,0.0,0.0,0.9994339942932129,0.12130577862262726,0.0,0.0,-0.9926148653030396,0.021105538894140408
-94.76609321853549,251.8324928384309,0.0,8.04976811352461,-0.02939598262310028,0.0,0.0,0.9995676875114441,0.11574558913707733,0.0,0.0,-0.9932786226272583,-0.427659484021646
-94.81975149072531,254.30017599920373,0.0,8.056289976884646,-0.025297997519373894,0.0,0.0,0.9996797442436218,0.11027483642101288,0.0,0.0,-0.9939008951187134,0.02077615185575482
-94.8548445701664,256.7730935305164,0.0,8.061793835700426,-0.021343395113945007,0.0,0.0,0.9997718930244446,0.10489674657583237,0.0,0.0,-0.9944829344749451,-0.4279374566891096
-94.87203738462554,259.2507236677049,0.0,8.066209474888622,-0.01753232255578041,0.0,0.0,0.9998460412025452,-0.09961414337158203,0.0,0.0,0.9950259923934937,0.02055313977554285
-94.87200690149903,261.7325205898646,0.0,8.069466679365885,-0.013865125365555286,0.0,0.0,0.999903678894043,-0.09443001449108124,0.0,0.0,0.9955313205718994,-0.428101961965739
-94.85544190228524,264.2179138309218,0.0,8.071492885313825,-0.010341767221689224,0.0,0.0,0.9999463558197021,-0.08934721350669861,0.0,0.0,0.996000349521637,0.020450806141808497
-94.82304339600995,266.7062636515794,0.0,8.072070324475755,-0.006962083280086517,0.0,0.0,0.9999756217002869,-0.08436793833971024,0.0,0.0,0.9964345097541809,-0.4281311255597759
-94.77552708634312,269.1967907429972,0.0,8.07075366540127,-0.0037258812226355076,0.0,0.0,0.9999929070472717,-0.07949456572532654,0.0,0.0,0.9968351125717163,0.020517304074863296
-94.71362615223525,271.68856980497907,0.0,8.06707770661417,-0.0006330206524580717,0.0,0.0,0.9999996423721313,-0.07472937554121017,0.0,0.0,0.9972037076950073,-0.4279454710755789
-94.63809342851442,274.18052940162,0.0,8.060577246638246,0.0023164511658251286,0.0,0.0,0.9999972581863403,-0.07007436454296112,0.0,0.0,0.997541606426239,0.020845610134253345
-94.54970296258324,276.6714519870205,0.0,8.050787083997307,0.00512207904830575,0.0,0.0,0.9999868273735046,-0.06553157418966293,0.0,0.0,0.9978503584861755,-0.42745101841694555
-94.44925094617506,279.159974100222,0.0,8.037242017215146,0.007782766595482826,0.0,0.0,0.9999696612358093,-0.061102841049432755,0.0,0.0,0.9981313347816467,0.02152970441618063
-94.33755602381372,281.6445867276042,0.0,8.01947684481556,0.010297078639268875,0.0,0.0,0.9999469518661499,-0.05678979307413101,0.0,0.0,0.998386025428772,-0.4265537874876736
-94.21545898300474,284.1236358298553,0.0,7.997026365322359,0.012662630528211594,0.0,0.0,0.9999197721481323,-0.05259404331445694,0.0,0.0,0.9986158609390259,0.022663567016847408
-94.0838218352532,286.59532302931825,0.0,7.969425377259326,0.01487632654607296,0.0,0.0,0.9998892545700073,-0.048517078161239624,0.0,0.0,0.9988222718238831,-0.4251597981915608
-93.94352630172101,289.05770645203125,0.0,7.9362086791502735,0.016934337094426155,0.0,0.0,0.9998565316200256,-0.0445602610707283,0.0,0.0,0.9990065097808838,0.024341178032456112
-93.79547172267425,291.50870171711716,0.0,7.896911069518992,0.018831729888916016,0.0,0.0,0.9998226761817932,-0.04072466865181923,0.0,0.0,0.9991703033447266,-0.4231750704324052
-93.64057241578519,293.94608306435543,0.0,7.851067346889285,0.020562877878546715,0.0,0.0,0.9997886419296265,-0.03701135516166687,0.0,0.0,0.9993147850036621,0.026656517559209003
-93.47975451479147,296.36748460881205,0.0,7.798212309784948,0.022120771929621696,0.0,0.0,0.999755322933197,-0.033421359956264496,0.0,0.0,0.9994412660598755,-0.4205056241140044
-93.31395232692029,298.7704017093017,0.0,7.7378807567297825,0.02349710837006569,0.0,0.0,0.9997153878211975,-0.02995515987277031,0.0,0.0,0.9995511770248413,0.029703565693308343
-93.14410425478275,301.15219243526315,0.0,7.669607486247589,0.024682890623807907,0.0,0.0,0.9996813535690308,-0.026613378897309303,0.0,0.0,0.9996457099914551,-0.41705747914015623
-92.97114833605511,303.5100791143315,0.0,7.592927296862161,0.02566727250814438,0.0,0.0,0.9996535778045654,-0.023396503180265427,0.0,0.0,0.9997261762619019,0.033576302530956226
-92.79601746209471,305.8411499405512,0.0,7.507374987097303,0.026438184082508087,0.0,0.0,0.9996324777603149,-0.020304430276155472,0.0,0.0,0.9997936487197876,-0.41273665541465837
-92.6196343445824,308.1423606207827,0.0,7.412485355476806,0.026981642469763756,0.0,0.0,0.999618411064148,-0.017337264493107796,0.0,0.0,0.9998495578765869,0.038368708168355026
-92.44290628536072,310.4105363130825,0.0,7.307794098241615,0.0272819846868515,0.0,0.0,0.9996115565299988,-0.014494702219963074,0.0,0.0,0.9998948574066162,-0.4074492181805578
-92.26670820648684,312.64252029436074,0.0,7.193310818501176,0.027322014793753624,0.0,0.0,0.9996120929718018,-0.011777900159358978,0.0,0.0,0.9999306201934814,0.044150691993629754
-92.0918458203669,314.835563215761,0.0,7.070296041039334,0.02708268165588379,0.0,0.0,0.9996197819709778,-0.009196463972330093,0.0,0.0,0.9999576807022095,-0.4012363506319799
-91.91943046706115,316.9873866419143,0.0,6.940214290216094,0.026544108986854553,0.0,0.0,0.9996342658996582,-0.006772884167730808,0.0,0.0,0.9999769926071167,0.0507204773887428
-91.75203426217682,319.09618272926895,0.0,6.804530090391496,0.02569006197154522,0.0,0.0,0.9996546506881714,-0.004530139733105898,0.0,0.0,0.9999896287918091,-0.3943836132671012
-91.5923163991224,321.16061343317904,0.0,6.664707965925552,0.02450847066938877,0.0,0.0,0.9996795058250427,-0.0024881907738745213,0.0,0.0,0.9999969005584717,0.05778220084661878
-91.44256753993045,323.1798092995632,0.0,6.522212441178267,0.02299150824546814,0.0,0.0,0.9997193813323975,-0.0006642190273851156,0.0,0.0,0.9999998211860657,-0.38718686959299586
-91.30472313632131,325.1533678987804,0.0,6.37850804050966,0.02113478258252144,0.0,0.0,0.9997633695602417,0.00092737702652812,0.0,0.0,0.9999995827674866,0.0650399988601848
-91.18038516914116,327.0813519591149,0.0,6.23505928827975,-0.01893528923392296,0.0,0.0,-0.999809980392456,0.0022745546884834766,0.0,0.0,0.9999973773956299,-0.37994198311673777
-91.07085103551861,328.9642872550887,0.0,6.093330708848545,-0.016396109014749527,0.0,0.0,-0.9998568892478943,0.0033677369356155396,0.0,0.0,0.9999943375587463,0.0721980079223668
-90.97714837493803,330.80316030189624,0.0,5.954786826576067,-0.01351976953446865,0.0,0.0,-0.999901533126831,0.004199119750410318,0.0,0.0,0.9999911785125732,-0.37294481734540047
-90.90007472097157,332.5994159017499,0.0,5.820892165822326,-0.010310955345630646,0.0,0.0,-0.9999410510063171,0.004762507043778896,0.0,0.0,0.9999855756759644,0.07896036452609106
-90.84024208319416,334.3549175330993,0.0,5.692991061515937,-0.006775983609259129,0.0,0.0,-0.9999723434448242,0.005053527653217316,0.0,0.0,0.9999834895133972,-0.3664851656127545
-90.79812794969197,336.07162013985237,0.0,5.5713736253244885,-0.0029224189929664135,0.0,0.0,-0.9999918937683105,0.005068990867584944,0.0,0.0,0.9999836087226868,0.0851026592832349
-90.77410630293946,337.7514007380418,0.0,5.455783690507819,0.0012411288917064667,0.0,0.0,-0.9999960660934448,-0.004815543536096811,0.0,0.0,-0.9999844431877136,-0.36064729011696317
-90.768466341971,339.3960564683223,0.0,5.345960471176689,0.005705196410417557,0.0,0.0,-0.999981164932251,-0.004274636972695589,0.0,0.0,-0.9999843239784241,0.0906492865221809
-90.78142839004394,341.00730417633235,0.0,5.241643181441865,0.010459606535732746,0.0,0.0,-0.9999432563781738,-0.003455263562500477,0.0,0.0,-0.9999880790710449,-0.35537874013035586
-90.81315734819403,342.5867800834999,0.0,5.14257103541411,0.015493348240852356,0.0,0.0,-0.9998782277107239,-0.0023582999128848314,0.0,0.0,-0.999991774559021,0.09565293026095639
-90.86377395581242,344.1360395381037,0.0,5.048483247204175,0.020794879645109177,0.0,0.0,-0.999782383441925,-0.0009852740913629532,0.0,0.0,-0.9999945759773254,-0.35062683163490466
-90.93336409028292,345.65655683761463,0.0,4.959119030922851,0.026352178305387497,0.0,0.0,-0.9996515512466431,0.0006613110308535397,0.0,0.0,-0.9999953508377075,0.10016627451758897
-91.02198631148714,347.14972511439737,0.0,4.87421760068089,0.03215261548757553,0.0,0.0,-0.9994819760322571,0.002578847110271454,0.0,0.0,-0.9999926686286926,-0.3463388806125834
-91.12967783339789,348.61685627782686,0.0,4.793518170589052,0.038183510303497314,0.0,0.0,-0.9992699027061462,0.004764005076140165,0.0,0.0,-0.9999850392341614,0.10424200331010602
-91.25645908383254,350.05918100672386,0.0,4.716759954758104,0.04443182796239853,0.0,0.0,-0.9990116953849792,0.007212577387690544,0.0,0.0,-0.9999707937240601,-0.3424622030453638
-91.40233699454944,351.4778487867727,0.0,4.643682167298811,0.05088452249765396,0.0,0.0,-0.9987039566040039,0.009920294396579266,0.0,0.0,-0.9999479055404663,0.10793280065653496
-91.56730714706832,352.8739279882634,0.0,4.574024022321935,0.057528648525476456,0.0,0.0,-0.9983434081077576,0.012882574461400509,0.0,0.0,-0.9999144077301025,-0.33894411491521853
-91.75135488472844,354.24840598007876,0.0,4.50752473393824,0.06435135006904602,0.0,0.0,-0.9979270100593567,0.016094021499156952,0.0,0.0,-0.9998680353164673,0.11129135057490339
-91.95445548842338,355.60218927636674,0.0,4.443923516258492,0.07134031504392624,0.0,0.0,-0.9974517226219177,0.019549105316400528,0.0,0.0,-0.9998067617416382,-0.3357319322041201
-92.17657350718125,356.93610374216405,0.0,4.382959679990061,0.07848349213600159,0.0,0.0,-0.9969151020050049,0.023241601884365082,0.0,0.0,-0.9997279644012451,0.11437033220462209
-92.41766354052251,358.25090640782435,0.0,4.324410745299323,0.08576962351799011,0.0,0.0,-0.9963146448135376,0.027165444567799568,0.0,0.0,-0.9996292591094971,-0.3327749153005475
-92.67767519794722,359.5473148595396,0.0,4.268150485148179,0.0931880995631218,0.0,0.0,-0.9956481456756592,0.03131432458758354,0.0,0.0,-0.9995080232620239,0.11721175948498291
-92.95655492733582,360.8260118067811,0.0,4.2140675919896315,0.10072929412126541,0.0,0.0,-0.9949135780334473,0.03568066656589508,0.0,0.0,-0.9993618130683899,-0.33004345605011576
-93.2542467971775,362.0876451168872,0.0,4.1620507582766795,0.10838476568460464,0.0,0.0,-0.9941086769104004,0.04025774821639061,0.0,0.0,-0.9991880059242249,0.11983887229876833
-93.57069291000779,363.3328278628013,0.0,4.111988676462322,0.11614728718996048,0.0,0.0,-0.9932317137718201,0.04503743723034859,0.0,0.0,-0.9989840388298035,-0.32751506807969366
-93.90582638410065,364.56212332885826,0.0,4.06377003899956,0.12401116639375687,0.0,0.0,-0.9922805428504944,0.05000952631235123,0.0,0.0,-0.9987476468086243,0.12227415701910985
-94.25932114530367,365.77551447215325,0.0,4.017283538341389,0.13197223842144012,0.0,0.0,-0.9912532567977905,0.055163342505693436,0.0,0.0,-0.9984763264656067,-0.3251672650161497
-94.63054459629869,366.9723046597666,0.0,3.9724178669408183,0.14002816379070282,0.0,0.0,-0.9901474118232727,0.060489434748888016,0.0,0.0,-0.998167872428894,0.12454010001913865
-95.01887755748794,368.1517985968305,0.0,3.9290617172508453,0.14817804098129272,0.0,0.0,-0.9889605045318604,0.06598027050495148,0.0,0.0,-0.9978200793266296,-0.32297756048635307
-95.42373194602895,369.3133421784707,0.0,3.887103781724466,0.15642251074314117,0.0,0.0,-0.9876900315284729,0.07162969559431076,0.0,0.0,-0.9974304437637329,0.1266591876719861
-95.84454676363724,370.4563167975281,0.0,3.846432752814681,0.1647629588842392,0.0,0.0,-0.9863330125808716,0.07743178308010101,0.0,0.0,-0.9969968795776367,-0.320923468117172
-96.28078423156428,371.5801344299406,0.0,3.8069373229744916,0.17320188879966736,0.0,0.0,-0.9848862886428833,0.08338171243667603,0.0,0.0,-0.99651700258255,0.12865390635078353
-96.73192606418647,372.6842334477428,0.0,3.7685061846568964,0.18174245953559875,0.0,0.0,-0.9833461046218872,0.08947614580392838,0.0,0.0,-0.9959883093833923,-0.31898250153547525
-97.19746987336958,373.7680751136106,0.0,3.731028030314898,0.19038860499858856,0.0,0.0,-0.9817087650299072,0.09571201354265213,0.0,0.0,-0.9954084157943726,0.13054674242866224
-97.67692569648598,374.8311407143875,0.0,3.694391552401494,0.19914478063583374,0.0,0.0,-0.9799700379371643,0.10208794474601746,0.0,0.0,-0.9947748780250549,-0.3171321743681316
-98.16981264166054,375.8729292941231,0.0,3.6584854433696843,0.208015576004982,0.0,0.0,-0.9781253933906555,0.10860219597816467,0.0,0.0,-0.9940848350524902,0.13236018227875365
-98.67565564450872,376.8929559498385,0.0,3.6231983956724707,0.21700625121593475,0.0,0.0,-0.9761700630187988,0.11525405198335648,0.0,0.0,-0.9933356046676636,-0.31535000024200976
-99.1939823312996,377.89075065552424,0.0,3.5884191017628506,0.22612203657627106,0.0,0.0,-0.974098801612854,0.122043177485466,0.0,0.0,-0.9925243854522705,0.13411671227418903
-99.72431998413916,378.8658575818054,0.0,3.5540362540938273,0.2353682965040207,0.0,0.0,-0.9719061255455017,0.12896956503391266,0.0,0.0,-0.9916480779647827,-0.31361349278397826
-100.26619260441575,379.81783488027577,0.0,3.519938545118397,0.24475054442882538,0.0,0.0,-0.9695859551429749,0.13603441417217255,0.0,0.0,-0.9907035827636719,0.13583881878809964
-100.81912039393033,380.7462587154886,0.0,3.4860290990528036,0.25427374243736267,0.0,0.0,-0.9671322107315063,0.14323773980140686,0.0,0.0,-0.9896877408027649,-0.3119008944978372
-101.38263683433046,381.65075416801426,0.0,3.452328831906054,0.2639431357383728,0.0,0.0,-0.964538037776947,0.15058141946792603,0.0,0.0,-0.9885970950126648,0.13754085248237993
-101.95629879673602,382.531007817729,0.0,3.418916148410359,0.27376359701156616,0.0,0.0,-0.961796760559082,0.15806697309017181,0.0,0.0,-0.9874278903007507,-0.3102133852303779
-102.53968821725165,383.38676435158044,0.0,3.3858698417245994,0.2837396264076233,0.0,0.0,-0.9589011073112488,0.1656946837902069,0.0,0.0,-0.9861765503883362,0.13920985787054965
-103.13241365502313,384.21782288997406,0.0,3.353268705007656,0.29387572407722473,0.0,0.0,-0.9558433890342712,0.17346815764904022,0.0,0.0,-0.9848390221595764,-0.30856686317396664
-103.73411179365068,385.0240331537645,0.0,3.321191531418413,0.3041756749153137,0.0,0.0,-0.9526157975196838,0.18138813972473145,0.0,0.0,-0.9834110736846924,0.14082991714273366
-104.34444888814627,385.8052914867628,0.0,3.2897171141157537,0.31464260816574097,0.0,0.0,-0.9492100477218628,0.18945705890655518,0.0,0.0,-0.9818885326385498,-0.30697724613847877
-104.96312215987247,386.56153674730825,0.0,3.258924246258559,0.32527944445610046,0.0,0.0,-0.9456177949905396,0.19767679274082184,0.0,0.0,-0.980266809463501,0.1423851124890566
-105.58986114215398,387.2927460810011,0.0,3.228891721005713,0.3360886573791504,0.0,0.0,-0.9418302178382874,0.2060498297214508,0.0,0.0,-0.9785411357879639,-0.30546045193378957
-106.22442897949247,387.99893058512936,0.0,3.1996983315160983,0.34707146883010864,0.0,0.0,-0.9378385543823242,0.214577317237854,0.0,0.0,-0.9767066836357117,0.1438595260996432
-106.86662368356475,388.68013087369064,0.0,3.1714228709485974,0.35822898149490356,0.0,0.0,-0.9336336255073547,0.22326144576072693,0.0,0.0,-0.9747582674026489,-0.30403239836977436
-107.51627934942032,389.33641255017403,0.0,3.1441441324620927,0.36956074833869934,0.0,0.0,-0.9292064309120178,0.23210470378398895,0.0,0.0,-0.9726904630661011,0.14523724016461817
-108.17326733553158,389.9678615934582,0.0,3.1179409092154673,0.3810648024082184,0.0,0.0,-0.9245482683181763,0.24110867083072662,0.0,0.0,-0.9704978466033936,-0.30270900325630845
-108.83749741158836,390.5745796602979,0.0,3.0928919943676045,0.39273664355278015,0.0,0.0,-0.9196508526802063,0.2502751648426056,0.0,0.0,-0.9681744575500488,0.1465023368741062
-109.50891887815541,391.1566793058994,0.0,3.0690761810773868,0.40456998348236084,0.0,0.0,-0.9145069122314453,0.25960540771484375,0.0,0.0,-0.9657145142555237,-0.30150618440326715
-110.18752166254548,391.7142791220547,0.0,3.0465722625036977,0.4165540039539337,0.0,0.0,-0.9091108441352844,0.26909899711608887,0.0,0.0,-0.9631122350692749,0.1476388984182319
-110.87333739548525,392.24749879018503,0.0,3.025459031805416,0.42867594957351685,0.0,0.0,-0.9034581184387207,0.2787594795227051,0.0,0.0,-0.9603606462478638,-0.30043985962052566
-111.56644047337657,392.7564540444661,0.0,3.0058152821414295,0.4409182071685791,0.0,0.0,-0.8975471258163452,0.28858453035354614,0.0,0.0,-0.9574542045593262,0.14863100698712015
-112.26694911117949,393.2412515379451,0.0,2.987719806670621,0.45325884222984314,0.0,0.0,-0.8913788795471191,0.29857462644577026,0.0,0.0,-0.9543861150741577,-0.2995259467179596
-112.97502639115874,393.7019836022268,0.0,2.9712513985518703,0.46567225456237793,0.0,0.0,-0.8849571347236633,0.30873164534568787,0.0,0.0,-0.9511489272117615,0.14946274477089547
-113.6908813129589,394.1387228888951,0.0,2.956488850944061,0.47812873125076294,0.0,0.0,-0.8782895803451538,0.3190526068210602,0.0,0.0,-0.9477367997169495,-0.298780363505444
-114.41476985068243,394.55151687834257,0.0,2.943510957006076,0.49059435725212097,0.0,0.0,-0.8713879585266113,0.3295366168022156,0.0,0.0,-0.9441425204277039,0.15011819395968262
-115.14699602285566,394.9403822390957,0.0,2.9323965098967992,0.5030311346054077,0.0,0.0,-0.8642681241035461,0.34018024802207947,0.0,0.0,-0.9403600692749023,-0.2982190277928543
-115.88791298138418,395.3052990180612,0.0,2.923224302775112,0.5153989195823669,0.0,0.0,-0.8569501638412476,0.35098159313201904,0.0,0.0,-0.9363822937011719,0.15058143674360622
-116.63792170267382,395.6462035834428,0.0,2.9160637754735594,0.5276541113853455,0.0,0.0,-0.8494591116905212,0.36193758249282837,0.0,0.0,-0.9322022795677185,-0.2978573849998466
-117.39745084466558,395.96297437376404,0.0,2.9109040170367733,0.5397513508796692,0.0,0.0,-0.8418244123458862,0.3730441927909851,0.0,0.0,-0.9278135299682617,0.15084203060404996
-118.16694536077874,396.25542523913435,0.0,2.9076931885373085,0.551643431186676,0.0,0.0,-0.8340799808502197,0.3842965066432953,0.0,0.0,-0.9232096076011658,-0.2976952219443181
-118.94686522949102,396.52330438947274,0.0,2.906379125832256,0.5632822513580322,0.0,0.0,-0.8262644410133362,0.3956877291202545,0.0,0.0,-0.9183850288391113,0.15090839740733544
-119.73768432146318,396.76629342925617,0.0,2.9069096647787065,0.5746192932128906,0.0,0.0,-0.8184207081794739,0.4072124660015106,0.0,0.0,-0.9133334159851074,-0.29772201684060345
-120.53988931743646,396.984006431205,0.0,2.9092326412337477,0.5856062769889832,0.0,0.0,-0.8105955123901367,0.4188532829284668,0.0,0.0,-0.9080539345741272,0.15079107536415157
-121.35397226025522,397.17601674597785,0.0,2.9132958910544704,0.5961951017379761,0.0,0.0,-0.8028395175933838,0.4305696487426758,0.0,0.0,-0.9025574326515198,-0.2979272314780137
-122.18023850216129,397.3426815744541,0.0,2.9190472500979667,0.606342613697052,0.0,0.0,-0.7952033281326294,0.44230300188064575,0.0,0.0,-0.896865725517273,0.1505006026851871
-123.01876981196966,397.4852963885725,0.0,2.9264345542213235,0.6160134673118591,0.0,0.0,-0.7877354025840759,0.45399969816207886,0.0,0.0,-0.8910018801689148,-0.29830032764586
-123.86963580137888,397.60517670345666,0.0,2.935405639281633,0.6251801252365112,0.0,0.0,-0.7804803252220154,0.4656088948249817,0.0,0.0,-0.8849905729293823,0.15004751758113108
-124.73290343688008,397.7036123380376,0.0,2.9459083411359837,0.6338208913803101,0.0,0.0,-0.773479700088501,0.47708624601364136,0.0,0.0,-0.8788565397262573,-0.29883076713345347
-125.6086338160114,397.78187683512186,0.0,2.9578904956414656,0.6419209837913513,0.0,0.0,-0.7667707204818726,0.48838889598846436,0.0,0.0,-0.8726260662078857,0.1494423582626724
-126.49687903331461,397.8412366172013,0.0,2.971299938655169,0.6494698524475098,0.0,0.0,-0.7603872418403625,0.4994800388813019,0.0,0.0,-0.8663253784179688,-0.29950801173010516
-127.39767912773475,397.88295990123123,0.0,2.9860845060341856,0.6564617156982422,0.0,0.0,-0.754359245300293,0.510326087474823,0.0,0.0,-0.8599808812141418,0.14869566294049982
-128.31105910437913,397.9083253921008,0.0,3.0021920336356023,0.6628946661949158,0.0,0.0,-0.7487125396728516,0.5208969712257385,0.0,0.0,-0.853619396686554,-0.3003215232251262
-129.23702602466474,397.91863077113874,0.0,3.019570357316511,0.668769359588623,0.0,0.0,-0.743469774723053,0.5311659574508667,0.0,0.0,-0.8472675681114197,0.1478179698253024
-130.17556615997827,397.9152009927327,0.0,3.038167312934002,0.6740896701812744,0.0,0.0,-0.7386494278907776,0.5411095023155212,0.0,0.0,-0.8409519195556641,-0.30126076340782776
-131.12664220501802,397.89939639898546,0.0,3.0579307363451624,0.6788613796234131,0.0,0.0,-0.7342662811279297,0.5507071018218994,0.0,0.0,-0.8346983194351196,0.14681981712776904
-132.09019054801152,397.8726206592688,0.0,3.078808463407086,0.6830925941467285,0.0,0.0,-0.7303315997123718,0.5599398612976074,0.0,0.0,-0.828532874584198,-0.30231519406752083
-133.06611859598695,397.83632853858154,0.0,3.1007483299768603,0.6867928504943848,0.0,0.0,-0.7268530130386353,0.5687924027442932,0.0,0.0,-0.8224807381629944,0.1457117430585885
-134.05430215423604,397.79203349574,0.0,3.1236981719115766,0.6899735927581787,0.0,0.0,-0.7238343954086304,0.5772491693496704,0.0,0.0,-0.8165676593780518,-0.3034742769935166
-135.05458286003633,397.7413151096529,0.0,3.147605825068323,0.6926473379135132,0.0,0.0,-0.7212762236595154,0.5852971076965332,0.0,0.0,-0.810818612575531,0.1445042858284498
-136.06676567160395,397.68582632922846,0.0,3.172419125304191,0.6948286294937134,0.0,0.0,-0.7191751599311829,0.5929247140884399,0.0,0.0,-0.8052576184272766,-0.3047274739751261
-137.0906164141193,397.627300539851,0.0,3.1980859084762745,0.6965333819389343,0.0,0.0,-0.7175242304801941,0.6001201272010803,0.0,0.0,-0.7999095916748047,0.14320798364804155
-138.12585952839882,397.56755842863384,0.0,3.2245544549363006,0.69777911901474,0.0,0.0,-0.7163127660751343,0.6068744659423828,0.0,0.0,-0.7947974801063538,-0.306064269250885
-139.17222270699156,397.50851206287814,0.0,3.2519188725475137,0.6985814571380615,0.0,0.0,-0.7155223488807678,0.6131753921508789,0.0,0.0,-0.7899465560913086,0.14182594235454593
-140.22954953423718,397.4521664324019,0.0,3.280628598976374,0.6989692449569702,0.0,0.0,-0.7151424884796143,0.6190146207809448,0.0,0.0,-0.7853791117668152,-0.3075142554341608
-141.2978147120535,397.40063066452905,0.0,3.3111861667392746,0.6989634037017822,0.0,0.0,-0.7151491045951843,0.6243850588798523,0.0,0.0,-0.7811164259910583,0.14028263085136913
-142.37712389335823,397.3561216125639,0.0,3.3440941083526026,0.6985881328582764,0.0,0.0,-0.7155148386955261,0.6292960047721863,0.0,0.0,-0.7771654725074768,-0.30917627268735914
-143.46788736645468,397.3202189871634,0.0,3.379854956332747,0.6978676915168762,0.0,0.0,-0.7162120342254639,0.633769690990448,0.0,0.0,-0.7735214829444885,0.1384765274180285
-144.57092248224586,397.2934244385138,0.0,3.4189712431960966,0.6968313455581665,0.0,0.0,-0.7172229886054993,0.6378285884857178,0.0,0.0,-0.770177960395813,-0.31115184273096264
-145.68721242460924,397.2761941670469,0.0,3.46194550145904,0.6954941749572754,0.0,0.0,-0.7185219526290894,0.6414915323257446,0.0,0.0,-0.7671297192573547,0.1363061103340414
-146.8178754612397,397.2690434635643,0.0,3.509264449243122,0.6938729882240295,0.0,0.0,-0.7200894951820374,0.6447762846946716,0.0,0.0,-0.7643710374832153,-0.3135416885786435
-147.96396670238119,397.27255607486114,0.0,3.5608124439733784,0.6919817924499512,0.0,0.0,-0.7219083905220032,0.6476992964744568,0.0,0.0,-0.7618957161903381,0.13370267625675572
-149.12622506585657,397.28738210190244,0.0,3.615698467727637,0.6898325681686401,0.0,0.0,-0.7239634990692139,0.6502750515937805,0.0,0.0,-0.7596985101699829,-0.3163137099803738
-150.3050548650812,397.3142273795026,0.0,3.6729803922576085,0.687434732913971,0.0,0.0,-0.7262416481971741,0.6525166034698486,0.0,0.0,-0.7577739953994751,0.13080964976534307
-151.50052485495303,397.3538414242166,0.0,3.731716089315002,0.6847959756851196,0.0,0.0,-0.7287310361862183,0.6544357538223267,0.0,0.0,-0.7561172246932983,-0.31928015932670684
-152.71236836778735,397.4070041484961,0.0,3.790963430651523,0.6819222569465637,0.0,0.0,-0.7314215898513794,0.6560431718826294,0.0,0.0,-0.7547230124473572,0.12781735979885214
-153.93998466741508,397.47451122985586,0.0,3.8497802880188896,0.6788183450698853,0.0,0.0,-0.7343038320541382,0.6573488712310791,0.0,0.0,-0.7535860538482666,-0.32225070767859404
-155.18244165436573,397.55715804597804,0.0,3.907224533168793,0.6754870414733887,0.0,0.0,-0.737369954586029,0.6583606004714966,0.0,0.0,-0.7527024149894714,0.12491613529633178
-156.43848005372612,397.65572211237253,0.0,3.962354037852951,0.6719304919242859,0.0,0.0,-0.7406126856803894,0.6590876579284668,0.0,0.0,-0.7520657777786255,-0.32503502609698587
-157.70651920925286,397.7709439886713,0.0,4.014226673823071,0.6681495308876038,0.0,0.0,-0.744025707244873,0.659532904624939,0.0,0.0,-0.7516708374023438,0.12229630519683077
-158.9846645922039,397.9035066531576,0.0,4.061900312830862,0.664143979549408,0.0,0.0,-0.7476035356521606,0.659708559513092,0.0,0.0,-0.7515162825584412,-0.3274427856428339
-160.27071711072844,398.0540133829528,0.0,4.104432826905395,0.6599132418632507,0.0,0.0,-0.7513409852981567,0.6596181392669678,0.0,0.0,-0.751595675945282,0.12014819842538974
-161.5622644452605,398.22297527306546,0.0,4.141139772442597,0.6554552912712097,0.0,0.0,-0.7552332878112793,0.6592640280723572,0.0,0.0,-0.7519038319587708,-0.32929667178107647
-162.8570012408951,398.41083904421697,0.0,4.172335921414652,0.6507680416107178,0.0,0.0,-0.7592759728431702,0.658655047416687,0.0,0.0,-0.7524381279945374,0.11857263534599308
-164.15280726173654,398.61800117874105,0.0,4.19857820877083,0.6458484530448914,0.0,0.0,-0.7634650468826294,0.6577937006950378,0.0,0.0,-0.7531917691230774,-0.33062203982936833
-165.44774835813362,398.84481553894926,0.0,4.220423569460408,0.6406928300857544,0.0,0.0,-0.7677968144416809,0.6566839218139648,0.0,0.0,-0.7541602253913879,0.1174693343010649
-166.74007655336965,399.09160183895114,0.0,4.238428938432659,0.6352967619895935,0.0,0.0,-0.7722674608230591,0.655329167842865,0.0,0.0,-0.7553383708000183,-0.3315314018986739
-168.02822921589978,399.3586549204387,0.0,4.253151250636861,0.6296550631523132,0.0,0.0,-0.776874303817749,0.6537309288978577,0.0,0.0,-0.7567225694656372,0.11672578317964052
-169.3108272940519,399.64625478551096,0.0,4.265147441022285,0.6237619519233704,0.0,0.0,-0.7816139459609985,0.6518921256065369,0.0,0.0,-0.7583076357841492,-0.33213727009995797
-170.58667259885686,399.9546773433429,0.0,4.274974444538209,0.6176109910011292,0.0,0.0,-0.7864832878112793,0.6498152017593384,0.0,0.0,-0.7600885629653931,0.1162294698707555
-171.85474412719907,400.28420583251267,0.0,4.283189196133908,0.61119544506073,0.0,0.0,-0.7914792895317078,0.6475012302398682,0.0,0.0,-0.7620611190795898,-0.3325521565441852
-173.114193421656,400.63514288712616,0.0,4.290348630758654,0.6045079231262207,0.0,0.0,-0.7965986728668213,0.6449509859085083,0.0,0.0,-0.7642210125923157,0.11586788226344508
-174.3643389651718,401.0078232225882,0.0,4.297009683361723,0.5975412130355835,0.0,0.0,-0.8018378615379333,0.6421648263931274,0.0,0.0,-0.7665637731552124,-0.3328885733423199
-175.60465960799309,401.4026269259729,0.0,4.3037292888923915,0.5902883410453796,0.0,0.0,-0.8071921467781067,0.6391425728797913,0.0,0.0,-0.7690856456756592,0.1155285082467446
-176.83478702108266,401.81999334649515,0.0,4.311064382299932,0.5827435851097107,0.0,0.0,-0.8126558661460876,0.6358851790428162,0.0,0.0,-0.7717813849449158,-0.333259032605327
-178.05449716445318,402.2604355935584,0.0,4.31957189853362,0.5749022960662842,0.0,0.0,-0.8182217478752136,0.6323902010917664,0.0,0.0,-0.7746480703353882,0.11509883570968968
-179.2637007505403,402.72455566330564,0.0,4.32980877254273,0.56676185131073,0.0,0.0,-0.8238813281059265,0.6286550164222717,0.0,0.0,-0.777682363986969,-0.333776046444171
-180.46243267181214,403.2130602295098,0.0,4.342331939276538,0.558321475982666,0.0,0.0,-0.8296244144439697,0.6246790289878845,0.0,0.0,-0.7808798551559448,0.11446635254131557
-181.6508403482757,403.72677715103845,0.0,4.3576983336843185,0.5495827198028564,0.0,0.0,-0.8354390263557434,0.620459258556366,0.0,0.0,-0.7842370867729187,-0.3345521269698165
-182.82917093434529,404.26667276604536,0.0,4.376464890715345,0.5405497550964355,0.0,0.0,-0.8413118124008179,0.6159915328025818,0.0,0.0,-0.787751317024231,0.11351854663065766
-183.99775730561362,404.83387006249944,0.0,4.399188545318895,0.5312297940254211,0.0,0.0,-0.8472275733947754,0.6112714409828186,0.0,0.0,-0.7914196848869324,-0.3356997862932281
-185.15700272433835,405.42966783571865,0.0,4.426426232444239,0.521632194519043,0.0,0.0,-0.8531703352928162,0.6062943935394287,0.0,0.0,-0.7952390909194946,0.11214290586675138
-186.30736405779723,406.0555609662995,0.0,4.458734887040658,0.511769711971283,0.0,0.0,-0.8591225743293762,0.6010544896125793,0.0,0.0,-0.7992069125175476,-0.33733153652537046
-187.449333395922,406.7132619763014,0.0,4.496671444057419,0.5016573667526245,0.0,0.0,-0.8650662899017334,0.5955454111099243,0.0,0.0,-0.8033207058906555,0.11022691813863211
-188.58341687750337,407.4047234167437,0.0,4.540788775024755,0.49131327867507935,0.0,0.0,-0.8709827661514282,0.5897597074508667,0.0,0.0,-0.8075779676437378,-0.33955968455402374
-189.70995558089956,408.13205810463575,0.0,4.590993912904445,0.4807581901550293,0.0,0.0,-0.8768530488014221,0.5836895704269409,0.0,0.0,-0.8119761347770691,0.10769130511440533
-190.82879491085737,408.89731881638966,0.0,4.645846687545049,0.47001591324806213,0.0,0.0,-0.8826577663421631,0.577326774597168,0.0,0.0,-0.816512405872345,-0.3423300267075896
-191.9392678816438,409.7024314077297,0.0,4.703738340152763,0.45911353826522827,0.0,0.0,-0.8883774876594543,0.5706633925437927,0.0,0.0,-0.8211833834648132,0.10476748427563187
-193.04022548322143,410.54914893462444,0.0,4.763060111933769,0.44808146357536316,0.0,0.0,-0.8939926624298096,0.563691258430481,0.0,0.0,-0.8259848356246948,-0.3453260757874384
-194.13007138230375,411.43900224589123,0.0,4.822203244094262,0.4369542598724365,0.0,0.0,-0.8994836211204529,0.5564037561416626,0.0,0.0,-0.83091139793396,0.10178045739883931
-195.20680131321882,412.3732467811725,0.0,4.879558977840441,0.4257699251174927,0.0,0.0,-0.9048313498497009,0.5488039255142212,0.0,0.0,-0.8359504342079163,-0.34822283001704335
-196.26816342963812,413.3526610692555,0.0,4.9335185543784945,0.41457006335258484,0.0,0.0,-0.9100173711776733,0.5409120321273804,0.0,0.0,-0.8410785794258118,0.09905522626055374
-197.312469133611,414.37653814051566,0.0,4.9824732149146165,0.40339532494544983,0.0,0.0,-0.9150257110595703,0.5327548384666443,0.0,0.0,-0.8462690114974976,-0.3506952876198778
-198.3382680397256,415.443208846216,0.0,5.025062353536965,0.39228448271751404,0.0,0.0,-0.919843852519989,0.5243604779243469,0.0,0.0,-0.8514958024024963,0.09690425966346544
-199.34433865345704,416.5508381303713,0.0,5.061596736091759,0.3812735974788666,0.0,0.0,-0.9244621396064758,0.515757143497467,0.0,0.0,-0.8567343354225159,-0.3525404584559785
-200.32980515155438,417.6976067912649,0.0,5.093077021942742,0.3703961670398712,0.0,0.0,-0.9288736581802368,0.5069728493690491,0.0,0.0,-0.8619616627693176,0.09531434623664808
-201.29410674257008,418.8817547607807,0.0,5.120506039527712,0.35968273878097534,0.0,0.0,-0.933074414730072,0.49803534150123596,0.0,0.0,-0.867156445980072,-0.3539257623744113
-202.23696763191197,420.10162117121996,0.0,5.144886617284475,0.3491610288619995,0.0,0.0,-0.9370624423027039,0.48897239565849304,0.0,0.0,-0.8722990155220032,0.09408300392570051
-203.15836830984662,421.3556812457993,0.0,5.167221583650824,0.3388558030128479,0.0,0.0,-0.940838098526001,0.47981026768684387,0.0,0.0,-0.877372145652771,-0.35505379097877243
-204.05851835967417,422.6425797037374,0.0,5.188513767064567,0.328788161277771,0.0,0.0,-0.9444035291671753,0.47057464718818665,0.0,0.0,-0.88236004114151,0.09300764112702664
-204.93783093051897,423.9611604478109,0.0,5.209765995963498,0.31897613406181335,0.0,0.0,-0.9477625489234924,0.461290180683136,0.0,0.0,-0.887249231338501,-0.3561271358726578
-205.79689660124478,425.31048854935915,0.0,5.231966443976851,0.3094347417354584,0.0,0.0,-0.9509205222129822,0.4519805908203125,0.0,0.0,-0.8920276165008545,0.09188640637887752
-206.6363878263032,426.689747513541,0.0,5.255633938577262,0.3001752197742462,0.0,0.0,-0.953883945941925,0.44266757369041443,0.0,0.0,-0.8966856002807617,-0.3573224638827796
-207.45696379742427,428.09809724005197,0.0,5.280730043252148,0.2912062406539917,0.0,0.0,-0.9566602110862732,0.43337222933769226,0.0,0.0,-0.9012147784233093,0.09061892634479235
-208.25926845671972,429.53465996440843,0.0,5.307183920457554,0.2825336158275604,0.0,0.0,-0.9592572450637817,0.4241144061088562,0.0,0.0,-0.9056082963943481,-0.358658518287093
-209.0439339655482,430.9985145062064,0.0,5.334924732649518,0.27416056394577026,0.0,0.0,-0.9616837501525879,0.4149128794670105,0.0,0.0,-0.9098609089851379,0.08921787522398605
-209.8115840862941,432.48869070433284,0.0,5.363881642284083,0.2660878598690033,0.0,0.0,-0.963948667049408,0.405785471200943,0.0,0.0,-0.9139680862426758,-0.36012098847065693
-210.56283747772366,434.00416404056324,0.0,5.393983811817291,0.2583138346672058,0.0,0.0,-0.9660609364509583,0.3967485725879669,0.0,0.0,-0.9179270267486572,0.0876975636313998
-211.29831090376382,435.5438504544868,0.0,5.425160403705185,0.25083470344543457,0.0,0.0,-0.9680297374725342,0.3878178894519806,0.0,0.0,-0.9217357039451599,-0.36169556381853035
-212.018622354764,437.1066013541551,0.0,5.457340580403801,0.24364474415779114,0.0,0.0,-0.9698643684387207,0.3790084421634674,0.0,0.0,-0.9253929257392883,0.08607230218197476
-212.72439407954764,438.69119882823685,0.0,5.490453504369184,0.2367362678050995,0.0,0.0,-0.9715737700462341,0.37033385038375854,0.0,0.0,-0.9288985729217529,-0.3633679337157719
-213.4162555258334,440.29635106678893,0.0,5.524428338057374,0.23009979724884033,0.0,0.0,-0.973166823387146,0.36180728673934937,0.0,0.0,-0.9322527647018433,0.08435640149065204
-214.09484618591324,441.92068799900835,0.0,5.5591942439244155,0.2237240970134735,0.0,0.0,-0.9746522903442383,0.3534415364265442,0.0,0.0,-0.935456395149231,-0.3651237875474407
-214.76081834381392,443.56275715753685,0.0,5.594680384426346,0.21759626269340515,0.0,0.0,-0.9760386943817139,0.34524813294410706,0.0,0.0,-0.9385111927986145,0.08256417217237266
-215.41483962325617,445.221019532594,0.0,5.630815082995803,0.21170172095298767,0.0,0.0,-0.9773341417312622,0.3372381627559662,0.0,0.0,-0.9414190649986267,-0.36694877232367584
-216.05759492646771,446.89384431643555,0.0,5.667521232691802,0.2060243934392929,0.0,0.0,-0.978546679019928,0.32941877841949463,0.0,0.0,-0.9441835284233093,0.08071032622813035
-216.68976742708196,448.57955972608244,0.0,5.704719564545327,0.20054666697978973,0.0,0.0,-0.9796839952468872,0.32178792357444763,0.0,0.0,-0.9468114972114563,-0.3688274759526418
-217.3116683510163,450.2774107869683,0.0,5.742330804027518,0.19525140523910522,0.0,0.0,-0.9807530045509338,0.3143385052680969,0.0,0.0,-0.9493106603622437,0.07881076867852477
-217.9232692189224,451.98747923478277,0.0,5.7802756766095,0.19012321531772614,0.0,0.0,-0.9817600250244141,0.307062566280365,0.0,0.0,-0.9516891241073608,-0.3707438836588025
-218.5245251647943,453.70985276269215,0.0,5.818474907762409,0.1851484775543213,0.0,0.0,-0.9827103614807129,0.29995325207710266,0.0,0.0,-0.9539535641670227,0.07688151457989295
-219.11538749302775,455.44459559218507,0.0,5.856849222957384,0.1803150177001953,0.0,0.0,-0.9836087822914124,0.29300400614738464,0.0,0.0,-0.9561108946800232,-0.3726819803858214
-219.69580483106537,457.1917483996493,0.0,5.895319347665553,0.17561206221580505,0.0,0.0,-0.9844592213630676,0.2862081825733185,0.0,0.0,-0.9581669569015503,0.07493857898857126
-220.2657242595872,458.95132824302976,0.0,5.933806007358054,0.1710302233695984,0.0,0.0,-0.9852655529975891,0.2795601189136505,0.0,0.0,-0.9601276516914368,-0.3746257510773619
-220.82509241832798,460.7233284886356,0.0,5.972229927506023,0.16656117141246796,0.0,0.0,-0.9860309362411499,0.27305418252944946,0.0,0.0,-0.9619982242584229,0.0729979769608961
-221.37385658547373,462.50771873816285,0.0,6.01051183358059,0.16219750046730042,0.0,0.0,-0.9867581129074097,0.26668524742126465,0.0,0.0,-0.9637832641601562,-0.3765591806770875
-221.91196572848042,464.30444475601104,0.0,6.048572451052888,0.15793286263942719,0.0,0.0,-0.987449586391449,0.26044774055480957,0.0,0.0,-0.9654875993728638,0.07107572355320424
-222.4393715240537,466.11342839697727,0.0,6.086332505394057,0.15376174449920654,0.0,0.0,-0.9881076216697693,0.2543374001979828,0.0,0.0,-0.9671151638031006,-0.37846625412866164
-222.95602934494502,467.93456753441416,0.0,6.1237127220752265,0.1496795266866684,0.0,0.0,-0.9887343049049377,0.2483498454093933,0.0,0.0,-0.9686699509620667,0.06918783382183202
-223.46189921114697,469.7677359889531,0.0,6.160633826567533,0.14568203687667847,0.0,0.0,-0.9893312454223633,0.2424808144569397,0.0,0.0,-0.9701557755470276,-0.3803309563757478
-223.9569467030103,471.6127834578891,0.0,6.197016544342108,0.1417657732963562,0.0,0.0,-0.9899000525474548,0.23672673106193542,0.0,0.0,-0.9715758562088013,0.06735032282311615
-224.441143833764,473.4695354453352,0.0,6.232781600870091,0.13792769610881805,0.0,0.0,-0.990442156791687,0.23108389973640442,0.0,0.0,-0.9729334115982056,-0.3821372723620096
-224.9144698788917,475.3377931932563,0.0,6.26784972162261,0.13416534662246704,0.0,0.0,-0.9909588694572449,0.2255488634109497,0.0,0.0,-0.9742313623428345,0.06557920561339298
-225.37691215980144,477.2173336134939,0.0,6.302141632070805,0.13047660887241364,0.0,0.0,-0.9914513230323792,0.22011883556842804,0.0,0.0,-0.9754725694656372,-0.38386918703111045
-225.8284667792353,479.10790922090365,0.0,6.335578057685803,0.1268598735332489,0.0,0.0,-0.9919206500053406,0.21479098498821259,0.0,0.0,-0.9766595959663391,0.0638904972489992
-226.26913930587767,481.00924806772036,0.0,6.368079723938742,0.12331383675336838,0.0,0.0,-0.9923677444458008,0.2095632255077362,0.0,0.0,-0.9777947068214417,-0.38551068532671345
-226.69894540566136,482.92105367927644,0.0,6.3995673563007545,0.11983736604452133,0.0,0.0,-0.9927935600280762,0.20443260669708252,0.0,0.0,-0.9788802862167358,0.06230021278627135
-227.11791141732093,484.8430049911921,0.0,6.429961680242978,0.11642983555793762,0.0,0.0,-0.9931988716125488,0.19939769804477692,0.0,0.0,-0.9799183011054993,-0.3870457521924824
-227.52607486981236,486.77475628816796,0.0,6.459183421236543,0.11309053003787994,0.0,0.0,-0.9935846328735352,0.19445593655109406,0.0,0.0,-0.9809108972549438,0.06082436728154589
-227.92348493930402,488.715937144499,0.0,6.487153304752589,0.10981913655996323,0.0,0.0,-0.9939515590667725,0.18960604071617126,0.0,0.0,-0.9818599820137024,-0.38845837257208066
-228.31020284354784,490.66615236643844,0.0,6.5137920562622424,0.10661562532186508,0.0,0.0,-0.9943003058433533,0.1848464459180832,0.0,0.0,-0.9827672243118286,0.05947897579115935
-228.68630217155902,492.6249819365312,0.0,6.539020401236644,0.10347995907068253,0.0,0.0,-0.9946316480636597,0.18017569184303284,0.0,0.0,-0.9836342334747314,-0.38973253140917163
-229.05186919652203,494.5919812327111,0.0,6.562759974636747,0.10041221976280212,0.0,0.0,-0.9949459433555603,0.17559263110160828,0.0,0.0,-0.9844627380371094,0.05828000743761874
-229.40700843611094,496.56671135633474,0.0,6.585033686730941,0.09741288423538208,0.0,0.0,-0.995244026184082,0.17109638452529907,0.0,0.0,-0.9852541089057922,-0.39085746636342383
-229.75185177093624,498.54879682954254,0.0,6.606056589100069,0.09448221325874329,0.0,0.0,-0.9955264925956726,0.16668598353862762,0.0,0.0,-0.9860098361968994,0.05721824469170317
-230.08655715641723,500.53793222105753,0.0,6.626065187054097,0.09162063151597977,0.0,0.0,-0.995793879032135,0.16236063838005066,0.0,0.0,-0.9867312908172607,-0.3918680016136272
-230.41130621687302,502.5338823436992,0.0,6.645295985902979,0.08882883936166763,0.0,0.0,-0.9960468411445618,0.15811966359615326,0.0,0.0,-0.9874197840690613,0.0562469922245879
-230.72630198187676,504.5364824482149,0.0,6.6639854909566765,0.08610732108354568,0.0,0.0,-0.9962857961654663,0.15396225452423096,0.0,0.0,-0.9880765676498413,-0.3928119160102786
-231.03176677033457,506.54563841314126,0.0,6.682370207525143,0.08345690369606018,0.0,0.0,-0.9965112805366516,0.1498880833387375,0.0,0.0,-0.9887027740478516,0.05531847118577643
-231.32794022696618,508.5613269304632,0.0,6.700686640918344,0.08087822049856186,0.0,0.0,-0.9967238903045654,0.1458967924118042,0.0,0.0,-0.9892997145652771,-0.3937369884038746
-231.61507751521555,510.58359568690355,0.0,6.719171296446231,0.07837191969156265,0.0,0.0,-0.996924102306366,0.1419876366853714,0.0,0.0,-0.9898683428764343,0.05438490272477203
-231.89344767008637,512.6125635407046,0.0,6.738060679418762,0.07593872398138046,0.0,0.0,-0.9971123337745667,0.1381605863571167,0.0,0.0,-0.9904096126556396,-0.3946909976449115
-232.16333211400251,514.6484206938242,0.0,6.757591295145894,0.07357945293188095,0.0,0.0,-0.9972891807556152,0.13441511988639832,0.0,0.0,-0.9909249544143677,0.05339850799107848
-232.4250233385222,516.6914288594946,0.0,6.7779996489375876,0.0712948888540268,0.0,0.0,-0.9974551200866699,0.13075122237205505,0.0,0.0,-0.9914150834083557,-0.3957217225838859
-232.67882252306762,518.7419113033899,0.0,6.79948869007439,0.06908569484949112,0.0,0.0,-0.9976105690002441,0.12716859579086304,0.0,0.0,-0.9918810129165649,0.052313202883159104
-232.92503159704412,520.8001920664581,0.0,6.8220595294075865,0.06695281714200974,0.0,0.0,-0.9977560043334961,0.12366684526205063,0.0,0.0,-0.9923237562179565,-0.39686166396435035
-233.1639512136694,522.8665732730612,0.0,6.845638169537399,0.06489695608615875,0.0,0.0,-0.9978917837142944,0.12024621665477753,0.0,0.0,-0.9927440881729126,0.05112236247256252
-233.3958817271956,524.9413350245192,0.0,6.870150486870395,0.0629190057516098,0.0,0.0,-0.9980185031890869,0.11690641194581985,0.0,0.0,-0.9931429028511047,-0.39809965978924916
-233.6211241315353,527.02473533192,0.0,6.895522357813136,0.06101977080106735,0.0,0.0,-0.9981364011764526,0.11364743858575821,0.0,0.0,-0.9935210943222046,0.04984095484919182
-233.83998095486533,529.1170100501555,0.0,6.92167965877219,0.05920001491904259,0.0,0.0,-0.998245894908905,0.11046920716762543,0.0,0.0,-0.993879497051239,-0.399420735595262
-234.05275710956357,531.2183728131631,0.0,6.948548266154121,0.05746059864759445,0.0,0.0,-0.9983475208282471,0.10737217217683792,0.0,0.0,-0.9942188262939453,0.048483954476367
-234.25976069666754,533.3290149703791,0.0,6.97605405636549,0.0558023639023304,0.0,0.0,-0.9984415769577026,0.10435615479946136,0.0,0.0,-0.9945399761199951,-0.4008099169190685
-234.4613037638892,535.4491055244036,0.0,7.00412290581287,0.054226070642471313,0.0,0.0,-0.9985284209251404,0.10142135620117188,0.0,0.0,-0.994843602180481,0.04706633581740843
-234.65770301607904,537.5787910698896,0.0,7.032680690902822,0.05273234099149704,0.0,0.0,-0.9986085295677185,0.098567895591259,0.0,0.0,-0.9951304197311401,-0.40225222929734894
-234.84928047690047,539.7181957336812,0.0,7.061653288041913,0.05132123827934265,0.0,0.0,-0.9986730813980103,0.09579604119062424,0.0,0.0,-0.9954010844230652,0.04560307333563618
-235.0363641003566,541.8674211162228,0.0,7.0909665736367025,0.0499933660030365,0.0,0.0,-0.9987333416938782,0.09310613572597504,0.0,0.0,-0.9956561923027039,-0.40373269826678276
-235.2192883307034,544.0265462342791,0.0,7.120546424093759,0.048748672008514404,0.0,0.0,-0.9987894892692566,0.09049856662750244,0.0,0.0,-0.9958966374397278,0.044109141494370674
-235.39839460918944,546.1956274650007,0.0,7.150318715819649,0.04758674278855324,0.0,0.0,-0.9988415837287903,0.087973453104496,0.0,0.0,-0.9961228370666504,-0.40523634936404995
-235.57403182597704,548.3746984913859,0.0,7.180209325220938,0.046506866812705994,0.0,0.0,-0.9988897442817688,0.08553124219179153,0.0,0.0,-0.9963354468345642,0.04259951475693191
-235.74655671553188,550.5637702491845,0.0,7.210144128704185,0.04550793766975403,0.0,0.0,-0.9989340901374817,0.08317253738641739,0.0,0.0,-0.996535062789917,-0.4067482081258301
-235.91633419370936,552.7628308753086,0.0,7.2400490026759625,0.04458852857351303,0.0,0.0,-0.9989746809005737,0.08089741319417953,0.0,0.0,-0.9967222809791565,0.04108916758664011
-236.08373763472156,554.9718456578009,0.0,7.269849823542832,0.043746624141931534,0.0,0.0,-0.999011754989624,0.07870671898126602,0.0,0.0,-0.9968976378440857,-0.4082533000888033
-236.24914908613948,557.1907569874314,0.0,7.29947246771136,0.04297991096973419,0.0,0.0,-0.9990454316139221,0.07660088688135147,0.0,0.0,-0.9970616698265076,0.039593074446815424
-236.41295942006772,559.4194843109909,0.0,7.328842811588109,0.04228558391332626,0.0,0.0,-0.9990759491920471,0.07458022236824036,0.0,0.0,-0.9972148537635803,-0.40973665078964916
-236.5755684186244,561.6579240863464,0.0,7.3578867315796455,0.04166027158498764,0.0,0.0,-0.9991033673286438,0.07264543324708939,0.0,0.0,-0.9973576664924622,0.03812620980077819
-236.73738479187404,563.9059497393393,0.0,7.386530104092535,0.041100215166807175,0.0,0.0,-0.999127984046936,0.07079744338989258,0.0,0.0,-0.9974905848503113,-0.41118328576504765
-236.89882612638348,566.1634116225987,0.0,7.414698805533343,0.040601156651973724,0.0,0.0,-0.9991499185562134,0.06903640180826187,0.0,0.0,-0.9976139664649963,0.03670354811184856
-237.06031876261545,568.4301369763439,0.0,7.442318712308634,0.040158238261938095,0.0,0.0,-0.9991694688796997,0.06736309081315994,0.0,0.0,-0.9977284073829651,-0.4125782305516785
-237.2222976072437,570.7059300010402,0.0,7.469316061062483,0.03976594656705856,0.0,0.0,-0.9991868138313293,0.06577832251787186,0.0,0.0,-0.9978342056274414,0.03534004564953297
-237.38520657964744,572.9905818508673,0.0,7.4956499838823305,0.03941839188337326,0.0,0.0,-0.9992022514343262,0.06428124010562897,0.0,0.0,-0.997931718826294,-0.41390822665369104
-237.54948558029008,575.2838885564045,0.0,7.5213384313597125,0.03910908102989197,0.0,0.0,-0.9992159605026245,0.06286851316690445,0.0,0.0,-0.9980217814445496,0.03404264931229145
-237.71529331945848,577.5856529038776,0.0,7.546405454392994,0.03883164003491402,0.0,0.0,-0.999228298664093,0.061534635722637177,0.0,0.0,-0.9981048703193665,-0.41517423791799823
-237.88251715811447,579.895684456461,0.0,7.570875103880531,0.03858018293976784,0.0,0.0,-0.9992395043373108,0.060274574905633926,0.0,0.0,-0.9981817007064819,0.03280680842908251
-238.05103188849733,582.2137995752418,0.0,7.5947714307206775,0.03834943845868111,0.0,0.0,-0.9992496967315674,0.059083323925733566,0.0,0.0,-0.9982529282569885,-0.416381123111945
-238.22071034439548,584.53982143982,0.0,7.618118485811795,0.038134776055812836,0.0,0.0,-0.9992591738700867,0.05795614421367645,0.0,0.0,-0.9983189702033997,0.031627664232561414
-238.39142348095078,586.8735800685076,0.0,7.640940320052236,0.03793172538280487,0.0,0.0,-0.9992680549621582,0.05688849091529846,0.0,0.0,-0.9983803629875183,-0.4175337410028763
-238.56304045033343,589.2149123381059,0.0,7.663260984340362,0.03773641586303711,0.0,0.0,-0.9992764592170715,0.05587615445256233,0.0,0.0,-0.9984374642372131,0.030500357955383306
-238.73542867312793,591.5636620032304,0.0,7.6851045295745255,0.03754536435008049,0.0,0.0,-0.9992846250534058,0.054914895445108414,0.0,0.0,-0.9984908103942871,-0.4186369503581371
-238.90845390527556,593.9196797151542,0.0,7.706495006653086,0.03735540062189102,0.0,0.0,-0.9992925524711609,0.05400104075670242,0.0,0.0,-0.9985407590866089,0.029420030830203447
-239.0819803004255,596.2828230401533,0.0,7.727456466474402,0.03716364502906799,0.0,0.0,-0.999300479888916,0.053130824118852615,0.0,0.0,-0.9985874891281128,-0.4196956099450722
-239.25587046755217,598.652956477322,0.0,7.748012959936826,0.03696739673614502,0.0,0.0,-0.9993084669113159,0.05230077728629112,0.0,0.0,-0.9986312985420227,0.028381824089676988
-239.42998552370216,601.0299514758376,0.0,7.768188537938717,0.03676425293087959,0.0,0.0,-0.9993165135383606,0.05150744691491127,0.0,0.0,-0.9986724853515625,-0.4207145785310263
-239.60418514173807,603.4136864516574,0.0,7.788007251378431,0.036552220582962036,0.0,0.0,-0.9993247985839844,0.05074762552976608,0.0,0.0,-0.9987114071846008,0.027380878966459077
-239.778327592953,605.8040468036188,0.0,7.807493151154327,0.03632919117808342,0.0,0.0,-0.999333381652832,0.05001833289861679,0.0,0.0,-0.9987481236457825,-0.42169871488334426
-239.95226978443358,608.2009249289282,0.0,7.826670288164761,0.036093469709157944,0.0,0.0,-0.9993422627449036,0.04931638762354851,0.0,0.0,-0.9987783432006836,0.026412336693204808
-240.12586729105152,610.6042202380174,0.0,7.84556271330809,0.03584356606006622,0.0,0.0,-0.9993516206741333,0.048639364540576935,0.0,0.0,-0.998807430267334,-0.42265287776937094
-240.2989743819713,613.013839168749,0.0,7.864194477482672,0.03557777404785156,0.0,0.0,-0.9993613362312317,0.04798459634184837,0.0,0.0,-0.9988354444503784,0.02547133850256933
-240.47144404156126,615.4296951999511,0.0,7.882589631586862,0.035294800996780396,0.0,0.0,-0.9993715882301331,0.047349460422992706,0.0,0.0,-0.9988625049591064,-0.4235819259564512
-240.64312798460057,617.8517088642689,0.0,7.900772226519016,0.034993525594472885,0.0,0.0,-0.9993822574615479,0.04673168435692787,0.0,0.0,-0.9988887310028076,0.024553025627208014
-240.81387666567755,620.2798077603102,0.0,7.918766313177491,0.03467269241809845,0.0,0.0,-0.9993934631347656,0.04612897336483002,0.0,0.0,-0.9989141821861267,-0.42449071821192974
-240.98353928267605,622.7139265640728,0.0,7.93659594246065,0.03433137387037277,0.0,0.0,-0.9994052648544312,0.04553883895277977,0.0,0.0,-0.9989389777183533,0.023652539299775732
-241.1519637661344,625.1540069214641,0.0,7.9542847800764225,0.033968545496463776,0.0,0.0,-0.9994176030158997,0.044959574937820435,0.0,0.0,-0.9989631772041321,-0.42538409384908993
-241.3189965511232,627.5999942191902,0.0,7.971845936664373,0.03358333930373192,0.0,0.0,-0.9994304776191711,0.044388942420482635,0.0,0.0,-0.9989868998527527,0.02276561219937412
-241.48448233738495,630.0518340324028,0.0,7.989280929813866,0.033175013959407806,0.0,0.0,-0.9994438886642456,0.0438251830637455,0.0,0.0,-0.9990101456642151,-0.42626464905866024
-241.6482640882531,632.5094719444961,0.0,8.006590683754723,0.03274282068014145,0.0,0.0,-0.999457836151123,0.043266404420137405,0.0,0.0,-0.9990329742431641,0.021891382202361087
-241.8101830423254,634.9728535488742,0.0,8.023776122716779,0.03228606656193733,0.0,0.0,-0.9994723796844482,0.042711056768894196,0.0,0.0,-0.9990554451942444,-0.4271326005213903
-241.9700787251436,637.4419244507211,0.0,8.04083817092986,0.03180418163537979,0.0,0.0,-0.9994874000549316,0.04215734079480171,0.0,0.0,-0.9990776181221008,0.021029662595639875
-242.12778896087605,639.9166302687773,0.0,8.057777752623794,0.03129640966653824,0.0,0.0,-0.9995028972625732,0.041603587567806244,0.0,0.0,-0.999099612236023,-0.4279881349503769
-242.28314988399717,642.3969166371211,0.0,8.07459579202841,0.030762242153286934,0.0,0.0,-0.999518871307373,0.041048310697078705,0.0,0.0,-0.999121367931366,0.020180266666113833
-242.4359959509601,644.8827292069514,0.0,8.091293213373536,0.030201254412531853,0.0,0.0,-0.999535322189331,0.040490198880434036,0.0,0.0,-0.9991429448127747,-0.4288314390587167
-242.58615995185679,647.3740136483771,0.0,8.107870940889002,0.029612872749567032,0.0,0.0,-0.9995522499084473,0.039927855134010315,0.0,0.0,-0.9991691708564758,0.019343007700686254
-242.73347302206074,649.8707156522031,0.0,8.124329898804639,0.028996797278523445,0.0,0.0,-0.9995694756507874,0.039359867572784424,0.0,0.0,-0.9991902709007263,-0.4296626995595064
-242.87776465384883,652.3727809317244,0.0,8.140671011350268,0.02835248038172722,0.0,0.0,-0.9995870590209961,0.038785144686698914,0.0,0.0,-0.9992161393165588,0.0185176989862606
-243.018862707996,654.8801552245137,0.0,8.156895202755726,0.02767948992550373,0.0,0.0,-0.9996049404144287,0.03820224106311798,0.0,0.0,-0.9992369413375854,-0.4304821031658427
-243.15659342533897,657.3927842942181,0.0,8.173003397250838,0.026977665722370148,0.0,0.0,-0.9996230602264404,0.03761008754372597,0.0,0.0,-0.9992625713348389,0.01770415380973972
-243.29078143830444,659.9106139323458,0.0,8.188996519065432,0.026246482506394386,0.0,0.0,-0.9996413588523865,0.03700767084956169,0.0,0.0,-0.9992879629135132,-0.43128983659082215
-243.42124978239661,662.4335899600584,0.0,8.204875492429338,0.025485629215836525,0.0,0.0,-0.9996598362922668,0.03639382869005203,0.0,0.0,-0.9993131756782532,0.016902185458027352
-243.54781990764025,664.9616582299583,0.0,8.220641241572384,0.024694794788956642,0.0,0.0,-0.999678373336792,0.03576759248971939,0.0,0.0,-0.9993382096290588,-0.43208608654754166
-243.67031168997366,667.4947646278733,0.0,8.236294690724398,0.023873673751950264,0.0,0.0,-0.9996969699859619,0.03512776643037796,0.0,0.0,-0.9993629455566406,0.016111607218026625
-243.78854344258824,670.0328550746418,0.0,8.251836764115213,0.02302236109972,0.0,0.0,-0.9997154474258423,0.034473445266485214,0.0,0.0,-0.9993876218795776,-0.43287103974909796
-243.90233192720956,672.5758755278878,0.0,8.267268385974651,0.022140558809041977,0.0,0.0,-0.9997337460517883,0.03380391001701355,0.0,0.0,-0.9994122385978699,0.01533223237664083
-244.0114923653157,675.1237719837973,0.0,8.282590480532546,0.0212284903973341,0.0,0.0,-0.9997518658638,0.03311837092041969,0.0,0.0,-0.9994367361068726,-0.4336448829085876
-244.11583844928762,677.676490478886,0.0,8.297803972018725,0.020286258310079575,0.0,0.0,-0.9997696876525879,0.03241584450006485,0.0,0.0,-0.9994611144065857,0.01456387422077321
-244.21518235348952,680.2339770917639,0.0,8.312909784663017,0.01931394636631012,0.0,0.0,-0.9997870922088623,0.03169542923569679,0.0,0.0,-0.9994855523109436,-0.4344078027391074
-244.3093347452718,682.7961779448898,0.0,8.327908842695248,0.018311887979507446,0.0,0.0,-0.9998040199279785,0.030956270173192024,0.0,0.0,-0.999509871006012,0.013806346037327222
-244.3981047958947,685.3630392063229,0.0,8.342802070345252,0.01728023588657379,0.0,0.0,-0.9998204112052917,0.030197972431778908,0.0,0.0,-0.9995340704917908,-0.4351599859537541
-244.48130019136755,687.9345070914649,0.0,8.357590391842852,0.01621970348060131,0.0,0.0,-0.9998360872268677,0.029419835656881332,0.0,0.0,-0.9995583295822144,0.01305946111320605
-244.5587271431991,690.5105278647935,0.0,8.37227473141788,0.015130949206650257,0.0,0.0,-0.9998510479927063,0.028620829805731773,0.0,0.0,-0.9995824098587036,-0.4359016192656242
-244.63019039905544,693.0910478415873,0.0,8.386856013300166,0.014014541171491146,0.0,0.0,-0.9998651146888733,0.027800660580396652,0.0,0.0,-0.9996063709259033,0.012323032735312822
-244.6954932533208,695.676013389642,0.0,8.401335161719532,0.012871547602117062,0.0,0.0,-0.9998874664306641,0.026958469301462173,0.0,0.0,-0.9996300935745239,-0.4366328893878144
-244.75443755755748,698.265370930976,0.0,8.415713100905815,0.011703991331160069,0.0,0.0,-0.9998986124992371,0.026093456894159317,0.0,0.0,-0.9996535778045654,0.011596874190550999
-244.80682373086083,700.8590669435246,0.0,8.42999075508884,-0.010516391135752201,0.0,0.0,0.9999179840087891,0.025205498561263084,0.0,0.0,-0.9996768236160278,-0.43735398303342166
-244.85245077008338,703.4570479615003,0.0,8.444169044189781,-0.00930012296885252,0.0,0.0,0.9999350905418396,0.024293867871165276,0.0,0.0,-0.9996998310089111,0.010880798983432693
-244.89111625839047,706.0592604587434,0.0,8.458248503537375,-0.008061780594289303,0.0,0.0,0.9999411106109619,0.023357825353741646,0.0,0.0,-0.9997225999832153,-0.4380650668388556
-244.92261638419947,708.6656506403237,0.0,8.472228985670258,-0.006803480442613363,0.0,0.0,0.9999554753303528,0.022397786378860474,0.0,0.0,-0.9997450709342957,0.010174714027226417
-244.94677974741796,711.2761642614176,0.0,8.48611027294693,-0.005527125205844641,0.0,0.0,0.9999673962593079,0.021414246410131454,0.0,0.0,-0.9997669458389282,-0.43876614195383906
-244.96354384876338,713.8907462640929,0.0,8.499892147725873,-0.004233497194945812,0.0,0.0,0.9999769330024719,0.02040826715528965,0.0,0.0,-0.9997883439064026,0.009478659745461637
-244.97286853833603,716.5093411923239,0.0,8.513574392365578,-0.002924485830590129,0.0,0.0,0.999975323677063,-0.019375784322619438,0.0,0.0,0.999809205532074,-0.4394571644103898
-244.97471392051813,719.1318932993918,0.0,8.527156789224538,-0.0016011192928999662,0.0,0.0,0.9999821186065674,-0.018328957259655,0.0,0.0,0.9998292326927185,0.008792680106120221
-244.96904035663806,721.7583465498434,0.0,8.54063912066124,-0.00026466185227036476,0.0,0.0,0.9999864101409912,-0.017263375222682953,0.0,0.0,0.999848484992981,-0.44013809024052625
-244.95580846763573,724.3886446214864,0.0,8.55402116903418,0.0010842656483873725,0.0,0.0,0.9999884963035583,-0.016178565099835396,0.0,0.0,0.9998669028282166,0.008116819077183868
-244.93497913672698,727.0227309074199,0.0,8.567302716701837,0.0024444968439638615,0.0,0.0,0.9999881386756897,-0.015075876377522945,0.0,0.0,0.9998843669891357,-0.44080887547626657
-244.90651351206796,729.6605485180963,0.0,8.580483546022709,0.0038152323104441166,0.0,0.0,0.9999855160713196,-0.013956059701740742,0.0,0.0,0.9999008774757385,0.007451120626634833
-244.8703730094194,732.302040283422,0.0,8.593563439355286,0.005195751786231995,0.0,0.0,0.9999805688858032,-0.012819807976484299,0.0,0.0,0.9999161958694458,-0.44146947614962906
-244.82651931480964,734.9471487548885,0.0,8.60654217905805,0.006585418712347746,0.0,0.0,0.999973475933075,-0.011667713522911072,0.0,0.0,0.9999303817749023,0.006795628722454872
-244.77491438719792,737.5958162077399,0.0,8.619419547489496,0.007983791641891003,0.0,0.0,0.9999641180038452,-0.010500281117856503,0.0,0.0,0.9999434351921082,-0.44211984829263146
-244.71552046113663,740.2479846431752,0.0,8.632195327008116,0.009390175342559814,0.0,0.0,0.9999526739120483,-0.00931832566857338,0.0,0.0,0.9999552369117737,0.006150387332625573
-244.64830004943295,742.9035957905825,0.0,8.644869299972397,0.010804119519889355,0.0,0.0,0.9999389052391052,-0.008122293278574944,0.0,0.0,0.9999658465385437,-0.44275994793729206
-244.57321594580944,745.5625911098092,0.0,8.657441248740827,0.012225198559463024,0.0,0.0,0.9999229907989502,-0.006912871263921261,0.0,0.0,0.9999750852584839,0.005515440425129081
-244.49023122756392,748.2249117934659,0.0,8.6699109556719,0.013653086498379707,0.0,0.0,0.9999049305915833,-0.0056902943179011345,0.0,0.0,0.9999828934669495,-0.44338973111562907
-244.39930925822839,750.8904987692636,0.0,8.682278203124106,0.015087276697158813,0.0,0.0,0.9998846650123596,-0.004455077927559614,0.0,0.0,0.9999891519546509,0.004890831967946985
-244.30041369022643,753.5592927023844,0.0,8.694542773455932,0.016527488827705383,0.0,0.0,0.9998621344566345,-0.0032080700621008873,0.0,0.0,0.9999939799308777,-0.4440091538596607
-244.19350846753005,756.2312339978877,0.0,8.706704449025866,0.01797361485660076,0.0,0.0,0.9998374581336975,-0.0019493199652060866,0.0,0.0,0.9999973177909851,0.004276605929061483
-244.0785578283147,758.9062628031483,0.0,8.718763012192401,0.019425293430685997,0.0,0.0,0.9998104572296143,-0.0006793024949729443,0.0,0.0,0.9999990463256836,-0.444618172201405
-243.95552630761293,761.5843190103291,0.0,8.730718245314025,0.020882347598671913,0.0,0.0,0.9997812509536743,0.0006014050450176001,0.0,0.0,0.9999991655349731,0.003672806276454277
-243.82437873996668,764.2653422588858,0.0,8.742569930749232,0.022344455122947693,0.0,0.0,0.9997497797012329,0.0018924451433122158,0.0,0.0,0.9999976754188538,-0.4452167421728801
-243.68508026207826,766.949271938107,0.0,8.75431785085651,0.023811521008610725,0.0,0.0,0.9997159838676453,0.0031936918385326862,0.0,0.0,0.9999944567680359,0.0030794769781068987
-243.537596315459,769.6360471896851,0.0,8.765961787994348,0.025283435359597206,0.0,0.0,0.9996798634529114,0.0045045847073197365,0.0,0.0,0.9999895095825195,-0.44580481980610426
-243.3818926490766,772.3256069103245,0.0,8.777501524521231,0.026760011911392212,0.0,0.0,0.9996414184570312,0.005824966821819544,0.0,0.0,0.9999826550483704,0.002496662002001715
-243.21793532200044,775.0178897543752,0.0,8.788936842795655,0.028241146355867386,0.0,0.0,0.9996007680892944,0.007154594175517559,0.0,0.0,0.9999741911888123,-0.4463823611330954
-243.04569070604484,777.7128341365085,0.0,8.800267525176103,0.029726576060056686,0.0,0.0,0.9995577335357666,0.008492695167660713,0.0,0.0,0.9999637603759766,0.001924405316120481
-242.8651254884102,780.4103782344187,0.0,8.811493354021078,0.031216338276863098,0.0,0.0,0.9995123744010925,0.009839672595262527,0.0,0.0,0.9999513626098633,-0.4469493221858719
-242.67620667432223,783.1104599915597,0.0,8.822614111689058,0.03271027281880379,0.0,0.0,0.9994645714759827,0.011194739490747452,0.0,0.0,0.999937117099762,0.0013627508884447859
-242.47890158966848,785.8130171199143,0.0,8.833629580538535,0.034208253026008606,0.0,0.0,0.9994144439697266,0.01255775522440672,0.0,0.0,0.9999209046363831,-0.44750565899645156
-242.27317788363257,788.5179871027962,0.0,8.844539542928002,0.03571033477783203,0.0,0.0,0.9993618726730347,0.013928678818047047,0.0,0.0,0.9999027848243713,0.0008117426869565514
-242.0590035313264,791.2253071976828,0.0,8.855343781215947,0.037216316908597946,0.0,0.0,0.9993069767951965,0.015307060442864895,0.0,0.0,0.9998827576637268,-0.44805132759685284
-241.8363468364186,793.9349144390808,0.0,8.86604207776086,0.03872617334127426,0.0,0.0,0.9992496371269226,0.016692902892827988,0.0,0.0,0.9998605251312256,0.0002714246796377551
-241.6051764337619,796.6467456414249,0.0,8.876634214921227,0.0402398407459259,0.0,0.0,0.9991898536682129,0.018085921183228493,0.0,0.0,0.999836266040802,-0.4485862840190936
-241.3654612920161,799.3607374020057,0.0,8.887119975055542,0.04175728186964989,0.0,0.0,0.9991276264190674,0.019485944882035255,0.0,0.0,0.9998099207878113,-0.0002581591655297366
-241.1171707162689,802.0768261039323,0.0,8.897499140522296,0.04327851161360741,0.0,0.0,0.9990630149841309,0.020892709493637085,0.0,0.0,0.9997814297676086,-0.44911048429519224
-240.86027435065375,804.7949479191242,0.0,8.907771493679979,0.04480332136154175,0.0,0.0,0.9989957809448242,0.02230614423751831,0.0,0.0,0.9997509121894836,-0.0007769648805642793
-240.59474218096437,807.5150388113337,0.0,8.917936816887076,0.04633176326751709,0.0,0.0,0.998926043510437,0.02372589334845543,0.0,0.0,0.9997182488441467,-0.44962388445716683
-240.3205445372657,810.2370345392046,0.0,8.92799489250208,0.047863852232694626,0.0,0.0,0.998853862285614,0.025151856243610382,0.0,0.0,0.9996833205223083,-0.0012849484974836178
-240.03765209650206,812.9608706593549,0.0,8.93794550288348,0.04939951002597809,0.0,0.0,0.9987789988517761,0.026584140956401825,0.0,0.0,0.9996462464332581,-0.45012644053703554
-239.74603588510158,815.6864825294946,0.0,8.947788430389767,0.050938669592142105,0.0,0.0,0.9987016916275024,0.028022265061736107,0.0,0.0,0.9996069669723511,-0.001782066048306219
-239.44566728157665,818.4138053115745,0.0,8.957523457379432,0.05248131603002548,0.0,0.0,0.9986218214035034,0.02946634218096733,0.0,0.0,0.9995654821395874,-0.4506181085668166
-239.13651801912164,821.1427739749632,0.0,8.967150366210955,0.054027456790208817,0.0,0.0,0.9985393285751343,0.03091622143983841,0.0,0.0,0.9995216727256775,-0.002268273565049772
-238.8185601882056,823.8733232996553,0.0,8.976668939242838,0.0555771067738533,0.0,0.0,0.998454213142395,0.03237173706293106,0.0,0.0,0.9994755983352661,-0.4510988445785279
-238.49176623916193,826.6053878795112,0.0,8.986078958833572,0.05713023990392685,0.0,0.0,0.9983665347099304,0.033832572400569916,0.0,0.0,0.9994272589683533,-0.002743527079733299
-238.15610898477382,829.338902125524,0.0,8.995380207341634,0.058686885982751846,0.0,0.0,0.9982762932777405,0.03529908135533333,0.0,0.0,0.9993765950202942,-0.4515686046041876
-237.81156160285494,832.0738002691197,0.0,9.004572467125524,0.060246944427490234,0.0,0.0,0.9981833696365356,0.03677082061767578,0.0,0.0,0.9993235468864441,-0.0032077826243742114
-237.45809763882684,834.8100163654838,0.0,9.013655520543725,0.061810389161109924,0.0,0.0,0.9980877637863159,0.03824779391288757,0.0,0.0,0.9992680549621582,-0.4520273446758139
-237.09569100829125,837.5474842969184,0.0,9.022629149954733,0.06337717175483704,0.0,0.0,0.9979895353317261,0.03972974419593811,0.0,0.0,0.9992101788520813,-0.003660996230990754
-236.7243159995979,840.28613777623,0.0,9.031493137717035,0.06494740396738052,0.0,0.0,0.9978886246681213,0.04121677950024605,0.0,0.0,0.9991499185562134,-0.4524750208254251
-236.34394727640813,843.0259103501438,0.0,9.040247266189123,0.0665210485458374,0.0,0.0,0.9977849125862122,0.04270876571536064,0.0,0.0,0.9990872740745544,-0.004103123931601282
-235.9545598802535,845.7667354027484,0.0,9.048891317729483,0.06809800118207932,0.0,0.0,0.9976785182952881,0.04420546442270279,0.0,0.0,0.9990221858024597,-0.45291158908503926
-235.5561292330892,848.5085461589688,0.0,9.057425074696607,0.06967831403017044,0.0,0.0,0.9975694417953491,0.04570674151182175,0.0,0.0,0.998954713344574,-0.004534121758223708
-235.14863113984333,851.2512756880673,0.0,9.065848319448984,0.07126204669475555,0.0,0.0,0.9974575042724609,0.04721298813819885,0.0,0.0,0.9988847374916077,-0.45333700548667444
-234.73204179096024,853.9948569071734,0.0,9.074160834345106,0.07284907251596451,0.0,0.0,0.9973428845405579,0.04872354492545128,0.0,0.0,0.998812198638916,-0.004953945742876331
-234.30633776493866,856.7392225848405,0.0,9.082362401743458,0.07443936169147491,0.0,0.0,0.9972254037857056,0.05023869872093201,0.0,0.0,0.998737096786499,-0.4537512260623488
-233.87149603086573,859.4843053446316,0.0,9.090452804002537,0.07603304833173752,0.0,0.0,0.9971052408218384,0.05175849050283432,0.0,0.0,0.9986594915390015,-0.005362551917577285
-233.42749395094364,862.2300376687315,0.0,9.098431823480826,0.07763000577688217,0.0,0.0,0.9969821572303772,0.053282737731933594,0.0,0.0,0.9985792636871338,-0.4541542068440806
-232.9743092830121,864.976351901587,0.0,9.106299242536819,0.07923007756471634,0.0,0.0,0.9968562126159668,0.05481148883700371,0.0,0.0,0.998496413230896,-0.0057598963143445925
-232.5119201830646,867.7231802535728,0.0,9.114054843529003,0.08083304017782211,0.0,0.0,0.9967275857925415,0.05634438246488571,0.0,0.0,0.9984111189842224,-0.4545459038638878
-232.040305207759,870.4704548046866,0.0,9.12169840881587,0.08243821561336517,0.0,0.0,0.9965960383415222,0.057881470769643784,0.0,0.0,0.9983232021331787,-0.006145934965196498
-231.55944331692146,873.2181075082675,0.0,9.129229720755909,0.08404479920864105,0.0,0.0,0.996461808681488,0.0594228059053421,0.0,0.0,0.9982327222824097,-0.45492627315378875
-231.0693138760455,875.9660701947458,0.0,9.136648561707608,0.08565172553062439,0.0,0.0,0.9963249564170837,0.060968343168497086,0.0,0.0,0.9981395602226257,-0.006520623902150968
-230.56989665878376,878.7142745754112,0.0,9.14395471402946,0.08725732564926147,0.0,0.0,0.9961856007575989,0.06251788139343262,0.0,0.0,0.9980436563491821,-0.45529527074580156
-230.06117184943398,881.462652246215,0.0,9.151147960079953,0.0888596624135971,0.0,0.0,0.9960439801216125,0.06407158076763153,0.0,0.0,0.9979451298713684,-0.006883919157226359
-229.54312004541808,884.2111346915922,0.0,9.158228082217576,0.09045621752738953,0.0,0.0,0.9959002137184143,0.06562936305999756,0.0,0.0,0.9978439211845398,-0.4556528526719441
-229.0157222597553,886.959653288312,0.0,9.165194862800822,0.09204405546188354,0.0,0.0,0.9957547783851624,0.06719112396240234,0.0,0.0,0.9977399706840515,-0.00723577676244086
-228.4789599235276,889.7081393093515,0.0,9.172048084188177,0.09361965954303741,0.0,0.0,0.995607852935791,0.06875679641962051,0.0,0.0,0.9976332783699036,-0.4559989749642347
-227.93281488833938,892.4565239277952,0.0,9.178787528738132,0.09517908096313477,0.0,0.0,0.995460033416748,0.07032644748687744,0.0,0.0,0.9975239038467407,-0.0075761527498123815
-227.37726942876898,895.2047382207586,0.0,9.185412978809183,0.09671769291162491,0.0,0.0,0.9953117370605469,0.07189987599849701,0.0,0.0,0.9974117279052734,-0.4563335936546918
-226.81230624481407,897.9527131733373,0.0,9.191924216759809,0.09823033213615417,0.0,0.0,0.9951635599136353,0.07347702234983444,0.0,0.0,0.9972968101501465,-0.007905003151359113
-226.23790846432914,900.7003796825777,0.0,9.198321024948505,0.0997113510966301,0.0,0.0,0.99501633644104,0.07505831122398376,0.0,0.0,0.9971789717674255,-0.45665666477533307
-225.65405964545585,903.4476685614734,0.0,9.204603185733763,0.10115426033735275,0.0,0.0,0.9948707222938538,0.07664331793785095,0.0,0.0,0.9970584511756897,-0.008222283999099356
-225.06074390292585,906.1945099740594,0.0,9.210768572937576,0.10255122184753418,0.0,0.0,0.9947187900543213,0.07823201268911362,0.0,0.0,0.9969351291656494,-0.45696804796744483
-224.457952274515,908.9408047196023,0.0,9.216718625715131,0.10389678925275803,0.0,0.0,0.994580864906311,0.07982441037893295,0.0,0.0,0.9968088865280151,-0.008522791715137534
-223.84569256738388,911.686382726975,0.0,9.222214869618554,0.10518085956573486,0.0,0.0,0.9944390654563904,0.0814194306731224,0.0,0.0,0.9966799020767212,-0.45724563604337526
-223.22399476230413,914.4310019602063,0.0,9.227007846553791,0.10639582574367523,0.0,0.0,0.9943044185638428,0.0830128937959671,0.0,0.0,0.9965484142303467,-0.008764861257321233
-222.59320123141296,917.1745028158253,0.0,9.2308480984268,0.10753309726715088,0.0,0.0,0.994178056716919,0.08459653705358505,0.0,0.0,0.9964151382446289,-0.45743958815817376
-221.9541856777325,919.9169245332146,0.0,9.233486167143528,0.10858504474163055,0.0,0.0,0.9940609931945801,0.08616317808628082,0.0,0.0,0.99628084897995,-0.008898097051095344
-221.30789603574667,922.6582612231332,0.0,9.234672594609933,0.10954508930444717,0.0,0.0,0.9939540028572083,0.0877051055431366,0.0,0.0,0.9961463212966919,-0.45749950873728507
-220.65530312621482,925.398434213566,0.0,9.234157922731969,0.11040763556957245,0.0,0.0,0.9938579201698303,0.08921541273593903,0.0,0.0,0.996012270450592,-0.008872103521905261
-219.99740000003771,928.1372914296456,0.0,9.23169269341558,0.11116796731948853,0.0,0.0,0.993773341178894,0.09068726748228073,0.0,0.0,0.9958793520927429,-0.4573750022061543
-219.3352009348187,930.874606600752,0.0,9.227027448566728,0.11182226240634918,0.0,0.0,0.9937008023262024,0.09211445599794388,0.0,0.0,0.9957484006881714,-0.008636485095195656
-218.66974008603663,933.6100782961788,0.0,9.219912730091362,0.11236733943223953,0.0,0.0,0.993640661239624,0.09349096566438675,0.0,0.0,0.99562007188797,-0.45701567299022666
-218.0020697960483,936.3433287914655,0.0,9.210099079895432,0.11280068010091782,0.0,0.0,0.9935932755470276,0.09481121599674225,0.0,0.0,0.9954952001571655,-0.008140846196411311
-217.33325856563297,939.0739027682896,0.0,9.197337039884898,0.11312063038349152,0.0,0.0,0.9935588836669922,0.09606987982988358,0.0,0.0,0.9953744411468506,-0.45637112551494713
-216.66438869447362,941.8012658517239,0.0,9.181377151965705,0.11332590878009796,0.0,0.0,0.9935374855995178,0.09726187586784363,0.0,0.0,0.9952587485313416,-0.007334791250997563
-215.9965592889224,944.5247797720124,0.0,9.161891885818516,0.11341563612222672,0.0,0.0,0.993529200553894,0.09838283061981201,0.0,0.0,0.9951485991477966,-0.455387021164079
-215.33098065853446,947.2433020501987,0.0,9.137215184020581,0.11338936537504196,0.0,0.0,0.9935340285301208,0.09942793846130371,0.0,0.0,0.9950447678565979,-0.006088493180394783
-214.66905133285965,949.9548464864733,0.0,9.104555869790227,0.11324714124202728,0.0,0.0,0.9935517907142639,0.10039365291595459,0.0,0.0,0.9949477910995483,-0.45373756084941463
-214.01235222211972,952.6565653655327,0.0,9.061087779673867,0.11298923194408417,0.0,0.0,0.9935823082923889,0.10127632319927216,0.0,0.0,0.9948583245277405,-0.0038931350937099762
-213.36263464470417,955.344740316782,0.0,9.003984750217926,0.11261648684740067,0.0,0.0,0.9936253428459167,0.10207279771566391,0.0,0.0,0.9947769641876221,-0.45085356946275096
-212.72180498531577,958.0147715751773,0.0,8.930420617968819,0.11213065683841705,0.0,0.0,0.993680477142334,0.10278037935495377,0.0,0.0,0.9947041869163513,-0.00017777487910858314
-212.09190629906357,960.6611658345803,0.0,8.837569219472968,0.1115352064371109,0.0,0.0,0.9937471151351929,0.10339675098657608,0.0,0.0,0.994636595249176,-0.4461641048922534
-211.4750295325936,963.2778118951034,0.0,8.723566843397569,0.1108352318406105,0.0,0.0,0.9938244819641113,0.10392070561647415,0.0,0.0,0.9945794939994812,0.005579920882275213
-210.87300033788878,965.8592343997847,0.0,8.590756295687967,0.11003806442022324,0.0,0.0,0.9939115643501282,0.10435119271278381,0.0,0.0,0.9945329427719116,-0.4394565014725766
-210.28729505454274,968.400940860273,0.0,8.442629299505676,0.10915341228246689,0.0,0.0,0.9940071105957031,0.10468781739473343,0.0,0.0,0.9944968223571777,0.013061082305623306
-209.71904454373572,970.8994279213077,0.0,8.28267760510615,0.10819336771965027,0.0,0.0,0.994109570980072,0.10493066906929016,0.0,0.0,0.99447101354599,-0.43137813306856015
-209.16904269109872,973.3521898040112,0.0,8.114392962744848,0.10717262327671051,0.0,0.0,0.9942173957824707,0.10508009046316147,0.0,0.0,0.9944554567337036,0.021560306667305185
-208.63775900152163,975.7577286118578,0.0,7.941267122677277,0.10610819607973099,0.0,0.0,0.9943286776542664,0.10513679683208466,0.0,0.0,0.9944498538970947,-0.42263440377221817
-208.12535467547508,978.1155661681839,0.0,7.766791835158889,0.10501948744058609,0.0,0.0,0.9944413900375366,0.10510227084159851,0.0,0.0,0.9944539070129395,0.0303721898753046
-207.63170156157364,980.4262570674797,0.0,7.594458850445151,0.10392816364765167,0.0,0.0,0.9945534467697144,0.10497775673866272,0.0,0.0,0.9944672584533691,-0.4139307176755647
-207.15640342277914,982.691402654866,0.0,7.427759918791534,0.10285782068967819,0.0,0.0,0.9946625828742981,0.10476535558700562,0.0,0.0,0.9944895505905151,0.038791327837608414
-206.69881903042773,984.9136656973724,0.0,7.270186790453508,0.10183385014533997,0.0,0.0,0.9947664737701416,0.10446629673242569,0.0,0.0,0.9945205450057983,-0.40597247887061383
-206.25808670762797,987.0967855751555,0.0,7.125231215686539,0.1008836179971695,0.0,0.0,0.9948626160621643,0.10408250987529755,0.0,0.0,0.9945597648620605,0.04611231646220276
-205.83315007816728,989.2455938989206,0.0,6.996384944746099,0.10003619641065598,0.0,0.0,0.9949484467506409,0.10361592471599579,0.0,0.0,0.9946068525314331,-0.3994650914493795
-205.42278954818906,991.3660064500434,0.0,6.88706154827559,0.09932302683591843,0.0,0.0,0.9950211048126221,0.10306776314973831,0.0,0.0,0.9946613907814026,0.051633700122329484
-205.0258506304421,993.4639661316298,0.0,6.797201562648819,0.0987778902053833,0.0,0.0,0.99507737159729,0.10243953764438629,0.0,0.0,0.9947230815887451,-0.3949267083369163
-204.64152176168588,995.543965207469,0.0,6.721965579036429,0.09843802452087402,0.0,0.0,0.995113730430603,0.10173332691192627,0.0,0.0,0.9947971105575562,0.05543349727447039
-204.2693303295311,997.6089211267606,0.0,6.656166239141921,0.0983446016907692,0.0,0.0,0.9951258897781372,0.10095874965190887,0.0,0.0,0.9948773980140686,-0.39160350935234517
-203.90905882186044,999.660122604672,0.0,6.594616184668791,0.0985434278845787,0.0,0.0,0.9951086640357971,0.1001494973897934,0.0,0.0,0.9949604272842407,0.05854208588422444
-203.55898955791736,1001.6961182525424,0.0,6.532128057320541,0.09908048808574677,0.0,0.0,0.9950563907623291,0.09935639053583145,0.0,0.0,0.9950411319732666,-0.3884475433246558
-203.21566447979484,1003.7125647126043,0.0,6.463514498800667,0.09999565035104752,0.0,0.0,0.9949632883071899,0.09862653911113739,0.0,0.0,0.9951147437095642,0.06200741712260188
-202.87599787370053,1005.7035646214634,0.0,6.383588150812659,0.10132400691509247,0.0,0.0,0.9948335886001587,0.09800253808498383,0.0,0.0,0.9951730966567993,-0.3844108590828372
-202.53745684045944,1007.6617819104569,0.0,6.287161655060036,0.10309386253356934,0.0,0.0,0.9946554899215698,0.09752391278743744,0.0,0.0,0.9952185153961182,0.06687744216061314
-202.19806750928657,1009.5789582128848,0.0,6.170526800701809,0.10532805323600769,0.0,0.0,0.9944244623184204,0.09722461551427841,0.0,0.0,0.9952476620674133,-0.3785202098728257
-201.8561626604724,1011.4479044242646,0.0,6.036198656956493,0.10804452002048492,0.0,0.0,0.9941354393959045,0.09713456779718399,0.0,0.0,0.9952571392059326,0.07366169184471999
-201.51033248684857,1013.2630349716208,0.0,5.8883287186061475,0.11125567555427551,0.0,0.0,0.993783175945282,0.09727983921766281,0.0,0.0,0.995243489742279,-0.37105203116826274
-201.1594228006828,1015.0203661916282,0.0,5.73106848786969,0.11496946960687637,0.0,0.0,0.9933620095252991,0.09768177568912506,0.0,0.0,0.9952031970024109,0.08160412774050063
-200.80249867687047,1016.7174924857601,0.0,5.568569466966032,0.11918919533491135,0.0,0.0,0.9928659200668335,0.09835831820964813,0.0,0.0,0.9951379895210266,-0.3628450099105022
-200.43877905888021,1018.3535438163846,0.0,5.404983158114088,0.12391457706689835,0.0,0.0,0.9922882318496704,0.09932398051023483,0.0,0.0,0.9950432777404785,0.08986606253100288
-200.06754801856786,1019.9291282091951,0.0,5.244461063532769,0.1291421800851822,0.0,0.0,0.991622269153595,0.10059094429016113,0.0,0.0,0.9949172139167786,-0.35473783341649623
-199.6880480481545,1021.4462627240438,0.0,5.091154685440989,0.13486558198928833,0.0,0.0,0.9908607602119446,0.10216885060071945,0.0,0.0,0.9947574138641357,0.09760880889927459
-199.29937336679603,1022.90824723046,0.0,4.94905007793641,0.14107723534107208,0.0,0.0,0.989996075630188,0.1040649563074112,0.0,0.0,0.9945617318153381,-0.3475608330374771
-198.90056407467898,1024.3188271138451,0.0,4.8195385057107,0.14776812493801117,0.0,0.0,0.9890199303627014,0.10628654062747955,0.0,0.0,0.9943276047706604,0.10414979739552258
-198.49071575526892,1025.681551091092,0.0,4.70195098621528,0.15492862462997437,0.0,0.0,0.9879238605499268,0.10883931070566177,0.0,0.0,0.9940520524978638,-0.34162206942659734
-198.0689598636497,1026.9997390581277,0.0,4.5955617837247145,0.1625475138425827,0.0,0.0,0.9866992235183716,0.11172674596309662,0.0,0.0,0.9937323331832886,0.10952298944050065
-197.6344465281046,1028.2764711174818,0.0,4.499645162513563,0.17061229050159454,0.0,0.0,0.9853370189666748,0.11495357751846313,0.0,0.0,0.9933648705482483,-0.3367777956280543
-197.18633285235458,1029.5145801385354,0.0,4.413475386856383,0.179108127951622,0.0,0.0,0.9838283658027649,0.11852344125509262,0.0,0.0,0.9929458498954773,0.11387499831207537
-196.72377587565683,1030.7166473088923,0.0,4.33632672102773,0.1880195289850235,0.0,0.0,0.9821644425392151,0.12243907898664474,0.0,0.0,0.9924710988998413,-0.3328813983639809
-196.24592951189595,1031.885000240744,0.0,4.267473429302176,0.1973273754119873,0.0,0.0,0.9803367853164673,0.12670230865478516,0.0,0.0,0.9919362664222717,0.11735243728811345
-195.7519449280287,1033.0217132856574,0.0,4.206189775954275,0.20701168477535248,0.0,0.0,0.9783376455307007,0.1313151866197586,0.0,0.0,0.9913366436958313,-0.32978626435651115
-195.24097393955708,1034.1286097866603,0.0,4.151750025258584,0.217049241065979,0.0,0.0,0.976159930229187,0.13627943396568298,0.0,0.0,0.9906667470932007,0.12010191964648165
-194.71217509853514,1035.2072660593983,0.0,4.103428441489665,0.22741353511810303,0.0,0.0,0.973797619342804,0.14159521460533142,0.0,0.0,0.9899212718009949,-0.32734578032777784
-194.16472223003768,1036.2590169458415,0.0,4.060499288922076,0.23807686567306519,0.0,0.0,0.9712457656860352,0.14726361632347107,0.0,0.0,0.9890941977500916,0.12227005866504673
-193.59781523780296,1037.2849628256618,0.0,4.022236831830377,0.24900804460048676,0.0,0.0,0.9685010313987732,0.15328404307365417,0.0,0.0,0.9881793856620789,-0.32541333299991426
-193.01069305039726,1038.2859780029182,0.0,3.987915334489129,0.2601745128631592,0.0,0.0,0.9655612707138062,0.15965376794338226,0.0,0.0,0.9871705174446106,0.12400346762167544
-192.4026486169735,1039.2627204099183,0.0,3.9568090611728888,0.2715406119823456,0.0,0.0,0.9624266028404236,0.16637080907821655,0.0,0.0,0.9860609173774719,-0.3238423090950536
-191.7730458875151,1040.215642586675,0.0,3.928192276156218,0.28307002782821655,0.0,0.0,0.9590989351272583,0.17343321442604065,0.0,0.0,0.9848435521125793,0.12544875979423456
-191.12133872720918,1041.1450039038182,0.0,3.9013392437136765,0.2947239875793457,0.0,0.0,0.9555821418762207,0.18083548545837402,0.0,0.0,0.9835115075111389,-0.32248609533532935
-190.4470915192358,1042.0508842599477,0.0,3.8755253531271157,0.30646276473999023,0.0,0.0,0.9518823623657227,0.18856675922870636,0.0,0.0,0.9820587635040283,0.12675249164204067
-189.7499570039511,1042.9332536594034,0.0,3.8502683834422933,0.3182450532913208,0.0,0.0,0.9480082988739014,0.19662214815616608,0.0,0.0,0.9804779291152954,-0.32121049080579284
-189.02958759144263,1043.7921027752504,0.0,3.825628839333554,0.33003127574920654,0.0,0.0,0.9439697861671448,0.2049926221370697,0.0,0.0,0.9787622094154358,0.12799691306167396
-188.28561705248407,1044.6274566495913,0.0,3.8017409586188524,0.341779500246048,0.0,0.0,0.939780056476593,0.2136629819869995,0.0,0.0,0.9769062995910645,-0.3200040321838382
-187.51765401384637,1045.4393704992535,0.0,3.778738979116144,0.3534505069255829,0.0,0.0,0.9354531168937683,0.22261181473731995,0.0,0.0,0.9749062061309814,0.1291586291981744
-186.72542301041935,1046.2279586967236,0.0,3.75675713864339,0.36500632762908936,0.0,0.0,0.9310049414634705,0.23179791867733002,0.0,0.0,0.9727630615234375,-0.3188938382205678
-185.90976999498048,1046.9936186229827,0.0,3.7359296750185433,0.3764146566390991,0.0,0.0,0.9264512658119202,0.2411801517009735,0.0,0.0,0.9704794883728027,0.1302105213004394
-185.0720051007733,1047.7368793908513,0.0,3.71639082605956,0.38764938712120056,0.0,0.0,0.9218068718910217,0.25071680545806885,0.0,0.0,0.9680596590042114,-0.3179070276670838
-184.2133355348479,1048.4582707937338,0.0,3.698274829584399,0.3986893892288208,0.0,0.0,0.9170860052108765,0.2603704631328583,0.0,0.0,0.9655081033706665,0.13112547061736665
-183.33486272004131,1049.1583194132356,0.0,3.6817159234110126,0.4095197021961212,0.0,0.0,0.9123011827468872,0.2701086401939392,0.0,0.0,0.9628292322158813,-0.3170707192744885
-182.43758343535617,1049.8375455193689,0.0,3.666848345357362,0.4201272428035736,0.0,0.0,0.9074651002883911,0.2798999845981598,0.0,0.0,0.9600285887718201,0.13187635839785405
-181.5223914428483,1050.496459965701,0.0,3.653806333241399,0.43050214648246765,0.0,0.0,0.9025894403457642,0.2897230386734009,0.0,0.0,0.9571100473403931,-0.31641203179388433
-180.59007958684114,1051.1355610688722,0.0,3.642724124881082,0.4406352937221527,0.0,0.0,0.8976860642433167,0.29955151677131653,0.0,0.0,0.9540796875953674,0.1324360658907994
-179.64134235547394,1051.7553314608922,0.0,3.6337359580943693,0.4505191147327423,0.0,0.0,0.8927667140960693,0.30936694145202637,0.0,0.0,0.95094233751297,-0.3159580839763736
-178.67677889917692,1052.3562349016245,0.0,3.6269760706992145,0.4601438641548157,0.0,0.0,0.8878442049026489,0.3191477656364441,0.0,0.0,0.947704553604126,0.13277747434510015
-177.69689650567426,1052.9387130378477,0.0,3.6225787005135737,0.4695012867450714,0.0,0.0,0.8829315900802612,0.32888171076774597,0.0,0.0,0.9443707466125488,-0.3157359945730584
-176.70211453656432,1053.5031820942309,0.0,3.620678085355405,0.4785795211791992,0.0,0.0,0.8780439496040344,0.3385530710220337,0.0,0.0,0.9409469962120056,0.13287346500965413
-175.69276883643042,1054.050029480534,0.0,3.621408463042665,0.48736605048179626,0.0,0.0,0.8731974959373474,0.3481525182723999,0.0,0.0,0.9374375939369202,-0.31577288233504125
-174.6691166318376,1054.5796102982563,0.0,3.624904071393308,0.4958449900150299,0.0,0.0,0.8684109449386597,0.3576672375202179,0.0,0.0,0.9338487982749939,0.13269691913335904
-173.63134194448202,1055.0922437288973,0.0,3.6312991482252936,0.5039983987808228,0.0,0.0,0.8637045621871948,0.3670923113822937,0.0,0.0,0.9301843047142029,-0.3160958660134244
-172.57956155025724,1055.588209284877,0.0,3.640727931356574,0.5118045806884766,0.0,0.0,0.8591018915176392,0.37642332911491394,0.0,0.0,0.9264475703239441,0.13222071796511256
-171.5138315240855,1056.0677429030636,0.0,3.653324658605109,0.5192373991012573,0.0,0.0,0.8546299934387207,0.3856542110443115,0.0,0.0,0.9226431846618652,-0.31673206435931
-170.43415441912614,1056.5310328597175,0.0,3.669223567788854,0.5262682437896729,0.0,0.0,0.850318431854248,0.394779235124588,0.0,0.0,0.918775737285614,0.13141774275381235
-169.34050722120435,1056.9782074717195,0.0,3.6884913986177597,0.5328642725944519,0.0,0.0,0.8462005853652954,0.40379878878593445,0.0,0.0,0.9148474931716919,-0.31770518712844664
-168.23293586007668,1057.4092999376794,0.0,3.7109100491940894,0.5389886498451233,0.0,0.0,0.8423128724098206,0.41271233558654785,0.0,0.0,0.910861074924469,0.13028548767419973
-167.11158976277127,1057.824244497513,0.0,3.736186293007385,0.5446009635925293,0.0,0.0,0.8386950492858887,0.4215191602706909,0.0,0.0,0.906819224357605,-0.31898176509881515
-165.976733596451,1058.2228826802627,0.0,3.76402690314246,0.5496580004692078,0.0,0.0,0.8353895545005798,0.4302176535129547,0.0,0.0,0.9027249217033386,0.12887939625323638
-164.8287580182016,1058.6049756691555,0.0,3.79413865268413,0.5541135668754578,0.0,0.0,0.8324408531188965,0.4387781620025635,0.0,0.0,0.8985952138900757,-0.32050256053021264
-163.6681894175942,1058.9710983293187,0.0,3.826228314717208,0.5579207539558411,0.0,0.0,0.8298940062522888,0.4471578598022461,0.0,0.0,0.8944548964500427,0.1272587062515658
-162.4956986201463,1059.3236484354393,0.0,3.86000266232651,0.561038613319397,0.0,0.0,0.8277894854545593,0.4553106725215912,0.0,0.0,0.8903324604034424,-0.3222083356619956
-161.3121085039657,1059.6653383812964,0.0,3.8951684685968484,0.5634313225746155,0.0,0.0,0.8261628150939941,0.4631878435611725,0.0,0.0,0.8862600326538086,0.12548265542983153
-160.11840046787754,1059.998997787419,0.0,3.9314325066130373,0.5650696158409119,0.0,0.0,0.8250430226325989,0.4707461893558502,0.0,0.0,0.8822686672210693,-0.32403985273352026
-158.91571967719773,1060.327590457179,0.0,3.968501549459894,0.5659257173538208,0.0,0.0,0.8244500756263733,0.47794216871261597,0.0,0.0,0.8783912658691406,0.12361048154867715
-157.70537900315526,1060.6542283883095,0.0,4.006082370222229,0.5659867525100708,0.0,0.0,0.8244087100028992,0.4847332835197449,0.0,0.0,0.8746619820594788,-0.32593787398414326
-156.48886156379885,1060.9821826301263,0.0,4.043881741984859,0.5652353763580322,0.0,0.0,0.8249200582504272,0.49107620120048523,0.0,0.0,0.871116578578949,0.12170142236874634
-155.2678217682033,1061.314890759917,0.0,4.0816064378326,0.5636706948280334,0.0,0.0,0.8259917497634888,0.4969305396080017,0.0,0.0,0.867790162563324,-0.3278431616532211
-154.04408476198108,1061.6559607404258,0.0,4.118963230850258,0.5612919926643372,0.0,0.0,0.82761150598526,0.5022522211074829,0.0,0.0,0.8647210001945496,0.11981471565068283
-152.8196441706413,1062.0091709142698,0.0,4.155658894122661,0.5581086874008179,0.0,0.0,0.8297626972198486,0.5069954991340637,0.0,0.0,0.8619486689567566,-0.32969647798011015
-151.59665695863166,1062.3784662255637,0.0,4.191403920946059,0.554140031337738,0.0,0.0,0.8324192762374878,0.5111166834831238,0.0,0.0,0.8595112562179565,0.11800941126566272
-150.37739391968668,1062.7679642192566,0.0,4.226060894567853,0.5494154691696167,0.0,0.0,0.8355460166931152,0.5145743489265442,0.0,0.0,0.8574456572532654,-0.33144683018323107
-149.16417764788503,1063.1819665465096,0.0,4.259694399998227,0.5439758896827698,0.0,0.0,0.8390982747077942,0.5173208117485046,0.0,0.0,0.8557913899421692,0.1163107493752398
-147.9593770819518,1063.6249558782995,0.0,4.29238297754585,0.5378730297088623,0.0,0.0,0.8430237174034119,0.5193175077438354,0.0,0.0,0.8545812368392944,-0.33309776844321204
-146.76540203364422,1064.1015816208085,0.0,4.3242051675193744,0.5311712026596069,0.0,0.0,0.8472627401351929,0.5205665826797485,0.0,0.0,0.8538209795951843,0.11470356806344564
-145.5840573990525,1064.6151058209573,0.0,4.355239510227445,0.5239410400390625,0.0,0.0,0.8517531752586365,0.5211039781570435,0.0,0.0,0.8534886240959167,-0.33466515948907416
-144.41583149192377,1065.1656905987104,0.0,4.385564545978733,0.5162506103515625,0.0,0.0,0.8564364910125732,0.5209754705429077,0.0,0.0,0.8535670638084412,0.1131720006012594
-143.2610117762014,1065.7530798116952,0.0,4.41525881508188,0.508162796497345,0.0,0.0,0.8612600564956665,0.5202207565307617,0.0,0.0,0.8540276885032654,-0.3361648700498392
-142.1198434934911,1066.3769791415125,0.0,4.444400857845558,0.4997365176677704,0.0,0.0,0.8661766648292542,0.5188775658607483,0.0,0.0,0.8548448085784912,0.1117001802596595
-140.99253156248298,1067.0370592438803,0.0,4.4730692145784055,0.4910266697406769,0.0,0.0,0.8711438775062561,0.516985297203064,0.0,0.0,0.8559907674789429,-0.33761276685452846
-139.87924244504444,1067.7329587616703,0.0,4.501342425589094,0.4820842742919922,0.0,0.0,0.8761242628097534,0.5145796537399292,0.0,0.0,0.8574394583702087,0.11027224030962474
-138.78010597348847,1068.4642871876295,0.0,4.529299031186264,0.4729573726654053,0.0,0.0,0.8810847401618958,0.511695146560669,0.0,0.0,0.8591642379760742,-0.33902471663216327
-137.6952171338651,1069.2306275642045,0.0,4.557017571678584,0.4636905789375305,0.0,0.0,0.8859966993331909,0.5083664059638977,0.0,0.0,0.8611381649971008,0.10887231402213379
-136.62463780041804,1070.031539008439,0.0,4.584576587374702,0.4543248414993286,0.0,0.0,0.8908356428146362,0.5046265125274658,0.0,0.0,0.863335371017456,-0.3404165861117652
-135.56839841663475,1070.8665590503804,0.0,4.61205461858328,0.44489869475364685,0.0,0.0,0.895580530166626,0.5005072355270386,0.0,0.0,0.8657301664352417,0.10748453466816518
-134.5264996185506,1071.7352057738221,0.0,4.6395302056129655,0.4354466199874878,0.0,0.0,0.9002143144607544,0.49604058265686035,0.0,0.0,0.868297278881073,-0.3418042420223554
-133.4989137961885,1072.6369797485145,0.0,4.667081888772425,0.4260002672672272,0.0,0.0,0.9047228693962097,0.4912525415420532,0.0,0.0,0.8710153698921204,0.10609303551869756
-132.48558658919498,1073.571365743178,0.0,4.6947882083703005,0.41658926010131836,0.0,0.0,0.9090946912765503,0.48617419600486755,0.0,0.0,0.873860239982605,-0.34320355109295514
-131.48643831287296,1074.5378342087906,0.0,4.722727704715264,0.40723881125450134,0.0,0.0,0.9133215546607971,0.48083263635635376,0.0,0.0,0.8768108487129211,0.1046819498447095
-130.50136531093383,1075.5358425216436,0.0,4.750978918115962,0.3979727625846863,0.0,0.0,0.9173970818519592,0.4752558469772339,0.0,0.0,0.8798462152481079,-0.34463038005258634
-129.5302412313573,1076.5648359755774,0.0,4.7796203888810425,0.3888116776943207,0.0,0.0,0.9213169813156128,0.4694676101207733,0.0,0.0,0.8829483985900879,0.10323541091718016
-128.5729182217953,1077.6242485126782,0.0,4.8087306573191775,0.379774272441864,0.0,0.0,0.9250788688659668,0.4634911119937897,0.0,0.0,0.8861004114151001,-0.34610059563026996
-127.62922808558805,1078.7135031288042,0.0,4.838388032504316,0.3708765506744385,0.0,0.0,0.9286818504333496,0.45735225081443787,0.0,0.0,0.8892845511436462,0.10173756368560755
-126.69899200902387,1079.8320013606558,0.0,4.868624774314813,0.36213240027427673,0.0,0.0,0.9321264624595642,0.45107319951057434,0.0,0.0,0.892486035823822,-0.3476277038025173
-125.78203936348133,1080.9790982352797,0.0,4.8993718235840555,0.35355356335639954,0.0,0.0,0.9354140758514404,0.4446743130683899,0.0,0.0,0.8956916332244873,0.10018468240938319
-124.87820820806759,1082.1540956969488,0.0,4.930546629844937,0.34515050053596497,0.0,0.0,0.9385472536087036,0.4381769895553589,0.0,0.0,0.898888111114502,-0.3492021889672083
-123.98734314371845,1083.3562391937921,0.0,4.962066642630318,0.3369317352771759,0.0,0.0,0.9415290355682373,0.4316001534461975,0.0,0.0,0.9020645618438721,0.09859276257173771
-123.10929323572046,1084.5847144965576,0.0,4.993849311473099,0.3289041519165039,0.0,0.0,0.9443632364273071,0.42496320605278015,0.0,0.0,0.9052102565765381,-0.35080737426229824
-122.24391000861996,1085.838644761515,0.0,5.0258120859061375,0.3210732638835907,0.0,0.0,0.9470542669296265,0.4182855784893036,0.0,0.0,0.9083151817321777,0.09697848103471557
-121.39104551786237,1087.1170878502035,0.0,5.057872415462332,0.3134433925151825,0.0,0.0,0.9496067762374878,0.4115806818008423,0.0,0.0,0.9113729000091553,-0.3524265828257424
-120.55055050283987,1088.4190873701286,0.0,5.089947749674544,0.30601775646209717,0.0,0.0,0.9520257711410522,0.4048615097999573,0.0,0.0,0.9143776893615723,0.09535851466036138
-119.7222726263272,1089.7440633408828,0.0,5.121955538075673,0.2987990975379944,0.0,0.0,0.9543159604072571,0.3981384038925171,0.0,0.0,0.9173250794410706,-0.35404313779549634
-118.90605480554228,1091.0916032927466,0.0,5.153813230198572,0.2917897701263428,0.0,0.0,0.9564824104309082,0.3914216160774231,0.0,0.0,0.9202111959457397,0.09374954031072003
-118.10173364028945,1092.4612501460292,0.0,5.185438275576145,0.28499212861061096,0.0,0.0,0.9585297703742981,0.38472211360931396,0.0,0.0,0.9230322241783142,-0.3556403623095152
-117.3091379438211,1093.8524994817094,0.0,5.216748123741252,0.27840784192085266,0.0,0.0,0.9604628086090088,0.37804973125457764,0.0,0.0,0.9257850050926208,0.09216823484783582
-116.52808738218359,1095.2647984511455,0.0,5.247660224226788,0.2720378339290619,0.0,0.0,0.9622864723205566,0.3714124858379364,0.0,0.0,0.9284676909446716,-0.3572015795057544
-115.75839122791045,1096.697544842262,0.0,5.2780920265656235,0.2658831775188446,0.0,0.0,0.964005172252655,0.36482077836990356,0.0,0.0,0.9310775399208069,0.09063127513375319
-114.99984723396076,1098.1500863094143,0.0,5.3079609802906305,0.2599438428878784,0.0,0.0,0.965623676776886,0.35828378796577454,0.0,0.0,0.933612585067749,-0.35871011252216883
-114.25224063380517,1099.6217197740427,0.0,5.337184534934703,0.2542186975479126,0.0,0.0,0.9671466946601868,0.35180994868278503,0.0,0.0,0.9360713362693787,0.08915533803051717
-113.51534327350822,1101.1116910031078,0.0,5.365680140030705,0.24870659410953522,0.0,0.0,0.9685788154602051,0.3454068899154663,0.0,0.0,0.9384528994560242,-0.36014928449671435
-112.78891288155543,1102.619194372093,0.0,5.39336524511153,0.24340523779392242,0.0,0.0,0.9699246883392334,0.3390834629535675,0.0,0.0,0.9407561421394348,0.08775710040017243
-112.07269248202462,1104.1433728191091,0.0,5.420157299710043,0.23831166326999664,0.0,0.0,0.9711886644363403,0.3328486382961273,0.0,0.0,0.942980170249939,-0.36150241856734633
-111.36640995650063,1105.6833179963105,0.0,5.445973753359138,0.2334219366312027,0.0,0.0,0.9723755121231079,0.3267083764076233,0.0,0.0,0.9451251029968262,0.0864532391047636
-110.66977775988055,1107.2380706244287,0.0,5.470732055591679,0.2287314534187317,0.0,0.0,0.97348952293396,0.3206697702407837,0.0,0.0,0.9471909999847412,-0.36275283787202006
-109.98249279491108,1108.8066210557975,0.0,5.494349655940558,0.22423456609249115,0.0,0.0,0.9745351076126099,0.31474074721336365,0.0,0.0,0.949177622795105,0.08526043100633535
-109.30423644994362,1110.387910050699,0.0,5.516744003938642,0.21992474794387817,0.0,0.0,0.9755167365074158,0.30892783403396606,0.0,0.0,0.9510853886604309,-0.363883865548691
-108.63467480398133,1111.980829771278,0.0,5.537832549118821,0.21579451858997345,0.0,0.0,0.9764387011528015,0.3032376766204834,0.0,0.0,0.952914834022522,0.08419535296693237
-107.9734590016491,1113.5842249990171,0.0,5.557532749337174,0.21183577179908752,0.0,0.0,0.9773052334785461,0.2976756989955902,0.0,0.0,0.9546669125556946,-0.36487882515567854
-107.32021693392932,1115.196916658001,0.0,5.575838335793614,0.2080390453338623,0.0,0.0,0.9781205058097839,0.2922486662864685,0.0,0.0,0.9563422203063965,0.08327082839842531
-106.67452449777808,1116.817779823898,0.0,5.593005602209523,0.20439401268959045,0.0,0.0,0.9788886904716492,0.28696122765541077,0.0,0.0,0.9579420685768127,-0.36574585881304766
-106.0359026389574,1118.4457624901547,0.0,5.609347297336163,0.20088954269886017,0.0,0.0,0.9796138405799866,0.28181686997413635,0.0,0.0,0.9594680666923523,0.08244549026071618
-105.40387663481177,1120.0799686862754,0.0,5.625176169924781,0.19751344621181488,0.0,0.0,0.9803001284599304,0.2768106758594513,0.0,0.0,0.9609243273735046,-0.36654529682257375
-104.77829586281031,1121.7201204587525,0.0,5.640804968726625,0.19425438344478607,0.0,0.0,0.9809511303901672,0.27193668484687805,0.0,0.0,0.9623149633407593,0.08165615698789574
-104.15912253248919,1123.3662477019848,0.0,5.656546442492955,0.1911020278930664,0.0,0.0,0.9815701246261597,0.2671901285648346,0.0,0.0,0.9636436104774475,-0.36734032075016615
-103.54628500251087,1125.0184719835909,0.0,5.672713339975013,0.1880471110343933,0.0,0.0,0.9821599721908569,0.2625657021999359,0.0,0.0,0.9649139046669006,0.08083964701405438
-102.93967952430285,1126.677006286342,0.0,5.689618409924063,0.18508167564868927,0.0,0.0,0.9827231168746948,0.2580581605434418,0.0,0.0,0.9661291241645813,-0.3681941121617343
-102.3391723621349,1128.34215537562,0.0,5.7075744010913425,0.18219822645187378,0.0,0.0,0.98326176404953,0.2536623179912567,0.0,0.0,0.9672926068305969,0.0799327787732827
-101.74460185395459,1130.014316158506,0.0,5.726894062228119,0.17938998341560364,0.0,0.0,0.9837779998779297,0.24937382340431213,0.0,0.0,0.9684069752693176,-0.3691698526231877
-101.1557804138735,1131.6939780346988,0.0,5.747890142085631,0.17665114998817444,0.0,0.0,0.9842734932899475,0.24518823623657227,0.0,0.0,0.9694751501083374,0.07887237069967096
-100.57249647772173,1133.381723239554,0.0,5.770875389415139,0.17397631704807281,0.0,0.0,0.9847498536109924,0.24110126495361328,0.0,0.0,0.9704996347427368,-0.3703307237004355
-99.99451639350076,1135.078227179627,0.0,5.796162552967885,0.17136098444461823,0.0,0.0,0.98520827293396,0.23710863292217255,0.0,0.0,0.9714828729629517,0.07759524122731004
-99.42158625888887,1136.7842587611588,0.0,5.824064381495137,0.1688009351491928,0.0,0.0,0.9856500625610352,0.2332065850496292,0.0,0.0,0.9724269509315491,-0.37173990695938763
-98.85343370816851,1138.500680712001,0.0,5.854893623748127,0.16629239916801453,0.0,0.0,0.9860764145851135,0.22939199209213257,0.0,0.0,0.9733338952064514,0.07603820879029038
-98.28976965105971,1140.228449897515,0.0,5.888963028478125,0.16383185982704163,0.0,0.0,0.9864882230758667,0.2256608009338379,0.0,0.0,0.9742056131362915,-0.3734605839659533
-97.73029735876786,1141.968594467718,0.0,5.9265064866812835,0.16141651570796967,0.0,0.0,0.9868863224983215,0.2220098078250885,0.0,0.0,0.9750440716743469,0.07414207453760563
-97.17475820104514,1143.7220722595187,0.0,5.967275469361261,0.15904362499713898,0.0,0.0,0.9872714281082153,0.21843509376049042,0.0,0.0,0.9758511781692505,-0.3755196234952451
-96.62294626467818,1145.489716812589,0.0,6.010839082187101,0.15671086311340332,0.0,0.0,0.9876444339752197,0.2149345427751541,0.0,0.0,0.9766281843185425,0.07194189207165413
-96.07470524245957,1147.272236733779,0.0,6.056766090275684,0.15441615879535675,0.0,0.0,0.9880058169364929,0.21150411665439606,0.0,0.0,0.9773769378662109,-0.3778391693583048
-95.52992534194627,1149.0702151680784,0.0,6.104625258743932,0.15215763449668884,0.0,0.0,0.9883560538291931,0.20814140141010284,0.0,0.0,0.9780985116958618,0.06952476235103555
-94.98854035526429,1150.8841088999102,0.0,6.153984078497241,0.14993387460708618,0.0,0.0,0.9886958003044128,0.20484402775764465,0.0,0.0,0.978794276714325,-0.38033203904281543
-94.45052767751966,1152.7142374874475,0.0,6.204374975705472,0.1477433741092682,0.0,0.0,0.9890255928039551,0.20160897076129913,0.0,0.0,0.979465901851654,0.06697976754253909
-93.91590841421282,1154.5607713131499,0.0,6.25529177915842,0.14558513462543488,0.0,0.0,0.9893455505371094,0.19843430817127228,0.0,0.0,0.9801140427589417,-0.38290359477276237
-93.38474420140733,1156.4237304109643,0.0,6.3062263348642515,0.14345815777778625,0.0,0.0,0.9896562099456787,0.19531743228435516,0.0,0.0,0.980739951133728,0.06440731523416382
-92.85713392005135,1158.3029838859568,0.0,6.356670488831083,0.14136168360710144,0.0,0.0,0.9899578094482422,0.1922566145658493,0.0,0.0,0.9813445210456848,-0.3854512793165418
-92.3332104913419,1160.1982493439102,0.0,6.406116087067085,0.13929511606693268,0.0,0.0,0.9902506470680237,0.1892499029636383,0.0,0.0,0.981928825378418,0.06191006279800215
-91.81313776362337,1162.1090923325048,0.0,6.4540549755803704,0.13725806772708893,0.0,0.0,0.9905350208282471,0.18629580736160278,0.0,0.0,0.98249351978302,-0.3878724353020613
-91.2971075028534,1164.0349257959788,0.0,6.499979000379112,0.1352502554655075,0.0,0.0,0.9908111691474915,0.1833926886320114,0.0,0.0,0.9830396175384521,0.05959066760614656
-90.78533649991914,1165.9750095454142,0.0,6.5433800074714235,0.13327157497406006,0.0,0.0,0.9910793304443359,0.18053926527500153,0.0,0.0,0.9835677146911621,-0.3900644053572285
-90.27806247562744,1167.9284549222925,0.0,6.583767279303048,0.13132192194461823,0.0,0.0,0.9913395643234253,0.1777341663837433,0.0,0.0,0.9840785264968872,0.057550906402529134
-89.77550639324858,1169.8943629934554,0.0,6.621116965882415,0.1294015645980835,0.0,0.0,0.9915920495986938,0.17497633397579193,0.0,0.0,0.9845725297927856,-0.39195075316426725
-89.27783511760846,1171.8719751707306,0.0,6.655911879173134,0.12751059234142303,0.0,0.0,0.9918370842933655,0.17226466536521912,0.0,0.0,0.9850505590438843,0.05579358754946251
-88.78516265964437,1173.8606813174429,0.0,6.688660243152254,0.12564940750598907,0.0,0.0,0.992074728012085,0.1695985496044159,0.0,0.0,0.9855130910873413,-0.39360471094099053
-88.29755332030743,1175.8600203094309,0.0,6.7198702817968226,0.12381822615861893,0.0,0.0,0.9923048615455627,0.16697706282138824,0.0,0.0,0.9859606027603149,0.05421732297145404
-87.81502472026516,1177.8696805710692,0.0,6.750050188248455,0.12201760709285736,0.0,0.0,0.9925279021263123,0.16439935564994812,0.0,0.0,0.9863937497138977,-0.3951289486405679
-87.33755782977697,1179.8894702065336,0.0,6.779606161039308,0.12024779617786407,0.0,0.0,0.9927438497543335,0.16186527907848358,0.0,0.0,0.9868127703666687,0.052724597072926094
-86.86512187932283,1181.9192192477358,0.0,6.808615226518107,0.11850932240486145,0.0,0.0,0.992952823638916,0.1593737006187439,0.0,0.0,0.9872183203697205,-0.39659405295767897
-86.39767932182393,1183.9587599592166,0.0,6.837088130066529,0.11680271476507187,0.0,0.0,0.9931550621986389,0.1569242924451828,0.0,0.0,0.9876106381416321,0.051286571641187606
-85.93518594966582,1186.007926856835,0.0,6.865035617066263,0.11512833833694458,0.0,0.0,0.993350625038147,0.15451663732528687,0.0,0.0,0.9879902005195618,-0.3980055422000897
-85.47759101196829,1188.066556726535,0.0,6.892468432898979,0.11348670721054077,0.0,0.0,0.993539571762085,0.15215037763118744,0.0,0.0,0.9883573651313782,0.0499010758920605
-85.02483733191295,1190.1344886431664,0.0,6.919397322946376,0.11187830567359924,0.0,0.0,0.9937220811843872,0.14982521533966064,0.0,0.0,0.98871248960495,-0.3993655871519785
-84.576861423947,1192.2115639893177,0.0,6.945833032590121,0.11030366271734238,0.0,0.0,0.9938981533050537,0.14754055440425873,0.0,0.0,0.9890559315681458,0.0485659390413663
-84.13359361068181,1194.2976264741512,0.0,6.971786307211908,0.10876323282718658,0.0,0.0,0.994067907333374,0.14529646933078766,0.0,0.0,0.9893881678581238,-0.40067635859752326
-83.69495813931292,1196.3925221521938,0.0,6.997267892193411,0.10725772380828857,0.0,0.0,0.9942314028739929,0.14309288561344147,0.0,0.0,0.9897092580795288,0.04727899030492677
-83.26087329738888,1198.496099442077,0.0,7.022288532916317,0.10578744858503342,0.0,0.0,0.9943888783454895,0.1409292072057724,0.0,0.0,0.9900196194648743,-0.40194002732090234
-82.83125152776272,1200.6082091451794,0.0,7.046858974762304,0.10435300320386887,0.0,0.0,0.9945403337478638,0.13880577683448792,0.0,0.0,0.9903196096420288,0.046038058898563716
-82.40599954256284,1202.7287044641641,0.0,7.070989963113063,0.10295399278402328,0.0,0.0,0.9946771860122681,0.13672226667404175,0.0,0.0,0.9906094074249268,-0.40315876410629414
-81.98501843602314,1204.8574410213782,0.0,7.094692243350267,0.10159281641244888,0.0,0.0,0.9948187470436096,0.13467855751514435,0.0,0.0,0.990889310836792,0.044840974038098835
-81.56820379602,1206.9942768770843,0.0,7.117976560855597,0.10026809573173523,0.0,0.0,0.9949458837509155,0.13267472386360168,0.0,0.0,0.9911596179008484,-0.4043347397378765
-81.15544581416145,1209.1390725475153,0.0,7.140853661010746,0.09898129105567932,0.0,0.0,0.9950685501098633,0.1307106912136078,0.0,0.0,0.9914204478263855,0.043685564939353994
-80.74662939428363,1211.2916910227177,0.0,7.163334289197384,0.09773292392492294,0.0,0.0,0.9951869249343872,0.12878672778606415,0.0,0.0,0.9916722178459167,-0.40547012499982793
-80.3416342592104,1213.4519977841642,0.0,7.185429190797203,0.0965234711766243,0.0,0.0,0.995300829410553,0.12690278887748718,0.0,0.0,0.9919151067733765,0.042569660818151056
-79.94033505563586,1215.6198608221134,0.0,7.207149111191878,0.09535331279039383,0.0,0.0,0.9954103231430054,0.12505874037742615,0.0,0.0,0.992149293422699,-0.40656709067632674
-79.54260145699368,1217.7951506527022,0.0,7.2285047957630955,0.0942230150103569,0.0,0.0,0.9955154061317444,0.12325458973646164,0.0,0.0,0.9923750162124634,0.04149109089031183
-79.14829826418182,1219.977740334737,0.0,7.249506989892536,0.09313292056322098,0.0,0.0,0.9956161379814148,0.12149082869291306,0.0,0.0,0.9925925135612488,-0.407627807551551
-78.75728550401188,1222.1675054861748,0.0,7.270166438961885,0.09208356589078903,0.0,0.0,0.9957124590873718,0.11976712197065353,0.0,0.0,0.9928019642829895,0.0404476843716578
-78.36941852525912,1224.3643243002734,0.0,7.2904938883528185,0.09107533097267151,0.0,0.0,0.9958043694496155,0.11808367073535919,0.0,0.0,0.9930034875869751,-0.4086544464096789
-77.98454809219065,1226.5680775613835,0.0,7.310500083447029,0.0901087149977684,0.0,0.0,0.9958919882774353,0.11644110083580017,0.0,0.0,0.9931973814964294,0.039437270478010766
-77.60252047545247,1228.7786486603745,0.0,7.330195769626187,0.08918407559394836,0.0,0.0,0.9959752559661865,0.11483917385339737,0.0,0.0,0.9933838844299316,-0.4096491780348889
-77.22317754020013,1230.9959236096722,0.0,7.349591692271981,0.08830172568559647,0.0,0.0,0.9960542917251587,0.11327827721834183,0.0,0.0,0.9935630559921265,0.03845767842519282
-76.84635683136153,1233.2197910578845,0.0,7.368698596766091,0.08746190369129181,0.0,0.0,0.9961290955543518,0.11175850033760071,0.0,0.0,0.9937351942062378,-0.410614173211359
-76.47189165592042,1235.450142304013,0.0,7.387527228490203,0.08666474372148514,0.0,0.0,0.9961997270584106,0.1102801039814949,0.0,0.0,0.9939003586769104,0.037506737429025494
-76.09961116211655,1237.6868713112153,0.0,7.406088332825998,0.0859101191163063,0.0,0.0,0.99626624584198,0.10884322971105576,0.0,0.0,0.9940587282180786,-0.4115516027232678
-75.72934041545744,1239.9298747201194,0.0,7.4243926551551525,0.08519783616065979,0.0,0.0,0.9963287115097046,0.10744814574718475,0.0,0.0,0.9942106008529663,0.03658227670533082
-75.36090047144118,1242.1790518616615,0.0,7.442450940859357,0.0845274105668068,0.0,0.0,0.996387243270874,0.10609512031078339,0.0,0.0,0.9943559169769287,-0.4124636373547933
-74.99410844489266,1244.4343047694413,0.0,7.460273935320285,0.08389812707901001,0.0,0.0,0.9964419603347778,0.10478420555591583,0.0,0.0,0.9944949150085449,0.03568212546993044
-74.62877757581774,1246.6955381915723,0.0,7.477872383919629,0.08330903202295303,0.0,0.0,0.9964929819107056,0.10351569205522537,0.0,0.0,0.9946277141571045,-0.4133524478901137
-74.26471729168136,1248.9626596020169,0.0,7.495257032039063,0.08275897800922394,0.0,0.0,0.9965404868125916,0.10228970646858215,0.0,0.0,0.9947545528411865,0.03480411293864594
-73.90173326601999,1251.2355792113956,0.0,7.5124386250602715,0.08224643021821976,0.0,0.0,0.9965845942497253,0.1011066809296608,0.0,0.0,0.9948754906654358,-0.4142202051134071
-73.53962747329903,1253.514209977248,0.0,7.529427908364937,0.08176962286233902,0.0,0.0,0.9966254830360413,0.09996672719717026,0.0,0.0,0.9949905872344971,0.03394606832729924
-73.17819823992961,1255.798467613736,0.0,7.5462356273347435,0.08132641762495041,0.0,0.0,0.9966634511947632,0.09887025505304337,0.0,0.0,0.995100200176239,-0.4150690798088519
-72.81724029135947,1258.0882706007849,0.0,7.56287252735137,0.0809144526720047,0.0,0.0,0.9966986179351807,0.09781754016876221,0.0,0.0,0.9952042698860168,0.03310582085171199
-72.45654479515629,1260.3835401926328,0.0,7.579349353796505,0.08053095638751984,0.0,0.0,0.9967312216758728,0.09680841863155365,0.0,0.0,0.9953028559684753,-0.41590124276062634
-72.09589942599698,1262.6842002597884,0.0,7.595676304050183,0.0801728218793869,0.0,0.0,0.9967615604400635,0.09584350883960724,0.0,0.0,0.9953963160514832,0.03228122740455652
-71.73508867296246,1264.9901755525118,0.0,7.611857820053225,0.07983668148517609,0.0,0.0,0.9967899322509766,0.09492329508066177,0.0,0.0,0.9954844117164612,-0.4167184910436083
-71.37389403206743,1267.3013906635047,0.0,7.627894903184016,0.07951869815587997,0.0,0.0,0.9968166947364807,0.09404737502336502,0.0,0.0,0.9955675601959229,0.03147127371108227
-71.01209403657458,1269.6177700181863,0.0,7.643788508569945,0.07921472936868668,0.0,0.0,0.9968421459197998,0.09321562945842743,0.0,0.0,0.9956457018852234,-0.417521198386332
-70.64947596052056,1271.9392390226042,0.0,7.65953959133839,0.07892020791769028,0.0,0.0,0.9968666434288025,0.09242509305477142,0.0,0.0,0.9957193732261658,0.030675764480352696
-70.28602774324972,1274.2657428642815,0.0,7.675149106616726,0.07863082736730576,0.0,0.0,0.9968905448913574,0.09167233109474182,0.0,0.0,0.9957890510559082,-0.4183095577438237
-69.92190998237452,1276.5972437704313,0.0,7.6906180095323435,0.07834259420633316,0.0,0.0,0.9969141483306885,0.09095392376184464,0.0,0.0,0.9958549737930298,0.029894506757341732
-69.55729057811085,1278.9337048126513,0.0,7.705947255212619,0.07805185765028,0.0,0.0,0.9969377517700195,0.0902656689286232,0.0,0.0,0.995913028717041,-0.41908376207111037
-69.19233929442217,1281.2750893757388,0.0,7.721137798784938,0.07775535434484482,0.0,0.0,0.9969616532325745,0.08960523456335068,0.0,0.0,0.9959686994552612,0.02912730758702259
-68.82722773954501,1283.6213611573357,0.0,7.736190595376678,0.07745010405778885,0.0,0.0,0.9969860911369324,0.08896925300359726,0.0,0.0,0.9960222840309143,-0.41984400432321844
-68.46212934649328,1285.9724841675854,0.0,7.751106600115226,0.07713345438241959,0.0,0.0,0.9970111846923828,0.08835504949092865,0.0,0.0,0.9960739612579346,0.028373974014368697
-68.0972193535484,1288.3284227287834,0.0,7.765886768127959,0.07680292427539825,0.0,0.0,0.9970371127128601,0.08775917440652847,0.0,0.0,0.9961239695549011,-0.42059047745517464
-67.73267478474148,1290.6891414750362,0.0,7.780532054542263,0.07645635306835175,0.0,0.0,0.9970641136169434,0.0871795266866684,0.0,0.0,0.9961724877357483,0.027634313084353268
-67.36867443033421,1293.0546053519163,0.0,7.7950434144855105,0.0760916918516159,0.0,0.0,0.9970923066139221,0.08661308884620667,0.0,0.0,0.9962198138237,-0.42132337442200535
-67.00539882730438,1295.4247796161246,0.0,7.809421803085092,0.07570719718933105,0.0,0.0,0.9971216917037964,0.08605794608592987,0.0,0.0,0.9962660670280457,0.026908131841950234
-66.64303023984303,1297.7996298351516,0.0,7.823668175468387,0.07530112564563751,0.0,0.0,0.9971525073051453,0.08551175147294998,0.0,0.0,0.9963114261627197,-0.4220428881787375
-66.281752639869,1300.179121886941,0.0,7.837783486762778,0.0748719722032547,0.0,0.0,0.9971847534179688,0.08497204631567001,0.0,0.0,0.9963560700416565,0.02619523733213258
-65.92175168756671,1302.56322195956,0.0,7.851768692095641,0.07441837340593338,0.0,0.0,0.9972186088562012,0.08443663269281387,0.0,0.0,0.9964001774787903,-0.4227492116803973
-65.56321471195483,1304.9518965508655,0.0,7.865624746594365,0.07393907755613327,0.0,0.0,0.9972540140151978,0.08390379697084427,0.0,0.0,0.9964438676834106,0.0254954365998738
-65.20633069148984,1307.3451124681808,0.0,7.879352605386326,0.07343282550573349,0.0,0.0,0.997291088104248,0.0833711102604866,0.0,0.0,0.9964873194694519,-0.42344253788201147
-64.85129023471234,1309.7428368279652,0.0,7.8929532235989095,0.07289863377809525,0.0,0.0,0.9973298907279968,0.08283717930316925,0.0,0.0,0.9965306520462036,0.024808536690147376
-64.49828556094104,1312.1450370554976,0.0,7.906427556359495,0.07233545184135437,0.0,0.0,0.9973704218864441,0.08230002224445343,0.0,0.0,0.9965739846229553,-0.4241230597386067
-64.14751048102052,1314.5516808845541,0.0,7.919776558795462,0.0717424675822258,0.0,0.0,0.9974126219749451,0.08175798505544662,0.0,0.0,0.9966174364089966,0.024134344647926853
-63.79916037812896,1316.9627363570953,0.0,7.933001186034198,0.07111887633800507,0.0,0.0,0.9974565505981445,0.08120967447757721,0.0,0.0,0.9966611266136169,-0.42479097020520956
-63.45343218865121,1319.3781718229513,0.0,7.946102393203079,0.07046384364366531,0.0,0.0,0.9975022077560425,0.0806531310081482,0.0,0.0,0.9967051148414612,0.02347266751818544
-63.110524383123504,1321.7979559395144,0.0,7.959081135429491,0.06977668404579163,0.0,0.0,0.9975495934486389,0.08008771389722824,0.0,0.0,0.9967543482780457,-0.4254464622368466
-62.77063694725447,1324.2220576714333,0.0,7.97193836784081,0.06905677914619446,0.0,0.0,0.9975985884666443,0.07951149344444275,0.0,0.0,0.9968037009239197,0.022823312345896685
-62.43397136302939,1326.650446290311,0.0,7.9846750455644235,0.06830349564552307,0.0,0.0,0.9976492524147034,0.07892262190580368,0.0,0.0,0.9968486428260803,-0.42608972878854434
-62.100730589902504,1329.0830913744048,0.0,7.99729212372771,0.0675162747502327,0.0,0.0,0.9977015256881714,0.07832073420286179,0.0,0.0,0.9968992471694946,0.022186086176033792
-61.77111904608229,1331.5199628083358,0.0,8.009790557458052,0.06669460237026215,0.0,0.0,0.9977553486824036,0.07770412415266037,0.0,0.0,0.9969502687454224,-0.4267209628153293
-61.445342589916855,1333.961030782794,0.0,8.02217130188283,0.06583797186613083,0.0,0.0,0.9978107213973999,0.07707163691520691,0.0,0.0,0.9970018863677979,0.021560796053570197
-61.123608501383195,1336.4062657942538,0.0,8.03443531212943,0.06494594365358353,0.0,0.0,0.9978675246238708,0.0764220803976059,0.0,0.0,0.9970541000366211,-0.42734035727222824
-60.80612546368616,1338.8556386446915,0.0,8.046583543325223,0.06401807814836502,0.0,0.0,0.9979256987571716,0.07575437426567078,0.0,0.0,0.997107207775116,0.020947249023479664
-60.49310354497301,1341.3091204413065,0.0,8.058616950597603,0.06305397301912308,0.0,0.0,0.9979851245880127,0.07506740093231201,0.0,0.0,0.9971609711647034,-0.4279481051142677
-60.184754180167985,1343.7666825962447,0.0,8.07053648907394,0.06205328553915024,0.0,0.0,0.9980457425117493,0.07436031848192215,0.0,0.0,0.9972156286239624,0.020345252130735403
-59.88129015293227,1346.228296826333,0.0,8.08234311388163,0.06101560965180397,0.0,0.0,0.9981075525283813,0.0736321210861206,0.0,0.0,0.9972711801528931,-0.42854439929647425
-59.58292557775444,1348.6939351528122,0.0,8.094037780148042,0.05994061008095741,0.0,0.0,0.9981703758239746,0.0728820264339447,0.0,0.0,0.9973276853561401,0.019754612420310513
-59.289875882176915,1351.163569901073,0.0,8.105621443000562,0.058828048408031464,0.0,0.0,0.9982341527938843,0.07210896164178848,0.0,0.0,0.9973850846290588,-0.4291294327738742
-59.00235778916259,1353.637173700403,0.0,8.117095057566575,0.05767800286412239,0.0,0.0,0.9983077049255371,0.07131218910217285,0.0,0.0,0.9974433779716492,0.01917513693717854
-58.72058929960674,1356.1147194837363,0.0,8.128459578973452,0.05648922547698021,0.0,0.0,0.9983720183372498,0.07049091905355453,0.0,0.0,0.9975025653839111,-0.42970339850149425
-58.444789675000024,1358.5961804874012,0.0,8.139715962348587,0.05526241287589073,0.0,0.0,0.9984465837478638,0.0696442723274231,0.0,0.0,0.9975630044937134,0.018606632726313133
-58.17517942024562,1361.0815302508856,0.0,8.150865162819356,0.053996820002794266,0.0,0.0,0.9985206723213196,0.06877154111862183,0.0,0.0,0.997624397277832,-0.43026648943436135
-57.911980266637244,1363.5707426165939,0.0,8.161908135513139,0.05269218981266022,0.0,0.0,0.9985942244529724,0.0678720623254776,0.0,0.0,0.9976867437362671,0.018048906832687672
-57.65541515500101,1366.0637917296187,0.0,8.172845835557322,0.05134829506278038,0.0,0.0,0.9986674189567566,0.06694527715444565,0.0,0.0,0.9977500438690186,-0.4308188985275019
-57.40570821900671,1368.5606520375122,0.0,8.183679218079282,0.04996487498283386,0.0,0.0,0.9987401962280273,0.0659903883934021,0.0,0.0,0.9978142976760864,0.017501766301275534
-57.16308476865299,1371.061298290067,0.0,8.194409238206404,0.04854181408882141,0.0,0.0,0.9988123178482056,0.06500670313835144,0.0,0.0,0.9978795051574707,-0.4313608187359424
-56.9277712739307,1373.5657055390968,0.0,8.205036851066069,0.04707882180809975,0.0,0.0,0.9988839626312256,0.06399352103471756,0.0,0.0,0.9979455471038818,0.016965018177050095
-56.69999534866902,1376.0738491382272,0.0,8.215563011785655,0.04557573050260544,0.0,0.0,0.9989550113677979,0.06295058131217957,0.0,0.0,0.9980122447013855,-0.43189244301470936
-56.479985734568494,1378.5857047426916,0.0,8.225988675492548,0.04403238743543625,0.0,0.0,0.9990253448486328,0.06187699735164642,0.0,0.0,0.9980797171592712,0.016438469504984732
-56.267972285426104,1381.10124830913,0.0,8.236314797314128,0.04244860261678696,0.0,0.0,0.9990947842597961,0.06077224761247635,0.0,0.0,0.9981480240821838,-0.43241396431882956
-56.06418595155542,1383.6204560953945,0.0,8.246542332377778,0.04082418233156204,0.0,0.0,0.9991631507873535,0.059636130928993225,0.0,0.0,0.9982169270515442,0.015921927330052932
-55.86885876440753,1386.1433046603613,0.0,8.25667223581088,0.03915907442569733,0.0,0.0,0.9992303252220154,0.05846790224313736,0.0,0.0,0.9982863664627075,-0.4329255756033297
-55.68222382139523,1388.669770863749,0.0,8.266705462740811,0.03745311126112938,0.0,0.0,0.999296247959137,0.05726712569594383,0.0,0.0,0.9983562231063843,0.015415198697228183
-55.50451527092659,1391.1998318659403,0.0,8.276642968294958,0.035706087946891785,0.0,0.0,0.9993605613708496,0.056033216416835785,0.0,0.0,0.9984265565872192,-0.43342746982323616
-55.33596829764993,1393.7334651278109,0.0,8.286485707600695,0.0339178740978241,0.0,0.0,0.9994232058525085,0.05476590618491173,0.0,0.0,0.9984971880912781,0.014918090651483917
-55.176819107915826,1396.270648410568,0.0,8.296234635785414,0.03208852931857109,0.0,0.0,0.9994839429855347,0.05346468836069107,0.0,0.0,0.9985678791999817,-0.43391983993357547
-55.0273049154592,1398.811359775586,0.0,8.305890707976488,0.030217736959457397,0.0,0.0,0.9995424151420593,0.05212914198637009,0.0,0.0,0.9986386299133301,0.014430410237793234
-54.88766392730574,1401.3555775842574,0.0,8.315454879301305,0.02830551378428936,0.0,0.0,0.9995985627174377,0.05075886473059654,0.0,0.0,0.9987093806266785,-0.43440287888937423
-54.758135329906345,1403.9032804978465,0.0,8.324928104887238,0.0263516902923584,0.0,0.0,0.9996520280838013,0.0493534579873085,0.0,0.0,0.9987798929214478,0.013951964501129899
-54.63895927550363,1406.4544474773477,0.0,8.334311339861681,0.02435607835650444,0.0,0.0,0.9997027516365051,0.047912757843732834,0.0,0.0,0.9988501667976379,-0.43487677964565924
-54.53037686873394,1409.0090577833516,0.0,8.343605539352001,0.022318964824080467,0.0,0.0,0.9997503757476807,0.04643623158335686,0.0,0.0,0.9989200830459595,0.013482560486467232
-54.432630153468764,1411.5670909759183,0.0,8.352811658485596,0.0202398169785738,0.0,0.0,0.9997947216033936,0.04492349922657013,0.0,0.0,0.9989893436431885,-0.43534173515745694
-54.34596209989927,1414.1285269144553,0.0,8.36193065238983,-0.018119974061846733,0.0,0.0,-0.9998354911804199,0.043374497443437576,0.0,0.0,0.999057948589325,0.013022005238778667
-54.27061659186704,1416.693345757606,0.0,8.3709634761921,-0.015957782045006752,0.0,0.0,-0.9998724460601807,0.04178871586918831,0.0,0.0,0.999125599861145,-0.4357979383797938
-54.20683841444551,1419.2615279631368,0.0,8.379911085019781,-0.01375377643853426,0.0,0.0,-0.9999052286148071,0.04016583040356636,0.0,0.0,0.9991922378540039,0.01257010580303719
-54.1548732417744,1421.8330542878407,0.0,8.388774434000252,-0.011508477851748466,0.0,0.0,-0.9999336004257202,0.03850559517741203,0.0,0.0,0.9992575645446777,-0.4362455822676964
-54.11496762515167,1424.40790578744,0.0,8.3975544782609,-0.009221989661455154,0.0,0.0,-0.9999573230743408,0.03680810704827309,0.0,0.0,0.9993216395378113,0.012126669224216569
-54.087368981385744,1426.9860638164987,0.0,8.406252172929102,-0.006895202677696943,0.0,0.0,-0.9999760985374451,0.035072699189186096,0.0,0.0,0.9993839859962463,-0.43668485977619137
-54.07232558141133,1429.5675100283445,0.0,8.414868473132241,-0.004528696183115244,0.0,0.0,-0.9999896883964539,-0.03330043703317642,0.0,0.0,-0.9994446635246277,0.011691502547290289
-54.070086539172685,1432.1522263749896,0.0,8.4234043339977,-0.0021237311884760857,0.0,0.0,-0.999997615814209,-0.0314885638654232,0.0,0.0,-0.999503493309021,-0.43711596386030543
-54.080901800776886,1434.7401951070678,0.0,8.43186071065286,0.0003184105735272169,0.0,0.0,-0.9999998211860657,-0.029638659209012985,0.0,0.0,-0.9995600581169128,0.011264412817231728
-54.10502213392077,1437.3313987737752,0.0,8.4402385582251,0.0027957858983427286,0.0,0.0,-0.9999959468841553,-0.027750130742788315,0.0,0.0,-0.9996142983436584,-0.43753908747506504
-54.14269911759441,1439.925820222812,0.0,8.448538831841805,0.005306489299982786,0.0,0.0,-0.9999857544898987,-0.02582283318042755,0.0,0.0,-0.9996658563613892,0.010845207079014318
-54.19418513206455,1442.5234426003428,0.0,8.456762486630357,0.007848075591027737,0.0,0.0,-0.9999690651893616,-0.02385665290057659,0.0,0.0,-0.999714732170105,-0.43795442357549696
-54.25973334914062,1445.1242493509549,0.0,8.464910477718137,0.0104177575558424,0.0,0.0,-0.9999456405639648,-0.021851440891623497,0.0,0.0,-0.999760627746582,0.01043369237761127
-54.33959772272675,1447.728224217626,0.0,8.472983760232522,0.013012354262173176,0.0,0.0,-0.9999152421951294,-0.01980709657073021,0.0,0.0,-0.9998032450675964,-0.4383621651166275
-54.43403297966252,1450.335351241701,0.0,8.480983289300902,0.015628382563591003,0.0,0.0,-0.9998777508735657,-0.01772359199821949,0.0,0.0,-0.9998423457145691,0.010029675757996126
-54.543294610855384,1452.9456147628775,0.0,8.488910020050648,0.018262002617120743,0.0,0.0,-0.9998330473899841,-0.015600670129060745,0.0,0.0,-0.9998777508735657,-0.4387625050534834
-54.667638862717965,1455.5589994193951,0.0,8.496764908262795,0.02090882696211338,0.0,0.0,-0.9997811913490295,-0.013438483700156212,0.0,0.0,-0.9999091625213623,0.009632964232130115
-54.80732273978697,1458.1754903413791,0.0,8.504549538080399,0.02356427162885666,0.0,0.0,-0.9997221827507019,-0.011236907914280891,0.0,0.0,-0.9999364018440247,-0.43915566817558455
-54.9626040369906,1460.7950737050676,0.0,8.51226729344888,0.026223182678222656,0.0,0.0,-0.9996559619903564,-0.008995908312499523,0.0,0.0,-0.9999591112136841,0.009243178607459268
-55.13374136144501,1463.417736832443,0.0,8.519921878514875,0.0288801621645689,0.0,0.0,-0.9995826482772827,-0.0067160953767597675,0.0,0.0,-0.9999769926071167,-0.4395422633809378
-55.32098915046499,1466.0434658595977,0.0,8.527516997425012,0.03152936324477196,0.0,0.0,-0.9995026588439941,-0.004400892183184624,0.0,0.0,-0.9999898672103882,0.008859586743310943
-55.52436446330153,1468.672136950056,0.0,8.535056354325917,0.03416498377919197,0.0,0.0,-0.9994160532951355,-0.0020552286878228188,0.0,0.0,-0.9999974370002747,-0.43992303898199364
-55.74354623977395,1471.3034692956214,0.0,8.542543653364215,0.03678181767463684,0.0,0.0,-0.9993231892585754,0.0003157784231007099,0.0,0.0,-0.999999463558197,0.008481440327235357
-55.9781856335294,1473.9371698592365,0.0,8.549982598686546,0.0393751785159111,0.0,0.0,-0.9992243051528931,0.0027073442470282316,0.0,0.0,-0.9999958276748657,-0.44029874329120233
-56.22793156941103,1476.5729452856297,0.0,8.557376894439535,0.04194103926420212,0.0,0.0,-0.9991199374198914,0.00511532835662365,0.0,0.0,-0.9999864101409912,0.008107991046781393
-56.49243079136377,1479.210501912623,0.0,8.564730244769809,0.044475674629211426,0.0,0.0,-0.9990103244781494,0.007535174489021301,0.0,0.0,-0.9999711513519287,-0.4406701246210141
-56.77132790799364,1481.8495457806823,0.0,8.572046353824003,0.04697590693831444,0.0,0.0,-0.9988958239555359,0.00996306724846363,0.0,0.0,-0.9999499320983887,0.007738490589498825
-57.06426543576488,1484.4897826407205,0.0,8.57932892574874,0.049438923597335815,0.0,0.0,-0.9987769722938538,0.012395267374813557,0.0,0.0,-0.9999227523803711,-0.4410379312838796
-57.37088383981735,1487.1309179601112,0.0,8.586581664690653,0.05186208337545395,0.0,0.0,-0.9986540675163269,0.014828329905867577,0.0,0.0,-0.9998896718025208,0.007372190642937537
-57.690821572388494,1489.7726569269394,0.0,8.593808274796375,0.054243288934230804,0.0,0.0,-0.9985275864601135,0.01725907437503338,0.0,0.0,-0.9998505711555481,-0.44140291159224937
-58.02371510882369,1492.4147044524445,0.0,8.601012460212528,0.05658036470413208,0.0,0.0,-0.998397946357727,0.019684288650751114,0.0,0.0,-0.9998058080673218,0.007008342894646968
-58.369198981159236,1495.0567651716676,0.0,8.608197925085745,0.058871470391750336,0.0,0.0,-0.9982653856277466,0.022100914269685745,0.0,0.0,-0.999755322933197,-0.4417658138585735
-58.72690580926184,1497.6985434422797,0.0,8.61536837356266,0.06111492961645126,0.0,0.0,-0.9981306791305542,0.024506540969014168,0.0,0.0,-0.9996992945671082,0.0066461990321765585
-59.09646632950988,1500.3397433415855,0.0,8.622527509789894,0.06330913305282593,0.0,0.0,-0.9979938268661499,0.02689824067056179,0.0,0.0,-0.9996378421783447,-0.44212738639530247
-59.477509421000875,1502.9800686616911,0.0,8.629679037914086,0.06545261293649673,0.0,0.0,-0.997855544090271,0.02927367202937603,0.0,0.0,-0.9995711445808411,0.006285010743075914
-59.8696621292695,1505.6192229028256,0.0,8.636826662081855,0.0675438717007637,0.0,0.0,-0.9977161884307861,0.03163076937198639,0.0,0.0,-0.9994993805885315,-0.4424883775148868
-60.272549687501716,1508.2569092648018,0.0,8.643974086439838,0.0695815309882164,0.0,0.0,-0.997576117515564,0.03396705910563469,0.0,0.0,-0.9994227886199951,0.005924029714894974
-60.68579553522937,1510.8928306366113,0.0,8.65112501513466,0.07156424224376678,0.0,0.0,-0.9974359273910522,0.036280907690525055,0.0,0.0,-0.9993414282798767,-0.4428495355297768
-61.10902133449136,1513.5266895841423,0.0,8.65828315231296,0.073490671813488,0.0,0.0,-0.9972957968711853,0.03856992721557617,0.0,0.0,-0.9992557764053345,0.005562507635182901
-61.54184698344494,1516.158188336,0.0,8.665452202121353,0.07535946369171143,0.0,0.0,-0.9971563220024109,0.040832679718732834,0.0,0.0,-0.9991658926010132,-0.44321160875242294
-61.983890627413494,1518.7870287674352,0.0,8.672635868706479,0.07716923952102661,0.0,0.0,-0.9970178604125977,0.0430673211812973,0.0,0.0,-0.9990720748901367,0.005199696191489689
-62.43476866735517,1521.412912382353,0.0,8.679837856214963,0.07891874760389328,0.0,0.0,-0.996880829334259,0.045272450894117355,0.0,0.0,-0.9989745616912842,-0.44357534549527566
-62.89409576573825,1524.0355402934074,0.0,8.687061868793437,0.08060645312070847,0.0,0.0,-0.996745765209198,0.04744642972946167,0.0,0.0,-0.998873770236969,0.004834847071364723
-63.36148484980649,1526.6546132001529,0.0,8.694311610588528,0.08223103731870651,0.0,0.0,-0.996613085269928,0.04958789795637131,0.0,0.0,-0.9987697005271912,-0.4439414940707853
-63.83654711222188,1529.2698313652595,0.0,8.701590785746868,0.08379078656435013,0.0,0.0,-0.9964832067489624,0.05169525742530823,0.0,0.0,-0.9986628890037537,0.0044672119623576645
-64.31887730007801,1531.880815606287,0.0,8.708639330455386,0.08528409898281097,0.0,0.0,-0.9963565468788147,0.05376754701137543,0.0,0.0,-0.9985535144805908,-0.44429748117727613
-64.80797910520926,1534.4867188579815,0.0,8.713893214050703,0.0867091566324234,0.0,0.0,-0.9962334632873535,0.055803172290325165,0.0,0.0,-0.998441755771637,0.0042018643060285354
-65.30323701070282,1537.086112824531,0.0,8.715386174727687,0.08806328475475311,0.0,0.0,-0.9961063265800476,0.057800859212875366,0.0,0.0,-0.9983282089233398,-0.4443728832316693
-65.80391097152133,1539.6770012035934,0.0,8.711151836119916,0.0893450602889061,0.0,0.0,-0.9959855675697327,0.05975896865129471,0.0,0.0,-0.9982128739356995,0.0044157197912695345
-66.30913251187592,1542.2571490569846,0.0,8.699223821860967,0.09055233746767044,0.0,0.0,-0.995871365070343,0.061674196273088455,0.0,0.0,-0.9980962872505188,-0.4437704582690961
-66.81790224814226,1544.8243078067705,0.0,8.67763575558443,0.0916827991604805,0.0,0.0,-0.9957641363143921,0.06354410201311111,0.0,0.0,-0.9979789853096008,0.005506026168872469
-67.32912630270695,1547.3759073968931,0.0,8.645052210201856,0.09273438900709152,0.0,0.0,-0.995664119720459,0.06536529213190079,0.0,0.0,-0.997861385345459,-0.44212482466391567
-67.84178660032993,1549.90983005282,0.0,8.602956344590742,0.0937052071094513,0.0,0.0,-0.9955715537071228,0.06713589280843735,0.0,0.0,-0.9977437257766724,0.007632079987615559
-68.35499628932354,1552.4246297108643,0.0,8.553618070919232,0.0945936068892479,0.0,0.0,-0.9954867959022522,0.06885310262441635,0.0,0.0,-0.9976267218589783,-0.439632992660304
-68.86800798328872,1554.9195204279943,0.0,8.499307336527298,0.09539806842803955,0.0,0.0,-0.9954099655151367,0.0705147534608841,0.0,0.0,-0.9975106120109558,0.010375046371046526
-69.38022028962928,1557.3943673970844,0.0,8.442294088754867,0.09611734747886658,0.0,0.0,-0.9953413009643555,0.07211881875991821,0.0,0.0,-0.997395932674408,-0.4367535357021004
-69.89118266456826,1559.849680516003,0.0,8.384848274941925,0.096750408411026,0.0,0.0,-0.9952809810638428,0.07366335391998291,0.0,0.0,-0.9972831606864929,0.013276350098972878
-70.40059865223279,1562.2866104198206,0.0,8.329239842428393,0.09729640185832977,0.0,0.0,-0.9952291250228882,0.07514620572328568,0.0,0.0,-0.9971724152565002,-0.4339450290094978
-70.90832757643295,1564.70694687034,0.0,8.27773873855425,0.09775451570749283,0.0,0.0,-0.9951858520507812,0.07656637579202652,0.0,0.0,-0.9970643520355225,0.015877415951202345
-71.41438475624872,1567.1131193952224,0.0,8.232614910659429,0.09812460839748383,0.0,0.0,-0.9951512813568115,0.07792230695486069,0.0,0.0,-0.9969593286514282,-0.4316660478026886
-71.91894031072687,1569.5082000797936,0.0,8.196138306083903,0.09840632975101471,0.0,0.0,-0.9951253533363342,0.07921242713928223,0.0,0.0,-0.9968575835227966,0.01771966870754199
-72.42231660411537,1571.895908437833,0.0,8.170578872167606,0.09859978407621384,0.0,0.0,-0.9951080679893494,0.0804356038570404,0.0,0.0,-0.9967596530914307,-0.4303751673018655
-72.92497662436412,1574.2805816044888,0.0,8.158080965814086,0.09870512783527374,0.0,0.0,-0.9950994253158569,0.08159083127975464,0.0,0.0,-0.9966657757759094,0.018350876099133828
-73.42738824221547,1576.6665626383192,0.0,8.158667677623916,0.09872256219387054,0.0,0.0,-0.9950994253158569,0.08267678320407867,0.0,0.0,-0.9965763092041016,-0.4304047992114528
-73.9299102300532,1579.0576917354465,0.0,8.170595749289399,0.09865278750658035,0.0,0.0,-0.995107889175415,0.08369269967079163,0.0,0.0,-0.996491551399231,0.0177484482372407
-74.43278472926355,1581.4572962038917,0.0,8.192068062369687,0.09849633276462555,0.0,0.0,-0.9951246976852417,0.08463740348815918,0.0,0.0,-0.9964117407798767,-0.43148925946803296
-74.93613411383281,1583.8681945272685,0.0,8.221287498423925,0.09825419634580612,0.0,0.0,-0.9951496124267578,0.08551008254289627,0.0,0.0,-0.9963372945785522,0.01627271914359235
-75.43995892229407,1586.292698789012,0.0,8.256456939011246,0.09792754054069519,0.0,0.0,-0.9951825141906738,0.08630958944559097,0.0,0.0,-0.9962682723999023,-0.43326549384113
-75.9441368678309,1588.7326154369407,0.0,8.295779265690808,0.09751766175031662,0.0,0.0,-0.9952230453491211,0.08703522384166718,0.0,0.0,-0.99620521068573,0.014286743048665007
-76.44842295171388,1591.1892443455388,0.0,8.337457360021737,0.09702624380588531,0.0,0.0,-0.9952709674835205,0.08768516778945923,0.0,0.0,-0.9961441159248352,-0.4353704481002679
-76.95245071561106,1593.663376118614,0.0,8.379694103563205,0.09645521640777588,0.0,0.0,-0.995326042175293,0.08825917541980743,0.0,0.0,-0.9960904717445374,0.01215357418293439
-77.45573467364449,1596.1552875679731,0.0,8.420692377874332,0.09580700844526291,0.0,0.0,-0.995387852191925,0.0887565165758133,0.0,0.0,-0.9960442781448364,-0.4374410680149713
-77.95767396526048,1598.664735304635,0.0,8.458655064514273,0.0950843021273613,0.0,0.0,-0.9954559803009033,0.08917607367038727,0.0,0.0,-0.9960055351257324,0.010236266776876723
-78.45755726493456,1601.1909473880726,0.0,8.491785045042167,0.09428954869508743,0.0,0.0,-0.9955300092697144,0.08951715379953384,0.0,0.0,-0.9959743618965149,-0.4391142993547639
-78.95456897430192,1603.7326129961561,0.0,8.518285201017168,0.09342469274997711,0.0,0.0,-0.9956095814704895,0.08977930247783661,0.0,0.0,-0.9959506392478943,0.00889787506096762
-79.44779670639502,1606.2878701041168,0.0,8.536358413998403,0.0924907997250557,0.0,0.0,-0.9956944584846497,0.08996216207742691,0.0,0.0,-0.9959343671798706,-0.44002708788916983
-79.93624005019953,1608.8542911950303,0.0,8.544207565545035,0.09148810803890228,0.0,0.0,-0.9957844018936157,0.0900651291012764,0.0,0.0,-0.9959255456924438,0.008501453265683245
-80.4188205766829,1611.428867067064,0.0,8.540035537216198,0.09041572362184525,0.0,0.0,-0.9958792924880981,0.09008827060461044,0.0,0.0,-0.9959239363670349,-0.43981637938771345
-80.89439301487764,1614.0079888539883,0.0,8.522045210571033,0.08927138149738312,0.0,0.0,-0.9959790110588074,0.09003195911645889,0.0,0.0,-0.995929479598999,0.009410055621499713
-81.36175748865458,1616.587428434914,0.0,8.4884394671687,0.08805196732282639,0.0,0.0,-0.9960929155349731,0.0898965522646904,0.0,0.0,-0.9959419965744019,-0.4381191196199189
-81.81967266178677,1619.1623174765664,0.0,8.437421188568319,0.08675064146518707,0.0,0.0,-0.9962114095687866,0.08968321979045868,0.0,0.0,-0.9959612488746643,0.011986736358892691
-82.26686959118153,1621.7271254258721,0.0,8.367193256329044,0.0853586345911026,0.0,0.0,-0.9963352084159851,0.0893927812576294,0.0,0.0,-0.9959869980812073,-0.434572254355309
-82.7020660363408,1624.275636851493,0.0,8.275958552010042,0.08386364579200745,0.0,0.0,-0.9964650869369507,0.08902670443058014,0.0,0.0,-0.9960189461708069,0.01659454970833718
-83.12398091792738,1626.8009286188567,0.0,8.161919957170415,0.08224884420633316,0.0,0.0,-0.996601939201355,0.08858755230903625,0.0,0.0,-0.9960567951202393,-0.42881272936340864
-83.53134856075279,1629.295347472925,0.0,8.02328035336936,0.0804917961359024,0.0,0.0,-0.9967472553253174,0.08807733654975891,0.0,0.0,-0.996100127696991,0.023596549900309682
-83.92293229771506,1631.7504886943975,0.0,7.858242622165955,0.07856300473213196,0.0,0.0,-0.9969027042388916,0.08749930560588837,0.0,0.0,-0.9961484670639038,-0.4204774904137417
-84.29753695264986,1634.1571765862602,0.0,7.665009645119425,0.07642438262701035,0.0,0.0,-0.9970701932907104,0.0868568867444992,0.0,0.0,-0.9962015151977539,0.03335579116528592
-84.65401966338592,1636.5054476358373,0.0,7.441784303788816,0.07402770221233368,0.0,0.0,-0.9972519874572754,0.08615431934595108,0.0,0.0,-0.9962643980979919,-0.4092034832758321
-84.99129845350447,1638.7845372797974,0.0,7.186769479733391,0.07131233811378479,0.0,0.0,-0.997450590133667,0.08539586514234543,0.0,0.0,-0.9963313341140747,0.04623532773374167
-85.30835791466473,1640.9828712724225,0.0,6.898168054512161,0.06820391863584518,0.0,0.0,-0.9976686239242554,0.084586963057518,0.0,0.0,-0.996401846408844,-0.3946276537192044
-85.60425132348833,1643.0880627168203,0.0,6.574182909684413,0.06461287289857864,0.0,0.0,-0.9979081749916077,0.0837300717830658,0.0,0.0,-0.9964756369590759,0.06259821383615327
-85.87809849084704,1645.086915860114,0.0,6.213016926809132,0.060434237122535706,0.0,0.0,-0.9981703758239746,0.08280058950185776,0.0,0.0,-0.9965545535087585,-0.37638694751338214
-86.1283360116334,1646.9649020806767,0.0,5.812872987445642,0.05555359274148941,0.0,0.0,-0.9984543323516846,0.08172161132097244,0.0,0.0,-0.9966447353363037,0.08280750370299617
-86.34825062493991,1648.7043648756928,0.0,5.3766901263329006,-0.0498788021504879,0.0,0.0,0.9987542033195496,0.08041404187679291,0.0,0.0,-0.9967520236968994,-0.3543575100834457
-86.53248530295008,1650.2951192050832,0.0,4.927013261909071,-0.04335317388176918,0.0,0.0,0.9990589022636414,0.07882425934076309,0.0,0.0,-0.9968799352645874,0.10551845645167443
-86.68023872031864,1651.7385285551488,0.0,4.491459831134017,-0.03595082089304924,0.0,0.0,0.999352753162384,0.07691704481840134,0.0,0.0,-0.9970296621322632,-0.3323598620645035
-86.79383513375707,1653.0467252436106,0.0,4.097647278299804,-0.027668524533510208,0.0,0.0,0.9996164441108704,0.07466808706521988,0.0,0.0,-0.9972013235092163,0.1254079793220892
-86.87714942339481,1654.2416569472193,0.0,3.7731456213089745,-0.018513569608330727,0.0,0.0,0.999828040599823,0.0720580592751503,0.0,0.0,-0.9973940849304199,-0.3159708894892091
-86.93395331621198,1655.3506406531314,0.0,3.534285510496579,-0.008489623665809631,0.0,0.0,0.9999635219573975,0.06906597316265106,0.0,0.0,-0.9976063966751099,0.13747162128231116
-86.96669775356587,1656.3977227812493,0.0,3.371712548739612,0.002408179920166731,0.0,0.0,0.9999967217445374,0.06566649675369263,0.0,0.0,-0.9978364109992981,-0.30776013384491785
-86.97640509571634,1657.4024013043618,0.0,3.27250067284229,0.01419554278254509,0.0,0.0,0.9998988509178162,-0.06182711571455002,0.0,0.0,0.9980822801589966,0.14248232208520625
-86.96279591195412,1658.3796082387953,0.0,3.2237238196089577,0.02689892239868641,0.0,0.0,0.9996377825737,-0.05750761926174164,0.0,0.0,0.9983408451080322,-0.305296656408891
-86.9245000553192,1659.3397691333096,0.0,3.212455925843883,0.04055184870958328,0.0,0.0,0.999177098274231,-0.05266136676073074,0.0,0.0,0.9986085891723633,0.1430514076288969
-86.859344672822,1660.2889265276635,0.0,3.2257709283513725,0.05519074946641922,0.0,0.0,0.9984754323959351,-0.047235120087862015,0.0,0.0,0.9988803267478943,-0.3059691312830066
-86.7647304965621,1661.2289293923275,0.0,3.250742763935722,0.07084746658802032,0.0,0.0,0.9974868297576904,-0.041171375662088394,0.0,0.0,0.9991489052772522,0.14179020381150553
-86.63811454354608,1662.1576973096871,0.0,3.274445369401219,0.08754056692123413,0.0,0.0,0.9961607456207275,-0.034413889050483704,0.0,0.0,0.999404788017273,-0.3071662325691429
-86.47761293692312,1663.0695738823235,0.0,3.283974362404081,0.10526511073112488,0.0,0.0,0.9944440126419067,-0.026909491047263145,0.0,0.0,0.9996353387832642,0.14130894153863374
-86.28241508686416,1663.9570403147927,0.0,3.2712086806729097,0.12398513406515121,0.0,0.0,0.9922838807106018,-0.018613744527101517,0.0,0.0,0.9998244047164917,-0.3065215011685787
-86.05251226328068,1664.8138666393515,0.0,3.2387927995126207,0.14363011717796326,0.0,0.0,0.9896312952041626,-0.00949192512780428,0.0,0.0,0.9999528527259827,0.14294610725379986
-85.78852096993914,1665.635469585258,0.0,3.19084241532322,0.16410158574581146,0.0,0.0,0.986443281173706,0.00048183370381593704,0.0,0.0,0.9999979734420776,-0.3040997645933564
-85.49151011195913,1666.4188174512647,0.0,3.1314732245046755,0.18527477979660034,0.0,0.0,0.9826866984367371,0.011320546269416809,0.0,0.0,0.999934196472168,0.14594455123453443
-85.16279024056266,1667.1623082300646,0.0,3.0648009234569904,0.20700758695602417,0.0,0.0,0.9783393740653992,0.023023921996355057,0.0,0.0,0.9997333884239197,-0.30073247666165515
-84.80367347004176,1667.8656263965706,0.0,2.994941208580174,0.22914481163024902,0.0,0.0,0.9733923077583313,0.03557930514216423,0.0,0.0,0.999365508556366,0.14947281966265646
-84.41523019402231,1668.5295548762856,0.0,2.925880631856453,0.2515297532081604,0.0,0.0,0.9678494930267334,0.04896056279540062,0.0,0.0,0.9987994432449341,-0.2972445687463157
-83.9983151942599,1669.1553959445678,0.0,2.8596800909844036,0.27401062846183777,0.0,0.0,0.9617266058921814,0.0631394013762474,0.0,0.0,0.9980036020278931,0.152816281322861
-83.55366324031245,1669.744571653655,0.0,2.7969215451220424,0.29644325375556946,0.0,0.0,0.9550504088401794,0.07806326448917389,0.0,0.0,0.9969473481178284,-0.29407494521791366
-83.08184237230921,1670.298581221438,0.0,2.7381491078123887,0.31869783997535706,0.0,0.0,0.9478563070297241,0.09367848187685013,0.0,0.0,0.9956015944480896,0.15578458623749
-82.5832033765513,1670.8189676676966,0.0,2.6839068925984013,0.34065940976142883,0.0,0.0,0.9401867389678955,0.10992362350225449,0.0,0.0,0.9939391613006592,-0.2913354393990254
-82.05782999002756,1671.3072843536083,0.0,2.6347374683627587,0.36223292350769043,0.0,0.0,0.9320875406265259,0.1267251819372177,0.0,0.0,0.9919370412826538,0.15826789049181536
-81.50555748406629,1671.7650083669812,0.0,2.590872574629743,0.3833410143852234,0.0,0.0,0.9236067533493042,0.14399106800556183,0.0,0.0,0.9895781874656677,-0.2891200407256408
-80.92646238097547,1672.1934089970262,0.0,2.55185844784778,0.4039251208305359,0.0,0.0,0.9147918224334717,0.16159814596176147,0.0,0.0,0.9868559241294861,0.16023830093534888
-80.32265874067916,1672.5935449859994,0.0,2.517149798464425,0.4239477217197418,0.0,0.0,0.9056864976882935,0.17943280935287476,0.0,0.0,0.9837695360183716,-0.28736707863557237
-79.69682399670701,1672.966281304838,0.0,2.4862013369272686,0.44339343905448914,0.0,0.0,0.8963268995285034,0.1974060833454132,0.0,0.0,0.9803211688995361,0.16180135454833658
-79.05141920710703,1673.3123072419571,0.0,2.4584677736838723,0.46225792169570923,0.0,0.0,0.8867453336715698,0.21543686091899872,0.0,0.0,0.9765172600746155,-0.28596639362327964
-78.38875692574301,1673.632155762673,0.0,2.4334038191818226,0.48055118322372437,0.0,0.0,0.8769664764404297,0.23346136510372162,0.0,0.0,0.9723654985427856,0.16306721083631892
-77.71105999051508,1673.9262241192027,0.0,2.4104641838686836,0.4982900619506836,0.0,0.0,0.8670101761817932,0.25143224000930786,0.0,0.0,0.9678744077682495,-0.2848078261832221
-77.02051065293436,1674.1947957017424,0.0,2.3891035781920342,0.5154973864555359,0.0,0.0,0.8568909168243408,0.2693057358264923,0.0,0.0,0.9630542397499084,0.16414602930483652
-76.3192908395712,1674.4380631206548,0.0,2.3687767125994545,0.5322003960609436,0.0,0.0,0.8466181755065918,0.28704899549484253,0.0,0.0,0.9579154849052429,-0.28378121680985946
-75.60961418398858,1674.656152499036,0.0,2.3489382975385094,0.5484278798103333,0.0,0.0,0.8361976146697998,0.3046356439590454,0.0,0.0,0.9524685740470886,0.16514796945942972
-74.89375035306624,1674.8491489343949,0.0,2.3290430434567835,0.5642076134681702,0.0,0.0,0.8256327509880066,0.32204949855804443,0.0,0.0,0.9467224478721619,-0.2827764059976511
-74.17404211227188,1675.017123058447,0.0,2.3085456608018413,0.5795681476593018,0.0,0.0,0.8149235248565674,0.33927664160728455,0.0,0.0,0.9406862854957581,0.1661831908056389
-73.45291552883369,1675.1601585854346,0.0,2.2869008603023087,0.5945355296134949,0.0,0.0,0.8040691614151001,0.3563058078289032,0.0,0.0,0.9343690276145935,-0.28168323425525044
-72.73283134764822,1675.278388404965,0.0,2.263727350239017,0.6091355681419373,0.0,0.0,0.7930657863616943,0.37313663959503174,0.0,0.0,0.9277760982513428,0.16735357010176471
-72.01607838566332,1675.3720381609123,0.0,2.2392764254998667,0.6233854293823242,0.0,0.0,0.7819143533706665,0.38976672291755676,0.0,0.0,0.9209133386611938,-0.28044833906640443
-71.30471432630698,1675.4414176089406,0.0,2.213951884015735,0.6373012661933899,0.0,0.0,0.7706144452095032,0.4061985909938812,0.0,0.0,0.9137845635414124,0.16863258734843803
-70.60055888519418,1675.48689941786,0.0,2.1881575237175257,0.6508921384811401,0.0,0.0,0.75916987657547,0.4224305748939514,0.0,0.0,0.9063950777053833,-0.2791455935967979
-69.9051917896069,1675.5088974288028,0.0,2.1622971425361155,0.6641660332679749,0.0,0.0,0.7475849390029907,0.4384760856628418,0.0,0.0,0.8987427353858948,0.16993866720608503
-69.21995522410253,1675.5078444953388,0.0,2.13677453840241,0.6771231889724731,0.0,0.0,0.7358695268630981,0.45434191823005676,0.0,0.0,0.8908273577690125,-0.27785657318600476
-68.54596039145021,1675.4841700007862,0.0,2.1119935092472883,0.6897642612457275,0.0,0.0,0.724033772945404,0.4700266420841217,0.0,0.0,0.8826521635055542,0.17119023433513164
-67.88399132454498,1675.4383571289443,0.0,2.088357853001651,0.7020817995071411,0.0,0.0,0.7120962142944336,0.4855264127254486,0.0,0.0,0.874221920967102,-0.27666285317359884
-67.23399588837546,1675.3713125696147,0.0,2.066271367596378,0.7140703797340393,0.0,0.0,0.7000737190246582,0.5008257627487183,0.0,0.0,0.8655480742454529,0.17230571339600398
-66.5955405330388,1675.284014533099,0.0,2.0461378509623676,0.7257280945777893,0.0,0.0,0.6879815459251404,0.5159104466438293,0.0,0.0,0.8566424250602722,-0.27564600889915386
-65.96806917527637,1675.177310212866,0.0,2.028359827843397,0.737053394317627,0.0,0.0,0.6758343577384949,0.5307722687721252,0.0,0.0,0.8475143313407898,0.17320359335150756
-65.35097822321455,1675.0519165803805,0.0,2.0131244373478765,0.7480481863021851,0.0,0.0,0.6636441349983215,0.5453934669494629,0.0,0.0,0.8381800651550293,-0.27487654473271345
-64.74376069489313,1674.9084529995282,0.0,2.0001626268531014,0.7587174773216248,0.0,0.0,0.6514196991920471,0.559779942035675,0.0,0.0,0.828641414642334,0.1738582302451831
-64.1460230070377,1674.7474648820908,0.0,1.9891472253435138,0.7690644264221191,0.0,0.0,0.6391712427139282,0.5739123225212097,0.0,0.0,0.8189167976379395,-0.27432021132313833
-63.5574828293184,1674.5694436332033,0.0,1.9797510618035643,0.7790956497192383,0.0,0.0,0.6269049048423767,0.5877923369407654,0.0,0.0,0.8090117573738098,0.17433278395932195
-62.9779662337814,1674.3748452377577,0.0,1.9716469652176958,0.7888174057006836,0.0,0.0,0.6146273016929626,0.6014140248298645,0.0,0.0,0.7989374399185181,-0.27391091351577124
-62.40740415197428,1674.164107620427,0.0,1.9645077645703601,0.7982375025749207,0.0,0.0,0.6023424863815308,0.6147759556770325,0.0,0.0,0.7887017130851746,0.17469334964858135
-61.84582814776052,1673.9376668829232,0.0,1.9580062888460001,0.8073651790618896,0.0,0.0,0.5900516510009766,0.6278669834136963,0.0,0.0,0.7783205509185791,-0.27358255615595506
-61.29336551208333,1673.695972496178,0.0,1.951815367029067,0.8162080645561218,0.0,0.0,0.5777575969696045,0.6406928300857544,0.0,0.0,0.7677972912788391,0.17500602246761837
-60.750233686867276,1673.439501502291,0.0,1.9456078281040041,0.8247750997543335,0.0,0.0,0.5654605627059937,0.6532492637634277,0.0,0.0,0.7571429014205933,-0.27326904408903274
-60.21673402839582,1673.168771760992,0.0,1.9390565024253543,0.8330740928649902,0.0,0.0,0.553161084651947,0.6655371189117432,0.0,0.0,0.7463648319244385,0.17533689750189363
-59.69321891014386,1672.8843396496754,0.0,1.9319309904497644,0.8411146402359009,0.0,0.0,0.5408565402030945,0.6775600910186768,0.0,0.0,0.7354675531387329,-0.2729091697468312
-59.17999126977192,1672.586751016369,0.0,1.9243602479609647,0.848904013633728,0.0,0.0,0.5285467505455017,0.6893113255500793,0.0,0.0,0.7244654893875122,0.1757192582336512
-58.677285135774866,1672.27652175645,0.0,1.9165566281570385,0.8564493060112,0.0,0.0,0.5162307024002075,0.7007905840873718,0.0,0.0,0.7133670449256897,-0.2725150475345117
-58.18527001196355,1671.9541296688853,0.0,1.9087324842360744,0.863757848739624,0.0,0.0,0.5039068460464478,0.7120004296302795,0.0,0.0,0.7021790146827698,0.17611441701753827
-57.7040556586112,1671.6200069215195,0.0,1.9011001693961598,0.8708367347717285,0.0,0.0,0.49157196283340454,0.7229421138763428,0.0,0.0,0.6909085512161255,-0.2721295770880514
-57.23369725739438,1671.2745331116762,0.0,1.8938720368353796,0.8776910305023193,0.0,0.0,0.4792265295982361,0.733619213104248,0.0,0.0,0.6795607209205627,0.1764794742175777
-56.774200951457146,1670.9180289030494,0.0,1.887260439751823,0.8843259811401367,0.0,0.0,0.46686920523643494,0.7440309524536133,0.0,0.0,0.6681450009346008,-0.2717956580434273
-56.3255297571442,1670.5507502157593,0.0,1.8814777313435738,0.8907456398010254,0.0,0.0,0.45450150966644287,0.754184365272522,0.0,0.0,0.6566624641418457,0.1767715301977923
-55.887609850191375,1670.172882943511,0.0,1.876736264808721,0.8969531655311584,0.0,0.0,0.4421249330043793,0.7640798687934875,0.0,0.0,0.6451215147972107,-0.2715561900366166
-55.46033723636345,1669.7845381699399,0.0,1.873248393345351,0.9029500484466553,0.0,0.0,0.42974480986595154,0.7737240195274353,0.0,0.0,0.633522629737854,0.1769476853222049
-55.04358482472598,1669.3857478555412,0.0,1.87122647015155,0.908737301826477,0.0,0.0,0.4173679053783417,0.7831200957298279,0.0,0.0,0.6218703389167786,-0.2714540727035963
-54.6372099309244,1668.976460966989,0.0,1.8708828484254048,0.9143158793449402,0.0,0.0,0.40500113368034363,0.7922745943069458,0.0,0.0,0.6101645231246948,0.17696503995483848
-54.24106224798957,1668.5565400221972,0.0,1.8724298813650024,0.919684886932373,0.0,0.0,0.39265674352645874,0.8011926412582397,0.0,0.0,0.5984063148498535,-0.27153220568034364
-53.85499233338944,1668.1257580271863,0.0,1.8760799221684308,0.924843430519104,0.0,0.0,0.3803474009037018,0.8098781108856201,0.0,0.0,0.5865978598594666,0.17678069445971584
-53.47886067325241,1667.6837957847129,0.0,1.882045324033774,0.929790735244751,0.0,0.0,0.3680878281593323,0.8183400630950928,0.0,0.0,0.5747339725494385,-0.27183348860283574
-53.11254739803948,1667.23023955979,0.0,1.8905384401591223,0.934524416923523,0.0,0.0,0.35589832067489624,0.826585590839386,0.0,0.0,0.5628105401992798,0.1763517492008599
-52.75596295046965,1666.7645793782333,0.0,1.9017704734237617,0.9390427470207214,0.0,0.0,0.34379953145980835,0.8346150517463684,0.0,0.0,0.5508332252502441,-0.27240076301014077
-52.40908823335289,1666.286248366704,0.0,1.915790154066777,0.9433445930480957,0.0,0.0,0.33181363344192505,0.8424389958381653,0.0,0.0,0.5387914180755615,0.1756436845219197
-52.07203753508251,1665.7947096948099,0.0,1.9323172960420176,0.9474283456802368,0.0,0.0,0.3199668824672699,0.8500598669052124,0.0,0.0,0.5266859531402588,-0.27323546715030445
-51.74491029581941,1665.2894769899028,0.0,1.9510319875488367,0.9512930512428284,0.0,0.0,0.3082868456840515,0.8574675917625427,0.0,0.0,0.5145378708839417,0.17469849808218138
-51.42746143641758,1664.7701247978557,0.0,1.971614316786573,0.9549393653869629,0.0,0.0,0.29679983854293823,0.8646602630615234,0.0,0.0,0.5023570656776428,-0.2742749787279679
-51.119437898833375,1664.23629856102,0.0,1.993744371954568,0.958369255065918,0.0,0.0,0.285530686378479,0.8716312646865845,0.0,0.0,0.4901619851589203,0.17358081852824225
-50.820649171102644,1663.687724130144,0.0,2.017102241252176,0.9615862369537354,0.0,0.0,0.2745019495487213,0.8783785700798035,0.0,0.0,0.4779655933380127,-0.27545466909653393
-50.530954319923865,1663.1242168053177,0.0,2.04136801287873,0.964594841003418,0.0,0.0,0.2637353837490082,0.8848955631256104,0.0,0.0,0.46578940749168396,0.17235527450669907
-50.25024960293458,1662.5456898815166,0.0,2.0662217750335867,0.9674003720283508,0.0,0.0,0.25325119495391846,0.8911800384521484,0.0,0.0,0.4536496698856354,-0.27670990960940545
-49.97845670840193,1661.952162657198,0.0,2.0913436159160788,0.9700090885162354,0.0,0.0,0.24306780099868774,0.8972306847572327,0.0,0.0,0.44156181812286377,0.17108649466414894
-49.715511690494836,1661.343767849733,0.0,2.116413623725563,0.972428023815155,0.0,0.0,0.23320229351520538,0.9030447006225586,0.0,0.0,0.4295462965965271,-0.27797607161998544
-49.46135468541631,1660.7207583494435,0.0,2.1411118866613705,0.9746644496917725,0.0,0.0,0.22367115318775177,0.9086214303970337,0.0,0.0,0.41762059926986694,0.16983910764718896
-49.215920507225476,1660.0835132347693,0.0,2.1651184929228613,0.9767265915870667,0.0,0.0,0.21448750793933868,0.9139609336853027,0.0,0.0,0.40580233931541443,-0.2791885264816769
-48.97913023196074,1659.4325429648152,0.0,2.188113530709365,0.978622555732727,0.0,0.0,0.2056640088558197,0.919062614440918,0.0,0.0,0.3941117227077484,0.16867774210241607
-48.75088388447003,1658.7684936624003,0.0,2.2097770882202386,0.9803610444068909,0.0,0.0,0.19721077382564545,0.9239290952682495,0.0,0.0,0.38256388902664185,-0.2802826455478827
-48.531054178991326,1658.0921498791224,0.0,2.2297909662875575,0.9819507598876953,0.0,0.0,0.18913647532463074,0.9285611510276794,0.0,0.0,0.3711795508861542,0.16766694017982423
-48.31946154734705,1657.4043691593577,0.0,2.248057097816915,0.9834007620811462,0.0,0.0,0.1814468801021576,0.9329618811607361,0.0,0.0,0.3599753677845001,-0.28120517744330475
-48.115837149912544,1656.705945996073,0.0,2.2649120670777005,0.9847196936607361,0.0,0.0,0.1741463541984558,0.9371337890625,0.0,0.0,0.34897035360336304,0.16681567910604717
-47.91982878891308,1655.9975893397605,0.0,2.280743405559283,0.9859167337417603,0.0,0.0,0.16723626852035522,0.9410809278488159,0.0,0.0,0.3381814956665039,-0.2820047399928796
-47.731010930895984,1655.279916391411,0.0,2.2959386447510175,0.987000584602356,0.0,0.0,0.16071610152721405,0.9448082447052002,0.0,0.0,0.3276238739490509,0.16604824278323227
-47.54889333467029,1654.5534475315924,0.0,2.3108853161422602,0.9879797697067261,0.0,0.0,0.15458226203918457,0.9483211040496826,0.0,0.0,0.3173121511936188,-0.28275962238637675
-47.37292818631724,1653.818602459589,0.0,2.32597095122238,0.9888628125190735,0.0,0.0,0.14882920682430267,0.9516245722770691,0.0,0.0,0.3072628676891327,0.16528634202161008
-47.202515656317466,1653.0756976080513,0.0,2.341583081480729,0.9896577000617981,0.0,0.0,0.14344818890094757,0.9547252655029297,0.0,0.0,0.29748862981796265,-0.2835481138135661
-47.037007801364034,1652.3249448947843,0.0,2.358109238406673,0.9903724193572998,0.0,0.0,0.1384282410144806,0.9576289057731628,0.0,0.0,0.2880045473575592,0.1644516876314109
-46.87571073481773,1651.5664518742965,0.0,2.3759369534895654,0.9910142421722412,0.0,0.0,0.13375556468963623,0.9603420495986938,0.0,0.0,0.2788238823413849,-0.28444850346421724
-46.717884984817985,1650.8002233577006,0.0,2.3954537582187756,0.9915904402732849,0.0,0.0,0.12941458821296692,0.9628717303276062,0.0,0.0,0.26995864510536194,0.16346599042286494
-46.562743947535274,1650.0261645807057,0.0,2.417047184083652,0.9921078681945801,0.0,0.0,0.12538635730743408,0.9652242064476013,0.0,0.0,0.2614228427410126,-0.2855390805280999
-46.40945032467473,1649.2440860159675,0.0,2.4411047625735667,0.9925729632377625,0.0,0.0,0.12164954841136932,0.9674072265625,0.0,0.0,0.25322505831718445,0.16225096120620258
-46.257111111941676,1648.4537093660842,0.0,2.4680140238348156,0.9929919242858887,0.0,0.0,0.11818069219589233,0.969430685043335,0.0,0.0,0.2453644573688507,-0.28689813412715287
-46.10499594739948,1647.6545383903053,0.0,2.4980274934862603,0.9933704733848572,0.0,0.0,0.11495517194271088,0.9713069200515747,0.0,0.0,0.2378285676240921,0.1607351294056246
-45.952892037887416,1646.8457524172068,0.0,2.5308921197146277,0.9937136769294739,0.0,0.0,0.11195021867752075,0.9730474948883057,0.0,0.0,0.23060369491577148,-0.28855796373464615
-45.800690107246496,1646.026591545128,0.0,2.5662365239621225,0.9940255880355835,0.0,0.0,0.10914520174264908,0.9746633768081665,0.0,0.0,0.2236756682395935,0.1589500584840339
-45.64830795318609,1645.1964179640781,0.0,2.603689327670919,0.9943100214004517,0.0,0.0,0.10652190446853638,0.9761645197868347,0.0,0.0,0.2170306146144867,-0.29044951947751463
-45.49568873790365,1644.354715347779,0.0,2.642879152283226,0.9945703148841858,0.0,0.0,0.1040639579296112,0.9775599837303162,0.0,0.0,0.21065591275691986,0.15697077441270527
-45.34279929161275,1643.501088228023,0.0,2.683434619241225,0.9948090314865112,0.0,0.0,0.10175642371177673,0.9788579344749451,0.0,0.0,0.20453983545303345,-0.2924977753844843
-45.18962842998503,1642.635261348931,0.0,2.7249843499870967,0.9950287342071533,0.0,0.0,0.09958597272634506,0.9800661206245422,0.0,0.0,0.1986701339483261,0.15487230316291375
-45.036185289253474,1641.7570789994993,0.0,2.7671569659630517,0.9952311515808105,0.0,0.0,0.09754134714603424,0.9811915159225464,0.0,0.0,0.19303573668003082,-0.29462770548427997
-44.88249768523847,1640.866504323608,0.0,2.809581088611259,0.9954184889793396,0.0,0.0,0.0956118255853653,0.9822400212287903,0.0,0.0,0.18762758374214172,0.15272967070593357
-44.72861050481901,1639.9636186074067,0.0,2.8518853393739314,0.9955919981002808,0.0,0.0,0.0937880277633667,0.9832179546356201,0.0,0.0,0.18243373930454254,-0.2967642838056271
-44.57458414036193,1639.048620544725,0.0,2.893698339693239,0.9957531094551086,0.0,0.0,0.09206202626228333,0.9841303825378418,0.0,0.0,0.17744584381580353,0.15061790301303926
-44.42049297932089,1638.1218254818523,0.0,2.9346487110113912,0.9959030747413635,0.0,0.0,0.0904262587428093,0.9849822521209717,0.0,0.0,0.1726544201374054,-0.29883248437725096
-44.266423962598566,1637.1836646436989,0.0,2.9743650747705592,0.9960427284240723,0.0,0.0,0.08887452632188797,0.9857780933380127,0.0,0.0,0.16805124282836914,0.14861202605550555
-44.11247193886465,1636.234663955691,0.0,3.012540814830405,0.9961730241775513,0.0,0.0,0.08740148693323135,0.9865218997001648,0.0,0.0,0.16362819075584412,-0.3007605520570411
-43.958716826852104,1635.2753065539357,0.0,3.049304466662659,0.9962859749794006,0.0,0.0,0.08600141108036041,0.9872174263000488,0.0,0.0,0.15937764942646027,0.14675527596296745
-43.80521524094718,1634.3059767072968,0.0,3.08496379796162,0.9963927268981934,0.0,0.0,0.08467112481594086,0.9878683686256409,0.0,0.0,0.15529190003871918,-0.3025615283852715
-43.65200151852137,1633.3269602198877,0.0,3.119827133481968,0.9964936971664429,0.0,0.0,0.08340711146593094,0.9884775876998901,0.0,0.0,0.15136544406414032,0.14499450144173776
-43.49908871763854,1632.3384450231183,0.0,3.154202797978419,0.9965890645980835,0.0,0.0,0.08220649510622025,0.9890482425689697,0.0,0.0,0.14759089052677155,-0.30429767305680944
-43.34646954516071,1631.3405217794934,0.0,3.1883991162056544,0.9966791272163391,0.0,0.0,0.08106672018766403,0.989582896232605,0.0,0.0,0.14396266639232635,0.14326741466258447
-43.19411720524487,1630.3331844966021,0.0,3.2227244129183874,0.996764063835144,0.0,0.0,0.07998599857091904,0.9900838136672974,0.0,0.0,0.140475794672966,-0.30603127390088686
-43.04198615892314,1629.31633115021,0.0,3.2574870128713096,0.9968440532684326,0.0,0.0,0.07896260172128677,0.990553617477417,0.0,0.0,0.13712374866008759,0.14151172779627527
-42.890012785917385,1628.28976431574,0.0,3.2929952408191085,0.9969192743301392,0.0,0.0,0.07799533754587173,0.990994393825531,0.0,0.0,0.1339016854763031,-0.3078246187467353
-42.73811594005834,1627.2531918078482,0.0,3.329557421516501,0.9969898462295532,0.0,0.0,0.07708349078893661,0.9914077520370483,0.0,0.0,0.1308053731918335,0.13966515301357865
-42.58619738963292,1626.206227328159,0.0,3.3674818797181687,0.9970558285713196,0.0,0.0,0.07622656226158142,0.9917957782745361,0.0,0.0,0.12783004343509674,-0.30973999542358716
-42.43414213366041,1625.148391121542,0.0,3.407076940178825,0.9971174001693726,0.0,0.0,0.07542421668767929,0.9921600222587585,0.0,0.0,0.12497163563966751,0.13766540248526266
-42.281818584491766,1624.0791106416543,0.0,3.4486509276531505,0.9971745014190674,0.0,0.0,0.07467664778232574,0.992501974105835,0.0,0.0,0.12222637236118317,-0.3118396917606743
-42.12907860620667,1622.9977212267343,0.0,3.4925121668958647,0.9972271919250488,0.0,0.0,0.07398416101932526,0.9928230047225952,0.0,0.0,0.11959096044301987,0.13545018838209524
-41.97575739704137,1621.9034667868798,0.0,3.5389689826616424,0.9972755908966064,0.0,0.0,0.07334733754396439,0.9931243658065796,0.0,0.0,0.11706214398145676,-0.3141859955872287
-41.821673202494004,1620.7955005042816,0.0,3.5883296997052043,0.9973196387290955,0.0,0.0,0.07276687026023865,0.9934073090553284,0.0,0.0,0.11463603377342224,0.13295722287484465
-41.66662684379597,1619.6728855480312,0.0,3.640902642781226,0.9973593354225159,0.0,0.0,0.072243832051754,0.9936729669570923,0.0,0.0,0.11231034994125366,-0.3168411947324823
-41.510401044087146,1618.534595805306,0.0,3.6969961366444295,0.9973946213722229,0.0,0.0,0.0717792734503746,0.9939221739768982,0.0,0.0,0.11008250713348389,0.1301242181342788
-41.35275953185222,1617.379516630795,0.0,3.7569185060494874,0.9974254965782166,0.0,0.0,0.07137437164783478,0.9941561222076416,0.0,0.0,0.10794995725154877,-0.31986757702566704
-41.19344589855795,1616.2064456209102,0.0,3.8209780608042294,0.9974518418312073,0.0,0.0,0.0710306242108345,0.9943753480911255,0.0,0.0,0.10591122508049011,0.12688888708605953
-41.03219168107538,1615.0141637673128,0.0,3.8892534195929516,0.9974736571311951,0.0,0.0,0.0707496851682663,0.994580864906311,0.0,0.0,0.10396391153335571,-0.3233158274695419
-40.86874780228339,1613.8016836368304,0.0,3.9610127771148997,0.9974908232688904,0.0,0.0,0.07053335011005402,0.9947731494903564,0.0,0.0,0.1021067202091217,0.12326467711020353
-40.70288918105169,1612.568302362804,0.0,4.035345679190949,0.9975031614303589,0.0,0.0,0.0703834518790245,0.9949531555175781,0.0,0.0,0.10033806413412094,-0.32707001444307976
-40.53441216915668,1611.3135996060598,0.0,4.111341671641971,0.997510552406311,0.0,0.0,0.07030203938484192,0.9951212406158447,0.0,0.0,0.0986570343375206,0.11942649567328326
-40.36313239489705,1610.0374354479702,0.0,4.188090300288891,0.9975128173828125,0.0,0.0,0.0702914446592331,0.995278000831604,0.0,0.0,0.09706298261880875,-0.33094620780908585
-40.188883080355644,1608.7399482161318,0.0,4.264681110952562,0.9975097179412842,0.0,0.0,0.07035402953624725,0.9954238533973694,0.0,0.0,0.09555597603321075,0.1155582729124918
-40.01151390598563,1607.421552247078,0.0,4.340203649453912,0.9975010752677917,0.0,0.0,0.07049255818128586,0.9955592155456543,0.0,0.0,0.09413518011569977,-0.3347604774303661
-39.830890500353135,1606.0829355940486,0.0,4.413747461613795,0.9974866509437561,0.0,0.0,0.0707094743847847,0.9956844449043274,0.0,0.0,0.09280084073543549,0.1118439389650229
-39.64689463421229,1604.7250576912004,0.0,4.484402093253135,0.9974660873413086,0.0,0.0,0.07100766897201538,0.9958000183105469,0.0,0.0,0.09155243635177612,-0.3383288931697267
-39.45942519635562,1603.3491469886653,0.0,4.551257090192787,0.9974390864372253,0.0,0.0,0.07138994336128235,0.9959061741828918,0.0,0.0,0.09039071202278137,0.1084674239680708
-39.26840002365512,1601.956698575638,0.0,4.613401998253678,0.9974053502082825,0.0,0.0,0.07185934484004974,0.9960030913352966,0.0,0.0,0.08931659162044525,-0.3414675248899737
-39.073755538790884,1600.5494494254467,0.0,4.670000710787601,0.9973644018173218,0.0,0.0,0.07241878658533096,0.9960911273956299,0.0,0.0,0.08833035081624985,0.10560890313302415
-38.87541139038394,1599.1290988170524,0.0,4.721139993381976,0.9973158836364746,0.0,0.0,0.07307124137878418,0.9961704015731812,0.0,0.0,0.08743219077587128,-0.3440503169401946
-38.673246406739764,1597.697121070843,0.0,4.767531064863352,0.997259259223938,0.0,0.0,0.0738195925951004,0.9962410926818848,0.0,0.0,0.08662332594394684,0.10326591972487381
-38.467099235077406,1596.2547637285732,0.0,4.809896938276349,0.9971941113471985,0.0,0.0,0.07466667145490646,0.9963032603263855,0.0,0.0,0.08590425550937653,-0.3461900075166086
-38.25676893396249,1594.803049322375,0.0,4.848960626665547,0.9971200227737427,0.0,0.0,0.07561507076025009,0.9963534474372864,0.0,0.0,0.08527594059705734,0.10129300616986384
-38.042014988143336,1593.3427771546403,0.0,4.885445143075559,0.997036337852478,0.0,0.0,0.07666707038879395,0.9963966012001038,0.0,0.0,0.08473965525627136,-0.34803265986054865
-37.82255670812809,1591.8745250758911,0.0,4.920073500550976,0.9969425797462463,0.0,0.0,0.07782446593046188,0.9964326620101929,0.0,0.0,0.084296315908432,0.09954409922666096
-37.5980719813317,1590.3986512502117,0.0,4.953568712136386,0.9968476891517639,0.0,0.0,0.07908956706523895,0.9964613914489746,0.0,0.0,0.08394680172204971,-0.3497243372133471
-37.368195344331504,1588.9152959001121,0.0,4.986653790876404,0.9967415928840637,0.0,0.0,0.08046229183673859,0.9964825510978699,0.0,0.0,0.08369249105453491,0.0978731356539328
-37.13251534658759,1587.424383024797,0.0,5.020051749815609,0.9966238737106323,0.0,0.0,0.08194300532341003,0.9964960813522339,0.0,0.0,0.08353395015001297,-0.35141110281633725
-36.89057117483553,1585.9256220877307,0.0,5.054485601998619,0.996494472026825,0.0,0.0,0.08353152126073837,0.9965015649795532,0.0,0.0,0.08347296714782715,0.09613405221034643
-36.641848504166106,1584.41850967112,0.0,5.090678360470011,0.9963529706001282,0.0,0.0,0.08522681891918182,0.9964987635612488,0.0,0.0,0.08351143449544907,-0.35323901991085205
-36.38577453649603,1582.9023310964485,0.0,5.129353038274402,0.9961988925933838,0.0,0.0,0.08702731877565384,0.9964873790740967,0.0,0.0,0.08364945650100708,0.09418078565456911
-36.12171337238862,1581.376168820394,0.0,5.17120955944349,0.996032178401947,0.0,0.0,0.08893075585365295,0.9964670538902283,0.0,0.0,0.08388928323984146,-0.3553529856264625
-35.848989351288665,1579.83907048234,0.0,5.216382212096543,0.9958522915840149,0.0,0.0,0.09093425422906876,0.9964373707771301,0.0,0.0,0.0842326208949089,0.0918993385508795
-35.566915065187736,1578.2902212305044,0.0,5.264419737915429,0.9956591129302979,0.0,0.0,0.09303423017263412,0.996397852897644,0.0,0.0,0.08468126505613327,-0.357779123294083
-35.27479296926017,1576.7289505202227,0.0,5.314843805970146,0.9954525828361511,0.0,0.0,0.09522633999586105,0.9963480234146118,0.0,0.0,0.08523716032505035,0.08935266844710593
-34.971916121206064,1575.1547309178666,0.0,5.3671760853306445,0.9952324628829956,0.0,0.0,0.09750556200742722,0.9962921142578125,0.0,0.0,0.0859026238322258,-0.36042216770622937
-34.657569422336074,1573.567176918073,0.0,5.420938245066923,0.9949988126754761,0.0,0.0,0.09986601024866104,0.9962259531021118,0.0,0.0,0.08667924255132675,0.08663740785436458
-34.331031398905374,1571.9660437744485,0.0,5.475651954248929,0.9947516918182373,0.0,0.0,0.10230116546154022,0.9961491227149963,0.0,0.0,0.08756937086582184,-0.3631854863517852
-33.9915765636256,1570.3512263449088,0.0,5.530838881946665,0.9944915771484375,0.0,0.0,0.10480359196662903,0.9960610270500183,0.0,0.0,0.08857497572898865,0.08385018928377186
-33.63847839783598,1568.7227579537853,0.0,5.586020697230094,0.9942185878753662,0.0,0.0,0.10736487805843353,0.9959614872932434,0.0,0.0,0.08969538658857346,-0.36597244671963514
-33.271078869479794,1567.080809273659,0.0,5.640719069169178,0.9939332604408264,0.0,0.0,0.10997609049081802,0.995850682258606,0.0,0.0,0.09092465043067932,0.08108764524644435
-32.889140967068634,1565.4256872306587,0.0,5.694455666833912,0.9936363101005554,0.0,0.0,0.11262840032577515,0.9957287907600403,0.0,0.0,0.09225728362798691,-0.3686864162986621
-32.49262420420126,1563.7578339376148,0.0,5.7467521592942505,0.993328332901001,0.0,0.0,0.11531376093626022,0.9955959916114807,0.0,0.0,0.09368603676557541,0.07844640825349797
-32.08154057658007,1562.0778256600245,0.0,5.797130215620192,0.9930099248886108,0.0,0.0,0.11802475154399872,0.9954525232315063,0.0,0.0,0.09520413726568222,-0.37123076257775006
-31.65595881582513,1560.3863718202388,0.0,5.845111504881685,0.9926818013191223,0.0,0.0,0.12075455486774445,0.995298445224762,0.0,0.0,0.09680642187595367,0.07602311081604884
-31.216005990115054,1558.684303384228,0.0,5.890254617737822,0.9923443794250488,0.0,0.0,0.12349691987037659,0.9951341152191162,0.0,0.0,0.09848665446043015,-0.37351071777250455
-30.761841332978385,1556.9724602100575,0.0,5.932505954203057,0.991998553276062,0.0,0.0,0.12624572217464447,0.9949595332145691,0.0,0.0,0.10023931413888931,0.07388920493396633
-30.29363798751986,1555.2516242925076,0.0,5.972043760969586,0.9916447997093201,0.0,0.0,0.12899552285671234,0.9947749376296997,0.0,0.0,0.10205802321434021,-0.37550757670010704
-29.81158070479449,1553.5225193501751,0.0,6.009049402082293,0.9912838339805603,0.0,0.0,0.13174119591712952,0.9945805668830872,0.0,0.0,0.10393806546926498,0.07202023316059736
-29.31586376705846,1551.7858113126267,0.0,6.043704241586097,0.9909162521362305,0.0,0.0,0.13447795808315277,0.9943765997886658,0.0,0.0,0.1058741956949234,-0.37725782111949113
-28.8066889229565,1550.0421088021676,0.0,6.076189643525876,0.9905428886413574,0.0,0.0,0.13720132410526276,0.9941633939743042,0.0,0.0,0.10786055773496628,0.0703795562949519
-28.284263344795253,1548.2919636077315,0.0,6.106686971946545,0.9901643395423889,0.0,0.0,0.1399073600769043,0.9939411878585815,0.0,0.0,0.10989227145910263,-0.3787980902316461
-27.74879761715991,1546.5358711486447,0.0,6.135377590892994,0.9897813200950623,0.0,0.0,0.1425921469926834,0.9937101006507874,0.0,0.0,0.11196423321962357,0.06893053513604036
-27.200503765276224,1544.7742709262259,0.0,6.162442864410132,0.98939448595047,0.0,0.0,0.14525224268436432,0.9934704899787903,0.0,0.0,0.11407233029603958,-0.3801650232375622
-26.63959333070553,1543.0075469613548,0.0,6.188064156542845,0.9890044331550598,0.0,0.0,0.1478845775127411,0.9932224750518799,0.0,0.0,0.11621274054050446,0.06763653048287305
-26.066275501202558,1541.2360282163681,0.0,6.212422831336048,0.9886119365692139,0.0,0.0,0.1504860371351242,0.9929665327072144,0.0,0.0,0.1183805838227272,-0.381395259338229
-25.480755300838304,1539.4599889997883,0.0,6.23570025283463,0.9882176518440247,0.0,0.0,0.153053879737854,0.9927031397819519,0.0,0.0,0.12057078629732132,0.06646090313445985
-24.883231845830085,1537.679649352557,0.0,6.258077785083487,0.9878222942352295,0.0,0.0,0.155585378408432,0.9924323558807373,0.0,0.0,0.12278034538030624,-0.382525437734636
-24.27389667090063,1535.8951754145933,0.0,6.279736792127531,0.9874264597892761,0.0,0.0,0.15807825326919556,0.9921546578407288,0.0,0.0,0.12500548362731934,0.06536701388981114
-23.652932130427924,1534.1066797706355,0.0,6.300858638011647,0.9870307445526123,0.0,0.0,0.16053010523319244,0.9918705821037292,0.0,0.0,0.12724120914936066,-0.3835921976277731
-23.02050987814041,1532.3142217744303,0.0,6.3216246867807495,0.9866359233856201,0.0,0.0,0.16293905675411224,0.9915802478790283,0.0,0.0,0.12948516011238098,0.06431822354793731
-22.3767894286624,1530.5178078504507,0.0,6.342216302479724,0.9862426519393921,0.0,0.0,0.16530337929725647,0.9912840723991394,0.0,0.0,0.131734237074852,-0.38463217821863044
-21.72191680381652,1528.717391772394,0.0,6.362814849153482,0.9858513474464417,0.0,0.0,0.16762110590934753,0.9909825325012207,0.0,0.0,0.1339840292930603,0.06327789290784858
-21.056023266265314,1526.9128749178044,0.0,6.383601690846912,0.9854627847671509,0.0,0.0,0.16989080607891083,0.9906759858131409,0.0,0.0,0.13623277842998505,-0.3856820187081977
-20.379224142789468,1525.104106498206,0.0,6.404758191604921,0.9850775003433228,0.0,0.0,0.1721106767654419,0.9903650283813477,0.0,0.0,0.13847634196281433,0.062209382768555255
-19.69161773929496,1523.2908837641783,0.0,6.426465715472404,0.984696090221405,0.0,0.0,0.17427946627140045,0.9900500178337097,0.0,0.0,0.14071142673492432,-0.38677835829746454
-18.99328434948192,1521.4729521848255,0.0,6.448905626494266,0.9843192100524902,0.0,0.0,0.17639583349227905,0.9897311925888062,0.0,0.0,0.14293742179870605,0.06107605392906729
-18.28428535902537,1519.6500056011114,0.0,6.472259288715399,0.9839472770690918,0.0,0.0,0.17845848202705383,0.9894092679023743,0.0,0.0,0.14514951407909393,-0.38795783618742075
-17.564662447088832,1517.8216863525033,0.0,6.49670806618071,0.9835811257362366,0.0,0.0,0.18046626448631287,0.9890843629837036,0.0,0.0,0.14734715223312378,0.05984126718839505
-16.8344392504515,1515.987591279535,0.0,6.522412321945437,0.9832209944725037,0.0,0.0,0.1824181228876114,0.9887570738792419,0.0,0.0,0.1495273858308792,-0.38925603092301303
-16.093644723437365,1514.1473306766145,0.0,6.5493227101675195,0.9828676581382751,0.0,0.0,0.18431298434734344,0.9884282350540161,0.0,0.0,0.15168674290180206,0.05848215667212825
-15.342327744340706,1512.3005619460735,0.0,6.577269323777601,0.9825212955474854,0.0,0.0,0.18615002930164337,0.9880977272987366,0.0,0.0,0.15382495522499084,-0.39066747605483537
-14.580558677430343,1510.4469897068711,0.0,6.606080815492023,0.9821828007698059,0.0,0.0,0.18792805075645447,0.9877665042877197,0.0,0.0,0.1559387445449829,0.057027030827965564
-13.808430694572209,1508.5863655203034,0.0,6.635585838027149,0.9818525314331055,0.0,0.0,0.18964630365371704,0.9874345660209656,0.0,0.0,0.15802700817584991,-0.3921576287081246
-13.026061013287137,1506.7184876387585,0.0,6.665613044099327,0.9815308451652527,0.0,0.0,0.19130420684814453,0.9871026873588562,0.0,0.0,0.16008736193180084,0.05551050526876461
-12.233592048989093,1504.8432007781605,0.0,6.695991086424918,0.9812182784080505,0.0,0.0,0.1929006427526474,0.9867711067199707,0.0,0.0,0.16211779415607452,-0.3936918732700231
-11.431192478780698,1502.9603959148567,0.0,6.7265486177202645,0.9809152483940125,0.0,0.0,0.19443511962890625,0.9864406585693359,0.0,0.0,0.1641167849302292,0.0539671956073835
-10.619058213866245,1501.0700101077337,0.0,6.757114290701731,0.9806224703788757,0.0,0.0,0.1959066390991211,0.986111581325531,0.0,0.0,0.16608259081840515,-0.3952355941276729
-9.797413277391605,1499.172026346442,0.0,6.787516758085661,0.9803400635719299,0.0,0.0,0.1973145604133606,0.9857845306396484,0.0,0.0,0.168013334274292,0.05243171745667996
-8.966510584309631,1497.2664734266111,0.0,6.817584672588418,0.980060338973999,0.0,0.0,0.19865655899047852,0.9854599237442017,0.0,0.0,0.16990695893764496,-0.3967541756682162
-8.126632619732089,1495.353425852993,0.0,6.847146686926344,0.9797936081886292,0.0,0.0,0.19993387162685394,0.9851381182670593,0.0,0.0,0.17176298797130585,0.05093868642951194
-7.27809201213754,1493.4330037714503,0.0,6.876031453815805,0.9795400500297546,0.0,0.0,0.20114582777023315,0.9848195910453796,0.0,0.0,0.17357955873012543,-0.398213002278795
-6.421231997783033,1491.5053729307283,0.0,6.904067625973143,0.9792998433113098,0.0,0.0,0.20229174196720123,0.9845049977302551,0.0,0.0,0.17535467445850372,0.04952271813873732
-5.556426772699457,1489.5707446748988,0.0,6.9310838561147206,0.9790732264518738,0.0,0.0,0.20337091386318207,0.9841948747634888,0.0,0.0,0.177086740732193,-0.3995774583465515
-4.684081728747988,1487.6293759673417,0.0,6.956908796956886,0.9788603186607361,0.0,0.0,0.20438313484191895,0.983889639377594,0.0,0.0,0.17877456545829773,0.048218428197213836
-3.804633570380556,1485.681569447072,0.0,6.981371101215997,0.978661298751831,0.0,0.0,0.20532815158367157,0.983589768409729,0.0,0.0,0.18041737377643585,-0.4008129282586278
-2.9185503089631366,1483.7276735181265,0.0,7.004299421608404,0.9784762263298035,0.0,0.0,0.2062055468559265,0.9832956790924072,0.0,0.0,0.18201296031475067,0.047060432217799375
-2.0263311318221477,1481.7680824726701,0.0,7.025522410850455,0.9783052802085876,0.0,0.0,0.20701543986797333,0.9830080270767212,0.0,0.0,0.1835603266954422,-0.40188479640216573
-1.1285047966764212,1479.803233705708,0.0,7.0448792725304585,0.978148341178894,0.0,0.0,0.20775830745697021,0.9827272295951843,0.0,0.0,0.18505805730819702,0.04608281294103145
-0.2256010351357589,1477.8335465044954,0.0,7.0624293731001915,0.9780054092407227,0.0,0.0,0.20843450725078583,0.9824536442756653,0.0,0.0,0.18650512397289276,-0.4027711651178088
0.6818770920715433,1475.8593641546315,0.0,7.078440419484871,0.9778764247894287,0.0,0.0,0.20904472470283508,0.9821877479553223,0.0,0.0,0.1879003643989563,0.04527417423473451
1.5934554234154366,1473.8809518398434,0.0,7.093188302745376,0.9777612090110779,0.0,0.0,0.20958992838859558,0.9819300770759583,0.0,0.0,0.1892424374818802,-0.4035160077067232
2.5086897095640737,1471.8984967764,0.0,7.106948913942606,0.9776595830917358,0.0,0.0,0.21007148921489716,0.9816809892654419,0.0,0.0,0.19053101539611816,0.04457919387123804
3.427166444251406,1469.912108298318,0.0,7.119998144137441,0.9775711894035339,0.0,0.0,0.21049068868160248,0.9814409017562866,0.0,0.0,0.19176435470581055,-0.4041750597367654
4.348503509455464,1467.9218178925737,0.0,7.132611884390776,0.9774956703186035,0.0,0.0,0.2108495682477951,0.9812104105949402,0.0,0.0,0.1929406374692917,0.043942136282685784
5.272350631848751,1465.9275791835987,0.0,7.145066025763495,0.9774325489997864,0.0,0.0,0.21115034818649292,0.9809895157814026,0.0,0.0,0.19406013190746307,-0.40480405677579157
6.198389647843607,1463.9292678664176,0.0,7.157636459316488,0.9773814082145691,0.0,0.0,0.21139532327651978,0.9807791113853455,0.0,0.0,0.1951206922531128,0.04330726590122147
7.126334574765947,1461.9266815877925,0.0,7.170599076110642,0.9773415923118591,0.0,0.0,0.2115873545408249,0.9805791974067688,0.0,0.0,0.19612284004688263,-0.4054587343916579
8.055931485732579,1459.9195397747214,0.0,7.184229767206854,0.9773125052452087,0.0,0.0,0.2117292881011963,0.9803903698921204,0.0,0.0,0.1970645934343338,0.042618847158988504
8.986958185707895,1457.9074834095643,0.0,7.198804423666002,0.9772933721542358,0.0,0.0,0.21182459592819214,0.9802128672599792,0.0,0.0,0.19794587790966034,-0.4061948281522209
9.919224455066528,1455.890077789018,0.0,7.214590080675476,0.9772834181785583,0.0,0.0,0.21187695860862732,0.9800465703010559,0.0,0.0,0.19876806437969208,0.04182159175446959
10.852666164640077,1453.8668968435638,0.0,7.231674881445247,0.9772818088531494,0.0,0.0,0.2118901014328003,0.9798910617828369,0.0,0.0,0.19953306019306183,-0.4070576968779669
11.787394285040548,1451.8375902722594,0.0,7.2499808547274665,0.9772878885269165,0.0,0.0,0.21186749637126923,0.9797459244728088,0.0,0.0,0.20024438202381134,0.04089704764930696
12.723524262160991,1449.8018355489453,0.0,7.269423733304826,0.9773009419441223,0.0,0.0,0.21181198954582214,0.979606568813324,0.0,0.0,0.2009032815694809,-0.40803966044247997
13.66115963000639,1447.7593331695473,0.0,7.289919249959992,0.9773203134536743,0.0,0.0,0.21172672510147095,0.9794777035713196,0.0,0.0,0.20151324570178986,0.03986192054551069
14.600392035440954,1445.7098067119325,0.0,7.3113831374756595,0.9773455262184143,0.0,0.0,0.21161386370658875,0.9793587923049927,0.0,0.0,0.2020764946937561,-0.4091236951654935
15.541301266703497,1443.6530028955308,0.0,7.333731128634492,0.9773761034011841,0.0,0.0,0.211475670337677,0.9792494773864746,0.0,0.0,0.20259498059749603,0.03873323412334745
16.48395528580333,1441.5886916407578,0.0,7.356878956219182,0.9774116277694702,0.0,0.0,0.21131399273872375,0.9791494607925415,0.0,0.0,0.20306994020938873,-0.41029277736674047
17.428410264907306,1439.5166661282892,0.0,7.3807423530124,0.9774516820907593,0.0,0.0,0.21113070845603943,0.9790581464767456,0.0,0.0,0.2035040557384491,0.03752801206308387
18.37471062684234,1437.4367428582148,0.0,7.405237051796836,0.9774959683418274,0.0,0.0,0.21092739701271057,0.9789751172065735,0.0,0.0,0.20389926433563232,-0.41152988336595436
19.32288908982956,1435.3487617090955,0.0,7.430278785355156,0.9775441288948059,0.0,0.0,0.21070556342601776,0.9789000153541565,0.0,0.0,0.20425722002983093,0.03626327804498691
20.272966716573247,1433.2525859969644,0.0,7.455783286470056,0.9775959253311157,0.0,0.0,0.2104663848876953,0.9788325428962708,0.0,0.0,0.2045794576406479,-0.4128179894828685
21.224952967831182,1431.1481025342641,0.0,7.481666287924199,0.9776510000228882,0.0,0.0,0.21021120250225067,0.9787724018096924,0.0,0.0,0.20486731827259064,0.03495605574932309
22.17884576058392,1429.035221688749,0.0,7.507843522500278,0.9777092337608337,0.0,0.0,0.20994073152542114,0.9787192940711975,0.0,0.0,0.20512190461158752,-0.4141400720372159
23.13463153092966,1426.913877442356,0.0,7.534230722980962,0.9777704477310181,0.0,0.0,0.2096560150384903,0.9786729216575623,0.0,0.0,0.2053447663784027,0.03362336885635925
24.092285301822788,1424.7840274500315,0.0,7.560743622148941,0.9778343439102173,0.0,0.0,0.20935803651809692,0.9786328077316284,0.0,0.0,0.2055377960205078,-0.41547910734873
25.051770755771585,1422.6456530985338,0.0,7.58729795278689,0.9779008030891418,0.0,0.0,0.2090473771095276,0.9785988926887512,0.0,0.0,0.20570158958435059,0.03228224104636185
26.013040312611263,1420.4987595651764,0.0,7.613809447677483,0.9779696464538574,0.0,0.0,0.20872464776039124,0.9785708785057068,0.0,0.0,0.20583771169185638,-0.4168180717371438
26.97603521245863,1418.3433758765125,0.0,7.640193839603408,0.9780408143997192,0.0,0.0,0.2083907127380371,0.9785486459732056,0.0,0.0,0.2059464156627655,0.030949695999597904
27.94068560394997,1416.1795549669407,0.0,7.666366861347336,0.9781140685081482,0.0,0.0,0.2080460488796234,0.9785318374633789,0.0,0.0,0.20602947473526,-0.4181399415221906
28.906910637858452,1414.0073737372088,0.0,7.692244245691961,0.9781894087791443,0.0,0.0,0.20769105851650238,0.9785202145576477,0.0,0.0,0.20608793199062347,0.029642757396333985
29.87461856618029,1411.8269331127747,0.0,7.717741725419943,0.9782666563987732,0.0,0.0,0.20732611417770386,0.9785135984420776,0.0,0.0,0.20612263679504395,-0.4194276930236038
30.84370684676287,1409.6383581020218,0.0,7.74277503331398,0.9783457517623901,0.0,0.0,0.20695184171199799,0.9785117506980896,0.0,0.0,0.2061343491077423,0.028378448916837107
31.814062253550365,1407.441797854256,0.0,7.767259902156739,0.9784266352653503,0.0,0.0,0.20656830072402954,0.9785146117210388,0.0,0.0,0.20612367987632751,-0.42066430256111687
32.78556099249632,1405.2374257174795,0.0,7.791112064730911,0.9785091876983643,0.0,0.0,0.20617586374282837,0.9785218834877014,0.0,0.0,0.20609158277511597,0.027173794241373894
33.758068823194655,1403.0254392958757,0.0,7.814247253819165,0.9785934090614319,0.0,0.0,0.20577488839626312,0.9785333871841431,0.0,0.0,0.2060393989086151,-0.421832746454463
34.73144118625753,1400.806060506964,0.0,7.836581202204184,0.9786791205406189,0.0,0.0,0.20536570250988007,0.9785489439964294,0.0,0.0,0.2059677094221115,0.026045817050211306
35.70552333645666,1398.5795356383821,0.0,7.858029642668647,0.9787663817405701,0.0,0.0,0.20494835078716278,0.9785684943199158,0.0,0.0,0.20587661862373352,-0.4229160010233753
36.68015048163259,1396.3461354042315,0.0,7.878508307995238,0.9788550734519958,0.0,0.0,0.20452314615249634,0.9785918593406677,0.0,0.0,0.20576706528663635,0.025011541023615802
37.65514792735277,1394.106155000939,0.0,7.897932930966634,0.9789451360702515,0.0,0.0,0.20409023761749268,0.9786190986633301,0.0,0.0,0.20563878118991852,-0.42389704258758726
38.63033122728906,1391.8599141625727,0.0,7.916219244365516,0.9790365695953369,0.0,0.0,0.20364992320537567,0.9786497354507446,0.0,0.0,0.2054939568042755,0.02408798984185412
39.60550633926074,1389.607757215544,0.0,7.933282980974562,0.9791293740272522,0.0,0.0,0.20320215821266174,0.9786838293075562,0.0,0.0,0.20533215999603271,-0.424758847466832
40.580471337426125,1387.350049537202,0.0,7.949052529610945,0.9792234301567078,0.0,0.0,0.20274707674980164,0.9787211418151855,0.0,0.0,0.20515447854995728,0.02329154799153177
41.555030135344595,1385.0871460401827,0.0,7.963567319669872,0.9793187379837036,0.0,0.0,0.2022848278284073,0.9787617921829224,0.0,0.0,0.2049606740474701,-0.4254919176718283
42.52899950311157,1382.8193747765536,0.0,7.97692433246524,0.9794151782989502,0.0,0.0,0.20181584358215332,0.978805422782898,0.0,0.0,0.20475199818611145,0.02261695138570513
43.502209040267545,1380.5470367301236,0.0,7.989221036338362,0.9795128703117371,0.0,0.0,0.20133985579013824,0.9788520336151123,0.0,0.0,0.20452839136123657,-0.42611296332198606
44.47450108256602,1378.2704057472415,0.0,8.000554899630561,0.9796117544174194,0.0,0.0,0.20085692405700684,0.9789015054702759,0.0,0.0,0.2042907327413559,0.02204453404771528
45.44573060256366,1375.9897284679255,0.0,8.011023390683164,0.9797117710113525,0.0,0.0,0.20036724209785461,0.9789538979530334,0.0,0.0,0.2040386199951172,-0.4266416749913094
46.415765104059695,1373.7052242574036,0.0,8.020723977837482,0.9798128604888916,0.0,0.0,0.19987095892429352,0.9790087938308716,0.0,0.0,0.20377373695373535,0.021554605403557803
47.384484510416556,1371.4170851381075,0.0,8.029754129434851,0.9799150228500366,0.0,0.0,0.19936798512935638,0.9790663719177246,0.0,0.0,0.20349538326263428,-0.4270977432538028
48.351781046785405,1369.1254757221966,0.0,8.038211313816578,0.9800182580947876,0.0,0.0,0.19885855913162231,0.9791263937950134,0.0,0.0,0.20320430397987366,0.021127474879228114
49.31755911626435,1366.8305331446422,0.0,8.046192999323988,0.9801225066184998,0.0,0.0,0.19834262132644653,0.9791889786720276,0.0,0.0,0.20290040969848633,-0.42750085868346993
50.2817351700081,1364.5323669969212,0.0,8.05379665429841,0.9802277684211731,0.0,0.0,0.1978202760219574,0.9792538285255432,0.0,0.0,0.20258481800556183,0.02074345190072202
51.24423757130187,1362.2310592613476,0.0,8.06111974708115,0.9803339838981628,0.0,0.0,0.1972915083169937,0.9793208837509155,0.0,0.0,0.20225763320922852,-0.42787071185431547
52.20500645360742,1359.9266642460784,0.0,8.068259746013538,0.9804412126541138,0.0,0.0,0.19675631821155548,0.9793901443481445,0.0,0.0,0.2019190788269043,0.020382845894035773
53.16399357257932,1357.619208520804,0.0,8.0753141194369,0.9805493950843811,0.0,0.0,0.19621478021144867,0.9794615507125854,0.0,0.0,0.20156943798065186,-0.42822699334034386
54.12116215203881,1355.308690853148,0.0,8.082380335692546,0.9806585907936096,0.0,0.0,0.19566693902015686,0.9795350432395935,0.0,0.0,0.20120860636234283,0.02002596628516473
55.07648672388115,1352.9950821457828,0.0,8.089555863121804,0.9807687401771545,0.0,0.0,0.19511273503303528,0.9796105027198792,0.0,0.0,0.2008371651172638,-0.4285893937155589
56.02995296188057,1350.678325374268,0.0,8.096938170065995,0.9808797836303711,0.0,0.0,0.19455212354660034,0.9796878695487976,0.0,0.0,0.2004556655883789,0.01965312250010459
56.98155750934303,1348.3583355256064,0.0,8.104624724866435,0.9809917211532593,0.0,0.0,0.19398507475852966,0.9797670245170593,0.0,0.0,0.2000643014907837,-0.4289776035539649
57.93130686348462,1346.035001833715,0.0,8.112704979695494,0.9811046719551086,0.0,0.0,0.19341158866882324,0.9798482060432434,0.0,0.0,0.19966229796409607,0.019245028821869292
58.879209299133315,1343.7082071636507,0.0,8.121200553177562,0.9812184572219849,0.0,0.0,0.19283168017864227,0.979931116104126,0.0,0.0,0.19925081729888916,-0.42940667292174617
59.82527084832139,1341.3778377828933,0.0,8.130098941185008,0.9813331365585327,0.0,0.0,0.1922454535961151,0.980015754699707,0.0,0.0,0.19882945716381073,0.01879561528613971
60.76949527447491,1339.0437834455035,0.0,8.139387380724862,0.981448769569397,0.0,0.0,0.19165267050266266,0.9801021814346313,0.0,0.0,0.19839833676815033,-0.42987578602981963
61.71188407769498,1336.70593740209,0.0,8.149053108804173,0.9815652966499329,0.0,0.0,0.19105347990989685,0.9801902174949646,0.0,0.0,0.19795802235603333,0.0183074472013261
62.652436500700915,1334.3641964096885,0.0,8.159083362429964,0.9816825985908508,0.0,0.0,0.1904478818178177,0.980279803276062,0.0,0.0,0.1975090503692627,-0.4303823644957687
63.591149535443435,1332.0184607415376,0.0,8.169465378609281,0.9818008542060852,0.0,0.0,0.18983563780784607,0.9803709387779236,0.0,0.0,0.19705092906951904,0.017783102949845475
64.52801793039811,1329.6686341967686,0.0,8.180186394349162,0.9819199442863464,0.0,0.0,0.18921688199043274,0.9804635643959045,0.0,0.0,0.19658416509628296,-0.43092382993717687
65.463034198545,1327.314624110006,0.0,8.19123364665664,0.9820398688316345,0.0,0.0,0.18859152495861053,0.9805576205253601,0.0,0.0,0.19610866904258728,0.017225160914114246
66.39618862605016,1324.9563413608735,0.0,8.202594372538748,0.9821606874465942,0.0,0.0,0.18795953691005707,0.9806531667709351,0.0,0.0,0.195624440908432,-0.4314976039716268
67.32746928165108,1322.593700383419,0.0,8.214255809002532,0.9822823405265808,0.0,0.0,0.1873207986354828,0.9807502627372742,0.0,0.0,0.19513095915317535,0.01663619947654943
68.25686202676384,1320.2266191754568,0.0,8.226205193055026,0.9824048280715942,0.0,0.0,0.18667536973953247,0.9808486700057983,0.0,0.0,0.19462956488132477,-0.4321011082167022
69.18435052631729,1317.855019307817,0.0,8.238429761703268,0.9825282096862793,0.0,0.0,0.18602314591407776,0.9809483885765076,0.0,0.0,0.19412009418010712,0.016018797019567488
70.1099162603276,1315.4788259335244,0.0,8.250916751954295,0.9826524257659912,0.0,0.0,0.18536391854286194,0.9810495972633362,0.0,0.0,0.19360163807868958,-0.4327317642899864
71.03353853622357,1313.0979677968853,0.0,8.263653400815137,0.9827774167060852,0.0,0.0,0.1846979409456253,0.9811520576477051,0.0,0.0,0.19307531416416168,0.01537553192558555
71.95519450193378,1310.7123772425014,0.0,8.276626945292836,0.9829033017158508,0.0,0.0,0.18402501940727234,0.9812558889389038,0.0,0.0,0.19254057109355927,-0.4333869938090621
72.87485915974611,1308.3219902241997,0.0,8.289824622394434,0.9830299615859985,0.0,0.0,0.18334519863128662,0.9813609719276428,0.0,0.0,0.19199757277965546,0.014708982577020024
73.79250538095319,1305.9267463138879,0.0,8.30323366912696,0.9831573963165283,0.0,0.0,0.1826583296060562,0.9814673662185669,0.0,0.0,0.19144627451896667,-0.43406421839151293
74.70810392129395,1303.5265887103235,0.0,8.31684132249746,0.983285665512085,0.0,0.0,0.18196436762809753,0.9815748333930969,0.0,0.0,0.19088728725910187,0.014021727356287705
75.62162343720257,1301.1214642478128,0.0,8.330634819512962,0.9834147691726685,0.0,0.0,0.18126331269741058,0.9816883206367493,0.0,0.0,0.19032129645347595,-0.43476085965492217
76.53303050287896,1298.7113234048247,0.0,8.344601397180506,0.9835445880889893,0.0,0.0,0.18055523931980133,0.9818027019500732,0.0,0.0,0.18974703550338745,0.013316344645805722
77.44228962818988,1296.2961203125321,0.0,8.35872829250713,0.9836752414703369,0.0,0.0,0.1798398494720459,0.9819181561470032,0.0,0.0,0.18916435539722443,-0.43547433921687295
78.34936327741453,1293.8758127632689,0.0,8.373002742499875,0.9838066101074219,0.0,0.0,0.17911717295646667,0.9820296764373779,0.0,0.0,0.18857337534427643,0.012595412827990426
79.25421188884712,1291.450362218911,0.0,8.38741198416577,0.9839388132095337,0.0,0.0,0.17838720977306366,0.982147216796875,0.0,0.0,0.18797558546066284,-0.4362020786949485
80.15679389526514,1289.0197338191826,0.0,8.401943254511856,0.9840717911720276,0.0,0.0,0.1776496320962906,0.9822656512260437,0.0,0.0,0.18736940622329712,0.01186151028525878
81.05706574528028,1286.5838963898711,0.0,8.416583790545172,0.9842055439949036,0.0,0.0,0.17690466344356537,0.9823848009109497,0.0,0.0,0.18675559759140015,-0.4369414997067321
81.9549819255786,1284.1428224509766,0.0,8.431320829272753,0.9843400716781616,0.0,0.0,0.17615219950675964,0.9825049042701721,0.0,0.0,0.18613402545452118,0.011117215400027358
82.85049498406684,1281.6964882247667,0.0,8.446141607701634,0.984475314617157,0.0,0.0,0.17539215087890625,0.9826259613037109,0.0,0.0,0.18550416827201843,-0.4376900238698068
83.74355555393325,1279.244873643756,0.0,8.46103336283886,0.9846112728118896,0.0,0.0,0.174624502658844,0.9827478528022766,0.0,0.0,0.18486616015434265,0.0103651065547129
84.63411237863392,1276.7879623586052,0.0,8.475983331691458,0.9847480058670044,0.0,0.0,0.1738492101430893,0.9828705787658691,0.0,0.0,0.18422052264213562,-0.4384450728017562
85.52211233782066,1274.3257417459292,0.0,8.490978751266471,0.9848854541778564,0.0,0.0,0.17306628823280334,0.9829941391944885,0.0,0.0,0.18356728553771973,0.009607762131732422
86.40750047421696,1271.8582029160234,0.0,8.506006858570933,0.985023558139801,0.0,0.0,0.1722756028175354,0.9831186532974243,0.0,0.0,0.18290628492832184,-0.4392040681201634
87.29022002145447,1269.3853407205056,0.0,8.521054890611884,0.9851623773574829,0.0,0.0,0.17147710919380188,0.9832441210746765,0.0,0.0,0.18223685026168823,0.008847760513502612
88.1702124408721,1266.9071537373088,0.0,8.536110162080732,0.9853018522262573,0.0,0.0,0.17067088186740875,0.9833703637123108,0.0,0.0,0.18155981600284576,-0.43996443536606483
89.04741752066509,1264.4236440806471,0.0,8.551160667405426,0.9854419827461243,0.0,0.0,0.16985684633255005,0.9834974408149719,0.0,0.0,0.18087507784366608,0.008087633981952391
89.92177344050378,1261.934817305817,0.0,8.56619475253552,0.985582709312439,0.0,0.0,0.16903504729270935,0.9836254119873047,0.0,0.0,0.18018215894699097,-0.4407237325948574
90.79321680068992,1259.4406824150117,0.0,8.581200766371675,0.9857240915298462,0.0,0.0,0.1682056337594986,0.9837543964385986,0.0,0.0,0.17948102951049805,0.007329754495277896
91.66168265193055,1256.9412518639042,0.0,8.596167057814542,0.9858660101890564,0.0,0.0,0.16736875474452972,0.9838842153549194,0.0,0.0,0.1787720024585724,-0.4414796059000527
92.52710452604494,1254.4365415681464,0.0,8.611081975764789,0.9860084056854248,0.0,0.0,0.16652457416057587,0.9840148091316223,0.0,0.0,0.178055077791214,0.006576475810921967
93.38941446761292,1251.9265709097706,0.0,8.625933869123065,0.9861512780189514,0.0,0.0,0.16567322611808777,0.9841461777687073,0.0,0.0,0.17733046412467957,-0.44222970152420804
94.2485430665721,1249.411362743511,0.0,8.64071108679003,0.9862945079803467,0.0,0.0,0.16481511294841766,0.9842783808708191,0.0,0.0,0.17659734189510345,0.005830151686327667
95.10441949177176,1246.8909434030259,0.0,8.655401977666338,0.9864380359649658,0.0,0.0,0.16395053267478943,0.9844114780426025,0.0,0.0,0.17585627734661102,-0.44297166570988006
95.95697152549194,1244.3653427070203,0.0,8.669994890652655,0.9865818023681641,0.0,0.0,0.16308003664016724,0.9845454096794128,0.0,0.0,0.17510730028152466,0.005093135878937893
96.80612559893154,1241.8345939652897,0.0,8.68447817464963,0.9867256879806519,0.0,0.0,0.1622040569782257,0.9846801161766052,0.0,0.0,0.17435048520565033,-0.4437031446996263
97.65180682867654,1239.298733984643,0.0,8.698840178557921,0.9868696331977844,0.0,0.0,0.16132310032844543,0.9848155975341797,0.0,0.0,0.1735856682062149,0.004367782146195931
98.49393905414962,1236.757803074742,0.0,8.713069251278192,0.9870134592056274,0.0,0.0,0.16043785214424133,0.9849519729614258,0.0,0.0,0.17281228303909302,-0.4444217847360036
99.33244487604983,1234.2118450538294,0.0,8.72715374171109,0.9871571063995361,0.0,0.0,0.15954889357089996,0.9850890636444092,0.0,0.0,0.17203068733215332,0.00365644424554451
100.1672456957859,1231.6609072543604,0.0,8.74108199875728,0.9873003959655762,0.0,0.0,0.15865711867809296,0.9852269291877747,0.0,0.0,0.17124097049236298,-0.4451252320615688
100.99826175590852,1229.1050405285187,0.0,8.754842371317416,0.9874431490898132,0.0,0.0,0.15776334702968597,0.9853653907775879,0.0,0.0,0.17044329643249512,0.002961475934426583
101.82541218154525,1226.5442992536316,0.0,8.768423208292159,0.9875853657722473,0.0,0.0,0.1568683236837387,0.9855046272277832,0.0,0.0,0.16963741183280945,-0.445811132918879
102.64862332629018,1223.9787413374713,0.0,8.78181285858216,0.9877267479896545,0.0,0.0,0.15597327053546906,0.9856444597244263,0.0,0.0,0.16882456839084625,0.002285230970285046
103.46788365057346,1221.4084282205692,0.0,8.794999680924441,0.9878672361373901,0.0,0.0,0.15507899224758148,0.9857845902442932,0.0,0.0,0.16800494492053986,-0.446477134047277
104.2832105572678,1218.8334237903846,0.0,8.807975764910074,0.9880066514015198,0.0,0.0,0.15418653190135956,0.9859250783920288,0.0,0.0,0.16717980802059174,0.001629873193232878
105.094622721295,1216.2537916552153,0.0,8.82074253052712,0.9881449341773987,0.0,0.0,0.1532965898513794,0.9860656261444092,0.0,0.0,0.16634978353977203,-0.44712192018955205
105.90214005617625,1213.6695947226663,0.0,8.83330283254386,0.9882819652557373,0.0,0.0,0.1524098515510559,0.9862061738967896,0.0,0.0,0.16551534831523895,0.0009955145055187686
106.70578369519318,1211.080895197207,0.0,8.845659525728601,0.9884176254272461,0.0,0.0,0.15152692794799805,0.9863465428352356,0.0,0.0,0.16467706859111786,-0.4477459956029229
107.50557597266345,1208.487754577742,0.0,8.857815464849638,0.9885517954826355,0.0,0.0,0.15064850449562073,0.9864866137504578,0.0,0.0,0.1638360470533371,0.00038157818627448936
108.30154040533827,1205.8902336551857,0.0,8.869773504675269,0.9886845350265503,0.0,0.0,0.14977501332759857,0.9866265654563904,0.0,0.0,0.1629924476146698,-0.44834993700825776
109.0937016739263,1203.2883925100496,0.0,8.881536499973793,0.9888156652450562,0.0,0.0,0.1489069163799286,0.9867658615112305,0.0,0.0,0.16214700043201447,-0.0002125124853681326
109.88208560475195,1200.6822905100391,0.0,8.893107305513501,0.9889451861381531,0.0,0.0,0.14804482460021973,0.9869046807289124,0.0,0.0,0.16130073368549347,-0.44893432112642484
110.66671915155248,1198.0719863076558,0.0,8.904488776062703,0.9890730381011963,0.0,0.0,0.14718914031982422,0.9870427846908569,0.0,0.0,0.16045378148555756,-0.0007873342302773256
111.44763037742018,1195.4575378378195,0.0,8.91568376638968,0.9891991019248962,0.0,0.0,0.1463402807712555,0.9871801733970642,0.0,0.0,0.1596064567565918,-0.44949972467829236
112.22484843689394,1192.8390023154968,0.0,8.926695131262742,0.9893234968185425,0.0,0.0,0.14549851417541504,0.9873167872428894,0.0,0.0,0.1587594449520111,-0.0013434637693208185
112.99840355820946,1190.216436233338,0.0,8.937525725450183,0.9894460439682007,0.0,0.0,0.14466416835784912,0.9874524474143982,0.0,0.0,0.1579134315252304,-0.45004672438472876
113.76832702570731,1187.5898953593396,0.0,8.9481784037203,0.9895668625831604,0.0,0.0,0.14383752644062042,0.9875870943069458,0.0,0.0,0.15706904232501984,-0.001881477823367228
114.53465116241084,1184.959434734507,0.0,8.95865602084139,0.9896858334541321,0.0,0.0,0.1430189162492752,0.9877208471298218,0.0,0.0,0.15622615814208984,-0.450575896966602
115.29740931277328,1182.3251086705438,0.0,8.96896143158175,0.989802896976471,0.0,0.0,0.14220862090587616,0.9878535866737366,0.0,0.0,0.15538541972637177,-0.0024019531132843386
116.05663582560364,1179.6869707475432,0.0,8.97909749070968,0.9899181723594666,0.0,0.0,0.1414068043231964,0.9879851341247559,0.0,0.0,0.15454688668251038,-0.4510878191447803
116.81236603717196,1177.0450738117092,0.0,8.989067052993475,0.9900315403938293,0.0,0.0,0.14061374962329865,0.9881155490875244,0.0,0.0,0.1537114381790161,-0.0029054663599406005
117.56463625450354,1174.399469973082,0.0,8.998872973201435,0.9901430010795593,0.0,0.0,0.1398296058177948,0.9882446527481079,0.0,0.0,0.152879536151886,-0.4515830676401318
118.31348373886252,1171.7502106032862,0.0,9.008518106101855,0.9902526140213013,0.0,0.0,0.13905449211597443,0.9883725047111511,0.0,0.0,0.15205107629299164,-0.0033925942842042978
119.05894668943118,1169.0973463332984,0.0,9.018005306463031,0.9903602600097656,0.0,0.0,0.13828875124454498,0.9884989857673645,0.0,0.0,0.15122674405574799,-0.45206221917352457
119.80106422719047,1166.4409270512251,0.0,9.027337429053263,0.9904660582542419,0.0,0.0,0.13753247261047363,0.9886240363121033,0.0,0.0,0.1504068225622177,-0.00386391360694327
120.53987637900404,1163.781001900107,0.0,9.036517328640851,0.9905699491500854,0.0,0.0,0.13678589463233948,0.9887476563453674,0.0,0.0,0.1495916247367859,-0.452525850465827
121.27542406191179,1161.117619275736,0.0,9.045547859994091,0.9906719326972961,0.0,0.0,0.13604900240898132,0.9888699054718018,0.0,0.0,0.14878115057945251,-0.004320001049026023
122.00774906763546,1158.450826824496,0.0,9.054431877881278,0.990772008895874,0.0,0.0,0.13532210886478424,0.9889907240867615,0.0,0.0,0.14797599613666534,-0.4529745382379072
122.73689404730197,1155.7806714412238,0.0,9.063172237070706,0.9908702373504639,0.0,0.0,0.13460515439510345,0.9891100525856018,0.0,0.0,0.14717641472816467,-0.004761433331320342
123.46290249638713,1153.1071992670854,0.0,9.071771792330681,0.9909665584564209,0.0,0.0,0.13389833271503448,0.989227831363678,0.0,0.0,0.14638279378414154,-0.45340885921063323
124.185818739885,1150.430455687478,0.0,9.080233398429495,0.9910610318183899,0.0,0.0,0.13320182263851166,0.9893441796302795,0.0,0.0,0.14559528231620789,-0.005188787174694787
124.90568791770404,1147.7504853299533,0.0,9.08855991013545,0.9911535978317261,0.0,0.0,0.13251560926437378,0.9894588589668274,0.0,0.0,0.14481386542320251,-0.4538293901048734
125.6225559702983,1145.0673320621584,0.0,9.096754182216834,0.9912443161010742,0.0,0.0,0.1318398416042328,0.9895719289779663,0.0,0.0,0.1440388262271881,-0.005602639300017198
126.33646962453093,1142.3810389898047,0.0,9.10481906944196,0.9913331866264343,0.0,0.0,0.1311747133731842,0.9896833896636963,0.0,0.0,0.14327093958854675,-0.454236707641496
127.04747637977987,1139.6916484546541,0.0,9.11275742657911,0.9914202094078064,0.0,0.0,0.13052023947238922,0.9897931814193726,0.0,0.0,0.1425100564956665,-0.006003566428156026
127.75562449428473,1136.9992020325335,0.0,9.12057210839659,0.9915053844451904,0.0,0.0,0.12987656891345978,0.9899013042449951,0.0,0.0,0.1417563259601593,-0.4546313885413687
128.46096297173992,1134.3037405313673,0.0,9.128265969662692,0.9915887117385864,0.0,0.0,0.1292436569929123,0.9900079965591431,0.0,0.0,0.14101001620292664,-0.006392145279979389
129.16354154813706,1131.605303989237,0.0,9.135841865145721,0.9916701912879944,0.0,0.0,0.12862162292003632,0.9901129007339478,0.0,0.0,0.14027133584022522,-0.45501400952536003
129.8634106788593,1128.903931672467,0.0,9.14330264961397,0.9917498826980591,0.0,0.0,0.1280106008052826,0.9902161955833435,0.0,0.0,0.13954037427902222,-0.006768952576355625
130.56062152603187,1126.1996620737305,0.0,9.150651177835737,0.9918277263641357,0.0,0.0,0.1274106502532959,0.9903177618980408,0.0,0.0,0.1388174295425415,-0.45538514731433816
131.2552259461299,1123.4925329101836,0.0,9.157890304579317,0.9919037818908691,0.0,0.0,0.12682178616523743,0.9904177188873291,0.0,0.0,0.13810282945632935,-0.007134565038152574
131.9472764778486,1120.7825811216212,0.0,9.16502288461301,0.9919780492782593,0.0,0.0,0.12624415755271912,0.990515947341919,0.0,0.0,0.13739655911922455,-0.4557453786291712
132.63682633023558,1118.0698428686674,0.0,9.172051772705117,0.9920505881309509,0.0,0.0,0.12567777931690216,0.9906078577041626,0.0,0.0,0.13669803738594055,-0.007489559386238742
133.3239293710927,1115.3543535309789,0.0,9.178979823623923,0.9921213388442993,0.0,0.0,0.12512266635894775,0.9907031655311584,0.0,0.0,0.13600869476795197,-0.45609528019072704
134.0086401156449,1112.636147705484,0.0,9.185809892137744,0.9921903610229492,0.0,0.0,0.12457889318466187,0.9907921552658081,0.0,0.0,0.13532762229442596,-0.007834512341482192
134.6910137154821,1109.9152592046496,0.0,9.192544833014862,0.9922576546669006,0.0,0.0,0.12404654920101166,0.9908844828605652,0.0,0.0,0.13465623557567596,-0.45643542871987447
135.3711059477757,1107.1917210547642,0.0,9.199187501023582,0.9923232793807983,0.0,0.0,0.12352564930915833,0.9909704923629761,0.0,0.0,0.13399310410022736,-0.008170000624750873
136.0489732047715,1104.4655654942649,0.0,9.205740750932197,0.9923871159553528,0.0,0.0,0.12301625311374664,0.9910551309585571,0.0,0.0,0.13333939015865326,-0.4567664009374813
136.7246724835629,1101.7368239720734,0.0,9.212207437509011,0.9924492835998535,0.0,0.0,0.12251850217580795,0.9911383390426636,0.0,0.0,0.13269490003585815,-0.00849660095691318
137.3982613761448,1099.0055271459748,0.0,9.218590415522314,0.9925097227096558,0.0,0.0,0.12203240394592285,0.9912248849868774,0.0,0.0,0.13206098973751068,-0.45708877356441585
138.0697980597519,1096.2717048810196,0.0,9.22489253974041,0.9925685524940491,0.0,0.0,0.12155795097351074,0.9913049936294556,0.0,0.0,0.13143594563007355,-0.008814890058837122
138.73934128748363,1093.5353862479471,0.0,9.231116664931587,0.9926257133483887,0.0,0.0,0.12109524011611938,0.9913836717605591,0.0,0.0,0.13082072138786316,-0.4574031233215461
139.40695037921617,1090.796599521653,0.0,9.237265645864156,0.9926812052726746,0.0,0.0,0.1206442266702652,0.991460919380188,0.0,0.0,0.1302151381969452,-0.00912544465139109
140.07268521280585,1088.055372179669,0.0,9.243342337306402,0.9927350282669067,0.0,0.0,0.12020502239465714,0.9915367364883423,0.0,0.0,0.1296195238828659,-0.4577100269297403
140.73660621558497,1085.311730900683,0.0,9.249349594026635,0.99278724193573,0.0,0.0,0.11977764964103699,0.991611123085022,0.0,0.0,0.1290339231491089,-0.00942884145544326
141.39877435615065,1082.5657015630852,0.0,9.255290270793138,0.9928377866744995,0.0,0.0,0.11936210840940475,0.991684079170227,0.0,0.0,0.12845812737941742,-0.4580100611098667
142.05925113645193,1079.817309243544,0.0,9.26116722237422,0.9928867220878601,0.0,0.0,0.11895851045846939,0.9917555451393127,0.0,0.0,0.12789294123649597,-0.009725657191861636
142.7180985841733,1077.06657821561,0.0,9.26698330353817,0.9929341077804565,0.0,0.0,0.11856687813997269,0.9918255805969238,0.0,0.0,0.12733814120292664,-0.4583038025827934
143.37537924541937,1074.313531948352,0.0,9.272741369053294,0.992979884147644,0.0,0.0,0.11818721145391464,0.9918941259384155,0.0,0.0,0.1267937421798706,-0.010016468581514393
144.0311561777002,1071.5581931050265,0.0,9.278444273687882,0.9930241107940674,0.0,0.0,0.11781955510377884,0.9919611811637878,0.0,0.0,0.12626001238822937,-0.45859182806938875
144.6854929432214,1068.8005835417691,0.0,9.284094872210238,0.9930667281150818,0.0,0.0,0.11746397614479065,0.992026686668396,0.0,0.0,0.12573696672916412,-0.010301852345269702
145.338453602478,1066.0407243063264,0.0,9.289696019388652,0.993107795715332,0.0,0.0,0.1171204224228859,0.9920908808708191,0.0,0.0,0.12522412836551666,-0.4588747142905208
145.99010270815685,1063.2786356368103,0.0,9.295250569991426,0.9931472539901733,0.0,0.0,0.11678896099328995,0.992153525352478,0.0,0.0,0.12472251802682877,-0.010582385203995681
146.64050529934485,1060.514336960494,0.0,9.300761378786861,0.9931852221488953,0.0,0.0,0.11646972596645355,0.9922146201133728,0.0,0.0,0.1242317259311676,-0.4591530379670579
147.28972689605078,1057.7478468926226,0.0,9.306231300543242,0.993221640586853,0.0,0.0,0.11616258323192596,0.992274284362793,0.0,0.0,0.12375186383724213,-0.010858643878560392
147.93783349403492,1054.9791832352769,0.0,9.311663190028886,0.9932565093040466,0.0,0.0,0.11586764454841614,0.9923324584960938,0.0,0.0,0.12328318506479263,-0.4594273758198682
148.584891559955,1052.208362976248,0.0,9.31705990201207,0.9932898879051208,0.0,0.0,0.1155848354101181,0.9923890829086304,0.0,0.0,0.12282554060220718,-0.011131205089832341
149.2309680268241,1049.4354022879595,0.0,9.322424291261107,0.9933217763900757,0.0,0.0,0.11531408131122589,0.9924443364143372,0.0,0.0,0.12237880378961563,-0.4596983045698195
149.8761302897866,1046.6603165264116,0.0,9.327759212544283,0.9933521747589111,0.0,0.0,0.11505529284477234,0.992497980594635,0.0,0.0,0.12194356322288513,-0.01140064555867959
150.5204462022104,1043.8831202301628,0.0,9.333067520629907,0.993381142616272,0.0,0.0,0.11480844765901566,0.9925501942634583,0.0,0.0,0.12151942402124405,-0.45996640093778035
151.1639840720981,1041.1038271193431,0.0,9.338352070286268,0.9934086799621582,0.0,0.0,0.11457344889640808,0.9926009178161621,0.0,0.0,0.12110636383295059,-0.011667542005970533
151.80681265881935,1038.3224500946965,0.0,9.343615716281661,0.993434727191925,0.0,0.0,0.11435005813837051,0.9926502108573914,0.0,0.0,0.12070472538471222,-0.46023224164461846
152.4490011701635,1035.5390012366613,0.0,9.348861313384393,0.9934594631195068,0.0,0.0,0.1141381487250328,0.9926979541778564,0.0,0.0,0.1203145757317543,-0.011932471152573065
153.09061925971642,1032.7534918044785,0.0,9.354091716362754,0.9934828281402588,0.0,0.0,0.11393743753433228,0.9927442669868469,0.0,0.0,0.11993588507175446,-0.46049640341120235
153.73173702456086,1029.9659322353364,0.0,9.359309779985047,0.9935048818588257,0.0,0.0,0.1137477234005928,0.9927891492843628,0.0,0.0,0.11956874281167984,-0.012196009719355527
154.37242500330257,1027.1763321435478,0.0,9.364518359019566,0.9935256838798523,0.0,0.0,0.11356867104768753,0.9928325414657593,0.0,0.0,0.11921309679746628,-0.46075946295840037
155.012754174424,1024.3847003197582,0.0,9.36972030823461,0.9935452342033386,0.0,0.0,0.1133999153971672,0.9928744435310364,0.0,0.0,0.11886925995349884,-0.01245873442718598
155.6527959549655,1021.5910447301885,0.0,9.37491848239847,0.9935635924339294,0.0,0.0,0.11324113607406616,0.9929147958755493,0.0,0.0,0.11853717267513275,-0.4610219970070802
156.2926221988869,1018.7953725187551,0.0,9.380115726751422,0.9935808777809143,0.0,0.0,0.11309190094470978,0.9929537773132324,0.0,0.0,0.1182166337966919,-0.012721221515718861
156.93230510469365,1015.9976904076852,0.0,9.38531354039363,0.9935970902442932,0.0,0.0,0.11295171082019806,0.9929912686347961,0.0,0.0,0.11790797859430313,-0.4612845128475958
157.57191702981294,1013.1980055097974,0.0,9.390510697040476,0.9936122298240662,0.0,0.0,0.11282014101743698,0.9930272698402405,0.0,0.0,0.11761102080345154,-0.01298370417465039
158.21153033913254,1010.3963254269981,0.0,9.395705641212256,0.9936264753341675,0.0,0.0,0.112696573138237,0.9930618405342102,0.0,0.0,0.1173255443572998,-0.4615468837653625
158.85119892886223,1007.592658250677,0.0,9.400896817429295,0.9936398267745972,0.0,0.0,0.11258050799369812,0.9930950403213501,0.0,0.0,0.11705111712217331,-0.013245884791672546
159.49093892529345,1004.7870125620725,0.0,9.4060826702119,0.9936524033546448,0.0,0.0,0.11247135698795319,0.9931269288063049,0.0,0.0,0.11678744107484818,-0.4618087955220598
160.1307618094344,1001.9793974326298,0.0,9.411261644080385,0.9936642050743103,0.0,0.0,0.11236871033906937,0.9931575655937195,0.0,0.0,0.11653398722410202,-0.013507449128464688
160.77067899815057,999.1698224243311,0.0,9.416432183555067,0.9936752915382385,0.0,0.0,0.11227215081453323,0.9931869506835938,0.0,0.0,0.11629059910774231,-0.46206993387936696
161.41070184432823,996.3582975900148,0.0,9.421592733156258,0.9936857223510742,0.0,0.0,0.11218130588531494,0.9932152032852173,0.0,0.0,0.11605654656887054,-0.013768082946706617
162.05084163700718,993.5448334736705,0.0,9.42674173740427,0.9936954975128174,0.0,0.0,0.112095907330513,0.9932423233985901,0.0,0.0,0.11583174020051956,-0.4623299845989636
162.6911096014826,990.7294411107187,0.0,9.431877640819414,0.9937046766281128,0.0,0.0,0.11201558262109756,0.9932683706283569,0.0,0.0,0.1156156063079834,-0.014027472008077524
163.33151689937705,987.9121320282655,0.0,9.43699888792201,0.9937133193016052,0.0,0.0,0.11194005608558655,0.9932933449745178,0.0,0.0,0.11540807783603668,-0.46258863344252904
163.97207462867874,985.0929182453472,0.0,9.442103923232365,0.9937214255332947,0.0,0.0,0.11186910420656204,0.9933173656463623,0.0,0.0,0.11520860344171524,-0.014285302074257045
164.61279382375105,982.2718122731468,0.0,9.447191191270793,0.9937290549278259,0.0,0.0,0.11180251836776733,0.9933403730392456,0.0,0.0,0.11501715332269669,-0.46284556617174255
165.25368545530876,979.4488271151982,0.0,9.452259136557608,0.9937361478805542,0.0,0.0,0.1117401048541069,0.9933624863624573,0.0,0.0,0.11483308672904968,-0.014541258906924481
165.89476043036368,976.6239762675673,0.0,9.457306203613124,0.993742823600769,0.0,0.0,0.11168167740106583,0.9933836460113525,0.0,0.0,0.11465664952993393,-0.46310046854828374
166.5360295921388,973.7972737190132,0.0,9.462330836957655,0.9937490224838257,0.0,0.0,0.11162710934877396,0.993403971195221,0.0,0.0,0.11448723822832108,-0.014795028267759358
167.17750371994973,970.9687339511328,0.0,9.467331481111513,0.9937548041343689,0.0,0.0,0.11157619953155518,0.9934234619140625,0.0,0.0,0.11432461440563202,-0.4633530263338322
167.81919352905513,968.1383719384835,0.0,9.47230658059501,0.9937602281570435,0.0,0.0,0.11152883619070053,0.993442177772522,0.0,0.0,0.1141684353351593,-0.015046295918441033
168.46110967047406,965.3062031486893,0.0,9.477254579928465,0.9937652349472046,0.0,0.0,0.11148496717214584,0.9934600591659546,0.0,0.0,0.11401888728141785,-0.46360292529006725
169.10326273077308,962.4722435425217,0.0,9.482173923632184,0.9937698245048523,0.0,0.0,0.11144448816776276,0.9934772253036499,0.0,0.0,0.11387564241886139,-0.015294747620649085
169.74566323181898,959.6365095739654,0.0,9.487063056226482,0.9937741160392761,0.0,0.0,0.11140719056129456,0.9934936761856079,0.0,0.0,0.11373824626207352,-0.46384985117866817
170.38832163050031,956.7990181902661,0.0,9.491920422231676,0.9937779903411865,0.0,0.0,0.11137307435274124,0.9935094118118286,0.0,0.0,0.11360679566860199,-0.015540069136062928
171.03124831841683,953.9597868319497,0.0,9.496744466168076,0.9937815070152283,0.0,0.0,0.11134210228919983,0.993524432182312,0.0,0.0,0.11348097771406174,-0.46409348976131465
171.6744536215354,951.1188334328308,0.0,9.501533632555995,0.9937846660614014,0.0,0.0,0.11131417751312256,0.9935387969017029,0.0,0.0,0.11336077004671097,-0.015781946226361865
172.31794779981362,948.276176419997,0.0,9.506286365915747,0.9937875270843506,0.0,0.0,0.11128924787044525,0.9935525059700012,0.0,0.0,0.11324601620435715,-0.464333526799686
172.96174104679147,945.4318347137719,0.0,9.511001110767648,0.9937900304794312,0.0,0.0,0.11126719415187836,0.9935656189918518,0.0,0.0,0.11313643306493759,-0.01602006465322553
173.6058434891483,942.5858277276608,0.0,9.515676311632005,0.9937922358512878,0.0,0.0,0.11124801635742188,0.9935781359672546,0.0,0.0,0.11303175985813141,-0.4645696480554615
174.25026518622883,939.7381753682763,0.0,9.520310413029142,0.9937940835952759,0.0,0.0,0.11123164743185043,0.9935899972915649,0.0,0.0,0.11293214559555054,-0.016254110178333503
174.89501612953535,936.888898035237,0.0,9.52490185947936,0.99379563331604,0.0,0.0,0.11121808737516403,0.9936013221740723,0.0,0.0,0.1128373071551323,-0.46480153929032103
175.5401062421859,934.0380166210574,0.0,9.529449095502978,0.9937968254089355,0.0,0.0,0.11120734363794327,0.9936121106147766,0.0,0.0,0.11274726688861847,-0.016483768563364642
176.18554537834095,931.1855525110059,0.0,9.533950565620305,0.9937977194786072,0.0,0.0,0.11119933426380157,0.9936223030090332,0.0,0.0,0.11266177892684937,-0.4650288862659437
176.8313433225947,928.3315275829505,0.0,9.538404714351666,0.9937983751296997,0.0,0.0,0.11119397729635239,0.9936319589614868,0.0,0.0,0.11258062720298767,-0.016708725569999028
177.4775097893352,925.4759642071791,0.0,9.54280998621736,0.9937987327575684,0.0,0.0,0.1111912876367569,0.9936410784721375,0.0,0.0,0.11250407993793488,-0.465251374744009
178.12405442206915,922.6188852462009,0.0,9.547164825737713,0.9937987327575684,0.0,0.0,0.1111912801861763,0.9936497211456299,0.0,0.0,0.11243153363466263,-0.016928666959915906
178.77098679271464,919.760314054526,0.0,9.551467677433026,0.9937984347343445,0.0,0.0,0.11119391769170761,0.9936578273773193,0.0,0.0,0.11236351728439331,-0.4654686904861965
179.4183164008583,916.9002744784291,0.0,9.55571698582362,0.9937978982925415,0.0,0.0,0.11119915544986725,0.9936654567718506,0.0,0.0,0.11229956150054932,-0.01714327849479441
180.06605267298096,914.0387908556837,0.0,9.559911195429803,0.9937970042228699,0.0,0.0,0.11120691895484924,0.9936726689338684,0.0,0.0,0.11223958432674408,-0.4656805192541855
180.71420496164782,911.1758880152847,0.0,9.5640487507719,0.9937958717346191,0.0,0.0,0.11121729761362076,0.993679404258728,0.0,0.0,0.11218351125717163,-0.017352245936314403
181.36278254466643,908.3115912771417,0.0,9.56812809637021,0.9937944412231445,0.0,0.0,0.1112302914261818,0.9936856627464294,0.0,0.0,0.11213138699531555,-0.46588654680965574
182.01179462420828,905.4459264517592,0.0,9.572147676745054,0.9937926530838013,0.0,0.0,0.11124585568904877,0.9936915040016174,0.0,0.0,0.11208300292491913,-0.01755525504615507
182.66125032589926,902.5789198398892,0.0,9.576105936416742,0.9937906265258789,0.0,0.0,0.11126398295164108,0.9936968684196472,0.0,0.0,0.11203841865062714,-0.4660864589142864
183.31115869787433,899.7105982321665,0.0,9.58000131990559,0.9937883615493774,0.0,0.0,0.11128465831279755,0.9937017560005188,0.0,0.0,0.11199744790792465,-0.01775199158599583
183.96152870979816,896.8409889087224,0.0,9.583832271731907,0.9937857389450073,0.0,0.0,0.11130785942077637,0.9937062859535217,0.0,0.0,0.1119600161910057,-0.46627994132975703
184.61236925185239,893.9701196387784,0.0,9.587597236416013,0.9937828779220581,0.0,0.0,0.11133371293544769,0.9937103986740112,0.0,0.0,0.11192618310451508,-0.017942141317516314
185.26368913368887,891.0980186802124,0.0,9.591294658478212,0.993779718875885,0.0,0.0,0.11136209219694138,0.9937140941619873,0.0,0.0,0.11189592629671097,-0.46646667981774687
185.91549708334722,888.2247147791152,0.0,9.594922982438826,0.993776261806488,0.0,0.0,0.11139297485351562,0.9937174320220947,0.0,0.0,0.11186890304088593,-0.018125390002395825
186.56780174613982,885.3502371693135,0.0,9.598480652818166,0.9937725067138672,0.0,0.0,0.111426442861557,0.993720293045044,0.0,0.0,0.11184567958116531,-0.46664636013993577
187.2206116835019,882.4746155718807,0.0,9.601966114136545,0.9937684535980225,0.0,0.0,0.11146236956119537,0.9937227964401245,0.0,0.0,0.11182559281587601,-0.018301423402313943
187.87393537180694,879.5978801946213,0.0,9.60537781091427,0.9937641620635986,0.0,0.0,0.11150084435939789,0.9937249422073364,0.0,0.0,0.11180872470140457,-0.4668186680580027
188.5277812011486,876.7200617315373,0.0,9.608714187671664,0.9937595129013062,0.0,0.0,0.11154187470674515,0.9937267303466797,0.0,0.0,0.11179514229297638,-0.018469927278950027
189.18215747408732,873.841191362271,0.0,9.611973688929035,0.9937546253204346,0.0,0.0,0.11158540099859238,0.9937281012535095,0.0,0.0,0.11178480833768845,-0.4669832893336275
189.8370724043637,870.9613007515273,0.0,9.615154759206698,0.9937494397163391,0.0,0.0,0.11163143813610077,0.9937291145324707,0.0,0.0,0.11177767068147659,-0.018630587393983544
190.4925341155767,868.0804220484742,0.0,9.618255843024965,0.9937440156936646,0.0,0.0,0.11167994141578674,0.9937297105789185,0.0,0.0,0.11177380383014679,-0.4671399097284894
191.1485506398277,865.1985878861228,0.0,9.621275384904148,0.9937382936477661,0.0,0.0,0.11173100024461746,0.9937300086021423,0.0,0.0,0.1117730662226677,-0.018783089509093798
191.80512991633034,862.3158313806863,0.0,9.624211829364564,0.993732213973999,0.0,0.0,0.11178459972143173,0.9937299489974976,0.0,0.0,0.11177513748407364,-0.467288215004268
192.46227978998635,859.4321861309149,0.0,9.627063620926526,0.9937258958816528,0.0,0.0,0.11184070259332657,0.9937295317649841,0.0,0.0,0.11178039014339447,-0.01892711938596059
193.12000800992644,856.5476862174128,0.0,9.629829204110342,0.9937192797660828,0.0,0.0,0.11189927160739899,0.993728756904602,0.0,0.0,0.11178887635469437,-0.46742789092264253
193.778322228017,853.662366201931,0.0,9.632507023436329,0.9937123656272888,0.0,0.0,0.11196037381887436,0.9937276244163513,0.0,0.0,0.11180032789707184,-0.019062362786262943
194.43722999733305,850.7762611266421,0.0,9.635095523424798,0.9937052130699158,0.0,0.0,0.11202402412891388,0.9937261343002319,0.0,0.0,0.11181483417749405,-0.4675586232452925
195.09673877059655,847.8894065133886,0.0,9.637593148596068,0.9936977624893188,0.0,0.0,0.1120900958776474,0.9937242865562439,0.0,0.0,0.11183223128318787,-0.019188505471680606
195.7568558985805,845.0018383629154,0.0,9.639998343470445,0.9936899542808533,0.0,0.0,0.11215879768133163,0.9937220811843872,0.0,0.0,0.11185283958911896,-0.4676800977338974
196.41758862847917,842.1135931540778,0.0,9.64230955256825,0.9936819076538086,0.0,0.0,0.11222992837429047,0.9937195777893066,0.0,0.0,0.11187604069709778,-0.01930523320389299
197.07894410224418,839.224707843027,0.0,9.644525220409792,0.99367356300354,0.0,0.0,0.11230356246232986,0.9937167167663574,0.0,0.0,0.11190216988325119,-0.46779200015013683
197.74092935488596,836.3352198623792,0.0,9.646643791515379,0.9936649203300476,0.0,0.0,0.11237969994544983,0.9937135577201843,0.0,0.0,0.1119312047958374,-0.019412231744579234
198.40355131274228,833.4451671203578,0.0,9.648663710405334,0.9936560392379761,0.0,0.0,0.11245831102132797,0.9937100410461426,0.0,0.0,0.11196310073137283,-0.4678940162556901
199.0668167917123,830.5545879999162,0.0,9.650583421599967,0.9936468005180359,0.0,0.0,0.11253951489925385,0.993706226348877,0.0,0.0,0.11199772357940674,-0.019509186855419303
199.73073249545627,827.663521357844,0.0,9.652401369619584,0.9936373233795166,0.0,0.0,0.1126231923699379,0.9937021136283875,0.0,0.0,0.11203540861606598,-0.46798583181223646
200.39530501356268,824.7720065238435,0.0,9.654115998984508,0.9936275482177734,0.0,0.0,0.1127093955874443,0.9936976432800293,0.0,0.0,0.11207576096057892,-0.019595784298092223
201.0605408196806,821.8800832995931,0.0,9.655725754215046,0.9936174750328064,0.0,0.0,0.11279813200235367,0.9936928749084473,0.0,0.0,0.11211887747049332,-0.46806713258145555
201.7264462696198,818.9877919577831,0.0,9.657229079831517,0.9936071038246155,0.0,0.0,0.11288940161466599,0.9936877489089966,0.0,0.0,0.11216475814580917,-0.019671709834277573
202.39302759941546,816.0951732411359,0.0,9.65862442035423,0.9935964345932007,0.0,0.0,0.11298318952322006,0.993682324886322,0.0,0.0,0.1122133657336235,-0.4681376043250269
203.060290923362,813.2022683614008,0.0,9.659910220303502,0.993585467338562,0.0,0.0,0.11307946592569351,0.9936766028404236,0.0,0.0,0.11226492375135422,-0.01973664922565499
203.72824223201118,810.3091189983321,0.0,9.661084924199637,0.9935742020606995,0.0,0.0,0.11317828297615051,0.9936705231666565,0.0,0.0,0.11231902986764908,-0.46819693280462965
204.39688739013954,807.4157672986408,0.0,9.662146976562958,0.993562638759613,0.0,0.0,0.11327961832284927,0.9936641454696655,0.0,0.0,0.11237592995166779,-0.019790288233903608
205.0662323312136,804.5222550257661,0.0,9.663097657829942,0.9935507774353027,0.0,0.0,0.1133834719657898,0.9936574101448059,0.0,0.0,0.11243558675050735,-0.46824494701003283
205.7362841881071,801.6286186735479,0.0,9.663954564856548,0.9935386180877686,0.0,0.0,0.11348991096019745,0.9936503767967224,0.0,0.0,0.11249811202287674,-0.019833566366560473
206.40705170201474,798.73488772294,0.0,9.66474111822636,0.9935261011123657,0.0,0.0,0.11359885334968567,0.9936429858207703,0.0,0.0,0.1125631183385849,-0.4682846719277001
207.0785452299017,795.8410846408897,0.0,9.665480745748935,0.993513286113739,0.0,0.0,0.11371026933193207,0.993635356426239,0.0,0.0,0.11263096332550049,-0.01987092129194301
207.75077675194328,792.9472248816933,0.0,9.666196875233823,0.9935002326965332,0.0,0.0,0.11382418870925903,0.9936273694038391,0.0,0.0,0.11270163208246231,-0.46832084008350255
208.4237598794565,790.0533168886511,0.0,9.666912934490576,0.9934868812561035,0.0,0.0,0.11394063383340836,0.9936190843582153,0.0,0.0,0.11277463287115097,-0.01990708590086987
209.09750986332259,787.1593620960307,0.0,9.667652351328748,0.9934731721878052,0.0,0.0,0.11405964195728302,0.9936105012893677,0.0,0.0,0.11285056173801422,-0.4683581843682588
209.77204360290068,784.2653549313352,0.0,9.668438553557893,0.993459165096283,0.0,0.0,0.11418110877275467,0.9936016201972961,0.0,0.0,0.11292891949415207,-0.019946793084159975
210.4473796554335,781.3712828178753,0.0,9.669294968987561,0.9934449195861816,0.0,0.0,0.11430515348911285,0.993592381477356,0.0,0.0,0.11300995200872421,-0.4684014376727875
211.12353824594592,778.4771261776501,0.0,9.670245025427308,0.9934303760528564,0.0,0.0,0.11443173885345459,0.9935828447341919,0.0,0.0,0.11309376358985901,-0.01999477573263203
211.8005412776362,775.5828584345309,0.0,9.671312150686685,0.9934154748916626,0.0,0.0,0.1145608127117157,0.993573009967804,0.0,0.0,0.11317986994981766,-0.4684553328879076
212.4784123427616,772.6884460177553,0.0,9.672519772575246,0.9934002757072449,0.0,0.0,0.11469250917434692,0.9935628175735474,0.0,0.0,0.1132691353559494,-0.020055766737104797
213.15717673401963,769.793848365726,0.0,9.673891318902545,0.9933847784996033,0.0,0.0,0.11482676863670349,0.9935523271560669,0.0,0.0,0.11336079984903336,-0.46852460290443787
213.83686145642764,766.8990179301154,0.0,9.675450217478126,0.9933689832687378,0.0,0.0,0.11496356874704361,0.9935415983200073,0.0,0.0,0.11345498263835907,-0.020134498988396754
214.5174952396983,764.0039001802852,0.0,9.677219896111554,0.9933528304100037,0.0,0.0,0.11510292440652847,0.9935305118560791,0.0,0.0,0.11355169862508774,-0.4686139806131968
215.19910855111988,761.1084336080088,0.0,9.679223782612375,0.9933363199234009,0.0,0.0,0.11524492502212524,0.993519127368927,0.0,0.0,0.11365106701850891,-0.020235705377327162
215.8817336089381,758.2125497325073,0.0,9.681485304790144,0.9933195114135742,0.0,0.0,0.11538951843976974,0.993507444858551,0.0,0.0,0.1137533187866211,-0.46872819890500333
216.56540439624493,755.3161731057993,0.0,9.684027890454413,0.9933023452758789,0.0,0.0,0.11553666740655899,0.9934954047203064,0.0,0.0,0.11385797709226608,-0.020364118794714448
217.2501566753784,752.4192213183574,0.0,9.686874967414735,0.9932848811149597,0.0,0.0,0.11568639427423477,0.9934830069541931,0.0,0.0,0.11396551877260208,-0.46887199067067614
217.9360280028354,749.5216050050875,0.0,9.69004996348066,0.9932670593261719,0.0,0.0,0.11583873629570007,0.9934703707695007,0.0,0.0,0.11407531797885895,-0.020524472131377425
218.62305774470164,746.6232278516225,0.0,9.693576306461745,0.9932489395141602,0.0,0.0,0.11599370837211609,0.9934573769569397,0.0,0.0,0.11418776214122772,-0.4690500888010339
219.31128709260742,743.7239866009296,0.0,9.697477424167545,0.9932304620742798,0.0,0.0,0.11615128070116043,0.9934440851211548,0.0,0.0,0.11430297046899796,-0.02072149827813502
220.0007590802073,740.8237710602477,0.0,9.701776744407605,0.9932116866111755,0.0,0.0,0.1163114383816719,0.993430495262146,0.0,0.0,0.11442068964242935,-0.4692672261868955
220.6915186001967,737.9224641083438,0.0,9.706497694991482,0.9931925535202026,0.0,0.0,0.11647425591945648,0.9934165477752686,0.0,0.0,0.11454116553068161,-0.020959930125805604
221.38361242186733,735.0199417030955,0.0,9.711663703728728,0.9931731224060059,0.0,0.0,0.11663975566625595,0.9934023022651672,0.0,0.0,0.11466413736343384,-0.46952813571907964
222.07708920920868,732.1160728894096,0.0,9.7172981984289,0.9931533336639404,0.0,0.0,0.11680784821510315,0.993387758731842,0.0,0.0,0.11478973180055618,-0.021244500565208213
222.7719995395655,729.2107198074691,0.0,9.723424606901544,0.9931331872940063,0.0,0.0,0.11697851866483688,0.9933728575706482,0.0,0.0,0.114918053150177,-0.46983755028840507
223.46839592285735,726.3037377013195,0.0,9.730066356956216,0.9931127429008484,0.0,0.0,0.11715182662010193,0.9933575987815857,0.0,0.0,0.1150490939617157,-0.021579942487161385
224.16633282136812,723.3949749278012,0.0,9.737246876402471,0.9930919408798218,0.0,0.0,0.11732769012451172,0.9933420419692993,0.0,0.0,0.11518260836601257,-0.4702002027856907
224.86586667011898,720.4842729658227,0.0,9.744989593049858,0.9930708408355713,0.0,0.0,0.11750607937574387,0.9933261871337891,0.0,0.0,0.11531870812177658,-0.021970988782483936
225.5670558978299,717.5714664259909,0.0,9.753317934707933,0.9930493831634521,0.0,0.0,0.11768696457147598,0.9933099746704102,0.0,0.0,0.11545726656913757,-0.4706208261017551
226.26996094848494,714.656383060597,0.0,9.762255329186244,0.9930275678634644,0.0,0.0,0.1178702637553215,0.9932934045791626,0.0,0.0,0.11559876054525375,-0.022422372341994568
226.97464430351008,711.7388437739662,0.0,9.77182520429435,0.9930055141448975,0.0,0.0,0.11805595457553864,0.9932765364646912,0.0,0.0,0.11574292182922363,-0.471104153127417
227.68117050457815,708.8186626331772,0.0,9.782050987841801,0.9929831027984619,0.0,0.0,0.11824402213096619,0.9932593107223511,0.0,0.0,0.11588970571756363,-0.022938826056512318
228.38960617705328,705.8956468791571,0.0,9.79295610763815,0.9929603338241577,0.0,0.0,0.11843439936637878,0.9932417869567871,0.0,0.0,0.11603911966085434,-0.4716549167534952
229.10002005408865,702.9695969381639,0.0,9.804563991492946,0.9929373264312744,0.0,0.0,0.11862708628177643,0.9932239055633545,0.0,0.0,0.11619125306606293,-0.023525082816855614
229.8124830013939,700.0403064336563,0.0,9.816898067215751,0.9929139614105225,0.0,0.0,0.11882205307483673,0.9932056665420532,0.0,0.0,0.1163460835814476,-0.47227784987080856
230.52706152857814,697.1075889090791,0.0,9.82989222726629,0.9928902983665466,0.0,0.0,0.11901919543743134,0.9931871294975281,0.0,0.0,0.11650364845991135,-0.024181353526478766
231.24374343979412,694.1715820090044,0.0,9.842460539450249,0.9928663372993469,0.0,0.0,0.11921857297420502,0.9931682348251343,0.0,0.0,0.11666367202997208,-0.4729126131124227
231.962389864003,691.2329405068451,0.0,9.852868967438635,0.9928420782089233,0.0,0.0,0.11942015588283539,0.9931489825248718,0.0,0.0,0.11682654172182083,-0.024707031707710325
232.68273340811095,688.2928389662826,0.0,9.85937310708572,0.9928175210952759,0.0,0.0,0.11962385475635529,0.9931293725967407,0.0,0.0,0.11699192970991135,-0.47324110501379063
233.40437702192568,685.3529712843106,0.0,9.86022855424577,0.9927926063537598,0.0,0.0,0.11982973664999008,0.9931094646453857,0.0,0.0,0.11716023832559586,-0.024750236109733093
234.12679282604273,682.4155502109521,0.0,9.853690904773044,0.9927674531936646,0.0,0.0,0.120037741959095,0.9930891394615173,0.0,0.0,0.11733116209506989,-0.4729109206969863
234.84932090728614,679.4833068475275,0.0,9.838015754521809,0.9927420020103455,0.0,0.0,0.12024778127670288,0.9930684566497803,0.0,0.0,0.11750499904155731,-0.023958561854620197
235.57116808815363,676.5594901261824,0.0,9.81145869934634,0.9927162528038025,0.0,0.0,0.12045982480049133,0.9930474758148193,0.0,0.0,0.1176813617348671,-0.47156965528408384
236.29140667867173,673.6478662743016,0.0,9.77227533510089,0.9926902651786804,0.0,0.0,0.12067359685897827,0.9930261373519897,0.0,0.0,0.11786003410816193,-0.021979604064445935
237.00897322117066,670.7527182684125,0.0,9.718721257639743,0.9926639795303345,0.0,0.0,0.12088918685913086,0.9930045008659363,0.0,0.0,0.11804124712944031,-0.46886490389715724
237.72267821871802,667.8788011209683,0.0,9.649200351691862,0.9926374554634094,0.0,0.0,0.12110641598701477,0.9929825067520142,0.0,0.0,0.11822499334812164,-0.018468447198391302
238.43148548670155,665.0302152662948,0.0,9.56589844963333,0.9926106929779053,0.0,0.0,0.12132503092288971,0.9929602742195129,0.0,0.0,0.11841073632240295,-0.46465773712652436
239.13481077947816,662.2092161370117,0.0,9.475001889679335,0.9925837516784668,0.0,0.0,0.12154483795166016,0.9929376840591431,0.0,0.0,0.11859872192144394,-0.013877711847179397
239.8325401733834,659.4161586734499,0.0,9.382889053814008,0.992556631565094,0.0,0.0,0.12176556885242462,0.9929147958755493,0.0,0.0,0.1187889352440834,-0.4600055736989826
240.52503430150415,656.6494990821288,0.0,9.295938324021375,0.9925295114517212,0.0,0.0,0.1219865083694458,0.9928916692733765,0.0,0.0,0.11898104101419449,-0.009486260847551442
241.21309660494083,653.9059399866335,0.0,9.220046246171245,0.9925023913383484,0.0,0.0,0.12220638990402222,0.9928682446479797,0.0,0.0,0.11917509138584137,-0.4561726404742286
241.89757973335566,651.1820125577915,0.0,9.15579658333751,0.992475688457489,0.0,0.0,0.12242317199707031,0.9928446412086487,0.0,0.0,0.11937084048986435,-0.006241328381201172
242.57913895317284,648.4750568489173,0.0,9.100477721230488,0.9924496412277222,0.0,0.0,0.12263421714305878,0.992820680141449,0.0,0.0,0.11956872045993805,-0.45337875854963156
243.25822668509306,645.7832357272306,0.0,9.051328768823701,0.992424726486206,0.0,0.0,0.12283573299646378,0.9927964806556702,0.0,0.0,0.11976831406354904,-0.0037590580576260524
243.9350906966904,643.1055341219138,0.0,9.005588835090704,0.9924015998840332,0.0,0.0,0.12302285432815552,0.9927720427513123,0.0,0.0,0.11996966600418091,-0.4510686608863489
244.60977227630104,640.4417582537685,0.0,8.960497029005051,0.9923810362815857,0.0,0.0,0.12318941205739975,0.9927473664283752,0.0,0.0,0.12017256766557693,-0.0014816941139061957
245.28210438537684,637.7925348456865,0.0,8.913292459540257,0.9923639893531799,0.0,0.0,0.12332776188850403,0.9927224516868591,0.0,0.0,0.12037728726863861,-0.4486845917214603
245.9517097902208,635.1593103146702,0.0,8.86121423566989,0.9923515319824219,0.0,0.0,0.12342872470617294,0.9926972985267639,0.0,0.0,0.1205834448337555,0.0011485192128800614
246.61799917806377,632.544349947916,0.0,8.801501466367469,0.9923451542854309,0.0,0.0,0.12348136305809021,0.9926719069480896,0.0,0.0,0.12079102545976639,-0.4456687952920451
247.28016926682545,629.950737067393,0.0,8.731393260606565,0.9923464059829712,0.0,0.0,0.12347287684679031,0.9926462769508362,0.0,0.0,0.12100011855363846,0.0046893376856529945
247.93720092256285,627.3823721895301,0.0,8.648128727360685,0.9923570156097412,0.0,0.0,0.12338859587907791,0.9926204681396484,0.0,0.0,0.12121061980724335,-0.44146351583518256
248.5878573035904,624.8439721888958,0.0,8.548946975603418,0.9923789501190186,0.0,0.0,0.12321216613054276,0.9925944209098816,0.0,0.0,0.12142239511013031,0.009698517067333212
249.2307123611491,622.3409515952055,0.0,8.43148424271499,0.9924142360687256,0.0,0.0,0.12292560935020447,0.9925681948661804,0.0,0.0,0.1216353327035904,-0.4355310545781913
249.86447560802742,619.8781554357481,0.0,8.297644223290055,0.992465078830719,0.0,0.0,0.12250909954309464,0.9925417900085449,0.0,0.0,0.12184926122426987,0.016458114007986524
250.48819237756817,617.4590895778364,0.0,8.15192660089061,0.9925336837768555,0.0,0.0,0.12194179743528366,0.9925152659416199,0.0,0.0,0.12206396460533142,-0.42817157869943145
251.101249821536,615.0859112276585,0.0,7.998867780898039,0.9926221370697021,0.0,0.0,0.1212015375494957,0.9924887418746948,0.0,0.0,0.12227880954742432,0.024188357441954744
251.70338005075067,612.7594303191103,0.0,7.843004168693569,0.992732584476471,0.0,0.0,0.12026502937078476,0.9924629330635071,0.0,0.0,0.12248729169368744,-0.4202996790931451
252.29454497355306,610.4791678315012,0.0,7.688677848068173,0.9928668141365051,0.0,0.0,0.11910810321569443,0.9924406409263611,0.0,0.0,0.12266816198825836,0.031982616059399005
252.87339810686817,608.2436394851655,0.0,7.5392463614690595,0.9930362105369568,0.0,0.0,0.11771014332771301,0.9924253225326538,0.0,0.0,0.12279337644577026,-0.4127526343154121
253.43779517126177,606.0504523510697,0.0,7.397756186716433,0.993233323097229,0.0,0.0,0.11605355143547058,0.9924200773239136,0.0,0.0,0.12283813953399658,0.03912858448124884
253.98608641744585,603.8963140742263,0.0,7.2672536814535915,0.9934584498405457,0.0,0.0,0.11412569880485535,0.9924276471138,0.0,0.0,0.12277954071760178,-0.40616159869607665
254.51709009942013,601.7770335057489,0.0,7.150785203323741,0.9937111139297485,0.0,0.0,0.11191701143980026,0.9924502372741699,0.0,0.0,0.12259659171104431,0.045010830851443306
255.03001768887142,599.687521006115,0.0,7.051397109970206,0.993990421295166,0.0,0.0,0.10942009836435318,0.9924898147583008,0.0,0.0,0.12226986140012741,-0.40114199802165573
255.5243840296282,597.6218086770797,0.0,6.972068243613385,0.9942947030067444,0.0,0.0,0.10662852227687836,0.9925479292869568,0.0,0.0,0.12178108096122742,0.04901733925330298
255.99962289656534,595.5743213028882,0.0,6.9114875140655165,0.9946221709251404,0.0,0.0,0.10353680700063705,0.9926257133483887,0.0,0.0,0.12111365050077438,-0.3980823652162079
256.4545967748064,593.5418869576158,0.0,6.86155323959799,0.9949706196784973,0.0,0.0,0.10013969242572784,0.9927316904067993,0.0,0.0,0.12025251239538193,0.0515392723072185
256.8876176607909,591.5239131785632,0.0,6.813562781482151,0.9953372478485107,0.0,0.0,0.09643245488405228,0.9928617477416992,0.0,0.0,0.11918262392282486,-0.39565860470530695
257.2965525940349,589.5223853097591,0.0,6.7588135009893024,0.9957190155982971,0.0,0.0,0.09241148084402084,0.9930170178413391,0.0,0.0,0.117890864610672,0.05430438748362498
257.6789675883447,587.54186509258,0.0,6.688602759390799,0.9961124062538147,0.0,0.0,0.08807441592216492,0.9931977391242981,0.0,0.0,0.11636680364608765,-0.39211260765487743
258.03230653398566,585.5894895010152,0.0,6.594227917957933,0.9965131282806396,0.0,0.0,0.08342143148183823,0.9934037327766418,0.0,0.0,0.11460212618112564,0.059070793616598005
258.3541479056517,583.6746684323726,0.0,6.4680044525037665,0.9969165325164795,0.0,0.0,0.07845566421747208,0.9936344027519226,0.0,0.0,0.11259185522794724,-0.38573768515719226
258.64282654730107,581.8062733636933,0.0,6.311743624698529,0.9973176717758179,0.0,0.0,0.07318374514579773,0.9938881993293762,0.0,0.0,0.11033497005701065,0.06696275461686252
258.89764831559773,579.9911073405415,0.0,6.132428629682737,0.9977107644081116,0.0,0.0,0.06761568039655685,0.9941633343696594,0.0,0.0,0.10783278197050095,-0.3766813722776068
259.11876858673685,578.2338908675996,0.0,5.937094600680927,0.9980902075767517,0.0,0.0,0.06176391616463661,0.9944577813148499,0.0,0.0,0.10508832335472107,0.07682810961695391
259.30704198272514,576.5372629368852,0.0,5.7327766709177705,0.9984501600265503,0.0,0.0,0.05564596503973007,0.9947687387466431,0.0,0.0,0.10210742801427841,-0.3663622849158312
259.4638541720903,574.901781827231,0.0,5.52650997361795,0.9987849593162537,0.0,0.0,0.04927333816885948,0.9950934648513794,0.0,0.0,0.09889716655015945,0.08724561958159133
259.59094319695976,573.3259256969662,0.0,5.325329642005986,0.9990890622138977,0.0,0.0,0.04266592115163803,0.9954289793968201,0.0,0.0,0.09546635299921036,-0.35620166210714616
259.69021652240616,571.8060929980088,0.0,5.136270809306609,0.9993571639060974,0.0,0.0,0.03584176301956177,0.9957720637321472,0.0,0.0,0.0918225347995758,0.09679404547549925
259.7635681167233,570.3366027425936,0.0,4.966368608744353,0.999584436416626,0.0,0.0,0.028818050399422646,0.9961197376251221,0.0,0.0,0.08797318488359451,-0.3476207428868302
259.8126923189673,568.9098876481945,0.0,4.822005880442312,0.9997662305831909,0.0,0.0,0.021611033007502556,0.9964690804481506,0.0,0.0,0.0839259997010231,0.10408509235944075
259.83889961097117,567.5182612767288,0.0,4.703592659762611,0.9998984932899475,0.0,0.0,0.0142357237637043,0.9968174695968628,0.0,0.0,0.07968444377183914,-0.34164027719593626
259.84309437081976,566.1548659915383,0.0,4.608333731101159,0.9999774098396301,0.0,0.0,0.0067065684124827385,0.997161865234375,0.0,0.0,0.07525407522916794,0.10889614936254441
259.8258237715433,564.8136816000756,0.0,4.533403257365311,0.9999993443489075,0.0,0.0,-0.0009619859047234058,0.9974997639656067,0.0,0.0,0.07063750922679901,-0.3378559098355399
259.78732878915133,563.4895250086847,0.0,4.475975401462506,0.9999615550041199,0.0,0.0,-0.008755405433475971,0.9978281855583191,0.0,0.0,0.06583745032548904,0.11179654612531237
259.7275970060287,562.1780499365343,0.0,4.433224326300119,0.9998610615730286,0.0,0.0,-0.01665865257382393,0.9981446266174316,0.0,0.0,0.0608552061021328,-0.3356967646253184
259.6464176745957,560.875746678389,0.0,4.402324194785575,0.999695897102356,0.0,0.0,-0.02465553767979145,0.9984462261199951,0.0,0.0,0.0556916818022728,0.11335715882806713
259.54343964555216,559.5799419086732,0.0,4.380449169826263,0.9994640946388245,0.0,0.0,-0.032728731632232666,0.9987300038337708,0.0,0.0,0.050349924713373184,-0.33459196538494906
259.41823280245654,558.2887985215184,0.0,4.364773414329594,0.9991647005081177,0.0,0.0,-0.04085950180888176,0.9989932179450989,0.0,0.0,0.04482897371053696,0.1141488636511312
259.27035359096345,557.0013155032561,0.0,4.352471091202964,0.9987972974777222,0.0,0.0,-0.04902651533484459,0.9992327690124512,0.0,0.0,0.03913070634007454,-0.33397063593410914
259.099415094146,555.7173278351808,0.0,4.340716363353779,0.9983622431755066,0.0,0.0,-0.05720634013414383,0.9994456171989441,0.0,0.0,0.03325736150145531,0.1147425367748274
258.905141990181,554.4373830081865,0.0,4.327100631364007,0.9978606700897217,0.0,0.0,-0.06537304073572159,0.9996286630630493,0.0,0.0,0.027211226522922516,-0.33328297270230245
258.6873320731952,553.162152263063,0.0,4.311205622288107,0.9972951412200928,0.0,0.0,-0.07349810749292374,0.9997785687446594,0.0,0.0,0.020997080951929092,0.11554531501098392
258.44583520449953,551.8922552474005,0.0,4.293205883092442,0.9966689944267273,0.0,0.0,-0.08155115693807602,0.9998922944068909,0.0,0.0,0.014617512933909893,-0.3323738949651477
258.18055041901357,550.6282600012538,0.0,4.273276061297296,0.995986819267273,0.0,0.0,-0.08949927985668182,0.9999666213989258,0.0,0.0,0.008077607490122318,0.11655187166730444
257.89142265107364,549.3706829705418,0.0,4.251590804422981,0.9952542185783386,0.0,0.0,-0.09730750322341919,0.9999983310699463,0.0,0.0,0.0013825041241943836,-0.3312786799714954
257.5784390947872,548.1199890184404,0.0,4.228324759989781,0.9944785237312317,0.0,0.0,-0.10493922978639603,0.9999844431877136,0.0,0.0,-0.005460010841488838,0.11772692441645599
257.2416252189865,546.8765914347999,0.0,4.2036525755180065,0.9936679601669312,0.0,0.0,-0.11235630512237549,0.9999220371246338,0.0,0.0,-0.012432695366442204,-0.33003261004867857
256.8812248526219,545.6408519436154,0.0,4.177748898527944,0.9928317666053772,0.0,0.0,-0.11951906979084015,0.9998093843460083,0.0,0.0,-0.01949571818113327,0.11903519093110565
256.4988668827273,544.4130807086048,0.0,4.150788376539901,0.9919801354408264,0.0,0.0,-0.12639205157756805,0.9996454119682312,0.0,0.0,-0.026607658714056015,-0.3286709675240299
256.0967530222512,543.1935360512917,0.0,4.1229466227913605,0.9911230802536011,0.0,0.0,-0.13294506072998047,0.9994304180145264,0.0,0.0,-0.033728282898664474,0.12044134011032484
255.67701378822318,541.9824089088314,0.0,4.094451800167159,0.9902705550193787,0.0,0.0,-0.13915328681468964,0.9991657733917236,0.0,0.0,-0.040821805596351624,-0.32723183506826214
255.24168924315083,540.7797996147804,0.0,4.065610564984277,0.9894319772720337,0.0,0.0,-0.14499559998512268,0.9988535642623901,0.0,0.0,-0.04785611853003502,0.12189796814986434
254.79272065007515,539.58571599629,0.0,4.036735991358642,0.9886166453361511,0.0,0.0,-0.15045462548732758,0.9984966516494751,0.0,0.0,-0.054801419377326965,-0.3257735232689876
254.33194468912234,538.4000733669793,0.0,4.008141153406152,0.9878332018852234,0.0,0.0,-0.15551574528217316,0.9980985522270203,0.0,0.0,-0.061630040407180786,0.12334215188483855
253.86108957405457,537.2226945172982,0.0,3.9801391252427343,0.9870896935462952,0.0,0.0,-0.16016706824302673,0.9976630806922913,0.0,0.0,-0.0683186948299408,-0.3243592794223504
253.38177297895663,536.0533097024927,0.0,3.9530429809843066,0.9863938689231873,0.0,0.0,-0.1643986701965332,0.9971946477890015,0.0,0.0,-0.07484611123800278,0.12471064401910259
252.8955016867766,534.8915566283025,0.0,3.927165794746771,0.985752522945404,0.0,0.0,-0.16820193827152252,0.9966981410980225,0.0,0.0,-0.08119180053472519,-0.32305235082449507
252.4036728757248,533.7369804344877,0.0,3.902820640646055,0.985171914100647,0.0,0.0,-0.17156943678855896,0.9961783289909363,0.0,0.0,-0.08733847737312317,0.1259401972565125
251.90757696645622,532.5890336762615,0.0,3.8803205927980593,0.9846579432487488,0.0,0.0,-0.17449504137039185,0.9956405162811279,0.0,0.0,-0.09327021986246109,-0.321915984771566
251.408401962455,531.4470763037001,0.0,3.8599787253187143,0.9842156171798706,0.0,0.0,-0.17697279155254364,0.9950898289680481,0.0,0.0,-0.09897313266992569,0.1269675643009239
250.90723922800214,530.3103756391514,0.0,3.8421081123239205,0.9838493466377258,0.0,0.0,-0.17899776995182037,0.9945315718650818,0.0,0.0,-0.10443392395973206,-0.3210134285597077
250.4050906625455,529.1781063526545,0.0,3.827021827929603,0.9835628271102905,0.0,0.0,-0.18056565523147583,0.993971049785614,0.0,0.0,-0.10964074730873108,0.12772949785619242
249.90287724714494,528.0493504353338,0.0,3.8150329462516672,0.983353316783905,0.0,0.0,-0.181671604514122,0.993413507938385,0.0,0.0,-0.11458206176757812,-0.32040792948506447
249.4014489579742,526.923097170702,0.0,3.8064545414060356,0.9832329154014587,0.0,0.0,-0.1823149025440216,0.9928641319274902,0.0,0.0,-0.11924845725297928,0.1281627506261738
248.9015960636526,525.7982431037625,0.0,3.801599687508619,0.9832003116607666,0.0,0.0,-0.18249362707138062,0.9923281669616699,0.0,0.0,-0.12362976372241974,-0.32016273484378077
248.40406858333293,524.67360728094,0.0,3.8007298435722916,0.9832537770271301,0.0,0.0,-0.18220661580562592,0.9918102622032166,0.0,0.0,-0.12771780788898468,0.12820668213810948
247.90964709192207,523.5480612550848,0.0,3.8036670269590194,0.9833908677101135,0.0,0.0,-0.18145428597927094,0.991315484046936,0.0,0.0,-0.13150259852409363,-0.32031107743907006
247.41918328875465,522.4205948240841,0.0,3.810011077574764,0.9836083650588989,0.0,0.0,-0.18023823201656342,0.9908486604690552,0.0,0.0,-0.13497528433799744,0.1278862755413547
246.93360957343594,521.2903165436212,0.0,3.8193601177146124,0.9839164614677429,0.0,0.0,-0.17856422066688538,0.9904143810272217,0.0,0.0,-0.1381257176399231,-0.3207832511835068
246.45394648936247,520.156453734419,0.0,3.8313122696736484,0.9843024015426636,0.0,0.0,-0.17643599212169647,0.9900169372558594,0.0,0.0,-0.14094635844230652,0.12728263150301955
245.98130827333543,519.0183524922674,0.0,3.8454656557469615,0.98476243019104,0.0,0.0,-0.17386050522327423,0.9896607398986816,0.0,0.0,-0.14342591166496277,-0.32149806866195696
245.5169064982127,517.8754777009425,0.0,3.861418398229637,0.9852912425994873,0.0,0.0,-0.17084696888923645,0.9893498420715332,0.0,0.0,-0.1455550193786621,0.12647693743823793
245.06205177455854,516.7274130481468,0.0,3.878768619416755,0.9858828783035278,0.0,0.0,-0.1674068421125412,0.9890879988670349,0.0,0.0,-0.1473238319158554,-0.3223743424592862
244.61815346052174,515.5738610446122,0.0,3.897114441603412,0.9865301847457886,0.0,0.0,-0.16355441510677338,0.9888789057731628,0.0,0.0,-0.14872057735919952,0.1255503807621442
244.1867173167328,514.4146430465024,0.0,3.9160539870846818,0.9872257709503174,0.0,0.0,-0.15930692851543427,0.9887260794639587,0.0,0.0,-0.14973348379135132,-0.32333088516036046
243.7693410348819,513.2496992812667,0.0,3.935185378155664,0.9879610538482666,0.0,0.0,-0.1546850949525833,0.9886286854743958,0.0,0.0,-0.15035060048103333,0.1245841488898724
243.36770756489523,512.0790888770647,0.0,3.9541067371114336,0.9887272119522095,0.0,0.0,-0.1497132033109665,0.9885967373847961,0.0,0.0,-0.15055911242961884,-0.3242865093500458
242.98357616637568,510.9029898958979,0.0,3.9724161862470844,0.9895146489143372,0.0,0.0,-0.14441972970962524,0.9886285662651062,0.0,0.0,-0.15034843981266022,0.12365942923655673
242.61877111528747,509.7216993705237,0.0,3.989711847857695,0.990313708782196,0.0,0.0,-0.13883741199970245,0.9887208342552185,0.0,0.0,-0.14971578121185303,-0.32516002761320795
242.2749595127728,508.5356337397982,0.0,4.005591844238361,0.9911144971847534,0.0,0.0,-0.13300305604934692,0.9888778328895569,0.0,0.0,-0.14868031442165375,0.12285740921733115
241.9525703296879,507.3453309084073,0.0,4.019654297684159,0.9919078350067139,0.0,0.0,-0.12695276737213135,0.9890904426574707,0.0,0.0,-0.1472647786140442,-0.3258702525347129
241.65154483020427,506.15144884007515,0.0,4.031497330490184,0.992685854434967,0.0,0.0,-0.12071961909532547,0.989353358745575,0.0,0.0,-0.14549271762371063,0.12225927624732985
241.37179306686195,504.9547623682779,0.0,4.040726955374787,0.9934415817260742,0.0,0.0,-0.11433454602956772,0.9896613359451294,0.0,0.0,-0.14338630437850952,-0.3263363952056524
241.11316342437814,503.7560518957979,0.0,4.047325054380172,0.9941691160202026,0.0,0.0,-0.10782637447118759,0.9900093078613281,0.0,0.0,-0.1409672349691391,0.1219260389238255
240.87541495873643,502.55594565830484,0.0,4.051806021458914,0.9948633909225464,0.0,0.0,-0.10122198611497879,0.9903917908668518,0.0,0.0,-0.13825801014900208,-0.32656270667427567
240.65823116306993,501.35490770143304,0.0,4.054724666214365,0.9955201148986816,0.0,0.0,-0.09454656392335892,0.9908034801483154,0.0,0.0,-0.1352790892124176,0.12177863262304514
240.4612360175002,500.1532378288315,0.0,4.056635798249866,0.9961358308792114,0.0,0.0,-0.08782323449850082,0.9912391901016235,0.0,0.0,-0.1320512294769287,-0.3266592284942505
240.2840091436552,498.95107155306584,0.0,4.058094227168767,0.9967079162597656,0.0,0.0,-0.08107344061136246,0.9916940927505493,0.0,0.0,-0.12859371304512024,0.12170497459683804
240.1261000328486,497.74838004948236,0.0,4.0596547625744135,0.9972344636917114,0.0,0.0,-0.07431727647781372,0.9921632409095764,0.0,0.0,-0.12492568790912628,-0.3267380434137276
239.98704133339547,496.54497011307103,0.0,4.061872214070148,0.9977141618728638,0.0,0.0,-0.0675734281539917,0.9926419854164124,0.0,0.0,-0.12106507271528244,0.12159298209705341
239.8663611962952,495.34048411833794,0.0,4.0653013912593225,0.9981461763381958,0.0,0.0,-0.060859356075525284,0.9931260347366333,0.0,0.0,-0.11702997237443924,-0.32691123418085755
239.76359468950426,494.13439998214886,0.0,4.0704971037452795,0.9985304474830627,0.0,0.0,-0.05418972671031952,0.9936115145683289,0.0,0.0,-0.11283617466688156,0.1213305723755404
239.67829429925226,492.9260311294834,0.0,4.078014161131367,0.9988672733306885,0.0,0.0,-0.04757937416434288,0.9940945506095886,0.0,0.0,-0.10850031673908234,-0.32729088354379127
239.61003954230262,491.71452646202613,0.0,4.088407373020929,0.9991573095321655,0.0,0.0,-0.04104091599583626,0.9945717453956604,0.0,0.0,-0.10403745621442795,0.12080566268414841
239.55844579121413,490.4988724502688,0.0,4.102224392647292,0.9994015097618103,0.0,0.0,-0.0345858633518219,0.9950399994850159,0.0,0.0,-0.09946125745773315,-0.32798871281785
239.5231741902883,489.27798955231833,0.0,4.119687443207496,0.9996013641357422,0.0,0.0,-0.028224360197782516,0.9954962730407715,0.0,0.0,-0.09478648751974106,0.11992369043363305
239.5039335662895,488.05086625954664,0.0,4.140566451473157,0.9997584819793701,0.0,0.0,-0.021965235471725464,0.9959381818771362,0.0,0.0,-0.09002597630023956,-0.3290432081848026
239.50047223821,486.8165690205738,0.0,4.164597949481733,0.9998747110366821,0.0,0.0,-0.01581617258489132,0.9963634014129639,0.0,0.0,-0.08519132435321808,0.11870997841299791
239.51256957761854,485.57424226851793,0.0,4.191518469270698,0.999951958656311,0.0,0.0,-0.009783795103430748,0.9967700242996216,0.0,0.0,-0.08029547333717346,-0.3304028303963665
239.5400279164718,484.3231084471318,0.0,4.221064542877509,0.9999923706054688,0.0,0.0,-0.003873901441693306,0.9971562027931213,0.0,0.0,-0.07534940540790558,0.11721775247325997
239.58266478031882,483.0624680359047,0.0,4.252972702339644,0.9999980926513672,0.0,0.0,0.0019089248962700367,0.997520387172699,0.0,0.0,-0.07036498188972473,-0.33201435360152476
239.6403054328253,481.79169957417406,0.0,4.286979479694564,0.9999712705612183,0.0,0.0,0.007560892030596733,0.9978614449501038,0.0,0.0,-0.06535255163908005,0.1155002384654357
239.7127757250256,480.5102596842666,0.0,4.322821406979726,0.9999143481254578,0.0,0.0,0.01307900995016098,0.9981781840324402,0.0,0.0,-0.06032238155603409,-0.3338245519492602
239.79989524969852,479.2176830936722,0.0,4.360235016232614,0.9998295307159424,0.0,0.0,0.01846107468008995,0.998469889163971,0.0,0.0,-0.05528523400425911,0.11361066224054234
239.90147080772925,477.9135826562283,0.0,4.398956839490674,0.9997189044952393,0.0,0.0,0.023705624043941498,0.9987359642982483,0.0,0.0,-0.050250906497240067,-0.3357801995885562
240.01729019927015,476.5976493722749,0.0,4.438723408791395,0.9995847344398499,0.0,0.0,0.028812121599912643,0.9989760518074036,0.0,0.0,-0.04522887244820595,0.11160224964959689
240.14711635792702,475.26965240772387,0.0,4.479271256172221,0.9994291663169861,0.0,0.0,0.03378048166632652,0.9991899728775024,0.0,0.0,-0.04022887349128723,-0.33782807066839593
240.29068185105223,473.92943911196556,0.0,4.520336913670639,0.9992541670799255,0.0,0.0,0.03861111402511597,0.9993777275085449,0.0,0.0,-0.03526042029261589,0.10952822654361619
240.44768412090906,472.576932149551,0.0,4.5616666434980075,0.9990617036819458,0.0,0.0,0.04330545291304588,0.9995394945144653,0.0,0.0,-0.030331168323755264,-0.3399154307606873
240.61780030834282,471.21208324626866,0.0,4.603162754519945,0.9988535642623901,0.0,0.0,0.04786544293165207,0.9996757507324219,0.0,0.0,-0.02544577047228813,0.1074324633606901
240.8008714804061,469.83483592267146,0.0,4.644853262622432,0.9986315369606018,0.0,0.0,0.05229295417666435,0.9997871518135071,0.0,0.0,-0.020606743171811104,-0.3420210119779846
240.9968652001866,468.4451244368502,0.0,4.686769756887725,0.9983973503112793,0.0,0.0,0.05658934265375137,0.999874472618103,0.0,0.0,-0.01581699401140213,0.10531546870082681
241.20573998886394,467.0428737868643,0.0,4.728943826398038,0.998152494430542,0.0,0.0,0.060755595564842224,0.9999382495880127,0.0,0.0,-0.011078864336013794,-0.3441510154886065
241.42744177076045,465.6279997134518,0.0,4.771407060235631,0.9978986978530884,0.0,0.0,0.06479209661483765,0.9999791383743286,0.0,0.0,-0.006395505741238594,0.10317086093125144
241.6619036443175,464.20040870304604,0.0,4.8141910474827165,0.9976373314857483,0.0,0.0,0.06869904696941376,0.9999980330467224,0.0,0.0,-0.00176947470754385,-0.34631182292532803
241.90904561010043,462.7599979911085,0.0,4.857327377221557,0.9973700046539307,0.0,0.0,0.07247649133205414,0.9999957084655762,0.0,0.0,0.002796559827402234,0.10099225841918882
242.1687742533633,461.3066555657937,0.0,4.900847638534373,0.9970983266830444,0.0,0.0,0.07612384855747223,0.9999729990959167,0.0,0.0,0.007299698889255524,-0.3485098159209248
242.44098237862752,459.84026017197033,0.0,4.944783420503393,0.9968236088752747,0.0,0.0,0.0796404555439949,0.9999307990074158,0.0,0.0,0.01173697505146265,0.09877327953186454
242.72554859364251,458.3606813156077,0.0,4.9891663122108785,0.9965473413467407,0.0,0.0,0.08302555978298187,0.9998700022697449,0.0,0.0,0.016105923801660538,-0.35075137610817153
243.02233684000126,456.86777926855353,0.0,5.034027902739039,0.9962709546089172,0.0,0.0,0.08627824485301971,0.9997915029525757,0.0,0.0,0.02040407620370388,0.09650754263650291
243.33119586758548,455.361405073716,0.0,5.079399781170139,0.9959958791732788,0.0,0.0,0.08939748257398605,0.9996963739395142,0.0,0.0,0.02462824247777462,-0.3530428851198433
243.65195864990034,453.8414005506789,0.0,5.125313536586387,0.9957233667373657,0.0,0.0,0.09238256514072418,0.9995855689048767,0.0,0.0,0.028775792568922043,0.09418866610032878
243.98444173724812,452.3075983017601,0.0,5.171800758070049,0.9954547882080078,0.0,0.0,0.09523284435272217,0.9994601607322693,0.0,0.0,0.03284401446580887,-0.35539072458871507
244.3284445445558,450.7598217185426,0.0,5.218893034703332,0.9951912760734558,0.0,0.0,0.09794765710830688,0.9993212223052979,0.0,0.0,0.03683033958077431,0.09181026829056699
244.683748062493,449.1978871978821,0.0,5.266614507211688,0.9949341416358948,0.0,0.0,0.10052680224180222,0.9991698265075684,0.0,0.0,0.04073222726583481,-0.35780089996792497
245.05009286440267,447.6216939575101,0.0,5.31468649702063,0.9946842193603516,0.0,0.0,0.10297026485204697,0.9990070462226868,0.0,0.0,0.04454610124230385,0.08938239001738812
245.42714762607983,446.03134303498297,0.0,5.362429102102618,0.9944427013397217,0.0,0.0,0.10527835041284561,0.9988340139389038,0.0,0.0,0.048269495368003845,-0.36021214264883344
245.81450194261217,444.42714548076424,0.0,5.4091348014716285,0.9942101836204529,0.0,0.0,0.10745179653167725,0.9986521005630493,0.0,0.0,0.05189933255314827,0.08702351631188254
246.21166187898646,442.8096223533356,0.0,5.454096074141691,0.9939876794815063,0.0,0.0,0.10949172079563141,0.9984621405601501,0.0,0.0,0.05543322116136551,-0.3624829139958063
246.61804652565493,441.1795047069145,0.0,5.496605399126793,0.9937756061553955,0.0,0.0,0.11139971762895584,0.9982655048370361,0.0,0.0,0.0588679313659668,0.08487658070657433
247.0329856287371,439.5377335713985,0.0,5.53595525544096,0.9935746192932129,0.0,0.0,0.1131780743598938,0.998063325881958,0.0,0.0,0.06220044195652008,-0.3644702804763198
247.45571836151476,437.8854599242029,0.0,5.571438122098186,0.9933851957321167,0.0,0.0,0.11482934653759003,0.9978569149971008,0.0,0.0,0.06542802602052689,0.08308451673398715
247.8853932976074,436.22404465374325,0.0,5.602346478112471,0.9932073950767517,0.0,0.0,0.11635692417621613,0.9976475238800049,0.0,0.0,0.06854736804962158,-0.3660313085578493
248.32107208878895,434.55504915984386,0.0,5.628004347148968,0.993041455745697,0.0,0.0,0.11776486039161682,0.9974363446235657,0.0,0.0,0.07155530899763107,0.0817886647624469
248.76182926637713,432.87986716177465,0.0,5.648977189827775,0.9928796887397766,0.0,0.0,0.11905699968338013,0.9972245097160339,0.0,0.0,0.07444915920495987,-0.36709054303657696
249.20688658313273,431.1992438524116,0.0,5.667451950293192,0.9927314519882202,0.0,0.0,0.12024002522230148,0.9970133304595947,0.0,0.0,0.07722624391317368,0.08085559605207232
249.65563030706423,429.5132435506749,0.0,5.685724830241066,0.9925959706306458,0.0,0.0,0.12132029980421066,0.9968039393424988,0.0,0.0,0.07988360524177551,-0.36801341576121704
250.10761650050387,427.8212497805601,0.0,5.706092031367256,0.9924724102020264,0.0,0.0,0.12230490893125534,0.9965975880622864,0.0,0.0,0.082419253885746,0.07982694953054753
250.56257262773084,426.1219653750812,0.0,5.730849755367607,0.9923597574234009,0.0,0.0,0.12320181727409363,0.9963948726654053,0.0,0.0,0.08483447879552841,-0.36926380586224483
251.0205367470921,424.4134112883155,0.0,5.762294203937985,0.9922569990158081,0.0,0.0,0.12401927262544632,0.996196448802948,0.0,0.0,0.08713415265083313,0.07823884606739712
251.48211264964155,422.6930364477283,0.0,5.80234244053411,0.9921632409095764,0.0,0.0,0.12476496398448944,0.9960024356842041,0.0,0.0,0.0893246978521347,-0.37128644407417033
251.94791447530548,420.9585466165118,0.0,5.850126617425041,0.9920775294303894,0.0,0.0,0.12544585764408112,0.9958131909370422,0.0,0.0,0.09141071140766144,0.07582550380017833
252.41838997505806,419.20827313490184,0.0,5.903537363707894,0.9919991493225098,0.0,0.0,0.1260680854320526,0.995628833770752,0.0,0.0,0.09339754283428192,-0.3739839565126982
252.89381921088886,417.4411745051888,0.0,5.960459594024098,0.9919273853302002,0.0,0.0,0.1266372948884964,0.9954494833946228,0.0,0.0,0.09529043734073639,0.07295064368319837
253.3743137484607,415.6568362892678,0.0,6.018778223015032,0.9918616414070129,0.0,0.0,0.12715834379196167,0.9952752590179443,0.0,0.0,0.09709389507770538,-0.37692934181527066
253.85981588898787,413.85547101331804,0.0,6.076378165322128,0.9918013215065002,0.0,0.0,0.12763594090938568,0.9951061606407166,0.0,0.0,0.09881199151277542,0.0700415556878905
254.3500979432102,412.03791808012596,0.0,6.1311443355867805,0.9917458891868591,0.0,0.0,0.12807407975196838,0.9949422478675842,0.0,0.0,0.10044907033443451,-0.37969531001045514
254.84476155227676,410.20564368981087,0.0,6.180961648450376,0.9916949272155762,0.0,0.0,0.12847639620304108,0.9947834610939026,0.0,0.0,0.10200921446084976,0.06752552978568871
255.34323706182226,408.3607407698594,0.0,6.223715018554344,0.9916480779647827,0.0,0.0,0.12884613871574402,0.9946299195289612,0.0,0.0,0.10349582135677338,-0.3818545711268172
255.84481354761914,406.50581582697964,0.0,6.257670873917806,0.9916049242019653,0.0,0.0,0.1291862428188324,0.9944814443588257,0.0,0.0,0.10491274297237396,0.06581058759561492
256.3488818769889,404.64308961001456,0.0,6.2841295751605015,0.9915651679039001,0.0,0.0,0.12949930131435394,0.9943380355834961,0.0,0.0,0.10626327246427536,-0.3831908691693776
256.85505154286756,402.77396784404925,0.0,6.3058399355020995,0.9915284514427185,0.0,0.0,0.12978771328926086,0.9941996932029724,0.0,0.0,0.10755051672458649,0.06471410475007966
257.36315227198793,400.89903867813985,0.0,6.325559730179565,0.9914946556091309,0.0,0.0,0.13005341589450836,0.9940661787986755,0.0,0.0,0.1087769940495491,-0.3841868183955122
257.8732348355716,399.0180727762784,0.0,6.346046734429836,0.9914634227752686,0.0,0.0,0.13029849529266357,0.9939375519752502,0.0,0.0,0.10994607210159302,0.06367940756572249
258.3855717759512,397.1300233943605,0.0,6.370058723489882,0.9914345741271973,0.0,0.0,0.1305246502161026,0.9938136339187622,0.0,0.0,0.11106069386005402,-0.38539954511571645
258.9006316525249,395.23312362274976,0.0,6.400025590911559,0.9914078712463379,0.0,0.0,0.1307331919670105,0.9936944246292114,0.0,0.0,0.11212287098169327,0.0621659294131125
259.4188719650308,393.32565015508436,0.0,6.435800399623158,0.9913832545280457,0.0,0.0,0.13092567026615143,0.9935795664787292,0.0,0.0,0.11313521862030029,-0.3872063536365043
259.94064084203796,391.4062842238326,0.0,6.476018310554704,0.9913605451583862,0.0,0.0,0.13110332190990448,0.99346923828125,0.0,0.0,0.11410056799650192,0.06013472179030721
260.46617604693483,389.47411369643874,0.0,6.519307253931502,0.9913395643234253,0.0,0.0,0.13126718997955322,0.9933631420135498,0.0,0.0,0.11502048373222351,-0.3893926639080598
260.99560460524714,387.52863303508025,0.0,6.564295159978824,0.9913201928138733,0.0,0.0,0.13141819834709167,0.9932612180709839,0.0,0.0,0.11589739471673965,0.0578626053232707
261.528942472771,385.569743263401,0.0,6.609609958921978,0.9913022518157959,0.0,0.0,0.1315573751926422,0.9931632876396179,0.0,0.0,0.11673352122306824,-0.39168129011730995
262.06609424617153,383.5977519405249,0.0,6.653879580986245,0.9912858009338379,0.0,0.0,0.1316853165626526,0.9930692315101624,0.0,0.0,0.11753017455339432,0.05562676582507542
262.60685717044214,381.61335754209705,0.0,6.695784596531248,0.9912706613540649,0.0,0.0,0.13180291652679443,0.9929790496826172,0.0,0.0,0.11828955262899399,-0.3937977050438253
263.1509884472553,379.61740190571095,0.0,6.734840854766814,0.9912567734718323,0.0,0.0,0.13191057741641998,0.9928926825523376,0.0,0.0,0.11901265382766724,0.053654227530349874
263.6982592319091,377.6106721885083,0.0,6.771232467848252,0.9912440776824951,0.0,0.0,0.13200902938842773,0.9928052425384521,0.0,0.0,0.11970136314630508,-0.3956356653004636
264.2484562295717,375.593895331817,0.0,6.8051622629084045,0.9912325143814087,0.0,0.0,0.1320987194776535,0.9927219748497009,0.0,0.0,0.12035733461380005,0.05194060151721086
264.8013817761587,373.56773807144185,0.0,6.836833067080075,0.9912220239639282,0.0,0.0,0.13218000531196594,0.9926426410675049,0.0,0.0,0.12098199129104614,-0.3972352008646894
265.35685391382304,371.5328069470152,0.0,6.866447707496104,0.9912125468254089,0.0,0.0,0.132253497838974,0.9925670623779297,0.0,0.0,0.12157736718654633,0.05044491260731038
265.91470646061117,369.4896483103362,0.0,6.894209011289303,0.9912040829658508,0.0,0.0,0.13231928646564484,0.992495059967041,0.0,0.0,0.1221444383263588,-0.3986372869148509
266.4747890738839,367.4387483326429,0.0,6.920319805592506,0.9911965131759644,0.0,0.0,0.13237786293029785,0.9924265742301941,0.0,0.0,0.12268368899822235,0.04912618562230009
267.0369673071454,365.3805330107669,0.0,6.9449829175385265,0.9911898970603943,0.0,0.0,0.13242951035499573,0.9923613667488098,0.0,0.0,0.12319692969322205,-0.3998828986292964
267.60112265995946,363.3153681721208,0.0,6.9684011742602,0.9911841154098511,0.0,0.0,0.1324743926525116,0.9922993183135986,0.0,0.0,0.12368527054786682,0.04794344538383172
268.16715262067174,361.24355947848136,0.0,6.990777402890338,0.9911792278289795,0.0,0.0,0.13251270353794098,0.9922403693199158,0.0,0.0,0.12414926290512085,-0.40101301118637406
268.73497070168213,359.16535242852837,0.0,7.012314430561775,0.99117511510849,0.0,0.0,0.13254469633102417,0.9921844005584717,0.0,0.0,0.12458997219800949,0.046855716713557205
269.3045064670413,357.08093235910536,0.0,7.033215084407327,0.9911718368530273,0.0,0.0,0.13257041573524475,0.992131233215332,0.0,0.0,0.12500843405723572,-0.40206859976443227
269.8757055521623,354.9904244451798,0.0,7.053682191559824,0.9911693334579468,0.0,0.0,0.13259008526802063,0.9920807480812073,0.0,0.0,0.12540613114833832,0.04582202443312805
270.4485296754606,352.89389369845753,0.0,7.07391857915208,0.9911676049232483,0.0,0.0,0.13260377943515778,0.9920328259468079,0.0,0.0,0.12578347325325012,-0.4030906395418189
271.0229566417393,350.79134496464286,0.0,7.094127074316929,0.9911666512489319,0.0,0.0,0.13261166214942932,0.9919873476028442,0.0,0.0,0.12614141404628754,0.04480139336419625
271.5989803371513,348.682722919303,0.0,7.114510504187195,0.9911664724349976,0.0,0.0,0.13261368870735168,0.9919443726539612,0.0,0.0,0.12648022174835205,-0.40412010569688284
272.1766107155635,346.5679120623171,0.0,7.135271695895689,0.9911670684814453,0.0,0.0,0.13261008262634277,0.9919036626815796,0.0,0.0,0.12680087983608246,0.04375284832841375
272.7558737761535,344.4467367108771,0.0,7.156613476575251,0.9911683797836304,0.0,0.0,0.1326008290052414,0.9918652176856995,0.0,0.0,0.1271040141582489,-0.40519797340797187
273.33680821373446,342.31897314635404,0.0,7.178697663818648,0.9911704659461975,0.0,0.0,0.13258586823940277,0.9918289184570312,0.0,0.0,0.12739011645317078,0.042637485336323
273.9194519751859,340.18439873155774,0.0,7.201520338662774,0.9911733269691467,0.0,0.0,0.1325654685497284,0.9917946457862854,0.0,0.0,0.12766017019748688,-0.4063506337536348
274.5038388496089,338.04280431572295,0.0,7.2250357190196866,0.9911768436431885,0.0,0.0,0.1325395703315735,0.9917623400688171,0.0,0.0,0.1279146820306778,0.041449839863751614
275.0899984493213,335.8939942321242,0.0,7.249198022799784,0.9911811351776123,0.0,0.0,0.13250824809074402,0.9917320013046265,0.0,0.0,0.12815377116203308,-0.4075709521263669
275.6779561924895,333.737786295968,0.0,7.273961467913446,0.9911861419677734,0.0,0.0,0.1324714869260788,0.9917035698890686,0.0,0.0,0.1283784806728363,0.040199160817606994
276.26773328743514,331.5740118025522,0.0,7.29928027227107,0.9911918044090271,0.0,0.0,0.13242928683757782,0.9916769862174988,0.0,0.0,0.1285889744758606,-0.4088496796191762
276.8593467186511,329.4025155257155,0.0,7.3251086537830385,0.9911981821060181,0.0,0.0,0.13238166272640228,0.9916521310806274,0.0,0.0,0.12878553569316864,0.038894697104881304
277.4528092345731,327.22315571657487,0.0,7.351400830359753,0.9912052750587463,0.0,0.0,0.1323285698890686,0.9916290044784546,0.0,0.0,0.12896877527236938,-0.4101775673250708
278.04812933714794,325.03580410255614,0.0,7.378111019911587,0.9912130832672119,0.0,0.0,0.13227003812789917,0.9916074872016907,0.0,0.0,0.1291395127773285,0.03754569763256649
278.645311273245,322.84034588673984,0.0,7.405193440348942,0.9912216663360596,0.0,0.0,0.13220596313476562,0.9915876388549805,0.0,0.0,0.12929712235927582,-0.4115453663370585
279.24435502796314,320.63667974751195,0.0,7.432602309582198,0.9912309646606445,0.0,0.0,0.13213640451431274,0.9915693402290344,0.0,0.0,0.12944296002388,0.036161411307654545
279.84525631988095,318.424717838538,0.0,7.460291845521758,0.9912409782409668,0.0,0.0,0.13206131756305695,0.9915525317192078,0.0,0.0,0.12957695126533508,-0.41294382774814736
280.4480065983027,316.204385789076,0.0,7.488216266078001,0.9912517070770264,0.0,0.0,0.13198071718215942,0.9915371537208557,0.0,0.0,0.1296996772289276,0.03475108703713725
281.05259304255793,313.97562270461765,0.0,7.516329789161315,0.9912631511688232,0.0,0.0,0.13189449906349182,0.991523265838623,0.0,0.0,0.1298111081123352,-0.41436370265134503
281.65899856340644,311.7383811678882,0.0,7.544586632682097,0.9912753701210022,0.0,0.0,0.13180270791053772,0.991510808467865,0.0,0.0,0.12991145253181458,0.03332397372800683
282.26720180660504,309.4926272402014,0.0,7.572941014550725,0.9912883639335632,0.0,0.0,0.13170528411865234,0.991499662399292,0.0,0.0,0.13000130653381348,-0.41579574213965964
282.8771771586986,307.2383404631798,0.0,7.6013471526776035,0.9913020730018616,0.0,0.0,0.1316022127866745,0.9914898872375488,0.0,0.0,0.13008083403110504,0.03188932028725544
283.48889475508497,304.97551386085627,0.0,7.629759264973113,0.9913164973258972,0.0,0.0,0.131493479013443,0.9914814233779907,0.0,0.0,0.13015006482601166,-0.4172306973060995
284.10232049041844,302.70415394216013,0.0,7.6581315693476455,0.9913316965103149,0.0,0.0,0.1313789337873459,0.9914742708206177,0.0,0.0,0.13020916283130646,0.03045637562187503
284.71741603140714,300.42428070379935,0.0,7.686418283711584,0.99134761095047,0.0,0.0,0.13125862181186676,0.9914683699607849,0.0,0.0,0.13025863468647003,-0.41865931924367217
285.3341388320607,298.1359276335462,0.0,7.714573625975331,0.9913642406463623,0.0,0.0,0.13113248348236084,0.9914636611938477,0.0,0.0,0.13029885292053223,0.02903438863885749
285.95244215144703,295.8391417139425,0.0,7.742551814049262,0.9913816452026367,0.0,0.0,0.13100045919418335,0.9914602041244507,0.0,0.0,0.13032928109169006,-0.42007235904538587
286.57227507401325,293.53398342642254,0.0,7.770307065843779,0.9913997650146484,0.0,0.0,0.13086262345314026,0.9914578795433044,0.0,0.0,0.13035084307193756,0.027632608245195034
287.1935825325263,291.2205267558704,0.0,7.797793599269259,0.991418719291687,0.0,0.0,0.13071878254413605,0.9914567470550537,0.0,0.0,0.13036352396011353,-0.4214605678042485
287.8163053336854,288.8988591956169,0.0,7.824965632236102,0.9914383888244629,0.0,0.0,0.13056893646717072,0.9914567470550537,0.0,0.0,0.13036708533763885,0.02626028334787972
288.4403801864577,286.56908175288845,0.0,7.851777382654689,0.9914588332176208,0.0,0.0,0.13041317462921143,0.9914578795433044,0.0,0.0,0.13036206364631653,-0.42281469661326804
289.06573973318905,284.2313089547068,0.0,7.878183068435417,0.9914800524711609,0.0,0.0,0.13025136291980743,0.9914600849151611,0.0,0.0,0.13034842908382416,0.024926662853903547
289.69231258353375,281.88566885425456,0.0,7.9041369074886765,0.991502046585083,0.0,0.0,0.13008332252502441,0.9914634823799133,0.0,0.0,0.1303258091211319,-0.4241254965654529
290.3200233512472,279.53230303771556,0.0,7.929593117724847,0.9915248155593872,0.0,0.0,0.12990914285182953,0.9914678931236267,0.0,0.0,0.13029487431049347,0.023640995670258624
290.948792693887,277.1713666315846,0.0,7.954505917054325,0.9915483593940735,0.0,0.0,0.12972882390022278,0.9914733171463013,0.0,0.0,0.13025599718093872,-0.42538371875381037
291.57853735545433,274.8030283104646,0.0,7.978829523387497,0.9915726780891418,0.0,0.0,0.12954232096672058,0.9914798736572266,0.0,0.0,0.13020852208137512,0.022412530703936784
292.2091702120131,272.42747030534923,0.0,8.002518154634755,0.9915977716445923,0.0,0.0,0.12934966385364532,0.9914873838424683,0.0,0.0,0.13015347719192505,-0.4265801142713486
292.84060032031624,270.0448884124003,0.0,8.025526028706485,0.9916236400604248,0.0,0.0,0.12915068864822388,0.9914959669113159,0.0,0.0,0.13009010255336761,0.021250516861930135
293.4727329694639,267.65549200221614,0.0,8.047807363513085,0.9916502833366394,0.0,0.0,0.12894535064697266,0.9915056228637695,0.0,0.0,0.13001859188079834,-0.4277054342110759
294.10547036073234,265.25950166029014,0.0,8.069324356095379,0.9916777014732361,0.0,0.0,0.12873364984989166,0.9915162324905396,0.0,0.0,0.12993937730789185,0.020163800064844584
294.73871563173554,262.8571341132745,0.0,8.090089993788487,0.9917058944702148,0.0,0.0,0.12851554155349731,0.9915278553962708,0.0,0.0,0.12985238432884216,-0.42875420379153584
295.37237442912436,260.44859631685193,0.0,8.110137179877594,0.9917348623275757,0.0,0.0,0.12829099595546722,0.9915404319763184,0.0,0.0,0.12975743412971497,0.0191513159189301
296.00635491505966,258.0340854417383,0.0,8.129498864463415,0.9917646646499634,0.0,0.0,0.12806004285812378,0.9915539622306824,0.0,0.0,0.1296548992395401,-0.42973206664940555
296.64056776831137,255.61378887330267,0.0,8.148207997646654,0.9917952418327332,0.0,0.0,0.12782251834869385,0.9915685057640076,0.0,0.0,0.12954479455947876,0.018206410202604828
297.27492618363175,253.18788421090488,0.0,8.166297529528027,0.9918265342712402,0.0,0.0,0.127578467130661,0.9915840029716492,0.0,0.0,0.12942706048488617,-0.430645679370687
297.9093458693791,250.7565392669415,0.0,8.183800410208239,0.9918586015701294,0.0,0.0,0.12732787430286407,0.9916004538536072,0.0,0.0,0.12930159270763397,0.017322426329866858
298.54374504335965,248.31991206560008,0.0,8.200749589787996,0.9918914437294006,0.0,0.0,0.12707066535949707,0.9916178584098816,0.0,0.0,0.12916867434978485,-0.43150169854138176
299.1780444268687,245.87815084131606,0.0,8.217178018368013,0.991925060749054,0.0,0.0,0.12680688500404358,0.9916360974311829,0.0,0.0,0.12902848422527313,0.01649270771471445
299.81216723690267,243.43139403692635,0.0,8.233118646048986,0.9919595122337341,0.0,0.0,0.12653645873069763,0.9916553497314453,0.0,0.0,0.1288805454969406,-0.4323067807474915
300.44603917652125,240.97977030152504,0.0,8.24860442293164,0.9919947385787964,0.0,0.0,0.12625934183597565,0.9916754961013794,0.0,0.0,0.1287253051996231,0.015710597771146084
301.07958842334097,238.52339848800582,0.0,8.263668299116668,0.992030680179596,0.0,0.0,0.12597553431987762,0.9916965365409851,0.0,0.0,0.12856289744377136,-0.4330675825750182
301.71274561613706,236.06238765029835,0.0,8.278343224704788,0.9920673966407776,0.0,0.0,0.1256849765777588,0.9917184114456177,0.0,0.0,0.12839333713054657,0.014969439913160243
302.3454438395361,233.59683704028964,0.0,8.292662149796703,0.9921048879623413,0.0,0.0,0.12538763880729675,0.9917412400245667,0.0,0.0,0.12821635603904724,-0.43379076060996336
302.97761860678065,231.12683610443233,0.0,8.30665802449313,0.9921431541442871,0.0,0.0,0.12508349120616913,0.9917649626731873,0.0,0.0,0.12803180515766144,0.014262577554754796
303.60920784054906,228.65246448003313,0.0,8.32036379889477,0.992182195186615,0.0,0.0,0.12477251887321472,0.9917895793914795,0.0,0.0,0.12783990800380707,-0.434482971438329
304.2401518518132,226.1737919912178,0.0,8.33381242310233,0.9922219514846802,0.0,0.0,0.12445475161075592,0.9918150305747986,0.0,0.0,0.12764093279838562,0.013583354109928503
304.870393316715,223.69087864457887,0.0,8.347036847216526,0.9922624230384827,0.0,0.0,0.12413007020950317,0.9918414354324341,0.0,0.0,0.12743455171585083,-0.4351508716461166
305.49987725144894,221.20377462449343,0.0,8.36007002133806,0.992303729057312,0.0,0.0,0.12379850447177887,0.9918686747550964,0.0,0.0,0.1272209882736206,0.012925112992679233
306.12855098513086,218.71252028811074,0.0,8.372944895567642,0.9923456907272339,0.0,0.0,0.12346001714468002,0.9918967485427856,0.0,0.0,0.12700040638446808,-0.4358011178193278
306.7563641306379,216.21714616001324,0.0,8.385694420005985,0.9923884272575378,0.0,0.0,0.12311451137065887,0.9919257164001465,0.0,0.0,0.12677238881587982,0.012281197617005357
307.3832685534022,213.71767292653993,0.0,8.398351544753792,0.9924318790435791,0.0,0.0,0.12276206165552139,0.9919555187225342,0.0,0.0,0.12653717398643494,-0.4364403665439645
308.0092183381396,211.2141114297781,0.0,8.410949219911775,0.9924761056900024,0.0,0.0,0.12240251898765564,0.991986095905304,0.0,0.0,0.12629510462284088,0.01164495139690519
308.634169753499,208.70646266120752,0.0,8.42352039558064,0.9925210475921631,0.0,0.0,0.12203597277402878,0.9920175671577454,0.0,0.0,0.12604570388793945,-0.4370752744060284
309.2580812146087,206.19471775501205,0.0,8.436098021861095,0.9925667643547058,0.0,0.0,0.12166224420070648,0.9920498132705688,0.0,0.0,0.125789076089859,0.011009717746377157
309.88091324350523,203.67885798103694,0.0,8.44871504885385,0.9926131963729858,0.0,0.0,0.12128136307001114,0.9920828938484192,0.0,0.0,0.12552525103092194,-0.4377124979915211
310.5026284274189,201.15885473740252,0.0,8.461404426659614,0.9926602840423584,0.0,0.0,0.12089336663484573,0.9921167492866516,0.0,0.0,0.125254288315773,0.010368840079419461
311.12319137489857,198.6346695427656,0.0,8.474199105379098,0.992708146572113,0.0,0.0,0.12049808353185654,0.9921514987945557,0.0,0.0,0.12497590482234955,-0.4383586938864446
311.74256866974935,196.10625402822245,0.0,8.487132035113003,0.992756724357605,0.0,0.0,0.12009558826684952,0.9921870231628418,0.0,0.0,0.12469074875116348,0.009715661810030307
312.36072882276096,193.57354992884913,0.0,8.500236165962045,0.9928059577941895,0.0,0.0,0.11968580633401871,0.99222332239151,0.0,0.0,0.12439840286970139,-0.43902051867680025
312.97764222119685,191.03648907488417,0.0,8.513544448026924,0.992855966091156,0.0,0.0,0.11926858127117157,0.9922603964805603,0.0,0.0,0.12409887462854385,0.009043526352208175
313.59328107601937,188.49499338253693,0.0,8.52708983140836,0.9929066896438599,0.0,0.0,0.11884390562772751,0.9922982454299927,0.0,0.0,0.12379176914691925,-0.4397046289485899
314.2076193668187,185.9489748444213,0.0,8.54090526620705,0.9929580688476562,0.0,0.0,0.1184118315577507,0.9923369288444519,0.0,0.0,0.12347763776779175,0.008345777119951048
314.8206327844121,183.39833551961163,0.0,8.555023702523714,0.9930101037025452,0.0,0.0,0.11797235161066055,0.9923763275146484,0.0,0.0,0.12315639108419418,-0.4404176812878154
315.43229867108016,180.8429675233125,0.0,8.569478090459048,0.9930628538131714,0.0,0.0,0.11752522736787796,0.992416501045227,0.0,0.0,0.12282788008451462,0.007615757527257405
316.04259595840233,178.2827530161367,0.0,8.584301380113773,0.9931163191795349,0.0,0.0,0.11707054823637009,0.9924575090408325,0.0,0.0,0.1224919930100441,-0.44116633228047825
316.6515051026495,175.7175641929848,0.0,8.599526521588585,0.993170440196991,0.0,0.0,0.11660822480916977,0.9924992918968201,0.0,0.0,0.12214861065149307,0.006846810988125507
317.25900801769365,173.1472632715179,0.0,8.615186464984202,0.9932252168655396,0.0,0.0,0.1161382719874382,0.9925417900085449,0.0,0.0,0.12179813534021378,-0.4419572385125801
317.865088005385,170.57170248021836,0.0,8.631314160401333,0.9932806491851807,0.0,0.0,0.11566061526536942,0.9925850033760071,0.0,0.0,0.12144013494253159,0.006032280916553279
318.4697296833499,167.9907240460295,0.0,8.647942557940677,0.9933367371559143,0.0,0.0,0.11517520248889923,0.9926289916038513,0.0,0.0,0.12107496708631516,-0.44279705657012286
319.0729189101544,165.40416018156287,0.0,8.66510460770295,0.9933934807777405,0.0,0.0,0.1146819144487381,0.9926736950874329,0.0,0.0,0.12070243060588837,0.005165510726539535
319.6746427077787,162.81183307186774,0.0,8.68283325978886,0.9934508800506592,0.0,0.0,0.11418082565069199,0.9927191734313965,0.0,0.0,0.12032235413789749,-0.4436924430391082
320.27488809008844,160.2135595958233,0.0,8.701145608869158,0.9935089945793152,0.0,0.0,0.11367181688547134,0.9927654266357422,0.0,0.0,0.11993462592363358,0.004240644611372968
320.8736356147905,157.60917918194266,0.0,8.719965459434455,0.993567705154419,0.0,0.0,0.11315488815307617,0.9928123950958252,0.0,0.0,0.11953949928283691,-0.44464294054240605
321.4708571589267,154.99856398467654,0.0,8.73918260924889,0.9936270117759705,0.0,0.0,0.11263005435466766,0.9928600788116455,0.0,0.0,0.1191367506980896,0.003270081489431864
322.0665160713099,152.38161892654324,0.0,8.758686806674191,0.9936869144439697,0.0,0.0,0.11209717392921448,0.9929084777832031,0.0,0.0,0.11872619390487671,-0.4456280010184314
322.6605673363574,149.7582817268147,0.0,8.778367800072107,0.9937474727630615,0.0,0.0,0.11155641078948975,0.992957592010498,0.0,0.0,0.11830832064151764,0.0022760919238805633
323.2529577460392,147.12852293152605,0.0,8.798115337804367,0.9938085675239563,0.0,0.0,0.11100758612155914,0.9930074214935303,0.0,0.0,0.11788254231214523,-0.44662535140894954
323.8436260800768,144.49234594483522,0.0,8.817819168232718,0.9938703179359436,0.0,0.0,0.11045069992542267,0.9930579662322998,0.0,0.0,0.11744922399520874,0.001280948972953666
324.4325032945103,141.84978706174837,0.0,8.837369039718887,0.9939326047897339,0.0,0.0,0.10988575965166092,0.9931091070175171,0.0,0.0,0.11700845509767532,-0.4476127186557257
325.0195127187425,139.20091550223123,0.0,8.85665470062462,0.9939953684806824,0.0,0.0,0.10931283235549927,0.9931610226631165,0.0,0.0,0.11655962467193604,0.0003069256948863286
325.60457026114415,136.54583344671937,0.0,8.875565899311647,0.9940563440322876,0.0,0.0,0.10875469446182251,0.9932135939598083,0.0,0.0,0.11610295623540878,-0.44856782970052506
326.1875846232901,133.8846760730393,0.0,8.893992384141715,0.9941157102584839,0.0,0.0,0.10820949077606201,0.9932668805122375,0.0,0.0,0.11563824862241745,-0.0006237048520867927
326.76845752287187,131.21761159473965,0.0,8.911823903476561,0.9941735863685608,0.0,0.0,0.10767540335655212,0.9933208227157593,0.0,0.0,0.11516586691141129,-0.44946841148511324
327.34708392530945,128.54484130084748,0.0,8.92895020567791,0.9942302107810974,0.0,0.0,0.10715099424123764,0.9933754205703735,0.0,0.0,0.11468539386987686,-0.0014886696097307084
327.9233522840594,125.86659959703726,0.0,8.945261039107518,0.9942857027053833,0.0,0.0,0.10663486272096634,0.9934306740760803,0.0,0.0,0.11419706791639328,-0.450292190951255
328.4971447895888,123.18315404821524,0.0,8.960646152127103,0.9943402409553528,0.0,0.0,0.10612574964761734,0.9934865832328796,0.0,0.0,0.11370091885328293,-0.002265695519810762
329.06833762695663,120.49480542249924,0.0,8.974995293098422,0.9943939447402954,0.0,0.0,0.1056222915649414,0.9935430884361267,0.0,0.0,0.1131967306137085,-0.45101689504071557
329.6368012419107,117.80188773658328,0.0,8.988198210383201,0.9944468140602112,0.0,0.0,0.10512374341487885,0.9936002492904663,0.0,0.0,0.11268432438373566,-0.002932509524092519
330.202400615375,115.10476830246735,0.0,9.000144652343181,0.9944990873336792,0.0,0.0,0.10462890565395355,0.9936580061912537,0.0,0.0,0.11216414719820023,-0.4516202506952601
330.7649955461689,112.40384777551773,0.0,9.010724367340101,0.9945507645606995,0.0,0.0,0.10413724929094315,0.9937164187431335,0.0,0.0,0.11163557320833206,-0.0034668385643409905
331.3244409417619,109.69956020382384,0.0,9.019827103735697,0.9946019649505615,0.0,0.0,0.10364790260791779,0.9937753677368164,0.0,0.0,0.11109914630651474,-0.45207998485665374
331.88058711682265,106.99237307882234,0.0,9.027342609891708,0.9946527481079102,0.0,0.0,0.10316014289855957,0.9938349723815918,0.0,0.0,0.11055434495210648,-0.0038464095823214084
332.43328009928996,104.28278738712447,0.0,9.033160634169871,0.9947031736373901,0.0,0.0,0.1026734933257103,0.9938951134681702,0.0,0.0,0.11000178009271622,-0.4523738244666619
332.9823619436395,101.57133766350474,0.0,9.037170924931925,0.9947533011436462,0.0,0.0,0.10218758881092072,0.9939557909965515,0.0,0.0,0.10944101214408875,-0.0040489495197988945
333.5276710509811,98.85859204498215,0.0,9.039263230539607,0.9948031902313232,0.0,0.0,0.10170197486877441,0.9940218329429626,0.0,0.0,0.10887269675731659,-0.45247949646704994
334.069042495573,96.14515232592358,0.0,9.039327299354653,0.9948527812957764,0.0,0.0,0.10121621936559677,0.9940880537033081,0.0,0.0,0.10829675197601318,-0.004052185318538626
334.6063083572863,93.43165401409757,0.0,9.037252879738805,0.9949022531509399,0.0,0.0,0.1007295697927475,0.9941498041152954,0.0,0.0,0.10771173983812332,-0.4523747277995828
335.1392980595091,90.71876638758056,0.0,9.032929720053799,0.9949515461921692,0.0,0.0,0.10024232417345047,0.9942169189453125,0.0,0.0,0.10711950808763504,-0.0038338439203060015
335.6678387119189,88.00719255243065,0.0,9.02624756866137,0.9950006604194641,0.0,0.0,0.0997539758682251,0.9942781925201416,0.0,0.0,0.10653147846460342,-0.45203724540602586
336.1917554575024,85.29766950101914,0.0,9.017096173923257,0.9959498643875122,0.0,0.0,0.08980704098939896,0.9948355555534363,0.0,0.0,0.10122375935316086,-0.0033716522668658655
